[2026-04-09T03:53:39.259+0000] {processor.py:161} INFO - Started process (PID=67) to work on /home/airflow/.local/lib/python3.8/site-packages/airflow/example_dags/example_branch_day_of_week_operator.py
[2026-04-09T03:53:39.260+0000] {processor.py:830} INFO - Processing file /home/airflow/.local/lib/python3.8/site-packages/airflow/example_dags/example_branch_day_of_week_operator.py for tasks to queue
[2026-04-09T03:53:39.261+0000] {logging_mixin.py:188} INFO - [2026-04-09T03:53:39.261+0000] {dagbag.py:538} INFO - Filling up the DagBag from /home/airflow/.local/lib/python3.8/site-packages/airflow/example_dags/example_branch_day_of_week_operator.py
[2026-04-09T03:53:39.269+0000] {processor.py:840} INFO - DAG(s) 'example_weekday_branch_operator' retrieved from /home/airflow/.local/lib/python3.8/site-packages/airflow/example_dags/example_branch_day_of_week_operator.py
[2026-04-09T03:53:39.279+0000] {logging_mixin.py:188} INFO - [2026-04-09T03:53:39.278+0000] {dag.py:3036} INFO - Sync 1 DAGs
[2026-04-09T03:53:39.296+0000] {logging_mixin.py:188} INFO - [2026-04-09T03:53:39.295+0000] {dag.py:3823} INFO - Setting next_dagrun for example_weekday_branch_operator to 2026-04-08 00:00:00+00:00, run_after=2026-04-09 00:00:00+00:00
[2026-04-09T03:53:39.310+0000] {processor.py:183} INFO - Processing /home/airflow/.local/lib/python3.8/site-packages/airflow/example_dags/example_branch_day_of_week_operator.py took 0.053 seconds
[2026-04-09T03:54:10.260+0000] {processor.py:161} INFO - Started process (PID=123) to work on /home/airflow/.local/lib/python3.8/site-packages/airflow/example_dags/example_branch_day_of_week_operator.py
[2026-04-09T03:54:10.261+0000] {processor.py:830} INFO - Processing file /home/airflow/.local/lib/python3.8/site-packages/airflow/example_dags/example_branch_day_of_week_operator.py for tasks to queue
[2026-04-09T03:54:10.263+0000] {logging_mixin.py:188} INFO - [2026-04-09T03:54:10.263+0000] {dagbag.py:538} INFO - Filling up the DagBag from /home/airflow/.local/lib/python3.8/site-packages/airflow/example_dags/example_branch_day_of_week_operator.py
[2026-04-09T03:54:10.269+0000] {processor.py:840} INFO - DAG(s) 'example_weekday_branch_operator' retrieved from /home/airflow/.local/lib/python3.8/site-packages/airflow/example_dags/example_branch_day_of_week_operator.py
[2026-04-09T03:54:10.354+0000] {logging_mixin.py:188} INFO - [2026-04-09T03:54:10.354+0000] {dag.py:3036} INFO - Sync 1 DAGs
[2026-04-09T03:54:10.372+0000] {logging_mixin.py:188} INFO - [2026-04-09T03:54:10.372+0000] {dag.py:3823} INFO - Setting next_dagrun for example_weekday_branch_operator to 2026-04-08 00:00:00+00:00, run_after=2026-04-09 00:00:00+00:00
[2026-04-09T03:54:10.388+0000] {processor.py:183} INFO - Processing /home/airflow/.local/lib/python3.8/site-packages/airflow/example_dags/example_branch_day_of_week_operator.py took 0.130 seconds
[2026-04-09T03:54:40.528+0000] {processor.py:161} INFO - Started process (PID=179) to work on /home/airflow/.local/lib/python3.8/site-packages/airflow/example_dags/example_branch_day_of_week_operator.py
[2026-04-09T03:54:40.529+0000] {processor.py:830} INFO - Processing file /home/airflow/.local/lib/python3.8/site-packages/airflow/example_dags/example_branch_day_of_week_operator.py for tasks to queue
[2026-04-09T03:54:40.530+0000] {logging_mixin.py:188} INFO - [2026-04-09T03:54:40.530+0000] {dagbag.py:538} INFO - Filling up the DagBag from /home/airflow/.local/lib/python3.8/site-packages/airflow/example_dags/example_branch_day_of_week_operator.py
[2026-04-09T03:54:40.536+0000] {processor.py:840} INFO - DAG(s) 'example_weekday_branch_operator' retrieved from /home/airflow/.local/lib/python3.8/site-packages/airflow/example_dags/example_branch_day_of_week_operator.py
[2026-04-09T03:54:40.552+0000] {logging_mixin.py:188} INFO - [2026-04-09T03:54:40.552+0000] {dag.py:3036} INFO - Sync 1 DAGs
[2026-04-09T03:54:40.568+0000] {logging_mixin.py:188} INFO - [2026-04-09T03:54:40.568+0000] {dag.py:3823} INFO - Setting next_dagrun for example_weekday_branch_operator to 2026-04-08 00:00:00+00:00, run_after=2026-04-09 00:00:00+00:00
[2026-04-09T03:54:40.580+0000] {processor.py:183} INFO - Processing /home/airflow/.local/lib/python3.8/site-packages/airflow/example_dags/example_branch_day_of_week_operator.py took 0.054 seconds
[2026-04-09T03:55:11.385+0000] {processor.py:161} INFO - Started process (PID=246) to work on /home/airflow/.local/lib/python3.8/site-packages/airflow/example_dags/example_branch_day_of_week_operator.py
[2026-04-09T03:55:11.386+0000] {processor.py:830} INFO - Processing file /home/airflow/.local/lib/python3.8/site-packages/airflow/example_dags/example_branch_day_of_week_operator.py for tasks to queue
[2026-04-09T03:55:11.388+0000] {logging_mixin.py:188} INFO - [2026-04-09T03:55:11.388+0000] {dagbag.py:538} INFO - Filling up the DagBag from /home/airflow/.local/lib/python3.8/site-packages/airflow/example_dags/example_branch_day_of_week_operator.py
[2026-04-09T03:55:11.399+0000] {processor.py:840} INFO - DAG(s) 'example_weekday_branch_operator' retrieved from /home/airflow/.local/lib/python3.8/site-packages/airflow/example_dags/example_branch_day_of_week_operator.py
[2026-04-09T03:55:11.432+0000] {logging_mixin.py:188} INFO - [2026-04-09T03:55:11.431+0000] {dag.py:3036} INFO - Sync 1 DAGs
[2026-04-09T03:55:11.465+0000] {logging_mixin.py:188} INFO - [2026-04-09T03:55:11.464+0000] {dag.py:3823} INFO - Setting next_dagrun for example_weekday_branch_operator to 2026-04-08 00:00:00+00:00, run_after=2026-04-09 00:00:00+00:00
[2026-04-09T03:55:11.490+0000] {processor.py:183} INFO - Processing /home/airflow/.local/lib/python3.8/site-packages/airflow/example_dags/example_branch_day_of_week_operator.py took 0.109 seconds
[2026-04-09T03:55:41.591+0000] {processor.py:161} INFO - Started process (PID=302) to work on /home/airflow/.local/lib/python3.8/site-packages/airflow/example_dags/example_branch_day_of_week_operator.py
[2026-04-09T03:55:41.591+0000] {processor.py:830} INFO - Processing file /home/airflow/.local/lib/python3.8/site-packages/airflow/example_dags/example_branch_day_of_week_operator.py for tasks to queue
[2026-04-09T03:55:41.593+0000] {logging_mixin.py:188} INFO - [2026-04-09T03:55:41.593+0000] {dagbag.py:538} INFO - Filling up the DagBag from /home/airflow/.local/lib/python3.8/site-packages/airflow/example_dags/example_branch_day_of_week_operator.py
[2026-04-09T03:55:41.598+0000] {processor.py:840} INFO - DAG(s) 'example_weekday_branch_operator' retrieved from /home/airflow/.local/lib/python3.8/site-packages/airflow/example_dags/example_branch_day_of_week_operator.py
[2026-04-09T03:55:41.616+0000] {logging_mixin.py:188} INFO - [2026-04-09T03:55:41.616+0000] {dag.py:3036} INFO - Sync 1 DAGs
[2026-04-09T03:55:41.633+0000] {logging_mixin.py:188} INFO - [2026-04-09T03:55:41.633+0000] {dag.py:3823} INFO - Setting next_dagrun for example_weekday_branch_operator to 2026-04-08 00:00:00+00:00, run_after=2026-04-09 00:00:00+00:00
[2026-04-09T03:55:41.645+0000] {processor.py:183} INFO - Processing /home/airflow/.local/lib/python3.8/site-packages/airflow/example_dags/example_branch_day_of_week_operator.py took 0.057 seconds
[2026-04-09T03:56:11.980+0000] {processor.py:161} INFO - Started process (PID=358) to work on /home/airflow/.local/lib/python3.8/site-packages/airflow/example_dags/example_branch_day_of_week_operator.py
[2026-04-09T03:56:11.981+0000] {processor.py:830} INFO - Processing file /home/airflow/.local/lib/python3.8/site-packages/airflow/example_dags/example_branch_day_of_week_operator.py for tasks to queue
[2026-04-09T03:56:11.982+0000] {logging_mixin.py:188} INFO - [2026-04-09T03:56:11.982+0000] {dagbag.py:538} INFO - Filling up the DagBag from /home/airflow/.local/lib/python3.8/site-packages/airflow/example_dags/example_branch_day_of_week_operator.py
[2026-04-09T03:56:11.988+0000] {processor.py:840} INFO - DAG(s) 'example_weekday_branch_operator' retrieved from /home/airflow/.local/lib/python3.8/site-packages/airflow/example_dags/example_branch_day_of_week_operator.py
[2026-04-09T03:56:12.005+0000] {logging_mixin.py:188} INFO - [2026-04-09T03:56:12.005+0000] {dag.py:3036} INFO - Sync 1 DAGs
[2026-04-09T03:56:12.021+0000] {logging_mixin.py:188} INFO - [2026-04-09T03:56:12.021+0000] {dag.py:3823} INFO - Setting next_dagrun for example_weekday_branch_operator to 2026-04-08 00:00:00+00:00, run_after=2026-04-09 00:00:00+00:00
[2026-04-09T03:56:12.034+0000] {processor.py:183} INFO - Processing /home/airflow/.local/lib/python3.8/site-packages/airflow/example_dags/example_branch_day_of_week_operator.py took 0.056 seconds
[2026-04-09T03:57:06.644+0000] {processor.py:161} INFO - Started process (PID=67) to work on /home/airflow/.local/lib/python3.8/site-packages/airflow/example_dags/example_branch_day_of_week_operator.py
[2026-04-09T03:57:06.644+0000] {processor.py:830} INFO - Processing file /home/airflow/.local/lib/python3.8/site-packages/airflow/example_dags/example_branch_day_of_week_operator.py for tasks to queue
[2026-04-09T03:57:06.646+0000] {logging_mixin.py:188} INFO - [2026-04-09T03:57:06.645+0000] {dagbag.py:538} INFO - Filling up the DagBag from /home/airflow/.local/lib/python3.8/site-packages/airflow/example_dags/example_branch_day_of_week_operator.py
[2026-04-09T03:57:06.653+0000] {processor.py:840} INFO - DAG(s) 'example_weekday_branch_operator' retrieved from /home/airflow/.local/lib/python3.8/site-packages/airflow/example_dags/example_branch_day_of_week_operator.py
[2026-04-09T03:57:06.663+0000] {logging_mixin.py:188} INFO - [2026-04-09T03:57:06.663+0000] {dag.py:3036} INFO - Sync 1 DAGs
[2026-04-09T03:57:06.680+0000] {logging_mixin.py:188} INFO - [2026-04-09T03:57:06.680+0000] {dag.py:3823} INFO - Setting next_dagrun for example_weekday_branch_operator to 2026-04-08 00:00:00+00:00, run_after=2026-04-09 00:00:00+00:00
[2026-04-09T03:57:06.694+0000] {processor.py:183} INFO - Processing /home/airflow/.local/lib/python3.8/site-packages/airflow/example_dags/example_branch_day_of_week_operator.py took 0.053 seconds
[2026-04-09T03:57:37.240+0000] {processor.py:161} INFO - Started process (PID=123) to work on /home/airflow/.local/lib/python3.8/site-packages/airflow/example_dags/example_branch_day_of_week_operator.py
[2026-04-09T03:57:37.241+0000] {processor.py:830} INFO - Processing file /home/airflow/.local/lib/python3.8/site-packages/airflow/example_dags/example_branch_day_of_week_operator.py for tasks to queue
[2026-04-09T03:57:37.242+0000] {logging_mixin.py:188} INFO - [2026-04-09T03:57:37.242+0000] {dagbag.py:538} INFO - Filling up the DagBag from /home/airflow/.local/lib/python3.8/site-packages/airflow/example_dags/example_branch_day_of_week_operator.py
[2026-04-09T03:57:37.248+0000] {processor.py:840} INFO - DAG(s) 'example_weekday_branch_operator' retrieved from /home/airflow/.local/lib/python3.8/site-packages/airflow/example_dags/example_branch_day_of_week_operator.py
[2026-04-09T03:57:37.322+0000] {logging_mixin.py:188} INFO - [2026-04-09T03:57:37.322+0000] {dag.py:3036} INFO - Sync 1 DAGs
[2026-04-09T03:57:37.336+0000] {logging_mixin.py:188} INFO - [2026-04-09T03:57:37.335+0000] {dag.py:3823} INFO - Setting next_dagrun for example_weekday_branch_operator to 2026-04-08 00:00:00+00:00, run_after=2026-04-09 00:00:00+00:00
[2026-04-09T03:57:37.347+0000] {processor.py:183} INFO - Processing /home/airflow/.local/lib/python3.8/site-packages/airflow/example_dags/example_branch_day_of_week_operator.py took 0.109 seconds
[2026-04-09T03:58:07.793+0000] {processor.py:161} INFO - Started process (PID=179) to work on /home/airflow/.local/lib/python3.8/site-packages/airflow/example_dags/example_branch_day_of_week_operator.py
[2026-04-09T03:58:07.794+0000] {processor.py:830} INFO - Processing file /home/airflow/.local/lib/python3.8/site-packages/airflow/example_dags/example_branch_day_of_week_operator.py for tasks to queue
[2026-04-09T03:58:07.795+0000] {logging_mixin.py:188} INFO - [2026-04-09T03:58:07.795+0000] {dagbag.py:538} INFO - Filling up the DagBag from /home/airflow/.local/lib/python3.8/site-packages/airflow/example_dags/example_branch_day_of_week_operator.py
[2026-04-09T03:58:07.801+0000] {processor.py:840} INFO - DAG(s) 'example_weekday_branch_operator' retrieved from /home/airflow/.local/lib/python3.8/site-packages/airflow/example_dags/example_branch_day_of_week_operator.py
[2026-04-09T03:58:07.820+0000] {logging_mixin.py:188} INFO - [2026-04-09T03:58:07.819+0000] {dag.py:3036} INFO - Sync 1 DAGs
[2026-04-09T03:58:07.840+0000] {logging_mixin.py:188} INFO - [2026-04-09T03:58:07.840+0000] {dag.py:3823} INFO - Setting next_dagrun for example_weekday_branch_operator to 2026-04-08 00:00:00+00:00, run_after=2026-04-09 00:00:00+00:00
[2026-04-09T03:58:07.854+0000] {processor.py:183} INFO - Processing /home/airflow/.local/lib/python3.8/site-packages/airflow/example_dags/example_branch_day_of_week_operator.py took 0.063 seconds
[2026-04-09T03:58:38.350+0000] {processor.py:161} INFO - Started process (PID=245) to work on /home/airflow/.local/lib/python3.8/site-packages/airflow/example_dags/example_branch_day_of_week_operator.py
[2026-04-09T03:58:38.351+0000] {processor.py:830} INFO - Processing file /home/airflow/.local/lib/python3.8/site-packages/airflow/example_dags/example_branch_day_of_week_operator.py for tasks to queue
[2026-04-09T03:58:38.352+0000] {logging_mixin.py:188} INFO - [2026-04-09T03:58:38.352+0000] {dagbag.py:538} INFO - Filling up the DagBag from /home/airflow/.local/lib/python3.8/site-packages/airflow/example_dags/example_branch_day_of_week_operator.py
[2026-04-09T03:58:38.357+0000] {processor.py:840} INFO - DAG(s) 'example_weekday_branch_operator' retrieved from /home/airflow/.local/lib/python3.8/site-packages/airflow/example_dags/example_branch_day_of_week_operator.py
[2026-04-09T03:58:38.374+0000] {logging_mixin.py:188} INFO - [2026-04-09T03:58:38.373+0000] {dag.py:3036} INFO - Sync 1 DAGs
[2026-04-09T03:58:38.390+0000] {logging_mixin.py:188} INFO - [2026-04-09T03:58:38.390+0000] {dag.py:3823} INFO - Setting next_dagrun for example_weekday_branch_operator to 2026-04-08 00:00:00+00:00, run_after=2026-04-09 00:00:00+00:00
[2026-04-09T03:58:38.401+0000] {processor.py:183} INFO - Processing /home/airflow/.local/lib/python3.8/site-packages/airflow/example_dags/example_branch_day_of_week_operator.py took 0.054 seconds
[2026-04-09T03:59:08.543+0000] {processor.py:161} INFO - Started process (PID=301) to work on /home/airflow/.local/lib/python3.8/site-packages/airflow/example_dags/example_branch_day_of_week_operator.py
[2026-04-09T03:59:08.544+0000] {processor.py:830} INFO - Processing file /home/airflow/.local/lib/python3.8/site-packages/airflow/example_dags/example_branch_day_of_week_operator.py for tasks to queue
[2026-04-09T03:59:08.545+0000] {logging_mixin.py:188} INFO - [2026-04-09T03:59:08.545+0000] {dagbag.py:538} INFO - Filling up the DagBag from /home/airflow/.local/lib/python3.8/site-packages/airflow/example_dags/example_branch_day_of_week_operator.py
[2026-04-09T03:59:08.550+0000] {processor.py:840} INFO - DAG(s) 'example_weekday_branch_operator' retrieved from /home/airflow/.local/lib/python3.8/site-packages/airflow/example_dags/example_branch_day_of_week_operator.py
[2026-04-09T03:59:08.569+0000] {logging_mixin.py:188} INFO - [2026-04-09T03:59:08.568+0000] {dag.py:3036} INFO - Sync 1 DAGs
[2026-04-09T03:59:08.590+0000] {logging_mixin.py:188} INFO - [2026-04-09T03:59:08.590+0000] {dag.py:3823} INFO - Setting next_dagrun for example_weekday_branch_operator to 2026-04-08 00:00:00+00:00, run_after=2026-04-09 00:00:00+00:00
[2026-04-09T03:59:08.605+0000] {processor.py:183} INFO - Processing /home/airflow/.local/lib/python3.8/site-packages/airflow/example_dags/example_branch_day_of_week_operator.py took 0.065 seconds
[2026-04-09T03:59:39.582+0000] {processor.py:161} INFO - Started process (PID=357) to work on /home/airflow/.local/lib/python3.8/site-packages/airflow/example_dags/example_branch_day_of_week_operator.py
[2026-04-09T03:59:39.583+0000] {processor.py:830} INFO - Processing file /home/airflow/.local/lib/python3.8/site-packages/airflow/example_dags/example_branch_day_of_week_operator.py for tasks to queue
[2026-04-09T03:59:39.585+0000] {logging_mixin.py:188} INFO - [2026-04-09T03:59:39.584+0000] {dagbag.py:538} INFO - Filling up the DagBag from /home/airflow/.local/lib/python3.8/site-packages/airflow/example_dags/example_branch_day_of_week_operator.py
[2026-04-09T03:59:39.590+0000] {processor.py:840} INFO - DAG(s) 'example_weekday_branch_operator' retrieved from /home/airflow/.local/lib/python3.8/site-packages/airflow/example_dags/example_branch_day_of_week_operator.py
[2026-04-09T03:59:39.607+0000] {logging_mixin.py:188} INFO - [2026-04-09T03:59:39.607+0000] {dag.py:3036} INFO - Sync 1 DAGs
[2026-04-09T03:59:39.624+0000] {logging_mixin.py:188} INFO - [2026-04-09T03:59:39.624+0000] {dag.py:3823} INFO - Setting next_dagrun for example_weekday_branch_operator to 2026-04-08 00:00:00+00:00, run_after=2026-04-09 00:00:00+00:00
[2026-04-09T03:59:39.637+0000] {processor.py:183} INFO - Processing /home/airflow/.local/lib/python3.8/site-packages/airflow/example_dags/example_branch_day_of_week_operator.py took 0.057 seconds
[2026-04-09T04:01:44.098+0000] {processor.py:161} INFO - Started process (PID=66) to work on /home/airflow/.local/lib/python3.8/site-packages/airflow/example_dags/example_branch_day_of_week_operator.py
[2026-04-09T04:01:44.099+0000] {processor.py:830} INFO - Processing file /home/airflow/.local/lib/python3.8/site-packages/airflow/example_dags/example_branch_day_of_week_operator.py for tasks to queue
[2026-04-09T04:01:44.100+0000] {logging_mixin.py:188} INFO - [2026-04-09T04:01:44.100+0000] {dagbag.py:538} INFO - Filling up the DagBag from /home/airflow/.local/lib/python3.8/site-packages/airflow/example_dags/example_branch_day_of_week_operator.py
[2026-04-09T04:01:44.108+0000] {processor.py:840} INFO - DAG(s) 'example_weekday_branch_operator' retrieved from /home/airflow/.local/lib/python3.8/site-packages/airflow/example_dags/example_branch_day_of_week_operator.py
[2026-04-09T04:01:44.118+0000] {logging_mixin.py:188} INFO - [2026-04-09T04:01:44.117+0000] {dag.py:3036} INFO - Sync 1 DAGs
[2026-04-09T04:01:44.138+0000] {logging_mixin.py:188} INFO - [2026-04-09T04:01:44.138+0000] {dag.py:3823} INFO - Setting next_dagrun for example_weekday_branch_operator to 2026-04-08 00:00:00+00:00, run_after=2026-04-09 00:00:00+00:00
[2026-04-09T04:01:44.156+0000] {processor.py:183} INFO - Processing /home/airflow/.local/lib/python3.8/site-packages/airflow/example_dags/example_branch_day_of_week_operator.py took 0.062 seconds
[2026-04-09T04:02:16.409+0000] {processor.py:161} INFO - Started process (PID=127) to work on /home/airflow/.local/lib/python3.8/site-packages/airflow/example_dags/example_branch_day_of_week_operator.py
[2026-04-09T04:02:16.410+0000] {processor.py:830} INFO - Processing file /home/airflow/.local/lib/python3.8/site-packages/airflow/example_dags/example_branch_day_of_week_operator.py for tasks to queue
[2026-04-09T04:02:16.413+0000] {logging_mixin.py:188} INFO - [2026-04-09T04:02:16.412+0000] {dagbag.py:538} INFO - Filling up the DagBag from /home/airflow/.local/lib/python3.8/site-packages/airflow/example_dags/example_branch_day_of_week_operator.py
[2026-04-09T04:02:16.422+0000] {processor.py:840} INFO - DAG(s) 'example_weekday_branch_operator' retrieved from /home/airflow/.local/lib/python3.8/site-packages/airflow/example_dags/example_branch_day_of_week_operator.py
[2026-04-09T04:02:16.546+0000] {logging_mixin.py:188} INFO - [2026-04-09T04:02:16.545+0000] {dag.py:3036} INFO - Sync 1 DAGs
[2026-04-09T04:02:16.570+0000] {logging_mixin.py:188} INFO - [2026-04-09T04:02:16.569+0000] {dag.py:3823} INFO - Setting next_dagrun for example_weekday_branch_operator to 2026-04-08 00:00:00+00:00, run_after=2026-04-09 00:00:00+00:00
[2026-04-09T04:02:16.595+0000] {processor.py:183} INFO - Processing /home/airflow/.local/lib/python3.8/site-packages/airflow/example_dags/example_branch_day_of_week_operator.py took 0.190 seconds
[2026-04-09T04:04:42.736+0000] {processor.py:161} INFO - Started process (PID=67) to work on /home/airflow/.local/lib/python3.8/site-packages/airflow/example_dags/example_branch_day_of_week_operator.py
[2026-04-09T04:04:42.737+0000] {processor.py:830} INFO - Processing file /home/airflow/.local/lib/python3.8/site-packages/airflow/example_dags/example_branch_day_of_week_operator.py for tasks to queue
[2026-04-09T04:04:42.738+0000] {logging_mixin.py:188} INFO - [2026-04-09T04:04:42.738+0000] {dagbag.py:538} INFO - Filling up the DagBag from /home/airflow/.local/lib/python3.8/site-packages/airflow/example_dags/example_branch_day_of_week_operator.py
[2026-04-09T04:04:42.746+0000] {processor.py:840} INFO - DAG(s) 'example_weekday_branch_operator' retrieved from /home/airflow/.local/lib/python3.8/site-packages/airflow/example_dags/example_branch_day_of_week_operator.py
[2026-04-09T04:04:42.757+0000] {logging_mixin.py:188} INFO - [2026-04-09T04:04:42.756+0000] {dag.py:3036} INFO - Sync 1 DAGs
[2026-04-09T04:04:42.775+0000] {logging_mixin.py:188} INFO - [2026-04-09T04:04:42.775+0000] {dag.py:3823} INFO - Setting next_dagrun for example_weekday_branch_operator to 2026-04-08 00:00:00+00:00, run_after=2026-04-09 00:00:00+00:00
[2026-04-09T04:04:42.791+0000] {processor.py:183} INFO - Processing /home/airflow/.local/lib/python3.8/site-packages/airflow/example_dags/example_branch_day_of_week_operator.py took 0.057 seconds
[2026-04-09T04:05:14.388+0000] {processor.py:161} INFO - Started process (PID=129) to work on /home/airflow/.local/lib/python3.8/site-packages/airflow/example_dags/example_branch_day_of_week_operator.py
[2026-04-09T04:05:14.389+0000] {processor.py:830} INFO - Processing file /home/airflow/.local/lib/python3.8/site-packages/airflow/example_dags/example_branch_day_of_week_operator.py for tasks to queue
[2026-04-09T04:05:14.390+0000] {logging_mixin.py:188} INFO - [2026-04-09T04:05:14.390+0000] {dagbag.py:538} INFO - Filling up the DagBag from /home/airflow/.local/lib/python3.8/site-packages/airflow/example_dags/example_branch_day_of_week_operator.py
[2026-04-09T04:05:14.397+0000] {processor.py:840} INFO - DAG(s) 'example_weekday_branch_operator' retrieved from /home/airflow/.local/lib/python3.8/site-packages/airflow/example_dags/example_branch_day_of_week_operator.py
[2026-04-09T04:05:14.483+0000] {logging_mixin.py:188} INFO - [2026-04-09T04:05:14.483+0000] {dag.py:3036} INFO - Sync 1 DAGs
[2026-04-09T04:05:14.501+0000] {logging_mixin.py:188} INFO - [2026-04-09T04:05:14.501+0000] {dag.py:3823} INFO - Setting next_dagrun for example_weekday_branch_operator to 2026-04-08 00:00:00+00:00, run_after=2026-04-09 00:00:00+00:00
[2026-04-09T04:05:14.516+0000] {processor.py:183} INFO - Processing /home/airflow/.local/lib/python3.8/site-packages/airflow/example_dags/example_branch_day_of_week_operator.py took 0.131 seconds
[2026-04-09T04:05:44.900+0000] {processor.py:161} INFO - Started process (PID=185) to work on /home/airflow/.local/lib/python3.8/site-packages/airflow/example_dags/example_branch_day_of_week_operator.py
[2026-04-09T04:05:44.901+0000] {processor.py:830} INFO - Processing file /home/airflow/.local/lib/python3.8/site-packages/airflow/example_dags/example_branch_day_of_week_operator.py for tasks to queue
[2026-04-09T04:05:44.903+0000] {logging_mixin.py:188} INFO - [2026-04-09T04:05:44.902+0000] {dagbag.py:538} INFO - Filling up the DagBag from /home/airflow/.local/lib/python3.8/site-packages/airflow/example_dags/example_branch_day_of_week_operator.py
[2026-04-09T04:05:44.908+0000] {processor.py:840} INFO - DAG(s) 'example_weekday_branch_operator' retrieved from /home/airflow/.local/lib/python3.8/site-packages/airflow/example_dags/example_branch_day_of_week_operator.py
[2026-04-09T04:05:44.924+0000] {logging_mixin.py:188} INFO - [2026-04-09T04:05:44.924+0000] {dag.py:3036} INFO - Sync 1 DAGs
[2026-04-09T04:05:44.941+0000] {logging_mixin.py:188} INFO - [2026-04-09T04:05:44.940+0000] {dag.py:3823} INFO - Setting next_dagrun for example_weekday_branch_operator to 2026-04-08 00:00:00+00:00, run_after=2026-04-09 00:00:00+00:00
[2026-04-09T04:05:44.954+0000] {processor.py:183} INFO - Processing /home/airflow/.local/lib/python3.8/site-packages/airflow/example_dags/example_branch_day_of_week_operator.py took 0.056 seconds
[2026-04-09T04:06:16.091+0000] {processor.py:161} INFO - Started process (PID=241) to work on /home/airflow/.local/lib/python3.8/site-packages/airflow/example_dags/example_branch_day_of_week_operator.py
[2026-04-09T04:06:16.092+0000] {processor.py:830} INFO - Processing file /home/airflow/.local/lib/python3.8/site-packages/airflow/example_dags/example_branch_day_of_week_operator.py for tasks to queue
[2026-04-09T04:06:16.094+0000] {logging_mixin.py:188} INFO - [2026-04-09T04:06:16.094+0000] {dagbag.py:538} INFO - Filling up the DagBag from /home/airflow/.local/lib/python3.8/site-packages/airflow/example_dags/example_branch_day_of_week_operator.py
[2026-04-09T04:06:16.106+0000] {processor.py:840} INFO - DAG(s) 'example_weekday_branch_operator' retrieved from /home/airflow/.local/lib/python3.8/site-packages/airflow/example_dags/example_branch_day_of_week_operator.py
[2026-04-09T04:06:16.138+0000] {logging_mixin.py:188} INFO - [2026-04-09T04:06:16.138+0000] {dag.py:3036} INFO - Sync 1 DAGs
[2026-04-09T04:06:16.178+0000] {logging_mixin.py:188} INFO - [2026-04-09T04:06:16.178+0000] {dag.py:3823} INFO - Setting next_dagrun for example_weekday_branch_operator to 2026-04-08 00:00:00+00:00, run_after=2026-04-09 00:00:00+00:00
[2026-04-09T04:06:16.206+0000] {processor.py:183} INFO - Processing /home/airflow/.local/lib/python3.8/site-packages/airflow/example_dags/example_branch_day_of_week_operator.py took 0.120 seconds
[2026-04-09T04:06:47.059+0000] {processor.py:161} INFO - Started process (PID=297) to work on /home/airflow/.local/lib/python3.8/site-packages/airflow/example_dags/example_branch_day_of_week_operator.py
[2026-04-09T04:06:47.060+0000] {processor.py:830} INFO - Processing file /home/airflow/.local/lib/python3.8/site-packages/airflow/example_dags/example_branch_day_of_week_operator.py for tasks to queue
[2026-04-09T04:06:47.061+0000] {logging_mixin.py:188} INFO - [2026-04-09T04:06:47.061+0000] {dagbag.py:538} INFO - Filling up the DagBag from /home/airflow/.local/lib/python3.8/site-packages/airflow/example_dags/example_branch_day_of_week_operator.py
[2026-04-09T04:06:47.067+0000] {processor.py:840} INFO - DAG(s) 'example_weekday_branch_operator' retrieved from /home/airflow/.local/lib/python3.8/site-packages/airflow/example_dags/example_branch_day_of_week_operator.py
[2026-04-09T04:06:47.083+0000] {logging_mixin.py:188} INFO - [2026-04-09T04:06:47.083+0000] {dag.py:3036} INFO - Sync 1 DAGs
[2026-04-09T04:06:47.100+0000] {logging_mixin.py:188} INFO - [2026-04-09T04:06:47.100+0000] {dag.py:3823} INFO - Setting next_dagrun for example_weekday_branch_operator to 2026-04-08 00:00:00+00:00, run_after=2026-04-09 00:00:00+00:00
[2026-04-09T04:06:47.113+0000] {processor.py:183} INFO - Processing /home/airflow/.local/lib/python3.8/site-packages/airflow/example_dags/example_branch_day_of_week_operator.py took 0.056 seconds
[2026-04-09T04:08:19.530+0000] {processor.py:161} INFO - Started process (PID=67) to work on /home/airflow/.local/lib/python3.8/site-packages/airflow/example_dags/example_branch_day_of_week_operator.py
[2026-04-09T04:08:19.530+0000] {processor.py:830} INFO - Processing file /home/airflow/.local/lib/python3.8/site-packages/airflow/example_dags/example_branch_day_of_week_operator.py for tasks to queue
[2026-04-09T04:08:19.531+0000] {logging_mixin.py:188} INFO - [2026-04-09T04:08:19.531+0000] {dagbag.py:538} INFO - Filling up the DagBag from /home/airflow/.local/lib/python3.8/site-packages/airflow/example_dags/example_branch_day_of_week_operator.py
[2026-04-09T04:08:19.539+0000] {processor.py:840} INFO - DAG(s) 'example_weekday_branch_operator' retrieved from /home/airflow/.local/lib/python3.8/site-packages/airflow/example_dags/example_branch_day_of_week_operator.py
[2026-04-09T04:08:19.549+0000] {logging_mixin.py:188} INFO - [2026-04-09T04:08:19.548+0000] {dag.py:3036} INFO - Sync 1 DAGs
[2026-04-09T04:08:19.568+0000] {logging_mixin.py:188} INFO - [2026-04-09T04:08:19.568+0000] {dag.py:3823} INFO - Setting next_dagrun for example_weekday_branch_operator to 2026-04-08 00:00:00+00:00, run_after=2026-04-09 00:00:00+00:00
[2026-04-09T04:08:19.583+0000] {processor.py:183} INFO - Processing /home/airflow/.local/lib/python3.8/site-packages/airflow/example_dags/example_branch_day_of_week_operator.py took 0.055 seconds
[2026-04-09T04:08:50.163+0000] {processor.py:161} INFO - Started process (PID=123) to work on /home/airflow/.local/lib/python3.8/site-packages/airflow/example_dags/example_branch_day_of_week_operator.py
[2026-04-09T04:08:50.163+0000] {processor.py:830} INFO - Processing file /home/airflow/.local/lib/python3.8/site-packages/airflow/example_dags/example_branch_day_of_week_operator.py for tasks to queue
[2026-04-09T04:08:50.164+0000] {logging_mixin.py:188} INFO - [2026-04-09T04:08:50.164+0000] {dagbag.py:538} INFO - Filling up the DagBag from /home/airflow/.local/lib/python3.8/site-packages/airflow/example_dags/example_branch_day_of_week_operator.py
[2026-04-09T04:08:50.170+0000] {processor.py:840} INFO - DAG(s) 'example_weekday_branch_operator' retrieved from /home/airflow/.local/lib/python3.8/site-packages/airflow/example_dags/example_branch_day_of_week_operator.py
[2026-04-09T04:08:50.240+0000] {logging_mixin.py:188} INFO - [2026-04-09T04:08:50.240+0000] {dag.py:3036} INFO - Sync 1 DAGs
[2026-04-09T04:08:50.254+0000] {logging_mixin.py:188} INFO - [2026-04-09T04:08:50.254+0000] {dag.py:3823} INFO - Setting next_dagrun for example_weekday_branch_operator to 2026-04-08 00:00:00+00:00, run_after=2026-04-09 00:00:00+00:00
[2026-04-09T04:08:50.265+0000] {processor.py:183} INFO - Processing /home/airflow/.local/lib/python3.8/site-packages/airflow/example_dags/example_branch_day_of_week_operator.py took 0.105 seconds
[2026-04-09T04:10:08.069+0000] {processor.py:161} INFO - Started process (PID=67) to work on /home/airflow/.local/lib/python3.8/site-packages/airflow/example_dags/example_branch_day_of_week_operator.py
[2026-04-09T04:10:08.070+0000] {processor.py:830} INFO - Processing file /home/airflow/.local/lib/python3.8/site-packages/airflow/example_dags/example_branch_day_of_week_operator.py for tasks to queue
[2026-04-09T04:10:08.071+0000] {logging_mixin.py:188} INFO - [2026-04-09T04:10:08.071+0000] {dagbag.py:538} INFO - Filling up the DagBag from /home/airflow/.local/lib/python3.8/site-packages/airflow/example_dags/example_branch_day_of_week_operator.py
[2026-04-09T04:10:08.079+0000] {processor.py:840} INFO - DAG(s) 'example_weekday_branch_operator' retrieved from /home/airflow/.local/lib/python3.8/site-packages/airflow/example_dags/example_branch_day_of_week_operator.py
[2026-04-09T04:10:08.089+0000] {logging_mixin.py:188} INFO - [2026-04-09T04:10:08.089+0000] {dag.py:3036} INFO - Sync 1 DAGs
[2026-04-09T04:10:08.108+0000] {logging_mixin.py:188} INFO - [2026-04-09T04:10:08.107+0000] {dag.py:3823} INFO - Setting next_dagrun for example_weekday_branch_operator to 2026-04-08 00:00:00+00:00, run_after=2026-04-09 00:00:00+00:00
[2026-04-09T04:10:08.122+0000] {processor.py:183} INFO - Processing /home/airflow/.local/lib/python3.8/site-packages/airflow/example_dags/example_branch_day_of_week_operator.py took 0.055 seconds
[2026-04-09T04:14:13.063+0000] {processor.py:161} INFO - Started process (PID=67) to work on /home/airflow/.local/lib/python3.8/site-packages/airflow/example_dags/example_branch_day_of_week_operator.py
[2026-04-09T04:14:13.064+0000] {processor.py:830} INFO - Processing file /home/airflow/.local/lib/python3.8/site-packages/airflow/example_dags/example_branch_day_of_week_operator.py for tasks to queue
[2026-04-09T04:14:13.065+0000] {logging_mixin.py:188} INFO - [2026-04-09T04:14:13.065+0000] {dagbag.py:538} INFO - Filling up the DagBag from /home/airflow/.local/lib/python3.8/site-packages/airflow/example_dags/example_branch_day_of_week_operator.py
[2026-04-09T04:14:13.073+0000] {processor.py:840} INFO - DAG(s) 'example_weekday_branch_operator' retrieved from /home/airflow/.local/lib/python3.8/site-packages/airflow/example_dags/example_branch_day_of_week_operator.py
[2026-04-09T04:14:13.082+0000] {logging_mixin.py:188} INFO - [2026-04-09T04:14:13.082+0000] {dag.py:3036} INFO - Sync 1 DAGs
[2026-04-09T04:14:13.100+0000] {logging_mixin.py:188} INFO - [2026-04-09T04:14:13.099+0000] {dag.py:3823} INFO - Setting next_dagrun for example_weekday_branch_operator to 2026-04-08 00:00:00+00:00, run_after=2026-04-09 00:00:00+00:00
[2026-04-09T04:14:13.114+0000] {processor.py:183} INFO - Processing /home/airflow/.local/lib/python3.8/site-packages/airflow/example_dags/example_branch_day_of_week_operator.py took 0.053 seconds
[2026-04-09T04:14:44.424+0000] {processor.py:161} INFO - Started process (PID=130) to work on /home/airflow/.local/lib/python3.8/site-packages/airflow/example_dags/example_branch_day_of_week_operator.py
[2026-04-09T04:14:44.425+0000] {processor.py:830} INFO - Processing file /home/airflow/.local/lib/python3.8/site-packages/airflow/example_dags/example_branch_day_of_week_operator.py for tasks to queue
[2026-04-09T04:14:44.426+0000] {logging_mixin.py:188} INFO - [2026-04-09T04:14:44.426+0000] {dagbag.py:538} INFO - Filling up the DagBag from /home/airflow/.local/lib/python3.8/site-packages/airflow/example_dags/example_branch_day_of_week_operator.py
[2026-04-09T04:14:44.431+0000] {processor.py:840} INFO - DAG(s) 'example_weekday_branch_operator' retrieved from /home/airflow/.local/lib/python3.8/site-packages/airflow/example_dags/example_branch_day_of_week_operator.py
[2026-04-09T04:14:44.506+0000] {logging_mixin.py:188} INFO - [2026-04-09T04:14:44.506+0000] {dag.py:3036} INFO - Sync 1 DAGs
[2026-04-09T04:14:44.521+0000] {logging_mixin.py:188} INFO - [2026-04-09T04:14:44.521+0000] {dag.py:3823} INFO - Setting next_dagrun for example_weekday_branch_operator to 2026-04-08 00:00:00+00:00, run_after=2026-04-09 00:00:00+00:00
[2026-04-09T04:14:44.537+0000] {processor.py:183} INFO - Processing /home/airflow/.local/lib/python3.8/site-packages/airflow/example_dags/example_branch_day_of_week_operator.py took 0.115 seconds
[2026-04-09T04:15:14.603+0000] {processor.py:161} INFO - Started process (PID=186) to work on /home/airflow/.local/lib/python3.8/site-packages/airflow/example_dags/example_branch_day_of_week_operator.py
[2026-04-09T04:15:14.604+0000] {processor.py:830} INFO - Processing file /home/airflow/.local/lib/python3.8/site-packages/airflow/example_dags/example_branch_day_of_week_operator.py for tasks to queue
[2026-04-09T04:15:14.606+0000] {logging_mixin.py:188} INFO - [2026-04-09T04:15:14.606+0000] {dagbag.py:538} INFO - Filling up the DagBag from /home/airflow/.local/lib/python3.8/site-packages/airflow/example_dags/example_branch_day_of_week_operator.py
[2026-04-09T04:15:14.612+0000] {processor.py:840} INFO - DAG(s) 'example_weekday_branch_operator' retrieved from /home/airflow/.local/lib/python3.8/site-packages/airflow/example_dags/example_branch_day_of_week_operator.py
[2026-04-09T04:15:14.633+0000] {logging_mixin.py:188} INFO - [2026-04-09T04:15:14.633+0000] {dag.py:3036} INFO - Sync 1 DAGs
[2026-04-09T04:15:14.657+0000] {logging_mixin.py:188} INFO - [2026-04-09T04:15:14.656+0000] {dag.py:3823} INFO - Setting next_dagrun for example_weekday_branch_operator to 2026-04-08 00:00:00+00:00, run_after=2026-04-09 00:00:00+00:00
[2026-04-09T04:15:14.675+0000] {processor.py:183} INFO - Processing /home/airflow/.local/lib/python3.8/site-packages/airflow/example_dags/example_branch_day_of_week_operator.py took 0.074 seconds
[2026-04-09T04:15:45.446+0000] {processor.py:161} INFO - Started process (PID=248) to work on /home/airflow/.local/lib/python3.8/site-packages/airflow/example_dags/example_branch_day_of_week_operator.py
[2026-04-09T04:15:45.447+0000] {processor.py:830} INFO - Processing file /home/airflow/.local/lib/python3.8/site-packages/airflow/example_dags/example_branch_day_of_week_operator.py for tasks to queue
[2026-04-09T04:15:45.448+0000] {logging_mixin.py:188} INFO - [2026-04-09T04:15:45.448+0000] {dagbag.py:538} INFO - Filling up the DagBag from /home/airflow/.local/lib/python3.8/site-packages/airflow/example_dags/example_branch_day_of_week_operator.py
[2026-04-09T04:15:45.454+0000] {processor.py:840} INFO - DAG(s) 'example_weekday_branch_operator' retrieved from /home/airflow/.local/lib/python3.8/site-packages/airflow/example_dags/example_branch_day_of_week_operator.py
[2026-04-09T04:15:45.472+0000] {logging_mixin.py:188} INFO - [2026-04-09T04:15:45.472+0000] {dag.py:3036} INFO - Sync 1 DAGs
[2026-04-09T04:15:45.493+0000] {logging_mixin.py:188} INFO - [2026-04-09T04:15:45.492+0000] {dag.py:3823} INFO - Setting next_dagrun for example_weekday_branch_operator to 2026-04-08 00:00:00+00:00, run_after=2026-04-09 00:00:00+00:00
[2026-04-09T04:15:45.508+0000] {processor.py:183} INFO - Processing /home/airflow/.local/lib/python3.8/site-packages/airflow/example_dags/example_branch_day_of_week_operator.py took 0.065 seconds
[2026-04-09T04:16:15.950+0000] {processor.py:161} INFO - Started process (PID=304) to work on /home/airflow/.local/lib/python3.8/site-packages/airflow/example_dags/example_branch_day_of_week_operator.py
[2026-04-09T04:16:15.950+0000] {processor.py:830} INFO - Processing file /home/airflow/.local/lib/python3.8/site-packages/airflow/example_dags/example_branch_day_of_week_operator.py for tasks to queue
[2026-04-09T04:16:15.951+0000] {logging_mixin.py:188} INFO - [2026-04-09T04:16:15.951+0000] {dagbag.py:538} INFO - Filling up the DagBag from /home/airflow/.local/lib/python3.8/site-packages/airflow/example_dags/example_branch_day_of_week_operator.py
[2026-04-09T04:16:15.957+0000] {processor.py:840} INFO - DAG(s) 'example_weekday_branch_operator' retrieved from /home/airflow/.local/lib/python3.8/site-packages/airflow/example_dags/example_branch_day_of_week_operator.py
[2026-04-09T04:16:15.973+0000] {logging_mixin.py:188} INFO - [2026-04-09T04:16:15.973+0000] {dag.py:3036} INFO - Sync 1 DAGs
[2026-04-09T04:16:15.991+0000] {logging_mixin.py:188} INFO - [2026-04-09T04:16:15.991+0000] {dag.py:3823} INFO - Setting next_dagrun for example_weekday_branch_operator to 2026-04-08 00:00:00+00:00, run_after=2026-04-09 00:00:00+00:00
[2026-04-09T04:16:16.004+0000] {processor.py:183} INFO - Processing /home/airflow/.local/lib/python3.8/site-packages/airflow/example_dags/example_branch_day_of_week_operator.py took 0.057 seconds
[2026-04-09T04:17:23.483+0000] {processor.py:161} INFO - Started process (PID=67) to work on /home/airflow/.local/lib/python3.8/site-packages/airflow/example_dags/example_branch_day_of_week_operator.py
[2026-04-09T04:17:23.484+0000] {processor.py:830} INFO - Processing file /home/airflow/.local/lib/python3.8/site-packages/airflow/example_dags/example_branch_day_of_week_operator.py for tasks to queue
[2026-04-09T04:17:23.485+0000] {logging_mixin.py:188} INFO - [2026-04-09T04:17:23.485+0000] {dagbag.py:538} INFO - Filling up the DagBag from /home/airflow/.local/lib/python3.8/site-packages/airflow/example_dags/example_branch_day_of_week_operator.py
[2026-04-09T04:17:23.494+0000] {processor.py:840} INFO - DAG(s) 'example_weekday_branch_operator' retrieved from /home/airflow/.local/lib/python3.8/site-packages/airflow/example_dags/example_branch_day_of_week_operator.py
[2026-04-09T04:17:23.505+0000] {logging_mixin.py:188} INFO - [2026-04-09T04:17:23.504+0000] {dag.py:3036} INFO - Sync 1 DAGs
[2026-04-09T04:17:23.525+0000] {logging_mixin.py:188} INFO - [2026-04-09T04:17:23.525+0000] {dag.py:3823} INFO - Setting next_dagrun for example_weekday_branch_operator to 2026-04-08 00:00:00+00:00, run_after=2026-04-09 00:00:00+00:00
[2026-04-09T04:17:23.543+0000] {processor.py:183} INFO - Processing /home/airflow/.local/lib/python3.8/site-packages/airflow/example_dags/example_branch_day_of_week_operator.py took 0.062 seconds
[2026-04-09T04:17:54.655+0000] {processor.py:161} INFO - Started process (PID=129) to work on /home/airflow/.local/lib/python3.8/site-packages/airflow/example_dags/example_branch_day_of_week_operator.py
[2026-04-09T04:17:54.656+0000] {processor.py:830} INFO - Processing file /home/airflow/.local/lib/python3.8/site-packages/airflow/example_dags/example_branch_day_of_week_operator.py for tasks to queue
[2026-04-09T04:17:54.657+0000] {logging_mixin.py:188} INFO - [2026-04-09T04:17:54.657+0000] {dagbag.py:538} INFO - Filling up the DagBag from /home/airflow/.local/lib/python3.8/site-packages/airflow/example_dags/example_branch_day_of_week_operator.py
[2026-04-09T04:17:54.663+0000] {processor.py:840} INFO - DAG(s) 'example_weekday_branch_operator' retrieved from /home/airflow/.local/lib/python3.8/site-packages/airflow/example_dags/example_branch_day_of_week_operator.py
[2026-04-09T04:17:54.740+0000] {logging_mixin.py:188} INFO - [2026-04-09T04:17:54.739+0000] {dag.py:3036} INFO - Sync 1 DAGs
[2026-04-09T04:17:54.755+0000] {logging_mixin.py:188} INFO - [2026-04-09T04:17:54.755+0000] {dag.py:3823} INFO - Setting next_dagrun for example_weekday_branch_operator to 2026-04-08 00:00:00+00:00, run_after=2026-04-09 00:00:00+00:00
[2026-04-09T04:17:54.769+0000] {processor.py:183} INFO - Processing /home/airflow/.local/lib/python3.8/site-packages/airflow/example_dags/example_branch_day_of_week_operator.py took 0.117 seconds
[2026-04-09T04:18:24.835+0000] {processor.py:161} INFO - Started process (PID=185) to work on /home/airflow/.local/lib/python3.8/site-packages/airflow/example_dags/example_branch_day_of_week_operator.py
[2026-04-09T04:18:24.835+0000] {processor.py:830} INFO - Processing file /home/airflow/.local/lib/python3.8/site-packages/airflow/example_dags/example_branch_day_of_week_operator.py for tasks to queue
[2026-04-09T04:18:24.836+0000] {logging_mixin.py:188} INFO - [2026-04-09T04:18:24.836+0000] {dagbag.py:538} INFO - Filling up the DagBag from /home/airflow/.local/lib/python3.8/site-packages/airflow/example_dags/example_branch_day_of_week_operator.py
[2026-04-09T04:18:24.842+0000] {processor.py:840} INFO - DAG(s) 'example_weekday_branch_operator' retrieved from /home/airflow/.local/lib/python3.8/site-packages/airflow/example_dags/example_branch_day_of_week_operator.py
[2026-04-09T04:18:24.857+0000] {logging_mixin.py:188} INFO - [2026-04-09T04:18:24.857+0000] {dag.py:3036} INFO - Sync 1 DAGs
[2026-04-09T04:18:24.872+0000] {logging_mixin.py:188} INFO - [2026-04-09T04:18:24.872+0000] {dag.py:3823} INFO - Setting next_dagrun for example_weekday_branch_operator to 2026-04-08 00:00:00+00:00, run_after=2026-04-09 00:00:00+00:00
[2026-04-09T04:18:24.884+0000] {processor.py:183} INFO - Processing /home/airflow/.local/lib/python3.8/site-packages/airflow/example_dags/example_branch_day_of_week_operator.py took 0.052 seconds
[2026-04-09T04:18:54.921+0000] {processor.py:161} INFO - Started process (PID=241) to work on /home/airflow/.local/lib/python3.8/site-packages/airflow/example_dags/example_branch_day_of_week_operator.py
[2026-04-09T04:18:54.922+0000] {processor.py:830} INFO - Processing file /home/airflow/.local/lib/python3.8/site-packages/airflow/example_dags/example_branch_day_of_week_operator.py for tasks to queue
[2026-04-09T04:18:54.923+0000] {logging_mixin.py:188} INFO - [2026-04-09T04:18:54.923+0000] {dagbag.py:538} INFO - Filling up the DagBag from /home/airflow/.local/lib/python3.8/site-packages/airflow/example_dags/example_branch_day_of_week_operator.py
[2026-04-09T04:18:54.929+0000] {processor.py:840} INFO - DAG(s) 'example_weekday_branch_operator' retrieved from /home/airflow/.local/lib/python3.8/site-packages/airflow/example_dags/example_branch_day_of_week_operator.py
[2026-04-09T04:18:54.945+0000] {logging_mixin.py:188} INFO - [2026-04-09T04:18:54.945+0000] {dag.py:3036} INFO - Sync 1 DAGs
[2026-04-09T04:18:54.960+0000] {logging_mixin.py:188} INFO - [2026-04-09T04:18:54.960+0000] {dag.py:3823} INFO - Setting next_dagrun for example_weekday_branch_operator to 2026-04-08 00:00:00+00:00, run_after=2026-04-09 00:00:00+00:00
[2026-04-09T04:18:54.971+0000] {processor.py:183} INFO - Processing /home/airflow/.local/lib/python3.8/site-packages/airflow/example_dags/example_branch_day_of_week_operator.py took 0.053 seconds
[2026-04-09T04:19:25.144+0000] {processor.py:161} INFO - Started process (PID=297) to work on /home/airflow/.local/lib/python3.8/site-packages/airflow/example_dags/example_branch_day_of_week_operator.py
[2026-04-09T04:19:25.145+0000] {processor.py:830} INFO - Processing file /home/airflow/.local/lib/python3.8/site-packages/airflow/example_dags/example_branch_day_of_week_operator.py for tasks to queue
[2026-04-09T04:19:25.146+0000] {logging_mixin.py:188} INFO - [2026-04-09T04:19:25.146+0000] {dagbag.py:538} INFO - Filling up the DagBag from /home/airflow/.local/lib/python3.8/site-packages/airflow/example_dags/example_branch_day_of_week_operator.py
[2026-04-09T04:19:25.151+0000] {processor.py:840} INFO - DAG(s) 'example_weekday_branch_operator' retrieved from /home/airflow/.local/lib/python3.8/site-packages/airflow/example_dags/example_branch_day_of_week_operator.py
[2026-04-09T04:19:25.168+0000] {logging_mixin.py:188} INFO - [2026-04-09T04:19:25.168+0000] {dag.py:3036} INFO - Sync 1 DAGs
[2026-04-09T04:19:25.186+0000] {logging_mixin.py:188} INFO - [2026-04-09T04:19:25.185+0000] {dag.py:3823} INFO - Setting next_dagrun for example_weekday_branch_operator to 2026-04-08 00:00:00+00:00, run_after=2026-04-09 00:00:00+00:00
[2026-04-09T04:19:25.199+0000] {processor.py:183} INFO - Processing /home/airflow/.local/lib/python3.8/site-packages/airflow/example_dags/example_branch_day_of_week_operator.py took 0.057 seconds
[2026-04-09T04:30:55.959+0000] {processor.py:161} INFO - Started process (PID=347) to work on /home/airflow/.local/lib/python3.8/site-packages/airflow/example_dags/example_branch_day_of_week_operator.py
[2026-04-09T04:30:55.961+0000] {processor.py:830} INFO - Processing file /home/airflow/.local/lib/python3.8/site-packages/airflow/example_dags/example_branch_day_of_week_operator.py for tasks to queue
[2026-04-09T04:30:55.964+0000] {logging_mixin.py:188} INFO - [2026-04-09T04:30:55.963+0000] {dagbag.py:538} INFO - Filling up the DagBag from /home/airflow/.local/lib/python3.8/site-packages/airflow/example_dags/example_branch_day_of_week_operator.py
[2026-04-09T04:30:55.977+0000] {processor.py:840} INFO - DAG(s) 'example_weekday_branch_operator' retrieved from /home/airflow/.local/lib/python3.8/site-packages/airflow/example_dags/example_branch_day_of_week_operator.py
[2026-04-09T04:30:56.013+0000] {logging_mixin.py:188} INFO - [2026-04-09T04:30:56.013+0000] {dag.py:3036} INFO - Sync 1 DAGs
[2026-04-09T04:30:56.051+0000] {logging_mixin.py:188} INFO - [2026-04-09T04:30:56.051+0000] {dag.py:3823} INFO - Setting next_dagrun for example_weekday_branch_operator to 2026-04-08 00:00:00+00:00, run_after=2026-04-09 00:00:00+00:00
[2026-04-09T04:30:56.082+0000] {processor.py:183} INFO - Processing /home/airflow/.local/lib/python3.8/site-packages/airflow/example_dags/example_branch_day_of_week_operator.py took 0.128 seconds
[2026-04-09T04:31:26.604+0000] {processor.py:161} INFO - Started process (PID=403) to work on /home/airflow/.local/lib/python3.8/site-packages/airflow/example_dags/example_branch_day_of_week_operator.py
[2026-04-09T04:31:26.605+0000] {processor.py:830} INFO - Processing file /home/airflow/.local/lib/python3.8/site-packages/airflow/example_dags/example_branch_day_of_week_operator.py for tasks to queue
[2026-04-09T04:31:26.606+0000] {logging_mixin.py:188} INFO - [2026-04-09T04:31:26.606+0000] {dagbag.py:538} INFO - Filling up the DagBag from /home/airflow/.local/lib/python3.8/site-packages/airflow/example_dags/example_branch_day_of_week_operator.py
[2026-04-09T04:31:26.612+0000] {processor.py:840} INFO - DAG(s) 'example_weekday_branch_operator' retrieved from /home/airflow/.local/lib/python3.8/site-packages/airflow/example_dags/example_branch_day_of_week_operator.py
[2026-04-09T04:31:26.628+0000] {logging_mixin.py:188} INFO - [2026-04-09T04:31:26.628+0000] {dag.py:3036} INFO - Sync 1 DAGs
[2026-04-09T04:31:26.643+0000] {logging_mixin.py:188} INFO - [2026-04-09T04:31:26.643+0000] {dag.py:3823} INFO - Setting next_dagrun for example_weekday_branch_operator to 2026-04-08 00:00:00+00:00, run_after=2026-04-09 00:00:00+00:00
[2026-04-09T04:31:26.655+0000] {processor.py:183} INFO - Processing /home/airflow/.local/lib/python3.8/site-packages/airflow/example_dags/example_branch_day_of_week_operator.py took 0.054 seconds
[2026-04-09T04:31:57.338+0000] {processor.py:161} INFO - Started process (PID=459) to work on /home/airflow/.local/lib/python3.8/site-packages/airflow/example_dags/example_branch_day_of_week_operator.py
[2026-04-09T04:31:57.339+0000] {processor.py:830} INFO - Processing file /home/airflow/.local/lib/python3.8/site-packages/airflow/example_dags/example_branch_day_of_week_operator.py for tasks to queue
[2026-04-09T04:31:57.341+0000] {logging_mixin.py:188} INFO - [2026-04-09T04:31:57.340+0000] {dagbag.py:538} INFO - Filling up the DagBag from /home/airflow/.local/lib/python3.8/site-packages/airflow/example_dags/example_branch_day_of_week_operator.py
[2026-04-09T04:31:57.347+0000] {processor.py:840} INFO - DAG(s) 'example_weekday_branch_operator' retrieved from /home/airflow/.local/lib/python3.8/site-packages/airflow/example_dags/example_branch_day_of_week_operator.py
[2026-04-09T04:31:57.368+0000] {logging_mixin.py:188} INFO - [2026-04-09T04:31:57.368+0000] {dag.py:3036} INFO - Sync 1 DAGs
[2026-04-09T04:31:57.389+0000] {logging_mixin.py:188} INFO - [2026-04-09T04:31:57.389+0000] {dag.py:3823} INFO - Setting next_dagrun for example_weekday_branch_operator to 2026-04-08 00:00:00+00:00, run_after=2026-04-09 00:00:00+00:00
[2026-04-09T04:31:57.404+0000] {processor.py:183} INFO - Processing /home/airflow/.local/lib/python3.8/site-packages/airflow/example_dags/example_branch_day_of_week_operator.py took 0.069 seconds
[2026-04-09T04:32:27.538+0000] {processor.py:161} INFO - Started process (PID=515) to work on /home/airflow/.local/lib/python3.8/site-packages/airflow/example_dags/example_branch_day_of_week_operator.py
[2026-04-09T04:32:27.539+0000] {processor.py:830} INFO - Processing file /home/airflow/.local/lib/python3.8/site-packages/airflow/example_dags/example_branch_day_of_week_operator.py for tasks to queue
[2026-04-09T04:32:27.540+0000] {logging_mixin.py:188} INFO - [2026-04-09T04:32:27.540+0000] {dagbag.py:538} INFO - Filling up the DagBag from /home/airflow/.local/lib/python3.8/site-packages/airflow/example_dags/example_branch_day_of_week_operator.py
[2026-04-09T04:32:27.545+0000] {processor.py:840} INFO - DAG(s) 'example_weekday_branch_operator' retrieved from /home/airflow/.local/lib/python3.8/site-packages/airflow/example_dags/example_branch_day_of_week_operator.py
[2026-04-09T04:32:27.561+0000] {logging_mixin.py:188} INFO - [2026-04-09T04:32:27.561+0000] {dag.py:3036} INFO - Sync 1 DAGs
[2026-04-09T04:32:27.577+0000] {logging_mixin.py:188} INFO - [2026-04-09T04:32:27.576+0000] {dag.py:3823} INFO - Setting next_dagrun for example_weekday_branch_operator to 2026-04-08 00:00:00+00:00, run_after=2026-04-09 00:00:00+00:00
[2026-04-09T04:32:27.588+0000] {processor.py:183} INFO - Processing /home/airflow/.local/lib/python3.8/site-packages/airflow/example_dags/example_branch_day_of_week_operator.py took 0.052 seconds
[2026-04-09T04:32:57.616+0000] {processor.py:161} INFO - Started process (PID=571) to work on /home/airflow/.local/lib/python3.8/site-packages/airflow/example_dags/example_branch_day_of_week_operator.py
[2026-04-09T04:32:57.617+0000] {processor.py:830} INFO - Processing file /home/airflow/.local/lib/python3.8/site-packages/airflow/example_dags/example_branch_day_of_week_operator.py for tasks to queue
[2026-04-09T04:32:57.618+0000] {logging_mixin.py:188} INFO - [2026-04-09T04:32:57.618+0000] {dagbag.py:538} INFO - Filling up the DagBag from /home/airflow/.local/lib/python3.8/site-packages/airflow/example_dags/example_branch_day_of_week_operator.py
[2026-04-09T04:32:57.623+0000] {processor.py:840} INFO - DAG(s) 'example_weekday_branch_operator' retrieved from /home/airflow/.local/lib/python3.8/site-packages/airflow/example_dags/example_branch_day_of_week_operator.py
[2026-04-09T04:32:57.639+0000] {logging_mixin.py:188} INFO - [2026-04-09T04:32:57.639+0000] {dag.py:3036} INFO - Sync 1 DAGs
[2026-04-09T04:32:57.655+0000] {logging_mixin.py:188} INFO - [2026-04-09T04:32:57.655+0000] {dag.py:3823} INFO - Setting next_dagrun for example_weekday_branch_operator to 2026-04-08 00:00:00+00:00, run_after=2026-04-09 00:00:00+00:00
[2026-04-09T04:32:57.669+0000] {processor.py:183} INFO - Processing /home/airflow/.local/lib/python3.8/site-packages/airflow/example_dags/example_branch_day_of_week_operator.py took 0.055 seconds
[2026-04-09T04:33:27.973+0000] {processor.py:161} INFO - Started process (PID=627) to work on /home/airflow/.local/lib/python3.8/site-packages/airflow/example_dags/example_branch_day_of_week_operator.py
[2026-04-09T04:33:27.974+0000] {processor.py:830} INFO - Processing file /home/airflow/.local/lib/python3.8/site-packages/airflow/example_dags/example_branch_day_of_week_operator.py for tasks to queue
[2026-04-09T04:33:27.976+0000] {logging_mixin.py:188} INFO - [2026-04-09T04:33:27.975+0000] {dagbag.py:538} INFO - Filling up the DagBag from /home/airflow/.local/lib/python3.8/site-packages/airflow/example_dags/example_branch_day_of_week_operator.py
[2026-04-09T04:33:27.981+0000] {processor.py:840} INFO - DAG(s) 'example_weekday_branch_operator' retrieved from /home/airflow/.local/lib/python3.8/site-packages/airflow/example_dags/example_branch_day_of_week_operator.py
[2026-04-09T04:33:27.997+0000] {logging_mixin.py:188} INFO - [2026-04-09T04:33:27.997+0000] {dag.py:3036} INFO - Sync 1 DAGs
[2026-04-09T04:33:28.012+0000] {logging_mixin.py:188} INFO - [2026-04-09T04:33:28.012+0000] {dag.py:3823} INFO - Setting next_dagrun for example_weekday_branch_operator to 2026-04-08 00:00:00+00:00, run_after=2026-04-09 00:00:00+00:00
[2026-04-09T04:33:28.025+0000] {processor.py:183} INFO - Processing /home/airflow/.local/lib/python3.8/site-packages/airflow/example_dags/example_branch_day_of_week_operator.py took 0.054 seconds
[2026-04-09T04:33:58.294+0000] {processor.py:161} INFO - Started process (PID=683) to work on /home/airflow/.local/lib/python3.8/site-packages/airflow/example_dags/example_branch_day_of_week_operator.py
[2026-04-09T04:33:58.295+0000] {processor.py:830} INFO - Processing file /home/airflow/.local/lib/python3.8/site-packages/airflow/example_dags/example_branch_day_of_week_operator.py for tasks to queue
[2026-04-09T04:33:58.296+0000] {logging_mixin.py:188} INFO - [2026-04-09T04:33:58.296+0000] {dagbag.py:538} INFO - Filling up the DagBag from /home/airflow/.local/lib/python3.8/site-packages/airflow/example_dags/example_branch_day_of_week_operator.py
[2026-04-09T04:33:58.301+0000] {processor.py:840} INFO - DAG(s) 'example_weekday_branch_operator' retrieved from /home/airflow/.local/lib/python3.8/site-packages/airflow/example_dags/example_branch_day_of_week_operator.py
[2026-04-09T04:33:58.318+0000] {logging_mixin.py:188} INFO - [2026-04-09T04:33:58.318+0000] {dag.py:3036} INFO - Sync 1 DAGs
[2026-04-09T04:33:58.335+0000] {logging_mixin.py:188} INFO - [2026-04-09T04:33:58.334+0000] {dag.py:3823} INFO - Setting next_dagrun for example_weekday_branch_operator to 2026-04-08 00:00:00+00:00, run_after=2026-04-09 00:00:00+00:00
[2026-04-09T04:33:58.348+0000] {processor.py:183} INFO - Processing /home/airflow/.local/lib/python3.8/site-packages/airflow/example_dags/example_branch_day_of_week_operator.py took 0.056 seconds
[2026-04-09T04:34:28.434+0000] {processor.py:161} INFO - Started process (PID=739) to work on /home/airflow/.local/lib/python3.8/site-packages/airflow/example_dags/example_branch_day_of_week_operator.py
[2026-04-09T04:34:28.435+0000] {processor.py:830} INFO - Processing file /home/airflow/.local/lib/python3.8/site-packages/airflow/example_dags/example_branch_day_of_week_operator.py for tasks to queue
[2026-04-09T04:34:28.436+0000] {logging_mixin.py:188} INFO - [2026-04-09T04:34:28.436+0000] {dagbag.py:538} INFO - Filling up the DagBag from /home/airflow/.local/lib/python3.8/site-packages/airflow/example_dags/example_branch_day_of_week_operator.py
[2026-04-09T04:34:28.441+0000] {processor.py:840} INFO - DAG(s) 'example_weekday_branch_operator' retrieved from /home/airflow/.local/lib/python3.8/site-packages/airflow/example_dags/example_branch_day_of_week_operator.py
[2026-04-09T04:34:28.458+0000] {logging_mixin.py:188} INFO - [2026-04-09T04:34:28.458+0000] {dag.py:3036} INFO - Sync 1 DAGs
[2026-04-09T04:34:28.474+0000] {logging_mixin.py:188} INFO - [2026-04-09T04:34:28.474+0000] {dag.py:3823} INFO - Setting next_dagrun for example_weekday_branch_operator to 2026-04-08 00:00:00+00:00, run_after=2026-04-09 00:00:00+00:00
[2026-04-09T04:34:28.487+0000] {processor.py:183} INFO - Processing /home/airflow/.local/lib/python3.8/site-packages/airflow/example_dags/example_branch_day_of_week_operator.py took 0.056 seconds
[2026-04-09T04:34:58.565+0000] {processor.py:161} INFO - Started process (PID=795) to work on /home/airflow/.local/lib/python3.8/site-packages/airflow/example_dags/example_branch_day_of_week_operator.py
[2026-04-09T04:34:58.566+0000] {processor.py:830} INFO - Processing file /home/airflow/.local/lib/python3.8/site-packages/airflow/example_dags/example_branch_day_of_week_operator.py for tasks to queue
[2026-04-09T04:34:58.567+0000] {logging_mixin.py:188} INFO - [2026-04-09T04:34:58.567+0000] {dagbag.py:538} INFO - Filling up the DagBag from /home/airflow/.local/lib/python3.8/site-packages/airflow/example_dags/example_branch_day_of_week_operator.py
[2026-04-09T04:34:58.573+0000] {processor.py:840} INFO - DAG(s) 'example_weekday_branch_operator' retrieved from /home/airflow/.local/lib/python3.8/site-packages/airflow/example_dags/example_branch_day_of_week_operator.py
[2026-04-09T04:34:58.589+0000] {logging_mixin.py:188} INFO - [2026-04-09T04:34:58.589+0000] {dag.py:3036} INFO - Sync 1 DAGs
[2026-04-09T04:34:58.605+0000] {logging_mixin.py:188} INFO - [2026-04-09T04:34:58.604+0000] {dag.py:3823} INFO - Setting next_dagrun for example_weekday_branch_operator to 2026-04-08 00:00:00+00:00, run_after=2026-04-09 00:00:00+00:00
[2026-04-09T04:34:58.616+0000] {processor.py:183} INFO - Processing /home/airflow/.local/lib/python3.8/site-packages/airflow/example_dags/example_branch_day_of_week_operator.py took 0.054 seconds
[2026-04-09T04:35:28.890+0000] {processor.py:161} INFO - Started process (PID=851) to work on /home/airflow/.local/lib/python3.8/site-packages/airflow/example_dags/example_branch_day_of_week_operator.py
[2026-04-09T04:35:28.890+0000] {processor.py:830} INFO - Processing file /home/airflow/.local/lib/python3.8/site-packages/airflow/example_dags/example_branch_day_of_week_operator.py for tasks to queue
[2026-04-09T04:35:28.892+0000] {logging_mixin.py:188} INFO - [2026-04-09T04:35:28.891+0000] {dagbag.py:538} INFO - Filling up the DagBag from /home/airflow/.local/lib/python3.8/site-packages/airflow/example_dags/example_branch_day_of_week_operator.py
[2026-04-09T04:35:28.897+0000] {processor.py:840} INFO - DAG(s) 'example_weekday_branch_operator' retrieved from /home/airflow/.local/lib/python3.8/site-packages/airflow/example_dags/example_branch_day_of_week_operator.py
[2026-04-09T04:35:28.913+0000] {logging_mixin.py:188} INFO - [2026-04-09T04:35:28.912+0000] {dag.py:3036} INFO - Sync 1 DAGs
[2026-04-09T04:35:28.929+0000] {logging_mixin.py:188} INFO - [2026-04-09T04:35:28.929+0000] {dag.py:3823} INFO - Setting next_dagrun for example_weekday_branch_operator to 2026-04-08 00:00:00+00:00, run_after=2026-04-09 00:00:00+00:00
[2026-04-09T04:35:28.942+0000] {processor.py:183} INFO - Processing /home/airflow/.local/lib/python3.8/site-packages/airflow/example_dags/example_branch_day_of_week_operator.py took 0.055 seconds
[2026-04-09T04:35:59.973+0000] {processor.py:161} INFO - Started process (PID=907) to work on /home/airflow/.local/lib/python3.8/site-packages/airflow/example_dags/example_branch_day_of_week_operator.py
[2026-04-09T04:35:59.974+0000] {processor.py:830} INFO - Processing file /home/airflow/.local/lib/python3.8/site-packages/airflow/example_dags/example_branch_day_of_week_operator.py for tasks to queue
[2026-04-09T04:35:59.976+0000] {logging_mixin.py:188} INFO - [2026-04-09T04:35:59.976+0000] {dagbag.py:538} INFO - Filling up the DagBag from /home/airflow/.local/lib/python3.8/site-packages/airflow/example_dags/example_branch_day_of_week_operator.py
[2026-04-09T04:35:59.984+0000] {processor.py:840} INFO - DAG(s) 'example_weekday_branch_operator' retrieved from /home/airflow/.local/lib/python3.8/site-packages/airflow/example_dags/example_branch_day_of_week_operator.py
[2026-04-09T04:36:00.007+0000] {logging_mixin.py:188} INFO - [2026-04-09T04:36:00.006+0000] {dag.py:3036} INFO - Sync 1 DAGs
[2026-04-09T04:36:00.034+0000] {logging_mixin.py:188} INFO - [2026-04-09T04:36:00.034+0000] {dag.py:3823} INFO - Setting next_dagrun for example_weekday_branch_operator to 2026-04-08 00:00:00+00:00, run_after=2026-04-09 00:00:00+00:00
[2026-04-09T04:36:00.052+0000] {processor.py:183} INFO - Processing /home/airflow/.local/lib/python3.8/site-packages/airflow/example_dags/example_branch_day_of_week_operator.py took 0.082 seconds
[2026-04-09T04:36:30.100+0000] {processor.py:161} INFO - Started process (PID=963) to work on /home/airflow/.local/lib/python3.8/site-packages/airflow/example_dags/example_branch_day_of_week_operator.py
[2026-04-09T04:36:30.101+0000] {processor.py:830} INFO - Processing file /home/airflow/.local/lib/python3.8/site-packages/airflow/example_dags/example_branch_day_of_week_operator.py for tasks to queue
[2026-04-09T04:36:30.102+0000] {logging_mixin.py:188} INFO - [2026-04-09T04:36:30.102+0000] {dagbag.py:538} INFO - Filling up the DagBag from /home/airflow/.local/lib/python3.8/site-packages/airflow/example_dags/example_branch_day_of_week_operator.py
[2026-04-09T04:36:30.107+0000] {processor.py:840} INFO - DAG(s) 'example_weekday_branch_operator' retrieved from /home/airflow/.local/lib/python3.8/site-packages/airflow/example_dags/example_branch_day_of_week_operator.py
[2026-04-09T04:36:30.124+0000] {logging_mixin.py:188} INFO - [2026-04-09T04:36:30.123+0000] {dag.py:3036} INFO - Sync 1 DAGs
[2026-04-09T04:36:30.139+0000] {logging_mixin.py:188} INFO - [2026-04-09T04:36:30.139+0000] {dag.py:3823} INFO - Setting next_dagrun for example_weekday_branch_operator to 2026-04-08 00:00:00+00:00, run_after=2026-04-09 00:00:00+00:00
[2026-04-09T04:36:30.151+0000] {processor.py:183} INFO - Processing /home/airflow/.local/lib/python3.8/site-packages/airflow/example_dags/example_branch_day_of_week_operator.py took 0.054 seconds
[2026-04-09T04:37:00.703+0000] {processor.py:161} INFO - Started process (PID=1019) to work on /home/airflow/.local/lib/python3.8/site-packages/airflow/example_dags/example_branch_day_of_week_operator.py
[2026-04-09T04:37:00.704+0000] {processor.py:830} INFO - Processing file /home/airflow/.local/lib/python3.8/site-packages/airflow/example_dags/example_branch_day_of_week_operator.py for tasks to queue
[2026-04-09T04:37:00.705+0000] {logging_mixin.py:188} INFO - [2026-04-09T04:37:00.705+0000] {dagbag.py:538} INFO - Filling up the DagBag from /home/airflow/.local/lib/python3.8/site-packages/airflow/example_dags/example_branch_day_of_week_operator.py
[2026-04-09T04:37:00.710+0000] {processor.py:840} INFO - DAG(s) 'example_weekday_branch_operator' retrieved from /home/airflow/.local/lib/python3.8/site-packages/airflow/example_dags/example_branch_day_of_week_operator.py
[2026-04-09T04:37:00.726+0000] {logging_mixin.py:188} INFO - [2026-04-09T04:37:00.726+0000] {dag.py:3036} INFO - Sync 1 DAGs
[2026-04-09T04:37:00.742+0000] {logging_mixin.py:188} INFO - [2026-04-09T04:37:00.742+0000] {dag.py:3823} INFO - Setting next_dagrun for example_weekday_branch_operator to 2026-04-08 00:00:00+00:00, run_after=2026-04-09 00:00:00+00:00
[2026-04-09T04:37:00.755+0000] {processor.py:183} INFO - Processing /home/airflow/.local/lib/python3.8/site-packages/airflow/example_dags/example_branch_day_of_week_operator.py took 0.054 seconds
[2026-04-09T04:37:30.962+0000] {processor.py:161} INFO - Started process (PID=1075) to work on /home/airflow/.local/lib/python3.8/site-packages/airflow/example_dags/example_branch_day_of_week_operator.py
[2026-04-09T04:37:30.963+0000] {processor.py:830} INFO - Processing file /home/airflow/.local/lib/python3.8/site-packages/airflow/example_dags/example_branch_day_of_week_operator.py for tasks to queue
[2026-04-09T04:37:30.964+0000] {logging_mixin.py:188} INFO - [2026-04-09T04:37:30.964+0000] {dagbag.py:538} INFO - Filling up the DagBag from /home/airflow/.local/lib/python3.8/site-packages/airflow/example_dags/example_branch_day_of_week_operator.py
[2026-04-09T04:37:30.969+0000] {processor.py:840} INFO - DAG(s) 'example_weekday_branch_operator' retrieved from /home/airflow/.local/lib/python3.8/site-packages/airflow/example_dags/example_branch_day_of_week_operator.py
[2026-04-09T04:37:30.985+0000] {logging_mixin.py:188} INFO - [2026-04-09T04:37:30.985+0000] {dag.py:3036} INFO - Sync 1 DAGs
[2026-04-09T04:37:31.001+0000] {logging_mixin.py:188} INFO - [2026-04-09T04:37:31.001+0000] {dag.py:3823} INFO - Setting next_dagrun for example_weekday_branch_operator to 2026-04-08 00:00:00+00:00, run_after=2026-04-09 00:00:00+00:00
[2026-04-09T04:37:31.013+0000] {processor.py:183} INFO - Processing /home/airflow/.local/lib/python3.8/site-packages/airflow/example_dags/example_branch_day_of_week_operator.py took 0.053 seconds
[2026-04-09T04:38:01.524+0000] {processor.py:161} INFO - Started process (PID=1131) to work on /home/airflow/.local/lib/python3.8/site-packages/airflow/example_dags/example_branch_day_of_week_operator.py
[2026-04-09T04:38:01.525+0000] {processor.py:830} INFO - Processing file /home/airflow/.local/lib/python3.8/site-packages/airflow/example_dags/example_branch_day_of_week_operator.py for tasks to queue
[2026-04-09T04:38:01.526+0000] {logging_mixin.py:188} INFO - [2026-04-09T04:38:01.526+0000] {dagbag.py:538} INFO - Filling up the DagBag from /home/airflow/.local/lib/python3.8/site-packages/airflow/example_dags/example_branch_day_of_week_operator.py
[2026-04-09T04:38:01.531+0000] {processor.py:840} INFO - DAG(s) 'example_weekday_branch_operator' retrieved from /home/airflow/.local/lib/python3.8/site-packages/airflow/example_dags/example_branch_day_of_week_operator.py
[2026-04-09T04:38:01.548+0000] {logging_mixin.py:188} INFO - [2026-04-09T04:38:01.548+0000] {dag.py:3036} INFO - Sync 1 DAGs
[2026-04-09T04:38:01.564+0000] {logging_mixin.py:188} INFO - [2026-04-09T04:38:01.564+0000] {dag.py:3823} INFO - Setting next_dagrun for example_weekday_branch_operator to 2026-04-08 00:00:00+00:00, run_after=2026-04-09 00:00:00+00:00
[2026-04-09T04:38:01.577+0000] {processor.py:183} INFO - Processing /home/airflow/.local/lib/python3.8/site-packages/airflow/example_dags/example_branch_day_of_week_operator.py took 0.055 seconds
[2026-04-09T04:38:32.744+0000] {processor.py:161} INFO - Started process (PID=1187) to work on /home/airflow/.local/lib/python3.8/site-packages/airflow/example_dags/example_branch_day_of_week_operator.py
[2026-04-09T04:38:32.745+0000] {processor.py:830} INFO - Processing file /home/airflow/.local/lib/python3.8/site-packages/airflow/example_dags/example_branch_day_of_week_operator.py for tasks to queue
[2026-04-09T04:38:32.747+0000] {logging_mixin.py:188} INFO - [2026-04-09T04:38:32.747+0000] {dagbag.py:538} INFO - Filling up the DagBag from /home/airflow/.local/lib/python3.8/site-packages/airflow/example_dags/example_branch_day_of_week_operator.py
[2026-04-09T04:38:32.757+0000] {processor.py:840} INFO - DAG(s) 'example_weekday_branch_operator' retrieved from /home/airflow/.local/lib/python3.8/site-packages/airflow/example_dags/example_branch_day_of_week_operator.py
[2026-04-09T04:38:32.786+0000] {logging_mixin.py:188} INFO - [2026-04-09T04:38:32.785+0000] {dag.py:3036} INFO - Sync 1 DAGs
[2026-04-09T04:38:32.817+0000] {logging_mixin.py:188} INFO - [2026-04-09T04:38:32.817+0000] {dag.py:3823} INFO - Setting next_dagrun for example_weekday_branch_operator to 2026-04-08 00:00:00+00:00, run_after=2026-04-09 00:00:00+00:00
[2026-04-09T04:38:32.840+0000] {processor.py:183} INFO - Processing /home/airflow/.local/lib/python3.8/site-packages/airflow/example_dags/example_branch_day_of_week_operator.py took 0.101 seconds
[2026-04-09T04:39:02.957+0000] {processor.py:161} INFO - Started process (PID=1243) to work on /home/airflow/.local/lib/python3.8/site-packages/airflow/example_dags/example_branch_day_of_week_operator.py
[2026-04-09T04:39:02.958+0000] {processor.py:830} INFO - Processing file /home/airflow/.local/lib/python3.8/site-packages/airflow/example_dags/example_branch_day_of_week_operator.py for tasks to queue
[2026-04-09T04:39:02.960+0000] {logging_mixin.py:188} INFO - [2026-04-09T04:39:02.959+0000] {dagbag.py:538} INFO - Filling up the DagBag from /home/airflow/.local/lib/python3.8/site-packages/airflow/example_dags/example_branch_day_of_week_operator.py
[2026-04-09T04:39:02.966+0000] {processor.py:840} INFO - DAG(s) 'example_weekday_branch_operator' retrieved from /home/airflow/.local/lib/python3.8/site-packages/airflow/example_dags/example_branch_day_of_week_operator.py
[2026-04-09T04:39:02.985+0000] {logging_mixin.py:188} INFO - [2026-04-09T04:39:02.985+0000] {dag.py:3036} INFO - Sync 1 DAGs
[2026-04-09T04:39:03.004+0000] {logging_mixin.py:188} INFO - [2026-04-09T04:39:03.004+0000] {dag.py:3823} INFO - Setting next_dagrun for example_weekday_branch_operator to 2026-04-08 00:00:00+00:00, run_after=2026-04-09 00:00:00+00:00
[2026-04-09T04:39:03.019+0000] {processor.py:183} INFO - Processing /home/airflow/.local/lib/python3.8/site-packages/airflow/example_dags/example_branch_day_of_week_operator.py took 0.064 seconds
[2026-04-09T04:39:33.923+0000] {processor.py:161} INFO - Started process (PID=1299) to work on /home/airflow/.local/lib/python3.8/site-packages/airflow/example_dags/example_branch_day_of_week_operator.py
[2026-04-09T04:39:33.924+0000] {processor.py:830} INFO - Processing file /home/airflow/.local/lib/python3.8/site-packages/airflow/example_dags/example_branch_day_of_week_operator.py for tasks to queue
[2026-04-09T04:39:33.925+0000] {logging_mixin.py:188} INFO - [2026-04-09T04:39:33.925+0000] {dagbag.py:538} INFO - Filling up the DagBag from /home/airflow/.local/lib/python3.8/site-packages/airflow/example_dags/example_branch_day_of_week_operator.py
[2026-04-09T04:39:33.931+0000] {processor.py:840} INFO - DAG(s) 'example_weekday_branch_operator' retrieved from /home/airflow/.local/lib/python3.8/site-packages/airflow/example_dags/example_branch_day_of_week_operator.py
[2026-04-09T04:39:33.947+0000] {logging_mixin.py:188} INFO - [2026-04-09T04:39:33.947+0000] {dag.py:3036} INFO - Sync 1 DAGs
[2026-04-09T04:39:33.964+0000] {logging_mixin.py:188} INFO - [2026-04-09T04:39:33.964+0000] {dag.py:3823} INFO - Setting next_dagrun for example_weekday_branch_operator to 2026-04-08 00:00:00+00:00, run_after=2026-04-09 00:00:00+00:00
[2026-04-09T04:39:33.977+0000] {processor.py:183} INFO - Processing /home/airflow/.local/lib/python3.8/site-packages/airflow/example_dags/example_branch_day_of_week_operator.py took 0.056 seconds
[2026-04-09T04:40:04.199+0000] {processor.py:161} INFO - Started process (PID=1355) to work on /home/airflow/.local/lib/python3.8/site-packages/airflow/example_dags/example_branch_day_of_week_operator.py
[2026-04-09T04:40:04.200+0000] {processor.py:830} INFO - Processing file /home/airflow/.local/lib/python3.8/site-packages/airflow/example_dags/example_branch_day_of_week_operator.py for tasks to queue
[2026-04-09T04:40:04.201+0000] {logging_mixin.py:188} INFO - [2026-04-09T04:40:04.201+0000] {dagbag.py:538} INFO - Filling up the DagBag from /home/airflow/.local/lib/python3.8/site-packages/airflow/example_dags/example_branch_day_of_week_operator.py
[2026-04-09T04:40:04.207+0000] {processor.py:840} INFO - DAG(s) 'example_weekday_branch_operator' retrieved from /home/airflow/.local/lib/python3.8/site-packages/airflow/example_dags/example_branch_day_of_week_operator.py
[2026-04-09T04:40:04.222+0000] {logging_mixin.py:188} INFO - [2026-04-09T04:40:04.222+0000] {dag.py:3036} INFO - Sync 1 DAGs
[2026-04-09T04:40:04.237+0000] {logging_mixin.py:188} INFO - [2026-04-09T04:40:04.237+0000] {dag.py:3823} INFO - Setting next_dagrun for example_weekday_branch_operator to 2026-04-08 00:00:00+00:00, run_after=2026-04-09 00:00:00+00:00
[2026-04-09T04:40:04.250+0000] {processor.py:183} INFO - Processing /home/airflow/.local/lib/python3.8/site-packages/airflow/example_dags/example_branch_day_of_week_operator.py took 0.053 seconds
[2026-04-09T04:40:35.359+0000] {processor.py:161} INFO - Started process (PID=1411) to work on /home/airflow/.local/lib/python3.8/site-packages/airflow/example_dags/example_branch_day_of_week_operator.py
[2026-04-09T04:40:35.360+0000] {processor.py:830} INFO - Processing file /home/airflow/.local/lib/python3.8/site-packages/airflow/example_dags/example_branch_day_of_week_operator.py for tasks to queue
[2026-04-09T04:40:35.363+0000] {logging_mixin.py:188} INFO - [2026-04-09T04:40:35.362+0000] {dagbag.py:538} INFO - Filling up the DagBag from /home/airflow/.local/lib/python3.8/site-packages/airflow/example_dags/example_branch_day_of_week_operator.py
[2026-04-09T04:40:35.373+0000] {processor.py:840} INFO - DAG(s) 'example_weekday_branch_operator' retrieved from /home/airflow/.local/lib/python3.8/site-packages/airflow/example_dags/example_branch_day_of_week_operator.py
[2026-04-09T04:40:35.406+0000] {logging_mixin.py:188} INFO - [2026-04-09T04:40:35.406+0000] {dag.py:3036} INFO - Sync 1 DAGs
[2026-04-09T04:40:35.443+0000] {logging_mixin.py:188} INFO - [2026-04-09T04:40:35.442+0000] {dag.py:3823} INFO - Setting next_dagrun for example_weekday_branch_operator to 2026-04-08 00:00:00+00:00, run_after=2026-04-09 00:00:00+00:00
[2026-04-09T04:40:35.468+0000] {processor.py:183} INFO - Processing /home/airflow/.local/lib/python3.8/site-packages/airflow/example_dags/example_branch_day_of_week_operator.py took 0.114 seconds
[2026-04-09T04:41:05.504+0000] {processor.py:161} INFO - Started process (PID=1466) to work on /home/airflow/.local/lib/python3.8/site-packages/airflow/example_dags/example_branch_day_of_week_operator.py
[2026-04-09T04:41:05.505+0000] {processor.py:830} INFO - Processing file /home/airflow/.local/lib/python3.8/site-packages/airflow/example_dags/example_branch_day_of_week_operator.py for tasks to queue
[2026-04-09T04:41:05.507+0000] {logging_mixin.py:188} INFO - [2026-04-09T04:41:05.507+0000] {dagbag.py:538} INFO - Filling up the DagBag from /home/airflow/.local/lib/python3.8/site-packages/airflow/example_dags/example_branch_day_of_week_operator.py
[2026-04-09T04:41:05.517+0000] {processor.py:840} INFO - DAG(s) 'example_weekday_branch_operator' retrieved from /home/airflow/.local/lib/python3.8/site-packages/airflow/example_dags/example_branch_day_of_week_operator.py
[2026-04-09T04:41:05.546+0000] {logging_mixin.py:188} INFO - [2026-04-09T04:41:05.546+0000] {dag.py:3036} INFO - Sync 1 DAGs
[2026-04-09T04:41:05.578+0000] {logging_mixin.py:188} INFO - [2026-04-09T04:41:05.577+0000] {dag.py:3823} INFO - Setting next_dagrun for example_weekday_branch_operator to 2026-04-08 00:00:00+00:00, run_after=2026-04-09 00:00:00+00:00
[2026-04-09T04:41:05.601+0000] {processor.py:183} INFO - Processing /home/airflow/.local/lib/python3.8/site-packages/airflow/example_dags/example_branch_day_of_week_operator.py took 0.101 seconds
[2026-04-09T04:41:35.842+0000] {processor.py:161} INFO - Started process (PID=1522) to work on /home/airflow/.local/lib/python3.8/site-packages/airflow/example_dags/example_branch_day_of_week_operator.py
[2026-04-09T04:41:35.843+0000] {processor.py:830} INFO - Processing file /home/airflow/.local/lib/python3.8/site-packages/airflow/example_dags/example_branch_day_of_week_operator.py for tasks to queue
[2026-04-09T04:41:35.844+0000] {logging_mixin.py:188} INFO - [2026-04-09T04:41:35.844+0000] {dagbag.py:538} INFO - Filling up the DagBag from /home/airflow/.local/lib/python3.8/site-packages/airflow/example_dags/example_branch_day_of_week_operator.py
[2026-04-09T04:41:35.849+0000] {processor.py:840} INFO - DAG(s) 'example_weekday_branch_operator' retrieved from /home/airflow/.local/lib/python3.8/site-packages/airflow/example_dags/example_branch_day_of_week_operator.py
[2026-04-09T04:41:35.865+0000] {logging_mixin.py:188} INFO - [2026-04-09T04:41:35.865+0000] {dag.py:3036} INFO - Sync 1 DAGs
[2026-04-09T04:41:35.882+0000] {logging_mixin.py:188} INFO - [2026-04-09T04:41:35.882+0000] {dag.py:3823} INFO - Setting next_dagrun for example_weekday_branch_operator to 2026-04-08 00:00:00+00:00, run_after=2026-04-09 00:00:00+00:00
[2026-04-09T04:41:35.895+0000] {processor.py:183} INFO - Processing /home/airflow/.local/lib/python3.8/site-packages/airflow/example_dags/example_branch_day_of_week_operator.py took 0.056 seconds
[2026-04-09T04:42:05.995+0000] {processor.py:161} INFO - Started process (PID=1578) to work on /home/airflow/.local/lib/python3.8/site-packages/airflow/example_dags/example_branch_day_of_week_operator.py
[2026-04-09T04:42:05.996+0000] {processor.py:830} INFO - Processing file /home/airflow/.local/lib/python3.8/site-packages/airflow/example_dags/example_branch_day_of_week_operator.py for tasks to queue
[2026-04-09T04:42:05.997+0000] {logging_mixin.py:188} INFO - [2026-04-09T04:42:05.997+0000] {dagbag.py:538} INFO - Filling up the DagBag from /home/airflow/.local/lib/python3.8/site-packages/airflow/example_dags/example_branch_day_of_week_operator.py
[2026-04-09T04:42:06.002+0000] {processor.py:840} INFO - DAG(s) 'example_weekday_branch_operator' retrieved from /home/airflow/.local/lib/python3.8/site-packages/airflow/example_dags/example_branch_day_of_week_operator.py
[2026-04-09T04:42:06.019+0000] {logging_mixin.py:188} INFO - [2026-04-09T04:42:06.019+0000] {dag.py:3036} INFO - Sync 1 DAGs
[2026-04-09T04:42:06.034+0000] {logging_mixin.py:188} INFO - [2026-04-09T04:42:06.034+0000] {dag.py:3823} INFO - Setting next_dagrun for example_weekday_branch_operator to 2026-04-08 00:00:00+00:00, run_after=2026-04-09 00:00:00+00:00
[2026-04-09T04:42:06.045+0000] {processor.py:183} INFO - Processing /home/airflow/.local/lib/python3.8/site-packages/airflow/example_dags/example_branch_day_of_week_operator.py took 0.053 seconds
[2026-04-09T04:42:36.141+0000] {processor.py:161} INFO - Started process (PID=1634) to work on /home/airflow/.local/lib/python3.8/site-packages/airflow/example_dags/example_branch_day_of_week_operator.py
[2026-04-09T04:42:36.142+0000] {processor.py:830} INFO - Processing file /home/airflow/.local/lib/python3.8/site-packages/airflow/example_dags/example_branch_day_of_week_operator.py for tasks to queue
[2026-04-09T04:42:36.143+0000] {logging_mixin.py:188} INFO - [2026-04-09T04:42:36.143+0000] {dagbag.py:538} INFO - Filling up the DagBag from /home/airflow/.local/lib/python3.8/site-packages/airflow/example_dags/example_branch_day_of_week_operator.py
[2026-04-09T04:42:36.148+0000] {processor.py:840} INFO - DAG(s) 'example_weekday_branch_operator' retrieved from /home/airflow/.local/lib/python3.8/site-packages/airflow/example_dags/example_branch_day_of_week_operator.py
[2026-04-09T04:42:36.164+0000] {logging_mixin.py:188} INFO - [2026-04-09T04:42:36.164+0000] {dag.py:3036} INFO - Sync 1 DAGs
[2026-04-09T04:42:36.181+0000] {logging_mixin.py:188} INFO - [2026-04-09T04:42:36.181+0000] {dag.py:3823} INFO - Setting next_dagrun for example_weekday_branch_operator to 2026-04-08 00:00:00+00:00, run_after=2026-04-09 00:00:00+00:00
[2026-04-09T04:42:36.192+0000] {processor.py:183} INFO - Processing /home/airflow/.local/lib/python3.8/site-packages/airflow/example_dags/example_branch_day_of_week_operator.py took 0.054 seconds
[2026-04-09T04:43:06.316+0000] {processor.py:161} INFO - Started process (PID=1690) to work on /home/airflow/.local/lib/python3.8/site-packages/airflow/example_dags/example_branch_day_of_week_operator.py
[2026-04-09T04:43:06.317+0000] {processor.py:830} INFO - Processing file /home/airflow/.local/lib/python3.8/site-packages/airflow/example_dags/example_branch_day_of_week_operator.py for tasks to queue
[2026-04-09T04:43:06.318+0000] {logging_mixin.py:188} INFO - [2026-04-09T04:43:06.318+0000] {dagbag.py:538} INFO - Filling up the DagBag from /home/airflow/.local/lib/python3.8/site-packages/airflow/example_dags/example_branch_day_of_week_operator.py
[2026-04-09T04:43:06.323+0000] {processor.py:840} INFO - DAG(s) 'example_weekday_branch_operator' retrieved from /home/airflow/.local/lib/python3.8/site-packages/airflow/example_dags/example_branch_day_of_week_operator.py
[2026-04-09T04:43:06.338+0000] {logging_mixin.py:188} INFO - [2026-04-09T04:43:06.338+0000] {dag.py:3036} INFO - Sync 1 DAGs
[2026-04-09T04:43:06.352+0000] {logging_mixin.py:188} INFO - [2026-04-09T04:43:06.352+0000] {dag.py:3823} INFO - Setting next_dagrun for example_weekday_branch_operator to 2026-04-08 00:00:00+00:00, run_after=2026-04-09 00:00:00+00:00
[2026-04-09T04:43:06.362+0000] {processor.py:183} INFO - Processing /home/airflow/.local/lib/python3.8/site-packages/airflow/example_dags/example_branch_day_of_week_operator.py took 0.048 seconds
[2026-04-09T04:43:36.674+0000] {processor.py:161} INFO - Started process (PID=1746) to work on /home/airflow/.local/lib/python3.8/site-packages/airflow/example_dags/example_branch_day_of_week_operator.py
[2026-04-09T04:43:36.675+0000] {processor.py:830} INFO - Processing file /home/airflow/.local/lib/python3.8/site-packages/airflow/example_dags/example_branch_day_of_week_operator.py for tasks to queue
[2026-04-09T04:43:36.676+0000] {logging_mixin.py:188} INFO - [2026-04-09T04:43:36.676+0000] {dagbag.py:538} INFO - Filling up the DagBag from /home/airflow/.local/lib/python3.8/site-packages/airflow/example_dags/example_branch_day_of_week_operator.py
[2026-04-09T04:43:36.683+0000] {processor.py:840} INFO - DAG(s) 'example_weekday_branch_operator' retrieved from /home/airflow/.local/lib/python3.8/site-packages/airflow/example_dags/example_branch_day_of_week_operator.py
[2026-04-09T04:43:36.704+0000] {logging_mixin.py:188} INFO - [2026-04-09T04:43:36.704+0000] {dag.py:3036} INFO - Sync 1 DAGs
[2026-04-09T04:43:36.726+0000] {logging_mixin.py:188} INFO - [2026-04-09T04:43:36.725+0000] {dag.py:3823} INFO - Setting next_dagrun for example_weekday_branch_operator to 2026-04-08 00:00:00+00:00, run_after=2026-04-09 00:00:00+00:00
[2026-04-09T04:43:36.743+0000] {processor.py:183} INFO - Processing /home/airflow/.local/lib/python3.8/site-packages/airflow/example_dags/example_branch_day_of_week_operator.py took 0.073 seconds
[2026-04-09T04:44:06.777+0000] {processor.py:161} INFO - Started process (PID=1802) to work on /home/airflow/.local/lib/python3.8/site-packages/airflow/example_dags/example_branch_day_of_week_operator.py
[2026-04-09T04:44:06.777+0000] {processor.py:830} INFO - Processing file /home/airflow/.local/lib/python3.8/site-packages/airflow/example_dags/example_branch_day_of_week_operator.py for tasks to queue
[2026-04-09T04:44:06.779+0000] {logging_mixin.py:188} INFO - [2026-04-09T04:44:06.778+0000] {dagbag.py:538} INFO - Filling up the DagBag from /home/airflow/.local/lib/python3.8/site-packages/airflow/example_dags/example_branch_day_of_week_operator.py
[2026-04-09T04:44:06.784+0000] {processor.py:840} INFO - DAG(s) 'example_weekday_branch_operator' retrieved from /home/airflow/.local/lib/python3.8/site-packages/airflow/example_dags/example_branch_day_of_week_operator.py
[2026-04-09T04:44:06.799+0000] {logging_mixin.py:188} INFO - [2026-04-09T04:44:06.799+0000] {dag.py:3036} INFO - Sync 1 DAGs
[2026-04-09T04:44:06.815+0000] {logging_mixin.py:188} INFO - [2026-04-09T04:44:06.815+0000] {dag.py:3823} INFO - Setting next_dagrun for example_weekday_branch_operator to 2026-04-08 00:00:00+00:00, run_after=2026-04-09 00:00:00+00:00
[2026-04-09T04:44:06.826+0000] {processor.py:183} INFO - Processing /home/airflow/.local/lib/python3.8/site-packages/airflow/example_dags/example_branch_day_of_week_operator.py took 0.052 seconds
[2026-04-09T04:44:36.979+0000] {processor.py:161} INFO - Started process (PID=1858) to work on /home/airflow/.local/lib/python3.8/site-packages/airflow/example_dags/example_branch_day_of_week_operator.py
[2026-04-09T04:44:36.979+0000] {processor.py:830} INFO - Processing file /home/airflow/.local/lib/python3.8/site-packages/airflow/example_dags/example_branch_day_of_week_operator.py for tasks to queue
[2026-04-09T04:44:36.981+0000] {logging_mixin.py:188} INFO - [2026-04-09T04:44:36.980+0000] {dagbag.py:538} INFO - Filling up the DagBag from /home/airflow/.local/lib/python3.8/site-packages/airflow/example_dags/example_branch_day_of_week_operator.py
[2026-04-09T04:44:36.986+0000] {processor.py:840} INFO - DAG(s) 'example_weekday_branch_operator' retrieved from /home/airflow/.local/lib/python3.8/site-packages/airflow/example_dags/example_branch_day_of_week_operator.py
[2026-04-09T04:44:37.000+0000] {logging_mixin.py:188} INFO - [2026-04-09T04:44:37.000+0000] {dag.py:3036} INFO - Sync 1 DAGs
[2026-04-09T04:44:37.014+0000] {logging_mixin.py:188} INFO - [2026-04-09T04:44:37.014+0000] {dag.py:3823} INFO - Setting next_dagrun for example_weekday_branch_operator to 2026-04-08 00:00:00+00:00, run_after=2026-04-09 00:00:00+00:00
[2026-04-09T04:44:37.024+0000] {processor.py:183} INFO - Processing /home/airflow/.local/lib/python3.8/site-packages/airflow/example_dags/example_branch_day_of_week_operator.py took 0.048 seconds
[2026-04-09T04:45:07.359+0000] {processor.py:161} INFO - Started process (PID=1914) to work on /home/airflow/.local/lib/python3.8/site-packages/airflow/example_dags/example_branch_day_of_week_operator.py
[2026-04-09T04:45:07.360+0000] {processor.py:830} INFO - Processing file /home/airflow/.local/lib/python3.8/site-packages/airflow/example_dags/example_branch_day_of_week_operator.py for tasks to queue
[2026-04-09T04:45:07.361+0000] {logging_mixin.py:188} INFO - [2026-04-09T04:45:07.361+0000] {dagbag.py:538} INFO - Filling up the DagBag from /home/airflow/.local/lib/python3.8/site-packages/airflow/example_dags/example_branch_day_of_week_operator.py
[2026-04-09T04:45:07.366+0000] {processor.py:840} INFO - DAG(s) 'example_weekday_branch_operator' retrieved from /home/airflow/.local/lib/python3.8/site-packages/airflow/example_dags/example_branch_day_of_week_operator.py
[2026-04-09T04:45:07.380+0000] {logging_mixin.py:188} INFO - [2026-04-09T04:45:07.380+0000] {dag.py:3036} INFO - Sync 1 DAGs
[2026-04-09T04:45:07.394+0000] {logging_mixin.py:188} INFO - [2026-04-09T04:45:07.394+0000] {dag.py:3823} INFO - Setting next_dagrun for example_weekday_branch_operator to 2026-04-08 00:00:00+00:00, run_after=2026-04-09 00:00:00+00:00
[2026-04-09T04:45:07.405+0000] {processor.py:183} INFO - Processing /home/airflow/.local/lib/python3.8/site-packages/airflow/example_dags/example_branch_day_of_week_operator.py took 0.048 seconds
[2026-04-09T04:45:37.792+0000] {processor.py:161} INFO - Started process (PID=1970) to work on /home/airflow/.local/lib/python3.8/site-packages/airflow/example_dags/example_branch_day_of_week_operator.py
[2026-04-09T04:45:37.793+0000] {processor.py:830} INFO - Processing file /home/airflow/.local/lib/python3.8/site-packages/airflow/example_dags/example_branch_day_of_week_operator.py for tasks to queue
[2026-04-09T04:45:37.794+0000] {logging_mixin.py:188} INFO - [2026-04-09T04:45:37.794+0000] {dagbag.py:538} INFO - Filling up the DagBag from /home/airflow/.local/lib/python3.8/site-packages/airflow/example_dags/example_branch_day_of_week_operator.py
[2026-04-09T04:45:37.799+0000] {processor.py:840} INFO - DAG(s) 'example_weekday_branch_operator' retrieved from /home/airflow/.local/lib/python3.8/site-packages/airflow/example_dags/example_branch_day_of_week_operator.py
[2026-04-09T04:45:37.814+0000] {logging_mixin.py:188} INFO - [2026-04-09T04:45:37.813+0000] {dag.py:3036} INFO - Sync 1 DAGs
[2026-04-09T04:45:37.828+0000] {logging_mixin.py:188} INFO - [2026-04-09T04:45:37.828+0000] {dag.py:3823} INFO - Setting next_dagrun for example_weekday_branch_operator to 2026-04-08 00:00:00+00:00, run_after=2026-04-09 00:00:00+00:00
[2026-04-09T04:45:37.838+0000] {processor.py:183} INFO - Processing /home/airflow/.local/lib/python3.8/site-packages/airflow/example_dags/example_branch_day_of_week_operator.py took 0.048 seconds
[2026-04-09T04:46:08.133+0000] {processor.py:161} INFO - Started process (PID=2026) to work on /home/airflow/.local/lib/python3.8/site-packages/airflow/example_dags/example_branch_day_of_week_operator.py
[2026-04-09T04:46:08.133+0000] {processor.py:830} INFO - Processing file /home/airflow/.local/lib/python3.8/site-packages/airflow/example_dags/example_branch_day_of_week_operator.py for tasks to queue
[2026-04-09T04:46:08.134+0000] {logging_mixin.py:188} INFO - [2026-04-09T04:46:08.134+0000] {dagbag.py:538} INFO - Filling up the DagBag from /home/airflow/.local/lib/python3.8/site-packages/airflow/example_dags/example_branch_day_of_week_operator.py
[2026-04-09T04:46:08.140+0000] {processor.py:840} INFO - DAG(s) 'example_weekday_branch_operator' retrieved from /home/airflow/.local/lib/python3.8/site-packages/airflow/example_dags/example_branch_day_of_week_operator.py
[2026-04-09T04:46:08.156+0000] {logging_mixin.py:188} INFO - [2026-04-09T04:46:08.155+0000] {dag.py:3036} INFO - Sync 1 DAGs
[2026-04-09T04:46:08.173+0000] {logging_mixin.py:188} INFO - [2026-04-09T04:46:08.172+0000] {dag.py:3823} INFO - Setting next_dagrun for example_weekday_branch_operator to 2026-04-08 00:00:00+00:00, run_after=2026-04-09 00:00:00+00:00
[2026-04-09T04:46:08.185+0000] {processor.py:183} INFO - Processing /home/airflow/.local/lib/python3.8/site-packages/airflow/example_dags/example_branch_day_of_week_operator.py took 0.055 seconds
[2026-04-09T04:46:38.585+0000] {processor.py:161} INFO - Started process (PID=2082) to work on /home/airflow/.local/lib/python3.8/site-packages/airflow/example_dags/example_branch_day_of_week_operator.py
[2026-04-09T04:46:38.586+0000] {processor.py:830} INFO - Processing file /home/airflow/.local/lib/python3.8/site-packages/airflow/example_dags/example_branch_day_of_week_operator.py for tasks to queue
[2026-04-09T04:46:38.587+0000] {logging_mixin.py:188} INFO - [2026-04-09T04:46:38.586+0000] {dagbag.py:538} INFO - Filling up the DagBag from /home/airflow/.local/lib/python3.8/site-packages/airflow/example_dags/example_branch_day_of_week_operator.py
[2026-04-09T04:46:38.592+0000] {processor.py:840} INFO - DAG(s) 'example_weekday_branch_operator' retrieved from /home/airflow/.local/lib/python3.8/site-packages/airflow/example_dags/example_branch_day_of_week_operator.py
[2026-04-09T04:46:38.607+0000] {logging_mixin.py:188} INFO - [2026-04-09T04:46:38.607+0000] {dag.py:3036} INFO - Sync 1 DAGs
[2026-04-09T04:46:38.731+0000] {logging_mixin.py:188} INFO - [2026-04-09T04:46:38.731+0000] {dag.py:3823} INFO - Setting next_dagrun for example_weekday_branch_operator to 2026-04-08 00:00:00+00:00, run_after=2026-04-09 00:00:00+00:00
[2026-04-09T04:46:38.742+0000] {processor.py:183} INFO - Processing /home/airflow/.local/lib/python3.8/site-packages/airflow/example_dags/example_branch_day_of_week_operator.py took 0.159 seconds
[2026-04-09T04:47:09.072+0000] {processor.py:161} INFO - Started process (PID=2138) to work on /home/airflow/.local/lib/python3.8/site-packages/airflow/example_dags/example_branch_day_of_week_operator.py
[2026-04-09T04:47:09.073+0000] {processor.py:830} INFO - Processing file /home/airflow/.local/lib/python3.8/site-packages/airflow/example_dags/example_branch_day_of_week_operator.py for tasks to queue
[2026-04-09T04:47:09.074+0000] {logging_mixin.py:188} INFO - [2026-04-09T04:47:09.074+0000] {dagbag.py:538} INFO - Filling up the DagBag from /home/airflow/.local/lib/python3.8/site-packages/airflow/example_dags/example_branch_day_of_week_operator.py
[2026-04-09T04:47:09.079+0000] {processor.py:840} INFO - DAG(s) 'example_weekday_branch_operator' retrieved from /home/airflow/.local/lib/python3.8/site-packages/airflow/example_dags/example_branch_day_of_week_operator.py
[2026-04-09T04:47:09.094+0000] {logging_mixin.py:188} INFO - [2026-04-09T04:47:09.093+0000] {dag.py:3036} INFO - Sync 1 DAGs
[2026-04-09T04:47:09.219+0000] {logging_mixin.py:188} INFO - [2026-04-09T04:47:09.219+0000] {dag.py:3823} INFO - Setting next_dagrun for example_weekday_branch_operator to 2026-04-08 00:00:00+00:00, run_after=2026-04-09 00:00:00+00:00
[2026-04-09T04:47:09.229+0000] {processor.py:183} INFO - Processing /home/airflow/.local/lib/python3.8/site-packages/airflow/example_dags/example_branch_day_of_week_operator.py took 0.159 seconds
[2026-04-09T04:47:39.408+0000] {processor.py:161} INFO - Started process (PID=2194) to work on /home/airflow/.local/lib/python3.8/site-packages/airflow/example_dags/example_branch_day_of_week_operator.py
[2026-04-09T04:47:39.409+0000] {processor.py:830} INFO - Processing file /home/airflow/.local/lib/python3.8/site-packages/airflow/example_dags/example_branch_day_of_week_operator.py for tasks to queue
[2026-04-09T04:47:39.411+0000] {logging_mixin.py:188} INFO - [2026-04-09T04:47:39.410+0000] {dagbag.py:538} INFO - Filling up the DagBag from /home/airflow/.local/lib/python3.8/site-packages/airflow/example_dags/example_branch_day_of_week_operator.py
[2026-04-09T04:47:39.416+0000] {processor.py:840} INFO - DAG(s) 'example_weekday_branch_operator' retrieved from /home/airflow/.local/lib/python3.8/site-packages/airflow/example_dags/example_branch_day_of_week_operator.py
[2026-04-09T04:47:39.433+0000] {logging_mixin.py:188} INFO - [2026-04-09T04:47:39.433+0000] {dag.py:3036} INFO - Sync 1 DAGs
[2026-04-09T04:47:39.449+0000] {logging_mixin.py:188} INFO - [2026-04-09T04:47:39.449+0000] {dag.py:3823} INFO - Setting next_dagrun for example_weekday_branch_operator to 2026-04-08 00:00:00+00:00, run_after=2026-04-09 00:00:00+00:00
[2026-04-09T04:47:39.570+0000] {processor.py:183} INFO - Processing /home/airflow/.local/lib/python3.8/site-packages/airflow/example_dags/example_branch_day_of_week_operator.py took 0.164 seconds
[2026-04-09T04:48:09.881+0000] {processor.py:161} INFO - Started process (PID=2250) to work on /home/airflow/.local/lib/python3.8/site-packages/airflow/example_dags/example_branch_day_of_week_operator.py
[2026-04-09T04:48:09.882+0000] {processor.py:830} INFO - Processing file /home/airflow/.local/lib/python3.8/site-packages/airflow/example_dags/example_branch_day_of_week_operator.py for tasks to queue
[2026-04-09T04:48:09.883+0000] {logging_mixin.py:188} INFO - [2026-04-09T04:48:09.883+0000] {dagbag.py:538} INFO - Filling up the DagBag from /home/airflow/.local/lib/python3.8/site-packages/airflow/example_dags/example_branch_day_of_week_operator.py
[2026-04-09T04:48:09.888+0000] {processor.py:840} INFO - DAG(s) 'example_weekday_branch_operator' retrieved from /home/airflow/.local/lib/python3.8/site-packages/airflow/example_dags/example_branch_day_of_week_operator.py
[2026-04-09T04:48:09.903+0000] {logging_mixin.py:188} INFO - [2026-04-09T04:48:09.903+0000] {dag.py:3036} INFO - Sync 1 DAGs
[2026-04-09T04:48:09.919+0000] {logging_mixin.py:188} INFO - [2026-04-09T04:48:09.919+0000] {dag.py:3823} INFO - Setting next_dagrun for example_weekday_branch_operator to 2026-04-08 00:00:00+00:00, run_after=2026-04-09 00:00:00+00:00
[2026-04-09T04:48:09.931+0000] {processor.py:183} INFO - Processing /home/airflow/.local/lib/python3.8/site-packages/airflow/example_dags/example_branch_day_of_week_operator.py took 0.053 seconds
[2026-04-09T04:48:40.490+0000] {processor.py:161} INFO - Started process (PID=2306) to work on /home/airflow/.local/lib/python3.8/site-packages/airflow/example_dags/example_branch_day_of_week_operator.py
[2026-04-09T04:48:40.490+0000] {processor.py:830} INFO - Processing file /home/airflow/.local/lib/python3.8/site-packages/airflow/example_dags/example_branch_day_of_week_operator.py for tasks to queue
[2026-04-09T04:48:40.491+0000] {logging_mixin.py:188} INFO - [2026-04-09T04:48:40.491+0000] {dagbag.py:538} INFO - Filling up the DagBag from /home/airflow/.local/lib/python3.8/site-packages/airflow/example_dags/example_branch_day_of_week_operator.py
[2026-04-09T04:48:40.497+0000] {processor.py:840} INFO - DAG(s) 'example_weekday_branch_operator' retrieved from /home/airflow/.local/lib/python3.8/site-packages/airflow/example_dags/example_branch_day_of_week_operator.py
[2026-04-09T04:48:40.512+0000] {logging_mixin.py:188} INFO - [2026-04-09T04:48:40.512+0000] {dag.py:3036} INFO - Sync 1 DAGs
[2026-04-09T04:48:40.528+0000] {logging_mixin.py:188} INFO - [2026-04-09T04:48:40.528+0000] {dag.py:3823} INFO - Setting next_dagrun for example_weekday_branch_operator to 2026-04-08 00:00:00+00:00, run_after=2026-04-09 00:00:00+00:00
[2026-04-09T04:48:40.539+0000] {processor.py:183} INFO - Processing /home/airflow/.local/lib/python3.8/site-packages/airflow/example_dags/example_branch_day_of_week_operator.py took 0.052 seconds
[2026-04-09T04:49:10.731+0000] {processor.py:161} INFO - Started process (PID=2362) to work on /home/airflow/.local/lib/python3.8/site-packages/airflow/example_dags/example_branch_day_of_week_operator.py
[2026-04-09T04:49:10.732+0000] {processor.py:830} INFO - Processing file /home/airflow/.local/lib/python3.8/site-packages/airflow/example_dags/example_branch_day_of_week_operator.py for tasks to queue
[2026-04-09T04:49:10.733+0000] {logging_mixin.py:188} INFO - [2026-04-09T04:49:10.733+0000] {dagbag.py:538} INFO - Filling up the DagBag from /home/airflow/.local/lib/python3.8/site-packages/airflow/example_dags/example_branch_day_of_week_operator.py
[2026-04-09T04:49:10.738+0000] {processor.py:840} INFO - DAG(s) 'example_weekday_branch_operator' retrieved from /home/airflow/.local/lib/python3.8/site-packages/airflow/example_dags/example_branch_day_of_week_operator.py
[2026-04-09T04:49:10.752+0000] {logging_mixin.py:188} INFO - [2026-04-09T04:49:10.752+0000] {dag.py:3036} INFO - Sync 1 DAGs
[2026-04-09T04:49:10.766+0000] {logging_mixin.py:188} INFO - [2026-04-09T04:49:10.766+0000] {dag.py:3823} INFO - Setting next_dagrun for example_weekday_branch_operator to 2026-04-08 00:00:00+00:00, run_after=2026-04-09 00:00:00+00:00
[2026-04-09T04:49:10.776+0000] {processor.py:183} INFO - Processing /home/airflow/.local/lib/python3.8/site-packages/airflow/example_dags/example_branch_day_of_week_operator.py took 0.048 seconds
[2026-04-09T04:49:41.469+0000] {processor.py:161} INFO - Started process (PID=2424) to work on /home/airflow/.local/lib/python3.8/site-packages/airflow/example_dags/example_branch_day_of_week_operator.py
[2026-04-09T04:49:41.470+0000] {processor.py:830} INFO - Processing file /home/airflow/.local/lib/python3.8/site-packages/airflow/example_dags/example_branch_day_of_week_operator.py for tasks to queue
[2026-04-09T04:49:41.471+0000] {logging_mixin.py:188} INFO - [2026-04-09T04:49:41.471+0000] {dagbag.py:538} INFO - Filling up the DagBag from /home/airflow/.local/lib/python3.8/site-packages/airflow/example_dags/example_branch_day_of_week_operator.py
[2026-04-09T04:49:41.477+0000] {processor.py:840} INFO - DAG(s) 'example_weekday_branch_operator' retrieved from /home/airflow/.local/lib/python3.8/site-packages/airflow/example_dags/example_branch_day_of_week_operator.py
[2026-04-09T04:49:41.491+0000] {logging_mixin.py:188} INFO - [2026-04-09T04:49:41.491+0000] {dag.py:3036} INFO - Sync 1 DAGs
[2026-04-09T04:49:41.505+0000] {logging_mixin.py:188} INFO - [2026-04-09T04:49:41.505+0000] {dag.py:3823} INFO - Setting next_dagrun for example_weekday_branch_operator to 2026-04-08 00:00:00+00:00, run_after=2026-04-09 00:00:00+00:00
[2026-04-09T04:49:41.515+0000] {processor.py:183} INFO - Processing /home/airflow/.local/lib/python3.8/site-packages/airflow/example_dags/example_branch_day_of_week_operator.py took 0.048 seconds
[2026-04-09T04:50:12.151+0000] {processor.py:161} INFO - Started process (PID=2480) to work on /home/airflow/.local/lib/python3.8/site-packages/airflow/example_dags/example_branch_day_of_week_operator.py
[2026-04-09T04:50:12.152+0000] {processor.py:830} INFO - Processing file /home/airflow/.local/lib/python3.8/site-packages/airflow/example_dags/example_branch_day_of_week_operator.py for tasks to queue
[2026-04-09T04:50:12.153+0000] {logging_mixin.py:188} INFO - [2026-04-09T04:50:12.153+0000] {dagbag.py:538} INFO - Filling up the DagBag from /home/airflow/.local/lib/python3.8/site-packages/airflow/example_dags/example_branch_day_of_week_operator.py
[2026-04-09T04:50:12.159+0000] {processor.py:840} INFO - DAG(s) 'example_weekday_branch_operator' retrieved from /home/airflow/.local/lib/python3.8/site-packages/airflow/example_dags/example_branch_day_of_week_operator.py
[2026-04-09T04:50:12.174+0000] {logging_mixin.py:188} INFO - [2026-04-09T04:50:12.174+0000] {dag.py:3036} INFO - Sync 1 DAGs
[2026-04-09T04:50:12.190+0000] {logging_mixin.py:188} INFO - [2026-04-09T04:50:12.190+0000] {dag.py:3823} INFO - Setting next_dagrun for example_weekday_branch_operator to 2026-04-08 00:00:00+00:00, run_after=2026-04-09 00:00:00+00:00
[2026-04-09T04:50:12.201+0000] {processor.py:183} INFO - Processing /home/airflow/.local/lib/python3.8/site-packages/airflow/example_dags/example_branch_day_of_week_operator.py took 0.052 seconds
[2026-04-09T04:50:42.869+0000] {processor.py:161} INFO - Started process (PID=2536) to work on /home/airflow/.local/lib/python3.8/site-packages/airflow/example_dags/example_branch_day_of_week_operator.py
[2026-04-09T04:50:42.870+0000] {processor.py:830} INFO - Processing file /home/airflow/.local/lib/python3.8/site-packages/airflow/example_dags/example_branch_day_of_week_operator.py for tasks to queue
[2026-04-09T04:50:42.871+0000] {logging_mixin.py:188} INFO - [2026-04-09T04:50:42.871+0000] {dagbag.py:538} INFO - Filling up the DagBag from /home/airflow/.local/lib/python3.8/site-packages/airflow/example_dags/example_branch_day_of_week_operator.py
[2026-04-09T04:50:42.877+0000] {processor.py:840} INFO - DAG(s) 'example_weekday_branch_operator' retrieved from /home/airflow/.local/lib/python3.8/site-packages/airflow/example_dags/example_branch_day_of_week_operator.py
[2026-04-09T04:50:42.891+0000] {logging_mixin.py:188} INFO - [2026-04-09T04:50:42.891+0000] {dag.py:3036} INFO - Sync 1 DAGs
[2026-04-09T04:50:42.905+0000] {logging_mixin.py:188} INFO - [2026-04-09T04:50:42.905+0000] {dag.py:3823} INFO - Setting next_dagrun for example_weekday_branch_operator to 2026-04-08 00:00:00+00:00, run_after=2026-04-09 00:00:00+00:00
[2026-04-09T04:50:42.915+0000] {processor.py:183} INFO - Processing /home/airflow/.local/lib/python3.8/site-packages/airflow/example_dags/example_branch_day_of_week_operator.py took 0.048 seconds
[2026-04-09T04:51:13.561+0000] {processor.py:161} INFO - Started process (PID=2592) to work on /home/airflow/.local/lib/python3.8/site-packages/airflow/example_dags/example_branch_day_of_week_operator.py
[2026-04-09T04:51:13.562+0000] {processor.py:830} INFO - Processing file /home/airflow/.local/lib/python3.8/site-packages/airflow/example_dags/example_branch_day_of_week_operator.py for tasks to queue
[2026-04-09T04:51:13.563+0000] {logging_mixin.py:188} INFO - [2026-04-09T04:51:13.563+0000] {dagbag.py:538} INFO - Filling up the DagBag from /home/airflow/.local/lib/python3.8/site-packages/airflow/example_dags/example_branch_day_of_week_operator.py
[2026-04-09T04:51:13.568+0000] {processor.py:840} INFO - DAG(s) 'example_weekday_branch_operator' retrieved from /home/airflow/.local/lib/python3.8/site-packages/airflow/example_dags/example_branch_day_of_week_operator.py
[2026-04-09T04:51:13.582+0000] {logging_mixin.py:188} INFO - [2026-04-09T04:51:13.582+0000] {dag.py:3036} INFO - Sync 1 DAGs
[2026-04-09T04:51:13.598+0000] {logging_mixin.py:188} INFO - [2026-04-09T04:51:13.598+0000] {dag.py:3823} INFO - Setting next_dagrun for example_weekday_branch_operator to 2026-04-08 00:00:00+00:00, run_after=2026-04-09 00:00:00+00:00
[2026-04-09T04:51:13.608+0000] {processor.py:183} INFO - Processing /home/airflow/.local/lib/python3.8/site-packages/airflow/example_dags/example_branch_day_of_week_operator.py took 0.049 seconds
[2026-04-09T04:51:44.175+0000] {processor.py:161} INFO - Started process (PID=2648) to work on /home/airflow/.local/lib/python3.8/site-packages/airflow/example_dags/example_branch_day_of_week_operator.py
[2026-04-09T04:51:44.175+0000] {processor.py:830} INFO - Processing file /home/airflow/.local/lib/python3.8/site-packages/airflow/example_dags/example_branch_day_of_week_operator.py for tasks to queue
[2026-04-09T04:51:44.177+0000] {logging_mixin.py:188} INFO - [2026-04-09T04:51:44.176+0000] {dagbag.py:538} INFO - Filling up the DagBag from /home/airflow/.local/lib/python3.8/site-packages/airflow/example_dags/example_branch_day_of_week_operator.py
[2026-04-09T04:51:44.182+0000] {processor.py:840} INFO - DAG(s) 'example_weekday_branch_operator' retrieved from /home/airflow/.local/lib/python3.8/site-packages/airflow/example_dags/example_branch_day_of_week_operator.py
[2026-04-09T04:51:44.196+0000] {logging_mixin.py:188} INFO - [2026-04-09T04:51:44.196+0000] {dag.py:3036} INFO - Sync 1 DAGs
[2026-04-09T04:51:44.210+0000] {logging_mixin.py:188} INFO - [2026-04-09T04:51:44.210+0000] {dag.py:3823} INFO - Setting next_dagrun for example_weekday_branch_operator to 2026-04-08 00:00:00+00:00, run_after=2026-04-09 00:00:00+00:00
[2026-04-09T04:51:44.220+0000] {processor.py:183} INFO - Processing /home/airflow/.local/lib/python3.8/site-packages/airflow/example_dags/example_branch_day_of_week_operator.py took 0.047 seconds
[2026-04-09T04:52:14.816+0000] {processor.py:161} INFO - Started process (PID=2704) to work on /home/airflow/.local/lib/python3.8/site-packages/airflow/example_dags/example_branch_day_of_week_operator.py
[2026-04-09T04:52:14.817+0000] {processor.py:830} INFO - Processing file /home/airflow/.local/lib/python3.8/site-packages/airflow/example_dags/example_branch_day_of_week_operator.py for tasks to queue
[2026-04-09T04:52:14.818+0000] {logging_mixin.py:188} INFO - [2026-04-09T04:52:14.818+0000] {dagbag.py:538} INFO - Filling up the DagBag from /home/airflow/.local/lib/python3.8/site-packages/airflow/example_dags/example_branch_day_of_week_operator.py
[2026-04-09T04:52:14.823+0000] {processor.py:840} INFO - DAG(s) 'example_weekday_branch_operator' retrieved from /home/airflow/.local/lib/python3.8/site-packages/airflow/example_dags/example_branch_day_of_week_operator.py
[2026-04-09T04:52:14.838+0000] {logging_mixin.py:188} INFO - [2026-04-09T04:52:14.838+0000] {dag.py:3036} INFO - Sync 1 DAGs
[2026-04-09T04:52:14.853+0000] {logging_mixin.py:188} INFO - [2026-04-09T04:52:14.853+0000] {dag.py:3823} INFO - Setting next_dagrun for example_weekday_branch_operator to 2026-04-08 00:00:00+00:00, run_after=2026-04-09 00:00:00+00:00
[2026-04-09T04:52:14.864+0000] {processor.py:183} INFO - Processing /home/airflow/.local/lib/python3.8/site-packages/airflow/example_dags/example_branch_day_of_week_operator.py took 0.050 seconds
[2026-04-09T04:52:45.602+0000] {processor.py:161} INFO - Started process (PID=2760) to work on /home/airflow/.local/lib/python3.8/site-packages/airflow/example_dags/example_branch_day_of_week_operator.py
[2026-04-09T04:52:45.603+0000] {processor.py:830} INFO - Processing file /home/airflow/.local/lib/python3.8/site-packages/airflow/example_dags/example_branch_day_of_week_operator.py for tasks to queue
[2026-04-09T04:52:45.604+0000] {logging_mixin.py:188} INFO - [2026-04-09T04:52:45.604+0000] {dagbag.py:538} INFO - Filling up the DagBag from /home/airflow/.local/lib/python3.8/site-packages/airflow/example_dags/example_branch_day_of_week_operator.py
[2026-04-09T04:52:45.609+0000] {processor.py:840} INFO - DAG(s) 'example_weekday_branch_operator' retrieved from /home/airflow/.local/lib/python3.8/site-packages/airflow/example_dags/example_branch_day_of_week_operator.py
[2026-04-09T04:52:45.624+0000] {logging_mixin.py:188} INFO - [2026-04-09T04:52:45.623+0000] {dag.py:3036} INFO - Sync 1 DAGs
[2026-04-09T04:52:45.638+0000] {logging_mixin.py:188} INFO - [2026-04-09T04:52:45.638+0000] {dag.py:3823} INFO - Setting next_dagrun for example_weekday_branch_operator to 2026-04-08 00:00:00+00:00, run_after=2026-04-09 00:00:00+00:00
[2026-04-09T04:52:45.648+0000] {processor.py:183} INFO - Processing /home/airflow/.local/lib/python3.8/site-packages/airflow/example_dags/example_branch_day_of_week_operator.py took 0.048 seconds
[2026-04-09T04:53:16.298+0000] {processor.py:161} INFO - Started process (PID=2816) to work on /home/airflow/.local/lib/python3.8/site-packages/airflow/example_dags/example_branch_day_of_week_operator.py
[2026-04-09T04:53:16.298+0000] {processor.py:830} INFO - Processing file /home/airflow/.local/lib/python3.8/site-packages/airflow/example_dags/example_branch_day_of_week_operator.py for tasks to queue
[2026-04-09T04:53:16.299+0000] {logging_mixin.py:188} INFO - [2026-04-09T04:53:16.299+0000] {dagbag.py:538} INFO - Filling up the DagBag from /home/airflow/.local/lib/python3.8/site-packages/airflow/example_dags/example_branch_day_of_week_operator.py
[2026-04-09T04:53:16.305+0000] {processor.py:840} INFO - DAG(s) 'example_weekday_branch_operator' retrieved from /home/airflow/.local/lib/python3.8/site-packages/airflow/example_dags/example_branch_day_of_week_operator.py
[2026-04-09T04:53:16.319+0000] {logging_mixin.py:188} INFO - [2026-04-09T04:53:16.319+0000] {dag.py:3036} INFO - Sync 1 DAGs
[2026-04-09T04:53:16.333+0000] {logging_mixin.py:188} INFO - [2026-04-09T04:53:16.333+0000] {dag.py:3823} INFO - Setting next_dagrun for example_weekday_branch_operator to 2026-04-08 00:00:00+00:00, run_after=2026-04-09 00:00:00+00:00
[2026-04-09T04:53:16.344+0000] {processor.py:183} INFO - Processing /home/airflow/.local/lib/python3.8/site-packages/airflow/example_dags/example_branch_day_of_week_operator.py took 0.048 seconds
[2026-04-09T04:53:46.991+0000] {processor.py:161} INFO - Started process (PID=2872) to work on /home/airflow/.local/lib/python3.8/site-packages/airflow/example_dags/example_branch_day_of_week_operator.py
[2026-04-09T04:53:46.992+0000] {processor.py:830} INFO - Processing file /home/airflow/.local/lib/python3.8/site-packages/airflow/example_dags/example_branch_day_of_week_operator.py for tasks to queue
[2026-04-09T04:53:46.993+0000] {logging_mixin.py:188} INFO - [2026-04-09T04:53:46.993+0000] {dagbag.py:538} INFO - Filling up the DagBag from /home/airflow/.local/lib/python3.8/site-packages/airflow/example_dags/example_branch_day_of_week_operator.py
[2026-04-09T04:53:46.998+0000] {processor.py:840} INFO - DAG(s) 'example_weekday_branch_operator' retrieved from /home/airflow/.local/lib/python3.8/site-packages/airflow/example_dags/example_branch_day_of_week_operator.py
[2026-04-09T04:53:47.012+0000] {logging_mixin.py:188} INFO - [2026-04-09T04:53:47.012+0000] {dag.py:3036} INFO - Sync 1 DAGs
[2026-04-09T04:53:47.027+0000] {logging_mixin.py:188} INFO - [2026-04-09T04:53:47.026+0000] {dag.py:3823} INFO - Setting next_dagrun for example_weekday_branch_operator to 2026-04-08 00:00:00+00:00, run_after=2026-04-09 00:00:00+00:00
[2026-04-09T04:53:47.037+0000] {processor.py:183} INFO - Processing /home/airflow/.local/lib/python3.8/site-packages/airflow/example_dags/example_branch_day_of_week_operator.py took 0.048 seconds
[2026-04-09T04:54:17.673+0000] {processor.py:161} INFO - Started process (PID=2928) to work on /home/airflow/.local/lib/python3.8/site-packages/airflow/example_dags/example_branch_day_of_week_operator.py
[2026-04-09T04:54:17.674+0000] {processor.py:830} INFO - Processing file /home/airflow/.local/lib/python3.8/site-packages/airflow/example_dags/example_branch_day_of_week_operator.py for tasks to queue
[2026-04-09T04:54:17.675+0000] {logging_mixin.py:188} INFO - [2026-04-09T04:54:17.675+0000] {dagbag.py:538} INFO - Filling up the DagBag from /home/airflow/.local/lib/python3.8/site-packages/airflow/example_dags/example_branch_day_of_week_operator.py
[2026-04-09T04:54:17.680+0000] {processor.py:840} INFO - DAG(s) 'example_weekday_branch_operator' retrieved from /home/airflow/.local/lib/python3.8/site-packages/airflow/example_dags/example_branch_day_of_week_operator.py
[2026-04-09T04:54:17.694+0000] {logging_mixin.py:188} INFO - [2026-04-09T04:54:17.694+0000] {dag.py:3036} INFO - Sync 1 DAGs
[2026-04-09T04:54:17.709+0000] {logging_mixin.py:188} INFO - [2026-04-09T04:54:17.709+0000] {dag.py:3823} INFO - Setting next_dagrun for example_weekday_branch_operator to 2026-04-08 00:00:00+00:00, run_after=2026-04-09 00:00:00+00:00
[2026-04-09T04:54:17.719+0000] {processor.py:183} INFO - Processing /home/airflow/.local/lib/python3.8/site-packages/airflow/example_dags/example_branch_day_of_week_operator.py took 0.048 seconds
[2026-04-09T04:54:48.326+0000] {processor.py:161} INFO - Started process (PID=2984) to work on /home/airflow/.local/lib/python3.8/site-packages/airflow/example_dags/example_branch_day_of_week_operator.py
[2026-04-09T04:54:48.327+0000] {processor.py:830} INFO - Processing file /home/airflow/.local/lib/python3.8/site-packages/airflow/example_dags/example_branch_day_of_week_operator.py for tasks to queue
[2026-04-09T04:54:48.328+0000] {logging_mixin.py:188} INFO - [2026-04-09T04:54:48.328+0000] {dagbag.py:538} INFO - Filling up the DagBag from /home/airflow/.local/lib/python3.8/site-packages/airflow/example_dags/example_branch_day_of_week_operator.py
[2026-04-09T04:54:48.333+0000] {processor.py:840} INFO - DAG(s) 'example_weekday_branch_operator' retrieved from /home/airflow/.local/lib/python3.8/site-packages/airflow/example_dags/example_branch_day_of_week_operator.py
[2026-04-09T04:54:48.347+0000] {logging_mixin.py:188} INFO - [2026-04-09T04:54:48.347+0000] {dag.py:3036} INFO - Sync 1 DAGs
[2026-04-09T04:54:48.361+0000] {logging_mixin.py:188} INFO - [2026-04-09T04:54:48.361+0000] {dag.py:3823} INFO - Setting next_dagrun for example_weekday_branch_operator to 2026-04-08 00:00:00+00:00, run_after=2026-04-09 00:00:00+00:00
[2026-04-09T04:54:48.372+0000] {processor.py:183} INFO - Processing /home/airflow/.local/lib/python3.8/site-packages/airflow/example_dags/example_branch_day_of_week_operator.py took 0.048 seconds
[2026-04-09T04:55:19.041+0000] {processor.py:161} INFO - Started process (PID=3040) to work on /home/airflow/.local/lib/python3.8/site-packages/airflow/example_dags/example_branch_day_of_week_operator.py
[2026-04-09T04:55:19.042+0000] {processor.py:830} INFO - Processing file /home/airflow/.local/lib/python3.8/site-packages/airflow/example_dags/example_branch_day_of_week_operator.py for tasks to queue
[2026-04-09T04:55:19.043+0000] {logging_mixin.py:188} INFO - [2026-04-09T04:55:19.043+0000] {dagbag.py:538} INFO - Filling up the DagBag from /home/airflow/.local/lib/python3.8/site-packages/airflow/example_dags/example_branch_day_of_week_operator.py
[2026-04-09T04:55:19.049+0000] {processor.py:840} INFO - DAG(s) 'example_weekday_branch_operator' retrieved from /home/airflow/.local/lib/python3.8/site-packages/airflow/example_dags/example_branch_day_of_week_operator.py
[2026-04-09T04:55:19.063+0000] {logging_mixin.py:188} INFO - [2026-04-09T04:55:19.063+0000] {dag.py:3036} INFO - Sync 1 DAGs
[2026-04-09T04:55:19.078+0000] {logging_mixin.py:188} INFO - [2026-04-09T04:55:19.078+0000] {dag.py:3823} INFO - Setting next_dagrun for example_weekday_branch_operator to 2026-04-08 00:00:00+00:00, run_after=2026-04-09 00:00:00+00:00
[2026-04-09T04:55:19.088+0000] {processor.py:183} INFO - Processing /home/airflow/.local/lib/python3.8/site-packages/airflow/example_dags/example_branch_day_of_week_operator.py took 0.049 seconds
[2026-04-09T04:55:49.686+0000] {processor.py:161} INFO - Started process (PID=3096) to work on /home/airflow/.local/lib/python3.8/site-packages/airflow/example_dags/example_branch_day_of_week_operator.py
[2026-04-09T04:55:49.687+0000] {processor.py:830} INFO - Processing file /home/airflow/.local/lib/python3.8/site-packages/airflow/example_dags/example_branch_day_of_week_operator.py for tasks to queue
[2026-04-09T04:55:49.688+0000] {logging_mixin.py:188} INFO - [2026-04-09T04:55:49.688+0000] {dagbag.py:538} INFO - Filling up the DagBag from /home/airflow/.local/lib/python3.8/site-packages/airflow/example_dags/example_branch_day_of_week_operator.py
[2026-04-09T04:55:49.693+0000] {processor.py:840} INFO - DAG(s) 'example_weekday_branch_operator' retrieved from /home/airflow/.local/lib/python3.8/site-packages/airflow/example_dags/example_branch_day_of_week_operator.py
[2026-04-09T04:55:49.708+0000] {logging_mixin.py:188} INFO - [2026-04-09T04:55:49.708+0000] {dag.py:3036} INFO - Sync 1 DAGs
[2026-04-09T04:55:49.723+0000] {logging_mixin.py:188} INFO - [2026-04-09T04:55:49.723+0000] {dag.py:3823} INFO - Setting next_dagrun for example_weekday_branch_operator to 2026-04-08 00:00:00+00:00, run_after=2026-04-09 00:00:00+00:00
[2026-04-09T04:55:49.734+0000] {processor.py:183} INFO - Processing /home/airflow/.local/lib/python3.8/site-packages/airflow/example_dags/example_branch_day_of_week_operator.py took 0.050 seconds
[2026-04-09T04:56:20.403+0000] {processor.py:161} INFO - Started process (PID=3152) to work on /home/airflow/.local/lib/python3.8/site-packages/airflow/example_dags/example_branch_day_of_week_operator.py
[2026-04-09T04:56:20.404+0000] {processor.py:830} INFO - Processing file /home/airflow/.local/lib/python3.8/site-packages/airflow/example_dags/example_branch_day_of_week_operator.py for tasks to queue
[2026-04-09T04:56:20.405+0000] {logging_mixin.py:188} INFO - [2026-04-09T04:56:20.405+0000] {dagbag.py:538} INFO - Filling up the DagBag from /home/airflow/.local/lib/python3.8/site-packages/airflow/example_dags/example_branch_day_of_week_operator.py
[2026-04-09T04:56:20.411+0000] {processor.py:840} INFO - DAG(s) 'example_weekday_branch_operator' retrieved from /home/airflow/.local/lib/python3.8/site-packages/airflow/example_dags/example_branch_day_of_week_operator.py
[2026-04-09T04:56:20.425+0000] {logging_mixin.py:188} INFO - [2026-04-09T04:56:20.425+0000] {dag.py:3036} INFO - Sync 1 DAGs
[2026-04-09T04:56:20.439+0000] {logging_mixin.py:188} INFO - [2026-04-09T04:56:20.439+0000] {dag.py:3823} INFO - Setting next_dagrun for example_weekday_branch_operator to 2026-04-08 00:00:00+00:00, run_after=2026-04-09 00:00:00+00:00
[2026-04-09T04:56:20.449+0000] {processor.py:183} INFO - Processing /home/airflow/.local/lib/python3.8/site-packages/airflow/example_dags/example_branch_day_of_week_operator.py took 0.049 seconds
[2026-04-09T04:56:51.139+0000] {processor.py:161} INFO - Started process (PID=3208) to work on /home/airflow/.local/lib/python3.8/site-packages/airflow/example_dags/example_branch_day_of_week_operator.py
[2026-04-09T04:56:51.140+0000] {processor.py:830} INFO - Processing file /home/airflow/.local/lib/python3.8/site-packages/airflow/example_dags/example_branch_day_of_week_operator.py for tasks to queue
[2026-04-09T04:56:51.141+0000] {logging_mixin.py:188} INFO - [2026-04-09T04:56:51.141+0000] {dagbag.py:538} INFO - Filling up the DagBag from /home/airflow/.local/lib/python3.8/site-packages/airflow/example_dags/example_branch_day_of_week_operator.py
[2026-04-09T04:56:51.146+0000] {processor.py:840} INFO - DAG(s) 'example_weekday_branch_operator' retrieved from /home/airflow/.local/lib/python3.8/site-packages/airflow/example_dags/example_branch_day_of_week_operator.py
[2026-04-09T04:56:51.160+0000] {logging_mixin.py:188} INFO - [2026-04-09T04:56:51.160+0000] {dag.py:3036} INFO - Sync 1 DAGs
[2026-04-09T04:56:51.175+0000] {logging_mixin.py:188} INFO - [2026-04-09T04:56:51.175+0000] {dag.py:3823} INFO - Setting next_dagrun for example_weekday_branch_operator to 2026-04-08 00:00:00+00:00, run_after=2026-04-09 00:00:00+00:00
[2026-04-09T04:56:51.185+0000] {processor.py:183} INFO - Processing /home/airflow/.local/lib/python3.8/site-packages/airflow/example_dags/example_branch_day_of_week_operator.py took 0.048 seconds
[2026-04-09T04:57:21.805+0000] {processor.py:161} INFO - Started process (PID=3264) to work on /home/airflow/.local/lib/python3.8/site-packages/airflow/example_dags/example_branch_day_of_week_operator.py
[2026-04-09T04:57:21.806+0000] {processor.py:830} INFO - Processing file /home/airflow/.local/lib/python3.8/site-packages/airflow/example_dags/example_branch_day_of_week_operator.py for tasks to queue
[2026-04-09T04:57:21.807+0000] {logging_mixin.py:188} INFO - [2026-04-09T04:57:21.807+0000] {dagbag.py:538} INFO - Filling up the DagBag from /home/airflow/.local/lib/python3.8/site-packages/airflow/example_dags/example_branch_day_of_week_operator.py
[2026-04-09T04:57:21.812+0000] {processor.py:840} INFO - DAG(s) 'example_weekday_branch_operator' retrieved from /home/airflow/.local/lib/python3.8/site-packages/airflow/example_dags/example_branch_day_of_week_operator.py
[2026-04-09T04:57:21.827+0000] {logging_mixin.py:188} INFO - [2026-04-09T04:57:21.827+0000] {dag.py:3036} INFO - Sync 1 DAGs
[2026-04-09T04:57:21.843+0000] {logging_mixin.py:188} INFO - [2026-04-09T04:57:21.843+0000] {dag.py:3823} INFO - Setting next_dagrun for example_weekday_branch_operator to 2026-04-08 00:00:00+00:00, run_after=2026-04-09 00:00:00+00:00
[2026-04-09T04:57:21.854+0000] {processor.py:183} INFO - Processing /home/airflow/.local/lib/python3.8/site-packages/airflow/example_dags/example_branch_day_of_week_operator.py took 0.051 seconds
[2026-04-09T04:57:52.524+0000] {processor.py:161} INFO - Started process (PID=3320) to work on /home/airflow/.local/lib/python3.8/site-packages/airflow/example_dags/example_branch_day_of_week_operator.py
[2026-04-09T04:57:52.525+0000] {processor.py:830} INFO - Processing file /home/airflow/.local/lib/python3.8/site-packages/airflow/example_dags/example_branch_day_of_week_operator.py for tasks to queue
[2026-04-09T04:57:52.526+0000] {logging_mixin.py:188} INFO - [2026-04-09T04:57:52.526+0000] {dagbag.py:538} INFO - Filling up the DagBag from /home/airflow/.local/lib/python3.8/site-packages/airflow/example_dags/example_branch_day_of_week_operator.py
[2026-04-09T04:57:52.532+0000] {processor.py:840} INFO - DAG(s) 'example_weekday_branch_operator' retrieved from /home/airflow/.local/lib/python3.8/site-packages/airflow/example_dags/example_branch_day_of_week_operator.py
[2026-04-09T04:57:52.548+0000] {logging_mixin.py:188} INFO - [2026-04-09T04:57:52.547+0000] {dag.py:3036} INFO - Sync 1 DAGs
[2026-04-09T04:57:52.564+0000] {logging_mixin.py:188} INFO - [2026-04-09T04:57:52.564+0000] {dag.py:3823} INFO - Setting next_dagrun for example_weekday_branch_operator to 2026-04-08 00:00:00+00:00, run_after=2026-04-09 00:00:00+00:00
[2026-04-09T04:57:52.575+0000] {processor.py:183} INFO - Processing /home/airflow/.local/lib/python3.8/site-packages/airflow/example_dags/example_branch_day_of_week_operator.py took 0.053 seconds
[2026-04-09T04:58:23.369+0000] {processor.py:161} INFO - Started process (PID=3376) to work on /home/airflow/.local/lib/python3.8/site-packages/airflow/example_dags/example_branch_day_of_week_operator.py
[2026-04-09T04:58:23.370+0000] {processor.py:830} INFO - Processing file /home/airflow/.local/lib/python3.8/site-packages/airflow/example_dags/example_branch_day_of_week_operator.py for tasks to queue
[2026-04-09T04:58:23.371+0000] {logging_mixin.py:188} INFO - [2026-04-09T04:58:23.371+0000] {dagbag.py:538} INFO - Filling up the DagBag from /home/airflow/.local/lib/python3.8/site-packages/airflow/example_dags/example_branch_day_of_week_operator.py
[2026-04-09T04:58:23.377+0000] {processor.py:840} INFO - DAG(s) 'example_weekday_branch_operator' retrieved from /home/airflow/.local/lib/python3.8/site-packages/airflow/example_dags/example_branch_day_of_week_operator.py
[2026-04-09T04:58:23.393+0000] {logging_mixin.py:188} INFO - [2026-04-09T04:58:23.393+0000] {dag.py:3036} INFO - Sync 1 DAGs
[2026-04-09T04:58:23.410+0000] {logging_mixin.py:188} INFO - [2026-04-09T04:58:23.410+0000] {dag.py:3823} INFO - Setting next_dagrun for example_weekday_branch_operator to 2026-04-08 00:00:00+00:00, run_after=2026-04-09 00:00:00+00:00
[2026-04-09T04:58:23.423+0000] {processor.py:183} INFO - Processing /home/airflow/.local/lib/python3.8/site-packages/airflow/example_dags/example_branch_day_of_week_operator.py took 0.057 seconds
[2026-04-09T04:58:53.491+0000] {processor.py:161} INFO - Started process (PID=3432) to work on /home/airflow/.local/lib/python3.8/site-packages/airflow/example_dags/example_branch_day_of_week_operator.py
[2026-04-09T04:58:53.492+0000] {processor.py:830} INFO - Processing file /home/airflow/.local/lib/python3.8/site-packages/airflow/example_dags/example_branch_day_of_week_operator.py for tasks to queue
[2026-04-09T04:58:53.493+0000] {logging_mixin.py:188} INFO - [2026-04-09T04:58:53.493+0000] {dagbag.py:538} INFO - Filling up the DagBag from /home/airflow/.local/lib/python3.8/site-packages/airflow/example_dags/example_branch_day_of_week_operator.py
[2026-04-09T04:58:53.498+0000] {processor.py:840} INFO - DAG(s) 'example_weekday_branch_operator' retrieved from /home/airflow/.local/lib/python3.8/site-packages/airflow/example_dags/example_branch_day_of_week_operator.py
[2026-04-09T04:58:53.513+0000] {logging_mixin.py:188} INFO - [2026-04-09T04:58:53.513+0000] {dag.py:3036} INFO - Sync 1 DAGs
[2026-04-09T04:58:53.527+0000] {logging_mixin.py:188} INFO - [2026-04-09T04:58:53.527+0000] {dag.py:3823} INFO - Setting next_dagrun for example_weekday_branch_operator to 2026-04-08 00:00:00+00:00, run_after=2026-04-09 00:00:00+00:00
[2026-04-09T04:58:53.538+0000] {processor.py:183} INFO - Processing /home/airflow/.local/lib/python3.8/site-packages/airflow/example_dags/example_branch_day_of_week_operator.py took 0.049 seconds
[2026-04-09T04:59:23.584+0000] {processor.py:161} INFO - Started process (PID=3488) to work on /home/airflow/.local/lib/python3.8/site-packages/airflow/example_dags/example_branch_day_of_week_operator.py
[2026-04-09T04:59:23.585+0000] {processor.py:830} INFO - Processing file /home/airflow/.local/lib/python3.8/site-packages/airflow/example_dags/example_branch_day_of_week_operator.py for tasks to queue
[2026-04-09T04:59:23.586+0000] {logging_mixin.py:188} INFO - [2026-04-09T04:59:23.586+0000] {dagbag.py:538} INFO - Filling up the DagBag from /home/airflow/.local/lib/python3.8/site-packages/airflow/example_dags/example_branch_day_of_week_operator.py
[2026-04-09T04:59:23.591+0000] {processor.py:840} INFO - DAG(s) 'example_weekday_branch_operator' retrieved from /home/airflow/.local/lib/python3.8/site-packages/airflow/example_dags/example_branch_day_of_week_operator.py
[2026-04-09T04:59:23.607+0000] {logging_mixin.py:188} INFO - [2026-04-09T04:59:23.606+0000] {dag.py:3036} INFO - Sync 1 DAGs
[2026-04-09T04:59:23.621+0000] {logging_mixin.py:188} INFO - [2026-04-09T04:59:23.621+0000] {dag.py:3823} INFO - Setting next_dagrun for example_weekday_branch_operator to 2026-04-08 00:00:00+00:00, run_after=2026-04-09 00:00:00+00:00
[2026-04-09T04:59:23.632+0000] {processor.py:183} INFO - Processing /home/airflow/.local/lib/python3.8/site-packages/airflow/example_dags/example_branch_day_of_week_operator.py took 0.050 seconds
[2026-04-09T04:59:53.736+0000] {processor.py:161} INFO - Started process (PID=3544) to work on /home/airflow/.local/lib/python3.8/site-packages/airflow/example_dags/example_branch_day_of_week_operator.py
[2026-04-09T04:59:53.737+0000] {processor.py:830} INFO - Processing file /home/airflow/.local/lib/python3.8/site-packages/airflow/example_dags/example_branch_day_of_week_operator.py for tasks to queue
[2026-04-09T04:59:53.738+0000] {logging_mixin.py:188} INFO - [2026-04-09T04:59:53.738+0000] {dagbag.py:538} INFO - Filling up the DagBag from /home/airflow/.local/lib/python3.8/site-packages/airflow/example_dags/example_branch_day_of_week_operator.py
[2026-04-09T04:59:53.743+0000] {processor.py:840} INFO - DAG(s) 'example_weekday_branch_operator' retrieved from /home/airflow/.local/lib/python3.8/site-packages/airflow/example_dags/example_branch_day_of_week_operator.py
[2026-04-09T04:59:53.760+0000] {logging_mixin.py:188} INFO - [2026-04-09T04:59:53.760+0000] {dag.py:3036} INFO - Sync 1 DAGs
[2026-04-09T04:59:53.778+0000] {logging_mixin.py:188} INFO - [2026-04-09T04:59:53.778+0000] {dag.py:3823} INFO - Setting next_dagrun for example_weekday_branch_operator to 2026-04-08 00:00:00+00:00, run_after=2026-04-09 00:00:00+00:00
[2026-04-09T04:59:53.792+0000] {processor.py:183} INFO - Processing /home/airflow/.local/lib/python3.8/site-packages/airflow/example_dags/example_branch_day_of_week_operator.py took 0.058 seconds
[2026-04-09T05:00:23.923+0000] {processor.py:161} INFO - Started process (PID=3600) to work on /home/airflow/.local/lib/python3.8/site-packages/airflow/example_dags/example_branch_day_of_week_operator.py
[2026-04-09T05:00:23.924+0000] {processor.py:830} INFO - Processing file /home/airflow/.local/lib/python3.8/site-packages/airflow/example_dags/example_branch_day_of_week_operator.py for tasks to queue
[2026-04-09T05:00:23.925+0000] {logging_mixin.py:188} INFO - [2026-04-09T05:00:23.925+0000] {dagbag.py:538} INFO - Filling up the DagBag from /home/airflow/.local/lib/python3.8/site-packages/airflow/example_dags/example_branch_day_of_week_operator.py
[2026-04-09T05:00:23.930+0000] {processor.py:840} INFO - DAG(s) 'example_weekday_branch_operator' retrieved from /home/airflow/.local/lib/python3.8/site-packages/airflow/example_dags/example_branch_day_of_week_operator.py
[2026-04-09T05:00:23.944+0000] {logging_mixin.py:188} INFO - [2026-04-09T05:00:23.944+0000] {dag.py:3036} INFO - Sync 1 DAGs
[2026-04-09T05:00:23.959+0000] {logging_mixin.py:188} INFO - [2026-04-09T05:00:23.959+0000] {dag.py:3823} INFO - Setting next_dagrun for example_weekday_branch_operator to 2026-04-08 00:00:00+00:00, run_after=2026-04-09 00:00:00+00:00
[2026-04-09T05:00:23.969+0000] {processor.py:183} INFO - Processing /home/airflow/.local/lib/python3.8/site-packages/airflow/example_dags/example_branch_day_of_week_operator.py took 0.048 seconds
[2026-04-09T05:00:54.874+0000] {processor.py:161} INFO - Started process (PID=3656) to work on /home/airflow/.local/lib/python3.8/site-packages/airflow/example_dags/example_branch_day_of_week_operator.py
[2026-04-09T05:00:54.874+0000] {processor.py:830} INFO - Processing file /home/airflow/.local/lib/python3.8/site-packages/airflow/example_dags/example_branch_day_of_week_operator.py for tasks to queue
[2026-04-09T05:00:54.875+0000] {logging_mixin.py:188} INFO - [2026-04-09T05:00:54.875+0000] {dagbag.py:538} INFO - Filling up the DagBag from /home/airflow/.local/lib/python3.8/site-packages/airflow/example_dags/example_branch_day_of_week_operator.py
[2026-04-09T05:00:54.880+0000] {processor.py:840} INFO - DAG(s) 'example_weekday_branch_operator' retrieved from /home/airflow/.local/lib/python3.8/site-packages/airflow/example_dags/example_branch_day_of_week_operator.py
[2026-04-09T05:00:54.895+0000] {logging_mixin.py:188} INFO - [2026-04-09T05:00:54.895+0000] {dag.py:3036} INFO - Sync 1 DAGs
[2026-04-09T05:00:54.910+0000] {logging_mixin.py:188} INFO - [2026-04-09T05:00:54.910+0000] {dag.py:3823} INFO - Setting next_dagrun for example_weekday_branch_operator to 2026-04-08 00:00:00+00:00, run_after=2026-04-09 00:00:00+00:00
[2026-04-09T05:00:54.920+0000] {processor.py:183} INFO - Processing /home/airflow/.local/lib/python3.8/site-packages/airflow/example_dags/example_branch_day_of_week_operator.py took 0.049 seconds
[2026-04-09T05:01:24.996+0000] {processor.py:161} INFO - Started process (PID=3712) to work on /home/airflow/.local/lib/python3.8/site-packages/airflow/example_dags/example_branch_day_of_week_operator.py
[2026-04-09T05:01:24.996+0000] {processor.py:830} INFO - Processing file /home/airflow/.local/lib/python3.8/site-packages/airflow/example_dags/example_branch_day_of_week_operator.py for tasks to queue
[2026-04-09T05:01:24.998+0000] {logging_mixin.py:188} INFO - [2026-04-09T05:01:24.997+0000] {dagbag.py:538} INFO - Filling up the DagBag from /home/airflow/.local/lib/python3.8/site-packages/airflow/example_dags/example_branch_day_of_week_operator.py
[2026-04-09T05:01:25.003+0000] {processor.py:840} INFO - DAG(s) 'example_weekday_branch_operator' retrieved from /home/airflow/.local/lib/python3.8/site-packages/airflow/example_dags/example_branch_day_of_week_operator.py
[2026-04-09T05:01:25.018+0000] {logging_mixin.py:188} INFO - [2026-04-09T05:01:25.018+0000] {dag.py:3036} INFO - Sync 1 DAGs
[2026-04-09T05:01:25.035+0000] {logging_mixin.py:188} INFO - [2026-04-09T05:01:25.035+0000] {dag.py:3823} INFO - Setting next_dagrun for example_weekday_branch_operator to 2026-04-08 00:00:00+00:00, run_after=2026-04-09 00:00:00+00:00
[2026-04-09T05:01:25.047+0000] {processor.py:183} INFO - Processing /home/airflow/.local/lib/python3.8/site-packages/airflow/example_dags/example_branch_day_of_week_operator.py took 0.053 seconds
[2026-04-09T05:01:55.095+0000] {processor.py:161} INFO - Started process (PID=3768) to work on /home/airflow/.local/lib/python3.8/site-packages/airflow/example_dags/example_branch_day_of_week_operator.py
[2026-04-09T05:01:55.096+0000] {processor.py:830} INFO - Processing file /home/airflow/.local/lib/python3.8/site-packages/airflow/example_dags/example_branch_day_of_week_operator.py for tasks to queue
[2026-04-09T05:01:55.097+0000] {logging_mixin.py:188} INFO - [2026-04-09T05:01:55.097+0000] {dagbag.py:538} INFO - Filling up the DagBag from /home/airflow/.local/lib/python3.8/site-packages/airflow/example_dags/example_branch_day_of_week_operator.py
[2026-04-09T05:01:55.102+0000] {processor.py:840} INFO - DAG(s) 'example_weekday_branch_operator' retrieved from /home/airflow/.local/lib/python3.8/site-packages/airflow/example_dags/example_branch_day_of_week_operator.py
[2026-04-09T05:01:55.117+0000] {logging_mixin.py:188} INFO - [2026-04-09T05:01:55.117+0000] {dag.py:3036} INFO - Sync 1 DAGs
[2026-04-09T05:01:55.132+0000] {logging_mixin.py:188} INFO - [2026-04-09T05:01:55.132+0000] {dag.py:3823} INFO - Setting next_dagrun for example_weekday_branch_operator to 2026-04-08 00:00:00+00:00, run_after=2026-04-09 00:00:00+00:00
[2026-04-09T05:01:55.142+0000] {processor.py:183} INFO - Processing /home/airflow/.local/lib/python3.8/site-packages/airflow/example_dags/example_branch_day_of_week_operator.py took 0.049 seconds
[2026-04-09T05:02:25.203+0000] {processor.py:161} INFO - Started process (PID=3824) to work on /home/airflow/.local/lib/python3.8/site-packages/airflow/example_dags/example_branch_day_of_week_operator.py
[2026-04-09T05:02:25.203+0000] {processor.py:830} INFO - Processing file /home/airflow/.local/lib/python3.8/site-packages/airflow/example_dags/example_branch_day_of_week_operator.py for tasks to queue
[2026-04-09T05:02:25.205+0000] {logging_mixin.py:188} INFO - [2026-04-09T05:02:25.204+0000] {dagbag.py:538} INFO - Filling up the DagBag from /home/airflow/.local/lib/python3.8/site-packages/airflow/example_dags/example_branch_day_of_week_operator.py
[2026-04-09T05:02:25.210+0000] {processor.py:840} INFO - DAG(s) 'example_weekday_branch_operator' retrieved from /home/airflow/.local/lib/python3.8/site-packages/airflow/example_dags/example_branch_day_of_week_operator.py
[2026-04-09T05:02:25.226+0000] {logging_mixin.py:188} INFO - [2026-04-09T05:02:25.226+0000] {dag.py:3036} INFO - Sync 1 DAGs
[2026-04-09T05:02:25.242+0000] {logging_mixin.py:188} INFO - [2026-04-09T05:02:25.242+0000] {dag.py:3823} INFO - Setting next_dagrun for example_weekday_branch_operator to 2026-04-08 00:00:00+00:00, run_after=2026-04-09 00:00:00+00:00
[2026-04-09T05:02:25.254+0000] {processor.py:183} INFO - Processing /home/airflow/.local/lib/python3.8/site-packages/airflow/example_dags/example_branch_day_of_week_operator.py took 0.054 seconds
[2026-04-09T05:02:55.341+0000] {processor.py:161} INFO - Started process (PID=3880) to work on /home/airflow/.local/lib/python3.8/site-packages/airflow/example_dags/example_branch_day_of_week_operator.py
[2026-04-09T05:02:55.342+0000] {processor.py:830} INFO - Processing file /home/airflow/.local/lib/python3.8/site-packages/airflow/example_dags/example_branch_day_of_week_operator.py for tasks to queue
[2026-04-09T05:02:55.343+0000] {logging_mixin.py:188} INFO - [2026-04-09T05:02:55.343+0000] {dagbag.py:538} INFO - Filling up the DagBag from /home/airflow/.local/lib/python3.8/site-packages/airflow/example_dags/example_branch_day_of_week_operator.py
[2026-04-09T05:02:55.348+0000] {processor.py:840} INFO - DAG(s) 'example_weekday_branch_operator' retrieved from /home/airflow/.local/lib/python3.8/site-packages/airflow/example_dags/example_branch_day_of_week_operator.py
[2026-04-09T05:02:55.362+0000] {logging_mixin.py:188} INFO - [2026-04-09T05:02:55.362+0000] {dag.py:3036} INFO - Sync 1 DAGs
[2026-04-09T05:02:55.376+0000] {logging_mixin.py:188} INFO - [2026-04-09T05:02:55.375+0000] {dag.py:3823} INFO - Setting next_dagrun for example_weekday_branch_operator to 2026-04-08 00:00:00+00:00, run_after=2026-04-09 00:00:00+00:00
[2026-04-09T05:02:55.386+0000] {processor.py:183} INFO - Processing /home/airflow/.local/lib/python3.8/site-packages/airflow/example_dags/example_branch_day_of_week_operator.py took 0.047 seconds
[2026-04-09T05:03:25.507+0000] {processor.py:161} INFO - Started process (PID=3936) to work on /home/airflow/.local/lib/python3.8/site-packages/airflow/example_dags/example_branch_day_of_week_operator.py
[2026-04-09T05:03:25.508+0000] {processor.py:830} INFO - Processing file /home/airflow/.local/lib/python3.8/site-packages/airflow/example_dags/example_branch_day_of_week_operator.py for tasks to queue
[2026-04-09T05:03:25.510+0000] {logging_mixin.py:188} INFO - [2026-04-09T05:03:25.510+0000] {dagbag.py:538} INFO - Filling up the DagBag from /home/airflow/.local/lib/python3.8/site-packages/airflow/example_dags/example_branch_day_of_week_operator.py
[2026-04-09T05:03:25.516+0000] {processor.py:840} INFO - DAG(s) 'example_weekday_branch_operator' retrieved from /home/airflow/.local/lib/python3.8/site-packages/airflow/example_dags/example_branch_day_of_week_operator.py
[2026-04-09T05:03:25.532+0000] {logging_mixin.py:188} INFO - [2026-04-09T05:03:25.532+0000] {dag.py:3036} INFO - Sync 1 DAGs
[2026-04-09T05:03:25.550+0000] {logging_mixin.py:188} INFO - [2026-04-09T05:03:25.550+0000] {dag.py:3823} INFO - Setting next_dagrun for example_weekday_branch_operator to 2026-04-08 00:00:00+00:00, run_after=2026-04-09 00:00:00+00:00
[2026-04-09T05:03:25.564+0000] {processor.py:183} INFO - Processing /home/airflow/.local/lib/python3.8/site-packages/airflow/example_dags/example_branch_day_of_week_operator.py took 0.059 seconds
[2026-04-09T05:03:56.360+0000] {processor.py:161} INFO - Started process (PID=3992) to work on /home/airflow/.local/lib/python3.8/site-packages/airflow/example_dags/example_branch_day_of_week_operator.py
[2026-04-09T05:03:56.361+0000] {processor.py:830} INFO - Processing file /home/airflow/.local/lib/python3.8/site-packages/airflow/example_dags/example_branch_day_of_week_operator.py for tasks to queue
[2026-04-09T05:03:56.363+0000] {logging_mixin.py:188} INFO - [2026-04-09T05:03:56.362+0000] {dagbag.py:538} INFO - Filling up the DagBag from /home/airflow/.local/lib/python3.8/site-packages/airflow/example_dags/example_branch_day_of_week_operator.py
[2026-04-09T05:03:56.368+0000] {processor.py:840} INFO - DAG(s) 'example_weekday_branch_operator' retrieved from /home/airflow/.local/lib/python3.8/site-packages/airflow/example_dags/example_branch_day_of_week_operator.py
[2026-04-09T05:03:56.387+0000] {logging_mixin.py:188} INFO - [2026-04-09T05:03:56.386+0000] {dag.py:3036} INFO - Sync 1 DAGs
[2026-04-09T05:03:56.406+0000] {logging_mixin.py:188} INFO - [2026-04-09T05:03:56.406+0000] {dag.py:3823} INFO - Setting next_dagrun for example_weekday_branch_operator to 2026-04-08 00:00:00+00:00, run_after=2026-04-09 00:00:00+00:00
[2026-04-09T05:03:56.421+0000] {processor.py:183} INFO - Processing /home/airflow/.local/lib/python3.8/site-packages/airflow/example_dags/example_branch_day_of_week_operator.py took 0.064 seconds
[2026-04-09T05:04:27.174+0000] {processor.py:161} INFO - Started process (PID=4048) to work on /home/airflow/.local/lib/python3.8/site-packages/airflow/example_dags/example_branch_day_of_week_operator.py
[2026-04-09T05:04:27.174+0000] {processor.py:830} INFO - Processing file /home/airflow/.local/lib/python3.8/site-packages/airflow/example_dags/example_branch_day_of_week_operator.py for tasks to queue
[2026-04-09T05:04:27.175+0000] {logging_mixin.py:188} INFO - [2026-04-09T05:04:27.175+0000] {dagbag.py:538} INFO - Filling up the DagBag from /home/airflow/.local/lib/python3.8/site-packages/airflow/example_dags/example_branch_day_of_week_operator.py
[2026-04-09T05:04:27.180+0000] {processor.py:840} INFO - DAG(s) 'example_weekday_branch_operator' retrieved from /home/airflow/.local/lib/python3.8/site-packages/airflow/example_dags/example_branch_day_of_week_operator.py
[2026-04-09T05:04:27.194+0000] {logging_mixin.py:188} INFO - [2026-04-09T05:04:27.194+0000] {dag.py:3036} INFO - Sync 1 DAGs
[2026-04-09T05:04:27.209+0000] {logging_mixin.py:188} INFO - [2026-04-09T05:04:27.209+0000] {dag.py:3823} INFO - Setting next_dagrun for example_weekday_branch_operator to 2026-04-08 00:00:00+00:00, run_after=2026-04-09 00:00:00+00:00
[2026-04-09T05:04:27.220+0000] {processor.py:183} INFO - Processing /home/airflow/.local/lib/python3.8/site-packages/airflow/example_dags/example_branch_day_of_week_operator.py took 0.048 seconds
[2026-04-09T05:04:57.919+0000] {processor.py:161} INFO - Started process (PID=4104) to work on /home/airflow/.local/lib/python3.8/site-packages/airflow/example_dags/example_branch_day_of_week_operator.py
[2026-04-09T05:04:57.920+0000] {processor.py:830} INFO - Processing file /home/airflow/.local/lib/python3.8/site-packages/airflow/example_dags/example_branch_day_of_week_operator.py for tasks to queue
[2026-04-09T05:04:57.921+0000] {logging_mixin.py:188} INFO - [2026-04-09T05:04:57.921+0000] {dagbag.py:538} INFO - Filling up the DagBag from /home/airflow/.local/lib/python3.8/site-packages/airflow/example_dags/example_branch_day_of_week_operator.py
[2026-04-09T05:04:57.926+0000] {processor.py:840} INFO - DAG(s) 'example_weekday_branch_operator' retrieved from /home/airflow/.local/lib/python3.8/site-packages/airflow/example_dags/example_branch_day_of_week_operator.py
[2026-04-09T05:04:57.940+0000] {logging_mixin.py:188} INFO - [2026-04-09T05:04:57.940+0000] {dag.py:3036} INFO - Sync 1 DAGs
[2026-04-09T05:04:57.955+0000] {logging_mixin.py:188} INFO - [2026-04-09T05:04:57.955+0000] {dag.py:3823} INFO - Setting next_dagrun for example_weekday_branch_operator to 2026-04-08 00:00:00+00:00, run_after=2026-04-09 00:00:00+00:00
[2026-04-09T05:04:57.965+0000] {processor.py:183} INFO - Processing /home/airflow/.local/lib/python3.8/site-packages/airflow/example_dags/example_branch_day_of_week_operator.py took 0.048 seconds
[2026-04-09T05:05:28.504+0000] {processor.py:161} INFO - Started process (PID=4160) to work on /home/airflow/.local/lib/python3.8/site-packages/airflow/example_dags/example_branch_day_of_week_operator.py
[2026-04-09T05:05:28.505+0000] {processor.py:830} INFO - Processing file /home/airflow/.local/lib/python3.8/site-packages/airflow/example_dags/example_branch_day_of_week_operator.py for tasks to queue
[2026-04-09T05:05:28.506+0000] {logging_mixin.py:188} INFO - [2026-04-09T05:05:28.506+0000] {dagbag.py:538} INFO - Filling up the DagBag from /home/airflow/.local/lib/python3.8/site-packages/airflow/example_dags/example_branch_day_of_week_operator.py
[2026-04-09T05:05:28.511+0000] {processor.py:840} INFO - DAG(s) 'example_weekday_branch_operator' retrieved from /home/airflow/.local/lib/python3.8/site-packages/airflow/example_dags/example_branch_day_of_week_operator.py
[2026-04-09T05:05:28.525+0000] {logging_mixin.py:188} INFO - [2026-04-09T05:05:28.525+0000] {dag.py:3036} INFO - Sync 1 DAGs
[2026-04-09T05:05:28.540+0000] {logging_mixin.py:188} INFO - [2026-04-09T05:05:28.540+0000] {dag.py:3823} INFO - Setting next_dagrun for example_weekday_branch_operator to 2026-04-08 00:00:00+00:00, run_after=2026-04-09 00:00:00+00:00
[2026-04-09T05:05:28.550+0000] {processor.py:183} INFO - Processing /home/airflow/.local/lib/python3.8/site-packages/airflow/example_dags/example_branch_day_of_week_operator.py took 0.049 seconds
[2026-04-09T05:05:59.315+0000] {processor.py:161} INFO - Started process (PID=4216) to work on /home/airflow/.local/lib/python3.8/site-packages/airflow/example_dags/example_branch_day_of_week_operator.py
[2026-04-09T05:05:59.316+0000] {processor.py:830} INFO - Processing file /home/airflow/.local/lib/python3.8/site-packages/airflow/example_dags/example_branch_day_of_week_operator.py for tasks to queue
[2026-04-09T05:05:59.317+0000] {logging_mixin.py:188} INFO - [2026-04-09T05:05:59.317+0000] {dagbag.py:538} INFO - Filling up the DagBag from /home/airflow/.local/lib/python3.8/site-packages/airflow/example_dags/example_branch_day_of_week_operator.py
[2026-04-09T05:05:59.322+0000] {processor.py:840} INFO - DAG(s) 'example_weekday_branch_operator' retrieved from /home/airflow/.local/lib/python3.8/site-packages/airflow/example_dags/example_branch_day_of_week_operator.py
[2026-04-09T05:05:59.337+0000] {logging_mixin.py:188} INFO - [2026-04-09T05:05:59.336+0000] {dag.py:3036} INFO - Sync 1 DAGs
[2026-04-09T05:05:59.353+0000] {logging_mixin.py:188} INFO - [2026-04-09T05:05:59.353+0000] {dag.py:3823} INFO - Setting next_dagrun for example_weekday_branch_operator to 2026-04-08 00:00:00+00:00, run_after=2026-04-09 00:00:00+00:00
[2026-04-09T05:05:59.365+0000] {processor.py:183} INFO - Processing /home/airflow/.local/lib/python3.8/site-packages/airflow/example_dags/example_branch_day_of_week_operator.py took 0.052 seconds
[2026-04-09T05:06:30.135+0000] {processor.py:161} INFO - Started process (PID=4272) to work on /home/airflow/.local/lib/python3.8/site-packages/airflow/example_dags/example_branch_day_of_week_operator.py
[2026-04-09T05:06:30.135+0000] {processor.py:830} INFO - Processing file /home/airflow/.local/lib/python3.8/site-packages/airflow/example_dags/example_branch_day_of_week_operator.py for tasks to queue
[2026-04-09T05:06:30.136+0000] {logging_mixin.py:188} INFO - [2026-04-09T05:06:30.136+0000] {dagbag.py:538} INFO - Filling up the DagBag from /home/airflow/.local/lib/python3.8/site-packages/airflow/example_dags/example_branch_day_of_week_operator.py
[2026-04-09T05:06:30.141+0000] {processor.py:840} INFO - DAG(s) 'example_weekday_branch_operator' retrieved from /home/airflow/.local/lib/python3.8/site-packages/airflow/example_dags/example_branch_day_of_week_operator.py
[2026-04-09T05:06:30.155+0000] {logging_mixin.py:188} INFO - [2026-04-09T05:06:30.155+0000] {dag.py:3036} INFO - Sync 1 DAGs
[2026-04-09T05:06:30.170+0000] {logging_mixin.py:188} INFO - [2026-04-09T05:06:30.170+0000] {dag.py:3823} INFO - Setting next_dagrun for example_weekday_branch_operator to 2026-04-08 00:00:00+00:00, run_after=2026-04-09 00:00:00+00:00
[2026-04-09T05:06:30.181+0000] {processor.py:183} INFO - Processing /home/airflow/.local/lib/python3.8/site-packages/airflow/example_dags/example_branch_day_of_week_operator.py took 0.049 seconds
[2026-04-09T05:07:01.000+0000] {processor.py:161} INFO - Started process (PID=4328) to work on /home/airflow/.local/lib/python3.8/site-packages/airflow/example_dags/example_branch_day_of_week_operator.py
[2026-04-09T05:07:01.000+0000] {processor.py:830} INFO - Processing file /home/airflow/.local/lib/python3.8/site-packages/airflow/example_dags/example_branch_day_of_week_operator.py for tasks to queue
[2026-04-09T05:07:01.002+0000] {logging_mixin.py:188} INFO - [2026-04-09T05:07:01.001+0000] {dagbag.py:538} INFO - Filling up the DagBag from /home/airflow/.local/lib/python3.8/site-packages/airflow/example_dags/example_branch_day_of_week_operator.py
[2026-04-09T05:07:01.008+0000] {processor.py:840} INFO - DAG(s) 'example_weekday_branch_operator' retrieved from /home/airflow/.local/lib/python3.8/site-packages/airflow/example_dags/example_branch_day_of_week_operator.py
[2026-04-09T05:07:01.026+0000] {logging_mixin.py:188} INFO - [2026-04-09T05:07:01.026+0000] {dag.py:3036} INFO - Sync 1 DAGs
[2026-04-09T05:07:01.043+0000] {logging_mixin.py:188} INFO - [2026-04-09T05:07:01.043+0000] {dag.py:3823} INFO - Setting next_dagrun for example_weekday_branch_operator to 2026-04-08 00:00:00+00:00, run_after=2026-04-09 00:00:00+00:00
[2026-04-09T05:07:01.057+0000] {processor.py:183} INFO - Processing /home/airflow/.local/lib/python3.8/site-packages/airflow/example_dags/example_branch_day_of_week_operator.py took 0.060 seconds
[2026-04-09T05:07:31.746+0000] {processor.py:161} INFO - Started process (PID=4384) to work on /home/airflow/.local/lib/python3.8/site-packages/airflow/example_dags/example_branch_day_of_week_operator.py
[2026-04-09T05:07:31.747+0000] {processor.py:830} INFO - Processing file /home/airflow/.local/lib/python3.8/site-packages/airflow/example_dags/example_branch_day_of_week_operator.py for tasks to queue
[2026-04-09T05:07:31.748+0000] {logging_mixin.py:188} INFO - [2026-04-09T05:07:31.748+0000] {dagbag.py:538} INFO - Filling up the DagBag from /home/airflow/.local/lib/python3.8/site-packages/airflow/example_dags/example_branch_day_of_week_operator.py
[2026-04-09T05:07:31.754+0000] {processor.py:840} INFO - DAG(s) 'example_weekday_branch_operator' retrieved from /home/airflow/.local/lib/python3.8/site-packages/airflow/example_dags/example_branch_day_of_week_operator.py
[2026-04-09T05:07:31.768+0000] {logging_mixin.py:188} INFO - [2026-04-09T05:07:31.768+0000] {dag.py:3036} INFO - Sync 1 DAGs
[2026-04-09T05:07:31.782+0000] {logging_mixin.py:188} INFO - [2026-04-09T05:07:31.782+0000] {dag.py:3823} INFO - Setting next_dagrun for example_weekday_branch_operator to 2026-04-08 00:00:00+00:00, run_after=2026-04-09 00:00:00+00:00
[2026-04-09T05:07:31.792+0000] {processor.py:183} INFO - Processing /home/airflow/.local/lib/python3.8/site-packages/airflow/example_dags/example_branch_day_of_week_operator.py took 0.048 seconds
[2026-04-09T05:08:02.557+0000] {processor.py:161} INFO - Started process (PID=4440) to work on /home/airflow/.local/lib/python3.8/site-packages/airflow/example_dags/example_branch_day_of_week_operator.py
[2026-04-09T05:08:02.558+0000] {processor.py:830} INFO - Processing file /home/airflow/.local/lib/python3.8/site-packages/airflow/example_dags/example_branch_day_of_week_operator.py for tasks to queue
[2026-04-09T05:08:02.559+0000] {logging_mixin.py:188} INFO - [2026-04-09T05:08:02.559+0000] {dagbag.py:538} INFO - Filling up the DagBag from /home/airflow/.local/lib/python3.8/site-packages/airflow/example_dags/example_branch_day_of_week_operator.py
[2026-04-09T05:08:02.564+0000] {processor.py:840} INFO - DAG(s) 'example_weekday_branch_operator' retrieved from /home/airflow/.local/lib/python3.8/site-packages/airflow/example_dags/example_branch_day_of_week_operator.py
[2026-04-09T05:08:02.580+0000] {logging_mixin.py:188} INFO - [2026-04-09T05:08:02.580+0000] {dag.py:3036} INFO - Sync 1 DAGs
[2026-04-09T05:08:02.596+0000] {logging_mixin.py:188} INFO - [2026-04-09T05:08:02.596+0000] {dag.py:3823} INFO - Setting next_dagrun for example_weekday_branch_operator to 2026-04-08 00:00:00+00:00, run_after=2026-04-09 00:00:00+00:00
[2026-04-09T05:08:02.607+0000] {processor.py:183} INFO - Processing /home/airflow/.local/lib/python3.8/site-packages/airflow/example_dags/example_branch_day_of_week_operator.py took 0.052 seconds
[2026-04-09T05:08:33.413+0000] {processor.py:161} INFO - Started process (PID=4496) to work on /home/airflow/.local/lib/python3.8/site-packages/airflow/example_dags/example_branch_day_of_week_operator.py
[2026-04-09T05:08:33.413+0000] {processor.py:830} INFO - Processing file /home/airflow/.local/lib/python3.8/site-packages/airflow/example_dags/example_branch_day_of_week_operator.py for tasks to queue
[2026-04-09T05:08:33.415+0000] {logging_mixin.py:188} INFO - [2026-04-09T05:08:33.414+0000] {dagbag.py:538} INFO - Filling up the DagBag from /home/airflow/.local/lib/python3.8/site-packages/airflow/example_dags/example_branch_day_of_week_operator.py
[2026-04-09T05:08:33.420+0000] {processor.py:840} INFO - DAG(s) 'example_weekday_branch_operator' retrieved from /home/airflow/.local/lib/python3.8/site-packages/airflow/example_dags/example_branch_day_of_week_operator.py
[2026-04-09T05:08:33.434+0000] {logging_mixin.py:188} INFO - [2026-04-09T05:08:33.434+0000] {dag.py:3036} INFO - Sync 1 DAGs
[2026-04-09T05:08:33.448+0000] {logging_mixin.py:188} INFO - [2026-04-09T05:08:33.448+0000] {dag.py:3823} INFO - Setting next_dagrun for example_weekday_branch_operator to 2026-04-08 00:00:00+00:00, run_after=2026-04-09 00:00:00+00:00
[2026-04-09T05:08:33.458+0000] {processor.py:183} INFO - Processing /home/airflow/.local/lib/python3.8/site-packages/airflow/example_dags/example_branch_day_of_week_operator.py took 0.047 seconds
[2026-04-09T05:09:04.105+0000] {processor.py:161} INFO - Started process (PID=4552) to work on /home/airflow/.local/lib/python3.8/site-packages/airflow/example_dags/example_branch_day_of_week_operator.py
[2026-04-09T05:09:04.106+0000] {processor.py:830} INFO - Processing file /home/airflow/.local/lib/python3.8/site-packages/airflow/example_dags/example_branch_day_of_week_operator.py for tasks to queue
[2026-04-09T05:09:04.107+0000] {logging_mixin.py:188} INFO - [2026-04-09T05:09:04.107+0000] {dagbag.py:538} INFO - Filling up the DagBag from /home/airflow/.local/lib/python3.8/site-packages/airflow/example_dags/example_branch_day_of_week_operator.py
[2026-04-09T05:09:04.112+0000] {processor.py:840} INFO - DAG(s) 'example_weekday_branch_operator' retrieved from /home/airflow/.local/lib/python3.8/site-packages/airflow/example_dags/example_branch_day_of_week_operator.py
[2026-04-09T05:09:04.127+0000] {logging_mixin.py:188} INFO - [2026-04-09T05:09:04.126+0000] {dag.py:3036} INFO - Sync 1 DAGs
[2026-04-09T05:09:04.141+0000] {logging_mixin.py:188} INFO - [2026-04-09T05:09:04.141+0000] {dag.py:3823} INFO - Setting next_dagrun for example_weekday_branch_operator to 2026-04-08 00:00:00+00:00, run_after=2026-04-09 00:00:00+00:00
[2026-04-09T05:09:04.151+0000] {processor.py:183} INFO - Processing /home/airflow/.local/lib/python3.8/site-packages/airflow/example_dags/example_branch_day_of_week_operator.py took 0.048 seconds
[2026-04-09T05:09:34.840+0000] {processor.py:161} INFO - Started process (PID=4608) to work on /home/airflow/.local/lib/python3.8/site-packages/airflow/example_dags/example_branch_day_of_week_operator.py
[2026-04-09T05:09:34.841+0000] {processor.py:830} INFO - Processing file /home/airflow/.local/lib/python3.8/site-packages/airflow/example_dags/example_branch_day_of_week_operator.py for tasks to queue
[2026-04-09T05:09:34.842+0000] {logging_mixin.py:188} INFO - [2026-04-09T05:09:34.842+0000] {dagbag.py:538} INFO - Filling up the DagBag from /home/airflow/.local/lib/python3.8/site-packages/airflow/example_dags/example_branch_day_of_week_operator.py
[2026-04-09T05:09:34.847+0000] {processor.py:840} INFO - DAG(s) 'example_weekday_branch_operator' retrieved from /home/airflow/.local/lib/python3.8/site-packages/airflow/example_dags/example_branch_day_of_week_operator.py
[2026-04-09T05:09:34.862+0000] {logging_mixin.py:188} INFO - [2026-04-09T05:09:34.862+0000] {dag.py:3036} INFO - Sync 1 DAGs
[2026-04-09T05:09:34.877+0000] {logging_mixin.py:188} INFO - [2026-04-09T05:09:34.876+0000] {dag.py:3823} INFO - Setting next_dagrun for example_weekday_branch_operator to 2026-04-08 00:00:00+00:00, run_after=2026-04-09 00:00:00+00:00
[2026-04-09T05:09:34.887+0000] {processor.py:183} INFO - Processing /home/airflow/.local/lib/python3.8/site-packages/airflow/example_dags/example_branch_day_of_week_operator.py took 0.049 seconds
[2026-04-09T05:10:05.685+0000] {processor.py:161} INFO - Started process (PID=4664) to work on /home/airflow/.local/lib/python3.8/site-packages/airflow/example_dags/example_branch_day_of_week_operator.py
[2026-04-09T05:10:05.686+0000] {processor.py:830} INFO - Processing file /home/airflow/.local/lib/python3.8/site-packages/airflow/example_dags/example_branch_day_of_week_operator.py for tasks to queue
[2026-04-09T05:10:05.687+0000] {logging_mixin.py:188} INFO - [2026-04-09T05:10:05.687+0000] {dagbag.py:538} INFO - Filling up the DagBag from /home/airflow/.local/lib/python3.8/site-packages/airflow/example_dags/example_branch_day_of_week_operator.py
[2026-04-09T05:10:05.692+0000] {processor.py:840} INFO - DAG(s) 'example_weekday_branch_operator' retrieved from /home/airflow/.local/lib/python3.8/site-packages/airflow/example_dags/example_branch_day_of_week_operator.py
[2026-04-09T05:10:05.709+0000] {logging_mixin.py:188} INFO - [2026-04-09T05:10:05.709+0000] {dag.py:3036} INFO - Sync 1 DAGs
[2026-04-09T05:10:05.724+0000] {logging_mixin.py:188} INFO - [2026-04-09T05:10:05.724+0000] {dag.py:3823} INFO - Setting next_dagrun for example_weekday_branch_operator to 2026-04-08 00:00:00+00:00, run_after=2026-04-09 00:00:00+00:00
[2026-04-09T05:10:05.735+0000] {processor.py:183} INFO - Processing /home/airflow/.local/lib/python3.8/site-packages/airflow/example_dags/example_branch_day_of_week_operator.py took 0.052 seconds
[2026-04-09T05:10:36.504+0000] {processor.py:161} INFO - Started process (PID=4720) to work on /home/airflow/.local/lib/python3.8/site-packages/airflow/example_dags/example_branch_day_of_week_operator.py
[2026-04-09T05:10:36.505+0000] {processor.py:830} INFO - Processing file /home/airflow/.local/lib/python3.8/site-packages/airflow/example_dags/example_branch_day_of_week_operator.py for tasks to queue
[2026-04-09T05:10:36.506+0000] {logging_mixin.py:188} INFO - [2026-04-09T05:10:36.506+0000] {dagbag.py:538} INFO - Filling up the DagBag from /home/airflow/.local/lib/python3.8/site-packages/airflow/example_dags/example_branch_day_of_week_operator.py
[2026-04-09T05:10:36.511+0000] {processor.py:840} INFO - DAG(s) 'example_weekday_branch_operator' retrieved from /home/airflow/.local/lib/python3.8/site-packages/airflow/example_dags/example_branch_day_of_week_operator.py
[2026-04-09T05:10:36.527+0000] {logging_mixin.py:188} INFO - [2026-04-09T05:10:36.526+0000] {dag.py:3036} INFO - Sync 1 DAGs
[2026-04-09T05:10:36.542+0000] {logging_mixin.py:188} INFO - [2026-04-09T05:10:36.541+0000] {dag.py:3823} INFO - Setting next_dagrun for example_weekday_branch_operator to 2026-04-08 00:00:00+00:00, run_after=2026-04-09 00:00:00+00:00
[2026-04-09T05:10:36.552+0000] {processor.py:183} INFO - Processing /home/airflow/.local/lib/python3.8/site-packages/airflow/example_dags/example_branch_day_of_week_operator.py took 0.050 seconds
[2026-04-09T05:11:07.302+0000] {processor.py:161} INFO - Started process (PID=4776) to work on /home/airflow/.local/lib/python3.8/site-packages/airflow/example_dags/example_branch_day_of_week_operator.py
[2026-04-09T05:11:07.302+0000] {processor.py:830} INFO - Processing file /home/airflow/.local/lib/python3.8/site-packages/airflow/example_dags/example_branch_day_of_week_operator.py for tasks to queue
[2026-04-09T05:11:07.303+0000] {logging_mixin.py:188} INFO - [2026-04-09T05:11:07.303+0000] {dagbag.py:538} INFO - Filling up the DagBag from /home/airflow/.local/lib/python3.8/site-packages/airflow/example_dags/example_branch_day_of_week_operator.py
[2026-04-09T05:11:07.308+0000] {processor.py:840} INFO - DAG(s) 'example_weekday_branch_operator' retrieved from /home/airflow/.local/lib/python3.8/site-packages/airflow/example_dags/example_branch_day_of_week_operator.py
[2026-04-09T05:11:07.324+0000] {logging_mixin.py:188} INFO - [2026-04-09T05:11:07.323+0000] {dag.py:3036} INFO - Sync 1 DAGs
[2026-04-09T05:11:07.338+0000] {logging_mixin.py:188} INFO - [2026-04-09T05:11:07.338+0000] {dag.py:3823} INFO - Setting next_dagrun for example_weekday_branch_operator to 2026-04-08 00:00:00+00:00, run_after=2026-04-09 00:00:00+00:00
[2026-04-09T05:11:07.347+0000] {processor.py:183} INFO - Processing /home/airflow/.local/lib/python3.8/site-packages/airflow/example_dags/example_branch_day_of_week_operator.py took 0.048 seconds
[2026-04-09T05:11:38.091+0000] {processor.py:161} INFO - Started process (PID=4832) to work on /home/airflow/.local/lib/python3.8/site-packages/airflow/example_dags/example_branch_day_of_week_operator.py
[2026-04-09T05:11:38.092+0000] {processor.py:830} INFO - Processing file /home/airflow/.local/lib/python3.8/site-packages/airflow/example_dags/example_branch_day_of_week_operator.py for tasks to queue
[2026-04-09T05:11:38.093+0000] {logging_mixin.py:188} INFO - [2026-04-09T05:11:38.093+0000] {dagbag.py:538} INFO - Filling up the DagBag from /home/airflow/.local/lib/python3.8/site-packages/airflow/example_dags/example_branch_day_of_week_operator.py
[2026-04-09T05:11:38.098+0000] {processor.py:840} INFO - DAG(s) 'example_weekday_branch_operator' retrieved from /home/airflow/.local/lib/python3.8/site-packages/airflow/example_dags/example_branch_day_of_week_operator.py
[2026-04-09T05:11:38.113+0000] {logging_mixin.py:188} INFO - [2026-04-09T05:11:38.112+0000] {dag.py:3036} INFO - Sync 1 DAGs
[2026-04-09T05:11:38.127+0000] {logging_mixin.py:188} INFO - [2026-04-09T05:11:38.127+0000] {dag.py:3823} INFO - Setting next_dagrun for example_weekday_branch_operator to 2026-04-08 00:00:00+00:00, run_after=2026-04-09 00:00:00+00:00
[2026-04-09T05:11:38.138+0000] {processor.py:183} INFO - Processing /home/airflow/.local/lib/python3.8/site-packages/airflow/example_dags/example_branch_day_of_week_operator.py took 0.049 seconds
[2026-04-09T05:12:08.794+0000] {processor.py:161} INFO - Started process (PID=4888) to work on /home/airflow/.local/lib/python3.8/site-packages/airflow/example_dags/example_branch_day_of_week_operator.py
[2026-04-09T05:12:08.795+0000] {processor.py:830} INFO - Processing file /home/airflow/.local/lib/python3.8/site-packages/airflow/example_dags/example_branch_day_of_week_operator.py for tasks to queue
[2026-04-09T05:12:08.796+0000] {logging_mixin.py:188} INFO - [2026-04-09T05:12:08.796+0000] {dagbag.py:538} INFO - Filling up the DagBag from /home/airflow/.local/lib/python3.8/site-packages/airflow/example_dags/example_branch_day_of_week_operator.py
[2026-04-09T05:12:08.801+0000] {processor.py:840} INFO - DAG(s) 'example_weekday_branch_operator' retrieved from /home/airflow/.local/lib/python3.8/site-packages/airflow/example_dags/example_branch_day_of_week_operator.py
[2026-04-09T05:12:08.816+0000] {logging_mixin.py:188} INFO - [2026-04-09T05:12:08.815+0000] {dag.py:3036} INFO - Sync 1 DAGs
[2026-04-09T05:12:08.830+0000] {logging_mixin.py:188} INFO - [2026-04-09T05:12:08.830+0000] {dag.py:3823} INFO - Setting next_dagrun for example_weekday_branch_operator to 2026-04-08 00:00:00+00:00, run_after=2026-04-09 00:00:00+00:00
[2026-04-09T05:12:08.840+0000] {processor.py:183} INFO - Processing /home/airflow/.local/lib/python3.8/site-packages/airflow/example_dags/example_branch_day_of_week_operator.py took 0.048 seconds
[2026-04-09T05:12:39.550+0000] {processor.py:161} INFO - Started process (PID=4944) to work on /home/airflow/.local/lib/python3.8/site-packages/airflow/example_dags/example_branch_day_of_week_operator.py
[2026-04-09T05:12:39.551+0000] {processor.py:830} INFO - Processing file /home/airflow/.local/lib/python3.8/site-packages/airflow/example_dags/example_branch_day_of_week_operator.py for tasks to queue
[2026-04-09T05:12:39.552+0000] {logging_mixin.py:188} INFO - [2026-04-09T05:12:39.552+0000] {dagbag.py:538} INFO - Filling up the DagBag from /home/airflow/.local/lib/python3.8/site-packages/airflow/example_dags/example_branch_day_of_week_operator.py
[2026-04-09T05:12:39.557+0000] {processor.py:840} INFO - DAG(s) 'example_weekday_branch_operator' retrieved from /home/airflow/.local/lib/python3.8/site-packages/airflow/example_dags/example_branch_day_of_week_operator.py
[2026-04-09T05:12:39.572+0000] {logging_mixin.py:188} INFO - [2026-04-09T05:12:39.572+0000] {dag.py:3036} INFO - Sync 1 DAGs
[2026-04-09T05:12:39.587+0000] {logging_mixin.py:188} INFO - [2026-04-09T05:12:39.587+0000] {dag.py:3823} INFO - Setting next_dagrun for example_weekday_branch_operator to 2026-04-08 00:00:00+00:00, run_after=2026-04-09 00:00:00+00:00
[2026-04-09T05:12:39.597+0000] {processor.py:183} INFO - Processing /home/airflow/.local/lib/python3.8/site-packages/airflow/example_dags/example_branch_day_of_week_operator.py took 0.049 seconds
[2026-04-09T05:13:10.263+0000] {processor.py:161} INFO - Started process (PID=5000) to work on /home/airflow/.local/lib/python3.8/site-packages/airflow/example_dags/example_branch_day_of_week_operator.py
[2026-04-09T05:13:10.264+0000] {processor.py:830} INFO - Processing file /home/airflow/.local/lib/python3.8/site-packages/airflow/example_dags/example_branch_day_of_week_operator.py for tasks to queue
[2026-04-09T05:13:10.265+0000] {logging_mixin.py:188} INFO - [2026-04-09T05:13:10.265+0000] {dagbag.py:538} INFO - Filling up the DagBag from /home/airflow/.local/lib/python3.8/site-packages/airflow/example_dags/example_branch_day_of_week_operator.py
[2026-04-09T05:13:10.270+0000] {processor.py:840} INFO - DAG(s) 'example_weekday_branch_operator' retrieved from /home/airflow/.local/lib/python3.8/site-packages/airflow/example_dags/example_branch_day_of_week_operator.py
[2026-04-09T05:13:10.284+0000] {logging_mixin.py:188} INFO - [2026-04-09T05:13:10.284+0000] {dag.py:3036} INFO - Sync 1 DAGs
[2026-04-09T05:13:10.300+0000] {logging_mixin.py:188} INFO - [2026-04-09T05:13:10.300+0000] {dag.py:3823} INFO - Setting next_dagrun for example_weekday_branch_operator to 2026-04-08 00:00:00+00:00, run_after=2026-04-09 00:00:00+00:00
[2026-04-09T05:13:10.311+0000] {processor.py:183} INFO - Processing /home/airflow/.local/lib/python3.8/site-packages/airflow/example_dags/example_branch_day_of_week_operator.py took 0.050 seconds
[2026-04-09T05:13:40.968+0000] {processor.py:161} INFO - Started process (PID=5056) to work on /home/airflow/.local/lib/python3.8/site-packages/airflow/example_dags/example_branch_day_of_week_operator.py
[2026-04-09T05:13:40.968+0000] {processor.py:830} INFO - Processing file /home/airflow/.local/lib/python3.8/site-packages/airflow/example_dags/example_branch_day_of_week_operator.py for tasks to queue
[2026-04-09T05:13:40.969+0000] {logging_mixin.py:188} INFO - [2026-04-09T05:13:40.969+0000] {dagbag.py:538} INFO - Filling up the DagBag from /home/airflow/.local/lib/python3.8/site-packages/airflow/example_dags/example_branch_day_of_week_operator.py
[2026-04-09T05:13:40.975+0000] {processor.py:840} INFO - DAG(s) 'example_weekday_branch_operator' retrieved from /home/airflow/.local/lib/python3.8/site-packages/airflow/example_dags/example_branch_day_of_week_operator.py
[2026-04-09T05:13:40.989+0000] {logging_mixin.py:188} INFO - [2026-04-09T05:13:40.989+0000] {dag.py:3036} INFO - Sync 1 DAGs
[2026-04-09T05:13:41.004+0000] {logging_mixin.py:188} INFO - [2026-04-09T05:13:41.003+0000] {dag.py:3823} INFO - Setting next_dagrun for example_weekday_branch_operator to 2026-04-08 00:00:00+00:00, run_after=2026-04-09 00:00:00+00:00
[2026-04-09T05:13:41.016+0000] {processor.py:183} INFO - Processing /home/airflow/.local/lib/python3.8/site-packages/airflow/example_dags/example_branch_day_of_week_operator.py took 0.051 seconds
[2026-04-09T05:14:11.753+0000] {processor.py:161} INFO - Started process (PID=5112) to work on /home/airflow/.local/lib/python3.8/site-packages/airflow/example_dags/example_branch_day_of_week_operator.py
[2026-04-09T05:14:11.754+0000] {processor.py:830} INFO - Processing file /home/airflow/.local/lib/python3.8/site-packages/airflow/example_dags/example_branch_day_of_week_operator.py for tasks to queue
[2026-04-09T05:14:11.755+0000] {logging_mixin.py:188} INFO - [2026-04-09T05:14:11.755+0000] {dagbag.py:538} INFO - Filling up the DagBag from /home/airflow/.local/lib/python3.8/site-packages/airflow/example_dags/example_branch_day_of_week_operator.py
[2026-04-09T05:14:11.760+0000] {processor.py:840} INFO - DAG(s) 'example_weekday_branch_operator' retrieved from /home/airflow/.local/lib/python3.8/site-packages/airflow/example_dags/example_branch_day_of_week_operator.py
[2026-04-09T05:14:11.774+0000] {logging_mixin.py:188} INFO - [2026-04-09T05:14:11.774+0000] {dag.py:3036} INFO - Sync 1 DAGs
[2026-04-09T05:14:11.788+0000] {logging_mixin.py:188} INFO - [2026-04-09T05:14:11.788+0000] {dag.py:3823} INFO - Setting next_dagrun for example_weekday_branch_operator to 2026-04-08 00:00:00+00:00, run_after=2026-04-09 00:00:00+00:00
[2026-04-09T05:14:11.799+0000] {processor.py:183} INFO - Processing /home/airflow/.local/lib/python3.8/site-packages/airflow/example_dags/example_branch_day_of_week_operator.py took 0.048 seconds
[2026-04-09T05:14:42.534+0000] {processor.py:161} INFO - Started process (PID=5168) to work on /home/airflow/.local/lib/python3.8/site-packages/airflow/example_dags/example_branch_day_of_week_operator.py
[2026-04-09T05:14:42.535+0000] {processor.py:830} INFO - Processing file /home/airflow/.local/lib/python3.8/site-packages/airflow/example_dags/example_branch_day_of_week_operator.py for tasks to queue
[2026-04-09T05:14:42.536+0000] {logging_mixin.py:188} INFO - [2026-04-09T05:14:42.536+0000] {dagbag.py:538} INFO - Filling up the DagBag from /home/airflow/.local/lib/python3.8/site-packages/airflow/example_dags/example_branch_day_of_week_operator.py
[2026-04-09T05:14:42.541+0000] {processor.py:840} INFO - DAG(s) 'example_weekday_branch_operator' retrieved from /home/airflow/.local/lib/python3.8/site-packages/airflow/example_dags/example_branch_day_of_week_operator.py
[2026-04-09T05:14:42.556+0000] {logging_mixin.py:188} INFO - [2026-04-09T05:14:42.555+0000] {dag.py:3036} INFO - Sync 1 DAGs
[2026-04-09T05:14:42.570+0000] {logging_mixin.py:188} INFO - [2026-04-09T05:14:42.570+0000] {dag.py:3823} INFO - Setting next_dagrun for example_weekday_branch_operator to 2026-04-08 00:00:00+00:00, run_after=2026-04-09 00:00:00+00:00
[2026-04-09T05:14:42.580+0000] {processor.py:183} INFO - Processing /home/airflow/.local/lib/python3.8/site-packages/airflow/example_dags/example_branch_day_of_week_operator.py took 0.048 seconds
[2026-04-09T05:15:13.387+0000] {processor.py:161} INFO - Started process (PID=5224) to work on /home/airflow/.local/lib/python3.8/site-packages/airflow/example_dags/example_branch_day_of_week_operator.py
[2026-04-09T05:15:13.387+0000] {processor.py:830} INFO - Processing file /home/airflow/.local/lib/python3.8/site-packages/airflow/example_dags/example_branch_day_of_week_operator.py for tasks to queue
[2026-04-09T05:15:13.389+0000] {logging_mixin.py:188} INFO - [2026-04-09T05:15:13.388+0000] {dagbag.py:538} INFO - Filling up the DagBag from /home/airflow/.local/lib/python3.8/site-packages/airflow/example_dags/example_branch_day_of_week_operator.py
[2026-04-09T05:15:13.394+0000] {processor.py:840} INFO - DAG(s) 'example_weekday_branch_operator' retrieved from /home/airflow/.local/lib/python3.8/site-packages/airflow/example_dags/example_branch_day_of_week_operator.py
[2026-04-09T05:15:13.408+0000] {logging_mixin.py:188} INFO - [2026-04-09T05:15:13.408+0000] {dag.py:3036} INFO - Sync 1 DAGs
[2026-04-09T05:15:13.423+0000] {logging_mixin.py:188} INFO - [2026-04-09T05:15:13.422+0000] {dag.py:3823} INFO - Setting next_dagrun for example_weekday_branch_operator to 2026-04-08 00:00:00+00:00, run_after=2026-04-09 00:00:00+00:00
[2026-04-09T05:15:13.433+0000] {processor.py:183} INFO - Processing /home/airflow/.local/lib/python3.8/site-packages/airflow/example_dags/example_branch_day_of_week_operator.py took 0.048 seconds
[2026-04-09T05:15:44.099+0000] {processor.py:161} INFO - Started process (PID=5280) to work on /home/airflow/.local/lib/python3.8/site-packages/airflow/example_dags/example_branch_day_of_week_operator.py
[2026-04-09T05:15:44.100+0000] {processor.py:830} INFO - Processing file /home/airflow/.local/lib/python3.8/site-packages/airflow/example_dags/example_branch_day_of_week_operator.py for tasks to queue
[2026-04-09T05:15:44.101+0000] {logging_mixin.py:188} INFO - [2026-04-09T05:15:44.101+0000] {dagbag.py:538} INFO - Filling up the DagBag from /home/airflow/.local/lib/python3.8/site-packages/airflow/example_dags/example_branch_day_of_week_operator.py
[2026-04-09T05:15:44.106+0000] {processor.py:840} INFO - DAG(s) 'example_weekday_branch_operator' retrieved from /home/airflow/.local/lib/python3.8/site-packages/airflow/example_dags/example_branch_day_of_week_operator.py
[2026-04-09T05:15:44.121+0000] {logging_mixin.py:188} INFO - [2026-04-09T05:15:44.120+0000] {dag.py:3036} INFO - Sync 1 DAGs
[2026-04-09T05:15:44.135+0000] {logging_mixin.py:188} INFO - [2026-04-09T05:15:44.135+0000] {dag.py:3823} INFO - Setting next_dagrun for example_weekday_branch_operator to 2026-04-08 00:00:00+00:00, run_after=2026-04-09 00:00:00+00:00
[2026-04-09T05:15:44.145+0000] {processor.py:183} INFO - Processing /home/airflow/.local/lib/python3.8/site-packages/airflow/example_dags/example_branch_day_of_week_operator.py took 0.049 seconds
[2026-04-09T05:16:14.968+0000] {processor.py:161} INFO - Started process (PID=5342) to work on /home/airflow/.local/lib/python3.8/site-packages/airflow/example_dags/example_branch_day_of_week_operator.py
[2026-04-09T05:16:14.969+0000] {processor.py:830} INFO - Processing file /home/airflow/.local/lib/python3.8/site-packages/airflow/example_dags/example_branch_day_of_week_operator.py for tasks to queue
[2026-04-09T05:16:14.970+0000] {logging_mixin.py:188} INFO - [2026-04-09T05:16:14.970+0000] {dagbag.py:538} INFO - Filling up the DagBag from /home/airflow/.local/lib/python3.8/site-packages/airflow/example_dags/example_branch_day_of_week_operator.py
[2026-04-09T05:16:14.975+0000] {processor.py:840} INFO - DAG(s) 'example_weekday_branch_operator' retrieved from /home/airflow/.local/lib/python3.8/site-packages/airflow/example_dags/example_branch_day_of_week_operator.py
[2026-04-09T05:16:14.990+0000] {logging_mixin.py:188} INFO - [2026-04-09T05:16:14.990+0000] {dag.py:3036} INFO - Sync 1 DAGs
[2026-04-09T05:16:15.004+0000] {logging_mixin.py:188} INFO - [2026-04-09T05:16:15.004+0000] {dag.py:3823} INFO - Setting next_dagrun for example_weekday_branch_operator to 2026-04-08 00:00:00+00:00, run_after=2026-04-09 00:00:00+00:00
[2026-04-09T05:16:15.014+0000] {processor.py:183} INFO - Processing /home/airflow/.local/lib/python3.8/site-packages/airflow/example_dags/example_branch_day_of_week_operator.py took 0.048 seconds
[2026-04-09T05:16:45.732+0000] {processor.py:161} INFO - Started process (PID=5398) to work on /home/airflow/.local/lib/python3.8/site-packages/airflow/example_dags/example_branch_day_of_week_operator.py
[2026-04-09T05:16:45.732+0000] {processor.py:830} INFO - Processing file /home/airflow/.local/lib/python3.8/site-packages/airflow/example_dags/example_branch_day_of_week_operator.py for tasks to queue
[2026-04-09T05:16:45.734+0000] {logging_mixin.py:188} INFO - [2026-04-09T05:16:45.733+0000] {dagbag.py:538} INFO - Filling up the DagBag from /home/airflow/.local/lib/python3.8/site-packages/airflow/example_dags/example_branch_day_of_week_operator.py
[2026-04-09T05:16:45.739+0000] {processor.py:840} INFO - DAG(s) 'example_weekday_branch_operator' retrieved from /home/airflow/.local/lib/python3.8/site-packages/airflow/example_dags/example_branch_day_of_week_operator.py
[2026-04-09T05:16:45.753+0000] {logging_mixin.py:188} INFO - [2026-04-09T05:16:45.753+0000] {dag.py:3036} INFO - Sync 1 DAGs
[2026-04-09T05:16:45.768+0000] {logging_mixin.py:188} INFO - [2026-04-09T05:16:45.767+0000] {dag.py:3823} INFO - Setting next_dagrun for example_weekday_branch_operator to 2026-04-08 00:00:00+00:00, run_after=2026-04-09 00:00:00+00:00
[2026-04-09T05:16:45.778+0000] {processor.py:183} INFO - Processing /home/airflow/.local/lib/python3.8/site-packages/airflow/example_dags/example_branch_day_of_week_operator.py took 0.048 seconds
[2026-04-09T05:17:16.527+0000] {processor.py:161} INFO - Started process (PID=5454) to work on /home/airflow/.local/lib/python3.8/site-packages/airflow/example_dags/example_branch_day_of_week_operator.py
[2026-04-09T05:17:16.528+0000] {processor.py:830} INFO - Processing file /home/airflow/.local/lib/python3.8/site-packages/airflow/example_dags/example_branch_day_of_week_operator.py for tasks to queue
[2026-04-09T05:17:16.529+0000] {logging_mixin.py:188} INFO - [2026-04-09T05:17:16.529+0000] {dagbag.py:538} INFO - Filling up the DagBag from /home/airflow/.local/lib/python3.8/site-packages/airflow/example_dags/example_branch_day_of_week_operator.py
[2026-04-09T05:17:16.534+0000] {processor.py:840} INFO - DAG(s) 'example_weekday_branch_operator' retrieved from /home/airflow/.local/lib/python3.8/site-packages/airflow/example_dags/example_branch_day_of_week_operator.py
[2026-04-09T05:17:16.549+0000] {logging_mixin.py:188} INFO - [2026-04-09T05:17:16.548+0000] {dag.py:3036} INFO - Sync 1 DAGs
[2026-04-09T05:17:16.564+0000] {logging_mixin.py:188} INFO - [2026-04-09T05:17:16.564+0000] {dag.py:3823} INFO - Setting next_dagrun for example_weekday_branch_operator to 2026-04-08 00:00:00+00:00, run_after=2026-04-09 00:00:00+00:00
[2026-04-09T05:17:16.575+0000] {processor.py:183} INFO - Processing /home/airflow/.local/lib/python3.8/site-packages/airflow/example_dags/example_branch_day_of_week_operator.py took 0.050 seconds
[2026-04-09T05:17:47.306+0000] {processor.py:161} INFO - Started process (PID=5510) to work on /home/airflow/.local/lib/python3.8/site-packages/airflow/example_dags/example_branch_day_of_week_operator.py
[2026-04-09T05:17:47.306+0000] {processor.py:830} INFO - Processing file /home/airflow/.local/lib/python3.8/site-packages/airflow/example_dags/example_branch_day_of_week_operator.py for tasks to queue
[2026-04-09T05:17:47.307+0000] {logging_mixin.py:188} INFO - [2026-04-09T05:17:47.307+0000] {dagbag.py:538} INFO - Filling up the DagBag from /home/airflow/.local/lib/python3.8/site-packages/airflow/example_dags/example_branch_day_of_week_operator.py
[2026-04-09T05:17:47.313+0000] {processor.py:840} INFO - DAG(s) 'example_weekday_branch_operator' retrieved from /home/airflow/.local/lib/python3.8/site-packages/airflow/example_dags/example_branch_day_of_week_operator.py
[2026-04-09T05:17:47.327+0000] {logging_mixin.py:188} INFO - [2026-04-09T05:17:47.327+0000] {dag.py:3036} INFO - Sync 1 DAGs
[2026-04-09T05:17:47.343+0000] {logging_mixin.py:188} INFO - [2026-04-09T05:17:47.342+0000] {dag.py:3823} INFO - Setting next_dagrun for example_weekday_branch_operator to 2026-04-08 00:00:00+00:00, run_after=2026-04-09 00:00:00+00:00
[2026-04-09T05:17:47.353+0000] {processor.py:183} INFO - Processing /home/airflow/.local/lib/python3.8/site-packages/airflow/example_dags/example_branch_day_of_week_operator.py took 0.050 seconds
[2026-04-09T05:18:18.191+0000] {processor.py:161} INFO - Started process (PID=5566) to work on /home/airflow/.local/lib/python3.8/site-packages/airflow/example_dags/example_branch_day_of_week_operator.py
[2026-04-09T05:18:18.192+0000] {processor.py:830} INFO - Processing file /home/airflow/.local/lib/python3.8/site-packages/airflow/example_dags/example_branch_day_of_week_operator.py for tasks to queue
[2026-04-09T05:18:18.193+0000] {logging_mixin.py:188} INFO - [2026-04-09T05:18:18.193+0000] {dagbag.py:538} INFO - Filling up the DagBag from /home/airflow/.local/lib/python3.8/site-packages/airflow/example_dags/example_branch_day_of_week_operator.py
[2026-04-09T05:18:18.198+0000] {processor.py:840} INFO - DAG(s) 'example_weekday_branch_operator' retrieved from /home/airflow/.local/lib/python3.8/site-packages/airflow/example_dags/example_branch_day_of_week_operator.py
[2026-04-09T05:18:18.213+0000] {logging_mixin.py:188} INFO - [2026-04-09T05:18:18.213+0000] {dag.py:3036} INFO - Sync 1 DAGs
[2026-04-09T05:18:18.227+0000] {logging_mixin.py:188} INFO - [2026-04-09T05:18:18.227+0000] {dag.py:3823} INFO - Setting next_dagrun for example_weekday_branch_operator to 2026-04-08 00:00:00+00:00, run_after=2026-04-09 00:00:00+00:00
[2026-04-09T05:18:18.238+0000] {processor.py:183} INFO - Processing /home/airflow/.local/lib/python3.8/site-packages/airflow/example_dags/example_branch_day_of_week_operator.py took 0.049 seconds
[2026-04-09T05:18:49.008+0000] {processor.py:161} INFO - Started process (PID=5622) to work on /home/airflow/.local/lib/python3.8/site-packages/airflow/example_dags/example_branch_day_of_week_operator.py
[2026-04-09T05:18:49.009+0000] {processor.py:830} INFO - Processing file /home/airflow/.local/lib/python3.8/site-packages/airflow/example_dags/example_branch_day_of_week_operator.py for tasks to queue
[2026-04-09T05:18:49.010+0000] {logging_mixin.py:188} INFO - [2026-04-09T05:18:49.010+0000] {dagbag.py:538} INFO - Filling up the DagBag from /home/airflow/.local/lib/python3.8/site-packages/airflow/example_dags/example_branch_day_of_week_operator.py
[2026-04-09T05:18:49.015+0000] {processor.py:840} INFO - DAG(s) 'example_weekday_branch_operator' retrieved from /home/airflow/.local/lib/python3.8/site-packages/airflow/example_dags/example_branch_day_of_week_operator.py
[2026-04-09T05:18:49.030+0000] {logging_mixin.py:188} INFO - [2026-04-09T05:18:49.030+0000] {dag.py:3036} INFO - Sync 1 DAGs
[2026-04-09T05:18:49.045+0000] {logging_mixin.py:188} INFO - [2026-04-09T05:18:49.044+0000] {dag.py:3823} INFO - Setting next_dagrun for example_weekday_branch_operator to 2026-04-08 00:00:00+00:00, run_after=2026-04-09 00:00:00+00:00
[2026-04-09T05:18:49.055+0000] {processor.py:183} INFO - Processing /home/airflow/.local/lib/python3.8/site-packages/airflow/example_dags/example_branch_day_of_week_operator.py took 0.049 seconds
[2026-04-09T05:19:19.792+0000] {processor.py:161} INFO - Started process (PID=5678) to work on /home/airflow/.local/lib/python3.8/site-packages/airflow/example_dags/example_branch_day_of_week_operator.py
[2026-04-09T05:19:19.792+0000] {processor.py:830} INFO - Processing file /home/airflow/.local/lib/python3.8/site-packages/airflow/example_dags/example_branch_day_of_week_operator.py for tasks to queue
[2026-04-09T05:19:19.793+0000] {logging_mixin.py:188} INFO - [2026-04-09T05:19:19.793+0000] {dagbag.py:538} INFO - Filling up the DagBag from /home/airflow/.local/lib/python3.8/site-packages/airflow/example_dags/example_branch_day_of_week_operator.py
[2026-04-09T05:19:19.799+0000] {processor.py:840} INFO - DAG(s) 'example_weekday_branch_operator' retrieved from /home/airflow/.local/lib/python3.8/site-packages/airflow/example_dags/example_branch_day_of_week_operator.py
[2026-04-09T05:19:19.814+0000] {logging_mixin.py:188} INFO - [2026-04-09T05:19:19.814+0000] {dag.py:3036} INFO - Sync 1 DAGs
[2026-04-09T05:19:19.830+0000] {logging_mixin.py:188} INFO - [2026-04-09T05:19:19.830+0000] {dag.py:3823} INFO - Setting next_dagrun for example_weekday_branch_operator to 2026-04-08 00:00:00+00:00, run_after=2026-04-09 00:00:00+00:00
[2026-04-09T05:19:19.841+0000] {processor.py:183} INFO - Processing /home/airflow/.local/lib/python3.8/site-packages/airflow/example_dags/example_branch_day_of_week_operator.py took 0.052 seconds
[2026-04-09T05:19:50.617+0000] {processor.py:161} INFO - Started process (PID=5734) to work on /home/airflow/.local/lib/python3.8/site-packages/airflow/example_dags/example_branch_day_of_week_operator.py
[2026-04-09T05:19:50.617+0000] {processor.py:830} INFO - Processing file /home/airflow/.local/lib/python3.8/site-packages/airflow/example_dags/example_branch_day_of_week_operator.py for tasks to queue
[2026-04-09T05:19:50.618+0000] {logging_mixin.py:188} INFO - [2026-04-09T05:19:50.618+0000] {dagbag.py:538} INFO - Filling up the DagBag from /home/airflow/.local/lib/python3.8/site-packages/airflow/example_dags/example_branch_day_of_week_operator.py
[2026-04-09T05:19:50.624+0000] {processor.py:840} INFO - DAG(s) 'example_weekday_branch_operator' retrieved from /home/airflow/.local/lib/python3.8/site-packages/airflow/example_dags/example_branch_day_of_week_operator.py
[2026-04-09T05:19:50.639+0000] {logging_mixin.py:188} INFO - [2026-04-09T05:19:50.638+0000] {dag.py:3036} INFO - Sync 1 DAGs
[2026-04-09T05:19:50.655+0000] {logging_mixin.py:188} INFO - [2026-04-09T05:19:50.654+0000] {dag.py:3823} INFO - Setting next_dagrun for example_weekday_branch_operator to 2026-04-08 00:00:00+00:00, run_after=2026-04-09 00:00:00+00:00
[2026-04-09T05:19:50.665+0000] {processor.py:183} INFO - Processing /home/airflow/.local/lib/python3.8/site-packages/airflow/example_dags/example_branch_day_of_week_operator.py took 0.050 seconds
[2026-04-09T05:20:21.203+0000] {processor.py:161} INFO - Started process (PID=5790) to work on /home/airflow/.local/lib/python3.8/site-packages/airflow/example_dags/example_branch_day_of_week_operator.py
[2026-04-09T05:20:21.205+0000] {processor.py:830} INFO - Processing file /home/airflow/.local/lib/python3.8/site-packages/airflow/example_dags/example_branch_day_of_week_operator.py for tasks to queue
[2026-04-09T05:20:21.207+0000] {logging_mixin.py:188} INFO - [2026-04-09T05:20:21.207+0000] {dagbag.py:538} INFO - Filling up the DagBag from /home/airflow/.local/lib/python3.8/site-packages/airflow/example_dags/example_branch_day_of_week_operator.py
[2026-04-09T05:20:21.220+0000] {processor.py:840} INFO - DAG(s) 'example_weekday_branch_operator' retrieved from /home/airflow/.local/lib/python3.8/site-packages/airflow/example_dags/example_branch_day_of_week_operator.py
[2026-04-09T05:20:21.257+0000] {logging_mixin.py:188} INFO - [2026-04-09T05:20:21.257+0000] {dag.py:3036} INFO - Sync 1 DAGs
[2026-04-09T05:20:21.293+0000] {logging_mixin.py:188} INFO - [2026-04-09T05:20:21.292+0000] {dag.py:3823} INFO - Setting next_dagrun for example_weekday_branch_operator to 2026-04-08 00:00:00+00:00, run_after=2026-04-09 00:00:00+00:00
[2026-04-09T05:20:21.317+0000] {processor.py:183} INFO - Processing /home/airflow/.local/lib/python3.8/site-packages/airflow/example_dags/example_branch_day_of_week_operator.py took 0.120 seconds
[2026-04-09T05:38:45.937+0000] {processor.py:161} INFO - Started process (PID=5812) to work on /home/airflow/.local/lib/python3.8/site-packages/airflow/example_dags/example_branch_day_of_week_operator.py
[2026-04-09T05:38:45.939+0000] {processor.py:830} INFO - Processing file /home/airflow/.local/lib/python3.8/site-packages/airflow/example_dags/example_branch_day_of_week_operator.py for tasks to queue
[2026-04-09T05:38:45.942+0000] {logging_mixin.py:188} INFO - [2026-04-09T05:38:45.941+0000] {dagbag.py:538} INFO - Filling up the DagBag from /home/airflow/.local/lib/python3.8/site-packages/airflow/example_dags/example_branch_day_of_week_operator.py
[2026-04-09T05:38:45.954+0000] {processor.py:840} INFO - DAG(s) 'example_weekday_branch_operator' retrieved from /home/airflow/.local/lib/python3.8/site-packages/airflow/example_dags/example_branch_day_of_week_operator.py
[2026-04-09T05:38:45.991+0000] {logging_mixin.py:188} INFO - [2026-04-09T05:38:45.990+0000] {dag.py:3036} INFO - Sync 1 DAGs
[2026-04-09T05:38:46.029+0000] {logging_mixin.py:188} INFO - [2026-04-09T05:38:46.029+0000] {dag.py:3823} INFO - Setting next_dagrun for example_weekday_branch_operator to 2026-04-08 00:00:00+00:00, run_after=2026-04-09 00:00:00+00:00
[2026-04-09T05:38:46.059+0000] {processor.py:183} INFO - Processing /home/airflow/.local/lib/python3.8/site-packages/airflow/example_dags/example_branch_day_of_week_operator.py took 0.127 seconds
[2026-04-09T05:39:16.439+0000] {processor.py:161} INFO - Started process (PID=5868) to work on /home/airflow/.local/lib/python3.8/site-packages/airflow/example_dags/example_branch_day_of_week_operator.py
[2026-04-09T05:39:16.440+0000] {processor.py:830} INFO - Processing file /home/airflow/.local/lib/python3.8/site-packages/airflow/example_dags/example_branch_day_of_week_operator.py for tasks to queue
[2026-04-09T05:39:16.443+0000] {logging_mixin.py:188} INFO - [2026-04-09T05:39:16.442+0000] {dagbag.py:538} INFO - Filling up the DagBag from /home/airflow/.local/lib/python3.8/site-packages/airflow/example_dags/example_branch_day_of_week_operator.py
[2026-04-09T05:39:16.454+0000] {processor.py:840} INFO - DAG(s) 'example_weekday_branch_operator' retrieved from /home/airflow/.local/lib/python3.8/site-packages/airflow/example_dags/example_branch_day_of_week_operator.py
[2026-04-09T05:39:16.490+0000] {logging_mixin.py:188} INFO - [2026-04-09T05:39:16.490+0000] {dag.py:3036} INFO - Sync 1 DAGs
[2026-04-09T05:39:16.532+0000] {logging_mixin.py:188} INFO - [2026-04-09T05:39:16.531+0000] {dag.py:3823} INFO - Setting next_dagrun for example_weekday_branch_operator to 2026-04-08 00:00:00+00:00, run_after=2026-04-09 00:00:00+00:00
[2026-04-09T05:39:16.562+0000] {processor.py:183} INFO - Processing /home/airflow/.local/lib/python3.8/site-packages/airflow/example_dags/example_branch_day_of_week_operator.py took 0.131 seconds
[2026-04-09T05:39:46.965+0000] {processor.py:161} INFO - Started process (PID=5924) to work on /home/airflow/.local/lib/python3.8/site-packages/airflow/example_dags/example_branch_day_of_week_operator.py
[2026-04-09T05:39:46.965+0000] {processor.py:830} INFO - Processing file /home/airflow/.local/lib/python3.8/site-packages/airflow/example_dags/example_branch_day_of_week_operator.py for tasks to queue
[2026-04-09T05:39:46.967+0000] {logging_mixin.py:188} INFO - [2026-04-09T05:39:46.966+0000] {dagbag.py:538} INFO - Filling up the DagBag from /home/airflow/.local/lib/python3.8/site-packages/airflow/example_dags/example_branch_day_of_week_operator.py
[2026-04-09T05:39:46.972+0000] {processor.py:840} INFO - DAG(s) 'example_weekday_branch_operator' retrieved from /home/airflow/.local/lib/python3.8/site-packages/airflow/example_dags/example_branch_day_of_week_operator.py
[2026-04-09T05:39:46.987+0000] {logging_mixin.py:188} INFO - [2026-04-09T05:39:46.987+0000] {dag.py:3036} INFO - Sync 1 DAGs
[2026-04-09T05:39:47.003+0000] {logging_mixin.py:188} INFO - [2026-04-09T05:39:47.003+0000] {dag.py:3823} INFO - Setting next_dagrun for example_weekday_branch_operator to 2026-04-08 00:00:00+00:00, run_after=2026-04-09 00:00:00+00:00
[2026-04-09T05:39:47.014+0000] {processor.py:183} INFO - Processing /home/airflow/.local/lib/python3.8/site-packages/airflow/example_dags/example_branch_day_of_week_operator.py took 0.052 seconds
[2026-04-09T05:40:17.226+0000] {processor.py:161} INFO - Started process (PID=5980) to work on /home/airflow/.local/lib/python3.8/site-packages/airflow/example_dags/example_branch_day_of_week_operator.py
[2026-04-09T05:40:17.227+0000] {processor.py:830} INFO - Processing file /home/airflow/.local/lib/python3.8/site-packages/airflow/example_dags/example_branch_day_of_week_operator.py for tasks to queue
[2026-04-09T05:40:17.228+0000] {logging_mixin.py:188} INFO - [2026-04-09T05:40:17.228+0000] {dagbag.py:538} INFO - Filling up the DagBag from /home/airflow/.local/lib/python3.8/site-packages/airflow/example_dags/example_branch_day_of_week_operator.py
[2026-04-09T05:40:17.233+0000] {processor.py:840} INFO - DAG(s) 'example_weekday_branch_operator' retrieved from /home/airflow/.local/lib/python3.8/site-packages/airflow/example_dags/example_branch_day_of_week_operator.py
[2026-04-09T05:40:17.248+0000] {logging_mixin.py:188} INFO - [2026-04-09T05:40:17.248+0000] {dag.py:3036} INFO - Sync 1 DAGs
[2026-04-09T05:40:17.266+0000] {logging_mixin.py:188} INFO - [2026-04-09T05:40:17.265+0000] {dag.py:3823} INFO - Setting next_dagrun for example_weekday_branch_operator to 2026-04-08 00:00:00+00:00, run_after=2026-04-09 00:00:00+00:00
[2026-04-09T05:40:17.278+0000] {processor.py:183} INFO - Processing /home/airflow/.local/lib/python3.8/site-packages/airflow/example_dags/example_branch_day_of_week_operator.py took 0.054 seconds
[2026-04-09T05:40:47.378+0000] {processor.py:161} INFO - Started process (PID=6036) to work on /home/airflow/.local/lib/python3.8/site-packages/airflow/example_dags/example_branch_day_of_week_operator.py
[2026-04-09T05:40:47.379+0000] {processor.py:830} INFO - Processing file /home/airflow/.local/lib/python3.8/site-packages/airflow/example_dags/example_branch_day_of_week_operator.py for tasks to queue
[2026-04-09T05:40:47.380+0000] {logging_mixin.py:188} INFO - [2026-04-09T05:40:47.380+0000] {dagbag.py:538} INFO - Filling up the DagBag from /home/airflow/.local/lib/python3.8/site-packages/airflow/example_dags/example_branch_day_of_week_operator.py
[2026-04-09T05:40:47.385+0000] {processor.py:840} INFO - DAG(s) 'example_weekday_branch_operator' retrieved from /home/airflow/.local/lib/python3.8/site-packages/airflow/example_dags/example_branch_day_of_week_operator.py
[2026-04-09T05:40:47.400+0000] {logging_mixin.py:188} INFO - [2026-04-09T05:40:47.400+0000] {dag.py:3036} INFO - Sync 1 DAGs
[2026-04-09T05:40:47.415+0000] {logging_mixin.py:188} INFO - [2026-04-09T05:40:47.415+0000] {dag.py:3823} INFO - Setting next_dagrun for example_weekday_branch_operator to 2026-04-08 00:00:00+00:00, run_after=2026-04-09 00:00:00+00:00
[2026-04-09T05:40:47.426+0000] {processor.py:183} INFO - Processing /home/airflow/.local/lib/python3.8/site-packages/airflow/example_dags/example_branch_day_of_week_operator.py took 0.050 seconds
[2026-04-09T05:41:17.656+0000] {processor.py:161} INFO - Started process (PID=6092) to work on /home/airflow/.local/lib/python3.8/site-packages/airflow/example_dags/example_branch_day_of_week_operator.py
[2026-04-09T05:41:17.657+0000] {processor.py:830} INFO - Processing file /home/airflow/.local/lib/python3.8/site-packages/airflow/example_dags/example_branch_day_of_week_operator.py for tasks to queue
[2026-04-09T05:41:17.658+0000] {logging_mixin.py:188} INFO - [2026-04-09T05:41:17.658+0000] {dagbag.py:538} INFO - Filling up the DagBag from /home/airflow/.local/lib/python3.8/site-packages/airflow/example_dags/example_branch_day_of_week_operator.py
[2026-04-09T05:41:17.663+0000] {processor.py:840} INFO - DAG(s) 'example_weekday_branch_operator' retrieved from /home/airflow/.local/lib/python3.8/site-packages/airflow/example_dags/example_branch_day_of_week_operator.py
[2026-04-09T05:41:17.678+0000] {logging_mixin.py:188} INFO - [2026-04-09T05:41:17.678+0000] {dag.py:3036} INFO - Sync 1 DAGs
[2026-04-09T05:41:17.692+0000] {logging_mixin.py:188} INFO - [2026-04-09T05:41:17.692+0000] {dag.py:3823} INFO - Setting next_dagrun for example_weekday_branch_operator to 2026-04-08 00:00:00+00:00, run_after=2026-04-09 00:00:00+00:00
[2026-04-09T05:41:17.702+0000] {processor.py:183} INFO - Processing /home/airflow/.local/lib/python3.8/site-packages/airflow/example_dags/example_branch_day_of_week_operator.py took 0.049 seconds
[2026-04-09T05:41:47.833+0000] {processor.py:161} INFO - Started process (PID=6148) to work on /home/airflow/.local/lib/python3.8/site-packages/airflow/example_dags/example_branch_day_of_week_operator.py
[2026-04-09T05:41:47.834+0000] {processor.py:830} INFO - Processing file /home/airflow/.local/lib/python3.8/site-packages/airflow/example_dags/example_branch_day_of_week_operator.py for tasks to queue
[2026-04-09T05:41:47.835+0000] {logging_mixin.py:188} INFO - [2026-04-09T05:41:47.834+0000] {dagbag.py:538} INFO - Filling up the DagBag from /home/airflow/.local/lib/python3.8/site-packages/airflow/example_dags/example_branch_day_of_week_operator.py
[2026-04-09T05:41:47.840+0000] {processor.py:840} INFO - DAG(s) 'example_weekday_branch_operator' retrieved from /home/airflow/.local/lib/python3.8/site-packages/airflow/example_dags/example_branch_day_of_week_operator.py
[2026-04-09T05:41:47.854+0000] {logging_mixin.py:188} INFO - [2026-04-09T05:41:47.854+0000] {dag.py:3036} INFO - Sync 1 DAGs
[2026-04-09T05:41:47.870+0000] {logging_mixin.py:188} INFO - [2026-04-09T05:41:47.870+0000] {dag.py:3823} INFO - Setting next_dagrun for example_weekday_branch_operator to 2026-04-08 00:00:00+00:00, run_after=2026-04-09 00:00:00+00:00
[2026-04-09T05:41:47.880+0000] {processor.py:183} INFO - Processing /home/airflow/.local/lib/python3.8/site-packages/airflow/example_dags/example_branch_day_of_week_operator.py took 0.050 seconds
[2026-04-09T05:42:18.047+0000] {processor.py:161} INFO - Started process (PID=6204) to work on /home/airflow/.local/lib/python3.8/site-packages/airflow/example_dags/example_branch_day_of_week_operator.py
[2026-04-09T05:42:18.048+0000] {processor.py:830} INFO - Processing file /home/airflow/.local/lib/python3.8/site-packages/airflow/example_dags/example_branch_day_of_week_operator.py for tasks to queue
[2026-04-09T05:42:18.049+0000] {logging_mixin.py:188} INFO - [2026-04-09T05:42:18.049+0000] {dagbag.py:538} INFO - Filling up the DagBag from /home/airflow/.local/lib/python3.8/site-packages/airflow/example_dags/example_branch_day_of_week_operator.py
[2026-04-09T05:42:18.055+0000] {processor.py:840} INFO - DAG(s) 'example_weekday_branch_operator' retrieved from /home/airflow/.local/lib/python3.8/site-packages/airflow/example_dags/example_branch_day_of_week_operator.py
[2026-04-09T05:42:18.069+0000] {logging_mixin.py:188} INFO - [2026-04-09T05:42:18.069+0000] {dag.py:3036} INFO - Sync 1 DAGs
[2026-04-09T05:42:18.086+0000] {logging_mixin.py:188} INFO - [2026-04-09T05:42:18.085+0000] {dag.py:3823} INFO - Setting next_dagrun for example_weekday_branch_operator to 2026-04-08 00:00:00+00:00, run_after=2026-04-09 00:00:00+00:00
[2026-04-09T05:42:18.096+0000] {processor.py:183} INFO - Processing /home/airflow/.local/lib/python3.8/site-packages/airflow/example_dags/example_branch_day_of_week_operator.py took 0.052 seconds
[2026-04-09T05:42:48.234+0000] {processor.py:161} INFO - Started process (PID=6260) to work on /home/airflow/.local/lib/python3.8/site-packages/airflow/example_dags/example_branch_day_of_week_operator.py
[2026-04-09T05:42:48.235+0000] {processor.py:830} INFO - Processing file /home/airflow/.local/lib/python3.8/site-packages/airflow/example_dags/example_branch_day_of_week_operator.py for tasks to queue
[2026-04-09T05:42:48.236+0000] {logging_mixin.py:188} INFO - [2026-04-09T05:42:48.235+0000] {dagbag.py:538} INFO - Filling up the DagBag from /home/airflow/.local/lib/python3.8/site-packages/airflow/example_dags/example_branch_day_of_week_operator.py
[2026-04-09T05:42:48.241+0000] {processor.py:840} INFO - DAG(s) 'example_weekday_branch_operator' retrieved from /home/airflow/.local/lib/python3.8/site-packages/airflow/example_dags/example_branch_day_of_week_operator.py
[2026-04-09T05:42:48.255+0000] {logging_mixin.py:188} INFO - [2026-04-09T05:42:48.255+0000] {dag.py:3036} INFO - Sync 1 DAGs
[2026-04-09T05:42:48.271+0000] {logging_mixin.py:188} INFO - [2026-04-09T05:42:48.271+0000] {dag.py:3823} INFO - Setting next_dagrun for example_weekday_branch_operator to 2026-04-08 00:00:00+00:00, run_after=2026-04-09 00:00:00+00:00
[2026-04-09T05:42:48.282+0000] {processor.py:183} INFO - Processing /home/airflow/.local/lib/python3.8/site-packages/airflow/example_dags/example_branch_day_of_week_operator.py took 0.050 seconds
[2026-04-09T05:43:18.429+0000] {processor.py:161} INFO - Started process (PID=6316) to work on /home/airflow/.local/lib/python3.8/site-packages/airflow/example_dags/example_branch_day_of_week_operator.py
[2026-04-09T05:43:18.430+0000] {processor.py:830} INFO - Processing file /home/airflow/.local/lib/python3.8/site-packages/airflow/example_dags/example_branch_day_of_week_operator.py for tasks to queue
[2026-04-09T05:43:18.431+0000] {logging_mixin.py:188} INFO - [2026-04-09T05:43:18.431+0000] {dagbag.py:538} INFO - Filling up the DagBag from /home/airflow/.local/lib/python3.8/site-packages/airflow/example_dags/example_branch_day_of_week_operator.py
[2026-04-09T05:43:18.436+0000] {processor.py:840} INFO - DAG(s) 'example_weekday_branch_operator' retrieved from /home/airflow/.local/lib/python3.8/site-packages/airflow/example_dags/example_branch_day_of_week_operator.py
[2026-04-09T05:43:18.452+0000] {logging_mixin.py:188} INFO - [2026-04-09T05:43:18.452+0000] {dag.py:3036} INFO - Sync 1 DAGs
[2026-04-09T05:43:18.467+0000] {logging_mixin.py:188} INFO - [2026-04-09T05:43:18.467+0000] {dag.py:3823} INFO - Setting next_dagrun for example_weekday_branch_operator to 2026-04-08 00:00:00+00:00, run_after=2026-04-09 00:00:00+00:00
[2026-04-09T05:43:18.478+0000] {processor.py:183} INFO - Processing /home/airflow/.local/lib/python3.8/site-packages/airflow/example_dags/example_branch_day_of_week_operator.py took 0.052 seconds
