[2026-04-09T03:53:38.543+0000] {processor.py:161} INFO - Started process (PID=54) to work on /home/airflow/.local/lib/python3.8/site-packages/airflow/example_dags/tutorial_dag.py
[2026-04-09T03:53:38.543+0000] {processor.py:830} INFO - Processing file /home/airflow/.local/lib/python3.8/site-packages/airflow/example_dags/tutorial_dag.py for tasks to queue
[2026-04-09T03:53:38.544+0000] {logging_mixin.py:188} INFO - [2026-04-09T03:53:38.544+0000] {dagbag.py:538} INFO - Filling up the DagBag from /home/airflow/.local/lib/python3.8/site-packages/airflow/example_dags/tutorial_dag.py
[2026-04-09T03:53:38.554+0000] {processor.py:840} INFO - DAG(s) 'tutorial_dag' retrieved from /home/airflow/.local/lib/python3.8/site-packages/airflow/example_dags/tutorial_dag.py
[2026-04-09T03:53:38.563+0000] {logging_mixin.py:188} INFO - [2026-04-09T03:53:38.563+0000] {dag.py:3036} INFO - Sync 1 DAGs
[2026-04-09T03:53:38.573+0000] {logging_mixin.py:188} INFO - [2026-04-09T03:53:38.573+0000] {dag.py:3823} INFO - Setting next_dagrun for tutorial_dag to None, run_after=None
[2026-04-09T03:53:38.587+0000] {processor.py:183} INFO - Processing /home/airflow/.local/lib/python3.8/site-packages/airflow/example_dags/tutorial_dag.py took 0.047 seconds
[2026-04-09T03:54:09.110+0000] {processor.py:161} INFO - Started process (PID=110) to work on /home/airflow/.local/lib/python3.8/site-packages/airflow/example_dags/tutorial_dag.py
[2026-04-09T03:54:09.111+0000] {processor.py:830} INFO - Processing file /home/airflow/.local/lib/python3.8/site-packages/airflow/example_dags/tutorial_dag.py for tasks to queue
[2026-04-09T03:54:09.114+0000] {logging_mixin.py:188} INFO - [2026-04-09T03:54:09.114+0000] {dagbag.py:538} INFO - Filling up the DagBag from /home/airflow/.local/lib/python3.8/site-packages/airflow/example_dags/tutorial_dag.py
[2026-04-09T03:54:09.121+0000] {processor.py:840} INFO - DAG(s) 'tutorial_dag' retrieved from /home/airflow/.local/lib/python3.8/site-packages/airflow/example_dags/tutorial_dag.py
[2026-04-09T03:54:09.222+0000] {logging_mixin.py:188} INFO - [2026-04-09T03:54:09.221+0000] {dag.py:3036} INFO - Sync 1 DAGs
[2026-04-09T03:54:09.232+0000] {logging_mixin.py:188} INFO - [2026-04-09T03:54:09.232+0000] {dag.py:3823} INFO - Setting next_dagrun for tutorial_dag to None, run_after=None
[2026-04-09T03:54:09.256+0000] {processor.py:183} INFO - Processing /home/airflow/.local/lib/python3.8/site-packages/airflow/example_dags/tutorial_dag.py took 0.149 seconds
[2026-04-09T03:54:39.925+0000] {processor.py:161} INFO - Started process (PID=166) to work on /home/airflow/.local/lib/python3.8/site-packages/airflow/example_dags/tutorial_dag.py
[2026-04-09T03:54:39.926+0000] {processor.py:830} INFO - Processing file /home/airflow/.local/lib/python3.8/site-packages/airflow/example_dags/tutorial_dag.py for tasks to queue
[2026-04-09T03:54:39.927+0000] {logging_mixin.py:188} INFO - [2026-04-09T03:54:39.927+0000] {dagbag.py:538} INFO - Filling up the DagBag from /home/airflow/.local/lib/python3.8/site-packages/airflow/example_dags/tutorial_dag.py
[2026-04-09T03:54:39.931+0000] {processor.py:840} INFO - DAG(s) 'tutorial_dag' retrieved from /home/airflow/.local/lib/python3.8/site-packages/airflow/example_dags/tutorial_dag.py
[2026-04-09T03:54:39.947+0000] {logging_mixin.py:188} INFO - [2026-04-09T03:54:39.947+0000] {dag.py:3036} INFO - Sync 1 DAGs
[2026-04-09T03:54:39.958+0000] {logging_mixin.py:188} INFO - [2026-04-09T03:54:39.958+0000] {dag.py:3823} INFO - Setting next_dagrun for tutorial_dag to None, run_after=None
[2026-04-09T03:54:39.972+0000] {processor.py:183} INFO - Processing /home/airflow/.local/lib/python3.8/site-packages/airflow/example_dags/tutorial_dag.py took 0.049 seconds
[2026-04-09T03:55:10.704+0000] {processor.py:161} INFO - Started process (PID=227) to work on /home/airflow/.local/lib/python3.8/site-packages/airflow/example_dags/tutorial_dag.py
[2026-04-09T03:55:10.705+0000] {processor.py:830} INFO - Processing file /home/airflow/.local/lib/python3.8/site-packages/airflow/example_dags/tutorial_dag.py for tasks to queue
[2026-04-09T03:55:10.706+0000] {logging_mixin.py:188} INFO - [2026-04-09T03:55:10.706+0000] {dagbag.py:538} INFO - Filling up the DagBag from /home/airflow/.local/lib/python3.8/site-packages/airflow/example_dags/tutorial_dag.py
[2026-04-09T03:55:10.710+0000] {processor.py:840} INFO - DAG(s) 'tutorial_dag' retrieved from /home/airflow/.local/lib/python3.8/site-packages/airflow/example_dags/tutorial_dag.py
[2026-04-09T03:55:10.726+0000] {logging_mixin.py:188} INFO - [2026-04-09T03:55:10.726+0000] {dag.py:3036} INFO - Sync 1 DAGs
[2026-04-09T03:55:10.736+0000] {logging_mixin.py:188} INFO - [2026-04-09T03:55:10.736+0000] {dag.py:3823} INFO - Setting next_dagrun for tutorial_dag to None, run_after=None
[2026-04-09T03:55:10.751+0000] {processor.py:183} INFO - Processing /home/airflow/.local/lib/python3.8/site-packages/airflow/example_dags/tutorial_dag.py took 0.050 seconds
[2026-04-09T03:55:40.839+0000] {processor.py:161} INFO - Started process (PID=283) to work on /home/airflow/.local/lib/python3.8/site-packages/airflow/example_dags/tutorial_dag.py
[2026-04-09T03:55:40.840+0000] {processor.py:830} INFO - Processing file /home/airflow/.local/lib/python3.8/site-packages/airflow/example_dags/tutorial_dag.py for tasks to queue
[2026-04-09T03:55:40.841+0000] {logging_mixin.py:188} INFO - [2026-04-09T03:55:40.841+0000] {dagbag.py:538} INFO - Filling up the DagBag from /home/airflow/.local/lib/python3.8/site-packages/airflow/example_dags/tutorial_dag.py
[2026-04-09T03:55:40.846+0000] {processor.py:840} INFO - DAG(s) 'tutorial_dag' retrieved from /home/airflow/.local/lib/python3.8/site-packages/airflow/example_dags/tutorial_dag.py
[2026-04-09T03:55:40.864+0000] {logging_mixin.py:188} INFO - [2026-04-09T03:55:40.863+0000] {dag.py:3036} INFO - Sync 1 DAGs
[2026-04-09T03:55:40.873+0000] {logging_mixin.py:188} INFO - [2026-04-09T03:55:40.873+0000] {dag.py:3823} INFO - Setting next_dagrun for tutorial_dag to None, run_after=None
[2026-04-09T03:55:40.887+0000] {processor.py:183} INFO - Processing /home/airflow/.local/lib/python3.8/site-packages/airflow/example_dags/tutorial_dag.py took 0.050 seconds
[2026-04-09T03:56:11.191+0000] {processor.py:161} INFO - Started process (PID=345) to work on /home/airflow/.local/lib/python3.8/site-packages/airflow/example_dags/tutorial_dag.py
[2026-04-09T03:56:11.192+0000] {processor.py:830} INFO - Processing file /home/airflow/.local/lib/python3.8/site-packages/airflow/example_dags/tutorial_dag.py for tasks to queue
[2026-04-09T03:56:11.194+0000] {logging_mixin.py:188} INFO - [2026-04-09T03:56:11.193+0000] {dagbag.py:538} INFO - Filling up the DagBag from /home/airflow/.local/lib/python3.8/site-packages/airflow/example_dags/tutorial_dag.py
[2026-04-09T03:56:11.198+0000] {processor.py:840} INFO - DAG(s) 'tutorial_dag' retrieved from /home/airflow/.local/lib/python3.8/site-packages/airflow/example_dags/tutorial_dag.py
[2026-04-09T03:56:11.216+0000] {logging_mixin.py:188} INFO - [2026-04-09T03:56:11.216+0000] {dag.py:3036} INFO - Sync 1 DAGs
[2026-04-09T03:56:11.226+0000] {logging_mixin.py:188} INFO - [2026-04-09T03:56:11.226+0000] {dag.py:3823} INFO - Setting next_dagrun for tutorial_dag to None, run_after=None
[2026-04-09T03:56:11.241+0000] {processor.py:183} INFO - Processing /home/airflow/.local/lib/python3.8/site-packages/airflow/example_dags/tutorial_dag.py took 0.053 seconds
[2026-04-09T03:57:06.037+0000] {processor.py:161} INFO - Started process (PID=54) to work on /home/airflow/.local/lib/python3.8/site-packages/airflow/example_dags/tutorial_dag.py
[2026-04-09T03:57:06.038+0000] {processor.py:830} INFO - Processing file /home/airflow/.local/lib/python3.8/site-packages/airflow/example_dags/tutorial_dag.py for tasks to queue
[2026-04-09T03:57:06.039+0000] {logging_mixin.py:188} INFO - [2026-04-09T03:57:06.039+0000] {dagbag.py:538} INFO - Filling up the DagBag from /home/airflow/.local/lib/python3.8/site-packages/airflow/example_dags/tutorial_dag.py
[2026-04-09T03:57:06.047+0000] {processor.py:840} INFO - DAG(s) 'tutorial_dag' retrieved from /home/airflow/.local/lib/python3.8/site-packages/airflow/example_dags/tutorial_dag.py
[2026-04-09T03:57:06.057+0000] {logging_mixin.py:188} INFO - [2026-04-09T03:57:06.057+0000] {dag.py:3036} INFO - Sync 1 DAGs
[2026-04-09T03:57:06.066+0000] {logging_mixin.py:188} INFO - [2026-04-09T03:57:06.066+0000] {dag.py:3823} INFO - Setting next_dagrun for tutorial_dag to None, run_after=None
[2026-04-09T03:57:06.080+0000] {processor.py:183} INFO - Processing /home/airflow/.local/lib/python3.8/site-packages/airflow/example_dags/tutorial_dag.py took 0.045 seconds
[2026-04-09T03:57:36.391+0000] {processor.py:161} INFO - Started process (PID=110) to work on /home/airflow/.local/lib/python3.8/site-packages/airflow/example_dags/tutorial_dag.py
[2026-04-09T03:57:36.392+0000] {processor.py:830} INFO - Processing file /home/airflow/.local/lib/python3.8/site-packages/airflow/example_dags/tutorial_dag.py for tasks to queue
[2026-04-09T03:57:36.393+0000] {logging_mixin.py:188} INFO - [2026-04-09T03:57:36.393+0000] {dagbag.py:538} INFO - Filling up the DagBag from /home/airflow/.local/lib/python3.8/site-packages/airflow/example_dags/tutorial_dag.py
[2026-04-09T03:57:36.397+0000] {processor.py:840} INFO - DAG(s) 'tutorial_dag' retrieved from /home/airflow/.local/lib/python3.8/site-packages/airflow/example_dags/tutorial_dag.py
[2026-04-09T03:57:36.473+0000] {logging_mixin.py:188} INFO - [2026-04-09T03:57:36.473+0000] {dag.py:3036} INFO - Sync 1 DAGs
[2026-04-09T03:57:36.480+0000] {logging_mixin.py:188} INFO - [2026-04-09T03:57:36.480+0000] {dag.py:3823} INFO - Setting next_dagrun for tutorial_dag to None, run_after=None
[2026-04-09T03:57:36.493+0000] {processor.py:183} INFO - Processing /home/airflow/.local/lib/python3.8/site-packages/airflow/example_dags/tutorial_dag.py took 0.105 seconds
[2026-04-09T03:58:07.245+0000] {processor.py:161} INFO - Started process (PID=166) to work on /home/airflow/.local/lib/python3.8/site-packages/airflow/example_dags/tutorial_dag.py
[2026-04-09T03:58:07.245+0000] {processor.py:830} INFO - Processing file /home/airflow/.local/lib/python3.8/site-packages/airflow/example_dags/tutorial_dag.py for tasks to queue
[2026-04-09T03:58:07.247+0000] {logging_mixin.py:188} INFO - [2026-04-09T03:58:07.247+0000] {dagbag.py:538} INFO - Filling up the DagBag from /home/airflow/.local/lib/python3.8/site-packages/airflow/example_dags/tutorial_dag.py
[2026-04-09T03:58:07.251+0000] {processor.py:840} INFO - DAG(s) 'tutorial_dag' retrieved from /home/airflow/.local/lib/python3.8/site-packages/airflow/example_dags/tutorial_dag.py
[2026-04-09T03:58:07.269+0000] {logging_mixin.py:188} INFO - [2026-04-09T03:58:07.268+0000] {dag.py:3036} INFO - Sync 1 DAGs
[2026-04-09T03:58:07.279+0000] {logging_mixin.py:188} INFO - [2026-04-09T03:58:07.279+0000] {dag.py:3823} INFO - Setting next_dagrun for tutorial_dag to None, run_after=None
[2026-04-09T03:58:07.293+0000] {processor.py:183} INFO - Processing /home/airflow/.local/lib/python3.8/site-packages/airflow/example_dags/tutorial_dag.py took 0.050 seconds
[2026-04-09T03:58:37.750+0000] {processor.py:161} INFO - Started process (PID=226) to work on /home/airflow/.local/lib/python3.8/site-packages/airflow/example_dags/tutorial_dag.py
[2026-04-09T03:58:37.751+0000] {processor.py:830} INFO - Processing file /home/airflow/.local/lib/python3.8/site-packages/airflow/example_dags/tutorial_dag.py for tasks to queue
[2026-04-09T03:58:37.752+0000] {logging_mixin.py:188} INFO - [2026-04-09T03:58:37.752+0000] {dagbag.py:538} INFO - Filling up the DagBag from /home/airflow/.local/lib/python3.8/site-packages/airflow/example_dags/tutorial_dag.py
[2026-04-09T03:58:37.757+0000] {processor.py:840} INFO - DAG(s) 'tutorial_dag' retrieved from /home/airflow/.local/lib/python3.8/site-packages/airflow/example_dags/tutorial_dag.py
[2026-04-09T03:58:37.780+0000] {logging_mixin.py:188} INFO - [2026-04-09T03:58:37.780+0000] {dag.py:3036} INFO - Sync 1 DAGs
[2026-04-09T03:58:37.794+0000] {logging_mixin.py:188} INFO - [2026-04-09T03:58:37.794+0000] {dag.py:3823} INFO - Setting next_dagrun for tutorial_dag to None, run_after=None
[2026-04-09T03:58:37.815+0000] {processor.py:183} INFO - Processing /home/airflow/.local/lib/python3.8/site-packages/airflow/example_dags/tutorial_dag.py took 0.068 seconds
[2026-04-09T03:59:07.902+0000] {processor.py:161} INFO - Started process (PID=282) to work on /home/airflow/.local/lib/python3.8/site-packages/airflow/example_dags/tutorial_dag.py
[2026-04-09T03:59:07.903+0000] {processor.py:830} INFO - Processing file /home/airflow/.local/lib/python3.8/site-packages/airflow/example_dags/tutorial_dag.py for tasks to queue
[2026-04-09T03:59:07.905+0000] {logging_mixin.py:188} INFO - [2026-04-09T03:59:07.904+0000] {dagbag.py:538} INFO - Filling up the DagBag from /home/airflow/.local/lib/python3.8/site-packages/airflow/example_dags/tutorial_dag.py
[2026-04-09T03:59:07.909+0000] {processor.py:840} INFO - DAG(s) 'tutorial_dag' retrieved from /home/airflow/.local/lib/python3.8/site-packages/airflow/example_dags/tutorial_dag.py
[2026-04-09T03:59:07.925+0000] {logging_mixin.py:188} INFO - [2026-04-09T03:59:07.925+0000] {dag.py:3036} INFO - Sync 1 DAGs
[2026-04-09T03:59:07.935+0000] {logging_mixin.py:188} INFO - [2026-04-09T03:59:07.935+0000] {dag.py:3823} INFO - Setting next_dagrun for tutorial_dag to None, run_after=None
[2026-04-09T03:59:07.949+0000] {processor.py:183} INFO - Processing /home/airflow/.local/lib/python3.8/site-packages/airflow/example_dags/tutorial_dag.py took 0.050 seconds
[2026-04-09T03:59:38.038+0000] {processor.py:161} INFO - Started process (PID=338) to work on /home/airflow/.local/lib/python3.8/site-packages/airflow/example_dags/tutorial_dag.py
[2026-04-09T03:59:38.039+0000] {processor.py:830} INFO - Processing file /home/airflow/.local/lib/python3.8/site-packages/airflow/example_dags/tutorial_dag.py for tasks to queue
[2026-04-09T03:59:38.040+0000] {logging_mixin.py:188} INFO - [2026-04-09T03:59:38.040+0000] {dagbag.py:538} INFO - Filling up the DagBag from /home/airflow/.local/lib/python3.8/site-packages/airflow/example_dags/tutorial_dag.py
[2026-04-09T03:59:38.044+0000] {processor.py:840} INFO - DAG(s) 'tutorial_dag' retrieved from /home/airflow/.local/lib/python3.8/site-packages/airflow/example_dags/tutorial_dag.py
[2026-04-09T03:59:38.060+0000] {logging_mixin.py:188} INFO - [2026-04-09T03:59:38.060+0000] {dag.py:3036} INFO - Sync 1 DAGs
[2026-04-09T03:59:38.069+0000] {logging_mixin.py:188} INFO - [2026-04-09T03:59:38.069+0000] {dag.py:3823} INFO - Setting next_dagrun for tutorial_dag to None, run_after=None
[2026-04-09T03:59:38.082+0000] {processor.py:183} INFO - Processing /home/airflow/.local/lib/python3.8/site-packages/airflow/example_dags/tutorial_dag.py took 0.047 seconds
[2026-04-09T04:01:43.574+0000] {processor.py:161} INFO - Started process (PID=53) to work on /home/airflow/.local/lib/python3.8/site-packages/airflow/example_dags/tutorial_dag.py
[2026-04-09T04:01:43.575+0000] {processor.py:830} INFO - Processing file /home/airflow/.local/lib/python3.8/site-packages/airflow/example_dags/tutorial_dag.py for tasks to queue
[2026-04-09T04:01:43.577+0000] {logging_mixin.py:188} INFO - [2026-04-09T04:01:43.576+0000] {dagbag.py:538} INFO - Filling up the DagBag from /home/airflow/.local/lib/python3.8/site-packages/airflow/example_dags/tutorial_dag.py
[2026-04-09T04:01:43.585+0000] {processor.py:840} INFO - DAG(s) 'tutorial_dag' retrieved from /home/airflow/.local/lib/python3.8/site-packages/airflow/example_dags/tutorial_dag.py
[2026-04-09T04:01:43.595+0000] {logging_mixin.py:188} INFO - [2026-04-09T04:01:43.595+0000] {dag.py:3036} INFO - Sync 1 DAGs
[2026-04-09T04:01:43.605+0000] {logging_mixin.py:188} INFO - [2026-04-09T04:01:43.605+0000] {dag.py:3823} INFO - Setting next_dagrun for tutorial_dag to None, run_after=None
[2026-04-09T04:01:43.619+0000] {processor.py:183} INFO - Processing /home/airflow/.local/lib/python3.8/site-packages/airflow/example_dags/tutorial_dag.py took 0.047 seconds
[2026-04-09T04:02:14.626+0000] {processor.py:161} INFO - Started process (PID=114) to work on /home/airflow/.local/lib/python3.8/site-packages/airflow/example_dags/tutorial_dag.py
[2026-04-09T04:02:14.627+0000] {processor.py:830} INFO - Processing file /home/airflow/.local/lib/python3.8/site-packages/airflow/example_dags/tutorial_dag.py for tasks to queue
[2026-04-09T04:02:14.630+0000] {logging_mixin.py:188} INFO - [2026-04-09T04:02:14.629+0000] {dagbag.py:538} INFO - Filling up the DagBag from /home/airflow/.local/lib/python3.8/site-packages/airflow/example_dags/tutorial_dag.py
[2026-04-09T04:02:14.639+0000] {processor.py:840} INFO - DAG(s) 'tutorial_dag' retrieved from /home/airflow/.local/lib/python3.8/site-packages/airflow/example_dags/tutorial_dag.py
[2026-04-09T04:02:14.798+0000] {logging_mixin.py:188} INFO - [2026-04-09T04:02:14.798+0000] {dag.py:3036} INFO - Sync 1 DAGs
[2026-04-09T04:02:14.815+0000] {logging_mixin.py:188} INFO - [2026-04-09T04:02:14.815+0000] {dag.py:3823} INFO - Setting next_dagrun for tutorial_dag to None, run_after=None
[2026-04-09T04:02:14.845+0000] {processor.py:183} INFO - Processing /home/airflow/.local/lib/python3.8/site-packages/airflow/example_dags/tutorial_dag.py took 0.224 seconds
[2026-04-09T04:04:42.024+0000] {processor.py:161} INFO - Started process (PID=54) to work on /home/airflow/.local/lib/python3.8/site-packages/airflow/example_dags/tutorial_dag.py
[2026-04-09T04:04:42.025+0000] {processor.py:830} INFO - Processing file /home/airflow/.local/lib/python3.8/site-packages/airflow/example_dags/tutorial_dag.py for tasks to queue
[2026-04-09T04:04:42.026+0000] {logging_mixin.py:188} INFO - [2026-04-09T04:04:42.026+0000] {dagbag.py:538} INFO - Filling up the DagBag from /home/airflow/.local/lib/python3.8/site-packages/airflow/example_dags/tutorial_dag.py
[2026-04-09T04:04:42.036+0000] {processor.py:840} INFO - DAG(s) 'tutorial_dag' retrieved from /home/airflow/.local/lib/python3.8/site-packages/airflow/example_dags/tutorial_dag.py
[2026-04-09T04:04:42.046+0000] {logging_mixin.py:188} INFO - [2026-04-09T04:04:42.046+0000] {dag.py:3036} INFO - Sync 1 DAGs
[2026-04-09T04:04:42.056+0000] {logging_mixin.py:188} INFO - [2026-04-09T04:04:42.056+0000] {dag.py:3823} INFO - Setting next_dagrun for tutorial_dag to None, run_after=None
[2026-04-09T04:04:42.071+0000] {processor.py:183} INFO - Processing /home/airflow/.local/lib/python3.8/site-packages/airflow/example_dags/tutorial_dag.py took 0.049 seconds
[2026-04-09T04:05:13.031+0000] {processor.py:161} INFO - Started process (PID=110) to work on /home/airflow/.local/lib/python3.8/site-packages/airflow/example_dags/tutorial_dag.py
[2026-04-09T04:05:13.032+0000] {processor.py:830} INFO - Processing file /home/airflow/.local/lib/python3.8/site-packages/airflow/example_dags/tutorial_dag.py for tasks to queue
[2026-04-09T04:05:13.035+0000] {logging_mixin.py:188} INFO - [2026-04-09T04:05:13.034+0000] {dagbag.py:538} INFO - Filling up the DagBag from /home/airflow/.local/lib/python3.8/site-packages/airflow/example_dags/tutorial_dag.py
[2026-04-09T04:05:13.043+0000] {processor.py:840} INFO - DAG(s) 'tutorial_dag' retrieved from /home/airflow/.local/lib/python3.8/site-packages/airflow/example_dags/tutorial_dag.py
[2026-04-09T04:05:13.210+0000] {logging_mixin.py:188} INFO - [2026-04-09T04:05:13.209+0000] {dag.py:3036} INFO - Sync 1 DAGs
[2026-04-09T04:05:13.226+0000] {logging_mixin.py:188} INFO - [2026-04-09T04:05:13.226+0000] {dag.py:3823} INFO - Setting next_dagrun for tutorial_dag to None, run_after=None
[2026-04-09T04:05:13.254+0000] {processor.py:183} INFO - Processing /home/airflow/.local/lib/python3.8/site-packages/airflow/example_dags/tutorial_dag.py took 0.228 seconds
[2026-04-09T04:05:44.192+0000] {processor.py:161} INFO - Started process (PID=172) to work on /home/airflow/.local/lib/python3.8/site-packages/airflow/example_dags/tutorial_dag.py
[2026-04-09T04:05:44.193+0000] {processor.py:830} INFO - Processing file /home/airflow/.local/lib/python3.8/site-packages/airflow/example_dags/tutorial_dag.py for tasks to queue
[2026-04-09T04:05:44.196+0000] {logging_mixin.py:188} INFO - [2026-04-09T04:05:44.195+0000] {dagbag.py:538} INFO - Filling up the DagBag from /home/airflow/.local/lib/python3.8/site-packages/airflow/example_dags/tutorial_dag.py
[2026-04-09T04:05:44.202+0000] {processor.py:840} INFO - DAG(s) 'tutorial_dag' retrieved from /home/airflow/.local/lib/python3.8/site-packages/airflow/example_dags/tutorial_dag.py
[2026-04-09T04:05:44.222+0000] {logging_mixin.py:188} INFO - [2026-04-09T04:05:44.222+0000] {dag.py:3036} INFO - Sync 1 DAGs
[2026-04-09T04:05:44.234+0000] {logging_mixin.py:188} INFO - [2026-04-09T04:05:44.234+0000] {dag.py:3823} INFO - Setting next_dagrun for tutorial_dag to None, run_after=None
[2026-04-09T04:05:44.251+0000] {processor.py:183} INFO - Processing /home/airflow/.local/lib/python3.8/site-packages/airflow/example_dags/tutorial_dag.py took 0.063 seconds
[2026-04-09T04:06:15.093+0000] {processor.py:161} INFO - Started process (PID=228) to work on /home/airflow/.local/lib/python3.8/site-packages/airflow/example_dags/tutorial_dag.py
[2026-04-09T04:06:15.102+0000] {processor.py:830} INFO - Processing file /home/airflow/.local/lib/python3.8/site-packages/airflow/example_dags/tutorial_dag.py for tasks to queue
[2026-04-09T04:06:15.105+0000] {logging_mixin.py:188} INFO - [2026-04-09T04:06:15.104+0000] {dagbag.py:538} INFO - Filling up the DagBag from /home/airflow/.local/lib/python3.8/site-packages/airflow/example_dags/tutorial_dag.py
[2026-04-09T04:06:15.113+0000] {processor.py:840} INFO - DAG(s) 'tutorial_dag' retrieved from /home/airflow/.local/lib/python3.8/site-packages/airflow/example_dags/tutorial_dag.py
[2026-04-09T04:06:15.145+0000] {logging_mixin.py:188} INFO - [2026-04-09T04:06:15.144+0000] {dag.py:3036} INFO - Sync 1 DAGs
[2026-04-09T04:06:15.163+0000] {logging_mixin.py:188} INFO - [2026-04-09T04:06:15.163+0000] {dag.py:3823} INFO - Setting next_dagrun for tutorial_dag to None, run_after=None
[2026-04-09T04:06:15.190+0000] {processor.py:183} INFO - Processing /home/airflow/.local/lib/python3.8/site-packages/airflow/example_dags/tutorial_dag.py took 0.104 seconds
[2026-04-09T04:06:45.508+0000] {processor.py:161} INFO - Started process (PID=284) to work on /home/airflow/.local/lib/python3.8/site-packages/airflow/example_dags/tutorial_dag.py
[2026-04-09T04:06:45.508+0000] {processor.py:830} INFO - Processing file /home/airflow/.local/lib/python3.8/site-packages/airflow/example_dags/tutorial_dag.py for tasks to queue
[2026-04-09T04:06:45.510+0000] {logging_mixin.py:188} INFO - [2026-04-09T04:06:45.509+0000] {dagbag.py:538} INFO - Filling up the DagBag from /home/airflow/.local/lib/python3.8/site-packages/airflow/example_dags/tutorial_dag.py
[2026-04-09T04:06:45.514+0000] {processor.py:840} INFO - DAG(s) 'tutorial_dag' retrieved from /home/airflow/.local/lib/python3.8/site-packages/airflow/example_dags/tutorial_dag.py
[2026-04-09T04:06:45.530+0000] {logging_mixin.py:188} INFO - [2026-04-09T04:06:45.530+0000] {dag.py:3036} INFO - Sync 1 DAGs
[2026-04-09T04:06:45.540+0000] {logging_mixin.py:188} INFO - [2026-04-09T04:06:45.540+0000] {dag.py:3823} INFO - Setting next_dagrun for tutorial_dag to None, run_after=None
[2026-04-09T04:06:45.553+0000] {processor.py:183} INFO - Processing /home/airflow/.local/lib/python3.8/site-packages/airflow/example_dags/tutorial_dag.py took 0.048 seconds
[2026-04-09T04:07:15.671+0000] {processor.py:161} INFO - Started process (PID=340) to work on /home/airflow/.local/lib/python3.8/site-packages/airflow/example_dags/tutorial_dag.py
[2026-04-09T04:07:15.671+0000] {processor.py:830} INFO - Processing file /home/airflow/.local/lib/python3.8/site-packages/airflow/example_dags/tutorial_dag.py for tasks to queue
[2026-04-09T04:07:15.673+0000] {logging_mixin.py:188} INFO - [2026-04-09T04:07:15.673+0000] {dagbag.py:538} INFO - Filling up the DagBag from /home/airflow/.local/lib/python3.8/site-packages/airflow/example_dags/tutorial_dag.py
[2026-04-09T04:07:15.678+0000] {processor.py:840} INFO - DAG(s) 'tutorial_dag' retrieved from /home/airflow/.local/lib/python3.8/site-packages/airflow/example_dags/tutorial_dag.py
[2026-04-09T04:07:15.696+0000] {logging_mixin.py:188} INFO - [2026-04-09T04:07:15.696+0000] {dag.py:3036} INFO - Sync 1 DAGs
[2026-04-09T04:07:15.707+0000] {logging_mixin.py:188} INFO - [2026-04-09T04:07:15.707+0000] {dag.py:3823} INFO - Setting next_dagrun for tutorial_dag to None, run_after=None
[2026-04-09T04:07:15.723+0000] {processor.py:183} INFO - Processing /home/airflow/.local/lib/python3.8/site-packages/airflow/example_dags/tutorial_dag.py took 0.056 seconds
[2026-04-09T04:08:18.916+0000] {processor.py:161} INFO - Started process (PID=54) to work on /home/airflow/.local/lib/python3.8/site-packages/airflow/example_dags/tutorial_dag.py
[2026-04-09T04:08:18.917+0000] {processor.py:830} INFO - Processing file /home/airflow/.local/lib/python3.8/site-packages/airflow/example_dags/tutorial_dag.py for tasks to queue
[2026-04-09T04:08:18.918+0000] {logging_mixin.py:188} INFO - [2026-04-09T04:08:18.918+0000] {dagbag.py:538} INFO - Filling up the DagBag from /home/airflow/.local/lib/python3.8/site-packages/airflow/example_dags/tutorial_dag.py
[2026-04-09T04:08:18.926+0000] {processor.py:840} INFO - DAG(s) 'tutorial_dag' retrieved from /home/airflow/.local/lib/python3.8/site-packages/airflow/example_dags/tutorial_dag.py
[2026-04-09T04:08:18.935+0000] {logging_mixin.py:188} INFO - [2026-04-09T04:08:18.935+0000] {dag.py:3036} INFO - Sync 1 DAGs
[2026-04-09T04:08:18.945+0000] {logging_mixin.py:188} INFO - [2026-04-09T04:08:18.945+0000] {dag.py:3823} INFO - Setting next_dagrun for tutorial_dag to None, run_after=None
[2026-04-09T04:08:18.959+0000] {processor.py:183} INFO - Processing /home/airflow/.local/lib/python3.8/site-packages/airflow/example_dags/tutorial_dag.py took 0.046 seconds
[2026-04-09T04:08:49.247+0000] {processor.py:161} INFO - Started process (PID=110) to work on /home/airflow/.local/lib/python3.8/site-packages/airflow/example_dags/tutorial_dag.py
[2026-04-09T04:08:49.248+0000] {processor.py:830} INFO - Processing file /home/airflow/.local/lib/python3.8/site-packages/airflow/example_dags/tutorial_dag.py for tasks to queue
[2026-04-09T04:08:49.249+0000] {logging_mixin.py:188} INFO - [2026-04-09T04:08:49.249+0000] {dagbag.py:538} INFO - Filling up the DagBag from /home/airflow/.local/lib/python3.8/site-packages/airflow/example_dags/tutorial_dag.py
[2026-04-09T04:08:49.254+0000] {processor.py:840} INFO - DAG(s) 'tutorial_dag' retrieved from /home/airflow/.local/lib/python3.8/site-packages/airflow/example_dags/tutorial_dag.py
[2026-04-09T04:08:49.329+0000] {logging_mixin.py:188} INFO - [2026-04-09T04:08:49.329+0000] {dag.py:3036} INFO - Sync 1 DAGs
[2026-04-09T04:08:49.336+0000] {logging_mixin.py:188} INFO - [2026-04-09T04:08:49.336+0000] {dag.py:3823} INFO - Setting next_dagrun for tutorial_dag to None, run_after=None
[2026-04-09T04:08:49.350+0000] {processor.py:183} INFO - Processing /home/airflow/.local/lib/python3.8/site-packages/airflow/example_dags/tutorial_dag.py took 0.105 seconds
[2026-04-09T04:10:07.569+0000] {processor.py:161} INFO - Started process (PID=54) to work on /home/airflow/.local/lib/python3.8/site-packages/airflow/example_dags/tutorial_dag.py
[2026-04-09T04:10:07.570+0000] {processor.py:830} INFO - Processing file /home/airflow/.local/lib/python3.8/site-packages/airflow/example_dags/tutorial_dag.py for tasks to queue
[2026-04-09T04:10:07.571+0000] {logging_mixin.py:188} INFO - [2026-04-09T04:10:07.571+0000] {dagbag.py:538} INFO - Filling up the DagBag from /home/airflow/.local/lib/python3.8/site-packages/airflow/example_dags/tutorial_dag.py
[2026-04-09T04:10:07.580+0000] {processor.py:840} INFO - DAG(s) 'tutorial_dag' retrieved from /home/airflow/.local/lib/python3.8/site-packages/airflow/example_dags/tutorial_dag.py
[2026-04-09T04:10:07.589+0000] {logging_mixin.py:188} INFO - [2026-04-09T04:10:07.589+0000] {dag.py:3036} INFO - Sync 1 DAGs
[2026-04-09T04:10:07.598+0000] {logging_mixin.py:188} INFO - [2026-04-09T04:10:07.598+0000] {dag.py:3823} INFO - Setting next_dagrun for tutorial_dag to None, run_after=None
[2026-04-09T04:10:07.612+0000] {processor.py:183} INFO - Processing /home/airflow/.local/lib/python3.8/site-packages/airflow/example_dags/tutorial_dag.py took 0.045 seconds
[2026-04-09T04:14:12.578+0000] {processor.py:161} INFO - Started process (PID=54) to work on /home/airflow/.local/lib/python3.8/site-packages/airflow/example_dags/tutorial_dag.py
[2026-04-09T04:14:12.579+0000] {processor.py:830} INFO - Processing file /home/airflow/.local/lib/python3.8/site-packages/airflow/example_dags/tutorial_dag.py for tasks to queue
[2026-04-09T04:14:12.580+0000] {logging_mixin.py:188} INFO - [2026-04-09T04:14:12.580+0000] {dagbag.py:538} INFO - Filling up the DagBag from /home/airflow/.local/lib/python3.8/site-packages/airflow/example_dags/tutorial_dag.py
[2026-04-09T04:14:12.588+0000] {processor.py:840} INFO - DAG(s) 'tutorial_dag' retrieved from /home/airflow/.local/lib/python3.8/site-packages/airflow/example_dags/tutorial_dag.py
[2026-04-09T04:14:12.597+0000] {logging_mixin.py:188} INFO - [2026-04-09T04:14:12.597+0000] {dag.py:3036} INFO - Sync 1 DAGs
[2026-04-09T04:14:12.606+0000] {logging_mixin.py:188} INFO - [2026-04-09T04:14:12.606+0000] {dag.py:3823} INFO - Setting next_dagrun for tutorial_dag to None, run_after=None
[2026-04-09T04:14:12.619+0000] {processor.py:183} INFO - Processing /home/airflow/.local/lib/python3.8/site-packages/airflow/example_dags/tutorial_dag.py took 0.043 seconds
[2026-04-09T04:14:43.349+0000] {processor.py:161} INFO - Started process (PID=117) to work on /home/airflow/.local/lib/python3.8/site-packages/airflow/example_dags/tutorial_dag.py
[2026-04-09T04:14:43.350+0000] {processor.py:830} INFO - Processing file /home/airflow/.local/lib/python3.8/site-packages/airflow/example_dags/tutorial_dag.py for tasks to queue
[2026-04-09T04:14:43.352+0000] {logging_mixin.py:188} INFO - [2026-04-09T04:14:43.352+0000] {dagbag.py:538} INFO - Filling up the DagBag from /home/airflow/.local/lib/python3.8/site-packages/airflow/example_dags/tutorial_dag.py
[2026-04-09T04:14:43.358+0000] {processor.py:840} INFO - DAG(s) 'tutorial_dag' retrieved from /home/airflow/.local/lib/python3.8/site-packages/airflow/example_dags/tutorial_dag.py
[2026-04-09T04:14:43.475+0000] {logging_mixin.py:188} INFO - [2026-04-09T04:14:43.475+0000] {dag.py:3036} INFO - Sync 1 DAGs
[2026-04-09T04:14:43.488+0000] {logging_mixin.py:188} INFO - [2026-04-09T04:14:43.487+0000] {dag.py:3823} INFO - Setting next_dagrun for tutorial_dag to None, run_after=None
[2026-04-09T04:14:43.508+0000] {processor.py:183} INFO - Processing /home/airflow/.local/lib/python3.8/site-packages/airflow/example_dags/tutorial_dag.py took 0.163 seconds
[2026-04-09T04:15:14.042+0000] {processor.py:161} INFO - Started process (PID=173) to work on /home/airflow/.local/lib/python3.8/site-packages/airflow/example_dags/tutorial_dag.py
[2026-04-09T04:15:14.043+0000] {processor.py:830} INFO - Processing file /home/airflow/.local/lib/python3.8/site-packages/airflow/example_dags/tutorial_dag.py for tasks to queue
[2026-04-09T04:15:14.044+0000] {logging_mixin.py:188} INFO - [2026-04-09T04:15:14.044+0000] {dagbag.py:538} INFO - Filling up the DagBag from /home/airflow/.local/lib/python3.8/site-packages/airflow/example_dags/tutorial_dag.py
[2026-04-09T04:15:14.048+0000] {processor.py:840} INFO - DAG(s) 'tutorial_dag' retrieved from /home/airflow/.local/lib/python3.8/site-packages/airflow/example_dags/tutorial_dag.py
[2026-04-09T04:15:14.063+0000] {logging_mixin.py:188} INFO - [2026-04-09T04:15:14.063+0000] {dag.py:3036} INFO - Sync 1 DAGs
[2026-04-09T04:15:14.074+0000] {logging_mixin.py:188} INFO - [2026-04-09T04:15:14.073+0000] {dag.py:3823} INFO - Setting next_dagrun for tutorial_dag to None, run_after=None
[2026-04-09T04:15:14.086+0000] {processor.py:183} INFO - Processing /home/airflow/.local/lib/python3.8/site-packages/airflow/example_dags/tutorial_dag.py took 0.047 seconds
[2026-04-09T04:15:44.915+0000] {processor.py:161} INFO - Started process (PID=235) to work on /home/airflow/.local/lib/python3.8/site-packages/airflow/example_dags/tutorial_dag.py
[2026-04-09T04:15:44.916+0000] {processor.py:830} INFO - Processing file /home/airflow/.local/lib/python3.8/site-packages/airflow/example_dags/tutorial_dag.py for tasks to queue
[2026-04-09T04:15:44.917+0000] {logging_mixin.py:188} INFO - [2026-04-09T04:15:44.917+0000] {dagbag.py:538} INFO - Filling up the DagBag from /home/airflow/.local/lib/python3.8/site-packages/airflow/example_dags/tutorial_dag.py
[2026-04-09T04:15:44.921+0000] {processor.py:840} INFO - DAG(s) 'tutorial_dag' retrieved from /home/airflow/.local/lib/python3.8/site-packages/airflow/example_dags/tutorial_dag.py
[2026-04-09T04:15:44.937+0000] {logging_mixin.py:188} INFO - [2026-04-09T04:15:44.936+0000] {dag.py:3036} INFO - Sync 1 DAGs
[2026-04-09T04:15:44.945+0000] {logging_mixin.py:188} INFO - [2026-04-09T04:15:44.945+0000] {dag.py:3823} INFO - Setting next_dagrun for tutorial_dag to None, run_after=None
[2026-04-09T04:15:44.958+0000] {processor.py:183} INFO - Processing /home/airflow/.local/lib/python3.8/site-packages/airflow/example_dags/tutorial_dag.py took 0.045 seconds
[2026-04-09T04:16:15.361+0000] {processor.py:161} INFO - Started process (PID=291) to work on /home/airflow/.local/lib/python3.8/site-packages/airflow/example_dags/tutorial_dag.py
[2026-04-09T04:16:15.362+0000] {processor.py:830} INFO - Processing file /home/airflow/.local/lib/python3.8/site-packages/airflow/example_dags/tutorial_dag.py for tasks to queue
[2026-04-09T04:16:15.363+0000] {logging_mixin.py:188} INFO - [2026-04-09T04:16:15.363+0000] {dagbag.py:538} INFO - Filling up the DagBag from /home/airflow/.local/lib/python3.8/site-packages/airflow/example_dags/tutorial_dag.py
[2026-04-09T04:16:15.368+0000] {processor.py:840} INFO - DAG(s) 'tutorial_dag' retrieved from /home/airflow/.local/lib/python3.8/site-packages/airflow/example_dags/tutorial_dag.py
[2026-04-09T04:16:15.383+0000] {logging_mixin.py:188} INFO - [2026-04-09T04:16:15.383+0000] {dag.py:3036} INFO - Sync 1 DAGs
[2026-04-09T04:16:15.392+0000] {logging_mixin.py:188} INFO - [2026-04-09T04:16:15.392+0000] {dag.py:3823} INFO - Setting next_dagrun for tutorial_dag to None, run_after=None
[2026-04-09T04:16:15.404+0000] {processor.py:183} INFO - Processing /home/airflow/.local/lib/python3.8/site-packages/airflow/example_dags/tutorial_dag.py took 0.045 seconds
[2026-04-09T04:17:22.704+0000] {processor.py:161} INFO - Started process (PID=54) to work on /home/airflow/.local/lib/python3.8/site-packages/airflow/example_dags/tutorial_dag.py
[2026-04-09T04:17:22.705+0000] {processor.py:830} INFO - Processing file /home/airflow/.local/lib/python3.8/site-packages/airflow/example_dags/tutorial_dag.py for tasks to queue
[2026-04-09T04:17:22.706+0000] {logging_mixin.py:188} INFO - [2026-04-09T04:17:22.706+0000] {dagbag.py:538} INFO - Filling up the DagBag from /home/airflow/.local/lib/python3.8/site-packages/airflow/example_dags/tutorial_dag.py
[2026-04-09T04:17:22.717+0000] {processor.py:840} INFO - DAG(s) 'tutorial_dag' retrieved from /home/airflow/.local/lib/python3.8/site-packages/airflow/example_dags/tutorial_dag.py
[2026-04-09T04:17:22.728+0000] {logging_mixin.py:188} INFO - [2026-04-09T04:17:22.727+0000] {dag.py:3036} INFO - Sync 1 DAGs
[2026-04-09T04:17:22.741+0000] {logging_mixin.py:188} INFO - [2026-04-09T04:17:22.741+0000] {dag.py:3823} INFO - Setting next_dagrun for tutorial_dag to None, run_after=None
[2026-04-09T04:17:22.758+0000] {processor.py:183} INFO - Processing /home/airflow/.local/lib/python3.8/site-packages/airflow/example_dags/tutorial_dag.py took 0.056 seconds
[2026-04-09T04:17:53.504+0000] {processor.py:161} INFO - Started process (PID=110) to work on /home/airflow/.local/lib/python3.8/site-packages/airflow/example_dags/tutorial_dag.py
[2026-04-09T04:17:53.505+0000] {processor.py:830} INFO - Processing file /home/airflow/.local/lib/python3.8/site-packages/airflow/example_dags/tutorial_dag.py for tasks to queue
[2026-04-09T04:17:53.507+0000] {logging_mixin.py:188} INFO - [2026-04-09T04:17:53.507+0000] {dagbag.py:538} INFO - Filling up the DagBag from /home/airflow/.local/lib/python3.8/site-packages/airflow/example_dags/tutorial_dag.py
[2026-04-09T04:17:53.513+0000] {processor.py:840} INFO - DAG(s) 'tutorial_dag' retrieved from /home/airflow/.local/lib/python3.8/site-packages/airflow/example_dags/tutorial_dag.py
[2026-04-09T04:17:53.630+0000] {logging_mixin.py:188} INFO - [2026-04-09T04:17:53.630+0000] {dag.py:3036} INFO - Sync 1 DAGs
[2026-04-09T04:17:53.641+0000] {logging_mixin.py:188} INFO - [2026-04-09T04:17:53.641+0000] {dag.py:3823} INFO - Setting next_dagrun for tutorial_dag to None, run_after=None
[2026-04-09T04:17:53.663+0000] {processor.py:183} INFO - Processing /home/airflow/.local/lib/python3.8/site-packages/airflow/example_dags/tutorial_dag.py took 0.163 seconds
[2026-04-09T04:18:24.204+0000] {processor.py:161} INFO - Started process (PID=172) to work on /home/airflow/.local/lib/python3.8/site-packages/airflow/example_dags/tutorial_dag.py
[2026-04-09T04:18:24.204+0000] {processor.py:830} INFO - Processing file /home/airflow/.local/lib/python3.8/site-packages/airflow/example_dags/tutorial_dag.py for tasks to queue
[2026-04-09T04:18:24.205+0000] {logging_mixin.py:188} INFO - [2026-04-09T04:18:24.205+0000] {dagbag.py:538} INFO - Filling up the DagBag from /home/airflow/.local/lib/python3.8/site-packages/airflow/example_dags/tutorial_dag.py
[2026-04-09T04:18:24.209+0000] {processor.py:840} INFO - DAG(s) 'tutorial_dag' retrieved from /home/airflow/.local/lib/python3.8/site-packages/airflow/example_dags/tutorial_dag.py
[2026-04-09T04:18:24.225+0000] {logging_mixin.py:188} INFO - [2026-04-09T04:18:24.224+0000] {dag.py:3036} INFO - Sync 1 DAGs
[2026-04-09T04:18:24.235+0000] {logging_mixin.py:188} INFO - [2026-04-09T04:18:24.234+0000] {dag.py:3823} INFO - Setting next_dagrun for tutorial_dag to None, run_after=None
[2026-04-09T04:18:24.248+0000] {processor.py:183} INFO - Processing /home/airflow/.local/lib/python3.8/site-packages/airflow/example_dags/tutorial_dag.py took 0.047 seconds
[2026-04-09T04:18:54.345+0000] {processor.py:161} INFO - Started process (PID=228) to work on /home/airflow/.local/lib/python3.8/site-packages/airflow/example_dags/tutorial_dag.py
[2026-04-09T04:18:54.346+0000] {processor.py:830} INFO - Processing file /home/airflow/.local/lib/python3.8/site-packages/airflow/example_dags/tutorial_dag.py for tasks to queue
[2026-04-09T04:18:54.348+0000] {logging_mixin.py:188} INFO - [2026-04-09T04:18:54.348+0000] {dagbag.py:538} INFO - Filling up the DagBag from /home/airflow/.local/lib/python3.8/site-packages/airflow/example_dags/tutorial_dag.py
[2026-04-09T04:18:54.352+0000] {processor.py:840} INFO - DAG(s) 'tutorial_dag' retrieved from /home/airflow/.local/lib/python3.8/site-packages/airflow/example_dags/tutorial_dag.py
[2026-04-09T04:18:54.369+0000] {logging_mixin.py:188} INFO - [2026-04-09T04:18:54.369+0000] {dag.py:3036} INFO - Sync 1 DAGs
[2026-04-09T04:18:54.379+0000] {logging_mixin.py:188} INFO - [2026-04-09T04:18:54.378+0000] {dag.py:3823} INFO - Setting next_dagrun for tutorial_dag to None, run_after=None
[2026-04-09T04:18:54.393+0000] {processor.py:183} INFO - Processing /home/airflow/.local/lib/python3.8/site-packages/airflow/example_dags/tutorial_dag.py took 0.050 seconds
[2026-04-09T04:19:24.613+0000] {processor.py:161} INFO - Started process (PID=284) to work on /home/airflow/.local/lib/python3.8/site-packages/airflow/example_dags/tutorial_dag.py
[2026-04-09T04:19:24.613+0000] {processor.py:830} INFO - Processing file /home/airflow/.local/lib/python3.8/site-packages/airflow/example_dags/tutorial_dag.py for tasks to queue
[2026-04-09T04:19:24.615+0000] {logging_mixin.py:188} INFO - [2026-04-09T04:19:24.614+0000] {dagbag.py:538} INFO - Filling up the DagBag from /home/airflow/.local/lib/python3.8/site-packages/airflow/example_dags/tutorial_dag.py
[2026-04-09T04:19:24.618+0000] {processor.py:840} INFO - DAG(s) 'tutorial_dag' retrieved from /home/airflow/.local/lib/python3.8/site-packages/airflow/example_dags/tutorial_dag.py
[2026-04-09T04:19:24.634+0000] {logging_mixin.py:188} INFO - [2026-04-09T04:19:24.634+0000] {dag.py:3036} INFO - Sync 1 DAGs
[2026-04-09T04:19:24.643+0000] {logging_mixin.py:188} INFO - [2026-04-09T04:19:24.643+0000] {dag.py:3823} INFO - Setting next_dagrun for tutorial_dag to None, run_after=None
[2026-04-09T04:19:24.657+0000] {processor.py:183} INFO - Processing /home/airflow/.local/lib/python3.8/site-packages/airflow/example_dags/tutorial_dag.py took 0.047 seconds
[2026-04-09T04:30:54.735+0000] {processor.py:161} INFO - Started process (PID=334) to work on /home/airflow/.local/lib/python3.8/site-packages/airflow/example_dags/tutorial_dag.py
[2026-04-09T04:30:54.736+0000] {processor.py:830} INFO - Processing file /home/airflow/.local/lib/python3.8/site-packages/airflow/example_dags/tutorial_dag.py for tasks to queue
[2026-04-09T04:30:54.739+0000] {logging_mixin.py:188} INFO - [2026-04-09T04:30:54.738+0000] {dagbag.py:538} INFO - Filling up the DagBag from /home/airflow/.local/lib/python3.8/site-packages/airflow/example_dags/tutorial_dag.py
[2026-04-09T04:30:54.746+0000] {processor.py:840} INFO - DAG(s) 'tutorial_dag' retrieved from /home/airflow/.local/lib/python3.8/site-packages/airflow/example_dags/tutorial_dag.py
[2026-04-09T04:30:54.780+0000] {logging_mixin.py:188} INFO - [2026-04-09T04:30:54.780+0000] {dag.py:3036} INFO - Sync 1 DAGs
[2026-04-09T04:30:54.802+0000] {logging_mixin.py:188} INFO - [2026-04-09T04:30:54.802+0000] {dag.py:3823} INFO - Setting next_dagrun for tutorial_dag to None, run_after=None
[2026-04-09T04:30:54.836+0000] {processor.py:183} INFO - Processing /home/airflow/.local/lib/python3.8/site-packages/airflow/example_dags/tutorial_dag.py took 0.105 seconds
[2026-04-09T04:31:25.062+0000] {processor.py:161} INFO - Started process (PID=390) to work on /home/airflow/.local/lib/python3.8/site-packages/airflow/example_dags/tutorial_dag.py
[2026-04-09T04:31:25.063+0000] {processor.py:830} INFO - Processing file /home/airflow/.local/lib/python3.8/site-packages/airflow/example_dags/tutorial_dag.py for tasks to queue
[2026-04-09T04:31:25.064+0000] {logging_mixin.py:188} INFO - [2026-04-09T04:31:25.064+0000] {dagbag.py:538} INFO - Filling up the DagBag from /home/airflow/.local/lib/python3.8/site-packages/airflow/example_dags/tutorial_dag.py
[2026-04-09T04:31:25.068+0000] {processor.py:840} INFO - DAG(s) 'tutorial_dag' retrieved from /home/airflow/.local/lib/python3.8/site-packages/airflow/example_dags/tutorial_dag.py
[2026-04-09T04:31:25.083+0000] {logging_mixin.py:188} INFO - [2026-04-09T04:31:25.083+0000] {dag.py:3036} INFO - Sync 1 DAGs
[2026-04-09T04:31:25.092+0000] {logging_mixin.py:188} INFO - [2026-04-09T04:31:25.092+0000] {dag.py:3823} INFO - Setting next_dagrun for tutorial_dag to None, run_after=None
[2026-04-09T04:31:25.106+0000] {processor.py:183} INFO - Processing /home/airflow/.local/lib/python3.8/site-packages/airflow/example_dags/tutorial_dag.py took 0.046 seconds
[2026-04-09T04:31:55.576+0000] {processor.py:161} INFO - Started process (PID=446) to work on /home/airflow/.local/lib/python3.8/site-packages/airflow/example_dags/tutorial_dag.py
[2026-04-09T04:31:55.577+0000] {processor.py:830} INFO - Processing file /home/airflow/.local/lib/python3.8/site-packages/airflow/example_dags/tutorial_dag.py for tasks to queue
[2026-04-09T04:31:55.579+0000] {logging_mixin.py:188} INFO - [2026-04-09T04:31:55.579+0000] {dagbag.py:538} INFO - Filling up the DagBag from /home/airflow/.local/lib/python3.8/site-packages/airflow/example_dags/tutorial_dag.py
[2026-04-09T04:31:55.585+0000] {processor.py:840} INFO - DAG(s) 'tutorial_dag' retrieved from /home/airflow/.local/lib/python3.8/site-packages/airflow/example_dags/tutorial_dag.py
[2026-04-09T04:31:55.612+0000] {logging_mixin.py:188} INFO - [2026-04-09T04:31:55.612+0000] {dag.py:3036} INFO - Sync 1 DAGs
[2026-04-09T04:31:55.627+0000] {logging_mixin.py:188} INFO - [2026-04-09T04:31:55.627+0000] {dag.py:3823} INFO - Setting next_dagrun for tutorial_dag to None, run_after=None
[2026-04-09T04:31:55.651+0000] {processor.py:183} INFO - Processing /home/airflow/.local/lib/python3.8/site-packages/airflow/example_dags/tutorial_dag.py took 0.079 seconds
[2026-04-09T04:32:25.930+0000] {processor.py:161} INFO - Started process (PID=502) to work on /home/airflow/.local/lib/python3.8/site-packages/airflow/example_dags/tutorial_dag.py
[2026-04-09T04:32:25.931+0000] {processor.py:830} INFO - Processing file /home/airflow/.local/lib/python3.8/site-packages/airflow/example_dags/tutorial_dag.py for tasks to queue
[2026-04-09T04:32:25.932+0000] {logging_mixin.py:188} INFO - [2026-04-09T04:32:25.932+0000] {dagbag.py:538} INFO - Filling up the DagBag from /home/airflow/.local/lib/python3.8/site-packages/airflow/example_dags/tutorial_dag.py
[2026-04-09T04:32:25.936+0000] {processor.py:840} INFO - DAG(s) 'tutorial_dag' retrieved from /home/airflow/.local/lib/python3.8/site-packages/airflow/example_dags/tutorial_dag.py
[2026-04-09T04:32:25.951+0000] {logging_mixin.py:188} INFO - [2026-04-09T04:32:25.951+0000] {dag.py:3036} INFO - Sync 1 DAGs
[2026-04-09T04:32:25.961+0000] {logging_mixin.py:188} INFO - [2026-04-09T04:32:25.961+0000] {dag.py:3823} INFO - Setting next_dagrun for tutorial_dag to None, run_after=None
[2026-04-09T04:32:25.975+0000] {processor.py:183} INFO - Processing /home/airflow/.local/lib/python3.8/site-packages/airflow/example_dags/tutorial_dag.py took 0.047 seconds
[2026-04-09T04:32:56.095+0000] {processor.py:161} INFO - Started process (PID=558) to work on /home/airflow/.local/lib/python3.8/site-packages/airflow/example_dags/tutorial_dag.py
[2026-04-09T04:32:56.096+0000] {processor.py:830} INFO - Processing file /home/airflow/.local/lib/python3.8/site-packages/airflow/example_dags/tutorial_dag.py for tasks to queue
[2026-04-09T04:32:56.098+0000] {logging_mixin.py:188} INFO - [2026-04-09T04:32:56.097+0000] {dagbag.py:538} INFO - Filling up the DagBag from /home/airflow/.local/lib/python3.8/site-packages/airflow/example_dags/tutorial_dag.py
[2026-04-09T04:32:56.101+0000] {processor.py:840} INFO - DAG(s) 'tutorial_dag' retrieved from /home/airflow/.local/lib/python3.8/site-packages/airflow/example_dags/tutorial_dag.py
[2026-04-09T04:32:56.117+0000] {logging_mixin.py:188} INFO - [2026-04-09T04:32:56.117+0000] {dag.py:3036} INFO - Sync 1 DAGs
[2026-04-09T04:32:56.125+0000] {logging_mixin.py:188} INFO - [2026-04-09T04:32:56.125+0000] {dag.py:3823} INFO - Setting next_dagrun for tutorial_dag to None, run_after=None
[2026-04-09T04:32:56.137+0000] {processor.py:183} INFO - Processing /home/airflow/.local/lib/python3.8/site-packages/airflow/example_dags/tutorial_dag.py took 0.045 seconds
[2026-04-09T04:33:26.245+0000] {processor.py:161} INFO - Started process (PID=614) to work on /home/airflow/.local/lib/python3.8/site-packages/airflow/example_dags/tutorial_dag.py
[2026-04-09T04:33:26.246+0000] {processor.py:830} INFO - Processing file /home/airflow/.local/lib/python3.8/site-packages/airflow/example_dags/tutorial_dag.py for tasks to queue
[2026-04-09T04:33:26.247+0000] {logging_mixin.py:188} INFO - [2026-04-09T04:33:26.247+0000] {dagbag.py:538} INFO - Filling up the DagBag from /home/airflow/.local/lib/python3.8/site-packages/airflow/example_dags/tutorial_dag.py
[2026-04-09T04:33:26.251+0000] {processor.py:840} INFO - DAG(s) 'tutorial_dag' retrieved from /home/airflow/.local/lib/python3.8/site-packages/airflow/example_dags/tutorial_dag.py
[2026-04-09T04:33:26.267+0000] {logging_mixin.py:188} INFO - [2026-04-09T04:33:26.267+0000] {dag.py:3036} INFO - Sync 1 DAGs
[2026-04-09T04:33:26.276+0000] {logging_mixin.py:188} INFO - [2026-04-09T04:33:26.276+0000] {dag.py:3823} INFO - Setting next_dagrun for tutorial_dag to None, run_after=None
[2026-04-09T04:33:26.290+0000] {processor.py:183} INFO - Processing /home/airflow/.local/lib/python3.8/site-packages/airflow/example_dags/tutorial_dag.py took 0.048 seconds
[2026-04-09T04:33:56.755+0000] {processor.py:161} INFO - Started process (PID=670) to work on /home/airflow/.local/lib/python3.8/site-packages/airflow/example_dags/tutorial_dag.py
[2026-04-09T04:33:56.756+0000] {processor.py:830} INFO - Processing file /home/airflow/.local/lib/python3.8/site-packages/airflow/example_dags/tutorial_dag.py for tasks to queue
[2026-04-09T04:33:56.757+0000] {logging_mixin.py:188} INFO - [2026-04-09T04:33:56.757+0000] {dagbag.py:538} INFO - Filling up the DagBag from /home/airflow/.local/lib/python3.8/site-packages/airflow/example_dags/tutorial_dag.py
[2026-04-09T04:33:56.761+0000] {processor.py:840} INFO - DAG(s) 'tutorial_dag' retrieved from /home/airflow/.local/lib/python3.8/site-packages/airflow/example_dags/tutorial_dag.py
[2026-04-09T04:33:56.777+0000] {logging_mixin.py:188} INFO - [2026-04-09T04:33:56.777+0000] {dag.py:3036} INFO - Sync 1 DAGs
[2026-04-09T04:33:56.787+0000] {logging_mixin.py:188} INFO - [2026-04-09T04:33:56.786+0000] {dag.py:3823} INFO - Setting next_dagrun for tutorial_dag to None, run_after=None
[2026-04-09T04:33:56.801+0000] {processor.py:183} INFO - Processing /home/airflow/.local/lib/python3.8/site-packages/airflow/example_dags/tutorial_dag.py took 0.049 seconds
[2026-04-09T04:34:26.877+0000] {processor.py:161} INFO - Started process (PID=726) to work on /home/airflow/.local/lib/python3.8/site-packages/airflow/example_dags/tutorial_dag.py
[2026-04-09T04:34:26.878+0000] {processor.py:830} INFO - Processing file /home/airflow/.local/lib/python3.8/site-packages/airflow/example_dags/tutorial_dag.py for tasks to queue
[2026-04-09T04:34:26.879+0000] {logging_mixin.py:188} INFO - [2026-04-09T04:34:26.879+0000] {dagbag.py:538} INFO - Filling up the DagBag from /home/airflow/.local/lib/python3.8/site-packages/airflow/example_dags/tutorial_dag.py
[2026-04-09T04:34:26.884+0000] {processor.py:840} INFO - DAG(s) 'tutorial_dag' retrieved from /home/airflow/.local/lib/python3.8/site-packages/airflow/example_dags/tutorial_dag.py
[2026-04-09T04:34:26.902+0000] {logging_mixin.py:188} INFO - [2026-04-09T04:34:26.902+0000] {dag.py:3036} INFO - Sync 1 DAGs
[2026-04-09T04:34:26.913+0000] {logging_mixin.py:188} INFO - [2026-04-09T04:34:26.913+0000] {dag.py:3823} INFO - Setting next_dagrun for tutorial_dag to None, run_after=None
[2026-04-09T04:34:26.928+0000] {processor.py:183} INFO - Processing /home/airflow/.local/lib/python3.8/site-packages/airflow/example_dags/tutorial_dag.py took 0.054 seconds
[2026-04-09T04:34:56.992+0000] {processor.py:161} INFO - Started process (PID=782) to work on /home/airflow/.local/lib/python3.8/site-packages/airflow/example_dags/tutorial_dag.py
[2026-04-09T04:34:56.992+0000] {processor.py:830} INFO - Processing file /home/airflow/.local/lib/python3.8/site-packages/airflow/example_dags/tutorial_dag.py for tasks to queue
[2026-04-09T04:34:56.994+0000] {logging_mixin.py:188} INFO - [2026-04-09T04:34:56.993+0000] {dagbag.py:538} INFO - Filling up the DagBag from /home/airflow/.local/lib/python3.8/site-packages/airflow/example_dags/tutorial_dag.py
[2026-04-09T04:34:56.997+0000] {processor.py:840} INFO - DAG(s) 'tutorial_dag' retrieved from /home/airflow/.local/lib/python3.8/site-packages/airflow/example_dags/tutorial_dag.py
[2026-04-09T04:34:57.012+0000] {logging_mixin.py:188} INFO - [2026-04-09T04:34:57.012+0000] {dag.py:3036} INFO - Sync 1 DAGs
[2026-04-09T04:34:57.021+0000] {logging_mixin.py:188} INFO - [2026-04-09T04:34:57.021+0000] {dag.py:3823} INFO - Setting next_dagrun for tutorial_dag to None, run_after=None
[2026-04-09T04:34:57.033+0000] {processor.py:183} INFO - Processing /home/airflow/.local/lib/python3.8/site-packages/airflow/example_dags/tutorial_dag.py took 0.044 seconds
[2026-04-09T04:35:27.236+0000] {processor.py:161} INFO - Started process (PID=838) to work on /home/airflow/.local/lib/python3.8/site-packages/airflow/example_dags/tutorial_dag.py
[2026-04-09T04:35:27.237+0000] {processor.py:830} INFO - Processing file /home/airflow/.local/lib/python3.8/site-packages/airflow/example_dags/tutorial_dag.py for tasks to queue
[2026-04-09T04:35:27.240+0000] {logging_mixin.py:188} INFO - [2026-04-09T04:35:27.239+0000] {dagbag.py:538} INFO - Filling up the DagBag from /home/airflow/.local/lib/python3.8/site-packages/airflow/example_dags/tutorial_dag.py
[2026-04-09T04:35:27.248+0000] {processor.py:840} INFO - DAG(s) 'tutorial_dag' retrieved from /home/airflow/.local/lib/python3.8/site-packages/airflow/example_dags/tutorial_dag.py
[2026-04-09T04:35:27.276+0000] {logging_mixin.py:188} INFO - [2026-04-09T04:35:27.276+0000] {dag.py:3036} INFO - Sync 1 DAGs
[2026-04-09T04:35:27.293+0000] {logging_mixin.py:188} INFO - [2026-04-09T04:35:27.293+0000] {dag.py:3823} INFO - Setting next_dagrun for tutorial_dag to None, run_after=None
[2026-04-09T04:35:27.315+0000] {processor.py:183} INFO - Processing /home/airflow/.local/lib/python3.8/site-packages/airflow/example_dags/tutorial_dag.py took 0.083 seconds
[2026-04-09T04:35:57.367+0000] {processor.py:161} INFO - Started process (PID=894) to work on /home/airflow/.local/lib/python3.8/site-packages/airflow/example_dags/tutorial_dag.py
[2026-04-09T04:35:57.368+0000] {processor.py:830} INFO - Processing file /home/airflow/.local/lib/python3.8/site-packages/airflow/example_dags/tutorial_dag.py for tasks to queue
[2026-04-09T04:35:57.369+0000] {logging_mixin.py:188} INFO - [2026-04-09T04:35:57.369+0000] {dagbag.py:538} INFO - Filling up the DagBag from /home/airflow/.local/lib/python3.8/site-packages/airflow/example_dags/tutorial_dag.py
[2026-04-09T04:35:57.373+0000] {processor.py:840} INFO - DAG(s) 'tutorial_dag' retrieved from /home/airflow/.local/lib/python3.8/site-packages/airflow/example_dags/tutorial_dag.py
[2026-04-09T04:35:57.388+0000] {logging_mixin.py:188} INFO - [2026-04-09T04:35:57.388+0000] {dag.py:3036} INFO - Sync 1 DAGs
[2026-04-09T04:35:57.397+0000] {logging_mixin.py:188} INFO - [2026-04-09T04:35:57.397+0000] {dag.py:3823} INFO - Setting next_dagrun for tutorial_dag to None, run_after=None
[2026-04-09T04:35:57.410+0000] {processor.py:183} INFO - Processing /home/airflow/.local/lib/python3.8/site-packages/airflow/example_dags/tutorial_dag.py took 0.045 seconds
[2026-04-09T04:36:27.464+0000] {processor.py:161} INFO - Started process (PID=950) to work on /home/airflow/.local/lib/python3.8/site-packages/airflow/example_dags/tutorial_dag.py
[2026-04-09T04:36:27.464+0000] {processor.py:830} INFO - Processing file /home/airflow/.local/lib/python3.8/site-packages/airflow/example_dags/tutorial_dag.py for tasks to queue
[2026-04-09T04:36:27.466+0000] {logging_mixin.py:188} INFO - [2026-04-09T04:36:27.465+0000] {dagbag.py:538} INFO - Filling up the DagBag from /home/airflow/.local/lib/python3.8/site-packages/airflow/example_dags/tutorial_dag.py
[2026-04-09T04:36:27.469+0000] {processor.py:840} INFO - DAG(s) 'tutorial_dag' retrieved from /home/airflow/.local/lib/python3.8/site-packages/airflow/example_dags/tutorial_dag.py
[2026-04-09T04:36:27.485+0000] {logging_mixin.py:188} INFO - [2026-04-09T04:36:27.485+0000] {dag.py:3036} INFO - Sync 1 DAGs
[2026-04-09T04:36:27.494+0000] {logging_mixin.py:188} INFO - [2026-04-09T04:36:27.494+0000] {dag.py:3823} INFO - Setting next_dagrun for tutorial_dag to None, run_after=None
[2026-04-09T04:36:27.506+0000] {processor.py:183} INFO - Processing /home/airflow/.local/lib/python3.8/site-packages/airflow/example_dags/tutorial_dag.py took 0.045 seconds
[2026-04-09T04:36:58.106+0000] {processor.py:161} INFO - Started process (PID=1006) to work on /home/airflow/.local/lib/python3.8/site-packages/airflow/example_dags/tutorial_dag.py
[2026-04-09T04:36:58.107+0000] {processor.py:830} INFO - Processing file /home/airflow/.local/lib/python3.8/site-packages/airflow/example_dags/tutorial_dag.py for tasks to queue
[2026-04-09T04:36:58.108+0000] {logging_mixin.py:188} INFO - [2026-04-09T04:36:58.108+0000] {dagbag.py:538} INFO - Filling up the DagBag from /home/airflow/.local/lib/python3.8/site-packages/airflow/example_dags/tutorial_dag.py
[2026-04-09T04:36:58.114+0000] {processor.py:840} INFO - DAG(s) 'tutorial_dag' retrieved from /home/airflow/.local/lib/python3.8/site-packages/airflow/example_dags/tutorial_dag.py
[2026-04-09T04:36:58.136+0000] {logging_mixin.py:188} INFO - [2026-04-09T04:36:58.135+0000] {dag.py:3036} INFO - Sync 1 DAGs
[2026-04-09T04:36:58.149+0000] {logging_mixin.py:188} INFO - [2026-04-09T04:36:58.149+0000] {dag.py:3823} INFO - Setting next_dagrun for tutorial_dag to None, run_after=None
[2026-04-09T04:36:58.167+0000] {processor.py:183} INFO - Processing /home/airflow/.local/lib/python3.8/site-packages/airflow/example_dags/tutorial_dag.py took 0.065 seconds
[2026-04-09T04:37:28.365+0000] {processor.py:161} INFO - Started process (PID=1062) to work on /home/airflow/.local/lib/python3.8/site-packages/airflow/example_dags/tutorial_dag.py
[2026-04-09T04:37:28.366+0000] {processor.py:830} INFO - Processing file /home/airflow/.local/lib/python3.8/site-packages/airflow/example_dags/tutorial_dag.py for tasks to queue
[2026-04-09T04:37:28.367+0000] {logging_mixin.py:188} INFO - [2026-04-09T04:37:28.367+0000] {dagbag.py:538} INFO - Filling up the DagBag from /home/airflow/.local/lib/python3.8/site-packages/airflow/example_dags/tutorial_dag.py
[2026-04-09T04:37:28.371+0000] {processor.py:840} INFO - DAG(s) 'tutorial_dag' retrieved from /home/airflow/.local/lib/python3.8/site-packages/airflow/example_dags/tutorial_dag.py
[2026-04-09T04:37:28.386+0000] {logging_mixin.py:188} INFO - [2026-04-09T04:37:28.386+0000] {dag.py:3036} INFO - Sync 1 DAGs
[2026-04-09T04:37:28.395+0000] {logging_mixin.py:188} INFO - [2026-04-09T04:37:28.394+0000] {dag.py:3823} INFO - Setting next_dagrun for tutorial_dag to None, run_after=None
[2026-04-09T04:37:28.407+0000] {processor.py:183} INFO - Processing /home/airflow/.local/lib/python3.8/site-packages/airflow/example_dags/tutorial_dag.py took 0.044 seconds
[2026-04-09T04:37:58.901+0000] {processor.py:161} INFO - Started process (PID=1118) to work on /home/airflow/.local/lib/python3.8/site-packages/airflow/example_dags/tutorial_dag.py
[2026-04-09T04:37:58.902+0000] {processor.py:830} INFO - Processing file /home/airflow/.local/lib/python3.8/site-packages/airflow/example_dags/tutorial_dag.py for tasks to queue
[2026-04-09T04:37:58.904+0000] {logging_mixin.py:188} INFO - [2026-04-09T04:37:58.904+0000] {dagbag.py:538} INFO - Filling up the DagBag from /home/airflow/.local/lib/python3.8/site-packages/airflow/example_dags/tutorial_dag.py
[2026-04-09T04:37:58.911+0000] {processor.py:840} INFO - DAG(s) 'tutorial_dag' retrieved from /home/airflow/.local/lib/python3.8/site-packages/airflow/example_dags/tutorial_dag.py
[2026-04-09T04:37:58.939+0000] {logging_mixin.py:188} INFO - [2026-04-09T04:37:58.938+0000] {dag.py:3036} INFO - Sync 1 DAGs
[2026-04-09T04:37:58.955+0000] {logging_mixin.py:188} INFO - [2026-04-09T04:37:58.955+0000] {dag.py:3823} INFO - Setting next_dagrun for tutorial_dag to None, run_after=None
[2026-04-09T04:37:58.978+0000] {processor.py:183} INFO - Processing /home/airflow/.local/lib/python3.8/site-packages/airflow/example_dags/tutorial_dag.py took 0.082 seconds
[2026-04-09T04:38:29.848+0000] {processor.py:161} INFO - Started process (PID=1174) to work on /home/airflow/.local/lib/python3.8/site-packages/airflow/example_dags/tutorial_dag.py
[2026-04-09T04:38:29.849+0000] {processor.py:830} INFO - Processing file /home/airflow/.local/lib/python3.8/site-packages/airflow/example_dags/tutorial_dag.py for tasks to queue
[2026-04-09T04:38:29.851+0000] {logging_mixin.py:188} INFO - [2026-04-09T04:38:29.851+0000] {dagbag.py:538} INFO - Filling up the DagBag from /home/airflow/.local/lib/python3.8/site-packages/airflow/example_dags/tutorial_dag.py
[2026-04-09T04:38:29.855+0000] {processor.py:840} INFO - DAG(s) 'tutorial_dag' retrieved from /home/airflow/.local/lib/python3.8/site-packages/airflow/example_dags/tutorial_dag.py
[2026-04-09T04:38:29.871+0000] {logging_mixin.py:188} INFO - [2026-04-09T04:38:29.871+0000] {dag.py:3036} INFO - Sync 1 DAGs
[2026-04-09T04:38:29.879+0000] {logging_mixin.py:188} INFO - [2026-04-09T04:38:29.879+0000] {dag.py:3823} INFO - Setting next_dagrun for tutorial_dag to None, run_after=None
[2026-04-09T04:38:29.891+0000] {processor.py:183} INFO - Processing /home/airflow/.local/lib/python3.8/site-packages/airflow/example_dags/tutorial_dag.py took 0.045 seconds
[2026-04-09T04:39:00.129+0000] {processor.py:161} INFO - Started process (PID=1230) to work on /home/airflow/.local/lib/python3.8/site-packages/airflow/example_dags/tutorial_dag.py
[2026-04-09T04:39:00.130+0000] {processor.py:830} INFO - Processing file /home/airflow/.local/lib/python3.8/site-packages/airflow/example_dags/tutorial_dag.py for tasks to queue
[2026-04-09T04:39:00.133+0000] {logging_mixin.py:188} INFO - [2026-04-09T04:39:00.132+0000] {dagbag.py:538} INFO - Filling up the DagBag from /home/airflow/.local/lib/python3.8/site-packages/airflow/example_dags/tutorial_dag.py
[2026-04-09T04:39:00.140+0000] {processor.py:840} INFO - DAG(s) 'tutorial_dag' retrieved from /home/airflow/.local/lib/python3.8/site-packages/airflow/example_dags/tutorial_dag.py
[2026-04-09T04:39:00.168+0000] {logging_mixin.py:188} INFO - [2026-04-09T04:39:00.167+0000] {dag.py:3036} INFO - Sync 1 DAGs
[2026-04-09T04:39:00.185+0000] {logging_mixin.py:188} INFO - [2026-04-09T04:39:00.184+0000] {dag.py:3823} INFO - Setting next_dagrun for tutorial_dag to None, run_after=None
[2026-04-09T04:39:00.208+0000] {processor.py:183} INFO - Processing /home/airflow/.local/lib/python3.8/site-packages/airflow/example_dags/tutorial_dag.py took 0.083 seconds
[2026-04-09T04:39:30.352+0000] {processor.py:161} INFO - Started process (PID=1286) to work on /home/airflow/.local/lib/python3.8/site-packages/airflow/example_dags/tutorial_dag.py
[2026-04-09T04:39:30.353+0000] {processor.py:830} INFO - Processing file /home/airflow/.local/lib/python3.8/site-packages/airflow/example_dags/tutorial_dag.py for tasks to queue
[2026-04-09T04:39:30.354+0000] {logging_mixin.py:188} INFO - [2026-04-09T04:39:30.354+0000] {dagbag.py:538} INFO - Filling up the DagBag from /home/airflow/.local/lib/python3.8/site-packages/airflow/example_dags/tutorial_dag.py
[2026-04-09T04:39:30.358+0000] {processor.py:840} INFO - DAG(s) 'tutorial_dag' retrieved from /home/airflow/.local/lib/python3.8/site-packages/airflow/example_dags/tutorial_dag.py
[2026-04-09T04:39:30.374+0000] {logging_mixin.py:188} INFO - [2026-04-09T04:39:30.374+0000] {dag.py:3036} INFO - Sync 1 DAGs
[2026-04-09T04:39:30.383+0000] {logging_mixin.py:188} INFO - [2026-04-09T04:39:30.382+0000] {dag.py:3823} INFO - Setting next_dagrun for tutorial_dag to None, run_after=None
[2026-04-09T04:39:30.394+0000] {processor.py:183} INFO - Processing /home/airflow/.local/lib/python3.8/site-packages/airflow/example_dags/tutorial_dag.py took 0.045 seconds
[2026-04-09T04:40:00.527+0000] {processor.py:161} INFO - Started process (PID=1342) to work on /home/airflow/.local/lib/python3.8/site-packages/airflow/example_dags/tutorial_dag.py
[2026-04-09T04:40:00.528+0000] {processor.py:830} INFO - Processing file /home/airflow/.local/lib/python3.8/site-packages/airflow/example_dags/tutorial_dag.py for tasks to queue
[2026-04-09T04:40:00.529+0000] {logging_mixin.py:188} INFO - [2026-04-09T04:40:00.529+0000] {dagbag.py:538} INFO - Filling up the DagBag from /home/airflow/.local/lib/python3.8/site-packages/airflow/example_dags/tutorial_dag.py
[2026-04-09T04:40:00.534+0000] {processor.py:840} INFO - DAG(s) 'tutorial_dag' retrieved from /home/airflow/.local/lib/python3.8/site-packages/airflow/example_dags/tutorial_dag.py
[2026-04-09T04:40:00.549+0000] {logging_mixin.py:188} INFO - [2026-04-09T04:40:00.548+0000] {dag.py:3036} INFO - Sync 1 DAGs
[2026-04-09T04:40:00.557+0000] {logging_mixin.py:188} INFO - [2026-04-09T04:40:00.557+0000] {dag.py:3823} INFO - Setting next_dagrun for tutorial_dag to None, run_after=None
[2026-04-09T04:40:00.569+0000] {processor.py:183} INFO - Processing /home/airflow/.local/lib/python3.8/site-packages/airflow/example_dags/tutorial_dag.py took 0.044 seconds
[2026-04-09T04:40:30.667+0000] {processor.py:161} INFO - Started process (PID=1398) to work on /home/airflow/.local/lib/python3.8/site-packages/airflow/example_dags/tutorial_dag.py
[2026-04-09T04:40:30.668+0000] {processor.py:830} INFO - Processing file /home/airflow/.local/lib/python3.8/site-packages/airflow/example_dags/tutorial_dag.py for tasks to queue
[2026-04-09T04:40:30.669+0000] {logging_mixin.py:188} INFO - [2026-04-09T04:40:30.669+0000] {dagbag.py:538} INFO - Filling up the DagBag from /home/airflow/.local/lib/python3.8/site-packages/airflow/example_dags/tutorial_dag.py
[2026-04-09T04:40:30.673+0000] {processor.py:840} INFO - DAG(s) 'tutorial_dag' retrieved from /home/airflow/.local/lib/python3.8/site-packages/airflow/example_dags/tutorial_dag.py
[2026-04-09T04:40:30.687+0000] {logging_mixin.py:188} INFO - [2026-04-09T04:40:30.687+0000] {dag.py:3036} INFO - Sync 1 DAGs
[2026-04-09T04:40:30.696+0000] {logging_mixin.py:188} INFO - [2026-04-09T04:40:30.696+0000] {dag.py:3823} INFO - Setting next_dagrun for tutorial_dag to None, run_after=None
[2026-04-09T04:40:30.708+0000] {processor.py:183} INFO - Processing /home/airflow/.local/lib/python3.8/site-packages/airflow/example_dags/tutorial_dag.py took 0.044 seconds
[2026-04-09T04:41:00.854+0000] {processor.py:161} INFO - Started process (PID=1454) to work on /home/airflow/.local/lib/python3.8/site-packages/airflow/example_dags/tutorial_dag.py
[2026-04-09T04:41:00.855+0000] {processor.py:830} INFO - Processing file /home/airflow/.local/lib/python3.8/site-packages/airflow/example_dags/tutorial_dag.py for tasks to queue
[2026-04-09T04:41:00.856+0000] {logging_mixin.py:188} INFO - [2026-04-09T04:41:00.856+0000] {dagbag.py:538} INFO - Filling up the DagBag from /home/airflow/.local/lib/python3.8/site-packages/airflow/example_dags/tutorial_dag.py
[2026-04-09T04:41:00.860+0000] {processor.py:840} INFO - DAG(s) 'tutorial_dag' retrieved from /home/airflow/.local/lib/python3.8/site-packages/airflow/example_dags/tutorial_dag.py
[2026-04-09T04:41:00.875+0000] {logging_mixin.py:188} INFO - [2026-04-09T04:41:00.875+0000] {dag.py:3036} INFO - Sync 1 DAGs
[2026-04-09T04:41:00.884+0000] {logging_mixin.py:188} INFO - [2026-04-09T04:41:00.884+0000] {dag.py:3823} INFO - Setting next_dagrun for tutorial_dag to None, run_after=None
[2026-04-09T04:41:00.895+0000] {processor.py:183} INFO - Processing /home/airflow/.local/lib/python3.8/site-packages/airflow/example_dags/tutorial_dag.py took 0.044 seconds
[2026-04-09T04:41:31.394+0000] {processor.py:161} INFO - Started process (PID=1510) to work on /home/airflow/.local/lib/python3.8/site-packages/airflow/example_dags/tutorial_dag.py
[2026-04-09T04:41:31.396+0000] {processor.py:830} INFO - Processing file /home/airflow/.local/lib/python3.8/site-packages/airflow/example_dags/tutorial_dag.py for tasks to queue
[2026-04-09T04:41:31.398+0000] {logging_mixin.py:188} INFO - [2026-04-09T04:41:31.398+0000] {dagbag.py:538} INFO - Filling up the DagBag from /home/airflow/.local/lib/python3.8/site-packages/airflow/example_dags/tutorial_dag.py
[2026-04-09T04:41:31.408+0000] {processor.py:840} INFO - DAG(s) 'tutorial_dag' retrieved from /home/airflow/.local/lib/python3.8/site-packages/airflow/example_dags/tutorial_dag.py
[2026-04-09T04:41:31.445+0000] {logging_mixin.py:188} INFO - [2026-04-09T04:41:31.445+0000] {dag.py:3036} INFO - Sync 1 DAGs
[2026-04-09T04:41:31.467+0000] {logging_mixin.py:188} INFO - [2026-04-09T04:41:31.466+0000] {dag.py:3823} INFO - Setting next_dagrun for tutorial_dag to None, run_after=None
[2026-04-09T04:41:31.498+0000] {processor.py:183} INFO - Processing /home/airflow/.local/lib/python3.8/site-packages/airflow/example_dags/tutorial_dag.py took 0.110 seconds
[2026-04-09T04:42:01.564+0000] {processor.py:161} INFO - Started process (PID=1566) to work on /home/airflow/.local/lib/python3.8/site-packages/airflow/example_dags/tutorial_dag.py
[2026-04-09T04:42:01.565+0000] {processor.py:830} INFO - Processing file /home/airflow/.local/lib/python3.8/site-packages/airflow/example_dags/tutorial_dag.py for tasks to queue
[2026-04-09T04:42:01.566+0000] {logging_mixin.py:188} INFO - [2026-04-09T04:42:01.566+0000] {dagbag.py:538} INFO - Filling up the DagBag from /home/airflow/.local/lib/python3.8/site-packages/airflow/example_dags/tutorial_dag.py
[2026-04-09T04:42:01.570+0000] {processor.py:840} INFO - DAG(s) 'tutorial_dag' retrieved from /home/airflow/.local/lib/python3.8/site-packages/airflow/example_dags/tutorial_dag.py
[2026-04-09T04:42:01.585+0000] {logging_mixin.py:188} INFO - [2026-04-09T04:42:01.585+0000] {dag.py:3036} INFO - Sync 1 DAGs
[2026-04-09T04:42:01.593+0000] {logging_mixin.py:188} INFO - [2026-04-09T04:42:01.593+0000] {dag.py:3823} INFO - Setting next_dagrun for tutorial_dag to None, run_after=None
[2026-04-09T04:42:01.605+0000] {processor.py:183} INFO - Processing /home/airflow/.local/lib/python3.8/site-packages/airflow/example_dags/tutorial_dag.py took 0.043 seconds
[2026-04-09T04:42:31.734+0000] {processor.py:161} INFO - Started process (PID=1622) to work on /home/airflow/.local/lib/python3.8/site-packages/airflow/example_dags/tutorial_dag.py
[2026-04-09T04:42:31.735+0000] {processor.py:830} INFO - Processing file /home/airflow/.local/lib/python3.8/site-packages/airflow/example_dags/tutorial_dag.py for tasks to queue
[2026-04-09T04:42:31.736+0000] {logging_mixin.py:188} INFO - [2026-04-09T04:42:31.736+0000] {dagbag.py:538} INFO - Filling up the DagBag from /home/airflow/.local/lib/python3.8/site-packages/airflow/example_dags/tutorial_dag.py
[2026-04-09T04:42:31.740+0000] {processor.py:840} INFO - DAG(s) 'tutorial_dag' retrieved from /home/airflow/.local/lib/python3.8/site-packages/airflow/example_dags/tutorial_dag.py
[2026-04-09T04:42:31.755+0000] {logging_mixin.py:188} INFO - [2026-04-09T04:42:31.755+0000] {dag.py:3036} INFO - Sync 1 DAGs
[2026-04-09T04:42:31.764+0000] {logging_mixin.py:188} INFO - [2026-04-09T04:42:31.764+0000] {dag.py:3823} INFO - Setting next_dagrun for tutorial_dag to None, run_after=None
[2026-04-09T04:42:31.777+0000] {processor.py:183} INFO - Processing /home/airflow/.local/lib/python3.8/site-packages/airflow/example_dags/tutorial_dag.py took 0.045 seconds
[2026-04-09T04:43:01.881+0000] {processor.py:161} INFO - Started process (PID=1678) to work on /home/airflow/.local/lib/python3.8/site-packages/airflow/example_dags/tutorial_dag.py
[2026-04-09T04:43:01.882+0000] {processor.py:830} INFO - Processing file /home/airflow/.local/lib/python3.8/site-packages/airflow/example_dags/tutorial_dag.py for tasks to queue
[2026-04-09T04:43:01.883+0000] {logging_mixin.py:188} INFO - [2026-04-09T04:43:01.883+0000] {dagbag.py:538} INFO - Filling up the DagBag from /home/airflow/.local/lib/python3.8/site-packages/airflow/example_dags/tutorial_dag.py
[2026-04-09T04:43:01.887+0000] {processor.py:840} INFO - DAG(s) 'tutorial_dag' retrieved from /home/airflow/.local/lib/python3.8/site-packages/airflow/example_dags/tutorial_dag.py
[2026-04-09T04:43:01.901+0000] {logging_mixin.py:188} INFO - [2026-04-09T04:43:01.901+0000] {dag.py:3036} INFO - Sync 1 DAGs
[2026-04-09T04:43:01.909+0000] {logging_mixin.py:188} INFO - [2026-04-09T04:43:01.909+0000] {dag.py:3823} INFO - Setting next_dagrun for tutorial_dag to None, run_after=None
[2026-04-09T04:43:01.922+0000] {processor.py:183} INFO - Processing /home/airflow/.local/lib/python3.8/site-packages/airflow/example_dags/tutorial_dag.py took 0.043 seconds
[2026-04-09T04:43:32.190+0000] {processor.py:161} INFO - Started process (PID=1734) to work on /home/airflow/.local/lib/python3.8/site-packages/airflow/example_dags/tutorial_dag.py
[2026-04-09T04:43:32.191+0000] {processor.py:830} INFO - Processing file /home/airflow/.local/lib/python3.8/site-packages/airflow/example_dags/tutorial_dag.py for tasks to queue
[2026-04-09T04:43:32.192+0000] {logging_mixin.py:188} INFO - [2026-04-09T04:43:32.192+0000] {dagbag.py:538} INFO - Filling up the DagBag from /home/airflow/.local/lib/python3.8/site-packages/airflow/example_dags/tutorial_dag.py
[2026-04-09T04:43:32.196+0000] {processor.py:840} INFO - DAG(s) 'tutorial_dag' retrieved from /home/airflow/.local/lib/python3.8/site-packages/airflow/example_dags/tutorial_dag.py
[2026-04-09T04:43:32.210+0000] {logging_mixin.py:188} INFO - [2026-04-09T04:43:32.210+0000] {dag.py:3036} INFO - Sync 1 DAGs
[2026-04-09T04:43:32.218+0000] {logging_mixin.py:188} INFO - [2026-04-09T04:43:32.218+0000] {dag.py:3823} INFO - Setting next_dagrun for tutorial_dag to None, run_after=None
[2026-04-09T04:43:32.229+0000] {processor.py:183} INFO - Processing /home/airflow/.local/lib/python3.8/site-packages/airflow/example_dags/tutorial_dag.py took 0.041 seconds
[2026-04-09T04:44:02.354+0000] {processor.py:161} INFO - Started process (PID=1790) to work on /home/airflow/.local/lib/python3.8/site-packages/airflow/example_dags/tutorial_dag.py
[2026-04-09T04:44:02.354+0000] {processor.py:830} INFO - Processing file /home/airflow/.local/lib/python3.8/site-packages/airflow/example_dags/tutorial_dag.py for tasks to queue
[2026-04-09T04:44:02.356+0000] {logging_mixin.py:188} INFO - [2026-04-09T04:44:02.355+0000] {dagbag.py:538} INFO - Filling up the DagBag from /home/airflow/.local/lib/python3.8/site-packages/airflow/example_dags/tutorial_dag.py
[2026-04-09T04:44:02.359+0000] {processor.py:840} INFO - DAG(s) 'tutorial_dag' retrieved from /home/airflow/.local/lib/python3.8/site-packages/airflow/example_dags/tutorial_dag.py
[2026-04-09T04:44:02.373+0000] {logging_mixin.py:188} INFO - [2026-04-09T04:44:02.373+0000] {dag.py:3036} INFO - Sync 1 DAGs
[2026-04-09T04:44:02.381+0000] {logging_mixin.py:188} INFO - [2026-04-09T04:44:02.381+0000] {dag.py:3823} INFO - Setting next_dagrun for tutorial_dag to None, run_after=None
[2026-04-09T04:44:02.392+0000] {processor.py:183} INFO - Processing /home/airflow/.local/lib/python3.8/site-packages/airflow/example_dags/tutorial_dag.py took 0.041 seconds
[2026-04-09T04:44:32.613+0000] {processor.py:161} INFO - Started process (PID=1846) to work on /home/airflow/.local/lib/python3.8/site-packages/airflow/example_dags/tutorial_dag.py
[2026-04-09T04:44:32.614+0000] {processor.py:830} INFO - Processing file /home/airflow/.local/lib/python3.8/site-packages/airflow/example_dags/tutorial_dag.py for tasks to queue
[2026-04-09T04:44:32.615+0000] {logging_mixin.py:188} INFO - [2026-04-09T04:44:32.615+0000] {dagbag.py:538} INFO - Filling up the DagBag from /home/airflow/.local/lib/python3.8/site-packages/airflow/example_dags/tutorial_dag.py
[2026-04-09T04:44:32.619+0000] {processor.py:840} INFO - DAG(s) 'tutorial_dag' retrieved from /home/airflow/.local/lib/python3.8/site-packages/airflow/example_dags/tutorial_dag.py
[2026-04-09T04:44:32.632+0000] {logging_mixin.py:188} INFO - [2026-04-09T04:44:32.632+0000] {dag.py:3036} INFO - Sync 1 DAGs
[2026-04-09T04:44:32.640+0000] {logging_mixin.py:188} INFO - [2026-04-09T04:44:32.640+0000] {dag.py:3823} INFO - Setting next_dagrun for tutorial_dag to None, run_after=None
[2026-04-09T04:44:32.650+0000] {processor.py:183} INFO - Processing /home/airflow/.local/lib/python3.8/site-packages/airflow/example_dags/tutorial_dag.py took 0.039 seconds
[2026-04-09T04:45:02.872+0000] {processor.py:161} INFO - Started process (PID=1902) to work on /home/airflow/.local/lib/python3.8/site-packages/airflow/example_dags/tutorial_dag.py
[2026-04-09T04:45:02.873+0000] {processor.py:830} INFO - Processing file /home/airflow/.local/lib/python3.8/site-packages/airflow/example_dags/tutorial_dag.py for tasks to queue
[2026-04-09T04:45:02.874+0000] {logging_mixin.py:188} INFO - [2026-04-09T04:45:02.874+0000] {dagbag.py:538} INFO - Filling up the DagBag from /home/airflow/.local/lib/python3.8/site-packages/airflow/example_dags/tutorial_dag.py
[2026-04-09T04:45:02.878+0000] {processor.py:840} INFO - DAG(s) 'tutorial_dag' retrieved from /home/airflow/.local/lib/python3.8/site-packages/airflow/example_dags/tutorial_dag.py
[2026-04-09T04:45:02.892+0000] {logging_mixin.py:188} INFO - [2026-04-09T04:45:02.892+0000] {dag.py:3036} INFO - Sync 1 DAGs
[2026-04-09T04:45:02.900+0000] {logging_mixin.py:188} INFO - [2026-04-09T04:45:02.900+0000] {dag.py:3823} INFO - Setting next_dagrun for tutorial_dag to None, run_after=None
[2026-04-09T04:45:02.911+0000] {processor.py:183} INFO - Processing /home/airflow/.local/lib/python3.8/site-packages/airflow/example_dags/tutorial_dag.py took 0.041 seconds
[2026-04-09T04:45:33.166+0000] {processor.py:161} INFO - Started process (PID=1958) to work on /home/airflow/.local/lib/python3.8/site-packages/airflow/example_dags/tutorial_dag.py
[2026-04-09T04:45:33.167+0000] {processor.py:830} INFO - Processing file /home/airflow/.local/lib/python3.8/site-packages/airflow/example_dags/tutorial_dag.py for tasks to queue
[2026-04-09T04:45:33.168+0000] {logging_mixin.py:188} INFO - [2026-04-09T04:45:33.168+0000] {dagbag.py:538} INFO - Filling up the DagBag from /home/airflow/.local/lib/python3.8/site-packages/airflow/example_dags/tutorial_dag.py
[2026-04-09T04:45:33.172+0000] {processor.py:840} INFO - DAG(s) 'tutorial_dag' retrieved from /home/airflow/.local/lib/python3.8/site-packages/airflow/example_dags/tutorial_dag.py
[2026-04-09T04:45:33.186+0000] {logging_mixin.py:188} INFO - [2026-04-09T04:45:33.185+0000] {dag.py:3036} INFO - Sync 1 DAGs
[2026-04-09T04:45:33.194+0000] {logging_mixin.py:188} INFO - [2026-04-09T04:45:33.193+0000] {dag.py:3823} INFO - Setting next_dagrun for tutorial_dag to None, run_after=None
[2026-04-09T04:45:33.204+0000] {processor.py:183} INFO - Processing /home/airflow/.local/lib/python3.8/site-packages/airflow/example_dags/tutorial_dag.py took 0.040 seconds
[2026-04-09T04:46:03.519+0000] {processor.py:161} INFO - Started process (PID=2014) to work on /home/airflow/.local/lib/python3.8/site-packages/airflow/example_dags/tutorial_dag.py
[2026-04-09T04:46:03.519+0000] {processor.py:830} INFO - Processing file /home/airflow/.local/lib/python3.8/site-packages/airflow/example_dags/tutorial_dag.py for tasks to queue
[2026-04-09T04:46:03.520+0000] {logging_mixin.py:188} INFO - [2026-04-09T04:46:03.520+0000] {dagbag.py:538} INFO - Filling up the DagBag from /home/airflow/.local/lib/python3.8/site-packages/airflow/example_dags/tutorial_dag.py
[2026-04-09T04:46:03.524+0000] {processor.py:840} INFO - DAG(s) 'tutorial_dag' retrieved from /home/airflow/.local/lib/python3.8/site-packages/airflow/example_dags/tutorial_dag.py
[2026-04-09T04:46:03.537+0000] {logging_mixin.py:188} INFO - [2026-04-09T04:46:03.537+0000] {dag.py:3036} INFO - Sync 1 DAGs
[2026-04-09T04:46:03.545+0000] {logging_mixin.py:188} INFO - [2026-04-09T04:46:03.545+0000] {dag.py:3823} INFO - Setting next_dagrun for tutorial_dag to None, run_after=None
[2026-04-09T04:46:03.556+0000] {processor.py:183} INFO - Processing /home/airflow/.local/lib/python3.8/site-packages/airflow/example_dags/tutorial_dag.py took 0.040 seconds
[2026-04-09T04:46:33.804+0000] {processor.py:161} INFO - Started process (PID=2070) to work on /home/airflow/.local/lib/python3.8/site-packages/airflow/example_dags/tutorial_dag.py
[2026-04-09T04:46:33.804+0000] {processor.py:830} INFO - Processing file /home/airflow/.local/lib/python3.8/site-packages/airflow/example_dags/tutorial_dag.py for tasks to queue
[2026-04-09T04:46:33.805+0000] {logging_mixin.py:188} INFO - [2026-04-09T04:46:33.805+0000] {dagbag.py:538} INFO - Filling up the DagBag from /home/airflow/.local/lib/python3.8/site-packages/airflow/example_dags/tutorial_dag.py
[2026-04-09T04:46:33.809+0000] {processor.py:840} INFO - DAG(s) 'tutorial_dag' retrieved from /home/airflow/.local/lib/python3.8/site-packages/airflow/example_dags/tutorial_dag.py
[2026-04-09T04:46:33.823+0000] {logging_mixin.py:188} INFO - [2026-04-09T04:46:33.823+0000] {dag.py:3036} INFO - Sync 1 DAGs
[2026-04-09T04:46:33.831+0000] {logging_mixin.py:188} INFO - [2026-04-09T04:46:33.831+0000] {dag.py:3823} INFO - Setting next_dagrun for tutorial_dag to None, run_after=None
[2026-04-09T04:46:33.841+0000] {processor.py:183} INFO - Processing /home/airflow/.local/lib/python3.8/site-packages/airflow/example_dags/tutorial_dag.py took 0.040 seconds
[2026-04-09T04:47:04.301+0000] {processor.py:161} INFO - Started process (PID=2126) to work on /home/airflow/.local/lib/python3.8/site-packages/airflow/example_dags/tutorial_dag.py
[2026-04-09T04:47:04.302+0000] {processor.py:830} INFO - Processing file /home/airflow/.local/lib/python3.8/site-packages/airflow/example_dags/tutorial_dag.py for tasks to queue
[2026-04-09T04:47:04.303+0000] {logging_mixin.py:188} INFO - [2026-04-09T04:47:04.303+0000] {dagbag.py:538} INFO - Filling up the DagBag from /home/airflow/.local/lib/python3.8/site-packages/airflow/example_dags/tutorial_dag.py
[2026-04-09T04:47:04.307+0000] {processor.py:840} INFO - DAG(s) 'tutorial_dag' retrieved from /home/airflow/.local/lib/python3.8/site-packages/airflow/example_dags/tutorial_dag.py
[2026-04-09T04:47:04.321+0000] {logging_mixin.py:188} INFO - [2026-04-09T04:47:04.320+0000] {dag.py:3036} INFO - Sync 1 DAGs
[2026-04-09T04:47:04.329+0000] {logging_mixin.py:188} INFO - [2026-04-09T04:47:04.328+0000] {dag.py:3823} INFO - Setting next_dagrun for tutorial_dag to None, run_after=None
[2026-04-09T04:47:04.339+0000] {processor.py:183} INFO - Processing /home/airflow/.local/lib/python3.8/site-packages/airflow/example_dags/tutorial_dag.py took 0.040 seconds
[2026-04-09T04:47:34.988+0000] {processor.py:161} INFO - Started process (PID=2182) to work on /home/airflow/.local/lib/python3.8/site-packages/airflow/example_dags/tutorial_dag.py
[2026-04-09T04:47:34.988+0000] {processor.py:830} INFO - Processing file /home/airflow/.local/lib/python3.8/site-packages/airflow/example_dags/tutorial_dag.py for tasks to queue
[2026-04-09T04:47:34.989+0000] {logging_mixin.py:188} INFO - [2026-04-09T04:47:34.989+0000] {dagbag.py:538} INFO - Filling up the DagBag from /home/airflow/.local/lib/python3.8/site-packages/airflow/example_dags/tutorial_dag.py
[2026-04-09T04:47:34.993+0000] {processor.py:840} INFO - DAG(s) 'tutorial_dag' retrieved from /home/airflow/.local/lib/python3.8/site-packages/airflow/example_dags/tutorial_dag.py
[2026-04-09T04:47:35.006+0000] {logging_mixin.py:188} INFO - [2026-04-09T04:47:35.006+0000] {dag.py:3036} INFO - Sync 1 DAGs
[2026-04-09T04:47:35.014+0000] {logging_mixin.py:188} INFO - [2026-04-09T04:47:35.014+0000] {dag.py:3823} INFO - Setting next_dagrun for tutorial_dag to None, run_after=None
[2026-04-09T04:47:35.025+0000] {processor.py:183} INFO - Processing /home/airflow/.local/lib/python3.8/site-packages/airflow/example_dags/tutorial_dag.py took 0.040 seconds
[2026-04-09T04:48:05.397+0000] {processor.py:161} INFO - Started process (PID=2238) to work on /home/airflow/.local/lib/python3.8/site-packages/airflow/example_dags/tutorial_dag.py
[2026-04-09T04:48:05.398+0000] {processor.py:830} INFO - Processing file /home/airflow/.local/lib/python3.8/site-packages/airflow/example_dags/tutorial_dag.py for tasks to queue
[2026-04-09T04:48:05.399+0000] {logging_mixin.py:188} INFO - [2026-04-09T04:48:05.399+0000] {dagbag.py:538} INFO - Filling up the DagBag from /home/airflow/.local/lib/python3.8/site-packages/airflow/example_dags/tutorial_dag.py
[2026-04-09T04:48:05.403+0000] {processor.py:840} INFO - DAG(s) 'tutorial_dag' retrieved from /home/airflow/.local/lib/python3.8/site-packages/airflow/example_dags/tutorial_dag.py
[2026-04-09T04:48:05.416+0000] {logging_mixin.py:188} INFO - [2026-04-09T04:48:05.416+0000] {dag.py:3036} INFO - Sync 1 DAGs
[2026-04-09T04:48:05.424+0000] {logging_mixin.py:188} INFO - [2026-04-09T04:48:05.424+0000] {dag.py:3823} INFO - Setting next_dagrun for tutorial_dag to None, run_after=None
[2026-04-09T04:48:05.435+0000] {processor.py:183} INFO - Processing /home/airflow/.local/lib/python3.8/site-packages/airflow/example_dags/tutorial_dag.py took 0.040 seconds
[2026-04-09T04:48:36.020+0000] {processor.py:161} INFO - Started process (PID=2294) to work on /home/airflow/.local/lib/python3.8/site-packages/airflow/example_dags/tutorial_dag.py
[2026-04-09T04:48:36.021+0000] {processor.py:830} INFO - Processing file /home/airflow/.local/lib/python3.8/site-packages/airflow/example_dags/tutorial_dag.py for tasks to queue
[2026-04-09T04:48:36.022+0000] {logging_mixin.py:188} INFO - [2026-04-09T04:48:36.022+0000] {dagbag.py:538} INFO - Filling up the DagBag from /home/airflow/.local/lib/python3.8/site-packages/airflow/example_dags/tutorial_dag.py
[2026-04-09T04:48:36.026+0000] {processor.py:840} INFO - DAG(s) 'tutorial_dag' retrieved from /home/airflow/.local/lib/python3.8/site-packages/airflow/example_dags/tutorial_dag.py
[2026-04-09T04:48:36.040+0000] {logging_mixin.py:188} INFO - [2026-04-09T04:48:36.040+0000] {dag.py:3036} INFO - Sync 1 DAGs
[2026-04-09T04:48:36.048+0000] {logging_mixin.py:188} INFO - [2026-04-09T04:48:36.048+0000] {dag.py:3823} INFO - Setting next_dagrun for tutorial_dag to None, run_after=None
[2026-04-09T04:48:36.058+0000] {processor.py:183} INFO - Processing /home/airflow/.local/lib/python3.8/site-packages/airflow/example_dags/tutorial_dag.py took 0.040 seconds
[2026-04-09T04:49:06.327+0000] {processor.py:161} INFO - Started process (PID=2350) to work on /home/airflow/.local/lib/python3.8/site-packages/airflow/example_dags/tutorial_dag.py
[2026-04-09T04:49:06.327+0000] {processor.py:830} INFO - Processing file /home/airflow/.local/lib/python3.8/site-packages/airflow/example_dags/tutorial_dag.py for tasks to queue
[2026-04-09T04:49:06.328+0000] {logging_mixin.py:188} INFO - [2026-04-09T04:49:06.328+0000] {dagbag.py:538} INFO - Filling up the DagBag from /home/airflow/.local/lib/python3.8/site-packages/airflow/example_dags/tutorial_dag.py
[2026-04-09T04:49:06.332+0000] {processor.py:840} INFO - DAG(s) 'tutorial_dag' retrieved from /home/airflow/.local/lib/python3.8/site-packages/airflow/example_dags/tutorial_dag.py
[2026-04-09T04:49:06.346+0000] {logging_mixin.py:188} INFO - [2026-04-09T04:49:06.346+0000] {dag.py:3036} INFO - Sync 1 DAGs
[2026-04-09T04:49:06.354+0000] {logging_mixin.py:188} INFO - [2026-04-09T04:49:06.354+0000] {dag.py:3823} INFO - Setting next_dagrun for tutorial_dag to None, run_after=None
[2026-04-09T04:49:06.364+0000] {processor.py:183} INFO - Processing /home/airflow/.local/lib/python3.8/site-packages/airflow/example_dags/tutorial_dag.py took 0.040 seconds
[2026-04-09T04:49:36.635+0000] {processor.py:161} INFO - Started process (PID=2406) to work on /home/airflow/.local/lib/python3.8/site-packages/airflow/example_dags/tutorial_dag.py
[2026-04-09T04:49:36.636+0000] {processor.py:830} INFO - Processing file /home/airflow/.local/lib/python3.8/site-packages/airflow/example_dags/tutorial_dag.py for tasks to queue
[2026-04-09T04:49:36.637+0000] {logging_mixin.py:188} INFO - [2026-04-09T04:49:36.637+0000] {dagbag.py:538} INFO - Filling up the DagBag from /home/airflow/.local/lib/python3.8/site-packages/airflow/example_dags/tutorial_dag.py
[2026-04-09T04:49:36.641+0000] {processor.py:840} INFO - DAG(s) 'tutorial_dag' retrieved from /home/airflow/.local/lib/python3.8/site-packages/airflow/example_dags/tutorial_dag.py
[2026-04-09T04:49:36.764+0000] {logging_mixin.py:188} INFO - [2026-04-09T04:49:36.763+0000] {dag.py:3036} INFO - Sync 1 DAGs
[2026-04-09T04:49:36.771+0000] {logging_mixin.py:188} INFO - [2026-04-09T04:49:36.771+0000] {dag.py:3823} INFO - Setting next_dagrun for tutorial_dag to None, run_after=None
[2026-04-09T04:49:36.781+0000] {processor.py:183} INFO - Processing /home/airflow/.local/lib/python3.8/site-packages/airflow/example_dags/tutorial_dag.py took 0.148 seconds
[2026-04-09T04:50:07.755+0000] {processor.py:161} INFO - Started process (PID=2462) to work on /home/airflow/.local/lib/python3.8/site-packages/airflow/example_dags/tutorial_dag.py
[2026-04-09T04:50:07.758+0000] {processor.py:830} INFO - Processing file /home/airflow/.local/lib/python3.8/site-packages/airflow/example_dags/tutorial_dag.py for tasks to queue
[2026-04-09T04:50:07.760+0000] {logging_mixin.py:188} INFO - [2026-04-09T04:50:07.759+0000] {dagbag.py:538} INFO - Filling up the DagBag from /home/airflow/.local/lib/python3.8/site-packages/airflow/example_dags/tutorial_dag.py
[2026-04-09T04:50:07.763+0000] {processor.py:840} INFO - DAG(s) 'tutorial_dag' retrieved from /home/airflow/.local/lib/python3.8/site-packages/airflow/example_dags/tutorial_dag.py
[2026-04-09T04:50:07.778+0000] {logging_mixin.py:188} INFO - [2026-04-09T04:50:07.777+0000] {dag.py:3036} INFO - Sync 1 DAGs
[2026-04-09T04:50:07.786+0000] {logging_mixin.py:188} INFO - [2026-04-09T04:50:07.785+0000] {dag.py:3823} INFO - Setting next_dagrun for tutorial_dag to None, run_after=None
[2026-04-09T04:50:07.796+0000] {processor.py:183} INFO - Processing /home/airflow/.local/lib/python3.8/site-packages/airflow/example_dags/tutorial_dag.py took 0.043 seconds
[2026-04-09T04:50:38.467+0000] {processor.py:161} INFO - Started process (PID=2518) to work on /home/airflow/.local/lib/python3.8/site-packages/airflow/example_dags/tutorial_dag.py
[2026-04-09T04:50:38.471+0000] {processor.py:830} INFO - Processing file /home/airflow/.local/lib/python3.8/site-packages/airflow/example_dags/tutorial_dag.py for tasks to queue
[2026-04-09T04:50:38.472+0000] {logging_mixin.py:188} INFO - [2026-04-09T04:50:38.472+0000] {dagbag.py:538} INFO - Filling up the DagBag from /home/airflow/.local/lib/python3.8/site-packages/airflow/example_dags/tutorial_dag.py
[2026-04-09T04:50:38.476+0000] {processor.py:840} INFO - DAG(s) 'tutorial_dag' retrieved from /home/airflow/.local/lib/python3.8/site-packages/airflow/example_dags/tutorial_dag.py
[2026-04-09T04:50:38.490+0000] {logging_mixin.py:188} INFO - [2026-04-09T04:50:38.490+0000] {dag.py:3036} INFO - Sync 1 DAGs
[2026-04-09T04:50:38.498+0000] {logging_mixin.py:188} INFO - [2026-04-09T04:50:38.498+0000] {dag.py:3823} INFO - Setting next_dagrun for tutorial_dag to None, run_after=None
[2026-04-09T04:50:38.508+0000] {processor.py:183} INFO - Processing /home/airflow/.local/lib/python3.8/site-packages/airflow/example_dags/tutorial_dag.py took 0.044 seconds
[2026-04-09T04:51:09.143+0000] {processor.py:161} INFO - Started process (PID=2574) to work on /home/airflow/.local/lib/python3.8/site-packages/airflow/example_dags/tutorial_dag.py
[2026-04-09T04:51:09.143+0000] {processor.py:830} INFO - Processing file /home/airflow/.local/lib/python3.8/site-packages/airflow/example_dags/tutorial_dag.py for tasks to queue
[2026-04-09T04:51:09.145+0000] {logging_mixin.py:188} INFO - [2026-04-09T04:51:09.144+0000] {dagbag.py:538} INFO - Filling up the DagBag from /home/airflow/.local/lib/python3.8/site-packages/airflow/example_dags/tutorial_dag.py
[2026-04-09T04:51:09.148+0000] {processor.py:840} INFO - DAG(s) 'tutorial_dag' retrieved from /home/airflow/.local/lib/python3.8/site-packages/airflow/example_dags/tutorial_dag.py
[2026-04-09T04:51:09.161+0000] {logging_mixin.py:188} INFO - [2026-04-09T04:51:09.161+0000] {dag.py:3036} INFO - Sync 1 DAGs
[2026-04-09T04:51:09.169+0000] {logging_mixin.py:188} INFO - [2026-04-09T04:51:09.169+0000] {dag.py:3823} INFO - Setting next_dagrun for tutorial_dag to None, run_after=None
[2026-04-09T04:51:09.180+0000] {processor.py:183} INFO - Processing /home/airflow/.local/lib/python3.8/site-packages/airflow/example_dags/tutorial_dag.py took 0.039 seconds
[2026-04-09T04:51:39.816+0000] {processor.py:161} INFO - Started process (PID=2630) to work on /home/airflow/.local/lib/python3.8/site-packages/airflow/example_dags/tutorial_dag.py
[2026-04-09T04:51:39.819+0000] {processor.py:830} INFO - Processing file /home/airflow/.local/lib/python3.8/site-packages/airflow/example_dags/tutorial_dag.py for tasks to queue
[2026-04-09T04:51:39.821+0000] {logging_mixin.py:188} INFO - [2026-04-09T04:51:39.820+0000] {dagbag.py:538} INFO - Filling up the DagBag from /home/airflow/.local/lib/python3.8/site-packages/airflow/example_dags/tutorial_dag.py
[2026-04-09T04:51:39.824+0000] {processor.py:840} INFO - DAG(s) 'tutorial_dag' retrieved from /home/airflow/.local/lib/python3.8/site-packages/airflow/example_dags/tutorial_dag.py
[2026-04-09T04:51:39.838+0000] {logging_mixin.py:188} INFO - [2026-04-09T04:51:39.838+0000] {dag.py:3036} INFO - Sync 1 DAGs
[2026-04-09T04:51:39.846+0000] {logging_mixin.py:188} INFO - [2026-04-09T04:51:39.846+0000] {dag.py:3823} INFO - Setting next_dagrun for tutorial_dag to None, run_after=None
[2026-04-09T04:51:39.857+0000] {processor.py:183} INFO - Processing /home/airflow/.local/lib/python3.8/site-packages/airflow/example_dags/tutorial_dag.py took 0.044 seconds
[2026-04-09T04:52:10.433+0000] {processor.py:161} INFO - Started process (PID=2686) to work on /home/airflow/.local/lib/python3.8/site-packages/airflow/example_dags/tutorial_dag.py
[2026-04-09T04:52:10.434+0000] {processor.py:830} INFO - Processing file /home/airflow/.local/lib/python3.8/site-packages/airflow/example_dags/tutorial_dag.py for tasks to queue
[2026-04-09T04:52:10.435+0000] {logging_mixin.py:188} INFO - [2026-04-09T04:52:10.435+0000] {dagbag.py:538} INFO - Filling up the DagBag from /home/airflow/.local/lib/python3.8/site-packages/airflow/example_dags/tutorial_dag.py
[2026-04-09T04:52:10.440+0000] {processor.py:840} INFO - DAG(s) 'tutorial_dag' retrieved from /home/airflow/.local/lib/python3.8/site-packages/airflow/example_dags/tutorial_dag.py
[2026-04-09T04:52:10.457+0000] {logging_mixin.py:188} INFO - [2026-04-09T04:52:10.457+0000] {dag.py:3036} INFO - Sync 1 DAGs
[2026-04-09T04:52:10.468+0000] {logging_mixin.py:188} INFO - [2026-04-09T04:52:10.468+0000] {dag.py:3823} INFO - Setting next_dagrun for tutorial_dag to None, run_after=None
[2026-04-09T04:52:10.483+0000] {processor.py:183} INFO - Processing /home/airflow/.local/lib/python3.8/site-packages/airflow/example_dags/tutorial_dag.py took 0.053 seconds
[2026-04-09T04:52:41.123+0000] {processor.py:161} INFO - Started process (PID=2742) to work on /home/airflow/.local/lib/python3.8/site-packages/airflow/example_dags/tutorial_dag.py
[2026-04-09T04:52:41.124+0000] {processor.py:830} INFO - Processing file /home/airflow/.local/lib/python3.8/site-packages/airflow/example_dags/tutorial_dag.py for tasks to queue
[2026-04-09T04:52:41.125+0000] {logging_mixin.py:188} INFO - [2026-04-09T04:52:41.125+0000] {dagbag.py:538} INFO - Filling up the DagBag from /home/airflow/.local/lib/python3.8/site-packages/airflow/example_dags/tutorial_dag.py
[2026-04-09T04:52:41.129+0000] {processor.py:840} INFO - DAG(s) 'tutorial_dag' retrieved from /home/airflow/.local/lib/python3.8/site-packages/airflow/example_dags/tutorial_dag.py
[2026-04-09T04:52:41.141+0000] {logging_mixin.py:188} INFO - [2026-04-09T04:52:41.141+0000] {dag.py:3036} INFO - Sync 1 DAGs
[2026-04-09T04:52:41.149+0000] {logging_mixin.py:188} INFO - [2026-04-09T04:52:41.149+0000] {dag.py:3823} INFO - Setting next_dagrun for tutorial_dag to None, run_after=None
[2026-04-09T04:52:41.160+0000] {processor.py:183} INFO - Processing /home/airflow/.local/lib/python3.8/site-packages/airflow/example_dags/tutorial_dag.py took 0.039 seconds
[2026-04-09T04:53:11.855+0000] {processor.py:161} INFO - Started process (PID=2804) to work on /home/airflow/.local/lib/python3.8/site-packages/airflow/example_dags/tutorial_dag.py
[2026-04-09T04:53:11.858+0000] {processor.py:830} INFO - Processing file /home/airflow/.local/lib/python3.8/site-packages/airflow/example_dags/tutorial_dag.py for tasks to queue
[2026-04-09T04:53:11.859+0000] {logging_mixin.py:188} INFO - [2026-04-09T04:53:11.859+0000] {dagbag.py:538} INFO - Filling up the DagBag from /home/airflow/.local/lib/python3.8/site-packages/airflow/example_dags/tutorial_dag.py
[2026-04-09T04:53:11.863+0000] {processor.py:840} INFO - DAG(s) 'tutorial_dag' retrieved from /home/airflow/.local/lib/python3.8/site-packages/airflow/example_dags/tutorial_dag.py
[2026-04-09T04:53:11.877+0000] {logging_mixin.py:188} INFO - [2026-04-09T04:53:11.877+0000] {dag.py:3036} INFO - Sync 1 DAGs
[2026-04-09T04:53:11.885+0000] {logging_mixin.py:188} INFO - [2026-04-09T04:53:11.885+0000] {dag.py:3823} INFO - Setting next_dagrun for tutorial_dag to None, run_after=None
[2026-04-09T04:53:11.896+0000] {processor.py:183} INFO - Processing /home/airflow/.local/lib/python3.8/site-packages/airflow/example_dags/tutorial_dag.py took 0.043 seconds
[2026-04-09T04:53:42.587+0000] {processor.py:161} INFO - Started process (PID=2860) to work on /home/airflow/.local/lib/python3.8/site-packages/airflow/example_dags/tutorial_dag.py
[2026-04-09T04:53:42.588+0000] {processor.py:830} INFO - Processing file /home/airflow/.local/lib/python3.8/site-packages/airflow/example_dags/tutorial_dag.py for tasks to queue
[2026-04-09T04:53:42.589+0000] {logging_mixin.py:188} INFO - [2026-04-09T04:53:42.589+0000] {dagbag.py:538} INFO - Filling up the DagBag from /home/airflow/.local/lib/python3.8/site-packages/airflow/example_dags/tutorial_dag.py
[2026-04-09T04:53:42.593+0000] {processor.py:840} INFO - DAG(s) 'tutorial_dag' retrieved from /home/airflow/.local/lib/python3.8/site-packages/airflow/example_dags/tutorial_dag.py
[2026-04-09T04:53:42.606+0000] {logging_mixin.py:188} INFO - [2026-04-09T04:53:42.606+0000] {dag.py:3036} INFO - Sync 1 DAGs
[2026-04-09T04:53:42.614+0000] {logging_mixin.py:188} INFO - [2026-04-09T04:53:42.614+0000] {dag.py:3823} INFO - Setting next_dagrun for tutorial_dag to None, run_after=None
[2026-04-09T04:53:42.624+0000] {processor.py:183} INFO - Processing /home/airflow/.local/lib/python3.8/site-packages/airflow/example_dags/tutorial_dag.py took 0.039 seconds
[2026-04-09T04:54:13.239+0000] {processor.py:161} INFO - Started process (PID=2916) to work on /home/airflow/.local/lib/python3.8/site-packages/airflow/example_dags/tutorial_dag.py
[2026-04-09T04:54:13.242+0000] {processor.py:830} INFO - Processing file /home/airflow/.local/lib/python3.8/site-packages/airflow/example_dags/tutorial_dag.py for tasks to queue
[2026-04-09T04:54:13.243+0000] {logging_mixin.py:188} INFO - [2026-04-09T04:54:13.243+0000] {dagbag.py:538} INFO - Filling up the DagBag from /home/airflow/.local/lib/python3.8/site-packages/airflow/example_dags/tutorial_dag.py
[2026-04-09T04:54:13.247+0000] {processor.py:840} INFO - DAG(s) 'tutorial_dag' retrieved from /home/airflow/.local/lib/python3.8/site-packages/airflow/example_dags/tutorial_dag.py
[2026-04-09T04:54:13.261+0000] {logging_mixin.py:188} INFO - [2026-04-09T04:54:13.261+0000] {dag.py:3036} INFO - Sync 1 DAGs
[2026-04-09T04:54:13.269+0000] {logging_mixin.py:188} INFO - [2026-04-09T04:54:13.269+0000] {dag.py:3823} INFO - Setting next_dagrun for tutorial_dag to None, run_after=None
[2026-04-09T04:54:13.280+0000] {processor.py:183} INFO - Processing /home/airflow/.local/lib/python3.8/site-packages/airflow/example_dags/tutorial_dag.py took 0.044 seconds
[2026-04-09T04:54:43.972+0000] {processor.py:161} INFO - Started process (PID=2972) to work on /home/airflow/.local/lib/python3.8/site-packages/airflow/example_dags/tutorial_dag.py
[2026-04-09T04:54:43.973+0000] {processor.py:830} INFO - Processing file /home/airflow/.local/lib/python3.8/site-packages/airflow/example_dags/tutorial_dag.py for tasks to queue
[2026-04-09T04:54:43.974+0000] {logging_mixin.py:188} INFO - [2026-04-09T04:54:43.974+0000] {dagbag.py:538} INFO - Filling up the DagBag from /home/airflow/.local/lib/python3.8/site-packages/airflow/example_dags/tutorial_dag.py
[2026-04-09T04:54:43.978+0000] {processor.py:840} INFO - DAG(s) 'tutorial_dag' retrieved from /home/airflow/.local/lib/python3.8/site-packages/airflow/example_dags/tutorial_dag.py
[2026-04-09T04:54:43.990+0000] {logging_mixin.py:188} INFO - [2026-04-09T04:54:43.990+0000] {dag.py:3036} INFO - Sync 1 DAGs
[2026-04-09T04:54:43.998+0000] {logging_mixin.py:188} INFO - [2026-04-09T04:54:43.998+0000] {dag.py:3823} INFO - Setting next_dagrun for tutorial_dag to None, run_after=None
[2026-04-09T04:54:44.008+0000] {processor.py:183} INFO - Processing /home/airflow/.local/lib/python3.8/site-packages/airflow/example_dags/tutorial_dag.py took 0.039 seconds
[2026-04-09T04:55:14.638+0000] {processor.py:161} INFO - Started process (PID=3028) to work on /home/airflow/.local/lib/python3.8/site-packages/airflow/example_dags/tutorial_dag.py
[2026-04-09T04:55:14.639+0000] {processor.py:830} INFO - Processing file /home/airflow/.local/lib/python3.8/site-packages/airflow/example_dags/tutorial_dag.py for tasks to queue
[2026-04-09T04:55:14.640+0000] {logging_mixin.py:188} INFO - [2026-04-09T04:55:14.640+0000] {dagbag.py:538} INFO - Filling up the DagBag from /home/airflow/.local/lib/python3.8/site-packages/airflow/example_dags/tutorial_dag.py
[2026-04-09T04:55:14.644+0000] {processor.py:840} INFO - DAG(s) 'tutorial_dag' retrieved from /home/airflow/.local/lib/python3.8/site-packages/airflow/example_dags/tutorial_dag.py
[2026-04-09T04:55:14.658+0000] {logging_mixin.py:188} INFO - [2026-04-09T04:55:14.658+0000] {dag.py:3036} INFO - Sync 1 DAGs
[2026-04-09T04:55:14.666+0000] {logging_mixin.py:188} INFO - [2026-04-09T04:55:14.666+0000] {dag.py:3823} INFO - Setting next_dagrun for tutorial_dag to None, run_after=None
[2026-04-09T04:55:14.677+0000] {processor.py:183} INFO - Processing /home/airflow/.local/lib/python3.8/site-packages/airflow/example_dags/tutorial_dag.py took 0.041 seconds
[2026-04-09T04:55:45.323+0000] {processor.py:161} INFO - Started process (PID=3084) to work on /home/airflow/.local/lib/python3.8/site-packages/airflow/example_dags/tutorial_dag.py
[2026-04-09T04:55:45.325+0000] {processor.py:830} INFO - Processing file /home/airflow/.local/lib/python3.8/site-packages/airflow/example_dags/tutorial_dag.py for tasks to queue
[2026-04-09T04:55:45.327+0000] {logging_mixin.py:188} INFO - [2026-04-09T04:55:45.326+0000] {dagbag.py:538} INFO - Filling up the DagBag from /home/airflow/.local/lib/python3.8/site-packages/airflow/example_dags/tutorial_dag.py
[2026-04-09T04:55:45.330+0000] {processor.py:840} INFO - DAG(s) 'tutorial_dag' retrieved from /home/airflow/.local/lib/python3.8/site-packages/airflow/example_dags/tutorial_dag.py
[2026-04-09T04:55:45.344+0000] {logging_mixin.py:188} INFO - [2026-04-09T04:55:45.344+0000] {dag.py:3036} INFO - Sync 1 DAGs
[2026-04-09T04:55:45.352+0000] {logging_mixin.py:188} INFO - [2026-04-09T04:55:45.352+0000] {dag.py:3823} INFO - Setting next_dagrun for tutorial_dag to None, run_after=None
[2026-04-09T04:55:45.363+0000] {processor.py:183} INFO - Processing /home/airflow/.local/lib/python3.8/site-packages/airflow/example_dags/tutorial_dag.py took 0.042 seconds
[2026-04-09T04:56:15.978+0000] {processor.py:161} INFO - Started process (PID=3140) to work on /home/airflow/.local/lib/python3.8/site-packages/airflow/example_dags/tutorial_dag.py
[2026-04-09T04:56:15.981+0000] {processor.py:830} INFO - Processing file /home/airflow/.local/lib/python3.8/site-packages/airflow/example_dags/tutorial_dag.py for tasks to queue
[2026-04-09T04:56:15.982+0000] {logging_mixin.py:188} INFO - [2026-04-09T04:56:15.982+0000] {dagbag.py:538} INFO - Filling up the DagBag from /home/airflow/.local/lib/python3.8/site-packages/airflow/example_dags/tutorial_dag.py
[2026-04-09T04:56:15.986+0000] {processor.py:840} INFO - DAG(s) 'tutorial_dag' retrieved from /home/airflow/.local/lib/python3.8/site-packages/airflow/example_dags/tutorial_dag.py
[2026-04-09T04:56:16.000+0000] {logging_mixin.py:188} INFO - [2026-04-09T04:56:16.000+0000] {dag.py:3036} INFO - Sync 1 DAGs
[2026-04-09T04:56:16.008+0000] {logging_mixin.py:188} INFO - [2026-04-09T04:56:16.008+0000] {dag.py:3823} INFO - Setting next_dagrun for tutorial_dag to None, run_after=None
[2026-04-09T04:56:16.019+0000] {processor.py:183} INFO - Processing /home/airflow/.local/lib/python3.8/site-packages/airflow/example_dags/tutorial_dag.py took 0.044 seconds
[2026-04-09T04:56:46.714+0000] {processor.py:161} INFO - Started process (PID=3196) to work on /home/airflow/.local/lib/python3.8/site-packages/airflow/example_dags/tutorial_dag.py
[2026-04-09T04:56:46.717+0000] {processor.py:830} INFO - Processing file /home/airflow/.local/lib/python3.8/site-packages/airflow/example_dags/tutorial_dag.py for tasks to queue
[2026-04-09T04:56:46.719+0000] {logging_mixin.py:188} INFO - [2026-04-09T04:56:46.718+0000] {dagbag.py:538} INFO - Filling up the DagBag from /home/airflow/.local/lib/python3.8/site-packages/airflow/example_dags/tutorial_dag.py
[2026-04-09T04:56:46.722+0000] {processor.py:840} INFO - DAG(s) 'tutorial_dag' retrieved from /home/airflow/.local/lib/python3.8/site-packages/airflow/example_dags/tutorial_dag.py
[2026-04-09T04:56:46.737+0000] {logging_mixin.py:188} INFO - [2026-04-09T04:56:46.737+0000] {dag.py:3036} INFO - Sync 1 DAGs
[2026-04-09T04:56:46.747+0000] {logging_mixin.py:188} INFO - [2026-04-09T04:56:46.747+0000] {dag.py:3823} INFO - Setting next_dagrun for tutorial_dag to None, run_after=None
[2026-04-09T04:56:46.758+0000] {processor.py:183} INFO - Processing /home/airflow/.local/lib/python3.8/site-packages/airflow/example_dags/tutorial_dag.py took 0.046 seconds
[2026-04-09T04:57:17.381+0000] {processor.py:161} INFO - Started process (PID=3252) to work on /home/airflow/.local/lib/python3.8/site-packages/airflow/example_dags/tutorial_dag.py
[2026-04-09T04:57:17.384+0000] {processor.py:830} INFO - Processing file /home/airflow/.local/lib/python3.8/site-packages/airflow/example_dags/tutorial_dag.py for tasks to queue
[2026-04-09T04:57:17.386+0000] {logging_mixin.py:188} INFO - [2026-04-09T04:57:17.385+0000] {dagbag.py:538} INFO - Filling up the DagBag from /home/airflow/.local/lib/python3.8/site-packages/airflow/example_dags/tutorial_dag.py
[2026-04-09T04:57:17.389+0000] {processor.py:840} INFO - DAG(s) 'tutorial_dag' retrieved from /home/airflow/.local/lib/python3.8/site-packages/airflow/example_dags/tutorial_dag.py
[2026-04-09T04:57:17.405+0000] {logging_mixin.py:188} INFO - [2026-04-09T04:57:17.405+0000] {dag.py:3036} INFO - Sync 1 DAGs
[2026-04-09T04:57:17.414+0000] {logging_mixin.py:188} INFO - [2026-04-09T04:57:17.414+0000] {dag.py:3823} INFO - Setting next_dagrun for tutorial_dag to None, run_after=None
[2026-04-09T04:57:17.424+0000] {processor.py:183} INFO - Processing /home/airflow/.local/lib/python3.8/site-packages/airflow/example_dags/tutorial_dag.py took 0.045 seconds
[2026-04-09T04:57:48.032+0000] {processor.py:161} INFO - Started process (PID=3308) to work on /home/airflow/.local/lib/python3.8/site-packages/airflow/example_dags/tutorial_dag.py
[2026-04-09T04:57:48.034+0000] {processor.py:830} INFO - Processing file /home/airflow/.local/lib/python3.8/site-packages/airflow/example_dags/tutorial_dag.py for tasks to queue
[2026-04-09T04:57:48.035+0000] {logging_mixin.py:188} INFO - [2026-04-09T04:57:48.035+0000] {dagbag.py:538} INFO - Filling up the DagBag from /home/airflow/.local/lib/python3.8/site-packages/airflow/example_dags/tutorial_dag.py
[2026-04-09T04:57:48.039+0000] {processor.py:840} INFO - DAG(s) 'tutorial_dag' retrieved from /home/airflow/.local/lib/python3.8/site-packages/airflow/example_dags/tutorial_dag.py
[2026-04-09T04:57:48.053+0000] {logging_mixin.py:188} INFO - [2026-04-09T04:57:48.053+0000] {dag.py:3036} INFO - Sync 1 DAGs
[2026-04-09T04:57:48.062+0000] {logging_mixin.py:188} INFO - [2026-04-09T04:57:48.062+0000] {dag.py:3823} INFO - Setting next_dagrun for tutorial_dag to None, run_after=None
[2026-04-09T04:57:48.073+0000] {processor.py:183} INFO - Processing /home/airflow/.local/lib/python3.8/site-packages/airflow/example_dags/tutorial_dag.py took 0.043 seconds
[2026-04-09T04:58:18.893+0000] {processor.py:161} INFO - Started process (PID=3364) to work on /home/airflow/.local/lib/python3.8/site-packages/airflow/example_dags/tutorial_dag.py
[2026-04-09T04:58:18.894+0000] {processor.py:830} INFO - Processing file /home/airflow/.local/lib/python3.8/site-packages/airflow/example_dags/tutorial_dag.py for tasks to queue
[2026-04-09T04:58:18.895+0000] {logging_mixin.py:188} INFO - [2026-04-09T04:58:18.895+0000] {dagbag.py:538} INFO - Filling up the DagBag from /home/airflow/.local/lib/python3.8/site-packages/airflow/example_dags/tutorial_dag.py
[2026-04-09T04:58:18.900+0000] {processor.py:840} INFO - DAG(s) 'tutorial_dag' retrieved from /home/airflow/.local/lib/python3.8/site-packages/airflow/example_dags/tutorial_dag.py
[2026-04-09T04:58:18.915+0000] {logging_mixin.py:188} INFO - [2026-04-09T04:58:18.915+0000] {dag.py:3036} INFO - Sync 1 DAGs
[2026-04-09T04:58:18.925+0000] {logging_mixin.py:188} INFO - [2026-04-09T04:58:18.925+0000] {dag.py:3823} INFO - Setting next_dagrun for tutorial_dag to None, run_after=None
[2026-04-09T04:58:18.939+0000] {processor.py:183} INFO - Processing /home/airflow/.local/lib/python3.8/site-packages/airflow/example_dags/tutorial_dag.py took 0.049 seconds
[2026-04-09T04:58:49.004+0000] {processor.py:161} INFO - Started process (PID=3420) to work on /home/airflow/.local/lib/python3.8/site-packages/airflow/example_dags/tutorial_dag.py
[2026-04-09T04:58:49.006+0000] {processor.py:830} INFO - Processing file /home/airflow/.local/lib/python3.8/site-packages/airflow/example_dags/tutorial_dag.py for tasks to queue
[2026-04-09T04:58:49.007+0000] {logging_mixin.py:188} INFO - [2026-04-09T04:58:49.007+0000] {dagbag.py:538} INFO - Filling up the DagBag from /home/airflow/.local/lib/python3.8/site-packages/airflow/example_dags/tutorial_dag.py
[2026-04-09T04:58:49.011+0000] {processor.py:840} INFO - DAG(s) 'tutorial_dag' retrieved from /home/airflow/.local/lib/python3.8/site-packages/airflow/example_dags/tutorial_dag.py
[2026-04-09T04:58:49.025+0000] {logging_mixin.py:188} INFO - [2026-04-09T04:58:49.025+0000] {dag.py:3036} INFO - Sync 1 DAGs
[2026-04-09T04:58:49.033+0000] {logging_mixin.py:188} INFO - [2026-04-09T04:58:49.033+0000] {dag.py:3823} INFO - Setting next_dagrun for tutorial_dag to None, run_after=None
[2026-04-09T04:58:49.044+0000] {processor.py:183} INFO - Processing /home/airflow/.local/lib/python3.8/site-packages/airflow/example_dags/tutorial_dag.py took 0.043 seconds
[2026-04-09T04:59:19.094+0000] {processor.py:161} INFO - Started process (PID=3476) to work on /home/airflow/.local/lib/python3.8/site-packages/airflow/example_dags/tutorial_dag.py
[2026-04-09T04:59:19.096+0000] {processor.py:830} INFO - Processing file /home/airflow/.local/lib/python3.8/site-packages/airflow/example_dags/tutorial_dag.py for tasks to queue
[2026-04-09T04:59:19.098+0000] {logging_mixin.py:188} INFO - [2026-04-09T04:59:19.097+0000] {dagbag.py:538} INFO - Filling up the DagBag from /home/airflow/.local/lib/python3.8/site-packages/airflow/example_dags/tutorial_dag.py
[2026-04-09T04:59:19.101+0000] {processor.py:840} INFO - DAG(s) 'tutorial_dag' retrieved from /home/airflow/.local/lib/python3.8/site-packages/airflow/example_dags/tutorial_dag.py
[2026-04-09T04:59:19.116+0000] {logging_mixin.py:188} INFO - [2026-04-09T04:59:19.116+0000] {dag.py:3036} INFO - Sync 1 DAGs
[2026-04-09T04:59:19.124+0000] {logging_mixin.py:188} INFO - [2026-04-09T04:59:19.124+0000] {dag.py:3823} INFO - Setting next_dagrun for tutorial_dag to None, run_after=None
[2026-04-09T04:59:19.136+0000] {processor.py:183} INFO - Processing /home/airflow/.local/lib/python3.8/site-packages/airflow/example_dags/tutorial_dag.py took 0.044 seconds
[2026-04-09T04:59:49.306+0000] {processor.py:161} INFO - Started process (PID=3532) to work on /home/airflow/.local/lib/python3.8/site-packages/airflow/example_dags/tutorial_dag.py
[2026-04-09T04:59:49.307+0000] {processor.py:830} INFO - Processing file /home/airflow/.local/lib/python3.8/site-packages/airflow/example_dags/tutorial_dag.py for tasks to queue
[2026-04-09T04:59:49.308+0000] {logging_mixin.py:188} INFO - [2026-04-09T04:59:49.308+0000] {dagbag.py:538} INFO - Filling up the DagBag from /home/airflow/.local/lib/python3.8/site-packages/airflow/example_dags/tutorial_dag.py
[2026-04-09T04:59:49.311+0000] {processor.py:840} INFO - DAG(s) 'tutorial_dag' retrieved from /home/airflow/.local/lib/python3.8/site-packages/airflow/example_dags/tutorial_dag.py
[2026-04-09T04:59:49.325+0000] {logging_mixin.py:188} INFO - [2026-04-09T04:59:49.325+0000] {dag.py:3036} INFO - Sync 1 DAGs
[2026-04-09T04:59:49.333+0000] {logging_mixin.py:188} INFO - [2026-04-09T04:59:49.333+0000] {dag.py:3823} INFO - Setting next_dagrun for tutorial_dag to None, run_after=None
[2026-04-09T04:59:49.346+0000] {processor.py:183} INFO - Processing /home/airflow/.local/lib/python3.8/site-packages/airflow/example_dags/tutorial_dag.py took 0.042 seconds
[2026-04-09T05:00:19.564+0000] {processor.py:161} INFO - Started process (PID=3588) to work on /home/airflow/.local/lib/python3.8/site-packages/airflow/example_dags/tutorial_dag.py
[2026-04-09T05:00:19.567+0000] {processor.py:830} INFO - Processing file /home/airflow/.local/lib/python3.8/site-packages/airflow/example_dags/tutorial_dag.py for tasks to queue
[2026-04-09T05:00:19.569+0000] {logging_mixin.py:188} INFO - [2026-04-09T05:00:19.569+0000] {dagbag.py:538} INFO - Filling up the DagBag from /home/airflow/.local/lib/python3.8/site-packages/airflow/example_dags/tutorial_dag.py
[2026-04-09T05:00:19.572+0000] {processor.py:840} INFO - DAG(s) 'tutorial_dag' retrieved from /home/airflow/.local/lib/python3.8/site-packages/airflow/example_dags/tutorial_dag.py
[2026-04-09T05:00:19.586+0000] {logging_mixin.py:188} INFO - [2026-04-09T05:00:19.586+0000] {dag.py:3036} INFO - Sync 1 DAGs
[2026-04-09T05:00:19.594+0000] {logging_mixin.py:188} INFO - [2026-04-09T05:00:19.594+0000] {dag.py:3823} INFO - Setting next_dagrun for tutorial_dag to None, run_after=None
[2026-04-09T05:00:19.605+0000] {processor.py:183} INFO - Processing /home/airflow/.local/lib/python3.8/site-packages/airflow/example_dags/tutorial_dag.py took 0.043 seconds
[2026-04-09T05:00:50.365+0000] {processor.py:161} INFO - Started process (PID=3644) to work on /home/airflow/.local/lib/python3.8/site-packages/airflow/example_dags/tutorial_dag.py
[2026-04-09T05:00:50.368+0000] {processor.py:830} INFO - Processing file /home/airflow/.local/lib/python3.8/site-packages/airflow/example_dags/tutorial_dag.py for tasks to queue
[2026-04-09T05:00:50.369+0000] {logging_mixin.py:188} INFO - [2026-04-09T05:00:50.369+0000] {dagbag.py:538} INFO - Filling up the DagBag from /home/airflow/.local/lib/python3.8/site-packages/airflow/example_dags/tutorial_dag.py
[2026-04-09T05:00:50.373+0000] {processor.py:840} INFO - DAG(s) 'tutorial_dag' retrieved from /home/airflow/.local/lib/python3.8/site-packages/airflow/example_dags/tutorial_dag.py
[2026-04-09T05:00:50.388+0000] {logging_mixin.py:188} INFO - [2026-04-09T05:00:50.388+0000] {dag.py:3036} INFO - Sync 1 DAGs
[2026-04-09T05:00:50.396+0000] {logging_mixin.py:188} INFO - [2026-04-09T05:00:50.396+0000] {dag.py:3823} INFO - Setting next_dagrun for tutorial_dag to None, run_after=None
[2026-04-09T05:00:50.407+0000] {processor.py:183} INFO - Processing /home/airflow/.local/lib/python3.8/site-packages/airflow/example_dags/tutorial_dag.py took 0.045 seconds
[2026-04-09T05:01:20.436+0000] {processor.py:161} INFO - Started process (PID=3700) to work on /home/airflow/.local/lib/python3.8/site-packages/airflow/example_dags/tutorial_dag.py
[2026-04-09T05:01:20.439+0000] {processor.py:830} INFO - Processing file /home/airflow/.local/lib/python3.8/site-packages/airflow/example_dags/tutorial_dag.py for tasks to queue
[2026-04-09T05:01:20.441+0000] {logging_mixin.py:188} INFO - [2026-04-09T05:01:20.440+0000] {dagbag.py:538} INFO - Filling up the DagBag from /home/airflow/.local/lib/python3.8/site-packages/airflow/example_dags/tutorial_dag.py
[2026-04-09T05:01:20.444+0000] {processor.py:840} INFO - DAG(s) 'tutorial_dag' retrieved from /home/airflow/.local/lib/python3.8/site-packages/airflow/example_dags/tutorial_dag.py
[2026-04-09T05:01:20.458+0000] {logging_mixin.py:188} INFO - [2026-04-09T05:01:20.458+0000] {dag.py:3036} INFO - Sync 1 DAGs
[2026-04-09T05:01:20.466+0000] {logging_mixin.py:188} INFO - [2026-04-09T05:01:20.466+0000] {dag.py:3823} INFO - Setting next_dagrun for tutorial_dag to None, run_after=None
[2026-04-09T05:01:20.478+0000] {processor.py:183} INFO - Processing /home/airflow/.local/lib/python3.8/site-packages/airflow/example_dags/tutorial_dag.py took 0.044 seconds
[2026-04-09T05:01:50.641+0000] {processor.py:161} INFO - Started process (PID=3756) to work on /home/airflow/.local/lib/python3.8/site-packages/airflow/example_dags/tutorial_dag.py
[2026-04-09T05:01:50.641+0000] {processor.py:830} INFO - Processing file /home/airflow/.local/lib/python3.8/site-packages/airflow/example_dags/tutorial_dag.py for tasks to queue
[2026-04-09T05:01:50.642+0000] {logging_mixin.py:188} INFO - [2026-04-09T05:01:50.642+0000] {dagbag.py:538} INFO - Filling up the DagBag from /home/airflow/.local/lib/python3.8/site-packages/airflow/example_dags/tutorial_dag.py
[2026-04-09T05:01:50.646+0000] {processor.py:840} INFO - DAG(s) 'tutorial_dag' retrieved from /home/airflow/.local/lib/python3.8/site-packages/airflow/example_dags/tutorial_dag.py
[2026-04-09T05:01:50.662+0000] {logging_mixin.py:188} INFO - [2026-04-09T05:01:50.662+0000] {dag.py:3036} INFO - Sync 1 DAGs
[2026-04-09T05:01:50.671+0000] {logging_mixin.py:188} INFO - [2026-04-09T05:01:50.670+0000] {dag.py:3823} INFO - Setting next_dagrun for tutorial_dag to None, run_after=None
[2026-04-09T05:01:50.682+0000] {processor.py:183} INFO - Processing /home/airflow/.local/lib/python3.8/site-packages/airflow/example_dags/tutorial_dag.py took 0.044 seconds
[2026-04-09T05:02:21.595+0000] {processor.py:161} INFO - Started process (PID=3810) to work on /home/airflow/.local/lib/python3.8/site-packages/airflow/example_dags/tutorial_dag.py
[2026-04-09T05:02:21.597+0000] {processor.py:830} INFO - Processing file /home/airflow/.local/lib/python3.8/site-packages/airflow/example_dags/tutorial_dag.py for tasks to queue
[2026-04-09T05:02:21.598+0000] {logging_mixin.py:188} INFO - [2026-04-09T05:02:21.598+0000] {dagbag.py:538} INFO - Filling up the DagBag from /home/airflow/.local/lib/python3.8/site-packages/airflow/example_dags/tutorial_dag.py
[2026-04-09T05:02:21.602+0000] {processor.py:840} INFO - DAG(s) 'tutorial_dag' retrieved from /home/airflow/.local/lib/python3.8/site-packages/airflow/example_dags/tutorial_dag.py
[2026-04-09T05:02:21.616+0000] {logging_mixin.py:188} INFO - [2026-04-09T05:02:21.616+0000] {dag.py:3036} INFO - Sync 1 DAGs
[2026-04-09T05:02:21.625+0000] {logging_mixin.py:188} INFO - [2026-04-09T05:02:21.624+0000] {dag.py:3823} INFO - Setting next_dagrun for tutorial_dag to None, run_after=None
[2026-04-09T05:02:21.635+0000] {processor.py:183} INFO - Processing /home/airflow/.local/lib/python3.8/site-packages/airflow/example_dags/tutorial_dag.py took 0.043 seconds
[2026-04-09T05:02:51.686+0000] {processor.py:161} INFO - Started process (PID=3866) to work on /home/airflow/.local/lib/python3.8/site-packages/airflow/example_dags/tutorial_dag.py
[2026-04-09T05:02:51.689+0000] {processor.py:830} INFO - Processing file /home/airflow/.local/lib/python3.8/site-packages/airflow/example_dags/tutorial_dag.py for tasks to queue
[2026-04-09T05:02:51.690+0000] {logging_mixin.py:188} INFO - [2026-04-09T05:02:51.690+0000] {dagbag.py:538} INFO - Filling up the DagBag from /home/airflow/.local/lib/python3.8/site-packages/airflow/example_dags/tutorial_dag.py
[2026-04-09T05:02:51.693+0000] {processor.py:840} INFO - DAG(s) 'tutorial_dag' retrieved from /home/airflow/.local/lib/python3.8/site-packages/airflow/example_dags/tutorial_dag.py
[2026-04-09T05:02:51.707+0000] {logging_mixin.py:188} INFO - [2026-04-09T05:02:51.707+0000] {dag.py:3036} INFO - Sync 1 DAGs
[2026-04-09T05:02:51.716+0000] {logging_mixin.py:188} INFO - [2026-04-09T05:02:51.715+0000] {dag.py:3823} INFO - Setting next_dagrun for tutorial_dag to None, run_after=None
[2026-04-09T05:02:51.726+0000] {processor.py:183} INFO - Processing /home/airflow/.local/lib/python3.8/site-packages/airflow/example_dags/tutorial_dag.py took 0.043 seconds
[2026-04-09T05:03:21.805+0000] {processor.py:161} INFO - Started process (PID=3922) to work on /home/airflow/.local/lib/python3.8/site-packages/airflow/example_dags/tutorial_dag.py
[2026-04-09T05:03:21.806+0000] {processor.py:830} INFO - Processing file /home/airflow/.local/lib/python3.8/site-packages/airflow/example_dags/tutorial_dag.py for tasks to queue
[2026-04-09T05:03:21.807+0000] {logging_mixin.py:188} INFO - [2026-04-09T05:03:21.807+0000] {dagbag.py:538} INFO - Filling up the DagBag from /home/airflow/.local/lib/python3.8/site-packages/airflow/example_dags/tutorial_dag.py
[2026-04-09T05:03:21.811+0000] {processor.py:840} INFO - DAG(s) 'tutorial_dag' retrieved from /home/airflow/.local/lib/python3.8/site-packages/airflow/example_dags/tutorial_dag.py
[2026-04-09T05:03:21.824+0000] {logging_mixin.py:188} INFO - [2026-04-09T05:03:21.824+0000] {dag.py:3036} INFO - Sync 1 DAGs
[2026-04-09T05:03:21.832+0000] {logging_mixin.py:188} INFO - [2026-04-09T05:03:21.832+0000] {dag.py:3823} INFO - Setting next_dagrun for tutorial_dag to None, run_after=None
[2026-04-09T05:03:21.842+0000] {processor.py:183} INFO - Processing /home/airflow/.local/lib/python3.8/site-packages/airflow/example_dags/tutorial_dag.py took 0.039 seconds
[2026-04-09T05:03:51.950+0000] {processor.py:161} INFO - Started process (PID=3978) to work on /home/airflow/.local/lib/python3.8/site-packages/airflow/example_dags/tutorial_dag.py
[2026-04-09T05:03:51.950+0000] {processor.py:830} INFO - Processing file /home/airflow/.local/lib/python3.8/site-packages/airflow/example_dags/tutorial_dag.py for tasks to queue
[2026-04-09T05:03:51.952+0000] {logging_mixin.py:188} INFO - [2026-04-09T05:03:51.952+0000] {dagbag.py:538} INFO - Filling up the DagBag from /home/airflow/.local/lib/python3.8/site-packages/airflow/example_dags/tutorial_dag.py
[2026-04-09T05:03:51.956+0000] {processor.py:840} INFO - DAG(s) 'tutorial_dag' retrieved from /home/airflow/.local/lib/python3.8/site-packages/airflow/example_dags/tutorial_dag.py
[2026-04-09T05:03:51.971+0000] {logging_mixin.py:188} INFO - [2026-04-09T05:03:51.971+0000] {dag.py:3036} INFO - Sync 1 DAGs
[2026-04-09T05:03:51.980+0000] {logging_mixin.py:188} INFO - [2026-04-09T05:03:51.980+0000] {dag.py:3823} INFO - Setting next_dagrun for tutorial_dag to None, run_after=None
[2026-04-09T05:03:51.992+0000] {processor.py:183} INFO - Processing /home/airflow/.local/lib/python3.8/site-packages/airflow/example_dags/tutorial_dag.py took 0.045 seconds
[2026-04-09T05:04:22.678+0000] {processor.py:161} INFO - Started process (PID=4034) to work on /home/airflow/.local/lib/python3.8/site-packages/airflow/example_dags/tutorial_dag.py
[2026-04-09T05:04:22.682+0000] {processor.py:830} INFO - Processing file /home/airflow/.local/lib/python3.8/site-packages/airflow/example_dags/tutorial_dag.py for tasks to queue
[2026-04-09T05:04:22.683+0000] {logging_mixin.py:188} INFO - [2026-04-09T05:04:22.683+0000] {dagbag.py:538} INFO - Filling up the DagBag from /home/airflow/.local/lib/python3.8/site-packages/airflow/example_dags/tutorial_dag.py
[2026-04-09T05:04:22.687+0000] {processor.py:840} INFO - DAG(s) 'tutorial_dag' retrieved from /home/airflow/.local/lib/python3.8/site-packages/airflow/example_dags/tutorial_dag.py
[2026-04-09T05:04:22.701+0000] {logging_mixin.py:188} INFO - [2026-04-09T05:04:22.701+0000] {dag.py:3036} INFO - Sync 1 DAGs
[2026-04-09T05:04:22.709+0000] {logging_mixin.py:188} INFO - [2026-04-09T05:04:22.709+0000] {dag.py:3823} INFO - Setting next_dagrun for tutorial_dag to None, run_after=None
[2026-04-09T05:04:22.720+0000] {processor.py:183} INFO - Processing /home/airflow/.local/lib/python3.8/site-packages/airflow/example_dags/tutorial_dag.py took 0.044 seconds
[2026-04-09T05:04:53.454+0000] {processor.py:161} INFO - Started process (PID=4090) to work on /home/airflow/.local/lib/python3.8/site-packages/airflow/example_dags/tutorial_dag.py
[2026-04-09T05:04:53.457+0000] {processor.py:830} INFO - Processing file /home/airflow/.local/lib/python3.8/site-packages/airflow/example_dags/tutorial_dag.py for tasks to queue
[2026-04-09T05:04:53.458+0000] {logging_mixin.py:188} INFO - [2026-04-09T05:04:53.458+0000] {dagbag.py:538} INFO - Filling up the DagBag from /home/airflow/.local/lib/python3.8/site-packages/airflow/example_dags/tutorial_dag.py
[2026-04-09T05:04:53.462+0000] {processor.py:840} INFO - DAG(s) 'tutorial_dag' retrieved from /home/airflow/.local/lib/python3.8/site-packages/airflow/example_dags/tutorial_dag.py
[2026-04-09T05:04:53.477+0000] {logging_mixin.py:188} INFO - [2026-04-09T05:04:53.477+0000] {dag.py:3036} INFO - Sync 1 DAGs
[2026-04-09T05:04:53.485+0000] {logging_mixin.py:188} INFO - [2026-04-09T05:04:53.485+0000] {dag.py:3823} INFO - Setting next_dagrun for tutorial_dag to None, run_after=None
[2026-04-09T05:04:53.495+0000] {processor.py:183} INFO - Processing /home/airflow/.local/lib/python3.8/site-packages/airflow/example_dags/tutorial_dag.py took 0.043 seconds
[2026-04-09T05:05:24.116+0000] {processor.py:161} INFO - Started process (PID=4146) to work on /home/airflow/.local/lib/python3.8/site-packages/airflow/example_dags/tutorial_dag.py
[2026-04-09T05:05:24.119+0000] {processor.py:830} INFO - Processing file /home/airflow/.local/lib/python3.8/site-packages/airflow/example_dags/tutorial_dag.py for tasks to queue
[2026-04-09T05:05:24.120+0000] {logging_mixin.py:188} INFO - [2026-04-09T05:05:24.120+0000] {dagbag.py:538} INFO - Filling up the DagBag from /home/airflow/.local/lib/python3.8/site-packages/airflow/example_dags/tutorial_dag.py
[2026-04-09T05:05:24.124+0000] {processor.py:840} INFO - DAG(s) 'tutorial_dag' retrieved from /home/airflow/.local/lib/python3.8/site-packages/airflow/example_dags/tutorial_dag.py
[2026-04-09T05:05:24.138+0000] {logging_mixin.py:188} INFO - [2026-04-09T05:05:24.137+0000] {dag.py:3036} INFO - Sync 1 DAGs
[2026-04-09T05:05:24.146+0000] {logging_mixin.py:188} INFO - [2026-04-09T05:05:24.145+0000] {dag.py:3823} INFO - Setting next_dagrun for tutorial_dag to None, run_after=None
[2026-04-09T05:05:24.157+0000] {processor.py:183} INFO - Processing /home/airflow/.local/lib/python3.8/site-packages/airflow/example_dags/tutorial_dag.py took 0.043 seconds
[2026-04-09T05:05:54.848+0000] {processor.py:161} INFO - Started process (PID=4202) to work on /home/airflow/.local/lib/python3.8/site-packages/airflow/example_dags/tutorial_dag.py
[2026-04-09T05:05:54.849+0000] {processor.py:830} INFO - Processing file /home/airflow/.local/lib/python3.8/site-packages/airflow/example_dags/tutorial_dag.py for tasks to queue
[2026-04-09T05:05:54.850+0000] {logging_mixin.py:188} INFO - [2026-04-09T05:05:54.850+0000] {dagbag.py:538} INFO - Filling up the DagBag from /home/airflow/.local/lib/python3.8/site-packages/airflow/example_dags/tutorial_dag.py
[2026-04-09T05:05:54.853+0000] {processor.py:840} INFO - DAG(s) 'tutorial_dag' retrieved from /home/airflow/.local/lib/python3.8/site-packages/airflow/example_dags/tutorial_dag.py
[2026-04-09T05:05:54.866+0000] {logging_mixin.py:188} INFO - [2026-04-09T05:05:54.866+0000] {dag.py:3036} INFO - Sync 1 DAGs
[2026-04-09T05:05:54.874+0000] {logging_mixin.py:188} INFO - [2026-04-09T05:05:54.873+0000] {dag.py:3823} INFO - Setting next_dagrun for tutorial_dag to None, run_after=None
[2026-04-09T05:05:54.884+0000] {processor.py:183} INFO - Processing /home/airflow/.local/lib/python3.8/site-packages/airflow/example_dags/tutorial_dag.py took 0.038 seconds
[2026-04-09T05:06:25.756+0000] {processor.py:161} INFO - Started process (PID=4258) to work on /home/airflow/.local/lib/python3.8/site-packages/airflow/example_dags/tutorial_dag.py
[2026-04-09T05:06:25.759+0000] {processor.py:830} INFO - Processing file /home/airflow/.local/lib/python3.8/site-packages/airflow/example_dags/tutorial_dag.py for tasks to queue
[2026-04-09T05:06:25.760+0000] {logging_mixin.py:188} INFO - [2026-04-09T05:06:25.760+0000] {dagbag.py:538} INFO - Filling up the DagBag from /home/airflow/.local/lib/python3.8/site-packages/airflow/example_dags/tutorial_dag.py
[2026-04-09T05:06:25.764+0000] {processor.py:840} INFO - DAG(s) 'tutorial_dag' retrieved from /home/airflow/.local/lib/python3.8/site-packages/airflow/example_dags/tutorial_dag.py
[2026-04-09T05:06:25.778+0000] {logging_mixin.py:188} INFO - [2026-04-09T05:06:25.777+0000] {dag.py:3036} INFO - Sync 1 DAGs
[2026-04-09T05:06:25.786+0000] {logging_mixin.py:188} INFO - [2026-04-09T05:06:25.786+0000] {dag.py:3823} INFO - Setting next_dagrun for tutorial_dag to None, run_after=None
[2026-04-09T05:06:25.796+0000] {processor.py:183} INFO - Processing /home/airflow/.local/lib/python3.8/site-packages/airflow/example_dags/tutorial_dag.py took 0.043 seconds
[2026-04-09T05:06:56.455+0000] {processor.py:161} INFO - Started process (PID=4314) to work on /home/airflow/.local/lib/python3.8/site-packages/airflow/example_dags/tutorial_dag.py
[2026-04-09T05:06:56.456+0000] {processor.py:830} INFO - Processing file /home/airflow/.local/lib/python3.8/site-packages/airflow/example_dags/tutorial_dag.py for tasks to queue
[2026-04-09T05:06:56.457+0000] {logging_mixin.py:188} INFO - [2026-04-09T05:06:56.457+0000] {dagbag.py:538} INFO - Filling up the DagBag from /home/airflow/.local/lib/python3.8/site-packages/airflow/example_dags/tutorial_dag.py
[2026-04-09T05:06:56.462+0000] {processor.py:840} INFO - DAG(s) 'tutorial_dag' retrieved from /home/airflow/.local/lib/python3.8/site-packages/airflow/example_dags/tutorial_dag.py
[2026-04-09T05:06:56.478+0000] {logging_mixin.py:188} INFO - [2026-04-09T05:06:56.478+0000] {dag.py:3036} INFO - Sync 1 DAGs
[2026-04-09T05:06:56.487+0000] {logging_mixin.py:188} INFO - [2026-04-09T05:06:56.487+0000] {dag.py:3823} INFO - Setting next_dagrun for tutorial_dag to None, run_after=None
[2026-04-09T05:06:56.501+0000] {processor.py:183} INFO - Processing /home/airflow/.local/lib/python3.8/site-packages/airflow/example_dags/tutorial_dag.py took 0.049 seconds
[2026-04-09T05:07:27.298+0000] {processor.py:161} INFO - Started process (PID=4370) to work on /home/airflow/.local/lib/python3.8/site-packages/airflow/example_dags/tutorial_dag.py
[2026-04-09T05:07:27.301+0000] {processor.py:830} INFO - Processing file /home/airflow/.local/lib/python3.8/site-packages/airflow/example_dags/tutorial_dag.py for tasks to queue
[2026-04-09T05:07:27.303+0000] {logging_mixin.py:188} INFO - [2026-04-09T05:07:27.302+0000] {dagbag.py:538} INFO - Filling up the DagBag from /home/airflow/.local/lib/python3.8/site-packages/airflow/example_dags/tutorial_dag.py
[2026-04-09T05:07:27.306+0000] {processor.py:840} INFO - DAG(s) 'tutorial_dag' retrieved from /home/airflow/.local/lib/python3.8/site-packages/airflow/example_dags/tutorial_dag.py
[2026-04-09T05:07:27.321+0000] {logging_mixin.py:188} INFO - [2026-04-09T05:07:27.321+0000] {dag.py:3036} INFO - Sync 1 DAGs
[2026-04-09T05:07:27.329+0000] {logging_mixin.py:188} INFO - [2026-04-09T05:07:27.329+0000] {dag.py:3823} INFO - Setting next_dagrun for tutorial_dag to None, run_after=None
[2026-04-09T05:07:27.341+0000] {processor.py:183} INFO - Processing /home/airflow/.local/lib/python3.8/site-packages/airflow/example_dags/tutorial_dag.py took 0.045 seconds
[2026-04-09T05:07:58.028+0000] {processor.py:161} INFO - Started process (PID=4426) to work on /home/airflow/.local/lib/python3.8/site-packages/airflow/example_dags/tutorial_dag.py
[2026-04-09T05:07:58.031+0000] {processor.py:830} INFO - Processing file /home/airflow/.local/lib/python3.8/site-packages/airflow/example_dags/tutorial_dag.py for tasks to queue
[2026-04-09T05:07:58.032+0000] {logging_mixin.py:188} INFO - [2026-04-09T05:07:58.032+0000] {dagbag.py:538} INFO - Filling up the DagBag from /home/airflow/.local/lib/python3.8/site-packages/airflow/example_dags/tutorial_dag.py
[2026-04-09T05:07:58.036+0000] {processor.py:840} INFO - DAG(s) 'tutorial_dag' retrieved from /home/airflow/.local/lib/python3.8/site-packages/airflow/example_dags/tutorial_dag.py
[2026-04-09T05:07:58.052+0000] {logging_mixin.py:188} INFO - [2026-04-09T05:07:58.052+0000] {dag.py:3036} INFO - Sync 1 DAGs
[2026-04-09T05:07:58.061+0000] {logging_mixin.py:188} INFO - [2026-04-09T05:07:58.060+0000] {dag.py:3823} INFO - Setting next_dagrun for tutorial_dag to None, run_after=None
[2026-04-09T05:07:58.072+0000] {processor.py:183} INFO - Processing /home/airflow/.local/lib/python3.8/site-packages/airflow/example_dags/tutorial_dag.py took 0.046 seconds
[2026-04-09T05:08:28.915+0000] {processor.py:161} INFO - Started process (PID=4482) to work on /home/airflow/.local/lib/python3.8/site-packages/airflow/example_dags/tutorial_dag.py
[2026-04-09T05:08:28.917+0000] {processor.py:830} INFO - Processing file /home/airflow/.local/lib/python3.8/site-packages/airflow/example_dags/tutorial_dag.py for tasks to queue
[2026-04-09T05:08:28.918+0000] {logging_mixin.py:188} INFO - [2026-04-09T05:08:28.918+0000] {dagbag.py:538} INFO - Filling up the DagBag from /home/airflow/.local/lib/python3.8/site-packages/airflow/example_dags/tutorial_dag.py
[2026-04-09T05:08:28.922+0000] {processor.py:840} INFO - DAG(s) 'tutorial_dag' retrieved from /home/airflow/.local/lib/python3.8/site-packages/airflow/example_dags/tutorial_dag.py
[2026-04-09T05:08:28.936+0000] {logging_mixin.py:188} INFO - [2026-04-09T05:08:28.936+0000] {dag.py:3036} INFO - Sync 1 DAGs
[2026-04-09T05:08:28.945+0000] {logging_mixin.py:188} INFO - [2026-04-09T05:08:28.944+0000] {dag.py:3823} INFO - Setting next_dagrun for tutorial_dag to None, run_after=None
[2026-04-09T05:08:28.956+0000] {processor.py:183} INFO - Processing /home/airflow/.local/lib/python3.8/site-packages/airflow/example_dags/tutorial_dag.py took 0.044 seconds
[2026-04-09T05:08:59.714+0000] {processor.py:161} INFO - Started process (PID=4538) to work on /home/airflow/.local/lib/python3.8/site-packages/airflow/example_dags/tutorial_dag.py
[2026-04-09T05:08:59.716+0000] {processor.py:830} INFO - Processing file /home/airflow/.local/lib/python3.8/site-packages/airflow/example_dags/tutorial_dag.py for tasks to queue
[2026-04-09T05:08:59.718+0000] {logging_mixin.py:188} INFO - [2026-04-09T05:08:59.718+0000] {dagbag.py:538} INFO - Filling up the DagBag from /home/airflow/.local/lib/python3.8/site-packages/airflow/example_dags/tutorial_dag.py
[2026-04-09T05:08:59.722+0000] {processor.py:840} INFO - DAG(s) 'tutorial_dag' retrieved from /home/airflow/.local/lib/python3.8/site-packages/airflow/example_dags/tutorial_dag.py
[2026-04-09T05:08:59.737+0000] {logging_mixin.py:188} INFO - [2026-04-09T05:08:59.737+0000] {dag.py:3036} INFO - Sync 1 DAGs
[2026-04-09T05:08:59.745+0000] {logging_mixin.py:188} INFO - [2026-04-09T05:08:59.745+0000] {dag.py:3823} INFO - Setting next_dagrun for tutorial_dag to None, run_after=None
[2026-04-09T05:08:59.756+0000] {processor.py:183} INFO - Processing /home/airflow/.local/lib/python3.8/site-packages/airflow/example_dags/tutorial_dag.py took 0.044 seconds
[2026-04-09T05:09:30.394+0000] {processor.py:161} INFO - Started process (PID=4594) to work on /home/airflow/.local/lib/python3.8/site-packages/airflow/example_dags/tutorial_dag.py
[2026-04-09T05:09:30.397+0000] {processor.py:830} INFO - Processing file /home/airflow/.local/lib/python3.8/site-packages/airflow/example_dags/tutorial_dag.py for tasks to queue
[2026-04-09T05:09:30.399+0000] {logging_mixin.py:188} INFO - [2026-04-09T05:09:30.399+0000] {dagbag.py:538} INFO - Filling up the DagBag from /home/airflow/.local/lib/python3.8/site-packages/airflow/example_dags/tutorial_dag.py
[2026-04-09T05:09:30.403+0000] {processor.py:840} INFO - DAG(s) 'tutorial_dag' retrieved from /home/airflow/.local/lib/python3.8/site-packages/airflow/example_dags/tutorial_dag.py
[2026-04-09T05:09:30.417+0000] {logging_mixin.py:188} INFO - [2026-04-09T05:09:30.417+0000] {dag.py:3036} INFO - Sync 1 DAGs
[2026-04-09T05:09:30.425+0000] {logging_mixin.py:188} INFO - [2026-04-09T05:09:30.424+0000] {dag.py:3823} INFO - Setting next_dagrun for tutorial_dag to None, run_after=None
[2026-04-09T05:09:30.435+0000] {processor.py:183} INFO - Processing /home/airflow/.local/lib/python3.8/site-packages/airflow/example_dags/tutorial_dag.py took 0.043 seconds
[2026-04-09T05:10:01.234+0000] {processor.py:161} INFO - Started process (PID=4650) to work on /home/airflow/.local/lib/python3.8/site-packages/airflow/example_dags/tutorial_dag.py
[2026-04-09T05:10:01.237+0000] {processor.py:830} INFO - Processing file /home/airflow/.local/lib/python3.8/site-packages/airflow/example_dags/tutorial_dag.py for tasks to queue
[2026-04-09T05:10:01.239+0000] {logging_mixin.py:188} INFO - [2026-04-09T05:10:01.238+0000] {dagbag.py:538} INFO - Filling up the DagBag from /home/airflow/.local/lib/python3.8/site-packages/airflow/example_dags/tutorial_dag.py
[2026-04-09T05:10:01.243+0000] {processor.py:840} INFO - DAG(s) 'tutorial_dag' retrieved from /home/airflow/.local/lib/python3.8/site-packages/airflow/example_dags/tutorial_dag.py
[2026-04-09T05:10:01.257+0000] {logging_mixin.py:188} INFO - [2026-04-09T05:10:01.256+0000] {dag.py:3036} INFO - Sync 1 DAGs
[2026-04-09T05:10:01.264+0000] {logging_mixin.py:188} INFO - [2026-04-09T05:10:01.264+0000] {dag.py:3823} INFO - Setting next_dagrun for tutorial_dag to None, run_after=None
[2026-04-09T05:10:01.276+0000] {processor.py:183} INFO - Processing /home/airflow/.local/lib/python3.8/site-packages/airflow/example_dags/tutorial_dag.py took 0.044 seconds
[2026-04-09T05:10:32.057+0000] {processor.py:161} INFO - Started process (PID=4706) to work on /home/airflow/.local/lib/python3.8/site-packages/airflow/example_dags/tutorial_dag.py
[2026-04-09T05:10:32.058+0000] {processor.py:830} INFO - Processing file /home/airflow/.local/lib/python3.8/site-packages/airflow/example_dags/tutorial_dag.py for tasks to queue
[2026-04-09T05:10:32.059+0000] {logging_mixin.py:188} INFO - [2026-04-09T05:10:32.059+0000] {dagbag.py:538} INFO - Filling up the DagBag from /home/airflow/.local/lib/python3.8/site-packages/airflow/example_dags/tutorial_dag.py
[2026-04-09T05:10:32.063+0000] {processor.py:840} INFO - DAG(s) 'tutorial_dag' retrieved from /home/airflow/.local/lib/python3.8/site-packages/airflow/example_dags/tutorial_dag.py
[2026-04-09T05:10:32.076+0000] {logging_mixin.py:188} INFO - [2026-04-09T05:10:32.076+0000] {dag.py:3036} INFO - Sync 1 DAGs
[2026-04-09T05:10:32.083+0000] {logging_mixin.py:188} INFO - [2026-04-09T05:10:32.083+0000] {dag.py:3823} INFO - Setting next_dagrun for tutorial_dag to None, run_after=None
[2026-04-09T05:10:32.094+0000] {processor.py:183} INFO - Processing /home/airflow/.local/lib/python3.8/site-packages/airflow/example_dags/tutorial_dag.py took 0.039 seconds
[2026-04-09T05:11:02.853+0000] {processor.py:161} INFO - Started process (PID=4762) to work on /home/airflow/.local/lib/python3.8/site-packages/airflow/example_dags/tutorial_dag.py
[2026-04-09T05:11:02.856+0000] {processor.py:830} INFO - Processing file /home/airflow/.local/lib/python3.8/site-packages/airflow/example_dags/tutorial_dag.py for tasks to queue
[2026-04-09T05:11:02.858+0000] {logging_mixin.py:188} INFO - [2026-04-09T05:11:02.857+0000] {dagbag.py:538} INFO - Filling up the DagBag from /home/airflow/.local/lib/python3.8/site-packages/airflow/example_dags/tutorial_dag.py
[2026-04-09T05:11:02.861+0000] {processor.py:840} INFO - DAG(s) 'tutorial_dag' retrieved from /home/airflow/.local/lib/python3.8/site-packages/airflow/example_dags/tutorial_dag.py
[2026-04-09T05:11:02.875+0000] {logging_mixin.py:188} INFO - [2026-04-09T05:11:02.875+0000] {dag.py:3036} INFO - Sync 1 DAGs
[2026-04-09T05:11:02.883+0000] {logging_mixin.py:188} INFO - [2026-04-09T05:11:02.883+0000] {dag.py:3823} INFO - Setting next_dagrun for tutorial_dag to None, run_after=None
[2026-04-09T05:11:02.894+0000] {processor.py:183} INFO - Processing /home/airflow/.local/lib/python3.8/site-packages/airflow/example_dags/tutorial_dag.py took 0.043 seconds
[2026-04-09T05:11:33.659+0000] {processor.py:161} INFO - Started process (PID=4818) to work on /home/airflow/.local/lib/python3.8/site-packages/airflow/example_dags/tutorial_dag.py
[2026-04-09T05:11:33.662+0000] {processor.py:830} INFO - Processing file /home/airflow/.local/lib/python3.8/site-packages/airflow/example_dags/tutorial_dag.py for tasks to queue
[2026-04-09T05:11:33.663+0000] {logging_mixin.py:188} INFO - [2026-04-09T05:11:33.663+0000] {dagbag.py:538} INFO - Filling up the DagBag from /home/airflow/.local/lib/python3.8/site-packages/airflow/example_dags/tutorial_dag.py
[2026-04-09T05:11:33.667+0000] {processor.py:840} INFO - DAG(s) 'tutorial_dag' retrieved from /home/airflow/.local/lib/python3.8/site-packages/airflow/example_dags/tutorial_dag.py
[2026-04-09T05:11:33.681+0000] {logging_mixin.py:188} INFO - [2026-04-09T05:11:33.681+0000] {dag.py:3036} INFO - Sync 1 DAGs
[2026-04-09T05:11:33.689+0000] {logging_mixin.py:188} INFO - [2026-04-09T05:11:33.689+0000] {dag.py:3823} INFO - Setting next_dagrun for tutorial_dag to None, run_after=None
[2026-04-09T05:11:33.699+0000] {processor.py:183} INFO - Processing /home/airflow/.local/lib/python3.8/site-packages/airflow/example_dags/tutorial_dag.py took 0.043 seconds
[2026-04-09T05:12:04.395+0000] {processor.py:161} INFO - Started process (PID=4874) to work on /home/airflow/.local/lib/python3.8/site-packages/airflow/example_dags/tutorial_dag.py
[2026-04-09T05:12:04.398+0000] {processor.py:830} INFO - Processing file /home/airflow/.local/lib/python3.8/site-packages/airflow/example_dags/tutorial_dag.py for tasks to queue
[2026-04-09T05:12:04.400+0000] {logging_mixin.py:188} INFO - [2026-04-09T05:12:04.399+0000] {dagbag.py:538} INFO - Filling up the DagBag from /home/airflow/.local/lib/python3.8/site-packages/airflow/example_dags/tutorial_dag.py
[2026-04-09T05:12:04.403+0000] {processor.py:840} INFO - DAG(s) 'tutorial_dag' retrieved from /home/airflow/.local/lib/python3.8/site-packages/airflow/example_dags/tutorial_dag.py
[2026-04-09T05:12:04.417+0000] {logging_mixin.py:188} INFO - [2026-04-09T05:12:04.417+0000] {dag.py:3036} INFO - Sync 1 DAGs
[2026-04-09T05:12:04.426+0000] {logging_mixin.py:188} INFO - [2026-04-09T05:12:04.425+0000] {dag.py:3823} INFO - Setting next_dagrun for tutorial_dag to None, run_after=None
[2026-04-09T05:12:04.436+0000] {processor.py:183} INFO - Processing /home/airflow/.local/lib/python3.8/site-packages/airflow/example_dags/tutorial_dag.py took 0.043 seconds
[2026-04-09T05:12:35.095+0000] {processor.py:161} INFO - Started process (PID=4930) to work on /home/airflow/.local/lib/python3.8/site-packages/airflow/example_dags/tutorial_dag.py
[2026-04-09T05:12:35.095+0000] {processor.py:830} INFO - Processing file /home/airflow/.local/lib/python3.8/site-packages/airflow/example_dags/tutorial_dag.py for tasks to queue
[2026-04-09T05:12:35.097+0000] {logging_mixin.py:188} INFO - [2026-04-09T05:12:35.096+0000] {dagbag.py:538} INFO - Filling up the DagBag from /home/airflow/.local/lib/python3.8/site-packages/airflow/example_dags/tutorial_dag.py
[2026-04-09T05:12:35.100+0000] {processor.py:840} INFO - DAG(s) 'tutorial_dag' retrieved from /home/airflow/.local/lib/python3.8/site-packages/airflow/example_dags/tutorial_dag.py
[2026-04-09T05:12:35.114+0000] {logging_mixin.py:188} INFO - [2026-04-09T05:12:35.114+0000] {dag.py:3036} INFO - Sync 1 DAGs
[2026-04-09T05:12:35.122+0000] {logging_mixin.py:188} INFO - [2026-04-09T05:12:35.122+0000] {dag.py:3823} INFO - Setting next_dagrun for tutorial_dag to None, run_after=None
[2026-04-09T05:12:35.135+0000] {processor.py:183} INFO - Processing /home/airflow/.local/lib/python3.8/site-packages/airflow/example_dags/tutorial_dag.py took 0.042 seconds
[2026-04-09T05:13:05.806+0000] {processor.py:161} INFO - Started process (PID=4986) to work on /home/airflow/.local/lib/python3.8/site-packages/airflow/example_dags/tutorial_dag.py
[2026-04-09T05:13:05.808+0000] {processor.py:830} INFO - Processing file /home/airflow/.local/lib/python3.8/site-packages/airflow/example_dags/tutorial_dag.py for tasks to queue
[2026-04-09T05:13:05.810+0000] {logging_mixin.py:188} INFO - [2026-04-09T05:13:05.810+0000] {dagbag.py:538} INFO - Filling up the DagBag from /home/airflow/.local/lib/python3.8/site-packages/airflow/example_dags/tutorial_dag.py
[2026-04-09T05:13:05.814+0000] {processor.py:840} INFO - DAG(s) 'tutorial_dag' retrieved from /home/airflow/.local/lib/python3.8/site-packages/airflow/example_dags/tutorial_dag.py
[2026-04-09T05:13:05.828+0000] {logging_mixin.py:188} INFO - [2026-04-09T05:13:05.828+0000] {dag.py:3036} INFO - Sync 1 DAGs
[2026-04-09T05:13:05.835+0000] {logging_mixin.py:188} INFO - [2026-04-09T05:13:05.835+0000] {dag.py:3823} INFO - Setting next_dagrun for tutorial_dag to None, run_after=None
[2026-04-09T05:13:05.846+0000] {processor.py:183} INFO - Processing /home/airflow/.local/lib/python3.8/site-packages/airflow/example_dags/tutorial_dag.py took 0.043 seconds
[2026-04-09T05:13:36.530+0000] {processor.py:161} INFO - Started process (PID=5042) to work on /home/airflow/.local/lib/python3.8/site-packages/airflow/example_dags/tutorial_dag.py
[2026-04-09T05:13:36.532+0000] {processor.py:830} INFO - Processing file /home/airflow/.local/lib/python3.8/site-packages/airflow/example_dags/tutorial_dag.py for tasks to queue
[2026-04-09T05:13:36.533+0000] {logging_mixin.py:188} INFO - [2026-04-09T05:13:36.533+0000] {dagbag.py:538} INFO - Filling up the DagBag from /home/airflow/.local/lib/python3.8/site-packages/airflow/example_dags/tutorial_dag.py
[2026-04-09T05:13:36.537+0000] {processor.py:840} INFO - DAG(s) 'tutorial_dag' retrieved from /home/airflow/.local/lib/python3.8/site-packages/airflow/example_dags/tutorial_dag.py
[2026-04-09T05:13:36.551+0000] {logging_mixin.py:188} INFO - [2026-04-09T05:13:36.551+0000] {dag.py:3036} INFO - Sync 1 DAGs
[2026-04-09T05:13:36.559+0000] {logging_mixin.py:188} INFO - [2026-04-09T05:13:36.559+0000] {dag.py:3823} INFO - Setting next_dagrun for tutorial_dag to None, run_after=None
[2026-04-09T05:13:36.570+0000] {processor.py:183} INFO - Processing /home/airflow/.local/lib/python3.8/site-packages/airflow/example_dags/tutorial_dag.py took 0.042 seconds
[2026-04-09T05:14:07.349+0000] {processor.py:161} INFO - Started process (PID=5098) to work on /home/airflow/.local/lib/python3.8/site-packages/airflow/example_dags/tutorial_dag.py
[2026-04-09T05:14:07.349+0000] {processor.py:830} INFO - Processing file /home/airflow/.local/lib/python3.8/site-packages/airflow/example_dags/tutorial_dag.py for tasks to queue
[2026-04-09T05:14:07.351+0000] {logging_mixin.py:188} INFO - [2026-04-09T05:14:07.351+0000] {dagbag.py:538} INFO - Filling up the DagBag from /home/airflow/.local/lib/python3.8/site-packages/airflow/example_dags/tutorial_dag.py
[2026-04-09T05:14:07.355+0000] {processor.py:840} INFO - DAG(s) 'tutorial_dag' retrieved from /home/airflow/.local/lib/python3.8/site-packages/airflow/example_dags/tutorial_dag.py
[2026-04-09T05:14:07.367+0000] {logging_mixin.py:188} INFO - [2026-04-09T05:14:07.367+0000] {dag.py:3036} INFO - Sync 1 DAGs
[2026-04-09T05:14:07.374+0000] {logging_mixin.py:188} INFO - [2026-04-09T05:14:07.374+0000] {dag.py:3823} INFO - Setting next_dagrun for tutorial_dag to None, run_after=None
[2026-04-09T05:14:07.385+0000] {processor.py:183} INFO - Processing /home/airflow/.local/lib/python3.8/site-packages/airflow/example_dags/tutorial_dag.py took 0.038 seconds
[2026-04-09T05:14:38.090+0000] {processor.py:161} INFO - Started process (PID=5154) to work on /home/airflow/.local/lib/python3.8/site-packages/airflow/example_dags/tutorial_dag.py
[2026-04-09T05:14:38.093+0000] {processor.py:830} INFO - Processing file /home/airflow/.local/lib/python3.8/site-packages/airflow/example_dags/tutorial_dag.py for tasks to queue
[2026-04-09T05:14:38.094+0000] {logging_mixin.py:188} INFO - [2026-04-09T05:14:38.094+0000] {dagbag.py:538} INFO - Filling up the DagBag from /home/airflow/.local/lib/python3.8/site-packages/airflow/example_dags/tutorial_dag.py
[2026-04-09T05:14:38.098+0000] {processor.py:840} INFO - DAG(s) 'tutorial_dag' retrieved from /home/airflow/.local/lib/python3.8/site-packages/airflow/example_dags/tutorial_dag.py
[2026-04-09T05:14:38.112+0000] {logging_mixin.py:188} INFO - [2026-04-09T05:14:38.112+0000] {dag.py:3036} INFO - Sync 1 DAGs
[2026-04-09T05:14:38.120+0000] {logging_mixin.py:188} INFO - [2026-04-09T05:14:38.120+0000] {dag.py:3823} INFO - Setting next_dagrun for tutorial_dag to None, run_after=None
[2026-04-09T05:14:38.131+0000] {processor.py:183} INFO - Processing /home/airflow/.local/lib/python3.8/site-packages/airflow/example_dags/tutorial_dag.py took 0.044 seconds
[2026-04-09T05:15:08.939+0000] {processor.py:161} INFO - Started process (PID=5210) to work on /home/airflow/.local/lib/python3.8/site-packages/airflow/example_dags/tutorial_dag.py
[2026-04-09T05:15:08.942+0000] {processor.py:830} INFO - Processing file /home/airflow/.local/lib/python3.8/site-packages/airflow/example_dags/tutorial_dag.py for tasks to queue
[2026-04-09T05:15:08.944+0000] {logging_mixin.py:188} INFO - [2026-04-09T05:15:08.944+0000] {dagbag.py:538} INFO - Filling up the DagBag from /home/airflow/.local/lib/python3.8/site-packages/airflow/example_dags/tutorial_dag.py
[2026-04-09T05:15:08.948+0000] {processor.py:840} INFO - DAG(s) 'tutorial_dag' retrieved from /home/airflow/.local/lib/python3.8/site-packages/airflow/example_dags/tutorial_dag.py
[2026-04-09T05:15:08.962+0000] {logging_mixin.py:188} INFO - [2026-04-09T05:15:08.962+0000] {dag.py:3036} INFO - Sync 1 DAGs
[2026-04-09T05:15:08.971+0000] {logging_mixin.py:188} INFO - [2026-04-09T05:15:08.970+0000] {dag.py:3823} INFO - Setting next_dagrun for tutorial_dag to None, run_after=None
[2026-04-09T05:15:08.981+0000] {processor.py:183} INFO - Processing /home/airflow/.local/lib/python3.8/site-packages/airflow/example_dags/tutorial_dag.py took 0.044 seconds
[2026-04-09T05:15:39.714+0000] {processor.py:161} INFO - Started process (PID=5266) to work on /home/airflow/.local/lib/python3.8/site-packages/airflow/example_dags/tutorial_dag.py
[2026-04-09T05:15:39.715+0000] {processor.py:830} INFO - Processing file /home/airflow/.local/lib/python3.8/site-packages/airflow/example_dags/tutorial_dag.py for tasks to queue
[2026-04-09T05:15:39.716+0000] {logging_mixin.py:188} INFO - [2026-04-09T05:15:39.716+0000] {dagbag.py:538} INFO - Filling up the DagBag from /home/airflow/.local/lib/python3.8/site-packages/airflow/example_dags/tutorial_dag.py
[2026-04-09T05:15:39.720+0000] {processor.py:840} INFO - DAG(s) 'tutorial_dag' retrieved from /home/airflow/.local/lib/python3.8/site-packages/airflow/example_dags/tutorial_dag.py
[2026-04-09T05:15:39.733+0000] {logging_mixin.py:188} INFO - [2026-04-09T05:15:39.733+0000] {dag.py:3036} INFO - Sync 1 DAGs
[2026-04-09T05:15:39.741+0000] {logging_mixin.py:188} INFO - [2026-04-09T05:15:39.741+0000] {dag.py:3823} INFO - Setting next_dagrun for tutorial_dag to None, run_after=None
[2026-04-09T05:15:39.752+0000] {processor.py:183} INFO - Processing /home/airflow/.local/lib/python3.8/site-packages/airflow/example_dags/tutorial_dag.py took 0.040 seconds
[2026-04-09T05:16:10.467+0000] {processor.py:161} INFO - Started process (PID=5322) to work on /home/airflow/.local/lib/python3.8/site-packages/airflow/example_dags/tutorial_dag.py
[2026-04-09T05:16:10.470+0000] {processor.py:830} INFO - Processing file /home/airflow/.local/lib/python3.8/site-packages/airflow/example_dags/tutorial_dag.py for tasks to queue
[2026-04-09T05:16:10.472+0000] {logging_mixin.py:188} INFO - [2026-04-09T05:16:10.471+0000] {dagbag.py:538} INFO - Filling up the DagBag from /home/airflow/.local/lib/python3.8/site-packages/airflow/example_dags/tutorial_dag.py
[2026-04-09T05:16:10.475+0000] {processor.py:840} INFO - DAG(s) 'tutorial_dag' retrieved from /home/airflow/.local/lib/python3.8/site-packages/airflow/example_dags/tutorial_dag.py
[2026-04-09T05:16:10.489+0000] {logging_mixin.py:188} INFO - [2026-04-09T05:16:10.489+0000] {dag.py:3036} INFO - Sync 1 DAGs
[2026-04-09T05:16:10.497+0000] {logging_mixin.py:188} INFO - [2026-04-09T05:16:10.497+0000] {dag.py:3823} INFO - Setting next_dagrun for tutorial_dag to None, run_after=None
[2026-04-09T05:16:10.508+0000] {processor.py:183} INFO - Processing /home/airflow/.local/lib/python3.8/site-packages/airflow/example_dags/tutorial_dag.py took 0.044 seconds
[2026-04-09T05:16:41.281+0000] {processor.py:161} INFO - Started process (PID=5378) to work on /home/airflow/.local/lib/python3.8/site-packages/airflow/example_dags/tutorial_dag.py
[2026-04-09T05:16:41.284+0000] {processor.py:830} INFO - Processing file /home/airflow/.local/lib/python3.8/site-packages/airflow/example_dags/tutorial_dag.py for tasks to queue
[2026-04-09T05:16:41.285+0000] {logging_mixin.py:188} INFO - [2026-04-09T05:16:41.285+0000] {dagbag.py:538} INFO - Filling up the DagBag from /home/airflow/.local/lib/python3.8/site-packages/airflow/example_dags/tutorial_dag.py
[2026-04-09T05:16:41.289+0000] {processor.py:840} INFO - DAG(s) 'tutorial_dag' retrieved from /home/airflow/.local/lib/python3.8/site-packages/airflow/example_dags/tutorial_dag.py
[2026-04-09T05:16:41.303+0000] {logging_mixin.py:188} INFO - [2026-04-09T05:16:41.303+0000] {dag.py:3036} INFO - Sync 1 DAGs
[2026-04-09T05:16:41.311+0000] {logging_mixin.py:188} INFO - [2026-04-09T05:16:41.311+0000] {dag.py:3823} INFO - Setting next_dagrun for tutorial_dag to None, run_after=None
[2026-04-09T05:16:41.321+0000] {processor.py:183} INFO - Processing /home/airflow/.local/lib/python3.8/site-packages/airflow/example_dags/tutorial_dag.py took 0.042 seconds
[2026-04-09T05:17:12.091+0000] {processor.py:161} INFO - Started process (PID=5434) to work on /home/airflow/.local/lib/python3.8/site-packages/airflow/example_dags/tutorial_dag.py
[2026-04-09T05:17:12.091+0000] {processor.py:830} INFO - Processing file /home/airflow/.local/lib/python3.8/site-packages/airflow/example_dags/tutorial_dag.py for tasks to queue
[2026-04-09T05:17:12.092+0000] {logging_mixin.py:188} INFO - [2026-04-09T05:17:12.092+0000] {dagbag.py:538} INFO - Filling up the DagBag from /home/airflow/.local/lib/python3.8/site-packages/airflow/example_dags/tutorial_dag.py
[2026-04-09T05:17:12.096+0000] {processor.py:840} INFO - DAG(s) 'tutorial_dag' retrieved from /home/airflow/.local/lib/python3.8/site-packages/airflow/example_dags/tutorial_dag.py
[2026-04-09T05:17:12.109+0000] {logging_mixin.py:188} INFO - [2026-04-09T05:17:12.109+0000] {dag.py:3036} INFO - Sync 1 DAGs
[2026-04-09T05:17:12.117+0000] {logging_mixin.py:188} INFO - [2026-04-09T05:17:12.117+0000] {dag.py:3823} INFO - Setting next_dagrun for tutorial_dag to None, run_after=None
[2026-04-09T05:17:12.127+0000] {processor.py:183} INFO - Processing /home/airflow/.local/lib/python3.8/site-packages/airflow/example_dags/tutorial_dag.py took 0.039 seconds
[2026-04-09T05:17:42.861+0000] {processor.py:161} INFO - Started process (PID=5490) to work on /home/airflow/.local/lib/python3.8/site-packages/airflow/example_dags/tutorial_dag.py
[2026-04-09T05:17:42.864+0000] {processor.py:830} INFO - Processing file /home/airflow/.local/lib/python3.8/site-packages/airflow/example_dags/tutorial_dag.py for tasks to queue
[2026-04-09T05:17:42.865+0000] {logging_mixin.py:188} INFO - [2026-04-09T05:17:42.865+0000] {dagbag.py:538} INFO - Filling up the DagBag from /home/airflow/.local/lib/python3.8/site-packages/airflow/example_dags/tutorial_dag.py
[2026-04-09T05:17:42.869+0000] {processor.py:840} INFO - DAG(s) 'tutorial_dag' retrieved from /home/airflow/.local/lib/python3.8/site-packages/airflow/example_dags/tutorial_dag.py
[2026-04-09T05:17:42.882+0000] {logging_mixin.py:188} INFO - [2026-04-09T05:17:42.882+0000] {dag.py:3036} INFO - Sync 1 DAGs
[2026-04-09T05:17:42.890+0000] {logging_mixin.py:188} INFO - [2026-04-09T05:17:42.890+0000] {dag.py:3823} INFO - Setting next_dagrun for tutorial_dag to None, run_after=None
[2026-04-09T05:17:42.901+0000] {processor.py:183} INFO - Processing /home/airflow/.local/lib/python3.8/site-packages/airflow/example_dags/tutorial_dag.py took 0.042 seconds
[2026-04-09T05:18:13.708+0000] {processor.py:161} INFO - Started process (PID=5546) to work on /home/airflow/.local/lib/python3.8/site-packages/airflow/example_dags/tutorial_dag.py
[2026-04-09T05:18:13.709+0000] {processor.py:830} INFO - Processing file /home/airflow/.local/lib/python3.8/site-packages/airflow/example_dags/tutorial_dag.py for tasks to queue
[2026-04-09T05:18:13.710+0000] {logging_mixin.py:188} INFO - [2026-04-09T05:18:13.710+0000] {dagbag.py:538} INFO - Filling up the DagBag from /home/airflow/.local/lib/python3.8/site-packages/airflow/example_dags/tutorial_dag.py
[2026-04-09T05:18:13.714+0000] {processor.py:840} INFO - DAG(s) 'tutorial_dag' retrieved from /home/airflow/.local/lib/python3.8/site-packages/airflow/example_dags/tutorial_dag.py
[2026-04-09T05:18:13.728+0000] {logging_mixin.py:188} INFO - [2026-04-09T05:18:13.727+0000] {dag.py:3036} INFO - Sync 1 DAGs
[2026-04-09T05:18:13.735+0000] {logging_mixin.py:188} INFO - [2026-04-09T05:18:13.735+0000] {dag.py:3823} INFO - Setting next_dagrun for tutorial_dag to None, run_after=None
[2026-04-09T05:18:13.746+0000] {processor.py:183} INFO - Processing /home/airflow/.local/lib/python3.8/site-packages/airflow/example_dags/tutorial_dag.py took 0.040 seconds
[2026-04-09T05:18:44.564+0000] {processor.py:161} INFO - Started process (PID=5602) to work on /home/airflow/.local/lib/python3.8/site-packages/airflow/example_dags/tutorial_dag.py
[2026-04-09T05:18:44.567+0000] {processor.py:830} INFO - Processing file /home/airflow/.local/lib/python3.8/site-packages/airflow/example_dags/tutorial_dag.py for tasks to queue
[2026-04-09T05:18:44.568+0000] {logging_mixin.py:188} INFO - [2026-04-09T05:18:44.568+0000] {dagbag.py:538} INFO - Filling up the DagBag from /home/airflow/.local/lib/python3.8/site-packages/airflow/example_dags/tutorial_dag.py
[2026-04-09T05:18:44.572+0000] {processor.py:840} INFO - DAG(s) 'tutorial_dag' retrieved from /home/airflow/.local/lib/python3.8/site-packages/airflow/example_dags/tutorial_dag.py
[2026-04-09T05:18:44.586+0000] {logging_mixin.py:188} INFO - [2026-04-09T05:18:44.586+0000] {dag.py:3036} INFO - Sync 1 DAGs
[2026-04-09T05:18:44.594+0000] {logging_mixin.py:188} INFO - [2026-04-09T05:18:44.594+0000] {dag.py:3823} INFO - Setting next_dagrun for tutorial_dag to None, run_after=None
[2026-04-09T05:18:44.604+0000] {processor.py:183} INFO - Processing /home/airflow/.local/lib/python3.8/site-packages/airflow/example_dags/tutorial_dag.py took 0.043 seconds
[2026-04-09T05:19:15.372+0000] {processor.py:161} INFO - Started process (PID=5664) to work on /home/airflow/.local/lib/python3.8/site-packages/airflow/example_dags/tutorial_dag.py
[2026-04-09T05:19:15.372+0000] {processor.py:830} INFO - Processing file /home/airflow/.local/lib/python3.8/site-packages/airflow/example_dags/tutorial_dag.py for tasks to queue
[2026-04-09T05:19:15.374+0000] {logging_mixin.py:188} INFO - [2026-04-09T05:19:15.373+0000] {dagbag.py:538} INFO - Filling up the DagBag from /home/airflow/.local/lib/python3.8/site-packages/airflow/example_dags/tutorial_dag.py
[2026-04-09T05:19:15.378+0000] {processor.py:840} INFO - DAG(s) 'tutorial_dag' retrieved from /home/airflow/.local/lib/python3.8/site-packages/airflow/example_dags/tutorial_dag.py
[2026-04-09T05:19:15.392+0000] {logging_mixin.py:188} INFO - [2026-04-09T05:19:15.392+0000] {dag.py:3036} INFO - Sync 1 DAGs
[2026-04-09T05:19:15.401+0000] {logging_mixin.py:188} INFO - [2026-04-09T05:19:15.401+0000] {dag.py:3823} INFO - Setting next_dagrun for tutorial_dag to None, run_after=None
[2026-04-09T05:19:15.413+0000] {processor.py:183} INFO - Processing /home/airflow/.local/lib/python3.8/site-packages/airflow/example_dags/tutorial_dag.py took 0.043 seconds
[2026-04-09T05:19:46.168+0000] {processor.py:161} INFO - Started process (PID=5720) to work on /home/airflow/.local/lib/python3.8/site-packages/airflow/example_dags/tutorial_dag.py
[2026-04-09T05:19:46.171+0000] {processor.py:830} INFO - Processing file /home/airflow/.local/lib/python3.8/site-packages/airflow/example_dags/tutorial_dag.py for tasks to queue
[2026-04-09T05:19:46.173+0000] {logging_mixin.py:188} INFO - [2026-04-09T05:19:46.172+0000] {dagbag.py:538} INFO - Filling up the DagBag from /home/airflow/.local/lib/python3.8/site-packages/airflow/example_dags/tutorial_dag.py
[2026-04-09T05:19:46.176+0000] {processor.py:840} INFO - DAG(s) 'tutorial_dag' retrieved from /home/airflow/.local/lib/python3.8/site-packages/airflow/example_dags/tutorial_dag.py
[2026-04-09T05:19:46.190+0000] {logging_mixin.py:188} INFO - [2026-04-09T05:19:46.190+0000] {dag.py:3036} INFO - Sync 1 DAGs
[2026-04-09T05:19:46.198+0000] {logging_mixin.py:188} INFO - [2026-04-09T05:19:46.198+0000] {dag.py:3823} INFO - Setting next_dagrun for tutorial_dag to None, run_after=None
[2026-04-09T05:19:46.209+0000] {processor.py:183} INFO - Processing /home/airflow/.local/lib/python3.8/site-packages/airflow/example_dags/tutorial_dag.py took 0.044 seconds
[2026-04-09T05:20:16.342+0000] {processor.py:161} INFO - Started process (PID=5776) to work on /home/airflow/.local/lib/python3.8/site-packages/airflow/example_dags/tutorial_dag.py
[2026-04-09T05:20:16.344+0000] {processor.py:830} INFO - Processing file /home/airflow/.local/lib/python3.8/site-packages/airflow/example_dags/tutorial_dag.py for tasks to queue
[2026-04-09T05:20:16.346+0000] {logging_mixin.py:188} INFO - [2026-04-09T05:20:16.346+0000] {dagbag.py:538} INFO - Filling up the DagBag from /home/airflow/.local/lib/python3.8/site-packages/airflow/example_dags/tutorial_dag.py
[2026-04-09T05:20:16.354+0000] {processor.py:840} INFO - DAG(s) 'tutorial_dag' retrieved from /home/airflow/.local/lib/python3.8/site-packages/airflow/example_dags/tutorial_dag.py
[2026-04-09T05:20:16.386+0000] {logging_mixin.py:188} INFO - [2026-04-09T05:20:16.386+0000] {dag.py:3036} INFO - Sync 1 DAGs
[2026-04-09T05:20:16.403+0000] {logging_mixin.py:188} INFO - [2026-04-09T05:20:16.403+0000] {dag.py:3823} INFO - Setting next_dagrun for tutorial_dag to None, run_after=None
[2026-04-09T05:20:16.425+0000] {processor.py:183} INFO - Processing /home/airflow/.local/lib/python3.8/site-packages/airflow/example_dags/tutorial_dag.py took 0.088 seconds
[2026-04-09T05:38:44.626+0000] {processor.py:161} INFO - Started process (PID=5799) to work on /home/airflow/.local/lib/python3.8/site-packages/airflow/example_dags/tutorial_dag.py
[2026-04-09T05:38:44.628+0000] {processor.py:830} INFO - Processing file /home/airflow/.local/lib/python3.8/site-packages/airflow/example_dags/tutorial_dag.py for tasks to queue
[2026-04-09T05:38:44.631+0000] {logging_mixin.py:188} INFO - [2026-04-09T05:38:44.630+0000] {dagbag.py:538} INFO - Filling up the DagBag from /home/airflow/.local/lib/python3.8/site-packages/airflow/example_dags/tutorial_dag.py
[2026-04-09T05:38:44.641+0000] {processor.py:840} INFO - DAG(s) 'tutorial_dag' retrieved from /home/airflow/.local/lib/python3.8/site-packages/airflow/example_dags/tutorial_dag.py
[2026-04-09T05:38:44.672+0000] {logging_mixin.py:188} INFO - [2026-04-09T05:38:44.671+0000] {dag.py:3036} INFO - Sync 1 DAGs
[2026-04-09T05:38:44.689+0000] {logging_mixin.py:188} INFO - [2026-04-09T05:38:44.689+0000] {dag.py:3823} INFO - Setting next_dagrun for tutorial_dag to None, run_after=None
[2026-04-09T05:38:44.717+0000] {processor.py:183} INFO - Processing /home/airflow/.local/lib/python3.8/site-packages/airflow/example_dags/tutorial_dag.py took 0.098 seconds
[2026-04-09T05:39:15.358+0000] {processor.py:161} INFO - Started process (PID=5855) to work on /home/airflow/.local/lib/python3.8/site-packages/airflow/example_dags/tutorial_dag.py
[2026-04-09T05:39:15.360+0000] {processor.py:830} INFO - Processing file /home/airflow/.local/lib/python3.8/site-packages/airflow/example_dags/tutorial_dag.py for tasks to queue
[2026-04-09T05:39:15.362+0000] {logging_mixin.py:188} INFO - [2026-04-09T05:39:15.362+0000] {dagbag.py:538} INFO - Filling up the DagBag from /home/airflow/.local/lib/python3.8/site-packages/airflow/example_dags/tutorial_dag.py
[2026-04-09T05:39:15.370+0000] {processor.py:840} INFO - DAG(s) 'tutorial_dag' retrieved from /home/airflow/.local/lib/python3.8/site-packages/airflow/example_dags/tutorial_dag.py
[2026-04-09T05:39:15.406+0000] {logging_mixin.py:188} INFO - [2026-04-09T05:39:15.406+0000] {dag.py:3036} INFO - Sync 1 DAGs
[2026-04-09T05:39:15.428+0000] {logging_mixin.py:188} INFO - [2026-04-09T05:39:15.427+0000] {dag.py:3823} INFO - Setting next_dagrun for tutorial_dag to None, run_after=None
[2026-04-09T05:39:15.459+0000] {processor.py:183} INFO - Processing /home/airflow/.local/lib/python3.8/site-packages/airflow/example_dags/tutorial_dag.py took 0.105 seconds
[2026-04-09T05:39:45.519+0000] {processor.py:161} INFO - Started process (PID=5911) to work on /home/airflow/.local/lib/python3.8/site-packages/airflow/example_dags/tutorial_dag.py
[2026-04-09T05:39:45.519+0000] {processor.py:830} INFO - Processing file /home/airflow/.local/lib/python3.8/site-packages/airflow/example_dags/tutorial_dag.py for tasks to queue
[2026-04-09T05:39:45.520+0000] {logging_mixin.py:188} INFO - [2026-04-09T05:39:45.520+0000] {dagbag.py:538} INFO - Filling up the DagBag from /home/airflow/.local/lib/python3.8/site-packages/airflow/example_dags/tutorial_dag.py
[2026-04-09T05:39:45.524+0000] {processor.py:840} INFO - DAG(s) 'tutorial_dag' retrieved from /home/airflow/.local/lib/python3.8/site-packages/airflow/example_dags/tutorial_dag.py
[2026-04-09T05:39:45.538+0000] {logging_mixin.py:188} INFO - [2026-04-09T05:39:45.538+0000] {dag.py:3036} INFO - Sync 1 DAGs
[2026-04-09T05:39:45.547+0000] {logging_mixin.py:188} INFO - [2026-04-09T05:39:45.547+0000] {dag.py:3823} INFO - Setting next_dagrun for tutorial_dag to None, run_after=None
[2026-04-09T05:39:45.558+0000] {processor.py:183} INFO - Processing /home/airflow/.local/lib/python3.8/site-packages/airflow/example_dags/tutorial_dag.py took 0.041 seconds
[2026-04-09T05:40:15.638+0000] {processor.py:161} INFO - Started process (PID=5967) to work on /home/airflow/.local/lib/python3.8/site-packages/airflow/example_dags/tutorial_dag.py
[2026-04-09T05:40:15.638+0000] {processor.py:830} INFO - Processing file /home/airflow/.local/lib/python3.8/site-packages/airflow/example_dags/tutorial_dag.py for tasks to queue
[2026-04-09T05:40:15.639+0000] {logging_mixin.py:188} INFO - [2026-04-09T05:40:15.639+0000] {dagbag.py:538} INFO - Filling up the DagBag from /home/airflow/.local/lib/python3.8/site-packages/airflow/example_dags/tutorial_dag.py
[2026-04-09T05:40:15.643+0000] {processor.py:840} INFO - DAG(s) 'tutorial_dag' retrieved from /home/airflow/.local/lib/python3.8/site-packages/airflow/example_dags/tutorial_dag.py
[2026-04-09T05:40:15.657+0000] {logging_mixin.py:188} INFO - [2026-04-09T05:40:15.657+0000] {dag.py:3036} INFO - Sync 1 DAGs
[2026-04-09T05:40:15.664+0000] {logging_mixin.py:188} INFO - [2026-04-09T05:40:15.664+0000] {dag.py:3823} INFO - Setting next_dagrun for tutorial_dag to None, run_after=None
[2026-04-09T05:40:15.675+0000] {processor.py:183} INFO - Processing /home/airflow/.local/lib/python3.8/site-packages/airflow/example_dags/tutorial_dag.py took 0.040 seconds
[2026-04-09T05:40:45.896+0000] {processor.py:161} INFO - Started process (PID=6023) to work on /home/airflow/.local/lib/python3.8/site-packages/airflow/example_dags/tutorial_dag.py
[2026-04-09T05:40:45.896+0000] {processor.py:830} INFO - Processing file /home/airflow/.local/lib/python3.8/site-packages/airflow/example_dags/tutorial_dag.py for tasks to queue
[2026-04-09T05:40:45.897+0000] {logging_mixin.py:188} INFO - [2026-04-09T05:40:45.897+0000] {dagbag.py:538} INFO - Filling up the DagBag from /home/airflow/.local/lib/python3.8/site-packages/airflow/example_dags/tutorial_dag.py
[2026-04-09T05:40:45.901+0000] {processor.py:840} INFO - DAG(s) 'tutorial_dag' retrieved from /home/airflow/.local/lib/python3.8/site-packages/airflow/example_dags/tutorial_dag.py
[2026-04-09T05:40:45.915+0000] {logging_mixin.py:188} INFO - [2026-04-09T05:40:45.915+0000] {dag.py:3036} INFO - Sync 1 DAGs
[2026-04-09T05:40:45.924+0000] {logging_mixin.py:188} INFO - [2026-04-09T05:40:45.924+0000] {dag.py:3823} INFO - Setting next_dagrun for tutorial_dag to None, run_after=None
[2026-04-09T05:40:45.935+0000] {processor.py:183} INFO - Processing /home/airflow/.local/lib/python3.8/site-packages/airflow/example_dags/tutorial_dag.py took 0.042 seconds
[2026-04-09T05:41:16.052+0000] {processor.py:161} INFO - Started process (PID=6079) to work on /home/airflow/.local/lib/python3.8/site-packages/airflow/example_dags/tutorial_dag.py
[2026-04-09T05:41:16.053+0000] {processor.py:830} INFO - Processing file /home/airflow/.local/lib/python3.8/site-packages/airflow/example_dags/tutorial_dag.py for tasks to queue
[2026-04-09T05:41:16.054+0000] {logging_mixin.py:188} INFO - [2026-04-09T05:41:16.054+0000] {dagbag.py:538} INFO - Filling up the DagBag from /home/airflow/.local/lib/python3.8/site-packages/airflow/example_dags/tutorial_dag.py
[2026-04-09T05:41:16.058+0000] {processor.py:840} INFO - DAG(s) 'tutorial_dag' retrieved from /home/airflow/.local/lib/python3.8/site-packages/airflow/example_dags/tutorial_dag.py
[2026-04-09T05:41:16.071+0000] {logging_mixin.py:188} INFO - [2026-04-09T05:41:16.071+0000] {dag.py:3036} INFO - Sync 1 DAGs
[2026-04-09T05:41:16.080+0000] {logging_mixin.py:188} INFO - [2026-04-09T05:41:16.080+0000] {dag.py:3823} INFO - Setting next_dagrun for tutorial_dag to None, run_after=None
[2026-04-09T05:41:16.092+0000] {processor.py:183} INFO - Processing /home/airflow/.local/lib/python3.8/site-packages/airflow/example_dags/tutorial_dag.py took 0.042 seconds
[2026-04-09T05:41:46.287+0000] {processor.py:161} INFO - Started process (PID=6135) to work on /home/airflow/.local/lib/python3.8/site-packages/airflow/example_dags/tutorial_dag.py
[2026-04-09T05:41:46.288+0000] {processor.py:830} INFO - Processing file /home/airflow/.local/lib/python3.8/site-packages/airflow/example_dags/tutorial_dag.py for tasks to queue
[2026-04-09T05:41:46.289+0000] {logging_mixin.py:188} INFO - [2026-04-09T05:41:46.288+0000] {dagbag.py:538} INFO - Filling up the DagBag from /home/airflow/.local/lib/python3.8/site-packages/airflow/example_dags/tutorial_dag.py
[2026-04-09T05:41:46.292+0000] {processor.py:840} INFO - DAG(s) 'tutorial_dag' retrieved from /home/airflow/.local/lib/python3.8/site-packages/airflow/example_dags/tutorial_dag.py
[2026-04-09T05:41:46.306+0000] {logging_mixin.py:188} INFO - [2026-04-09T05:41:46.305+0000] {dag.py:3036} INFO - Sync 1 DAGs
[2026-04-09T05:41:46.313+0000] {logging_mixin.py:188} INFO - [2026-04-09T05:41:46.313+0000] {dag.py:3823} INFO - Setting next_dagrun for tutorial_dag to None, run_after=None
[2026-04-09T05:41:46.324+0000] {processor.py:183} INFO - Processing /home/airflow/.local/lib/python3.8/site-packages/airflow/example_dags/tutorial_dag.py took 0.039 seconds
[2026-04-09T05:42:16.555+0000] {processor.py:161} INFO - Started process (PID=6191) to work on /home/airflow/.local/lib/python3.8/site-packages/airflow/example_dags/tutorial_dag.py
[2026-04-09T05:42:16.556+0000] {processor.py:830} INFO - Processing file /home/airflow/.local/lib/python3.8/site-packages/airflow/example_dags/tutorial_dag.py for tasks to queue
[2026-04-09T05:42:16.557+0000] {logging_mixin.py:188} INFO - [2026-04-09T05:42:16.557+0000] {dagbag.py:538} INFO - Filling up the DagBag from /home/airflow/.local/lib/python3.8/site-packages/airflow/example_dags/tutorial_dag.py
[2026-04-09T05:42:16.561+0000] {processor.py:840} INFO - DAG(s) 'tutorial_dag' retrieved from /home/airflow/.local/lib/python3.8/site-packages/airflow/example_dags/tutorial_dag.py
[2026-04-09T05:42:16.575+0000] {logging_mixin.py:188} INFO - [2026-04-09T05:42:16.575+0000] {dag.py:3036} INFO - Sync 1 DAGs
[2026-04-09T05:42:16.583+0000] {logging_mixin.py:188} INFO - [2026-04-09T05:42:16.583+0000] {dag.py:3823} INFO - Setting next_dagrun for tutorial_dag to None, run_after=None
[2026-04-09T05:42:16.594+0000] {processor.py:183} INFO - Processing /home/airflow/.local/lib/python3.8/site-packages/airflow/example_dags/tutorial_dag.py took 0.041 seconds
[2026-04-09T05:42:46.779+0000] {processor.py:161} INFO - Started process (PID=6247) to work on /home/airflow/.local/lib/python3.8/site-packages/airflow/example_dags/tutorial_dag.py
[2026-04-09T05:42:46.780+0000] {processor.py:830} INFO - Processing file /home/airflow/.local/lib/python3.8/site-packages/airflow/example_dags/tutorial_dag.py for tasks to queue
[2026-04-09T05:42:46.781+0000] {logging_mixin.py:188} INFO - [2026-04-09T05:42:46.781+0000] {dagbag.py:538} INFO - Filling up the DagBag from /home/airflow/.local/lib/python3.8/site-packages/airflow/example_dags/tutorial_dag.py
[2026-04-09T05:42:46.785+0000] {processor.py:840} INFO - DAG(s) 'tutorial_dag' retrieved from /home/airflow/.local/lib/python3.8/site-packages/airflow/example_dags/tutorial_dag.py
[2026-04-09T05:42:46.798+0000] {logging_mixin.py:188} INFO - [2026-04-09T05:42:46.798+0000] {dag.py:3036} INFO - Sync 1 DAGs
[2026-04-09T05:42:46.806+0000] {logging_mixin.py:188} INFO - [2026-04-09T05:42:46.805+0000] {dag.py:3823} INFO - Setting next_dagrun for tutorial_dag to None, run_after=None
[2026-04-09T05:42:46.816+0000] {processor.py:183} INFO - Processing /home/airflow/.local/lib/python3.8/site-packages/airflow/example_dags/tutorial_dag.py took 0.039 seconds
[2026-04-09T05:43:16.966+0000] {processor.py:161} INFO - Started process (PID=6303) to work on /home/airflow/.local/lib/python3.8/site-packages/airflow/example_dags/tutorial_dag.py
[2026-04-09T05:43:16.967+0000] {processor.py:830} INFO - Processing file /home/airflow/.local/lib/python3.8/site-packages/airflow/example_dags/tutorial_dag.py for tasks to queue
[2026-04-09T05:43:16.968+0000] {logging_mixin.py:188} INFO - [2026-04-09T05:43:16.968+0000] {dagbag.py:538} INFO - Filling up the DagBag from /home/airflow/.local/lib/python3.8/site-packages/airflow/example_dags/tutorial_dag.py
[2026-04-09T05:43:16.972+0000] {processor.py:840} INFO - DAG(s) 'tutorial_dag' retrieved from /home/airflow/.local/lib/python3.8/site-packages/airflow/example_dags/tutorial_dag.py
[2026-04-09T05:43:16.985+0000] {logging_mixin.py:188} INFO - [2026-04-09T05:43:16.985+0000] {dag.py:3036} INFO - Sync 1 DAGs
[2026-04-09T05:43:16.992+0000] {logging_mixin.py:188} INFO - [2026-04-09T05:43:16.992+0000] {dag.py:3823} INFO - Setting next_dagrun for tutorial_dag to None, run_after=None
[2026-04-09T05:43:17.002+0000] {processor.py:183} INFO - Processing /home/airflow/.local/lib/python3.8/site-packages/airflow/example_dags/tutorial_dag.py took 0.038 seconds
