[2026-04-24T03:55:54.389+0000] {processor.py:161} INFO - Started process (PID=91) to work on /home/airflow/.local/lib/python3.8/site-packages/airflow/example_dags/example_subdag_operator.py
[2026-04-24T03:55:54.390+0000] {processor.py:830} INFO - Processing file /home/airflow/.local/lib/python3.8/site-packages/airflow/example_dags/example_subdag_operator.py for tasks to queue
[2026-04-24T03:55:54.391+0000] {logging_mixin.py:188} INFO - [2026-04-24T03:55:54.391+0000] {dagbag.py:538} INFO - Filling up the DagBag from /home/airflow/.local/lib/python3.8/site-packages/airflow/example_dags/example_subdag_operator.py
[2026-04-24T03:55:54.409+0000] {processor.py:840} INFO - DAG(s) 'example_subdag_operator.section-1', 'example_subdag_operator.section-2', 'example_subdag_operator' retrieved from /home/airflow/.local/lib/python3.8/site-packages/airflow/example_dags/example_subdag_operator.py
[2026-04-24T03:55:54.421+0000] {logging_mixin.py:188} INFO - [2026-04-24T03:55:54.421+0000] {dag.py:3036} INFO - Sync 3 DAGs
[2026-04-24T03:55:54.438+0000] {logging_mixin.py:188} INFO - [2026-04-24T03:55:54.438+0000] {dag.py:3823} INFO - Setting next_dagrun for example_subdag_operator to 2022-01-01 00:00:00+00:00, run_after=2022-01-01 00:00:00+00:00
[2026-04-24T03:55:54.440+0000] {logging_mixin.py:188} INFO - [2026-04-24T03:55:54.440+0000] {dag.py:3823} INFO - Setting next_dagrun for example_subdag_operator.section-1 to None, run_after=None
[2026-04-24T03:55:54.441+0000] {logging_mixin.py:188} INFO - [2026-04-24T03:55:54.441+0000] {dag.py:3823} INFO - Setting next_dagrun for example_subdag_operator.section-2 to None, run_after=None
[2026-04-24T03:55:54.447+0000] {logging_mixin.py:188} INFO - [2026-04-24T03:55:54.447+0000] {dag.py:3036} INFO - Sync 2 DAGs
[2026-04-24T03:55:54.450+0000] {logging_mixin.py:188} INFO - [2026-04-24T03:55:54.450+0000] {dag.py:3823} INFO - Setting next_dagrun for example_subdag_operator.section-1 to None, run_after=None
[2026-04-24T03:55:54.451+0000] {logging_mixin.py:188} INFO - [2026-04-24T03:55:54.451+0000] {dag.py:3823} INFO - Setting next_dagrun for example_subdag_operator.section-2 to None, run_after=None
[2026-04-24T03:55:54.502+0000] {processor.py:183} INFO - Processing /home/airflow/.local/lib/python3.8/site-packages/airflow/example_dags/example_subdag_operator.py took 0.115 seconds
[2026-04-24T03:56:26.279+0000] {processor.py:161} INFO - Started process (PID=146) to work on /home/airflow/.local/lib/python3.8/site-packages/airflow/example_dags/example_subdag_operator.py
[2026-04-24T03:56:26.280+0000] {processor.py:830} INFO - Processing file /home/airflow/.local/lib/python3.8/site-packages/airflow/example_dags/example_subdag_operator.py for tasks to queue
[2026-04-24T03:56:26.283+0000] {logging_mixin.py:188} INFO - [2026-04-24T03:56:26.282+0000] {dagbag.py:538} INFO - Filling up the DagBag from /home/airflow/.local/lib/python3.8/site-packages/airflow/example_dags/example_subdag_operator.py
[2026-04-24T03:56:26.318+0000] {processor.py:840} INFO - DAG(s) 'example_subdag_operator.section-1', 'example_subdag_operator.section-2', 'example_subdag_operator' retrieved from /home/airflow/.local/lib/python3.8/site-packages/airflow/example_dags/example_subdag_operator.py
[2026-04-24T03:56:26.340+0000] {logging_mixin.py:188} INFO - [2026-04-24T03:56:26.340+0000] {dag.py:3036} INFO - Sync 3 DAGs
[2026-04-24T03:56:26.373+0000] {logging_mixin.py:188} INFO - [2026-04-24T03:56:26.372+0000] {dag.py:3823} INFO - Setting next_dagrun for example_subdag_operator to 2022-01-01 00:00:00+00:00, run_after=2022-01-01 00:00:00+00:00
[2026-04-24T03:56:26.378+0000] {logging_mixin.py:188} INFO - [2026-04-24T03:56:26.377+0000] {dag.py:3823} INFO - Setting next_dagrun for example_subdag_operator.section-1 to None, run_after=None
[2026-04-24T03:56:26.379+0000] {logging_mixin.py:188} INFO - [2026-04-24T03:56:26.379+0000] {dag.py:3823} INFO - Setting next_dagrun for example_subdag_operator.section-2 to None, run_after=None
[2026-04-24T03:56:26.388+0000] {logging_mixin.py:188} INFO - [2026-04-24T03:56:26.388+0000] {dag.py:3036} INFO - Sync 2 DAGs
[2026-04-24T03:56:26.396+0000] {logging_mixin.py:188} INFO - [2026-04-24T03:56:26.396+0000] {dag.py:3823} INFO - Setting next_dagrun for example_subdag_operator.section-1 to None, run_after=None
[2026-04-24T03:56:26.397+0000] {logging_mixin.py:188} INFO - [2026-04-24T03:56:26.396+0000] {dag.py:3823} INFO - Setting next_dagrun for example_subdag_operator.section-2 to None, run_after=None
[2026-04-24T03:56:26.412+0000] {processor.py:183} INFO - Processing /home/airflow/.local/lib/python3.8/site-packages/airflow/example_dags/example_subdag_operator.py took 0.138 seconds
[2026-04-24T03:56:56.771+0000] {processor.py:161} INFO - Started process (PID=201) to work on /home/airflow/.local/lib/python3.8/site-packages/airflow/example_dags/example_subdag_operator.py
[2026-04-24T03:56:56.773+0000] {processor.py:830} INFO - Processing file /home/airflow/.local/lib/python3.8/site-packages/airflow/example_dags/example_subdag_operator.py for tasks to queue
[2026-04-24T03:56:56.775+0000] {logging_mixin.py:188} INFO - [2026-04-24T03:56:56.774+0000] {dagbag.py:538} INFO - Filling up the DagBag from /home/airflow/.local/lib/python3.8/site-packages/airflow/example_dags/example_subdag_operator.py
[2026-04-24T03:56:56.810+0000] {processor.py:840} INFO - DAG(s) 'example_subdag_operator.section-1', 'example_subdag_operator.section-2', 'example_subdag_operator' retrieved from /home/airflow/.local/lib/python3.8/site-packages/airflow/example_dags/example_subdag_operator.py
[2026-04-24T03:56:56.831+0000] {logging_mixin.py:188} INFO - [2026-04-24T03:56:56.830+0000] {dag.py:3036} INFO - Sync 3 DAGs
[2026-04-24T03:56:56.861+0000] {logging_mixin.py:188} INFO - [2026-04-24T03:56:56.861+0000] {dag.py:3823} INFO - Setting next_dagrun for example_subdag_operator to 2022-01-01 00:00:00+00:00, run_after=2022-01-01 00:00:00+00:00
[2026-04-24T03:56:56.866+0000] {logging_mixin.py:188} INFO - [2026-04-24T03:56:56.865+0000] {dag.py:3823} INFO - Setting next_dagrun for example_subdag_operator.section-1 to None, run_after=None
[2026-04-24T03:56:56.867+0000] {logging_mixin.py:188} INFO - [2026-04-24T03:56:56.867+0000] {dag.py:3823} INFO - Setting next_dagrun for example_subdag_operator.section-2 to None, run_after=None
[2026-04-24T03:56:56.876+0000] {logging_mixin.py:188} INFO - [2026-04-24T03:56:56.876+0000] {dag.py:3036} INFO - Sync 2 DAGs
[2026-04-24T03:56:56.883+0000] {logging_mixin.py:188} INFO - [2026-04-24T03:56:56.883+0000] {dag.py:3823} INFO - Setting next_dagrun for example_subdag_operator.section-1 to None, run_after=None
[2026-04-24T03:56:56.883+0000] {logging_mixin.py:188} INFO - [2026-04-24T03:56:56.883+0000] {dag.py:3823} INFO - Setting next_dagrun for example_subdag_operator.section-2 to None, run_after=None
[2026-04-24T03:56:56.898+0000] {processor.py:183} INFO - Processing /home/airflow/.local/lib/python3.8/site-packages/airflow/example_dags/example_subdag_operator.py took 0.132 seconds
[2026-04-24T03:57:27.158+0000] {processor.py:161} INFO - Started process (PID=256) to work on /home/airflow/.local/lib/python3.8/site-packages/airflow/example_dags/example_subdag_operator.py
[2026-04-24T03:57:27.159+0000] {processor.py:830} INFO - Processing file /home/airflow/.local/lib/python3.8/site-packages/airflow/example_dags/example_subdag_operator.py for tasks to queue
[2026-04-24T03:57:27.162+0000] {logging_mixin.py:188} INFO - [2026-04-24T03:57:27.161+0000] {dagbag.py:538} INFO - Filling up the DagBag from /home/airflow/.local/lib/python3.8/site-packages/airflow/example_dags/example_subdag_operator.py
[2026-04-24T03:57:27.196+0000] {processor.py:840} INFO - DAG(s) 'example_subdag_operator.section-1', 'example_subdag_operator.section-2', 'example_subdag_operator' retrieved from /home/airflow/.local/lib/python3.8/site-packages/airflow/example_dags/example_subdag_operator.py
[2026-04-24T03:57:27.216+0000] {logging_mixin.py:188} INFO - [2026-04-24T03:57:27.216+0000] {dag.py:3036} INFO - Sync 3 DAGs
[2026-04-24T03:57:27.247+0000] {logging_mixin.py:188} INFO - [2026-04-24T03:57:27.246+0000] {dag.py:3823} INFO - Setting next_dagrun for example_subdag_operator to 2022-01-01 00:00:00+00:00, run_after=2022-01-01 00:00:00+00:00
[2026-04-24T03:57:27.252+0000] {logging_mixin.py:188} INFO - [2026-04-24T03:57:27.251+0000] {dag.py:3823} INFO - Setting next_dagrun for example_subdag_operator.section-1 to None, run_after=None
[2026-04-24T03:57:27.253+0000] {logging_mixin.py:188} INFO - [2026-04-24T03:57:27.253+0000] {dag.py:3823} INFO - Setting next_dagrun for example_subdag_operator.section-2 to None, run_after=None
[2026-04-24T03:57:27.262+0000] {logging_mixin.py:188} INFO - [2026-04-24T03:57:27.262+0000] {dag.py:3036} INFO - Sync 2 DAGs
[2026-04-24T03:57:27.269+0000] {logging_mixin.py:188} INFO - [2026-04-24T03:57:27.269+0000] {dag.py:3823} INFO - Setting next_dagrun for example_subdag_operator.section-1 to None, run_after=None
[2026-04-24T03:57:27.270+0000] {logging_mixin.py:188} INFO - [2026-04-24T03:57:27.270+0000] {dag.py:3823} INFO - Setting next_dagrun for example_subdag_operator.section-2 to None, run_after=None
[2026-04-24T03:57:27.284+0000] {processor.py:183} INFO - Processing /home/airflow/.local/lib/python3.8/site-packages/airflow/example_dags/example_subdag_operator.py took 0.131 seconds
[2026-04-24T03:57:57.575+0000] {processor.py:161} INFO - Started process (PID=311) to work on /home/airflow/.local/lib/python3.8/site-packages/airflow/example_dags/example_subdag_operator.py
[2026-04-24T03:57:57.576+0000] {processor.py:830} INFO - Processing file /home/airflow/.local/lib/python3.8/site-packages/airflow/example_dags/example_subdag_operator.py for tasks to queue
[2026-04-24T03:57:57.578+0000] {logging_mixin.py:188} INFO - [2026-04-24T03:57:57.578+0000] {dagbag.py:538} INFO - Filling up the DagBag from /home/airflow/.local/lib/python3.8/site-packages/airflow/example_dags/example_subdag_operator.py
[2026-04-24T03:57:57.614+0000] {processor.py:840} INFO - DAG(s) 'example_subdag_operator.section-1', 'example_subdag_operator.section-2', 'example_subdag_operator' retrieved from /home/airflow/.local/lib/python3.8/site-packages/airflow/example_dags/example_subdag_operator.py
[2026-04-24T03:57:57.635+0000] {logging_mixin.py:188} INFO - [2026-04-24T03:57:57.634+0000] {dag.py:3036} INFO - Sync 3 DAGs
[2026-04-24T03:57:57.665+0000] {logging_mixin.py:188} INFO - [2026-04-24T03:57:57.664+0000] {dag.py:3823} INFO - Setting next_dagrun for example_subdag_operator to 2022-01-01 00:00:00+00:00, run_after=2022-01-01 00:00:00+00:00
[2026-04-24T03:57:57.669+0000] {logging_mixin.py:188} INFO - [2026-04-24T03:57:57.669+0000] {dag.py:3823} INFO - Setting next_dagrun for example_subdag_operator.section-1 to None, run_after=None
[2026-04-24T03:57:57.671+0000] {logging_mixin.py:188} INFO - [2026-04-24T03:57:57.671+0000] {dag.py:3823} INFO - Setting next_dagrun for example_subdag_operator.section-2 to None, run_after=None
[2026-04-24T03:57:57.681+0000] {logging_mixin.py:188} INFO - [2026-04-24T03:57:57.681+0000] {dag.py:3036} INFO - Sync 2 DAGs
[2026-04-24T03:57:57.688+0000] {logging_mixin.py:188} INFO - [2026-04-24T03:57:57.688+0000] {dag.py:3823} INFO - Setting next_dagrun for example_subdag_operator.section-1 to None, run_after=None
[2026-04-24T03:57:57.689+0000] {logging_mixin.py:188} INFO - [2026-04-24T03:57:57.689+0000] {dag.py:3823} INFO - Setting next_dagrun for example_subdag_operator.section-2 to None, run_after=None
[2026-04-24T03:57:57.703+0000] {processor.py:183} INFO - Processing /home/airflow/.local/lib/python3.8/site-packages/airflow/example_dags/example_subdag_operator.py took 0.132 seconds
[2026-04-24T03:58:27.880+0000] {processor.py:161} INFO - Started process (PID=366) to work on /home/airflow/.local/lib/python3.8/site-packages/airflow/example_dags/example_subdag_operator.py
[2026-04-24T03:58:27.881+0000] {processor.py:830} INFO - Processing file /home/airflow/.local/lib/python3.8/site-packages/airflow/example_dags/example_subdag_operator.py for tasks to queue
[2026-04-24T03:58:27.883+0000] {logging_mixin.py:188} INFO - [2026-04-24T03:58:27.883+0000] {dagbag.py:538} INFO - Filling up the DagBag from /home/airflow/.local/lib/python3.8/site-packages/airflow/example_dags/example_subdag_operator.py
[2026-04-24T03:58:27.917+0000] {processor.py:840} INFO - DAG(s) 'example_subdag_operator.section-1', 'example_subdag_operator.section-2', 'example_subdag_operator' retrieved from /home/airflow/.local/lib/python3.8/site-packages/airflow/example_dags/example_subdag_operator.py
[2026-04-24T03:58:27.938+0000] {logging_mixin.py:188} INFO - [2026-04-24T03:58:27.938+0000] {dag.py:3036} INFO - Sync 3 DAGs
[2026-04-24T03:58:27.970+0000] {logging_mixin.py:188} INFO - [2026-04-24T03:58:27.969+0000] {dag.py:3823} INFO - Setting next_dagrun for example_subdag_operator to 2022-01-01 00:00:00+00:00, run_after=2022-01-01 00:00:00+00:00
[2026-04-24T03:58:27.974+0000] {logging_mixin.py:188} INFO - [2026-04-24T03:58:27.974+0000] {dag.py:3823} INFO - Setting next_dagrun for example_subdag_operator.section-1 to None, run_after=None
[2026-04-24T03:58:27.976+0000] {logging_mixin.py:188} INFO - [2026-04-24T03:58:27.975+0000] {dag.py:3823} INFO - Setting next_dagrun for example_subdag_operator.section-2 to None, run_after=None
[2026-04-24T03:58:27.984+0000] {logging_mixin.py:188} INFO - [2026-04-24T03:58:27.984+0000] {dag.py:3036} INFO - Sync 2 DAGs
[2026-04-24T03:58:27.991+0000] {logging_mixin.py:188} INFO - [2026-04-24T03:58:27.991+0000] {dag.py:3823} INFO - Setting next_dagrun for example_subdag_operator.section-1 to None, run_after=None
[2026-04-24T03:58:27.992+0000] {logging_mixin.py:188} INFO - [2026-04-24T03:58:27.992+0000] {dag.py:3823} INFO - Setting next_dagrun for example_subdag_operator.section-2 to None, run_after=None
[2026-04-24T03:58:28.005+0000] {processor.py:183} INFO - Processing /home/airflow/.local/lib/python3.8/site-packages/airflow/example_dags/example_subdag_operator.py took 0.131 seconds
[2026-04-24T03:58:58.267+0000] {processor.py:161} INFO - Started process (PID=421) to work on /home/airflow/.local/lib/python3.8/site-packages/airflow/example_dags/example_subdag_operator.py
[2026-04-24T03:58:58.268+0000] {processor.py:830} INFO - Processing file /home/airflow/.local/lib/python3.8/site-packages/airflow/example_dags/example_subdag_operator.py for tasks to queue
[2026-04-24T03:58:58.271+0000] {logging_mixin.py:188} INFO - [2026-04-24T03:58:58.270+0000] {dagbag.py:538} INFO - Filling up the DagBag from /home/airflow/.local/lib/python3.8/site-packages/airflow/example_dags/example_subdag_operator.py
[2026-04-24T03:58:58.302+0000] {processor.py:840} INFO - DAG(s) 'example_subdag_operator.section-1', 'example_subdag_operator.section-2', 'example_subdag_operator' retrieved from /home/airflow/.local/lib/python3.8/site-packages/airflow/example_dags/example_subdag_operator.py
[2026-04-24T03:58:58.321+0000] {logging_mixin.py:188} INFO - [2026-04-24T03:58:58.321+0000] {dag.py:3036} INFO - Sync 3 DAGs
[2026-04-24T03:58:58.349+0000] {logging_mixin.py:188} INFO - [2026-04-24T03:58:58.349+0000] {dag.py:3823} INFO - Setting next_dagrun for example_subdag_operator to 2022-01-01 00:00:00+00:00, run_after=2022-01-01 00:00:00+00:00
[2026-04-24T03:58:58.354+0000] {logging_mixin.py:188} INFO - [2026-04-24T03:58:58.354+0000] {dag.py:3823} INFO - Setting next_dagrun for example_subdag_operator.section-1 to None, run_after=None
[2026-04-24T03:58:58.355+0000] {logging_mixin.py:188} INFO - [2026-04-24T03:58:58.355+0000] {dag.py:3823} INFO - Setting next_dagrun for example_subdag_operator.section-2 to None, run_after=None
[2026-04-24T03:58:58.364+0000] {logging_mixin.py:188} INFO - [2026-04-24T03:58:58.363+0000] {dag.py:3036} INFO - Sync 2 DAGs
[2026-04-24T03:58:58.371+0000] {logging_mixin.py:188} INFO - [2026-04-24T03:58:58.370+0000] {dag.py:3823} INFO - Setting next_dagrun for example_subdag_operator.section-1 to None, run_after=None
[2026-04-24T03:58:58.371+0000] {logging_mixin.py:188} INFO - [2026-04-24T03:58:58.371+0000] {dag.py:3823} INFO - Setting next_dagrun for example_subdag_operator.section-2 to None, run_after=None
[2026-04-24T03:58:58.384+0000] {processor.py:183} INFO - Processing /home/airflow/.local/lib/python3.8/site-packages/airflow/example_dags/example_subdag_operator.py took 0.122 seconds
[2026-04-24T03:59:28.700+0000] {processor.py:161} INFO - Started process (PID=476) to work on /home/airflow/.local/lib/python3.8/site-packages/airflow/example_dags/example_subdag_operator.py
[2026-04-24T03:59:28.702+0000] {processor.py:830} INFO - Processing file /home/airflow/.local/lib/python3.8/site-packages/airflow/example_dags/example_subdag_operator.py for tasks to queue
[2026-04-24T03:59:28.705+0000] {logging_mixin.py:188} INFO - [2026-04-24T03:59:28.705+0000] {dagbag.py:538} INFO - Filling up the DagBag from /home/airflow/.local/lib/python3.8/site-packages/airflow/example_dags/example_subdag_operator.py
[2026-04-24T03:59:28.746+0000] {processor.py:840} INFO - DAG(s) 'example_subdag_operator.section-1', 'example_subdag_operator.section-2', 'example_subdag_operator' retrieved from /home/airflow/.local/lib/python3.8/site-packages/airflow/example_dags/example_subdag_operator.py
[2026-04-24T03:59:28.772+0000] {logging_mixin.py:188} INFO - [2026-04-24T03:59:28.771+0000] {dag.py:3036} INFO - Sync 3 DAGs
[2026-04-24T03:59:28.808+0000] {logging_mixin.py:188} INFO - [2026-04-24T03:59:28.808+0000] {dag.py:3823} INFO - Setting next_dagrun for example_subdag_operator to 2022-01-01 00:00:00+00:00, run_after=2022-01-01 00:00:00+00:00
[2026-04-24T03:59:28.814+0000] {logging_mixin.py:188} INFO - [2026-04-24T03:59:28.813+0000] {dag.py:3823} INFO - Setting next_dagrun for example_subdag_operator.section-1 to None, run_after=None
[2026-04-24T03:59:28.816+0000] {logging_mixin.py:188} INFO - [2026-04-24T03:59:28.815+0000] {dag.py:3823} INFO - Setting next_dagrun for example_subdag_operator.section-2 to None, run_after=None
[2026-04-24T03:59:28.827+0000] {logging_mixin.py:188} INFO - [2026-04-24T03:59:28.827+0000] {dag.py:3036} INFO - Sync 2 DAGs
[2026-04-24T03:59:28.835+0000] {logging_mixin.py:188} INFO - [2026-04-24T03:59:28.835+0000] {dag.py:3823} INFO - Setting next_dagrun for example_subdag_operator.section-1 to None, run_after=None
[2026-04-24T03:59:28.836+0000] {logging_mixin.py:188} INFO - [2026-04-24T03:59:28.835+0000] {dag.py:3823} INFO - Setting next_dagrun for example_subdag_operator.section-2 to None, run_after=None
[2026-04-24T03:59:28.851+0000] {processor.py:183} INFO - Processing /home/airflow/.local/lib/python3.8/site-packages/airflow/example_dags/example_subdag_operator.py took 0.156 seconds
[2026-04-24T03:59:59.113+0000] {processor.py:161} INFO - Started process (PID=531) to work on /home/airflow/.local/lib/python3.8/site-packages/airflow/example_dags/example_subdag_operator.py
[2026-04-24T03:59:59.114+0000] {processor.py:830} INFO - Processing file /home/airflow/.local/lib/python3.8/site-packages/airflow/example_dags/example_subdag_operator.py for tasks to queue
[2026-04-24T03:59:59.115+0000] {logging_mixin.py:188} INFO - [2026-04-24T03:59:59.115+0000] {dagbag.py:538} INFO - Filling up the DagBag from /home/airflow/.local/lib/python3.8/site-packages/airflow/example_dags/example_subdag_operator.py
[2026-04-24T03:59:59.132+0000] {processor.py:840} INFO - DAG(s) 'example_subdag_operator.section-1', 'example_subdag_operator.section-2', 'example_subdag_operator' retrieved from /home/airflow/.local/lib/python3.8/site-packages/airflow/example_dags/example_subdag_operator.py
[2026-04-24T03:59:59.143+0000] {logging_mixin.py:188} INFO - [2026-04-24T03:59:59.143+0000] {dag.py:3036} INFO - Sync 3 DAGs
[2026-04-24T03:59:59.159+0000] {logging_mixin.py:188} INFO - [2026-04-24T03:59:59.159+0000] {dag.py:3823} INFO - Setting next_dagrun for example_subdag_operator to 2022-01-01 00:00:00+00:00, run_after=2022-01-01 00:00:00+00:00
[2026-04-24T03:59:59.162+0000] {logging_mixin.py:188} INFO - [2026-04-24T03:59:59.161+0000] {dag.py:3823} INFO - Setting next_dagrun for example_subdag_operator.section-1 to None, run_after=None
[2026-04-24T03:59:59.162+0000] {logging_mixin.py:188} INFO - [2026-04-24T03:59:59.162+0000] {dag.py:3823} INFO - Setting next_dagrun for example_subdag_operator.section-2 to None, run_after=None
[2026-04-24T03:59:59.167+0000] {logging_mixin.py:188} INFO - [2026-04-24T03:59:59.167+0000] {dag.py:3036} INFO - Sync 2 DAGs
[2026-04-24T03:59:59.170+0000] {logging_mixin.py:188} INFO - [2026-04-24T03:59:59.170+0000] {dag.py:3823} INFO - Setting next_dagrun for example_subdag_operator.section-1 to None, run_after=None
[2026-04-24T03:59:59.170+0000] {logging_mixin.py:188} INFO - [2026-04-24T03:59:59.170+0000] {dag.py:3823} INFO - Setting next_dagrun for example_subdag_operator.section-2 to None, run_after=None
[2026-04-24T03:59:59.177+0000] {processor.py:183} INFO - Processing /home/airflow/.local/lib/python3.8/site-packages/airflow/example_dags/example_subdag_operator.py took 0.066 seconds
[2026-04-24T04:00:30.378+0000] {processor.py:161} INFO - Started process (PID=586) to work on /home/airflow/.local/lib/python3.8/site-packages/airflow/example_dags/example_subdag_operator.py
[2026-04-24T04:00:30.379+0000] {processor.py:830} INFO - Processing file /home/airflow/.local/lib/python3.8/site-packages/airflow/example_dags/example_subdag_operator.py for tasks to queue
[2026-04-24T04:00:30.382+0000] {logging_mixin.py:188} INFO - [2026-04-24T04:00:30.381+0000] {dagbag.py:538} INFO - Filling up the DagBag from /home/airflow/.local/lib/python3.8/site-packages/airflow/example_dags/example_subdag_operator.py
[2026-04-24T04:00:30.418+0000] {processor.py:840} INFO - DAG(s) 'example_subdag_operator.section-1', 'example_subdag_operator.section-2', 'example_subdag_operator' retrieved from /home/airflow/.local/lib/python3.8/site-packages/airflow/example_dags/example_subdag_operator.py
[2026-04-24T04:00:30.441+0000] {logging_mixin.py:188} INFO - [2026-04-24T04:00:30.441+0000] {dag.py:3036} INFO - Sync 3 DAGs
[2026-04-24T04:00:30.477+0000] {logging_mixin.py:188} INFO - [2026-04-24T04:00:30.476+0000] {dag.py:3823} INFO - Setting next_dagrun for example_subdag_operator to 2022-01-01 00:00:00+00:00, run_after=2022-01-01 00:00:00+00:00
[2026-04-24T04:00:30.482+0000] {logging_mixin.py:188} INFO - [2026-04-24T04:00:30.482+0000] {dag.py:3823} INFO - Setting next_dagrun for example_subdag_operator.section-1 to None, run_after=None
[2026-04-24T04:00:30.484+0000] {logging_mixin.py:188} INFO - [2026-04-24T04:00:30.484+0000] {dag.py:3823} INFO - Setting next_dagrun for example_subdag_operator.section-2 to None, run_after=None
[2026-04-24T04:00:30.495+0000] {logging_mixin.py:188} INFO - [2026-04-24T04:00:30.494+0000] {dag.py:3036} INFO - Sync 2 DAGs
[2026-04-24T04:00:30.503+0000] {logging_mixin.py:188} INFO - [2026-04-24T04:00:30.502+0000] {dag.py:3823} INFO - Setting next_dagrun for example_subdag_operator.section-1 to None, run_after=None
[2026-04-24T04:00:30.503+0000] {logging_mixin.py:188} INFO - [2026-04-24T04:00:30.503+0000] {dag.py:3823} INFO - Setting next_dagrun for example_subdag_operator.section-2 to None, run_after=None
[2026-04-24T04:00:30.521+0000] {processor.py:183} INFO - Processing /home/airflow/.local/lib/python3.8/site-packages/airflow/example_dags/example_subdag_operator.py took 0.148 seconds
[2026-04-24T04:01:01.376+0000] {processor.py:161} INFO - Started process (PID=641) to work on /home/airflow/.local/lib/python3.8/site-packages/airflow/example_dags/example_subdag_operator.py
[2026-04-24T04:01:01.376+0000] {processor.py:830} INFO - Processing file /home/airflow/.local/lib/python3.8/site-packages/airflow/example_dags/example_subdag_operator.py for tasks to queue
[2026-04-24T04:01:01.377+0000] {logging_mixin.py:188} INFO - [2026-04-24T04:01:01.377+0000] {dagbag.py:538} INFO - Filling up the DagBag from /home/airflow/.local/lib/python3.8/site-packages/airflow/example_dags/example_subdag_operator.py
[2026-04-24T04:01:01.395+0000] {processor.py:840} INFO - DAG(s) 'example_subdag_operator.section-1', 'example_subdag_operator.section-2', 'example_subdag_operator' retrieved from /home/airflow/.local/lib/python3.8/site-packages/airflow/example_dags/example_subdag_operator.py
[2026-04-24T04:01:01.405+0000] {logging_mixin.py:188} INFO - [2026-04-24T04:01:01.405+0000] {dag.py:3036} INFO - Sync 3 DAGs
[2026-04-24T04:01:01.421+0000] {logging_mixin.py:188} INFO - [2026-04-24T04:01:01.421+0000] {dag.py:3823} INFO - Setting next_dagrun for example_subdag_operator to 2022-01-01 00:00:00+00:00, run_after=2022-01-01 00:00:00+00:00
[2026-04-24T04:01:01.423+0000] {logging_mixin.py:188} INFO - [2026-04-24T04:01:01.423+0000] {dag.py:3823} INFO - Setting next_dagrun for example_subdag_operator.section-1 to None, run_after=None
[2026-04-24T04:01:01.424+0000] {logging_mixin.py:188} INFO - [2026-04-24T04:01:01.424+0000] {dag.py:3823} INFO - Setting next_dagrun for example_subdag_operator.section-2 to None, run_after=None
[2026-04-24T04:01:01.429+0000] {logging_mixin.py:188} INFO - [2026-04-24T04:01:01.428+0000] {dag.py:3036} INFO - Sync 2 DAGs
[2026-04-24T04:01:01.432+0000] {logging_mixin.py:188} INFO - [2026-04-24T04:01:01.432+0000] {dag.py:3823} INFO - Setting next_dagrun for example_subdag_operator.section-1 to None, run_after=None
[2026-04-24T04:01:01.432+0000] {logging_mixin.py:188} INFO - [2026-04-24T04:01:01.432+0000] {dag.py:3823} INFO - Setting next_dagrun for example_subdag_operator.section-2 to None, run_after=None
[2026-04-24T04:01:01.439+0000] {processor.py:183} INFO - Processing /home/airflow/.local/lib/python3.8/site-packages/airflow/example_dags/example_subdag_operator.py took 0.066 seconds
[2026-04-24T04:01:32.212+0000] {processor.py:161} INFO - Started process (PID=696) to work on /home/airflow/.local/lib/python3.8/site-packages/airflow/example_dags/example_subdag_operator.py
[2026-04-24T04:01:32.215+0000] {processor.py:830} INFO - Processing file /home/airflow/.local/lib/python3.8/site-packages/airflow/example_dags/example_subdag_operator.py for tasks to queue
[2026-04-24T04:01:32.218+0000] {logging_mixin.py:188} INFO - [2026-04-24T04:01:32.217+0000] {dagbag.py:538} INFO - Filling up the DagBag from /home/airflow/.local/lib/python3.8/site-packages/airflow/example_dags/example_subdag_operator.py
[2026-04-24T04:01:32.262+0000] {processor.py:840} INFO - DAG(s) 'example_subdag_operator.section-1', 'example_subdag_operator.section-2', 'example_subdag_operator' retrieved from /home/airflow/.local/lib/python3.8/site-packages/airflow/example_dags/example_subdag_operator.py
[2026-04-24T04:01:32.289+0000] {logging_mixin.py:188} INFO - [2026-04-24T04:01:32.288+0000] {dag.py:3036} INFO - Sync 3 DAGs
[2026-04-24T04:01:32.323+0000] {logging_mixin.py:188} INFO - [2026-04-24T04:01:32.323+0000] {dag.py:3823} INFO - Setting next_dagrun for example_subdag_operator to 2022-01-01 00:00:00+00:00, run_after=2022-01-01 00:00:00+00:00
[2026-04-24T04:01:32.328+0000] {logging_mixin.py:188} INFO - [2026-04-24T04:01:32.328+0000] {dag.py:3823} INFO - Setting next_dagrun for example_subdag_operator.section-1 to None, run_after=None
[2026-04-24T04:01:32.330+0000] {logging_mixin.py:188} INFO - [2026-04-24T04:01:32.330+0000] {dag.py:3823} INFO - Setting next_dagrun for example_subdag_operator.section-2 to None, run_after=None
[2026-04-24T04:01:32.339+0000] {logging_mixin.py:188} INFO - [2026-04-24T04:01:32.339+0000] {dag.py:3036} INFO - Sync 2 DAGs
[2026-04-24T04:01:32.346+0000] {logging_mixin.py:188} INFO - [2026-04-24T04:01:32.345+0000] {dag.py:3823} INFO - Setting next_dagrun for example_subdag_operator.section-1 to None, run_after=None
[2026-04-24T04:01:32.346+0000] {logging_mixin.py:188} INFO - [2026-04-24T04:01:32.346+0000] {dag.py:3823} INFO - Setting next_dagrun for example_subdag_operator.section-2 to None, run_after=None
[2026-04-24T04:01:32.360+0000] {processor.py:183} INFO - Processing /home/airflow/.local/lib/python3.8/site-packages/airflow/example_dags/example_subdag_operator.py took 0.154 seconds
[2026-04-24T04:02:02.431+0000] {processor.py:161} INFO - Started process (PID=751) to work on /home/airflow/.local/lib/python3.8/site-packages/airflow/example_dags/example_subdag_operator.py
[2026-04-24T04:02:02.432+0000] {processor.py:830} INFO - Processing file /home/airflow/.local/lib/python3.8/site-packages/airflow/example_dags/example_subdag_operator.py for tasks to queue
[2026-04-24T04:02:02.435+0000] {logging_mixin.py:188} INFO - [2026-04-24T04:02:02.434+0000] {dagbag.py:538} INFO - Filling up the DagBag from /home/airflow/.local/lib/python3.8/site-packages/airflow/example_dags/example_subdag_operator.py
[2026-04-24T04:02:02.469+0000] {processor.py:840} INFO - DAG(s) 'example_subdag_operator.section-1', 'example_subdag_operator.section-2', 'example_subdag_operator' retrieved from /home/airflow/.local/lib/python3.8/site-packages/airflow/example_dags/example_subdag_operator.py
[2026-04-24T04:02:02.489+0000] {logging_mixin.py:188} INFO - [2026-04-24T04:02:02.488+0000] {dag.py:3036} INFO - Sync 3 DAGs
[2026-04-24T04:02:02.518+0000] {logging_mixin.py:188} INFO - [2026-04-24T04:02:02.517+0000] {dag.py:3823} INFO - Setting next_dagrun for example_subdag_operator to 2022-01-01 00:00:00+00:00, run_after=2022-01-01 00:00:00+00:00
[2026-04-24T04:02:02.522+0000] {logging_mixin.py:188} INFO - [2026-04-24T04:02:02.522+0000] {dag.py:3823} INFO - Setting next_dagrun for example_subdag_operator.section-1 to None, run_after=None
[2026-04-24T04:02:02.524+0000] {logging_mixin.py:188} INFO - [2026-04-24T04:02:02.524+0000] {dag.py:3823} INFO - Setting next_dagrun for example_subdag_operator.section-2 to None, run_after=None
[2026-04-24T04:02:02.533+0000] {logging_mixin.py:188} INFO - [2026-04-24T04:02:02.533+0000] {dag.py:3036} INFO - Sync 2 DAGs
[2026-04-24T04:02:02.540+0000] {logging_mixin.py:188} INFO - [2026-04-24T04:02:02.540+0000] {dag.py:3823} INFO - Setting next_dagrun for example_subdag_operator.section-1 to None, run_after=None
[2026-04-24T04:02:02.540+0000] {logging_mixin.py:188} INFO - [2026-04-24T04:02:02.540+0000] {dag.py:3823} INFO - Setting next_dagrun for example_subdag_operator.section-2 to None, run_after=None
[2026-04-24T04:02:02.555+0000] {processor.py:183} INFO - Processing /home/airflow/.local/lib/python3.8/site-packages/airflow/example_dags/example_subdag_operator.py took 0.128 seconds
[2026-04-24T04:02:32.662+0000] {processor.py:161} INFO - Started process (PID=806) to work on /home/airflow/.local/lib/python3.8/site-packages/airflow/example_dags/example_subdag_operator.py
[2026-04-24T04:02:32.663+0000] {processor.py:830} INFO - Processing file /home/airflow/.local/lib/python3.8/site-packages/airflow/example_dags/example_subdag_operator.py for tasks to queue
[2026-04-24T04:02:32.666+0000] {logging_mixin.py:188} INFO - [2026-04-24T04:02:32.665+0000] {dagbag.py:538} INFO - Filling up the DagBag from /home/airflow/.local/lib/python3.8/site-packages/airflow/example_dags/example_subdag_operator.py
[2026-04-24T04:02:32.698+0000] {processor.py:840} INFO - DAG(s) 'example_subdag_operator.section-1', 'example_subdag_operator.section-2', 'example_subdag_operator' retrieved from /home/airflow/.local/lib/python3.8/site-packages/airflow/example_dags/example_subdag_operator.py
[2026-04-24T04:02:32.718+0000] {logging_mixin.py:188} INFO - [2026-04-24T04:02:32.717+0000] {dag.py:3036} INFO - Sync 3 DAGs
[2026-04-24T04:02:32.747+0000] {logging_mixin.py:188} INFO - [2026-04-24T04:02:32.747+0000] {dag.py:3823} INFO - Setting next_dagrun for example_subdag_operator to 2022-01-01 00:00:00+00:00, run_after=2022-01-01 00:00:00+00:00
[2026-04-24T04:02:32.751+0000] {logging_mixin.py:188} INFO - [2026-04-24T04:02:32.751+0000] {dag.py:3823} INFO - Setting next_dagrun for example_subdag_operator.section-1 to None, run_after=None
[2026-04-24T04:02:32.753+0000] {logging_mixin.py:188} INFO - [2026-04-24T04:02:32.753+0000] {dag.py:3823} INFO - Setting next_dagrun for example_subdag_operator.section-2 to None, run_after=None
[2026-04-24T04:02:32.760+0000] {logging_mixin.py:188} INFO - [2026-04-24T04:02:32.760+0000] {dag.py:3036} INFO - Sync 2 DAGs
[2026-04-24T04:02:32.767+0000] {logging_mixin.py:188} INFO - [2026-04-24T04:02:32.767+0000] {dag.py:3823} INFO - Setting next_dagrun for example_subdag_operator.section-1 to None, run_after=None
[2026-04-24T04:02:32.768+0000] {logging_mixin.py:188} INFO - [2026-04-24T04:02:32.767+0000] {dag.py:3823} INFO - Setting next_dagrun for example_subdag_operator.section-2 to None, run_after=None
[2026-04-24T04:02:32.782+0000] {processor.py:183} INFO - Processing /home/airflow/.local/lib/python3.8/site-packages/airflow/example_dags/example_subdag_operator.py took 0.125 seconds
[2026-04-24T04:03:03.184+0000] {processor.py:161} INFO - Started process (PID=861) to work on /home/airflow/.local/lib/python3.8/site-packages/airflow/example_dags/example_subdag_operator.py
[2026-04-24T04:03:03.185+0000] {processor.py:830} INFO - Processing file /home/airflow/.local/lib/python3.8/site-packages/airflow/example_dags/example_subdag_operator.py for tasks to queue
[2026-04-24T04:03:03.188+0000] {logging_mixin.py:188} INFO - [2026-04-24T04:03:03.187+0000] {dagbag.py:538} INFO - Filling up the DagBag from /home/airflow/.local/lib/python3.8/site-packages/airflow/example_dags/example_subdag_operator.py
[2026-04-24T04:03:03.225+0000] {processor.py:840} INFO - DAG(s) 'example_subdag_operator.section-1', 'example_subdag_operator.section-2', 'example_subdag_operator' retrieved from /home/airflow/.local/lib/python3.8/site-packages/airflow/example_dags/example_subdag_operator.py
[2026-04-24T04:03:03.252+0000] {logging_mixin.py:188} INFO - [2026-04-24T04:03:03.251+0000] {dag.py:3036} INFO - Sync 3 DAGs
[2026-04-24T04:03:03.290+0000] {logging_mixin.py:188} INFO - [2026-04-24T04:03:03.290+0000] {dag.py:3823} INFO - Setting next_dagrun for example_subdag_operator to 2022-01-01 00:00:00+00:00, run_after=2022-01-01 00:00:00+00:00
[2026-04-24T04:03:03.297+0000] {logging_mixin.py:188} INFO - [2026-04-24T04:03:03.296+0000] {dag.py:3823} INFO - Setting next_dagrun for example_subdag_operator.section-1 to None, run_after=None
[2026-04-24T04:03:03.299+0000] {logging_mixin.py:188} INFO - [2026-04-24T04:03:03.299+0000] {dag.py:3823} INFO - Setting next_dagrun for example_subdag_operator.section-2 to None, run_after=None
[2026-04-24T04:03:03.311+0000] {logging_mixin.py:188} INFO - [2026-04-24T04:03:03.311+0000] {dag.py:3036} INFO - Sync 2 DAGs
[2026-04-24T04:03:03.320+0000] {logging_mixin.py:188} INFO - [2026-04-24T04:03:03.319+0000] {dag.py:3823} INFO - Setting next_dagrun for example_subdag_operator.section-1 to None, run_after=None
[2026-04-24T04:03:03.321+0000] {logging_mixin.py:188} INFO - [2026-04-24T04:03:03.320+0000] {dag.py:3823} INFO - Setting next_dagrun for example_subdag_operator.section-2 to None, run_after=None
[2026-04-24T04:03:03.338+0000] {processor.py:183} INFO - Processing /home/airflow/.local/lib/python3.8/site-packages/airflow/example_dags/example_subdag_operator.py took 0.160 seconds
[2026-04-24T04:03:33.448+0000] {processor.py:161} INFO - Started process (PID=916) to work on /home/airflow/.local/lib/python3.8/site-packages/airflow/example_dags/example_subdag_operator.py
[2026-04-24T04:03:33.449+0000] {processor.py:830} INFO - Processing file /home/airflow/.local/lib/python3.8/site-packages/airflow/example_dags/example_subdag_operator.py for tasks to queue
[2026-04-24T04:03:33.451+0000] {logging_mixin.py:188} INFO - [2026-04-24T04:03:33.451+0000] {dagbag.py:538} INFO - Filling up the DagBag from /home/airflow/.local/lib/python3.8/site-packages/airflow/example_dags/example_subdag_operator.py
[2026-04-24T04:03:33.485+0000] {processor.py:840} INFO - DAG(s) 'example_subdag_operator.section-1', 'example_subdag_operator.section-2', 'example_subdag_operator' retrieved from /home/airflow/.local/lib/python3.8/site-packages/airflow/example_dags/example_subdag_operator.py
[2026-04-24T04:03:33.512+0000] {logging_mixin.py:188} INFO - [2026-04-24T04:03:33.511+0000] {dag.py:3036} INFO - Sync 3 DAGs
[2026-04-24T04:03:33.552+0000] {logging_mixin.py:188} INFO - [2026-04-24T04:03:33.551+0000] {dag.py:3823} INFO - Setting next_dagrun for example_subdag_operator to 2022-01-01 00:00:00+00:00, run_after=2022-01-01 00:00:00+00:00
[2026-04-24T04:03:33.558+0000] {logging_mixin.py:188} INFO - [2026-04-24T04:03:33.557+0000] {dag.py:3823} INFO - Setting next_dagrun for example_subdag_operator.section-1 to None, run_after=None
[2026-04-24T04:03:33.560+0000] {logging_mixin.py:188} INFO - [2026-04-24T04:03:33.559+0000] {dag.py:3823} INFO - Setting next_dagrun for example_subdag_operator.section-2 to None, run_after=None
[2026-04-24T04:03:33.570+0000] {logging_mixin.py:188} INFO - [2026-04-24T04:03:33.570+0000] {dag.py:3036} INFO - Sync 2 DAGs
[2026-04-24T04:03:33.578+0000] {logging_mixin.py:188} INFO - [2026-04-24T04:03:33.578+0000] {dag.py:3823} INFO - Setting next_dagrun for example_subdag_operator.section-1 to None, run_after=None
[2026-04-24T04:03:33.579+0000] {logging_mixin.py:188} INFO - [2026-04-24T04:03:33.578+0000] {dag.py:3823} INFO - Setting next_dagrun for example_subdag_operator.section-2 to None, run_after=None
[2026-04-24T04:03:33.597+0000] {processor.py:183} INFO - Processing /home/airflow/.local/lib/python3.8/site-packages/airflow/example_dags/example_subdag_operator.py took 0.153 seconds
[2026-04-24T04:04:03.937+0000] {processor.py:161} INFO - Started process (PID=971) to work on /home/airflow/.local/lib/python3.8/site-packages/airflow/example_dags/example_subdag_operator.py
[2026-04-24T04:04:03.938+0000] {processor.py:830} INFO - Processing file /home/airflow/.local/lib/python3.8/site-packages/airflow/example_dags/example_subdag_operator.py for tasks to queue
[2026-04-24T04:04:03.940+0000] {logging_mixin.py:188} INFO - [2026-04-24T04:04:03.940+0000] {dagbag.py:538} INFO - Filling up the DagBag from /home/airflow/.local/lib/python3.8/site-packages/airflow/example_dags/example_subdag_operator.py
[2026-04-24T04:04:03.975+0000] {processor.py:840} INFO - DAG(s) 'example_subdag_operator.section-1', 'example_subdag_operator.section-2', 'example_subdag_operator' retrieved from /home/airflow/.local/lib/python3.8/site-packages/airflow/example_dags/example_subdag_operator.py
[2026-04-24T04:04:03.995+0000] {logging_mixin.py:188} INFO - [2026-04-24T04:04:03.994+0000] {dag.py:3036} INFO - Sync 3 DAGs
[2026-04-24T04:04:04.025+0000] {logging_mixin.py:188} INFO - [2026-04-24T04:04:04.025+0000] {dag.py:3823} INFO - Setting next_dagrun for example_subdag_operator to 2022-01-01 00:00:00+00:00, run_after=2022-01-01 00:00:00+00:00
[2026-04-24T04:04:04.030+0000] {logging_mixin.py:188} INFO - [2026-04-24T04:04:04.030+0000] {dag.py:3823} INFO - Setting next_dagrun for example_subdag_operator.section-1 to None, run_after=None
[2026-04-24T04:04:04.032+0000] {logging_mixin.py:188} INFO - [2026-04-24T04:04:04.032+0000] {dag.py:3823} INFO - Setting next_dagrun for example_subdag_operator.section-2 to None, run_after=None
[2026-04-24T04:04:04.041+0000] {logging_mixin.py:188} INFO - [2026-04-24T04:04:04.041+0000] {dag.py:3036} INFO - Sync 2 DAGs
[2026-04-24T04:04:04.048+0000] {logging_mixin.py:188} INFO - [2026-04-24T04:04:04.048+0000] {dag.py:3823} INFO - Setting next_dagrun for example_subdag_operator.section-1 to None, run_after=None
[2026-04-24T04:04:04.049+0000] {logging_mixin.py:188} INFO - [2026-04-24T04:04:04.048+0000] {dag.py:3823} INFO - Setting next_dagrun for example_subdag_operator.section-2 to None, run_after=None
[2026-04-24T04:04:04.063+0000] {processor.py:183} INFO - Processing /home/airflow/.local/lib/python3.8/site-packages/airflow/example_dags/example_subdag_operator.py took 0.131 seconds
[2026-04-24T04:04:34.531+0000] {processor.py:161} INFO - Started process (PID=1026) to work on /home/airflow/.local/lib/python3.8/site-packages/airflow/example_dags/example_subdag_operator.py
[2026-04-24T04:04:34.533+0000] {processor.py:830} INFO - Processing file /home/airflow/.local/lib/python3.8/site-packages/airflow/example_dags/example_subdag_operator.py for tasks to queue
[2026-04-24T04:04:34.535+0000] {logging_mixin.py:188} INFO - [2026-04-24T04:04:34.534+0000] {dagbag.py:538} INFO - Filling up the DagBag from /home/airflow/.local/lib/python3.8/site-packages/airflow/example_dags/example_subdag_operator.py
[2026-04-24T04:04:34.573+0000] {processor.py:840} INFO - DAG(s) 'example_subdag_operator.section-1', 'example_subdag_operator.section-2', 'example_subdag_operator' retrieved from /home/airflow/.local/lib/python3.8/site-packages/airflow/example_dags/example_subdag_operator.py
[2026-04-24T04:04:34.600+0000] {logging_mixin.py:188} INFO - [2026-04-24T04:04:34.600+0000] {dag.py:3036} INFO - Sync 3 DAGs
[2026-04-24T04:04:34.641+0000] {logging_mixin.py:188} INFO - [2026-04-24T04:04:34.641+0000] {dag.py:3823} INFO - Setting next_dagrun for example_subdag_operator to 2022-01-01 00:00:00+00:00, run_after=2022-01-01 00:00:00+00:00
[2026-04-24T04:04:34.648+0000] {logging_mixin.py:188} INFO - [2026-04-24T04:04:34.648+0000] {dag.py:3823} INFO - Setting next_dagrun for example_subdag_operator.section-1 to None, run_after=None
[2026-04-24T04:04:34.651+0000] {logging_mixin.py:188} INFO - [2026-04-24T04:04:34.651+0000] {dag.py:3823} INFO - Setting next_dagrun for example_subdag_operator.section-2 to None, run_after=None
[2026-04-24T04:04:34.663+0000] {logging_mixin.py:188} INFO - [2026-04-24T04:04:34.662+0000] {dag.py:3036} INFO - Sync 2 DAGs
[2026-04-24T04:04:34.675+0000] {logging_mixin.py:188} INFO - [2026-04-24T04:04:34.675+0000] {dag.py:3823} INFO - Setting next_dagrun for example_subdag_operator.section-1 to None, run_after=None
[2026-04-24T04:04:34.676+0000] {logging_mixin.py:188} INFO - [2026-04-24T04:04:34.676+0000] {dag.py:3823} INFO - Setting next_dagrun for example_subdag_operator.section-2 to None, run_after=None
[2026-04-24T04:04:34.694+0000] {processor.py:183} INFO - Processing /home/airflow/.local/lib/python3.8/site-packages/airflow/example_dags/example_subdag_operator.py took 0.168 seconds
[2026-04-24T04:05:05.040+0000] {processor.py:161} INFO - Started process (PID=1081) to work on /home/airflow/.local/lib/python3.8/site-packages/airflow/example_dags/example_subdag_operator.py
[2026-04-24T04:05:05.042+0000] {processor.py:830} INFO - Processing file /home/airflow/.local/lib/python3.8/site-packages/airflow/example_dags/example_subdag_operator.py for tasks to queue
[2026-04-24T04:05:05.044+0000] {logging_mixin.py:188} INFO - [2026-04-24T04:05:05.043+0000] {dagbag.py:538} INFO - Filling up the DagBag from /home/airflow/.local/lib/python3.8/site-packages/airflow/example_dags/example_subdag_operator.py
[2026-04-24T04:05:05.077+0000] {processor.py:840} INFO - DAG(s) 'example_subdag_operator.section-1', 'example_subdag_operator.section-2', 'example_subdag_operator' retrieved from /home/airflow/.local/lib/python3.8/site-packages/airflow/example_dags/example_subdag_operator.py
[2026-04-24T04:05:05.098+0000] {logging_mixin.py:188} INFO - [2026-04-24T04:05:05.097+0000] {dag.py:3036} INFO - Sync 3 DAGs
[2026-04-24T04:05:05.128+0000] {logging_mixin.py:188} INFO - [2026-04-24T04:05:05.128+0000] {dag.py:3823} INFO - Setting next_dagrun for example_subdag_operator to 2022-01-01 00:00:00+00:00, run_after=2022-01-01 00:00:00+00:00
[2026-04-24T04:05:05.133+0000] {logging_mixin.py:188} INFO - [2026-04-24T04:05:05.132+0000] {dag.py:3823} INFO - Setting next_dagrun for example_subdag_operator.section-1 to None, run_after=None
[2026-04-24T04:05:05.134+0000] {logging_mixin.py:188} INFO - [2026-04-24T04:05:05.134+0000] {dag.py:3823} INFO - Setting next_dagrun for example_subdag_operator.section-2 to None, run_after=None
[2026-04-24T04:05:05.143+0000] {logging_mixin.py:188} INFO - [2026-04-24T04:05:05.142+0000] {dag.py:3036} INFO - Sync 2 DAGs
[2026-04-24T04:05:05.149+0000] {logging_mixin.py:188} INFO - [2026-04-24T04:05:05.149+0000] {dag.py:3823} INFO - Setting next_dagrun for example_subdag_operator.section-1 to None, run_after=None
[2026-04-24T04:05:05.150+0000] {logging_mixin.py:188} INFO - [2026-04-24T04:05:05.149+0000] {dag.py:3823} INFO - Setting next_dagrun for example_subdag_operator.section-2 to None, run_after=None
[2026-04-24T04:05:05.164+0000] {processor.py:183} INFO - Processing /home/airflow/.local/lib/python3.8/site-packages/airflow/example_dags/example_subdag_operator.py took 0.128 seconds
[2026-04-24T04:05:35.564+0000] {processor.py:161} INFO - Started process (PID=1136) to work on /home/airflow/.local/lib/python3.8/site-packages/airflow/example_dags/example_subdag_operator.py
[2026-04-24T04:05:35.565+0000] {processor.py:830} INFO - Processing file /home/airflow/.local/lib/python3.8/site-packages/airflow/example_dags/example_subdag_operator.py for tasks to queue
[2026-04-24T04:05:35.567+0000] {logging_mixin.py:188} INFO - [2026-04-24T04:05:35.567+0000] {dagbag.py:538} INFO - Filling up the DagBag from /home/airflow/.local/lib/python3.8/site-packages/airflow/example_dags/example_subdag_operator.py
[2026-04-24T04:05:35.601+0000] {processor.py:840} INFO - DAG(s) 'example_subdag_operator.section-1', 'example_subdag_operator.section-2', 'example_subdag_operator' retrieved from /home/airflow/.local/lib/python3.8/site-packages/airflow/example_dags/example_subdag_operator.py
[2026-04-24T04:05:35.622+0000] {logging_mixin.py:188} INFO - [2026-04-24T04:05:35.621+0000] {dag.py:3036} INFO - Sync 3 DAGs
[2026-04-24T04:05:35.652+0000] {logging_mixin.py:188} INFO - [2026-04-24T04:05:35.651+0000] {dag.py:3823} INFO - Setting next_dagrun for example_subdag_operator to 2022-01-01 00:00:00+00:00, run_after=2022-01-01 00:00:00+00:00
[2026-04-24T04:05:35.658+0000] {logging_mixin.py:188} INFO - [2026-04-24T04:05:35.658+0000] {dag.py:3823} INFO - Setting next_dagrun for example_subdag_operator.section-1 to None, run_after=None
[2026-04-24T04:05:35.660+0000] {logging_mixin.py:188} INFO - [2026-04-24T04:05:35.660+0000] {dag.py:3823} INFO - Setting next_dagrun for example_subdag_operator.section-2 to None, run_after=None
[2026-04-24T04:05:35.670+0000] {logging_mixin.py:188} INFO - [2026-04-24T04:05:35.670+0000] {dag.py:3036} INFO - Sync 2 DAGs
[2026-04-24T04:05:35.677+0000] {logging_mixin.py:188} INFO - [2026-04-24T04:05:35.676+0000] {dag.py:3823} INFO - Setting next_dagrun for example_subdag_operator.section-1 to None, run_after=None
[2026-04-24T04:05:35.677+0000] {logging_mixin.py:188} INFO - [2026-04-24T04:05:35.677+0000] {dag.py:3823} INFO - Setting next_dagrun for example_subdag_operator.section-2 to None, run_after=None
[2026-04-24T04:05:35.692+0000] {processor.py:183} INFO - Processing /home/airflow/.local/lib/python3.8/site-packages/airflow/example_dags/example_subdag_operator.py took 0.132 seconds
[2026-04-24T04:06:06.061+0000] {processor.py:161} INFO - Started process (PID=1191) to work on /home/airflow/.local/lib/python3.8/site-packages/airflow/example_dags/example_subdag_operator.py
[2026-04-24T04:06:06.062+0000] {processor.py:830} INFO - Processing file /home/airflow/.local/lib/python3.8/site-packages/airflow/example_dags/example_subdag_operator.py for tasks to queue
[2026-04-24T04:06:06.064+0000] {logging_mixin.py:188} INFO - [2026-04-24T04:06:06.064+0000] {dagbag.py:538} INFO - Filling up the DagBag from /home/airflow/.local/lib/python3.8/site-packages/airflow/example_dags/example_subdag_operator.py
[2026-04-24T04:06:06.099+0000] {processor.py:840} INFO - DAG(s) 'example_subdag_operator.section-1', 'example_subdag_operator.section-2', 'example_subdag_operator' retrieved from /home/airflow/.local/lib/python3.8/site-packages/airflow/example_dags/example_subdag_operator.py
[2026-04-24T04:06:06.121+0000] {logging_mixin.py:188} INFO - [2026-04-24T04:06:06.121+0000] {dag.py:3036} INFO - Sync 3 DAGs
[2026-04-24T04:06:06.152+0000] {logging_mixin.py:188} INFO - [2026-04-24T04:06:06.152+0000] {dag.py:3823} INFO - Setting next_dagrun for example_subdag_operator to 2022-01-01 00:00:00+00:00, run_after=2022-01-01 00:00:00+00:00
[2026-04-24T04:06:06.157+0000] {logging_mixin.py:188} INFO - [2026-04-24T04:06:06.156+0000] {dag.py:3823} INFO - Setting next_dagrun for example_subdag_operator.section-1 to None, run_after=None
[2026-04-24T04:06:06.158+0000] {logging_mixin.py:188} INFO - [2026-04-24T04:06:06.158+0000] {dag.py:3823} INFO - Setting next_dagrun for example_subdag_operator.section-2 to None, run_after=None
[2026-04-24T04:06:06.167+0000] {logging_mixin.py:188} INFO - [2026-04-24T04:06:06.167+0000] {dag.py:3036} INFO - Sync 2 DAGs
[2026-04-24T04:06:06.174+0000] {logging_mixin.py:188} INFO - [2026-04-24T04:06:06.174+0000] {dag.py:3823} INFO - Setting next_dagrun for example_subdag_operator.section-1 to None, run_after=None
[2026-04-24T04:06:06.175+0000] {logging_mixin.py:188} INFO - [2026-04-24T04:06:06.175+0000] {dag.py:3823} INFO - Setting next_dagrun for example_subdag_operator.section-2 to None, run_after=None
[2026-04-24T04:06:06.189+0000] {processor.py:183} INFO - Processing /home/airflow/.local/lib/python3.8/site-packages/airflow/example_dags/example_subdag_operator.py took 0.133 seconds
[2026-04-24T04:06:36.977+0000] {processor.py:161} INFO - Started process (PID=1246) to work on /home/airflow/.local/lib/python3.8/site-packages/airflow/example_dags/example_subdag_operator.py
[2026-04-24T04:06:36.979+0000] {processor.py:830} INFO - Processing file /home/airflow/.local/lib/python3.8/site-packages/airflow/example_dags/example_subdag_operator.py for tasks to queue
[2026-04-24T04:06:36.981+0000] {logging_mixin.py:188} INFO - [2026-04-24T04:06:36.981+0000] {dagbag.py:538} INFO - Filling up the DagBag from /home/airflow/.local/lib/python3.8/site-packages/airflow/example_dags/example_subdag_operator.py
[2026-04-24T04:06:37.018+0000] {processor.py:840} INFO - DAG(s) 'example_subdag_operator.section-1', 'example_subdag_operator.section-2', 'example_subdag_operator' retrieved from /home/airflow/.local/lib/python3.8/site-packages/airflow/example_dags/example_subdag_operator.py
[2026-04-24T04:06:37.043+0000] {logging_mixin.py:188} INFO - [2026-04-24T04:06:37.043+0000] {dag.py:3036} INFO - Sync 3 DAGs
[2026-04-24T04:06:37.078+0000] {logging_mixin.py:188} INFO - [2026-04-24T04:06:37.078+0000] {dag.py:3823} INFO - Setting next_dagrun for example_subdag_operator to 2022-01-01 00:00:00+00:00, run_after=2022-01-01 00:00:00+00:00
[2026-04-24T04:06:37.084+0000] {logging_mixin.py:188} INFO - [2026-04-24T04:06:37.084+0000] {dag.py:3823} INFO - Setting next_dagrun for example_subdag_operator.section-1 to None, run_after=None
[2026-04-24T04:06:37.086+0000] {logging_mixin.py:188} INFO - [2026-04-24T04:06:37.086+0000] {dag.py:3823} INFO - Setting next_dagrun for example_subdag_operator.section-2 to None, run_after=None
[2026-04-24T04:06:37.098+0000] {logging_mixin.py:188} INFO - [2026-04-24T04:06:37.097+0000] {dag.py:3036} INFO - Sync 2 DAGs
[2026-04-24T04:06:37.106+0000] {logging_mixin.py:188} INFO - [2026-04-24T04:06:37.106+0000] {dag.py:3823} INFO - Setting next_dagrun for example_subdag_operator.section-1 to None, run_after=None
[2026-04-24T04:06:37.107+0000] {logging_mixin.py:188} INFO - [2026-04-24T04:06:37.107+0000] {dag.py:3823} INFO - Setting next_dagrun for example_subdag_operator.section-2 to None, run_after=None
[2026-04-24T04:06:37.125+0000] {processor.py:183} INFO - Processing /home/airflow/.local/lib/python3.8/site-packages/airflow/example_dags/example_subdag_operator.py took 0.152 seconds
[2026-04-24T04:07:07.609+0000] {processor.py:161} INFO - Started process (PID=1301) to work on /home/airflow/.local/lib/python3.8/site-packages/airflow/example_dags/example_subdag_operator.py
[2026-04-24T04:07:07.611+0000] {processor.py:830} INFO - Processing file /home/airflow/.local/lib/python3.8/site-packages/airflow/example_dags/example_subdag_operator.py for tasks to queue
[2026-04-24T04:07:07.613+0000] {logging_mixin.py:188} INFO - [2026-04-24T04:07:07.612+0000] {dagbag.py:538} INFO - Filling up the DagBag from /home/airflow/.local/lib/python3.8/site-packages/airflow/example_dags/example_subdag_operator.py
[2026-04-24T04:07:07.647+0000] {processor.py:840} INFO - DAG(s) 'example_subdag_operator.section-1', 'example_subdag_operator.section-2', 'example_subdag_operator' retrieved from /home/airflow/.local/lib/python3.8/site-packages/airflow/example_dags/example_subdag_operator.py
[2026-04-24T04:07:07.668+0000] {logging_mixin.py:188} INFO - [2026-04-24T04:07:07.668+0000] {dag.py:3036} INFO - Sync 3 DAGs
[2026-04-24T04:07:07.699+0000] {logging_mixin.py:188} INFO - [2026-04-24T04:07:07.699+0000] {dag.py:3823} INFO - Setting next_dagrun for example_subdag_operator to 2022-01-01 00:00:00+00:00, run_after=2022-01-01 00:00:00+00:00
[2026-04-24T04:07:07.703+0000] {logging_mixin.py:188} INFO - [2026-04-24T04:07:07.703+0000] {dag.py:3823} INFO - Setting next_dagrun for example_subdag_operator.section-1 to None, run_after=None
[2026-04-24T04:07:07.705+0000] {logging_mixin.py:188} INFO - [2026-04-24T04:07:07.705+0000] {dag.py:3823} INFO - Setting next_dagrun for example_subdag_operator.section-2 to None, run_after=None
[2026-04-24T04:07:07.713+0000] {logging_mixin.py:188} INFO - [2026-04-24T04:07:07.713+0000] {dag.py:3036} INFO - Sync 2 DAGs
[2026-04-24T04:07:07.720+0000] {logging_mixin.py:188} INFO - [2026-04-24T04:07:07.720+0000] {dag.py:3823} INFO - Setting next_dagrun for example_subdag_operator.section-1 to None, run_after=None
[2026-04-24T04:07:07.721+0000] {logging_mixin.py:188} INFO - [2026-04-24T04:07:07.720+0000] {dag.py:3823} INFO - Setting next_dagrun for example_subdag_operator.section-2 to None, run_after=None
[2026-04-24T04:07:07.735+0000] {processor.py:183} INFO - Processing /home/airflow/.local/lib/python3.8/site-packages/airflow/example_dags/example_subdag_operator.py took 0.131 seconds
[2026-04-24T04:07:37.866+0000] {processor.py:161} INFO - Started process (PID=1356) to work on /home/airflow/.local/lib/python3.8/site-packages/airflow/example_dags/example_subdag_operator.py
[2026-04-24T04:07:37.868+0000] {processor.py:830} INFO - Processing file /home/airflow/.local/lib/python3.8/site-packages/airflow/example_dags/example_subdag_operator.py for tasks to queue
[2026-04-24T04:07:37.870+0000] {logging_mixin.py:188} INFO - [2026-04-24T04:07:37.870+0000] {dagbag.py:538} INFO - Filling up the DagBag from /home/airflow/.local/lib/python3.8/site-packages/airflow/example_dags/example_subdag_operator.py
[2026-04-24T04:07:37.905+0000] {processor.py:840} INFO - DAG(s) 'example_subdag_operator.section-1', 'example_subdag_operator.section-2', 'example_subdag_operator' retrieved from /home/airflow/.local/lib/python3.8/site-packages/airflow/example_dags/example_subdag_operator.py
[2026-04-24T04:07:37.929+0000] {logging_mixin.py:188} INFO - [2026-04-24T04:07:37.928+0000] {dag.py:3036} INFO - Sync 3 DAGs
[2026-04-24T04:07:37.961+0000] {logging_mixin.py:188} INFO - [2026-04-24T04:07:37.960+0000] {dag.py:3823} INFO - Setting next_dagrun for example_subdag_operator to 2022-01-01 00:00:00+00:00, run_after=2022-01-01 00:00:00+00:00
[2026-04-24T04:07:37.966+0000] {logging_mixin.py:188} INFO - [2026-04-24T04:07:37.966+0000] {dag.py:3823} INFO - Setting next_dagrun for example_subdag_operator.section-1 to None, run_after=None
[2026-04-24T04:07:37.968+0000] {logging_mixin.py:188} INFO - [2026-04-24T04:07:37.967+0000] {dag.py:3823} INFO - Setting next_dagrun for example_subdag_operator.section-2 to None, run_after=None
[2026-04-24T04:07:37.977+0000] {logging_mixin.py:188} INFO - [2026-04-24T04:07:37.976+0000] {dag.py:3036} INFO - Sync 2 DAGs
[2026-04-24T04:07:37.983+0000] {logging_mixin.py:188} INFO - [2026-04-24T04:07:37.983+0000] {dag.py:3823} INFO - Setting next_dagrun for example_subdag_operator.section-1 to None, run_after=None
[2026-04-24T04:07:37.984+0000] {logging_mixin.py:188} INFO - [2026-04-24T04:07:37.984+0000] {dag.py:3823} INFO - Setting next_dagrun for example_subdag_operator.section-2 to None, run_after=None
[2026-04-24T04:07:37.998+0000] {processor.py:183} INFO - Processing /home/airflow/.local/lib/python3.8/site-packages/airflow/example_dags/example_subdag_operator.py took 0.136 seconds
[2026-04-24T04:08:08.191+0000] {processor.py:161} INFO - Started process (PID=1411) to work on /home/airflow/.local/lib/python3.8/site-packages/airflow/example_dags/example_subdag_operator.py
[2026-04-24T04:08:08.192+0000] {processor.py:830} INFO - Processing file /home/airflow/.local/lib/python3.8/site-packages/airflow/example_dags/example_subdag_operator.py for tasks to queue
[2026-04-24T04:08:08.194+0000] {logging_mixin.py:188} INFO - [2026-04-24T04:08:08.194+0000] {dagbag.py:538} INFO - Filling up the DagBag from /home/airflow/.local/lib/python3.8/site-packages/airflow/example_dags/example_subdag_operator.py
[2026-04-24T04:08:08.229+0000] {processor.py:840} INFO - DAG(s) 'example_subdag_operator.section-1', 'example_subdag_operator.section-2', 'example_subdag_operator' retrieved from /home/airflow/.local/lib/python3.8/site-packages/airflow/example_dags/example_subdag_operator.py
[2026-04-24T04:08:08.252+0000] {logging_mixin.py:188} INFO - [2026-04-24T04:08:08.252+0000] {dag.py:3036} INFO - Sync 3 DAGs
[2026-04-24T04:08:08.284+0000] {logging_mixin.py:188} INFO - [2026-04-24T04:08:08.284+0000] {dag.py:3823} INFO - Setting next_dagrun for example_subdag_operator to 2022-01-01 00:00:00+00:00, run_after=2022-01-01 00:00:00+00:00
[2026-04-24T04:08:08.289+0000] {logging_mixin.py:188} INFO - [2026-04-24T04:08:08.289+0000] {dag.py:3823} INFO - Setting next_dagrun for example_subdag_operator.section-1 to None, run_after=None
[2026-04-24T04:08:08.291+0000] {logging_mixin.py:188} INFO - [2026-04-24T04:08:08.290+0000] {dag.py:3823} INFO - Setting next_dagrun for example_subdag_operator.section-2 to None, run_after=None
[2026-04-24T04:08:08.300+0000] {logging_mixin.py:188} INFO - [2026-04-24T04:08:08.300+0000] {dag.py:3036} INFO - Sync 2 DAGs
[2026-04-24T04:08:08.307+0000] {logging_mixin.py:188} INFO - [2026-04-24T04:08:08.307+0000] {dag.py:3823} INFO - Setting next_dagrun for example_subdag_operator.section-1 to None, run_after=None
[2026-04-24T04:08:08.308+0000] {logging_mixin.py:188} INFO - [2026-04-24T04:08:08.308+0000] {dag.py:3823} INFO - Setting next_dagrun for example_subdag_operator.section-2 to None, run_after=None
[2026-04-24T04:08:08.325+0000] {processor.py:183} INFO - Processing /home/airflow/.local/lib/python3.8/site-packages/airflow/example_dags/example_subdag_operator.py took 0.138 seconds
[2026-04-24T04:08:38.584+0000] {processor.py:161} INFO - Started process (PID=1466) to work on /home/airflow/.local/lib/python3.8/site-packages/airflow/example_dags/example_subdag_operator.py
[2026-04-24T04:08:38.585+0000] {processor.py:830} INFO - Processing file /home/airflow/.local/lib/python3.8/site-packages/airflow/example_dags/example_subdag_operator.py for tasks to queue
[2026-04-24T04:08:38.588+0000] {logging_mixin.py:188} INFO - [2026-04-24T04:08:38.587+0000] {dagbag.py:538} INFO - Filling up the DagBag from /home/airflow/.local/lib/python3.8/site-packages/airflow/example_dags/example_subdag_operator.py
[2026-04-24T04:08:38.621+0000] {processor.py:840} INFO - DAG(s) 'example_subdag_operator.section-1', 'example_subdag_operator.section-2', 'example_subdag_operator' retrieved from /home/airflow/.local/lib/python3.8/site-packages/airflow/example_dags/example_subdag_operator.py
[2026-04-24T04:08:38.643+0000] {logging_mixin.py:188} INFO - [2026-04-24T04:08:38.643+0000] {dag.py:3036} INFO - Sync 3 DAGs
[2026-04-24T04:08:38.676+0000] {logging_mixin.py:188} INFO - [2026-04-24T04:08:38.676+0000] {dag.py:3823} INFO - Setting next_dagrun for example_subdag_operator to 2022-01-01 00:00:00+00:00, run_after=2022-01-01 00:00:00+00:00
[2026-04-24T04:08:38.682+0000] {logging_mixin.py:188} INFO - [2026-04-24T04:08:38.682+0000] {dag.py:3823} INFO - Setting next_dagrun for example_subdag_operator.section-1 to None, run_after=None
[2026-04-24T04:08:38.684+0000] {logging_mixin.py:188} INFO - [2026-04-24T04:08:38.683+0000] {dag.py:3823} INFO - Setting next_dagrun for example_subdag_operator.section-2 to None, run_after=None
[2026-04-24T04:08:38.693+0000] {logging_mixin.py:188} INFO - [2026-04-24T04:08:38.693+0000] {dag.py:3036} INFO - Sync 2 DAGs
[2026-04-24T04:08:38.700+0000] {logging_mixin.py:188} INFO - [2026-04-24T04:08:38.700+0000] {dag.py:3823} INFO - Setting next_dagrun for example_subdag_operator.section-1 to None, run_after=None
[2026-04-24T04:08:38.701+0000] {logging_mixin.py:188} INFO - [2026-04-24T04:08:38.701+0000] {dag.py:3823} INFO - Setting next_dagrun for example_subdag_operator.section-2 to None, run_after=None
[2026-04-24T04:08:38.716+0000] {processor.py:183} INFO - Processing /home/airflow/.local/lib/python3.8/site-packages/airflow/example_dags/example_subdag_operator.py took 0.137 seconds
[2026-04-24T04:09:09.350+0000] {processor.py:161} INFO - Started process (PID=1521) to work on /home/airflow/.local/lib/python3.8/site-packages/airflow/example_dags/example_subdag_operator.py
[2026-04-24T04:09:09.352+0000] {processor.py:830} INFO - Processing file /home/airflow/.local/lib/python3.8/site-packages/airflow/example_dags/example_subdag_operator.py for tasks to queue
[2026-04-24T04:09:09.354+0000] {logging_mixin.py:188} INFO - [2026-04-24T04:09:09.353+0000] {dagbag.py:538} INFO - Filling up the DagBag from /home/airflow/.local/lib/python3.8/site-packages/airflow/example_dags/example_subdag_operator.py
[2026-04-24T04:09:09.393+0000] {processor.py:840} INFO - DAG(s) 'example_subdag_operator.section-1', 'example_subdag_operator.section-2', 'example_subdag_operator' retrieved from /home/airflow/.local/lib/python3.8/site-packages/airflow/example_dags/example_subdag_operator.py
[2026-04-24T04:09:09.418+0000] {logging_mixin.py:188} INFO - [2026-04-24T04:09:09.417+0000] {dag.py:3036} INFO - Sync 3 DAGs
[2026-04-24T04:09:09.457+0000] {logging_mixin.py:188} INFO - [2026-04-24T04:09:09.456+0000] {dag.py:3823} INFO - Setting next_dagrun for example_subdag_operator to 2022-01-01 00:00:00+00:00, run_after=2022-01-01 00:00:00+00:00
[2026-04-24T04:09:09.463+0000] {logging_mixin.py:188} INFO - [2026-04-24T04:09:09.463+0000] {dag.py:3823} INFO - Setting next_dagrun for example_subdag_operator.section-1 to None, run_after=None
[2026-04-24T04:09:09.465+0000] {logging_mixin.py:188} INFO - [2026-04-24T04:09:09.465+0000] {dag.py:3823} INFO - Setting next_dagrun for example_subdag_operator.section-2 to None, run_after=None
[2026-04-24T04:09:09.478+0000] {logging_mixin.py:188} INFO - [2026-04-24T04:09:09.478+0000] {dag.py:3036} INFO - Sync 2 DAGs
[2026-04-24T04:09:09.487+0000] {logging_mixin.py:188} INFO - [2026-04-24T04:09:09.486+0000] {dag.py:3823} INFO - Setting next_dagrun for example_subdag_operator.section-1 to None, run_after=None
[2026-04-24T04:09:09.488+0000] {logging_mixin.py:188} INFO - [2026-04-24T04:09:09.487+0000] {dag.py:3823} INFO - Setting next_dagrun for example_subdag_operator.section-2 to None, run_after=None
[2026-04-24T04:09:09.504+0000] {processor.py:183} INFO - Processing /home/airflow/.local/lib/python3.8/site-packages/airflow/example_dags/example_subdag_operator.py took 0.158 seconds
[2026-04-24T04:09:39.863+0000] {processor.py:161} INFO - Started process (PID=1576) to work on /home/airflow/.local/lib/python3.8/site-packages/airflow/example_dags/example_subdag_operator.py
[2026-04-24T04:09:39.864+0000] {processor.py:830} INFO - Processing file /home/airflow/.local/lib/python3.8/site-packages/airflow/example_dags/example_subdag_operator.py for tasks to queue
[2026-04-24T04:09:39.867+0000] {logging_mixin.py:188} INFO - [2026-04-24T04:09:39.866+0000] {dagbag.py:538} INFO - Filling up the DagBag from /home/airflow/.local/lib/python3.8/site-packages/airflow/example_dags/example_subdag_operator.py
[2026-04-24T04:09:39.903+0000] {processor.py:840} INFO - DAG(s) 'example_subdag_operator.section-1', 'example_subdag_operator.section-2', 'example_subdag_operator' retrieved from /home/airflow/.local/lib/python3.8/site-packages/airflow/example_dags/example_subdag_operator.py
[2026-04-24T04:09:39.927+0000] {logging_mixin.py:188} INFO - [2026-04-24T04:09:39.927+0000] {dag.py:3036} INFO - Sync 3 DAGs
[2026-04-24T04:09:39.959+0000] {logging_mixin.py:188} INFO - [2026-04-24T04:09:39.959+0000] {dag.py:3823} INFO - Setting next_dagrun for example_subdag_operator to 2022-01-01 00:00:00+00:00, run_after=2022-01-01 00:00:00+00:00
[2026-04-24T04:09:39.965+0000] {logging_mixin.py:188} INFO - [2026-04-24T04:09:39.964+0000] {dag.py:3823} INFO - Setting next_dagrun for example_subdag_operator.section-1 to None, run_after=None
[2026-04-24T04:09:39.966+0000] {logging_mixin.py:188} INFO - [2026-04-24T04:09:39.966+0000] {dag.py:3823} INFO - Setting next_dagrun for example_subdag_operator.section-2 to None, run_after=None
[2026-04-24T04:09:39.976+0000] {logging_mixin.py:188} INFO - [2026-04-24T04:09:39.975+0000] {dag.py:3036} INFO - Sync 2 DAGs
[2026-04-24T04:09:39.983+0000] {logging_mixin.py:188} INFO - [2026-04-24T04:09:39.983+0000] {dag.py:3823} INFO - Setting next_dagrun for example_subdag_operator.section-1 to None, run_after=None
[2026-04-24T04:09:39.983+0000] {logging_mixin.py:188} INFO - [2026-04-24T04:09:39.983+0000] {dag.py:3823} INFO - Setting next_dagrun for example_subdag_operator.section-2 to None, run_after=None
[2026-04-24T04:09:39.997+0000] {processor.py:183} INFO - Processing /home/airflow/.local/lib/python3.8/site-packages/airflow/example_dags/example_subdag_operator.py took 0.139 seconds
[2026-04-24T04:10:10.300+0000] {processor.py:161} INFO - Started process (PID=1631) to work on /home/airflow/.local/lib/python3.8/site-packages/airflow/example_dags/example_subdag_operator.py
[2026-04-24T04:10:10.302+0000] {processor.py:830} INFO - Processing file /home/airflow/.local/lib/python3.8/site-packages/airflow/example_dags/example_subdag_operator.py for tasks to queue
[2026-04-24T04:10:10.304+0000] {logging_mixin.py:188} INFO - [2026-04-24T04:10:10.303+0000] {dagbag.py:538} INFO - Filling up the DagBag from /home/airflow/.local/lib/python3.8/site-packages/airflow/example_dags/example_subdag_operator.py
[2026-04-24T04:10:10.337+0000] {processor.py:840} INFO - DAG(s) 'example_subdag_operator.section-1', 'example_subdag_operator.section-2', 'example_subdag_operator' retrieved from /home/airflow/.local/lib/python3.8/site-packages/airflow/example_dags/example_subdag_operator.py
[2026-04-24T04:10:10.357+0000] {logging_mixin.py:188} INFO - [2026-04-24T04:10:10.357+0000] {dag.py:3036} INFO - Sync 3 DAGs
[2026-04-24T04:10:10.387+0000] {logging_mixin.py:188} INFO - [2026-04-24T04:10:10.387+0000] {dag.py:3823} INFO - Setting next_dagrun for example_subdag_operator to 2022-01-01 00:00:00+00:00, run_after=2022-01-01 00:00:00+00:00
[2026-04-24T04:10:10.392+0000] {logging_mixin.py:188} INFO - [2026-04-24T04:10:10.392+0000] {dag.py:3823} INFO - Setting next_dagrun for example_subdag_operator.section-1 to None, run_after=None
[2026-04-24T04:10:10.394+0000] {logging_mixin.py:188} INFO - [2026-04-24T04:10:10.394+0000] {dag.py:3823} INFO - Setting next_dagrun for example_subdag_operator.section-2 to None, run_after=None
[2026-04-24T04:10:10.403+0000] {logging_mixin.py:188} INFO - [2026-04-24T04:10:10.402+0000] {dag.py:3036} INFO - Sync 2 DAGs
[2026-04-24T04:10:10.410+0000] {logging_mixin.py:188} INFO - [2026-04-24T04:10:10.409+0000] {dag.py:3823} INFO - Setting next_dagrun for example_subdag_operator.section-1 to None, run_after=None
[2026-04-24T04:10:10.410+0000] {logging_mixin.py:188} INFO - [2026-04-24T04:10:10.410+0000] {dag.py:3823} INFO - Setting next_dagrun for example_subdag_operator.section-2 to None, run_after=None
[2026-04-24T04:10:10.425+0000] {processor.py:183} INFO - Processing /home/airflow/.local/lib/python3.8/site-packages/airflow/example_dags/example_subdag_operator.py took 0.129 seconds
[2026-04-24T04:10:40.946+0000] {processor.py:161} INFO - Started process (PID=1686) to work on /home/airflow/.local/lib/python3.8/site-packages/airflow/example_dags/example_subdag_operator.py
[2026-04-24T04:10:40.947+0000] {processor.py:830} INFO - Processing file /home/airflow/.local/lib/python3.8/site-packages/airflow/example_dags/example_subdag_operator.py for tasks to queue
[2026-04-24T04:10:40.950+0000] {logging_mixin.py:188} INFO - [2026-04-24T04:10:40.949+0000] {dagbag.py:538} INFO - Filling up the DagBag from /home/airflow/.local/lib/python3.8/site-packages/airflow/example_dags/example_subdag_operator.py
[2026-04-24T04:10:40.985+0000] {processor.py:840} INFO - DAG(s) 'example_subdag_operator.section-1', 'example_subdag_operator.section-2', 'example_subdag_operator' retrieved from /home/airflow/.local/lib/python3.8/site-packages/airflow/example_dags/example_subdag_operator.py
[2026-04-24T04:10:41.010+0000] {logging_mixin.py:188} INFO - [2026-04-24T04:10:41.009+0000] {dag.py:3036} INFO - Sync 3 DAGs
[2026-04-24T04:10:41.043+0000] {logging_mixin.py:188} INFO - [2026-04-24T04:10:41.042+0000] {dag.py:3823} INFO - Setting next_dagrun for example_subdag_operator to 2022-01-01 00:00:00+00:00, run_after=2022-01-01 00:00:00+00:00
[2026-04-24T04:10:41.048+0000] {logging_mixin.py:188} INFO - [2026-04-24T04:10:41.048+0000] {dag.py:3823} INFO - Setting next_dagrun for example_subdag_operator.section-1 to None, run_after=None
[2026-04-24T04:10:41.050+0000] {logging_mixin.py:188} INFO - [2026-04-24T04:10:41.050+0000] {dag.py:3823} INFO - Setting next_dagrun for example_subdag_operator.section-2 to None, run_after=None
[2026-04-24T04:10:41.061+0000] {logging_mixin.py:188} INFO - [2026-04-24T04:10:41.060+0000] {dag.py:3036} INFO - Sync 2 DAGs
[2026-04-24T04:10:41.069+0000] {logging_mixin.py:188} INFO - [2026-04-24T04:10:41.069+0000] {dag.py:3823} INFO - Setting next_dagrun for example_subdag_operator.section-1 to None, run_after=None
[2026-04-24T04:10:41.070+0000] {logging_mixin.py:188} INFO - [2026-04-24T04:10:41.069+0000] {dag.py:3823} INFO - Setting next_dagrun for example_subdag_operator.section-2 to None, run_after=None
[2026-04-24T04:10:41.086+0000] {processor.py:183} INFO - Processing /home/airflow/.local/lib/python3.8/site-packages/airflow/example_dags/example_subdag_operator.py took 0.145 seconds
[2026-04-24T04:11:12.065+0000] {processor.py:161} INFO - Started process (PID=1741) to work on /home/airflow/.local/lib/python3.8/site-packages/airflow/example_dags/example_subdag_operator.py
[2026-04-24T04:11:12.066+0000] {processor.py:830} INFO - Processing file /home/airflow/.local/lib/python3.8/site-packages/airflow/example_dags/example_subdag_operator.py for tasks to queue
[2026-04-24T04:11:12.069+0000] {logging_mixin.py:188} INFO - [2026-04-24T04:11:12.068+0000] {dagbag.py:538} INFO - Filling up the DagBag from /home/airflow/.local/lib/python3.8/site-packages/airflow/example_dags/example_subdag_operator.py
[2026-04-24T04:11:12.103+0000] {processor.py:840} INFO - DAG(s) 'example_subdag_operator.section-1', 'example_subdag_operator.section-2', 'example_subdag_operator' retrieved from /home/airflow/.local/lib/python3.8/site-packages/airflow/example_dags/example_subdag_operator.py
[2026-04-24T04:11:12.124+0000] {logging_mixin.py:188} INFO - [2026-04-24T04:11:12.123+0000] {dag.py:3036} INFO - Sync 3 DAGs
[2026-04-24T04:11:12.156+0000] {logging_mixin.py:188} INFO - [2026-04-24T04:11:12.156+0000] {dag.py:3823} INFO - Setting next_dagrun for example_subdag_operator to 2022-01-01 00:00:00+00:00, run_after=2022-01-01 00:00:00+00:00
[2026-04-24T04:11:12.162+0000] {logging_mixin.py:188} INFO - [2026-04-24T04:11:12.161+0000] {dag.py:3823} INFO - Setting next_dagrun for example_subdag_operator.section-1 to None, run_after=None
[2026-04-24T04:11:12.164+0000] {logging_mixin.py:188} INFO - [2026-04-24T04:11:12.164+0000] {dag.py:3823} INFO - Setting next_dagrun for example_subdag_operator.section-2 to None, run_after=None
[2026-04-24T04:11:12.176+0000] {logging_mixin.py:188} INFO - [2026-04-24T04:11:12.176+0000] {dag.py:3036} INFO - Sync 2 DAGs
[2026-04-24T04:11:12.185+0000] {logging_mixin.py:188} INFO - [2026-04-24T04:11:12.184+0000] {dag.py:3823} INFO - Setting next_dagrun for example_subdag_operator.section-1 to None, run_after=None
[2026-04-24T04:11:12.185+0000] {logging_mixin.py:188} INFO - [2026-04-24T04:11:12.185+0000] {dag.py:3823} INFO - Setting next_dagrun for example_subdag_operator.section-2 to None, run_after=None
[2026-04-24T04:11:12.203+0000] {processor.py:183} INFO - Processing /home/airflow/.local/lib/python3.8/site-packages/airflow/example_dags/example_subdag_operator.py took 0.143 seconds
[2026-04-24T04:11:43.014+0000] {processor.py:161} INFO - Started process (PID=1796) to work on /home/airflow/.local/lib/python3.8/site-packages/airflow/example_dags/example_subdag_operator.py
[2026-04-24T04:11:43.015+0000] {processor.py:830} INFO - Processing file /home/airflow/.local/lib/python3.8/site-packages/airflow/example_dags/example_subdag_operator.py for tasks to queue
[2026-04-24T04:11:43.017+0000] {logging_mixin.py:188} INFO - [2026-04-24T04:11:43.017+0000] {dagbag.py:538} INFO - Filling up the DagBag from /home/airflow/.local/lib/python3.8/site-packages/airflow/example_dags/example_subdag_operator.py
[2026-04-24T04:11:43.050+0000] {processor.py:840} INFO - DAG(s) 'example_subdag_operator.section-1', 'example_subdag_operator.section-2', 'example_subdag_operator' retrieved from /home/airflow/.local/lib/python3.8/site-packages/airflow/example_dags/example_subdag_operator.py
[2026-04-24T04:11:43.072+0000] {logging_mixin.py:188} INFO - [2026-04-24T04:11:43.071+0000] {dag.py:3036} INFO - Sync 3 DAGs
[2026-04-24T04:11:43.101+0000] {logging_mixin.py:188} INFO - [2026-04-24T04:11:43.100+0000] {dag.py:3823} INFO - Setting next_dagrun for example_subdag_operator to 2022-01-01 00:00:00+00:00, run_after=2022-01-01 00:00:00+00:00
[2026-04-24T04:11:43.106+0000] {logging_mixin.py:188} INFO - [2026-04-24T04:11:43.105+0000] {dag.py:3823} INFO - Setting next_dagrun for example_subdag_operator.section-1 to None, run_after=None
[2026-04-24T04:11:43.108+0000] {logging_mixin.py:188} INFO - [2026-04-24T04:11:43.108+0000] {dag.py:3823} INFO - Setting next_dagrun for example_subdag_operator.section-2 to None, run_after=None
[2026-04-24T04:11:43.118+0000] {logging_mixin.py:188} INFO - [2026-04-24T04:11:43.117+0000] {dag.py:3036} INFO - Sync 2 DAGs
[2026-04-24T04:11:43.125+0000] {logging_mixin.py:188} INFO - [2026-04-24T04:11:43.125+0000] {dag.py:3823} INFO - Setting next_dagrun for example_subdag_operator.section-1 to None, run_after=None
[2026-04-24T04:11:43.126+0000] {logging_mixin.py:188} INFO - [2026-04-24T04:11:43.125+0000] {dag.py:3823} INFO - Setting next_dagrun for example_subdag_operator.section-2 to None, run_after=None
[2026-04-24T04:11:43.139+0000] {processor.py:183} INFO - Processing /home/airflow/.local/lib/python3.8/site-packages/airflow/example_dags/example_subdag_operator.py took 0.129 seconds
[2026-04-24T04:12:13.511+0000] {processor.py:161} INFO - Started process (PID=1851) to work on /home/airflow/.local/lib/python3.8/site-packages/airflow/example_dags/example_subdag_operator.py
[2026-04-24T04:12:13.512+0000] {processor.py:830} INFO - Processing file /home/airflow/.local/lib/python3.8/site-packages/airflow/example_dags/example_subdag_operator.py for tasks to queue
[2026-04-24T04:12:13.515+0000] {logging_mixin.py:188} INFO - [2026-04-24T04:12:13.514+0000] {dagbag.py:538} INFO - Filling up the DagBag from /home/airflow/.local/lib/python3.8/site-packages/airflow/example_dags/example_subdag_operator.py
[2026-04-24T04:12:13.552+0000] {processor.py:840} INFO - DAG(s) 'example_subdag_operator.section-1', 'example_subdag_operator.section-2', 'example_subdag_operator' retrieved from /home/airflow/.local/lib/python3.8/site-packages/airflow/example_dags/example_subdag_operator.py
[2026-04-24T04:12:13.584+0000] {logging_mixin.py:188} INFO - [2026-04-24T04:12:13.583+0000] {dag.py:3036} INFO - Sync 3 DAGs
[2026-04-24T04:12:13.618+0000] {logging_mixin.py:188} INFO - [2026-04-24T04:12:13.618+0000] {dag.py:3823} INFO - Setting next_dagrun for example_subdag_operator to 2022-01-01 00:00:00+00:00, run_after=2022-01-01 00:00:00+00:00
[2026-04-24T04:12:13.625+0000] {logging_mixin.py:188} INFO - [2026-04-24T04:12:13.624+0000] {dag.py:3823} INFO - Setting next_dagrun for example_subdag_operator.section-1 to None, run_after=None
[2026-04-24T04:12:13.627+0000] {logging_mixin.py:188} INFO - [2026-04-24T04:12:13.626+0000] {dag.py:3823} INFO - Setting next_dagrun for example_subdag_operator.section-2 to None, run_after=None
[2026-04-24T04:12:13.638+0000] {logging_mixin.py:188} INFO - [2026-04-24T04:12:13.637+0000] {dag.py:3036} INFO - Sync 2 DAGs
[2026-04-24T04:12:13.646+0000] {logging_mixin.py:188} INFO - [2026-04-24T04:12:13.646+0000] {dag.py:3823} INFO - Setting next_dagrun for example_subdag_operator.section-1 to None, run_after=None
[2026-04-24T04:12:13.647+0000] {logging_mixin.py:188} INFO - [2026-04-24T04:12:13.647+0000] {dag.py:3823} INFO - Setting next_dagrun for example_subdag_operator.section-2 to None, run_after=None
[2026-04-24T04:12:13.673+0000] {processor.py:183} INFO - Processing /home/airflow/.local/lib/python3.8/site-packages/airflow/example_dags/example_subdag_operator.py took 0.168 seconds
[2026-04-24T04:12:43.859+0000] {processor.py:161} INFO - Started process (PID=1906) to work on /home/airflow/.local/lib/python3.8/site-packages/airflow/example_dags/example_subdag_operator.py
[2026-04-24T04:12:43.860+0000] {processor.py:830} INFO - Processing file /home/airflow/.local/lib/python3.8/site-packages/airflow/example_dags/example_subdag_operator.py for tasks to queue
[2026-04-24T04:12:43.863+0000] {logging_mixin.py:188} INFO - [2026-04-24T04:12:43.862+0000] {dagbag.py:538} INFO - Filling up the DagBag from /home/airflow/.local/lib/python3.8/site-packages/airflow/example_dags/example_subdag_operator.py
[2026-04-24T04:12:43.902+0000] {processor.py:840} INFO - DAG(s) 'example_subdag_operator.section-1', 'example_subdag_operator.section-2', 'example_subdag_operator' retrieved from /home/airflow/.local/lib/python3.8/site-packages/airflow/example_dags/example_subdag_operator.py
[2026-04-24T04:12:43.928+0000] {logging_mixin.py:188} INFO - [2026-04-24T04:12:43.928+0000] {dag.py:3036} INFO - Sync 3 DAGs
[2026-04-24T04:12:43.965+0000] {logging_mixin.py:188} INFO - [2026-04-24T04:12:43.964+0000] {dag.py:3823} INFO - Setting next_dagrun for example_subdag_operator to 2022-01-01 00:00:00+00:00, run_after=2022-01-01 00:00:00+00:00
[2026-04-24T04:12:43.970+0000] {logging_mixin.py:188} INFO - [2026-04-24T04:12:43.970+0000] {dag.py:3823} INFO - Setting next_dagrun for example_subdag_operator.section-1 to None, run_after=None
[2026-04-24T04:12:43.972+0000] {logging_mixin.py:188} INFO - [2026-04-24T04:12:43.972+0000] {dag.py:3823} INFO - Setting next_dagrun for example_subdag_operator.section-2 to None, run_after=None
[2026-04-24T04:12:43.983+0000] {logging_mixin.py:188} INFO - [2026-04-24T04:12:43.982+0000] {dag.py:3036} INFO - Sync 2 DAGs
[2026-04-24T04:12:43.991+0000] {logging_mixin.py:188} INFO - [2026-04-24T04:12:43.991+0000] {dag.py:3823} INFO - Setting next_dagrun for example_subdag_operator.section-1 to None, run_after=None
[2026-04-24T04:12:43.992+0000] {logging_mixin.py:188} INFO - [2026-04-24T04:12:43.992+0000] {dag.py:3823} INFO - Setting next_dagrun for example_subdag_operator.section-2 to None, run_after=None
[2026-04-24T04:12:44.010+0000] {processor.py:183} INFO - Processing /home/airflow/.local/lib/python3.8/site-packages/airflow/example_dags/example_subdag_operator.py took 0.157 seconds
[2026-04-24T04:13:14.072+0000] {processor.py:161} INFO - Started process (PID=1961) to work on /home/airflow/.local/lib/python3.8/site-packages/airflow/example_dags/example_subdag_operator.py
[2026-04-24T04:13:14.074+0000] {processor.py:830} INFO - Processing file /home/airflow/.local/lib/python3.8/site-packages/airflow/example_dags/example_subdag_operator.py for tasks to queue
[2026-04-24T04:13:14.077+0000] {logging_mixin.py:188} INFO - [2026-04-24T04:13:14.076+0000] {dagbag.py:538} INFO - Filling up the DagBag from /home/airflow/.local/lib/python3.8/site-packages/airflow/example_dags/example_subdag_operator.py
[2026-04-24T04:13:14.112+0000] {processor.py:840} INFO - DAG(s) 'example_subdag_operator.section-1', 'example_subdag_operator.section-2', 'example_subdag_operator' retrieved from /home/airflow/.local/lib/python3.8/site-packages/airflow/example_dags/example_subdag_operator.py
[2026-04-24T04:13:14.135+0000] {logging_mixin.py:188} INFO - [2026-04-24T04:13:14.135+0000] {dag.py:3036} INFO - Sync 3 DAGs
[2026-04-24T04:13:14.170+0000] {logging_mixin.py:188} INFO - [2026-04-24T04:13:14.169+0000] {dag.py:3823} INFO - Setting next_dagrun for example_subdag_operator to 2022-01-01 00:00:00+00:00, run_after=2022-01-01 00:00:00+00:00
[2026-04-24T04:13:14.176+0000] {logging_mixin.py:188} INFO - [2026-04-24T04:13:14.175+0000] {dag.py:3823} INFO - Setting next_dagrun for example_subdag_operator.section-1 to None, run_after=None
[2026-04-24T04:13:14.178+0000] {logging_mixin.py:188} INFO - [2026-04-24T04:13:14.177+0000] {dag.py:3823} INFO - Setting next_dagrun for example_subdag_operator.section-2 to None, run_after=None
[2026-04-24T04:13:14.190+0000] {logging_mixin.py:188} INFO - [2026-04-24T04:13:14.190+0000] {dag.py:3036} INFO - Sync 2 DAGs
[2026-04-24T04:13:14.199+0000] {logging_mixin.py:188} INFO - [2026-04-24T04:13:14.198+0000] {dag.py:3823} INFO - Setting next_dagrun for example_subdag_operator.section-1 to None, run_after=None
[2026-04-24T04:13:14.199+0000] {logging_mixin.py:188} INFO - [2026-04-24T04:13:14.199+0000] {dag.py:3823} INFO - Setting next_dagrun for example_subdag_operator.section-2 to None, run_after=None
[2026-04-24T04:13:14.226+0000] {processor.py:183} INFO - Processing /home/airflow/.local/lib/python3.8/site-packages/airflow/example_dags/example_subdag_operator.py took 0.158 seconds
[2026-04-24T04:13:44.475+0000] {processor.py:161} INFO - Started process (PID=2016) to work on /home/airflow/.local/lib/python3.8/site-packages/airflow/example_dags/example_subdag_operator.py
[2026-04-24T04:13:44.476+0000] {processor.py:830} INFO - Processing file /home/airflow/.local/lib/python3.8/site-packages/airflow/example_dags/example_subdag_operator.py for tasks to queue
[2026-04-24T04:13:44.477+0000] {logging_mixin.py:188} INFO - [2026-04-24T04:13:44.477+0000] {dagbag.py:538} INFO - Filling up the DagBag from /home/airflow/.local/lib/python3.8/site-packages/airflow/example_dags/example_subdag_operator.py
[2026-04-24T04:13:44.494+0000] {processor.py:840} INFO - DAG(s) 'example_subdag_operator.section-1', 'example_subdag_operator.section-2', 'example_subdag_operator' retrieved from /home/airflow/.local/lib/python3.8/site-packages/airflow/example_dags/example_subdag_operator.py
[2026-04-24T04:13:44.505+0000] {logging_mixin.py:188} INFO - [2026-04-24T04:13:44.504+0000] {dag.py:3036} INFO - Sync 3 DAGs
[2026-04-24T04:13:44.519+0000] {logging_mixin.py:188} INFO - [2026-04-24T04:13:44.519+0000] {dag.py:3823} INFO - Setting next_dagrun for example_subdag_operator to 2022-01-01 00:00:00+00:00, run_after=2022-01-01 00:00:00+00:00
[2026-04-24T04:13:44.522+0000] {logging_mixin.py:188} INFO - [2026-04-24T04:13:44.522+0000] {dag.py:3823} INFO - Setting next_dagrun for example_subdag_operator.section-1 to None, run_after=None
[2026-04-24T04:13:44.523+0000] {logging_mixin.py:188} INFO - [2026-04-24T04:13:44.523+0000] {dag.py:3823} INFO - Setting next_dagrun for example_subdag_operator.section-2 to None, run_after=None
[2026-04-24T04:13:44.527+0000] {logging_mixin.py:188} INFO - [2026-04-24T04:13:44.527+0000] {dag.py:3036} INFO - Sync 2 DAGs
[2026-04-24T04:13:44.531+0000] {logging_mixin.py:188} INFO - [2026-04-24T04:13:44.530+0000] {dag.py:3823} INFO - Setting next_dagrun for example_subdag_operator.section-1 to None, run_after=None
[2026-04-24T04:13:44.531+0000] {logging_mixin.py:188} INFO - [2026-04-24T04:13:44.531+0000] {dag.py:3823} INFO - Setting next_dagrun for example_subdag_operator.section-2 to None, run_after=None
[2026-04-24T04:13:44.538+0000] {processor.py:183} INFO - Processing /home/airflow/.local/lib/python3.8/site-packages/airflow/example_dags/example_subdag_operator.py took 0.065 seconds
[2026-04-24T04:14:14.979+0000] {processor.py:161} INFO - Started process (PID=2071) to work on /home/airflow/.local/lib/python3.8/site-packages/airflow/example_dags/example_subdag_operator.py
[2026-04-24T04:14:14.981+0000] {processor.py:830} INFO - Processing file /home/airflow/.local/lib/python3.8/site-packages/airflow/example_dags/example_subdag_operator.py for tasks to queue
[2026-04-24T04:14:14.983+0000] {logging_mixin.py:188} INFO - [2026-04-24T04:14:14.982+0000] {dagbag.py:538} INFO - Filling up the DagBag from /home/airflow/.local/lib/python3.8/site-packages/airflow/example_dags/example_subdag_operator.py
[2026-04-24T04:14:15.016+0000] {processor.py:840} INFO - DAG(s) 'example_subdag_operator.section-1', 'example_subdag_operator.section-2', 'example_subdag_operator' retrieved from /home/airflow/.local/lib/python3.8/site-packages/airflow/example_dags/example_subdag_operator.py
[2026-04-24T04:14:15.037+0000] {logging_mixin.py:188} INFO - [2026-04-24T04:14:15.036+0000] {dag.py:3036} INFO - Sync 3 DAGs
[2026-04-24T04:14:15.067+0000] {logging_mixin.py:188} INFO - [2026-04-24T04:14:15.067+0000] {dag.py:3823} INFO - Setting next_dagrun for example_subdag_operator to 2022-01-01 00:00:00+00:00, run_after=2022-01-01 00:00:00+00:00
[2026-04-24T04:14:15.072+0000] {logging_mixin.py:188} INFO - [2026-04-24T04:14:15.072+0000] {dag.py:3823} INFO - Setting next_dagrun for example_subdag_operator.section-1 to None, run_after=None
[2026-04-24T04:14:15.074+0000] {logging_mixin.py:188} INFO - [2026-04-24T04:14:15.074+0000] {dag.py:3823} INFO - Setting next_dagrun for example_subdag_operator.section-2 to None, run_after=None
[2026-04-24T04:14:15.083+0000] {logging_mixin.py:188} INFO - [2026-04-24T04:14:15.082+0000] {dag.py:3036} INFO - Sync 2 DAGs
[2026-04-24T04:14:15.090+0000] {logging_mixin.py:188} INFO - [2026-04-24T04:14:15.089+0000] {dag.py:3823} INFO - Setting next_dagrun for example_subdag_operator.section-1 to None, run_after=None
[2026-04-24T04:14:15.090+0000] {logging_mixin.py:188} INFO - [2026-04-24T04:14:15.090+0000] {dag.py:3823} INFO - Setting next_dagrun for example_subdag_operator.section-2 to None, run_after=None
[2026-04-24T04:14:15.113+0000] {processor.py:183} INFO - Processing /home/airflow/.local/lib/python3.8/site-packages/airflow/example_dags/example_subdag_operator.py took 0.138 seconds
[2026-04-24T04:14:45.583+0000] {processor.py:161} INFO - Started process (PID=2126) to work on /home/airflow/.local/lib/python3.8/site-packages/airflow/example_dags/example_subdag_operator.py
[2026-04-24T04:14:45.585+0000] {processor.py:830} INFO - Processing file /home/airflow/.local/lib/python3.8/site-packages/airflow/example_dags/example_subdag_operator.py for tasks to queue
[2026-04-24T04:14:45.587+0000] {logging_mixin.py:188} INFO - [2026-04-24T04:14:45.587+0000] {dagbag.py:538} INFO - Filling up the DagBag from /home/airflow/.local/lib/python3.8/site-packages/airflow/example_dags/example_subdag_operator.py
[2026-04-24T04:14:45.620+0000] {processor.py:840} INFO - DAG(s) 'example_subdag_operator.section-1', 'example_subdag_operator.section-2', 'example_subdag_operator' retrieved from /home/airflow/.local/lib/python3.8/site-packages/airflow/example_dags/example_subdag_operator.py
[2026-04-24T04:14:45.641+0000] {logging_mixin.py:188} INFO - [2026-04-24T04:14:45.640+0000] {dag.py:3036} INFO - Sync 3 DAGs
[2026-04-24T04:14:45.671+0000] {logging_mixin.py:188} INFO - [2026-04-24T04:14:45.671+0000] {dag.py:3823} INFO - Setting next_dagrun for example_subdag_operator to 2022-01-01 00:00:00+00:00, run_after=2022-01-01 00:00:00+00:00
[2026-04-24T04:14:45.676+0000] {logging_mixin.py:188} INFO - [2026-04-24T04:14:45.676+0000] {dag.py:3823} INFO - Setting next_dagrun for example_subdag_operator.section-1 to None, run_after=None
[2026-04-24T04:14:45.678+0000] {logging_mixin.py:188} INFO - [2026-04-24T04:14:45.678+0000] {dag.py:3823} INFO - Setting next_dagrun for example_subdag_operator.section-2 to None, run_after=None
[2026-04-24T04:14:45.687+0000] {logging_mixin.py:188} INFO - [2026-04-24T04:14:45.686+0000] {dag.py:3036} INFO - Sync 2 DAGs
[2026-04-24T04:14:45.693+0000] {logging_mixin.py:188} INFO - [2026-04-24T04:14:45.693+0000] {dag.py:3823} INFO - Setting next_dagrun for example_subdag_operator.section-1 to None, run_after=None
[2026-04-24T04:14:45.694+0000] {logging_mixin.py:188} INFO - [2026-04-24T04:14:45.694+0000] {dag.py:3823} INFO - Setting next_dagrun for example_subdag_operator.section-2 to None, run_after=None
[2026-04-24T04:14:45.710+0000] {processor.py:183} INFO - Processing /home/airflow/.local/lib/python3.8/site-packages/airflow/example_dags/example_subdag_operator.py took 0.131 seconds
[2026-04-24T04:15:15.773+0000] {processor.py:161} INFO - Started process (PID=2180) to work on /home/airflow/.local/lib/python3.8/site-packages/airflow/example_dags/example_subdag_operator.py
[2026-04-24T04:15:15.774+0000] {processor.py:830} INFO - Processing file /home/airflow/.local/lib/python3.8/site-packages/airflow/example_dags/example_subdag_operator.py for tasks to queue
[2026-04-24T04:15:15.776+0000] {logging_mixin.py:188} INFO - [2026-04-24T04:15:15.776+0000] {dagbag.py:538} INFO - Filling up the DagBag from /home/airflow/.local/lib/python3.8/site-packages/airflow/example_dags/example_subdag_operator.py
[2026-04-24T04:15:15.809+0000] {processor.py:840} INFO - DAG(s) 'example_subdag_operator.section-1', 'example_subdag_operator.section-2', 'example_subdag_operator' retrieved from /home/airflow/.local/lib/python3.8/site-packages/airflow/example_dags/example_subdag_operator.py
[2026-04-24T04:15:15.829+0000] {logging_mixin.py:188} INFO - [2026-04-24T04:15:15.829+0000] {dag.py:3036} INFO - Sync 3 DAGs
[2026-04-24T04:15:15.857+0000] {logging_mixin.py:188} INFO - [2026-04-24T04:15:15.857+0000] {dag.py:3823} INFO - Setting next_dagrun for example_subdag_operator to 2022-01-01 00:00:00+00:00, run_after=2022-01-01 00:00:00+00:00
[2026-04-24T04:15:15.862+0000] {logging_mixin.py:188} INFO - [2026-04-24T04:15:15.862+0000] {dag.py:3823} INFO - Setting next_dagrun for example_subdag_operator.section-1 to None, run_after=None
[2026-04-24T04:15:15.864+0000] {logging_mixin.py:188} INFO - [2026-04-24T04:15:15.864+0000] {dag.py:3823} INFO - Setting next_dagrun for example_subdag_operator.section-2 to None, run_after=None
[2026-04-24T04:15:15.872+0000] {logging_mixin.py:188} INFO - [2026-04-24T04:15:15.872+0000] {dag.py:3036} INFO - Sync 2 DAGs
[2026-04-24T04:15:15.879+0000] {logging_mixin.py:188} INFO - [2026-04-24T04:15:15.878+0000] {dag.py:3823} INFO - Setting next_dagrun for example_subdag_operator.section-1 to None, run_after=None
[2026-04-24T04:15:15.879+0000] {logging_mixin.py:188} INFO - [2026-04-24T04:15:15.879+0000] {dag.py:3823} INFO - Setting next_dagrun for example_subdag_operator.section-2 to None, run_after=None
[2026-04-24T04:15:15.893+0000] {processor.py:183} INFO - Processing /home/airflow/.local/lib/python3.8/site-packages/airflow/example_dags/example_subdag_operator.py took 0.125 seconds
[2026-04-24T04:15:46.636+0000] {processor.py:161} INFO - Started process (PID=2235) to work on /home/airflow/.local/lib/python3.8/site-packages/airflow/example_dags/example_subdag_operator.py
[2026-04-24T04:15:46.637+0000] {processor.py:830} INFO - Processing file /home/airflow/.local/lib/python3.8/site-packages/airflow/example_dags/example_subdag_operator.py for tasks to queue
[2026-04-24T04:15:46.640+0000] {logging_mixin.py:188} INFO - [2026-04-24T04:15:46.639+0000] {dagbag.py:538} INFO - Filling up the DagBag from /home/airflow/.local/lib/python3.8/site-packages/airflow/example_dags/example_subdag_operator.py
[2026-04-24T04:15:46.674+0000] {processor.py:840} INFO - DAG(s) 'example_subdag_operator.section-1', 'example_subdag_operator.section-2', 'example_subdag_operator' retrieved from /home/airflow/.local/lib/python3.8/site-packages/airflow/example_dags/example_subdag_operator.py
[2026-04-24T04:15:46.694+0000] {logging_mixin.py:188} INFO - [2026-04-24T04:15:46.694+0000] {dag.py:3036} INFO - Sync 3 DAGs
[2026-04-24T04:15:46.723+0000] {logging_mixin.py:188} INFO - [2026-04-24T04:15:46.723+0000] {dag.py:3823} INFO - Setting next_dagrun for example_subdag_operator to 2022-01-01 00:00:00+00:00, run_after=2022-01-01 00:00:00+00:00
[2026-04-24T04:15:46.728+0000] {logging_mixin.py:188} INFO - [2026-04-24T04:15:46.728+0000] {dag.py:3823} INFO - Setting next_dagrun for example_subdag_operator.section-1 to None, run_after=None
[2026-04-24T04:15:46.730+0000] {logging_mixin.py:188} INFO - [2026-04-24T04:15:46.729+0000] {dag.py:3823} INFO - Setting next_dagrun for example_subdag_operator.section-2 to None, run_after=None
[2026-04-24T04:15:46.740+0000] {logging_mixin.py:188} INFO - [2026-04-24T04:15:46.740+0000] {dag.py:3036} INFO - Sync 2 DAGs
[2026-04-24T04:15:46.747+0000] {logging_mixin.py:188} INFO - [2026-04-24T04:15:46.747+0000] {dag.py:3823} INFO - Setting next_dagrun for example_subdag_operator.section-1 to None, run_after=None
[2026-04-24T04:15:46.748+0000] {logging_mixin.py:188} INFO - [2026-04-24T04:15:46.747+0000] {dag.py:3823} INFO - Setting next_dagrun for example_subdag_operator.section-2 to None, run_after=None
[2026-04-24T04:15:46.762+0000] {processor.py:183} INFO - Processing /home/airflow/.local/lib/python3.8/site-packages/airflow/example_dags/example_subdag_operator.py took 0.130 seconds
[2026-04-24T04:16:16.893+0000] {processor.py:161} INFO - Started process (PID=2290) to work on /home/airflow/.local/lib/python3.8/site-packages/airflow/example_dags/example_subdag_operator.py
[2026-04-24T04:16:16.895+0000] {processor.py:830} INFO - Processing file /home/airflow/.local/lib/python3.8/site-packages/airflow/example_dags/example_subdag_operator.py for tasks to queue
[2026-04-24T04:16:16.897+0000] {logging_mixin.py:188} INFO - [2026-04-24T04:16:16.897+0000] {dagbag.py:538} INFO - Filling up the DagBag from /home/airflow/.local/lib/python3.8/site-packages/airflow/example_dags/example_subdag_operator.py
[2026-04-24T04:16:16.932+0000] {processor.py:840} INFO - DAG(s) 'example_subdag_operator.section-1', 'example_subdag_operator.section-2', 'example_subdag_operator' retrieved from /home/airflow/.local/lib/python3.8/site-packages/airflow/example_dags/example_subdag_operator.py
[2026-04-24T04:16:16.951+0000] {logging_mixin.py:188} INFO - [2026-04-24T04:16:16.951+0000] {dag.py:3036} INFO - Sync 3 DAGs
[2026-04-24T04:16:16.980+0000] {logging_mixin.py:188} INFO - [2026-04-24T04:16:16.980+0000] {dag.py:3823} INFO - Setting next_dagrun for example_subdag_operator to 2022-01-01 00:00:00+00:00, run_after=2022-01-01 00:00:00+00:00
[2026-04-24T04:16:16.985+0000] {logging_mixin.py:188} INFO - [2026-04-24T04:16:16.985+0000] {dag.py:3823} INFO - Setting next_dagrun for example_subdag_operator.section-1 to None, run_after=None
[2026-04-24T04:16:16.987+0000] {logging_mixin.py:188} INFO - [2026-04-24T04:16:16.987+0000] {dag.py:3823} INFO - Setting next_dagrun for example_subdag_operator.section-2 to None, run_after=None
[2026-04-24T04:16:16.996+0000] {logging_mixin.py:188} INFO - [2026-04-24T04:16:16.996+0000] {dag.py:3036} INFO - Sync 2 DAGs
[2026-04-24T04:16:17.003+0000] {logging_mixin.py:188} INFO - [2026-04-24T04:16:17.003+0000] {dag.py:3823} INFO - Setting next_dagrun for example_subdag_operator.section-1 to None, run_after=None
[2026-04-24T04:16:17.004+0000] {logging_mixin.py:188} INFO - [2026-04-24T04:16:17.003+0000] {dag.py:3823} INFO - Setting next_dagrun for example_subdag_operator.section-2 to None, run_after=None
[2026-04-24T04:16:17.018+0000] {processor.py:183} INFO - Processing /home/airflow/.local/lib/python3.8/site-packages/airflow/example_dags/example_subdag_operator.py took 0.129 seconds
[2026-04-24T04:16:47.222+0000] {processor.py:161} INFO - Started process (PID=2346) to work on /home/airflow/.local/lib/python3.8/site-packages/airflow/example_dags/example_subdag_operator.py
[2026-04-24T04:16:47.223+0000] {processor.py:830} INFO - Processing file /home/airflow/.local/lib/python3.8/site-packages/airflow/example_dags/example_subdag_operator.py for tasks to queue
[2026-04-24T04:16:47.225+0000] {logging_mixin.py:188} INFO - [2026-04-24T04:16:47.225+0000] {dagbag.py:538} INFO - Filling up the DagBag from /home/airflow/.local/lib/python3.8/site-packages/airflow/example_dags/example_subdag_operator.py
[2026-04-24T04:16:47.258+0000] {processor.py:840} INFO - DAG(s) 'example_subdag_operator.section-1', 'example_subdag_operator.section-2', 'example_subdag_operator' retrieved from /home/airflow/.local/lib/python3.8/site-packages/airflow/example_dags/example_subdag_operator.py
[2026-04-24T04:16:47.280+0000] {logging_mixin.py:188} INFO - [2026-04-24T04:16:47.279+0000] {dag.py:3036} INFO - Sync 3 DAGs
[2026-04-24T04:16:47.309+0000] {logging_mixin.py:188} INFO - [2026-04-24T04:16:47.309+0000] {dag.py:3823} INFO - Setting next_dagrun for example_subdag_operator to 2022-01-01 00:00:00+00:00, run_after=2022-01-01 00:00:00+00:00
[2026-04-24T04:16:47.314+0000] {logging_mixin.py:188} INFO - [2026-04-24T04:16:47.314+0000] {dag.py:3823} INFO - Setting next_dagrun for example_subdag_operator.section-1 to None, run_after=None
[2026-04-24T04:16:47.316+0000] {logging_mixin.py:188} INFO - [2026-04-24T04:16:47.316+0000] {dag.py:3823} INFO - Setting next_dagrun for example_subdag_operator.section-2 to None, run_after=None
[2026-04-24T04:16:47.325+0000] {logging_mixin.py:188} INFO - [2026-04-24T04:16:47.324+0000] {dag.py:3036} INFO - Sync 2 DAGs
[2026-04-24T04:16:47.331+0000] {logging_mixin.py:188} INFO - [2026-04-24T04:16:47.331+0000] {dag.py:3823} INFO - Setting next_dagrun for example_subdag_operator.section-1 to None, run_after=None
[2026-04-24T04:16:47.332+0000] {logging_mixin.py:188} INFO - [2026-04-24T04:16:47.332+0000] {dag.py:3823} INFO - Setting next_dagrun for example_subdag_operator.section-2 to None, run_after=None
[2026-04-24T04:16:47.347+0000] {processor.py:183} INFO - Processing /home/airflow/.local/lib/python3.8/site-packages/airflow/example_dags/example_subdag_operator.py took 0.130 seconds
[2026-04-24T04:17:18.845+0000] {processor.py:161} INFO - Started process (PID=2400) to work on /home/airflow/.local/lib/python3.8/site-packages/airflow/example_dags/example_subdag_operator.py
[2026-04-24T04:17:18.846+0000] {processor.py:830} INFO - Processing file /home/airflow/.local/lib/python3.8/site-packages/airflow/example_dags/example_subdag_operator.py for tasks to queue
[2026-04-24T04:17:18.848+0000] {logging_mixin.py:188} INFO - [2026-04-24T04:17:18.848+0000] {dagbag.py:538} INFO - Filling up the DagBag from /home/airflow/.local/lib/python3.8/site-packages/airflow/example_dags/example_subdag_operator.py
[2026-04-24T04:17:18.882+0000] {processor.py:840} INFO - DAG(s) 'example_subdag_operator.section-1', 'example_subdag_operator.section-2', 'example_subdag_operator' retrieved from /home/airflow/.local/lib/python3.8/site-packages/airflow/example_dags/example_subdag_operator.py
[2026-04-24T04:17:18.902+0000] {logging_mixin.py:188} INFO - [2026-04-24T04:17:18.901+0000] {dag.py:3036} INFO - Sync 3 DAGs
[2026-04-24T04:17:19.091+0000] {logging_mixin.py:188} INFO - [2026-04-24T04:17:19.091+0000] {dag.py:3823} INFO - Setting next_dagrun for example_subdag_operator to 2022-01-01 00:00:00+00:00, run_after=2022-01-01 00:00:00+00:00
[2026-04-24T04:17:19.096+0000] {logging_mixin.py:188} INFO - [2026-04-24T04:17:19.095+0000] {dag.py:3823} INFO - Setting next_dagrun for example_subdag_operator.section-1 to None, run_after=None
[2026-04-24T04:17:19.097+0000] {logging_mixin.py:188} INFO - [2026-04-24T04:17:19.097+0000] {dag.py:3823} INFO - Setting next_dagrun for example_subdag_operator.section-2 to None, run_after=None
[2026-04-24T04:17:19.106+0000] {logging_mixin.py:188} INFO - [2026-04-24T04:17:19.105+0000] {dag.py:3036} INFO - Sync 2 DAGs
[2026-04-24T04:17:19.113+0000] {logging_mixin.py:188} INFO - [2026-04-24T04:17:19.113+0000] {dag.py:3823} INFO - Setting next_dagrun for example_subdag_operator.section-1 to None, run_after=None
[2026-04-24T04:17:19.114+0000] {logging_mixin.py:188} INFO - [2026-04-24T04:17:19.114+0000] {dag.py:3823} INFO - Setting next_dagrun for example_subdag_operator.section-2 to None, run_after=None
[2026-04-24T04:17:19.129+0000] {processor.py:183} INFO - Processing /home/airflow/.local/lib/python3.8/site-packages/airflow/example_dags/example_subdag_operator.py took 0.289 seconds
[2026-04-24T04:17:49.285+0000] {processor.py:161} INFO - Started process (PID=2455) to work on /home/airflow/.local/lib/python3.8/site-packages/airflow/example_dags/example_subdag_operator.py
[2026-04-24T04:17:49.286+0000] {processor.py:830} INFO - Processing file /home/airflow/.local/lib/python3.8/site-packages/airflow/example_dags/example_subdag_operator.py for tasks to queue
[2026-04-24T04:17:49.288+0000] {logging_mixin.py:188} INFO - [2026-04-24T04:17:49.288+0000] {dagbag.py:538} INFO - Filling up the DagBag from /home/airflow/.local/lib/python3.8/site-packages/airflow/example_dags/example_subdag_operator.py
[2026-04-24T04:17:49.326+0000] {processor.py:840} INFO - DAG(s) 'example_subdag_operator.section-1', 'example_subdag_operator.section-2', 'example_subdag_operator' retrieved from /home/airflow/.local/lib/python3.8/site-packages/airflow/example_dags/example_subdag_operator.py
[2026-04-24T04:17:49.351+0000] {logging_mixin.py:188} INFO - [2026-04-24T04:17:49.351+0000] {dag.py:3036} INFO - Sync 3 DAGs
[2026-04-24T04:17:49.545+0000] {logging_mixin.py:188} INFO - [2026-04-24T04:17:49.545+0000] {dag.py:3823} INFO - Setting next_dagrun for example_subdag_operator to 2022-01-01 00:00:00+00:00, run_after=2022-01-01 00:00:00+00:00
[2026-04-24T04:17:49.550+0000] {logging_mixin.py:188} INFO - [2026-04-24T04:17:49.549+0000] {dag.py:3823} INFO - Setting next_dagrun for example_subdag_operator.section-1 to None, run_after=None
[2026-04-24T04:17:49.551+0000] {logging_mixin.py:188} INFO - [2026-04-24T04:17:49.551+0000] {dag.py:3823} INFO - Setting next_dagrun for example_subdag_operator.section-2 to None, run_after=None
[2026-04-24T04:17:49.559+0000] {logging_mixin.py:188} INFO - [2026-04-24T04:17:49.559+0000] {dag.py:3036} INFO - Sync 2 DAGs
[2026-04-24T04:17:49.566+0000] {logging_mixin.py:188} INFO - [2026-04-24T04:17:49.566+0000] {dag.py:3823} INFO - Setting next_dagrun for example_subdag_operator.section-1 to None, run_after=None
[2026-04-24T04:17:49.567+0000] {logging_mixin.py:188} INFO - [2026-04-24T04:17:49.566+0000] {dag.py:3823} INFO - Setting next_dagrun for example_subdag_operator.section-2 to None, run_after=None
[2026-04-24T04:17:49.581+0000] {processor.py:183} INFO - Processing /home/airflow/.local/lib/python3.8/site-packages/airflow/example_dags/example_subdag_operator.py took 0.300 seconds
[2026-04-24T04:18:19.620+0000] {processor.py:161} INFO - Started process (PID=2511) to work on /home/airflow/.local/lib/python3.8/site-packages/airflow/example_dags/example_subdag_operator.py
[2026-04-24T04:18:19.621+0000] {processor.py:830} INFO - Processing file /home/airflow/.local/lib/python3.8/site-packages/airflow/example_dags/example_subdag_operator.py for tasks to queue
[2026-04-24T04:18:19.623+0000] {logging_mixin.py:188} INFO - [2026-04-24T04:18:19.623+0000] {dagbag.py:538} INFO - Filling up the DagBag from /home/airflow/.local/lib/python3.8/site-packages/airflow/example_dags/example_subdag_operator.py
[2026-04-24T04:18:19.657+0000] {processor.py:840} INFO - DAG(s) 'example_subdag_operator.section-1', 'example_subdag_operator.section-2', 'example_subdag_operator' retrieved from /home/airflow/.local/lib/python3.8/site-packages/airflow/example_dags/example_subdag_operator.py
[2026-04-24T04:18:19.679+0000] {logging_mixin.py:188} INFO - [2026-04-24T04:18:19.678+0000] {dag.py:3036} INFO - Sync 3 DAGs
[2026-04-24T04:18:19.707+0000] {logging_mixin.py:188} INFO - [2026-04-24T04:18:19.707+0000] {dag.py:3823} INFO - Setting next_dagrun for example_subdag_operator to 2022-01-01 00:00:00+00:00, run_after=2022-01-01 00:00:00+00:00
[2026-04-24T04:18:19.712+0000] {logging_mixin.py:188} INFO - [2026-04-24T04:18:19.712+0000] {dag.py:3823} INFO - Setting next_dagrun for example_subdag_operator.section-1 to None, run_after=None
[2026-04-24T04:18:19.713+0000] {logging_mixin.py:188} INFO - [2026-04-24T04:18:19.713+0000] {dag.py:3823} INFO - Setting next_dagrun for example_subdag_operator.section-2 to None, run_after=None
[2026-04-24T04:18:19.723+0000] {logging_mixin.py:188} INFO - [2026-04-24T04:18:19.723+0000] {dag.py:3036} INFO - Sync 2 DAGs
[2026-04-24T04:18:19.730+0000] {logging_mixin.py:188} INFO - [2026-04-24T04:18:19.730+0000] {dag.py:3823} INFO - Setting next_dagrun for example_subdag_operator.section-1 to None, run_after=None
[2026-04-24T04:18:19.730+0000] {logging_mixin.py:188} INFO - [2026-04-24T04:18:19.730+0000] {dag.py:3823} INFO - Setting next_dagrun for example_subdag_operator.section-2 to None, run_after=None
[2026-04-24T04:18:19.744+0000] {processor.py:183} INFO - Processing /home/airflow/.local/lib/python3.8/site-packages/airflow/example_dags/example_subdag_operator.py took 0.129 seconds
[2026-04-24T04:18:50.483+0000] {processor.py:161} INFO - Started process (PID=2563) to work on /home/airflow/.local/lib/python3.8/site-packages/airflow/example_dags/example_subdag_operator.py
[2026-04-24T04:18:50.485+0000] {processor.py:830} INFO - Processing file /home/airflow/.local/lib/python3.8/site-packages/airflow/example_dags/example_subdag_operator.py for tasks to queue
[2026-04-24T04:18:50.487+0000] {logging_mixin.py:188} INFO - [2026-04-24T04:18:50.486+0000] {dagbag.py:538} INFO - Filling up the DagBag from /home/airflow/.local/lib/python3.8/site-packages/airflow/example_dags/example_subdag_operator.py
[2026-04-24T04:18:50.523+0000] {processor.py:840} INFO - DAG(s) 'example_subdag_operator.section-1', 'example_subdag_operator.section-2', 'example_subdag_operator' retrieved from /home/airflow/.local/lib/python3.8/site-packages/airflow/example_dags/example_subdag_operator.py
[2026-04-24T04:18:50.544+0000] {logging_mixin.py:188} INFO - [2026-04-24T04:18:50.543+0000] {dag.py:3036} INFO - Sync 3 DAGs
[2026-04-24T04:18:50.573+0000] {logging_mixin.py:188} INFO - [2026-04-24T04:18:50.572+0000] {dag.py:3823} INFO - Setting next_dagrun for example_subdag_operator to 2022-01-01 00:00:00+00:00, run_after=2022-01-01 00:00:00+00:00
[2026-04-24T04:18:50.578+0000] {logging_mixin.py:188} INFO - [2026-04-24T04:18:50.577+0000] {dag.py:3823} INFO - Setting next_dagrun for example_subdag_operator.section-1 to None, run_after=None
[2026-04-24T04:18:50.580+0000] {logging_mixin.py:188} INFO - [2026-04-24T04:18:50.579+0000] {dag.py:3823} INFO - Setting next_dagrun for example_subdag_operator.section-2 to None, run_after=None
[2026-04-24T04:18:50.588+0000] {logging_mixin.py:188} INFO - [2026-04-24T04:18:50.588+0000] {dag.py:3036} INFO - Sync 2 DAGs
[2026-04-24T04:18:50.595+0000] {logging_mixin.py:188} INFO - [2026-04-24T04:18:50.595+0000] {dag.py:3823} INFO - Setting next_dagrun for example_subdag_operator.section-1 to None, run_after=None
[2026-04-24T04:18:50.596+0000] {logging_mixin.py:188} INFO - [2026-04-24T04:18:50.596+0000] {dag.py:3823} INFO - Setting next_dagrun for example_subdag_operator.section-2 to None, run_after=None
[2026-04-24T04:18:50.610+0000] {processor.py:183} INFO - Processing /home/airflow/.local/lib/python3.8/site-packages/airflow/example_dags/example_subdag_operator.py took 0.131 seconds
[2026-04-24T04:19:21.009+0000] {processor.py:161} INFO - Started process (PID=2618) to work on /home/airflow/.local/lib/python3.8/site-packages/airflow/example_dags/example_subdag_operator.py
[2026-04-24T04:19:21.011+0000] {processor.py:830} INFO - Processing file /home/airflow/.local/lib/python3.8/site-packages/airflow/example_dags/example_subdag_operator.py for tasks to queue
[2026-04-24T04:19:21.013+0000] {logging_mixin.py:188} INFO - [2026-04-24T04:19:21.012+0000] {dagbag.py:538} INFO - Filling up the DagBag from /home/airflow/.local/lib/python3.8/site-packages/airflow/example_dags/example_subdag_operator.py
[2026-04-24T04:19:21.047+0000] {processor.py:840} INFO - DAG(s) 'example_subdag_operator.section-1', 'example_subdag_operator.section-2', 'example_subdag_operator' retrieved from /home/airflow/.local/lib/python3.8/site-packages/airflow/example_dags/example_subdag_operator.py
[2026-04-24T04:19:21.068+0000] {logging_mixin.py:188} INFO - [2026-04-24T04:19:21.068+0000] {dag.py:3036} INFO - Sync 3 DAGs
[2026-04-24T04:19:21.100+0000] {logging_mixin.py:188} INFO - [2026-04-24T04:19:21.099+0000] {dag.py:3823} INFO - Setting next_dagrun for example_subdag_operator to 2022-01-01 00:00:00+00:00, run_after=2022-01-01 00:00:00+00:00
[2026-04-24T04:19:21.105+0000] {logging_mixin.py:188} INFO - [2026-04-24T04:19:21.104+0000] {dag.py:3823} INFO - Setting next_dagrun for example_subdag_operator.section-1 to None, run_after=None
[2026-04-24T04:19:21.106+0000] {logging_mixin.py:188} INFO - [2026-04-24T04:19:21.106+0000] {dag.py:3823} INFO - Setting next_dagrun for example_subdag_operator.section-2 to None, run_after=None
[2026-04-24T04:19:21.115+0000] {logging_mixin.py:188} INFO - [2026-04-24T04:19:21.115+0000] {dag.py:3036} INFO - Sync 2 DAGs
[2026-04-24T04:19:21.123+0000] {logging_mixin.py:188} INFO - [2026-04-24T04:19:21.122+0000] {dag.py:3823} INFO - Setting next_dagrun for example_subdag_operator.section-1 to None, run_after=None
[2026-04-24T04:19:21.123+0000] {logging_mixin.py:188} INFO - [2026-04-24T04:19:21.123+0000] {dag.py:3823} INFO - Setting next_dagrun for example_subdag_operator.section-2 to None, run_after=None
[2026-04-24T04:19:21.147+0000] {processor.py:183} INFO - Processing /home/airflow/.local/lib/python3.8/site-packages/airflow/example_dags/example_subdag_operator.py took 0.142 seconds
[2026-04-24T04:19:51.513+0000] {processor.py:161} INFO - Started process (PID=2673) to work on /home/airflow/.local/lib/python3.8/site-packages/airflow/example_dags/example_subdag_operator.py
[2026-04-24T04:19:51.514+0000] {processor.py:830} INFO - Processing file /home/airflow/.local/lib/python3.8/site-packages/airflow/example_dags/example_subdag_operator.py for tasks to queue
[2026-04-24T04:19:51.516+0000] {logging_mixin.py:188} INFO - [2026-04-24T04:19:51.516+0000] {dagbag.py:538} INFO - Filling up the DagBag from /home/airflow/.local/lib/python3.8/site-packages/airflow/example_dags/example_subdag_operator.py
[2026-04-24T04:19:51.550+0000] {processor.py:840} INFO - DAG(s) 'example_subdag_operator.section-1', 'example_subdag_operator.section-2', 'example_subdag_operator' retrieved from /home/airflow/.local/lib/python3.8/site-packages/airflow/example_dags/example_subdag_operator.py
[2026-04-24T04:19:51.570+0000] {logging_mixin.py:188} INFO - [2026-04-24T04:19:51.570+0000] {dag.py:3036} INFO - Sync 3 DAGs
[2026-04-24T04:19:51.603+0000] {logging_mixin.py:188} INFO - [2026-04-24T04:19:51.602+0000] {dag.py:3823} INFO - Setting next_dagrun for example_subdag_operator to 2022-01-01 00:00:00+00:00, run_after=2022-01-01 00:00:00+00:00
[2026-04-24T04:19:51.607+0000] {logging_mixin.py:188} INFO - [2026-04-24T04:19:51.607+0000] {dag.py:3823} INFO - Setting next_dagrun for example_subdag_operator.section-1 to None, run_after=None
[2026-04-24T04:19:51.609+0000] {logging_mixin.py:188} INFO - [2026-04-24T04:19:51.609+0000] {dag.py:3823} INFO - Setting next_dagrun for example_subdag_operator.section-2 to None, run_after=None
[2026-04-24T04:19:51.617+0000] {logging_mixin.py:188} INFO - [2026-04-24T04:19:51.617+0000] {dag.py:3036} INFO - Sync 2 DAGs
[2026-04-24T04:19:51.624+0000] {logging_mixin.py:188} INFO - [2026-04-24T04:19:51.624+0000] {dag.py:3823} INFO - Setting next_dagrun for example_subdag_operator.section-1 to None, run_after=None
[2026-04-24T04:19:51.625+0000] {logging_mixin.py:188} INFO - [2026-04-24T04:19:51.625+0000] {dag.py:3823} INFO - Setting next_dagrun for example_subdag_operator.section-2 to None, run_after=None
[2026-04-24T04:19:51.640+0000] {processor.py:183} INFO - Processing /home/airflow/.local/lib/python3.8/site-packages/airflow/example_dags/example_subdag_operator.py took 0.131 seconds
[2026-04-24T04:20:22.005+0000] {processor.py:161} INFO - Started process (PID=2728) to work on /home/airflow/.local/lib/python3.8/site-packages/airflow/example_dags/example_subdag_operator.py
[2026-04-24T04:20:22.006+0000] {processor.py:830} INFO - Processing file /home/airflow/.local/lib/python3.8/site-packages/airflow/example_dags/example_subdag_operator.py for tasks to queue
[2026-04-24T04:20:22.008+0000] {logging_mixin.py:188} INFO - [2026-04-24T04:20:22.008+0000] {dagbag.py:538} INFO - Filling up the DagBag from /home/airflow/.local/lib/python3.8/site-packages/airflow/example_dags/example_subdag_operator.py
[2026-04-24T04:20:22.042+0000] {processor.py:840} INFO - DAG(s) 'example_subdag_operator.section-1', 'example_subdag_operator.section-2', 'example_subdag_operator' retrieved from /home/airflow/.local/lib/python3.8/site-packages/airflow/example_dags/example_subdag_operator.py
[2026-04-24T04:20:22.062+0000] {logging_mixin.py:188} INFO - [2026-04-24T04:20:22.061+0000] {dag.py:3036} INFO - Sync 3 DAGs
[2026-04-24T04:20:22.090+0000] {logging_mixin.py:188} INFO - [2026-04-24T04:20:22.090+0000] {dag.py:3823} INFO - Setting next_dagrun for example_subdag_operator to 2022-01-01 00:00:00+00:00, run_after=2022-01-01 00:00:00+00:00
[2026-04-24T04:20:22.095+0000] {logging_mixin.py:188} INFO - [2026-04-24T04:20:22.094+0000] {dag.py:3823} INFO - Setting next_dagrun for example_subdag_operator.section-1 to None, run_after=None
[2026-04-24T04:20:22.096+0000] {logging_mixin.py:188} INFO - [2026-04-24T04:20:22.096+0000] {dag.py:3823} INFO - Setting next_dagrun for example_subdag_operator.section-2 to None, run_after=None
[2026-04-24T04:20:22.105+0000] {logging_mixin.py:188} INFO - [2026-04-24T04:20:22.104+0000] {dag.py:3036} INFO - Sync 2 DAGs
[2026-04-24T04:20:22.111+0000] {logging_mixin.py:188} INFO - [2026-04-24T04:20:22.111+0000] {dag.py:3823} INFO - Setting next_dagrun for example_subdag_operator.section-1 to None, run_after=None
[2026-04-24T04:20:22.112+0000] {logging_mixin.py:188} INFO - [2026-04-24T04:20:22.112+0000] {dag.py:3823} INFO - Setting next_dagrun for example_subdag_operator.section-2 to None, run_after=None
[2026-04-24T04:20:22.128+0000] {processor.py:183} INFO - Processing /home/airflow/.local/lib/python3.8/site-packages/airflow/example_dags/example_subdag_operator.py took 0.128 seconds
[2026-04-24T04:20:52.374+0000] {processor.py:161} INFO - Started process (PID=2783) to work on /home/airflow/.local/lib/python3.8/site-packages/airflow/example_dags/example_subdag_operator.py
[2026-04-24T04:20:52.376+0000] {processor.py:830} INFO - Processing file /home/airflow/.local/lib/python3.8/site-packages/airflow/example_dags/example_subdag_operator.py for tasks to queue
[2026-04-24T04:20:52.378+0000] {logging_mixin.py:188} INFO - [2026-04-24T04:20:52.378+0000] {dagbag.py:538} INFO - Filling up the DagBag from /home/airflow/.local/lib/python3.8/site-packages/airflow/example_dags/example_subdag_operator.py
[2026-04-24T04:20:52.412+0000] {processor.py:840} INFO - DAG(s) 'example_subdag_operator.section-1', 'example_subdag_operator.section-2', 'example_subdag_operator' retrieved from /home/airflow/.local/lib/python3.8/site-packages/airflow/example_dags/example_subdag_operator.py
[2026-04-24T04:20:52.433+0000] {logging_mixin.py:188} INFO - [2026-04-24T04:20:52.433+0000] {dag.py:3036} INFO - Sync 3 DAGs
[2026-04-24T04:20:52.463+0000] {logging_mixin.py:188} INFO - [2026-04-24T04:20:52.462+0000] {dag.py:3823} INFO - Setting next_dagrun for example_subdag_operator to 2022-01-01 00:00:00+00:00, run_after=2022-01-01 00:00:00+00:00
[2026-04-24T04:20:52.468+0000] {logging_mixin.py:188} INFO - [2026-04-24T04:20:52.468+0000] {dag.py:3823} INFO - Setting next_dagrun for example_subdag_operator.section-1 to None, run_after=None
[2026-04-24T04:20:52.470+0000] {logging_mixin.py:188} INFO - [2026-04-24T04:20:52.470+0000] {dag.py:3823} INFO - Setting next_dagrun for example_subdag_operator.section-2 to None, run_after=None
[2026-04-24T04:20:52.479+0000] {logging_mixin.py:188} INFO - [2026-04-24T04:20:52.479+0000] {dag.py:3036} INFO - Sync 2 DAGs
[2026-04-24T04:20:52.486+0000] {logging_mixin.py:188} INFO - [2026-04-24T04:20:52.486+0000] {dag.py:3823} INFO - Setting next_dagrun for example_subdag_operator.section-1 to None, run_after=None
[2026-04-24T04:20:52.487+0000] {logging_mixin.py:188} INFO - [2026-04-24T04:20:52.486+0000] {dag.py:3823} INFO - Setting next_dagrun for example_subdag_operator.section-2 to None, run_after=None
[2026-04-24T04:20:52.501+0000] {processor.py:183} INFO - Processing /home/airflow/.local/lib/python3.8/site-packages/airflow/example_dags/example_subdag_operator.py took 0.131 seconds
[2026-04-24T04:21:22.762+0000] {processor.py:161} INFO - Started process (PID=2838) to work on /home/airflow/.local/lib/python3.8/site-packages/airflow/example_dags/example_subdag_operator.py
[2026-04-24T04:21:22.763+0000] {processor.py:830} INFO - Processing file /home/airflow/.local/lib/python3.8/site-packages/airflow/example_dags/example_subdag_operator.py for tasks to queue
[2026-04-24T04:21:22.765+0000] {logging_mixin.py:188} INFO - [2026-04-24T04:21:22.765+0000] {dagbag.py:538} INFO - Filling up the DagBag from /home/airflow/.local/lib/python3.8/site-packages/airflow/example_dags/example_subdag_operator.py
[2026-04-24T04:21:22.800+0000] {processor.py:840} INFO - DAG(s) 'example_subdag_operator.section-1', 'example_subdag_operator.section-2', 'example_subdag_operator' retrieved from /home/airflow/.local/lib/python3.8/site-packages/airflow/example_dags/example_subdag_operator.py
[2026-04-24T04:21:22.820+0000] {logging_mixin.py:188} INFO - [2026-04-24T04:21:22.820+0000] {dag.py:3036} INFO - Sync 3 DAGs
[2026-04-24T04:21:22.850+0000] {logging_mixin.py:188} INFO - [2026-04-24T04:21:22.850+0000] {dag.py:3823} INFO - Setting next_dagrun for example_subdag_operator to 2022-01-01 00:00:00+00:00, run_after=2022-01-01 00:00:00+00:00
[2026-04-24T04:21:22.856+0000] {logging_mixin.py:188} INFO - [2026-04-24T04:21:22.855+0000] {dag.py:3823} INFO - Setting next_dagrun for example_subdag_operator.section-1 to None, run_after=None
[2026-04-24T04:21:22.857+0000] {logging_mixin.py:188} INFO - [2026-04-24T04:21:22.857+0000] {dag.py:3823} INFO - Setting next_dagrun for example_subdag_operator.section-2 to None, run_after=None
[2026-04-24T04:21:22.866+0000] {logging_mixin.py:188} INFO - [2026-04-24T04:21:22.866+0000] {dag.py:3036} INFO - Sync 2 DAGs
[2026-04-24T04:21:22.873+0000] {logging_mixin.py:188} INFO - [2026-04-24T04:21:22.873+0000] {dag.py:3823} INFO - Setting next_dagrun for example_subdag_operator.section-1 to None, run_after=None
[2026-04-24T04:21:22.874+0000] {logging_mixin.py:188} INFO - [2026-04-24T04:21:22.873+0000] {dag.py:3823} INFO - Setting next_dagrun for example_subdag_operator.section-2 to None, run_after=None
[2026-04-24T04:21:22.888+0000] {processor.py:183} INFO - Processing /home/airflow/.local/lib/python3.8/site-packages/airflow/example_dags/example_subdag_operator.py took 0.131 seconds
[2026-04-24T04:21:53.348+0000] {processor.py:161} INFO - Started process (PID=2893) to work on /home/airflow/.local/lib/python3.8/site-packages/airflow/example_dags/example_subdag_operator.py
[2026-04-24T04:21:53.349+0000] {processor.py:830} INFO - Processing file /home/airflow/.local/lib/python3.8/site-packages/airflow/example_dags/example_subdag_operator.py for tasks to queue
[2026-04-24T04:21:53.352+0000] {logging_mixin.py:188} INFO - [2026-04-24T04:21:53.351+0000] {dagbag.py:538} INFO - Filling up the DagBag from /home/airflow/.local/lib/python3.8/site-packages/airflow/example_dags/example_subdag_operator.py
[2026-04-24T04:21:53.385+0000] {processor.py:840} INFO - DAG(s) 'example_subdag_operator.section-1', 'example_subdag_operator.section-2', 'example_subdag_operator' retrieved from /home/airflow/.local/lib/python3.8/site-packages/airflow/example_dags/example_subdag_operator.py
[2026-04-24T04:21:53.405+0000] {logging_mixin.py:188} INFO - [2026-04-24T04:21:53.405+0000] {dag.py:3036} INFO - Sync 3 DAGs
[2026-04-24T04:21:53.435+0000] {logging_mixin.py:188} INFO - [2026-04-24T04:21:53.434+0000] {dag.py:3823} INFO - Setting next_dagrun for example_subdag_operator to 2022-01-01 00:00:00+00:00, run_after=2022-01-01 00:00:00+00:00
[2026-04-24T04:21:53.439+0000] {logging_mixin.py:188} INFO - [2026-04-24T04:21:53.439+0000] {dag.py:3823} INFO - Setting next_dagrun for example_subdag_operator.section-1 to None, run_after=None
[2026-04-24T04:21:53.441+0000] {logging_mixin.py:188} INFO - [2026-04-24T04:21:53.441+0000] {dag.py:3823} INFO - Setting next_dagrun for example_subdag_operator.section-2 to None, run_after=None
[2026-04-24T04:21:53.450+0000] {logging_mixin.py:188} INFO - [2026-04-24T04:21:53.449+0000] {dag.py:3036} INFO - Sync 2 DAGs
[2026-04-24T04:21:53.457+0000] {logging_mixin.py:188} INFO - [2026-04-24T04:21:53.457+0000] {dag.py:3823} INFO - Setting next_dagrun for example_subdag_operator.section-1 to None, run_after=None
[2026-04-24T04:21:53.458+0000] {logging_mixin.py:188} INFO - [2026-04-24T04:21:53.458+0000] {dag.py:3823} INFO - Setting next_dagrun for example_subdag_operator.section-2 to None, run_after=None
[2026-04-24T04:21:53.473+0000] {processor.py:183} INFO - Processing /home/airflow/.local/lib/python3.8/site-packages/airflow/example_dags/example_subdag_operator.py took 0.129 seconds
[2026-04-24T04:22:23.642+0000] {processor.py:161} INFO - Started process (PID=2948) to work on /home/airflow/.local/lib/python3.8/site-packages/airflow/example_dags/example_subdag_operator.py
[2026-04-24T04:22:23.643+0000] {processor.py:830} INFO - Processing file /home/airflow/.local/lib/python3.8/site-packages/airflow/example_dags/example_subdag_operator.py for tasks to queue
[2026-04-24T04:22:23.646+0000] {logging_mixin.py:188} INFO - [2026-04-24T04:22:23.645+0000] {dagbag.py:538} INFO - Filling up the DagBag from /home/airflow/.local/lib/python3.8/site-packages/airflow/example_dags/example_subdag_operator.py
[2026-04-24T04:22:23.680+0000] {processor.py:840} INFO - DAG(s) 'example_subdag_operator.section-1', 'example_subdag_operator.section-2', 'example_subdag_operator' retrieved from /home/airflow/.local/lib/python3.8/site-packages/airflow/example_dags/example_subdag_operator.py
[2026-04-24T04:22:23.700+0000] {logging_mixin.py:188} INFO - [2026-04-24T04:22:23.699+0000] {dag.py:3036} INFO - Sync 3 DAGs
[2026-04-24T04:22:23.729+0000] {logging_mixin.py:188} INFO - [2026-04-24T04:22:23.728+0000] {dag.py:3823} INFO - Setting next_dagrun for example_subdag_operator to 2022-01-01 00:00:00+00:00, run_after=2022-01-01 00:00:00+00:00
[2026-04-24T04:22:23.734+0000] {logging_mixin.py:188} INFO - [2026-04-24T04:22:23.734+0000] {dag.py:3823} INFO - Setting next_dagrun for example_subdag_operator.section-1 to None, run_after=None
[2026-04-24T04:22:23.736+0000] {logging_mixin.py:188} INFO - [2026-04-24T04:22:23.735+0000] {dag.py:3823} INFO - Setting next_dagrun for example_subdag_operator.section-2 to None, run_after=None
[2026-04-24T04:22:23.744+0000] {logging_mixin.py:188} INFO - [2026-04-24T04:22:23.744+0000] {dag.py:3036} INFO - Sync 2 DAGs
[2026-04-24T04:22:23.751+0000] {logging_mixin.py:188} INFO - [2026-04-24T04:22:23.751+0000] {dag.py:3823} INFO - Setting next_dagrun for example_subdag_operator.section-1 to None, run_after=None
[2026-04-24T04:22:23.752+0000] {logging_mixin.py:188} INFO - [2026-04-24T04:22:23.752+0000] {dag.py:3823} INFO - Setting next_dagrun for example_subdag_operator.section-2 to None, run_after=None
[2026-04-24T04:22:23.766+0000] {processor.py:183} INFO - Processing /home/airflow/.local/lib/python3.8/site-packages/airflow/example_dags/example_subdag_operator.py took 0.129 seconds
[2026-04-24T04:22:53.901+0000] {processor.py:161} INFO - Started process (PID=3003) to work on /home/airflow/.local/lib/python3.8/site-packages/airflow/example_dags/example_subdag_operator.py
[2026-04-24T04:22:53.902+0000] {processor.py:830} INFO - Processing file /home/airflow/.local/lib/python3.8/site-packages/airflow/example_dags/example_subdag_operator.py for tasks to queue
[2026-04-24T04:22:53.905+0000] {logging_mixin.py:188} INFO - [2026-04-24T04:22:53.904+0000] {dagbag.py:538} INFO - Filling up the DagBag from /home/airflow/.local/lib/python3.8/site-packages/airflow/example_dags/example_subdag_operator.py
[2026-04-24T04:22:53.938+0000] {processor.py:840} INFO - DAG(s) 'example_subdag_operator.section-1', 'example_subdag_operator.section-2', 'example_subdag_operator' retrieved from /home/airflow/.local/lib/python3.8/site-packages/airflow/example_dags/example_subdag_operator.py
[2026-04-24T04:22:53.959+0000] {logging_mixin.py:188} INFO - [2026-04-24T04:22:53.958+0000] {dag.py:3036} INFO - Sync 3 DAGs
[2026-04-24T04:22:53.989+0000] {logging_mixin.py:188} INFO - [2026-04-24T04:22:53.988+0000] {dag.py:3823} INFO - Setting next_dagrun for example_subdag_operator to 2022-01-01 00:00:00+00:00, run_after=2022-01-01 00:00:00+00:00
[2026-04-24T04:22:53.995+0000] {logging_mixin.py:188} INFO - [2026-04-24T04:22:53.994+0000] {dag.py:3823} INFO - Setting next_dagrun for example_subdag_operator.section-1 to None, run_after=None
[2026-04-24T04:22:53.996+0000] {logging_mixin.py:188} INFO - [2026-04-24T04:22:53.996+0000] {dag.py:3823} INFO - Setting next_dagrun for example_subdag_operator.section-2 to None, run_after=None
[2026-04-24T04:22:54.005+0000] {logging_mixin.py:188} INFO - [2026-04-24T04:22:54.005+0000] {dag.py:3036} INFO - Sync 2 DAGs
[2026-04-24T04:22:54.013+0000] {logging_mixin.py:188} INFO - [2026-04-24T04:22:54.012+0000] {dag.py:3823} INFO - Setting next_dagrun for example_subdag_operator.section-1 to None, run_after=None
[2026-04-24T04:22:54.013+0000] {logging_mixin.py:188} INFO - [2026-04-24T04:22:54.013+0000] {dag.py:3823} INFO - Setting next_dagrun for example_subdag_operator.section-2 to None, run_after=None
[2026-04-24T04:22:54.028+0000] {processor.py:183} INFO - Processing /home/airflow/.local/lib/python3.8/site-packages/airflow/example_dags/example_subdag_operator.py took 0.131 seconds
[2026-04-24T04:23:24.107+0000] {processor.py:161} INFO - Started process (PID=3058) to work on /home/airflow/.local/lib/python3.8/site-packages/airflow/example_dags/example_subdag_operator.py
[2026-04-24T04:23:24.108+0000] {processor.py:830} INFO - Processing file /home/airflow/.local/lib/python3.8/site-packages/airflow/example_dags/example_subdag_operator.py for tasks to queue
[2026-04-24T04:23:24.111+0000] {logging_mixin.py:188} INFO - [2026-04-24T04:23:24.110+0000] {dagbag.py:538} INFO - Filling up the DagBag from /home/airflow/.local/lib/python3.8/site-packages/airflow/example_dags/example_subdag_operator.py
[2026-04-24T04:23:24.144+0000] {processor.py:840} INFO - DAG(s) 'example_subdag_operator.section-1', 'example_subdag_operator.section-2', 'example_subdag_operator' retrieved from /home/airflow/.local/lib/python3.8/site-packages/airflow/example_dags/example_subdag_operator.py
[2026-04-24T04:23:24.165+0000] {logging_mixin.py:188} INFO - [2026-04-24T04:23:24.164+0000] {dag.py:3036} INFO - Sync 3 DAGs
[2026-04-24T04:23:24.195+0000] {logging_mixin.py:188} INFO - [2026-04-24T04:23:24.194+0000] {dag.py:3823} INFO - Setting next_dagrun for example_subdag_operator to 2022-01-01 00:00:00+00:00, run_after=2022-01-01 00:00:00+00:00
[2026-04-24T04:23:24.200+0000] {logging_mixin.py:188} INFO - [2026-04-24T04:23:24.199+0000] {dag.py:3823} INFO - Setting next_dagrun for example_subdag_operator.section-1 to None, run_after=None
[2026-04-24T04:23:24.202+0000] {logging_mixin.py:188} INFO - [2026-04-24T04:23:24.201+0000] {dag.py:3823} INFO - Setting next_dagrun for example_subdag_operator.section-2 to None, run_after=None
[2026-04-24T04:23:24.210+0000] {logging_mixin.py:188} INFO - [2026-04-24T04:23:24.210+0000] {dag.py:3036} INFO - Sync 2 DAGs
[2026-04-24T04:23:24.217+0000] {logging_mixin.py:188} INFO - [2026-04-24T04:23:24.217+0000] {dag.py:3823} INFO - Setting next_dagrun for example_subdag_operator.section-1 to None, run_after=None
[2026-04-24T04:23:24.218+0000] {logging_mixin.py:188} INFO - [2026-04-24T04:23:24.218+0000] {dag.py:3823} INFO - Setting next_dagrun for example_subdag_operator.section-2 to None, run_after=None
[2026-04-24T04:23:24.232+0000] {processor.py:183} INFO - Processing /home/airflow/.local/lib/python3.8/site-packages/airflow/example_dags/example_subdag_operator.py took 0.130 seconds
[2026-04-24T04:23:54.363+0000] {processor.py:161} INFO - Started process (PID=3113) to work on /home/airflow/.local/lib/python3.8/site-packages/airflow/example_dags/example_subdag_operator.py
[2026-04-24T04:23:54.364+0000] {processor.py:830} INFO - Processing file /home/airflow/.local/lib/python3.8/site-packages/airflow/example_dags/example_subdag_operator.py for tasks to queue
[2026-04-24T04:23:54.366+0000] {logging_mixin.py:188} INFO - [2026-04-24T04:23:54.366+0000] {dagbag.py:538} INFO - Filling up the DagBag from /home/airflow/.local/lib/python3.8/site-packages/airflow/example_dags/example_subdag_operator.py
[2026-04-24T04:23:54.401+0000] {processor.py:840} INFO - DAG(s) 'example_subdag_operator.section-1', 'example_subdag_operator.section-2', 'example_subdag_operator' retrieved from /home/airflow/.local/lib/python3.8/site-packages/airflow/example_dags/example_subdag_operator.py
[2026-04-24T04:23:54.422+0000] {logging_mixin.py:188} INFO - [2026-04-24T04:23:54.422+0000] {dag.py:3036} INFO - Sync 3 DAGs
[2026-04-24T04:23:54.452+0000] {logging_mixin.py:188} INFO - [2026-04-24T04:23:54.451+0000] {dag.py:3823} INFO - Setting next_dagrun for example_subdag_operator to 2022-01-01 00:00:00+00:00, run_after=2022-01-01 00:00:00+00:00
[2026-04-24T04:23:54.456+0000] {logging_mixin.py:188} INFO - [2026-04-24T04:23:54.456+0000] {dag.py:3823} INFO - Setting next_dagrun for example_subdag_operator.section-1 to None, run_after=None
[2026-04-24T04:23:54.458+0000] {logging_mixin.py:188} INFO - [2026-04-24T04:23:54.458+0000] {dag.py:3823} INFO - Setting next_dagrun for example_subdag_operator.section-2 to None, run_after=None
[2026-04-24T04:23:54.467+0000] {logging_mixin.py:188} INFO - [2026-04-24T04:23:54.467+0000] {dag.py:3036} INFO - Sync 2 DAGs
[2026-04-24T04:23:54.474+0000] {logging_mixin.py:188} INFO - [2026-04-24T04:23:54.474+0000] {dag.py:3823} INFO - Setting next_dagrun for example_subdag_operator.section-1 to None, run_after=None
[2026-04-24T04:23:54.475+0000] {logging_mixin.py:188} INFO - [2026-04-24T04:23:54.475+0000] {dag.py:3823} INFO - Setting next_dagrun for example_subdag_operator.section-2 to None, run_after=None
[2026-04-24T04:23:54.489+0000] {processor.py:183} INFO - Processing /home/airflow/.local/lib/python3.8/site-packages/airflow/example_dags/example_subdag_operator.py took 0.131 seconds
[2026-04-24T04:24:24.736+0000] {processor.py:161} INFO - Started process (PID=3168) to work on /home/airflow/.local/lib/python3.8/site-packages/airflow/example_dags/example_subdag_operator.py
[2026-04-24T04:24:24.738+0000] {processor.py:830} INFO - Processing file /home/airflow/.local/lib/python3.8/site-packages/airflow/example_dags/example_subdag_operator.py for tasks to queue
[2026-04-24T04:24:24.740+0000] {logging_mixin.py:188} INFO - [2026-04-24T04:24:24.739+0000] {dagbag.py:538} INFO - Filling up the DagBag from /home/airflow/.local/lib/python3.8/site-packages/airflow/example_dags/example_subdag_operator.py
[2026-04-24T04:24:24.773+0000] {processor.py:840} INFO - DAG(s) 'example_subdag_operator.section-1', 'example_subdag_operator.section-2', 'example_subdag_operator' retrieved from /home/airflow/.local/lib/python3.8/site-packages/airflow/example_dags/example_subdag_operator.py
[2026-04-24T04:24:24.793+0000] {logging_mixin.py:188} INFO - [2026-04-24T04:24:24.793+0000] {dag.py:3036} INFO - Sync 3 DAGs
[2026-04-24T04:24:24.822+0000] {logging_mixin.py:188} INFO - [2026-04-24T04:24:24.822+0000] {dag.py:3823} INFO - Setting next_dagrun for example_subdag_operator to 2022-01-01 00:00:00+00:00, run_after=2022-01-01 00:00:00+00:00
[2026-04-24T04:24:24.827+0000] {logging_mixin.py:188} INFO - [2026-04-24T04:24:24.827+0000] {dag.py:3823} INFO - Setting next_dagrun for example_subdag_operator.section-1 to None, run_after=None
[2026-04-24T04:24:24.829+0000] {logging_mixin.py:188} INFO - [2026-04-24T04:24:24.829+0000] {dag.py:3823} INFO - Setting next_dagrun for example_subdag_operator.section-2 to None, run_after=None
[2026-04-24T04:24:24.838+0000] {logging_mixin.py:188} INFO - [2026-04-24T04:24:24.837+0000] {dag.py:3036} INFO - Sync 2 DAGs
[2026-04-24T04:24:24.845+0000] {logging_mixin.py:188} INFO - [2026-04-24T04:24:24.845+0000] {dag.py:3823} INFO - Setting next_dagrun for example_subdag_operator.section-1 to None, run_after=None
[2026-04-24T04:24:24.845+0000] {logging_mixin.py:188} INFO - [2026-04-24T04:24:24.845+0000] {dag.py:3823} INFO - Setting next_dagrun for example_subdag_operator.section-2 to None, run_after=None
[2026-04-24T04:24:24.860+0000] {processor.py:183} INFO - Processing /home/airflow/.local/lib/python3.8/site-packages/airflow/example_dags/example_subdag_operator.py took 0.128 seconds
[2026-04-24T04:24:54.964+0000] {processor.py:161} INFO - Started process (PID=3223) to work on /home/airflow/.local/lib/python3.8/site-packages/airflow/example_dags/example_subdag_operator.py
[2026-04-24T04:24:54.965+0000] {processor.py:830} INFO - Processing file /home/airflow/.local/lib/python3.8/site-packages/airflow/example_dags/example_subdag_operator.py for tasks to queue
[2026-04-24T04:24:54.967+0000] {logging_mixin.py:188} INFO - [2026-04-24T04:24:54.967+0000] {dagbag.py:538} INFO - Filling up the DagBag from /home/airflow/.local/lib/python3.8/site-packages/airflow/example_dags/example_subdag_operator.py
[2026-04-24T04:24:55.000+0000] {processor.py:840} INFO - DAG(s) 'example_subdag_operator.section-1', 'example_subdag_operator.section-2', 'example_subdag_operator' retrieved from /home/airflow/.local/lib/python3.8/site-packages/airflow/example_dags/example_subdag_operator.py
[2026-04-24T04:24:55.021+0000] {logging_mixin.py:188} INFO - [2026-04-24T04:24:55.020+0000] {dag.py:3036} INFO - Sync 3 DAGs
[2026-04-24T04:24:55.050+0000] {logging_mixin.py:188} INFO - [2026-04-24T04:24:55.049+0000] {dag.py:3823} INFO - Setting next_dagrun for example_subdag_operator to 2022-01-01 00:00:00+00:00, run_after=2022-01-01 00:00:00+00:00
[2026-04-24T04:24:55.055+0000] {logging_mixin.py:188} INFO - [2026-04-24T04:24:55.054+0000] {dag.py:3823} INFO - Setting next_dagrun for example_subdag_operator.section-1 to None, run_after=None
[2026-04-24T04:24:55.056+0000] {logging_mixin.py:188} INFO - [2026-04-24T04:24:55.056+0000] {dag.py:3823} INFO - Setting next_dagrun for example_subdag_operator.section-2 to None, run_after=None
[2026-04-24T04:24:55.065+0000] {logging_mixin.py:188} INFO - [2026-04-24T04:24:55.065+0000] {dag.py:3036} INFO - Sync 2 DAGs
[2026-04-24T04:24:55.073+0000] {logging_mixin.py:188} INFO - [2026-04-24T04:24:55.072+0000] {dag.py:3823} INFO - Setting next_dagrun for example_subdag_operator.section-1 to None, run_after=None
[2026-04-24T04:24:55.073+0000] {logging_mixin.py:188} INFO - [2026-04-24T04:24:55.073+0000] {dag.py:3823} INFO - Setting next_dagrun for example_subdag_operator.section-2 to None, run_after=None
[2026-04-24T04:24:55.088+0000] {processor.py:183} INFO - Processing /home/airflow/.local/lib/python3.8/site-packages/airflow/example_dags/example_subdag_operator.py took 0.128 seconds
[2026-04-24T04:25:25.196+0000] {processor.py:161} INFO - Started process (PID=3278) to work on /home/airflow/.local/lib/python3.8/site-packages/airflow/example_dags/example_subdag_operator.py
[2026-04-24T04:25:25.198+0000] {processor.py:830} INFO - Processing file /home/airflow/.local/lib/python3.8/site-packages/airflow/example_dags/example_subdag_operator.py for tasks to queue
[2026-04-24T04:25:25.200+0000] {logging_mixin.py:188} INFO - [2026-04-24T04:25:25.200+0000] {dagbag.py:538} INFO - Filling up the DagBag from /home/airflow/.local/lib/python3.8/site-packages/airflow/example_dags/example_subdag_operator.py
[2026-04-24T04:25:25.234+0000] {processor.py:840} INFO - DAG(s) 'example_subdag_operator.section-1', 'example_subdag_operator.section-2', 'example_subdag_operator' retrieved from /home/airflow/.local/lib/python3.8/site-packages/airflow/example_dags/example_subdag_operator.py
[2026-04-24T04:25:25.255+0000] {logging_mixin.py:188} INFO - [2026-04-24T04:25:25.255+0000] {dag.py:3036} INFO - Sync 3 DAGs
[2026-04-24T04:25:25.284+0000] {logging_mixin.py:188} INFO - [2026-04-24T04:25:25.284+0000] {dag.py:3823} INFO - Setting next_dagrun for example_subdag_operator to 2022-01-01 00:00:00+00:00, run_after=2022-01-01 00:00:00+00:00
[2026-04-24T04:25:25.290+0000] {logging_mixin.py:188} INFO - [2026-04-24T04:25:25.289+0000] {dag.py:3823} INFO - Setting next_dagrun for example_subdag_operator.section-1 to None, run_after=None
[2026-04-24T04:25:25.292+0000] {logging_mixin.py:188} INFO - [2026-04-24T04:25:25.291+0000] {dag.py:3823} INFO - Setting next_dagrun for example_subdag_operator.section-2 to None, run_after=None
[2026-04-24T04:25:25.301+0000] {logging_mixin.py:188} INFO - [2026-04-24T04:25:25.301+0000] {dag.py:3036} INFO - Sync 2 DAGs
[2026-04-24T04:25:25.308+0000] {logging_mixin.py:188} INFO - [2026-04-24T04:25:25.308+0000] {dag.py:3823} INFO - Setting next_dagrun for example_subdag_operator.section-1 to None, run_after=None
[2026-04-24T04:25:25.308+0000] {logging_mixin.py:188} INFO - [2026-04-24T04:25:25.308+0000] {dag.py:3823} INFO - Setting next_dagrun for example_subdag_operator.section-2 to None, run_after=None
[2026-04-24T04:25:25.324+0000] {processor.py:183} INFO - Processing /home/airflow/.local/lib/python3.8/site-packages/airflow/example_dags/example_subdag_operator.py took 0.132 seconds
[2026-04-24T04:25:55.547+0000] {processor.py:161} INFO - Started process (PID=3333) to work on /home/airflow/.local/lib/python3.8/site-packages/airflow/example_dags/example_subdag_operator.py
[2026-04-24T04:25:55.548+0000] {processor.py:830} INFO - Processing file /home/airflow/.local/lib/python3.8/site-packages/airflow/example_dags/example_subdag_operator.py for tasks to queue
[2026-04-24T04:25:55.551+0000] {logging_mixin.py:188} INFO - [2026-04-24T04:25:55.550+0000] {dagbag.py:538} INFO - Filling up the DagBag from /home/airflow/.local/lib/python3.8/site-packages/airflow/example_dags/example_subdag_operator.py
[2026-04-24T04:25:55.584+0000] {processor.py:840} INFO - DAG(s) 'example_subdag_operator.section-1', 'example_subdag_operator.section-2', 'example_subdag_operator' retrieved from /home/airflow/.local/lib/python3.8/site-packages/airflow/example_dags/example_subdag_operator.py
[2026-04-24T04:25:55.605+0000] {logging_mixin.py:188} INFO - [2026-04-24T04:25:55.604+0000] {dag.py:3036} INFO - Sync 3 DAGs
[2026-04-24T04:25:55.634+0000] {logging_mixin.py:188} INFO - [2026-04-24T04:25:55.634+0000] {dag.py:3823} INFO - Setting next_dagrun for example_subdag_operator to 2022-01-01 00:00:00+00:00, run_after=2022-01-01 00:00:00+00:00
[2026-04-24T04:25:55.639+0000] {logging_mixin.py:188} INFO - [2026-04-24T04:25:55.639+0000] {dag.py:3823} INFO - Setting next_dagrun for example_subdag_operator.section-1 to None, run_after=None
[2026-04-24T04:25:55.641+0000] {logging_mixin.py:188} INFO - [2026-04-24T04:25:55.641+0000] {dag.py:3823} INFO - Setting next_dagrun for example_subdag_operator.section-2 to None, run_after=None
[2026-04-24T04:25:55.650+0000] {logging_mixin.py:188} INFO - [2026-04-24T04:25:55.650+0000] {dag.py:3036} INFO - Sync 2 DAGs
[2026-04-24T04:25:55.657+0000] {logging_mixin.py:188} INFO - [2026-04-24T04:25:55.657+0000] {dag.py:3823} INFO - Setting next_dagrun for example_subdag_operator.section-1 to None, run_after=None
[2026-04-24T04:25:55.658+0000] {logging_mixin.py:188} INFO - [2026-04-24T04:25:55.657+0000] {dag.py:3823} INFO - Setting next_dagrun for example_subdag_operator.section-2 to None, run_after=None
[2026-04-24T04:25:55.673+0000] {processor.py:183} INFO - Processing /home/airflow/.local/lib/python3.8/site-packages/airflow/example_dags/example_subdag_operator.py took 0.130 seconds
[2026-04-24T04:26:25.963+0000] {processor.py:161} INFO - Started process (PID=3388) to work on /home/airflow/.local/lib/python3.8/site-packages/airflow/example_dags/example_subdag_operator.py
[2026-04-24T04:26:25.965+0000] {processor.py:830} INFO - Processing file /home/airflow/.local/lib/python3.8/site-packages/airflow/example_dags/example_subdag_operator.py for tasks to queue
[2026-04-24T04:26:25.967+0000] {logging_mixin.py:188} INFO - [2026-04-24T04:26:25.966+0000] {dagbag.py:538} INFO - Filling up the DagBag from /home/airflow/.local/lib/python3.8/site-packages/airflow/example_dags/example_subdag_operator.py
[2026-04-24T04:26:26.001+0000] {processor.py:840} INFO - DAG(s) 'example_subdag_operator.section-1', 'example_subdag_operator.section-2', 'example_subdag_operator' retrieved from /home/airflow/.local/lib/python3.8/site-packages/airflow/example_dags/example_subdag_operator.py
[2026-04-24T04:26:26.023+0000] {logging_mixin.py:188} INFO - [2026-04-24T04:26:26.023+0000] {dag.py:3036} INFO - Sync 3 DAGs
[2026-04-24T04:26:26.053+0000] {logging_mixin.py:188} INFO - [2026-04-24T04:26:26.052+0000] {dag.py:3823} INFO - Setting next_dagrun for example_subdag_operator to 2022-01-01 00:00:00+00:00, run_after=2022-01-01 00:00:00+00:00
[2026-04-24T04:26:26.057+0000] {logging_mixin.py:188} INFO - [2026-04-24T04:26:26.057+0000] {dag.py:3823} INFO - Setting next_dagrun for example_subdag_operator.section-1 to None, run_after=None
[2026-04-24T04:26:26.059+0000] {logging_mixin.py:188} INFO - [2026-04-24T04:26:26.059+0000] {dag.py:3823} INFO - Setting next_dagrun for example_subdag_operator.section-2 to None, run_after=None
[2026-04-24T04:26:26.068+0000] {logging_mixin.py:188} INFO - [2026-04-24T04:26:26.068+0000] {dag.py:3036} INFO - Sync 2 DAGs
[2026-04-24T04:26:26.075+0000] {logging_mixin.py:188} INFO - [2026-04-24T04:26:26.075+0000] {dag.py:3823} INFO - Setting next_dagrun for example_subdag_operator.section-1 to None, run_after=None
[2026-04-24T04:26:26.076+0000] {logging_mixin.py:188} INFO - [2026-04-24T04:26:26.076+0000] {dag.py:3823} INFO - Setting next_dagrun for example_subdag_operator.section-2 to None, run_after=None
[2026-04-24T04:26:26.090+0000] {processor.py:183} INFO - Processing /home/airflow/.local/lib/python3.8/site-packages/airflow/example_dags/example_subdag_operator.py took 0.131 seconds
[2026-04-24T04:26:56.260+0000] {processor.py:161} INFO - Started process (PID=3443) to work on /home/airflow/.local/lib/python3.8/site-packages/airflow/example_dags/example_subdag_operator.py
[2026-04-24T04:26:56.261+0000] {processor.py:830} INFO - Processing file /home/airflow/.local/lib/python3.8/site-packages/airflow/example_dags/example_subdag_operator.py for tasks to queue
[2026-04-24T04:26:56.263+0000] {logging_mixin.py:188} INFO - [2026-04-24T04:26:56.263+0000] {dagbag.py:538} INFO - Filling up the DagBag from /home/airflow/.local/lib/python3.8/site-packages/airflow/example_dags/example_subdag_operator.py
[2026-04-24T04:26:56.298+0000] {processor.py:840} INFO - DAG(s) 'example_subdag_operator.section-1', 'example_subdag_operator.section-2', 'example_subdag_operator' retrieved from /home/airflow/.local/lib/python3.8/site-packages/airflow/example_dags/example_subdag_operator.py
[2026-04-24T04:26:56.318+0000] {logging_mixin.py:188} INFO - [2026-04-24T04:26:56.318+0000] {dag.py:3036} INFO - Sync 3 DAGs
[2026-04-24T04:26:56.348+0000] {logging_mixin.py:188} INFO - [2026-04-24T04:26:56.347+0000] {dag.py:3823} INFO - Setting next_dagrun for example_subdag_operator to 2022-01-01 00:00:00+00:00, run_after=2022-01-01 00:00:00+00:00
[2026-04-24T04:26:56.353+0000] {logging_mixin.py:188} INFO - [2026-04-24T04:26:56.352+0000] {dag.py:3823} INFO - Setting next_dagrun for example_subdag_operator.section-1 to None, run_after=None
[2026-04-24T04:26:56.354+0000] {logging_mixin.py:188} INFO - [2026-04-24T04:26:56.354+0000] {dag.py:3823} INFO - Setting next_dagrun for example_subdag_operator.section-2 to None, run_after=None
[2026-04-24T04:26:56.364+0000] {logging_mixin.py:188} INFO - [2026-04-24T04:26:56.363+0000] {dag.py:3036} INFO - Sync 2 DAGs
[2026-04-24T04:26:56.371+0000] {logging_mixin.py:188} INFO - [2026-04-24T04:26:56.370+0000] {dag.py:3823} INFO - Setting next_dagrun for example_subdag_operator.section-1 to None, run_after=None
[2026-04-24T04:26:56.371+0000] {logging_mixin.py:188} INFO - [2026-04-24T04:26:56.371+0000] {dag.py:3823} INFO - Setting next_dagrun for example_subdag_operator.section-2 to None, run_after=None
[2026-04-24T04:26:56.386+0000] {processor.py:183} INFO - Processing /home/airflow/.local/lib/python3.8/site-packages/airflow/example_dags/example_subdag_operator.py took 0.130 seconds
[2026-04-24T04:27:26.666+0000] {processor.py:161} INFO - Started process (PID=3499) to work on /home/airflow/.local/lib/python3.8/site-packages/airflow/example_dags/example_subdag_operator.py
[2026-04-24T04:27:26.667+0000] {processor.py:830} INFO - Processing file /home/airflow/.local/lib/python3.8/site-packages/airflow/example_dags/example_subdag_operator.py for tasks to queue
[2026-04-24T04:27:26.670+0000] {logging_mixin.py:188} INFO - [2026-04-24T04:27:26.669+0000] {dagbag.py:538} INFO - Filling up the DagBag from /home/airflow/.local/lib/python3.8/site-packages/airflow/example_dags/example_subdag_operator.py
[2026-04-24T04:27:26.703+0000] {processor.py:840} INFO - DAG(s) 'example_subdag_operator.section-1', 'example_subdag_operator.section-2', 'example_subdag_operator' retrieved from /home/airflow/.local/lib/python3.8/site-packages/airflow/example_dags/example_subdag_operator.py
[2026-04-24T04:27:26.724+0000] {logging_mixin.py:188} INFO - [2026-04-24T04:27:26.723+0000] {dag.py:3036} INFO - Sync 3 DAGs
[2026-04-24T04:27:26.754+0000] {logging_mixin.py:188} INFO - [2026-04-24T04:27:26.753+0000] {dag.py:3823} INFO - Setting next_dagrun for example_subdag_operator to 2022-01-01 00:00:00+00:00, run_after=2022-01-01 00:00:00+00:00
[2026-04-24T04:27:26.758+0000] {logging_mixin.py:188} INFO - [2026-04-24T04:27:26.758+0000] {dag.py:3823} INFO - Setting next_dagrun for example_subdag_operator.section-1 to None, run_after=None
[2026-04-24T04:27:26.760+0000] {logging_mixin.py:188} INFO - [2026-04-24T04:27:26.760+0000] {dag.py:3823} INFO - Setting next_dagrun for example_subdag_operator.section-2 to None, run_after=None
[2026-04-24T04:27:26.770+0000] {logging_mixin.py:188} INFO - [2026-04-24T04:27:26.769+0000] {dag.py:3036} INFO - Sync 2 DAGs
[2026-04-24T04:27:26.777+0000] {logging_mixin.py:188} INFO - [2026-04-24T04:27:26.777+0000] {dag.py:3823} INFO - Setting next_dagrun for example_subdag_operator.section-1 to None, run_after=None
[2026-04-24T04:27:26.778+0000] {logging_mixin.py:188} INFO - [2026-04-24T04:27:26.778+0000] {dag.py:3823} INFO - Setting next_dagrun for example_subdag_operator.section-2 to None, run_after=None
[2026-04-24T04:27:26.792+0000] {processor.py:183} INFO - Processing /home/airflow/.local/lib/python3.8/site-packages/airflow/example_dags/example_subdag_operator.py took 0.131 seconds
[2026-04-24T04:27:57.157+0000] {processor.py:161} INFO - Started process (PID=3554) to work on /home/airflow/.local/lib/python3.8/site-packages/airflow/example_dags/example_subdag_operator.py
[2026-04-24T04:27:57.158+0000] {processor.py:830} INFO - Processing file /home/airflow/.local/lib/python3.8/site-packages/airflow/example_dags/example_subdag_operator.py for tasks to queue
[2026-04-24T04:27:57.160+0000] {logging_mixin.py:188} INFO - [2026-04-24T04:27:57.160+0000] {dagbag.py:538} INFO - Filling up the DagBag from /home/airflow/.local/lib/python3.8/site-packages/airflow/example_dags/example_subdag_operator.py
[2026-04-24T04:27:57.194+0000] {processor.py:840} INFO - DAG(s) 'example_subdag_operator.section-1', 'example_subdag_operator.section-2', 'example_subdag_operator' retrieved from /home/airflow/.local/lib/python3.8/site-packages/airflow/example_dags/example_subdag_operator.py
[2026-04-24T04:27:57.215+0000] {logging_mixin.py:188} INFO - [2026-04-24T04:27:57.215+0000] {dag.py:3036} INFO - Sync 3 DAGs
[2026-04-24T04:27:57.245+0000] {logging_mixin.py:188} INFO - [2026-04-24T04:27:57.245+0000] {dag.py:3823} INFO - Setting next_dagrun for example_subdag_operator to 2022-01-01 00:00:00+00:00, run_after=2022-01-01 00:00:00+00:00
[2026-04-24T04:27:57.251+0000] {logging_mixin.py:188} INFO - [2026-04-24T04:27:57.250+0000] {dag.py:3823} INFO - Setting next_dagrun for example_subdag_operator.section-1 to None, run_after=None
[2026-04-24T04:27:57.252+0000] {logging_mixin.py:188} INFO - [2026-04-24T04:27:57.252+0000] {dag.py:3823} INFO - Setting next_dagrun for example_subdag_operator.section-2 to None, run_after=None
[2026-04-24T04:27:57.262+0000] {logging_mixin.py:188} INFO - [2026-04-24T04:27:57.262+0000] {dag.py:3036} INFO - Sync 2 DAGs
[2026-04-24T04:27:57.269+0000] {logging_mixin.py:188} INFO - [2026-04-24T04:27:57.269+0000] {dag.py:3823} INFO - Setting next_dagrun for example_subdag_operator.section-1 to None, run_after=None
[2026-04-24T04:27:57.270+0000] {logging_mixin.py:188} INFO - [2026-04-24T04:27:57.269+0000] {dag.py:3823} INFO - Setting next_dagrun for example_subdag_operator.section-2 to None, run_after=None
[2026-04-24T04:27:57.284+0000] {processor.py:183} INFO - Processing /home/airflow/.local/lib/python3.8/site-packages/airflow/example_dags/example_subdag_operator.py took 0.131 seconds
[2026-04-24T04:28:27.722+0000] {processor.py:161} INFO - Started process (PID=3608) to work on /home/airflow/.local/lib/python3.8/site-packages/airflow/example_dags/example_subdag_operator.py
[2026-04-24T04:28:27.723+0000] {processor.py:830} INFO - Processing file /home/airflow/.local/lib/python3.8/site-packages/airflow/example_dags/example_subdag_operator.py for tasks to queue
[2026-04-24T04:28:27.725+0000] {logging_mixin.py:188} INFO - [2026-04-24T04:28:27.725+0000] {dagbag.py:538} INFO - Filling up the DagBag from /home/airflow/.local/lib/python3.8/site-packages/airflow/example_dags/example_subdag_operator.py
[2026-04-24T04:28:27.758+0000] {processor.py:840} INFO - DAG(s) 'example_subdag_operator.section-1', 'example_subdag_operator.section-2', 'example_subdag_operator' retrieved from /home/airflow/.local/lib/python3.8/site-packages/airflow/example_dags/example_subdag_operator.py
[2026-04-24T04:28:27.779+0000] {logging_mixin.py:188} INFO - [2026-04-24T04:28:27.779+0000] {dag.py:3036} INFO - Sync 3 DAGs
[2026-04-24T04:28:27.809+0000] {logging_mixin.py:188} INFO - [2026-04-24T04:28:27.809+0000] {dag.py:3823} INFO - Setting next_dagrun for example_subdag_operator to 2022-01-01 00:00:00+00:00, run_after=2022-01-01 00:00:00+00:00
[2026-04-24T04:28:27.814+0000] {logging_mixin.py:188} INFO - [2026-04-24T04:28:27.814+0000] {dag.py:3823} INFO - Setting next_dagrun for example_subdag_operator.section-1 to None, run_after=None
[2026-04-24T04:28:27.815+0000] {logging_mixin.py:188} INFO - [2026-04-24T04:28:27.815+0000] {dag.py:3823} INFO - Setting next_dagrun for example_subdag_operator.section-2 to None, run_after=None
[2026-04-24T04:28:27.824+0000] {logging_mixin.py:188} INFO - [2026-04-24T04:28:27.824+0000] {dag.py:3036} INFO - Sync 2 DAGs
[2026-04-24T04:28:27.831+0000] {logging_mixin.py:188} INFO - [2026-04-24T04:28:27.831+0000] {dag.py:3823} INFO - Setting next_dagrun for example_subdag_operator.section-1 to None, run_after=None
[2026-04-24T04:28:27.832+0000] {logging_mixin.py:188} INFO - [2026-04-24T04:28:27.831+0000] {dag.py:3823} INFO - Setting next_dagrun for example_subdag_operator.section-2 to None, run_after=None
[2026-04-24T04:28:27.846+0000] {processor.py:183} INFO - Processing /home/airflow/.local/lib/python3.8/site-packages/airflow/example_dags/example_subdag_operator.py took 0.128 seconds
[2026-04-24T04:28:58.280+0000] {processor.py:161} INFO - Started process (PID=3664) to work on /home/airflow/.local/lib/python3.8/site-packages/airflow/example_dags/example_subdag_operator.py
[2026-04-24T04:28:58.282+0000] {processor.py:830} INFO - Processing file /home/airflow/.local/lib/python3.8/site-packages/airflow/example_dags/example_subdag_operator.py for tasks to queue
[2026-04-24T04:28:58.284+0000] {logging_mixin.py:188} INFO - [2026-04-24T04:28:58.283+0000] {dagbag.py:538} INFO - Filling up the DagBag from /home/airflow/.local/lib/python3.8/site-packages/airflow/example_dags/example_subdag_operator.py
[2026-04-24T04:28:58.317+0000] {processor.py:840} INFO - DAG(s) 'example_subdag_operator.section-1', 'example_subdag_operator.section-2', 'example_subdag_operator' retrieved from /home/airflow/.local/lib/python3.8/site-packages/airflow/example_dags/example_subdag_operator.py
[2026-04-24T04:28:58.338+0000] {logging_mixin.py:188} INFO - [2026-04-24T04:28:58.338+0000] {dag.py:3036} INFO - Sync 3 DAGs
[2026-04-24T04:28:58.369+0000] {logging_mixin.py:188} INFO - [2026-04-24T04:28:58.368+0000] {dag.py:3823} INFO - Setting next_dagrun for example_subdag_operator to 2022-01-01 00:00:00+00:00, run_after=2022-01-01 00:00:00+00:00
[2026-04-24T04:28:58.375+0000] {logging_mixin.py:188} INFO - [2026-04-24T04:28:58.375+0000] {dag.py:3823} INFO - Setting next_dagrun for example_subdag_operator.section-1 to None, run_after=None
[2026-04-24T04:28:58.377+0000] {logging_mixin.py:188} INFO - [2026-04-24T04:28:58.377+0000] {dag.py:3823} INFO - Setting next_dagrun for example_subdag_operator.section-2 to None, run_after=None
[2026-04-24T04:28:58.386+0000] {logging_mixin.py:188} INFO - [2026-04-24T04:28:58.386+0000] {dag.py:3036} INFO - Sync 2 DAGs
[2026-04-24T04:28:58.394+0000] {logging_mixin.py:188} INFO - [2026-04-24T04:28:58.394+0000] {dag.py:3823} INFO - Setting next_dagrun for example_subdag_operator.section-1 to None, run_after=None
[2026-04-24T04:28:58.395+0000] {logging_mixin.py:188} INFO - [2026-04-24T04:28:58.394+0000] {dag.py:3823} INFO - Setting next_dagrun for example_subdag_operator.section-2 to None, run_after=None
[2026-04-24T04:28:58.409+0000] {processor.py:183} INFO - Processing /home/airflow/.local/lib/python3.8/site-packages/airflow/example_dags/example_subdag_operator.py took 0.132 seconds
[2026-04-24T04:29:28.562+0000] {processor.py:161} INFO - Started process (PID=3718) to work on /home/airflow/.local/lib/python3.8/site-packages/airflow/example_dags/example_subdag_operator.py
[2026-04-24T04:29:28.563+0000] {processor.py:830} INFO - Processing file /home/airflow/.local/lib/python3.8/site-packages/airflow/example_dags/example_subdag_operator.py for tasks to queue
[2026-04-24T04:29:28.565+0000] {logging_mixin.py:188} INFO - [2026-04-24T04:29:28.565+0000] {dagbag.py:538} INFO - Filling up the DagBag from /home/airflow/.local/lib/python3.8/site-packages/airflow/example_dags/example_subdag_operator.py
[2026-04-24T04:29:28.599+0000] {processor.py:840} INFO - DAG(s) 'example_subdag_operator.section-1', 'example_subdag_operator.section-2', 'example_subdag_operator' retrieved from /home/airflow/.local/lib/python3.8/site-packages/airflow/example_dags/example_subdag_operator.py
[2026-04-24T04:29:28.619+0000] {logging_mixin.py:188} INFO - [2026-04-24T04:29:28.619+0000] {dag.py:3036} INFO - Sync 3 DAGs
[2026-04-24T04:29:28.649+0000] {logging_mixin.py:188} INFO - [2026-04-24T04:29:28.648+0000] {dag.py:3823} INFO - Setting next_dagrun for example_subdag_operator to 2022-01-01 00:00:00+00:00, run_after=2022-01-01 00:00:00+00:00
[2026-04-24T04:29:28.653+0000] {logging_mixin.py:188} INFO - [2026-04-24T04:29:28.653+0000] {dag.py:3823} INFO - Setting next_dagrun for example_subdag_operator.section-1 to None, run_after=None
[2026-04-24T04:29:28.655+0000] {logging_mixin.py:188} INFO - [2026-04-24T04:29:28.655+0000] {dag.py:3823} INFO - Setting next_dagrun for example_subdag_operator.section-2 to None, run_after=None
[2026-04-24T04:29:28.664+0000] {logging_mixin.py:188} INFO - [2026-04-24T04:29:28.664+0000] {dag.py:3036} INFO - Sync 2 DAGs
[2026-04-24T04:29:28.672+0000] {logging_mixin.py:188} INFO - [2026-04-24T04:29:28.672+0000] {dag.py:3823} INFO - Setting next_dagrun for example_subdag_operator.section-1 to None, run_after=None
[2026-04-24T04:29:28.673+0000] {logging_mixin.py:188} INFO - [2026-04-24T04:29:28.673+0000] {dag.py:3823} INFO - Setting next_dagrun for example_subdag_operator.section-2 to None, run_after=None
[2026-04-24T04:29:28.687+0000] {processor.py:183} INFO - Processing /home/airflow/.local/lib/python3.8/site-packages/airflow/example_dags/example_subdag_operator.py took 0.130 seconds
[2026-04-24T04:29:58.947+0000] {processor.py:161} INFO - Started process (PID=3774) to work on /home/airflow/.local/lib/python3.8/site-packages/airflow/example_dags/example_subdag_operator.py
[2026-04-24T04:29:58.949+0000] {processor.py:830} INFO - Processing file /home/airflow/.local/lib/python3.8/site-packages/airflow/example_dags/example_subdag_operator.py for tasks to queue
[2026-04-24T04:29:58.951+0000] {logging_mixin.py:188} INFO - [2026-04-24T04:29:58.951+0000] {dagbag.py:538} INFO - Filling up the DagBag from /home/airflow/.local/lib/python3.8/site-packages/airflow/example_dags/example_subdag_operator.py
[2026-04-24T04:29:58.985+0000] {processor.py:840} INFO - DAG(s) 'example_subdag_operator.section-1', 'example_subdag_operator.section-2', 'example_subdag_operator' retrieved from /home/airflow/.local/lib/python3.8/site-packages/airflow/example_dags/example_subdag_operator.py
[2026-04-24T04:29:59.006+0000] {logging_mixin.py:188} INFO - [2026-04-24T04:29:59.006+0000] {dag.py:3036} INFO - Sync 3 DAGs
[2026-04-24T04:29:59.036+0000] {logging_mixin.py:188} INFO - [2026-04-24T04:29:59.036+0000] {dag.py:3823} INFO - Setting next_dagrun for example_subdag_operator to 2022-01-01 00:00:00+00:00, run_after=2022-01-01 00:00:00+00:00
[2026-04-24T04:29:59.041+0000] {logging_mixin.py:188} INFO - [2026-04-24T04:29:59.041+0000] {dag.py:3823} INFO - Setting next_dagrun for example_subdag_operator.section-1 to None, run_after=None
[2026-04-24T04:29:59.043+0000] {logging_mixin.py:188} INFO - [2026-04-24T04:29:59.042+0000] {dag.py:3823} INFO - Setting next_dagrun for example_subdag_operator.section-2 to None, run_after=None
[2026-04-24T04:29:59.051+0000] {logging_mixin.py:188} INFO - [2026-04-24T04:29:59.051+0000] {dag.py:3036} INFO - Sync 2 DAGs
[2026-04-24T04:29:59.058+0000] {logging_mixin.py:188} INFO - [2026-04-24T04:29:59.058+0000] {dag.py:3823} INFO - Setting next_dagrun for example_subdag_operator.section-1 to None, run_after=None
[2026-04-24T04:29:59.059+0000] {logging_mixin.py:188} INFO - [2026-04-24T04:29:59.059+0000] {dag.py:3823} INFO - Setting next_dagrun for example_subdag_operator.section-2 to None, run_after=None
[2026-04-24T04:29:59.074+0000] {processor.py:183} INFO - Processing /home/airflow/.local/lib/python3.8/site-packages/airflow/example_dags/example_subdag_operator.py took 0.130 seconds
[2026-04-24T04:30:29.627+0000] {processor.py:161} INFO - Started process (PID=3828) to work on /home/airflow/.local/lib/python3.8/site-packages/airflow/example_dags/example_subdag_operator.py
[2026-04-24T04:30:29.629+0000] {processor.py:830} INFO - Processing file /home/airflow/.local/lib/python3.8/site-packages/airflow/example_dags/example_subdag_operator.py for tasks to queue
[2026-04-24T04:30:29.631+0000] {logging_mixin.py:188} INFO - [2026-04-24T04:30:29.631+0000] {dagbag.py:538} INFO - Filling up the DagBag from /home/airflow/.local/lib/python3.8/site-packages/airflow/example_dags/example_subdag_operator.py
[2026-04-24T04:30:29.665+0000] {processor.py:840} INFO - DAG(s) 'example_subdag_operator.section-1', 'example_subdag_operator.section-2', 'example_subdag_operator' retrieved from /home/airflow/.local/lib/python3.8/site-packages/airflow/example_dags/example_subdag_operator.py
[2026-04-24T04:30:29.685+0000] {logging_mixin.py:188} INFO - [2026-04-24T04:30:29.685+0000] {dag.py:3036} INFO - Sync 3 DAGs
[2026-04-24T04:30:29.714+0000] {logging_mixin.py:188} INFO - [2026-04-24T04:30:29.714+0000] {dag.py:3823} INFO - Setting next_dagrun for example_subdag_operator to 2022-01-01 00:00:00+00:00, run_after=2022-01-01 00:00:00+00:00
[2026-04-24T04:30:29.719+0000] {logging_mixin.py:188} INFO - [2026-04-24T04:30:29.719+0000] {dag.py:3823} INFO - Setting next_dagrun for example_subdag_operator.section-1 to None, run_after=None
[2026-04-24T04:30:29.721+0000] {logging_mixin.py:188} INFO - [2026-04-24T04:30:29.720+0000] {dag.py:3823} INFO - Setting next_dagrun for example_subdag_operator.section-2 to None, run_after=None
[2026-04-24T04:30:29.729+0000] {logging_mixin.py:188} INFO - [2026-04-24T04:30:29.729+0000] {dag.py:3036} INFO - Sync 2 DAGs
[2026-04-24T04:30:29.736+0000] {logging_mixin.py:188} INFO - [2026-04-24T04:30:29.736+0000] {dag.py:3823} INFO - Setting next_dagrun for example_subdag_operator.section-1 to None, run_after=None
[2026-04-24T04:30:29.737+0000] {logging_mixin.py:188} INFO - [2026-04-24T04:30:29.736+0000] {dag.py:3823} INFO - Setting next_dagrun for example_subdag_operator.section-2 to None, run_after=None
[2026-04-24T04:30:29.751+0000] {processor.py:183} INFO - Processing /home/airflow/.local/lib/python3.8/site-packages/airflow/example_dags/example_subdag_operator.py took 0.127 seconds
[2026-04-24T04:31:00.216+0000] {processor.py:161} INFO - Started process (PID=3883) to work on /home/airflow/.local/lib/python3.8/site-packages/airflow/example_dags/example_subdag_operator.py
[2026-04-24T04:31:00.217+0000] {processor.py:830} INFO - Processing file /home/airflow/.local/lib/python3.8/site-packages/airflow/example_dags/example_subdag_operator.py for tasks to queue
[2026-04-24T04:31:00.220+0000] {logging_mixin.py:188} INFO - [2026-04-24T04:31:00.219+0000] {dagbag.py:538} INFO - Filling up the DagBag from /home/airflow/.local/lib/python3.8/site-packages/airflow/example_dags/example_subdag_operator.py
[2026-04-24T04:31:00.254+0000] {processor.py:840} INFO - DAG(s) 'example_subdag_operator.section-1', 'example_subdag_operator.section-2', 'example_subdag_operator' retrieved from /home/airflow/.local/lib/python3.8/site-packages/airflow/example_dags/example_subdag_operator.py
[2026-04-24T04:31:00.275+0000] {logging_mixin.py:188} INFO - [2026-04-24T04:31:00.275+0000] {dag.py:3036} INFO - Sync 3 DAGs
[2026-04-24T04:31:00.305+0000] {logging_mixin.py:188} INFO - [2026-04-24T04:31:00.305+0000] {dag.py:3823} INFO - Setting next_dagrun for example_subdag_operator to 2022-01-01 00:00:00+00:00, run_after=2022-01-01 00:00:00+00:00
[2026-04-24T04:31:00.310+0000] {logging_mixin.py:188} INFO - [2026-04-24T04:31:00.310+0000] {dag.py:3823} INFO - Setting next_dagrun for example_subdag_operator.section-1 to None, run_after=None
[2026-04-24T04:31:00.312+0000] {logging_mixin.py:188} INFO - [2026-04-24T04:31:00.311+0000] {dag.py:3823} INFO - Setting next_dagrun for example_subdag_operator.section-2 to None, run_after=None
[2026-04-24T04:31:00.320+0000] {logging_mixin.py:188} INFO - [2026-04-24T04:31:00.320+0000] {dag.py:3036} INFO - Sync 2 DAGs
[2026-04-24T04:31:00.328+0000] {logging_mixin.py:188} INFO - [2026-04-24T04:31:00.328+0000] {dag.py:3823} INFO - Setting next_dagrun for example_subdag_operator.section-1 to None, run_after=None
[2026-04-24T04:31:00.329+0000] {logging_mixin.py:188} INFO - [2026-04-24T04:31:00.328+0000] {dag.py:3823} INFO - Setting next_dagrun for example_subdag_operator.section-2 to None, run_after=None
[2026-04-24T04:31:00.343+0000] {processor.py:183} INFO - Processing /home/airflow/.local/lib/python3.8/site-packages/airflow/example_dags/example_subdag_operator.py took 0.132 seconds
[2026-04-24T04:31:30.765+0000] {processor.py:161} INFO - Started process (PID=3939) to work on /home/airflow/.local/lib/python3.8/site-packages/airflow/example_dags/example_subdag_operator.py
[2026-04-24T04:31:30.766+0000] {processor.py:830} INFO - Processing file /home/airflow/.local/lib/python3.8/site-packages/airflow/example_dags/example_subdag_operator.py for tasks to queue
[2026-04-24T04:31:30.768+0000] {logging_mixin.py:188} INFO - [2026-04-24T04:31:30.768+0000] {dagbag.py:538} INFO - Filling up the DagBag from /home/airflow/.local/lib/python3.8/site-packages/airflow/example_dags/example_subdag_operator.py
[2026-04-24T04:31:30.802+0000] {processor.py:840} INFO - DAG(s) 'example_subdag_operator.section-1', 'example_subdag_operator.section-2', 'example_subdag_operator' retrieved from /home/airflow/.local/lib/python3.8/site-packages/airflow/example_dags/example_subdag_operator.py
[2026-04-24T04:31:30.823+0000] {logging_mixin.py:188} INFO - [2026-04-24T04:31:30.823+0000] {dag.py:3036} INFO - Sync 3 DAGs
[2026-04-24T04:31:30.855+0000] {logging_mixin.py:188} INFO - [2026-04-24T04:31:30.855+0000] {dag.py:3823} INFO - Setting next_dagrun for example_subdag_operator to 2022-01-01 00:00:00+00:00, run_after=2022-01-01 00:00:00+00:00
[2026-04-24T04:31:30.860+0000] {logging_mixin.py:188} INFO - [2026-04-24T04:31:30.860+0000] {dag.py:3823} INFO - Setting next_dagrun for example_subdag_operator.section-1 to None, run_after=None
[2026-04-24T04:31:30.862+0000] {logging_mixin.py:188} INFO - [2026-04-24T04:31:30.861+0000] {dag.py:3823} INFO - Setting next_dagrun for example_subdag_operator.section-2 to None, run_after=None
[2026-04-24T04:31:30.871+0000] {logging_mixin.py:188} INFO - [2026-04-24T04:31:30.870+0000] {dag.py:3036} INFO - Sync 2 DAGs
[2026-04-24T04:31:30.878+0000] {logging_mixin.py:188} INFO - [2026-04-24T04:31:30.878+0000] {dag.py:3823} INFO - Setting next_dagrun for example_subdag_operator.section-1 to None, run_after=None
[2026-04-24T04:31:30.879+0000] {logging_mixin.py:188} INFO - [2026-04-24T04:31:30.879+0000] {dag.py:3823} INFO - Setting next_dagrun for example_subdag_operator.section-2 to None, run_after=None
[2026-04-24T04:31:30.893+0000] {processor.py:183} INFO - Processing /home/airflow/.local/lib/python3.8/site-packages/airflow/example_dags/example_subdag_operator.py took 0.133 seconds
[2026-04-24T04:32:01.246+0000] {processor.py:161} INFO - Started process (PID=4000) to work on /home/airflow/.local/lib/python3.8/site-packages/airflow/example_dags/example_subdag_operator.py
[2026-04-24T04:32:01.248+0000] {processor.py:830} INFO - Processing file /home/airflow/.local/lib/python3.8/site-packages/airflow/example_dags/example_subdag_operator.py for tasks to queue
[2026-04-24T04:32:01.250+0000] {logging_mixin.py:188} INFO - [2026-04-24T04:32:01.250+0000] {dagbag.py:538} INFO - Filling up the DagBag from /home/airflow/.local/lib/python3.8/site-packages/airflow/example_dags/example_subdag_operator.py
[2026-04-24T04:32:01.285+0000] {processor.py:840} INFO - DAG(s) 'example_subdag_operator.section-1', 'example_subdag_operator.section-2', 'example_subdag_operator' retrieved from /home/airflow/.local/lib/python3.8/site-packages/airflow/example_dags/example_subdag_operator.py
[2026-04-24T04:32:01.305+0000] {logging_mixin.py:188} INFO - [2026-04-24T04:32:01.305+0000] {dag.py:3036} INFO - Sync 3 DAGs
[2026-04-24T04:32:01.336+0000] {logging_mixin.py:188} INFO - [2026-04-24T04:32:01.335+0000] {dag.py:3823} INFO - Setting next_dagrun for example_subdag_operator to 2022-01-01 00:00:00+00:00, run_after=2022-01-01 00:00:00+00:00
[2026-04-24T04:32:01.341+0000] {logging_mixin.py:188} INFO - [2026-04-24T04:32:01.340+0000] {dag.py:3823} INFO - Setting next_dagrun for example_subdag_operator.section-1 to None, run_after=None
[2026-04-24T04:32:01.342+0000] {logging_mixin.py:188} INFO - [2026-04-24T04:32:01.342+0000] {dag.py:3823} INFO - Setting next_dagrun for example_subdag_operator.section-2 to None, run_after=None
[2026-04-24T04:32:01.351+0000] {logging_mixin.py:188} INFO - [2026-04-24T04:32:01.351+0000] {dag.py:3036} INFO - Sync 2 DAGs
[2026-04-24T04:32:01.358+0000] {logging_mixin.py:188} INFO - [2026-04-24T04:32:01.358+0000] {dag.py:3823} INFO - Setting next_dagrun for example_subdag_operator.section-1 to None, run_after=None
[2026-04-24T04:32:01.359+0000] {logging_mixin.py:188} INFO - [2026-04-24T04:32:01.359+0000] {dag.py:3823} INFO - Setting next_dagrun for example_subdag_operator.section-2 to None, run_after=None
[2026-04-24T04:32:01.373+0000] {processor.py:183} INFO - Processing /home/airflow/.local/lib/python3.8/site-packages/airflow/example_dags/example_subdag_operator.py took 0.133 seconds
[2026-04-24T04:32:31.530+0000] {processor.py:161} INFO - Started process (PID=4054) to work on /home/airflow/.local/lib/python3.8/site-packages/airflow/example_dags/example_subdag_operator.py
[2026-04-24T04:32:31.531+0000] {processor.py:830} INFO - Processing file /home/airflow/.local/lib/python3.8/site-packages/airflow/example_dags/example_subdag_operator.py for tasks to queue
[2026-04-24T04:32:31.534+0000] {logging_mixin.py:188} INFO - [2026-04-24T04:32:31.533+0000] {dagbag.py:538} INFO - Filling up the DagBag from /home/airflow/.local/lib/python3.8/site-packages/airflow/example_dags/example_subdag_operator.py
[2026-04-24T04:32:31.566+0000] {processor.py:840} INFO - DAG(s) 'example_subdag_operator.section-1', 'example_subdag_operator.section-2', 'example_subdag_operator' retrieved from /home/airflow/.local/lib/python3.8/site-packages/airflow/example_dags/example_subdag_operator.py
[2026-04-24T04:32:31.587+0000] {logging_mixin.py:188} INFO - [2026-04-24T04:32:31.586+0000] {dag.py:3036} INFO - Sync 3 DAGs
[2026-04-24T04:32:31.617+0000] {logging_mixin.py:188} INFO - [2026-04-24T04:32:31.616+0000] {dag.py:3823} INFO - Setting next_dagrun for example_subdag_operator to 2022-01-01 00:00:00+00:00, run_after=2022-01-01 00:00:00+00:00
[2026-04-24T04:32:31.622+0000] {logging_mixin.py:188} INFO - [2026-04-24T04:32:31.622+0000] {dag.py:3823} INFO - Setting next_dagrun for example_subdag_operator.section-1 to None, run_after=None
[2026-04-24T04:32:31.624+0000] {logging_mixin.py:188} INFO - [2026-04-24T04:32:31.623+0000] {dag.py:3823} INFO - Setting next_dagrun for example_subdag_operator.section-2 to None, run_after=None
[2026-04-24T04:32:31.633+0000] {logging_mixin.py:188} INFO - [2026-04-24T04:32:31.632+0000] {dag.py:3036} INFO - Sync 2 DAGs
[2026-04-24T04:32:31.640+0000] {logging_mixin.py:188} INFO - [2026-04-24T04:32:31.640+0000] {dag.py:3823} INFO - Setting next_dagrun for example_subdag_operator.section-1 to None, run_after=None
[2026-04-24T04:32:31.641+0000] {logging_mixin.py:188} INFO - [2026-04-24T04:32:31.641+0000] {dag.py:3823} INFO - Setting next_dagrun for example_subdag_operator.section-2 to None, run_after=None
[2026-04-24T04:32:31.655+0000] {processor.py:183} INFO - Processing /home/airflow/.local/lib/python3.8/site-packages/airflow/example_dags/example_subdag_operator.py took 0.129 seconds
[2026-04-24T04:33:01.966+0000] {processor.py:161} INFO - Started process (PID=4109) to work on /home/airflow/.local/lib/python3.8/site-packages/airflow/example_dags/example_subdag_operator.py
[2026-04-24T04:33:01.967+0000] {processor.py:830} INFO - Processing file /home/airflow/.local/lib/python3.8/site-packages/airflow/example_dags/example_subdag_operator.py for tasks to queue
[2026-04-24T04:33:01.970+0000] {logging_mixin.py:188} INFO - [2026-04-24T04:33:01.969+0000] {dagbag.py:538} INFO - Filling up the DagBag from /home/airflow/.local/lib/python3.8/site-packages/airflow/example_dags/example_subdag_operator.py
[2026-04-24T04:33:02.008+0000] {processor.py:840} INFO - DAG(s) 'example_subdag_operator.section-1', 'example_subdag_operator.section-2', 'example_subdag_operator' retrieved from /home/airflow/.local/lib/python3.8/site-packages/airflow/example_dags/example_subdag_operator.py
[2026-04-24T04:33:02.030+0000] {logging_mixin.py:188} INFO - [2026-04-24T04:33:02.030+0000] {dag.py:3036} INFO - Sync 3 DAGs
[2026-04-24T04:33:02.063+0000] {logging_mixin.py:188} INFO - [2026-04-24T04:33:02.062+0000] {dag.py:3823} INFO - Setting next_dagrun for example_subdag_operator to 2022-01-01 00:00:00+00:00, run_after=2022-01-01 00:00:00+00:00
[2026-04-24T04:33:02.068+0000] {logging_mixin.py:188} INFO - [2026-04-24T04:33:02.067+0000] {dag.py:3823} INFO - Setting next_dagrun for example_subdag_operator.section-1 to None, run_after=None
[2026-04-24T04:33:02.069+0000] {logging_mixin.py:188} INFO - [2026-04-24T04:33:02.069+0000] {dag.py:3823} INFO - Setting next_dagrun for example_subdag_operator.section-2 to None, run_after=None
[2026-04-24T04:33:02.079+0000] {logging_mixin.py:188} INFO - [2026-04-24T04:33:02.078+0000] {dag.py:3036} INFO - Sync 2 DAGs
[2026-04-24T04:33:02.087+0000] {logging_mixin.py:188} INFO - [2026-04-24T04:33:02.086+0000] {dag.py:3823} INFO - Setting next_dagrun for example_subdag_operator.section-1 to None, run_after=None
[2026-04-24T04:33:02.087+0000] {logging_mixin.py:188} INFO - [2026-04-24T04:33:02.087+0000] {dag.py:3823} INFO - Setting next_dagrun for example_subdag_operator.section-2 to None, run_after=None
[2026-04-24T04:33:02.102+0000] {processor.py:183} INFO - Processing /home/airflow/.local/lib/python3.8/site-packages/airflow/example_dags/example_subdag_operator.py took 0.141 seconds
[2026-04-24T04:33:32.190+0000] {processor.py:161} INFO - Started process (PID=4164) to work on /home/airflow/.local/lib/python3.8/site-packages/airflow/example_dags/example_subdag_operator.py
[2026-04-24T04:33:32.192+0000] {processor.py:830} INFO - Processing file /home/airflow/.local/lib/python3.8/site-packages/airflow/example_dags/example_subdag_operator.py for tasks to queue
[2026-04-24T04:33:32.195+0000] {logging_mixin.py:188} INFO - [2026-04-24T04:33:32.194+0000] {dagbag.py:538} INFO - Filling up the DagBag from /home/airflow/.local/lib/python3.8/site-packages/airflow/example_dags/example_subdag_operator.py
[2026-04-24T04:33:32.232+0000] {processor.py:840} INFO - DAG(s) 'example_subdag_operator.section-1', 'example_subdag_operator.section-2', 'example_subdag_operator' retrieved from /home/airflow/.local/lib/python3.8/site-packages/airflow/example_dags/example_subdag_operator.py
[2026-04-24T04:33:32.255+0000] {logging_mixin.py:188} INFO - [2026-04-24T04:33:32.255+0000] {dag.py:3036} INFO - Sync 3 DAGs
[2026-04-24T04:33:32.286+0000] {logging_mixin.py:188} INFO - [2026-04-24T04:33:32.286+0000] {dag.py:3823} INFO - Setting next_dagrun for example_subdag_operator to 2022-01-01 00:00:00+00:00, run_after=2022-01-01 00:00:00+00:00
[2026-04-24T04:33:32.291+0000] {logging_mixin.py:188} INFO - [2026-04-24T04:33:32.290+0000] {dag.py:3823} INFO - Setting next_dagrun for example_subdag_operator.section-1 to None, run_after=None
[2026-04-24T04:33:32.292+0000] {logging_mixin.py:188} INFO - [2026-04-24T04:33:32.292+0000] {dag.py:3823} INFO - Setting next_dagrun for example_subdag_operator.section-2 to None, run_after=None
[2026-04-24T04:33:32.301+0000] {logging_mixin.py:188} INFO - [2026-04-24T04:33:32.301+0000] {dag.py:3036} INFO - Sync 2 DAGs
[2026-04-24T04:33:32.309+0000] {logging_mixin.py:188} INFO - [2026-04-24T04:33:32.308+0000] {dag.py:3823} INFO - Setting next_dagrun for example_subdag_operator.section-1 to None, run_after=None
[2026-04-24T04:33:32.309+0000] {logging_mixin.py:188} INFO - [2026-04-24T04:33:32.309+0000] {dag.py:3823} INFO - Setting next_dagrun for example_subdag_operator.section-2 to None, run_after=None
[2026-04-24T04:33:32.324+0000] {processor.py:183} INFO - Processing /home/airflow/.local/lib/python3.8/site-packages/airflow/example_dags/example_subdag_operator.py took 0.139 seconds
[2026-04-24T04:34:02.731+0000] {processor.py:161} INFO - Started process (PID=4219) to work on /home/airflow/.local/lib/python3.8/site-packages/airflow/example_dags/example_subdag_operator.py
[2026-04-24T04:34:02.732+0000] {processor.py:830} INFO - Processing file /home/airflow/.local/lib/python3.8/site-packages/airflow/example_dags/example_subdag_operator.py for tasks to queue
[2026-04-24T04:34:02.735+0000] {logging_mixin.py:188} INFO - [2026-04-24T04:34:02.734+0000] {dagbag.py:538} INFO - Filling up the DagBag from /home/airflow/.local/lib/python3.8/site-packages/airflow/example_dags/example_subdag_operator.py
[2026-04-24T04:34:02.771+0000] {processor.py:840} INFO - DAG(s) 'example_subdag_operator.section-1', 'example_subdag_operator.section-2', 'example_subdag_operator' retrieved from /home/airflow/.local/lib/python3.8/site-packages/airflow/example_dags/example_subdag_operator.py
[2026-04-24T04:34:02.794+0000] {logging_mixin.py:188} INFO - [2026-04-24T04:34:02.794+0000] {dag.py:3036} INFO - Sync 3 DAGs
[2026-04-24T04:34:02.827+0000] {logging_mixin.py:188} INFO - [2026-04-24T04:34:02.827+0000] {dag.py:3823} INFO - Setting next_dagrun for example_subdag_operator to 2022-01-01 00:00:00+00:00, run_after=2022-01-01 00:00:00+00:00
[2026-04-24T04:34:02.832+0000] {logging_mixin.py:188} INFO - [2026-04-24T04:34:02.832+0000] {dag.py:3823} INFO - Setting next_dagrun for example_subdag_operator.section-1 to None, run_after=None
[2026-04-24T04:34:02.834+0000] {logging_mixin.py:188} INFO - [2026-04-24T04:34:02.834+0000] {dag.py:3823} INFO - Setting next_dagrun for example_subdag_operator.section-2 to None, run_after=None
[2026-04-24T04:34:02.843+0000] {logging_mixin.py:188} INFO - [2026-04-24T04:34:02.842+0000] {dag.py:3036} INFO - Sync 2 DAGs
[2026-04-24T04:34:02.850+0000] {logging_mixin.py:188} INFO - [2026-04-24T04:34:02.850+0000] {dag.py:3823} INFO - Setting next_dagrun for example_subdag_operator.section-1 to None, run_after=None
[2026-04-24T04:34:02.850+0000] {logging_mixin.py:188} INFO - [2026-04-24T04:34:02.850+0000] {dag.py:3823} INFO - Setting next_dagrun for example_subdag_operator.section-2 to None, run_after=None
[2026-04-24T04:34:02.865+0000] {processor.py:183} INFO - Processing /home/airflow/.local/lib/python3.8/site-packages/airflow/example_dags/example_subdag_operator.py took 0.139 seconds
[2026-04-24T04:34:33.344+0000] {processor.py:161} INFO - Started process (PID=4274) to work on /home/airflow/.local/lib/python3.8/site-packages/airflow/example_dags/example_subdag_operator.py
[2026-04-24T04:34:33.346+0000] {processor.py:830} INFO - Processing file /home/airflow/.local/lib/python3.8/site-packages/airflow/example_dags/example_subdag_operator.py for tasks to queue
[2026-04-24T04:34:33.349+0000] {logging_mixin.py:188} INFO - [2026-04-24T04:34:33.348+0000] {dagbag.py:538} INFO - Filling up the DagBag from /home/airflow/.local/lib/python3.8/site-packages/airflow/example_dags/example_subdag_operator.py
[2026-04-24T04:34:33.386+0000] {processor.py:840} INFO - DAG(s) 'example_subdag_operator.section-1', 'example_subdag_operator.section-2', 'example_subdag_operator' retrieved from /home/airflow/.local/lib/python3.8/site-packages/airflow/example_dags/example_subdag_operator.py
[2026-04-24T04:34:33.408+0000] {logging_mixin.py:188} INFO - [2026-04-24T04:34:33.408+0000] {dag.py:3036} INFO - Sync 3 DAGs
[2026-04-24T04:34:33.440+0000] {logging_mixin.py:188} INFO - [2026-04-24T04:34:33.440+0000] {dag.py:3823} INFO - Setting next_dagrun for example_subdag_operator to 2022-01-01 00:00:00+00:00, run_after=2022-01-01 00:00:00+00:00
[2026-04-24T04:34:33.445+0000] {logging_mixin.py:188} INFO - [2026-04-24T04:34:33.445+0000] {dag.py:3823} INFO - Setting next_dagrun for example_subdag_operator.section-1 to None, run_after=None
[2026-04-24T04:34:33.446+0000] {logging_mixin.py:188} INFO - [2026-04-24T04:34:33.446+0000] {dag.py:3823} INFO - Setting next_dagrun for example_subdag_operator.section-2 to None, run_after=None
[2026-04-24T04:34:33.455+0000] {logging_mixin.py:188} INFO - [2026-04-24T04:34:33.455+0000] {dag.py:3036} INFO - Sync 2 DAGs
[2026-04-24T04:34:33.463+0000] {logging_mixin.py:188} INFO - [2026-04-24T04:34:33.463+0000] {dag.py:3823} INFO - Setting next_dagrun for example_subdag_operator.section-1 to None, run_after=None
[2026-04-24T04:34:33.463+0000] {logging_mixin.py:188} INFO - [2026-04-24T04:34:33.463+0000] {dag.py:3823} INFO - Setting next_dagrun for example_subdag_operator.section-2 to None, run_after=None
[2026-04-24T04:34:33.478+0000] {processor.py:183} INFO - Processing /home/airflow/.local/lib/python3.8/site-packages/airflow/example_dags/example_subdag_operator.py took 0.139 seconds
[2026-04-24T04:35:03.683+0000] {processor.py:161} INFO - Started process (PID=4329) to work on /home/airflow/.local/lib/python3.8/site-packages/airflow/example_dags/example_subdag_operator.py
[2026-04-24T04:35:03.685+0000] {processor.py:830} INFO - Processing file /home/airflow/.local/lib/python3.8/site-packages/airflow/example_dags/example_subdag_operator.py for tasks to queue
[2026-04-24T04:35:03.687+0000] {logging_mixin.py:188} INFO - [2026-04-24T04:35:03.687+0000] {dagbag.py:538} INFO - Filling up the DagBag from /home/airflow/.local/lib/python3.8/site-packages/airflow/example_dags/example_subdag_operator.py
[2026-04-24T04:35:03.725+0000] {processor.py:840} INFO - DAG(s) 'example_subdag_operator.section-1', 'example_subdag_operator.section-2', 'example_subdag_operator' retrieved from /home/airflow/.local/lib/python3.8/site-packages/airflow/example_dags/example_subdag_operator.py
[2026-04-24T04:35:03.746+0000] {logging_mixin.py:188} INFO - [2026-04-24T04:35:03.746+0000] {dag.py:3036} INFO - Sync 3 DAGs
[2026-04-24T04:35:03.776+0000] {logging_mixin.py:188} INFO - [2026-04-24T04:35:03.776+0000] {dag.py:3823} INFO - Setting next_dagrun for example_subdag_operator to 2022-01-01 00:00:00+00:00, run_after=2022-01-01 00:00:00+00:00
[2026-04-24T04:35:03.782+0000] {logging_mixin.py:188} INFO - [2026-04-24T04:35:03.782+0000] {dag.py:3823} INFO - Setting next_dagrun for example_subdag_operator.section-1 to None, run_after=None
[2026-04-24T04:35:03.784+0000] {logging_mixin.py:188} INFO - [2026-04-24T04:35:03.784+0000] {dag.py:3823} INFO - Setting next_dagrun for example_subdag_operator.section-2 to None, run_after=None
[2026-04-24T04:35:03.793+0000] {logging_mixin.py:188} INFO - [2026-04-24T04:35:03.793+0000] {dag.py:3036} INFO - Sync 2 DAGs
[2026-04-24T04:35:03.800+0000] {logging_mixin.py:188} INFO - [2026-04-24T04:35:03.800+0000] {dag.py:3823} INFO - Setting next_dagrun for example_subdag_operator.section-1 to None, run_after=None
[2026-04-24T04:35:03.801+0000] {logging_mixin.py:188} INFO - [2026-04-24T04:35:03.801+0000] {dag.py:3823} INFO - Setting next_dagrun for example_subdag_operator.section-2 to None, run_after=None
[2026-04-24T04:35:03.816+0000] {processor.py:183} INFO - Processing /home/airflow/.local/lib/python3.8/site-packages/airflow/example_dags/example_subdag_operator.py took 0.138 seconds
[2026-04-24T04:35:34.265+0000] {processor.py:161} INFO - Started process (PID=4384) to work on /home/airflow/.local/lib/python3.8/site-packages/airflow/example_dags/example_subdag_operator.py
[2026-04-24T04:35:34.267+0000] {processor.py:830} INFO - Processing file /home/airflow/.local/lib/python3.8/site-packages/airflow/example_dags/example_subdag_operator.py for tasks to queue
[2026-04-24T04:35:34.269+0000] {logging_mixin.py:188} INFO - [2026-04-24T04:35:34.268+0000] {dagbag.py:538} INFO - Filling up the DagBag from /home/airflow/.local/lib/python3.8/site-packages/airflow/example_dags/example_subdag_operator.py
[2026-04-24T04:35:34.301+0000] {processor.py:840} INFO - DAG(s) 'example_subdag_operator.section-1', 'example_subdag_operator.section-2', 'example_subdag_operator' retrieved from /home/airflow/.local/lib/python3.8/site-packages/airflow/example_dags/example_subdag_operator.py
[2026-04-24T04:35:34.321+0000] {logging_mixin.py:188} INFO - [2026-04-24T04:35:34.320+0000] {dag.py:3036} INFO - Sync 3 DAGs
[2026-04-24T04:35:34.349+0000] {logging_mixin.py:188} INFO - [2026-04-24T04:35:34.349+0000] {dag.py:3823} INFO - Setting next_dagrun for example_subdag_operator to 2022-01-01 00:00:00+00:00, run_after=2022-01-01 00:00:00+00:00
[2026-04-24T04:35:34.354+0000] {logging_mixin.py:188} INFO - [2026-04-24T04:35:34.353+0000] {dag.py:3823} INFO - Setting next_dagrun for example_subdag_operator.section-1 to None, run_after=None
[2026-04-24T04:35:34.355+0000] {logging_mixin.py:188} INFO - [2026-04-24T04:35:34.355+0000] {dag.py:3823} INFO - Setting next_dagrun for example_subdag_operator.section-2 to None, run_after=None
[2026-04-24T04:35:34.365+0000] {logging_mixin.py:188} INFO - [2026-04-24T04:35:34.365+0000] {dag.py:3036} INFO - Sync 2 DAGs
[2026-04-24T04:35:34.372+0000] {logging_mixin.py:188} INFO - [2026-04-24T04:35:34.372+0000] {dag.py:3823} INFO - Setting next_dagrun for example_subdag_operator.section-1 to None, run_after=None
[2026-04-24T04:35:34.372+0000] {logging_mixin.py:188} INFO - [2026-04-24T04:35:34.372+0000] {dag.py:3823} INFO - Setting next_dagrun for example_subdag_operator.section-2 to None, run_after=None
[2026-04-24T04:35:34.387+0000] {processor.py:183} INFO - Processing /home/airflow/.local/lib/python3.8/site-packages/airflow/example_dags/example_subdag_operator.py took 0.127 seconds
[2026-04-24T04:36:04.821+0000] {processor.py:161} INFO - Started process (PID=4439) to work on /home/airflow/.local/lib/python3.8/site-packages/airflow/example_dags/example_subdag_operator.py
[2026-04-24T04:36:04.822+0000] {processor.py:830} INFO - Processing file /home/airflow/.local/lib/python3.8/site-packages/airflow/example_dags/example_subdag_operator.py for tasks to queue
[2026-04-24T04:36:04.825+0000] {logging_mixin.py:188} INFO - [2026-04-24T04:36:04.824+0000] {dagbag.py:538} INFO - Filling up the DagBag from /home/airflow/.local/lib/python3.8/site-packages/airflow/example_dags/example_subdag_operator.py
[2026-04-24T04:36:04.863+0000] {processor.py:840} INFO - DAG(s) 'example_subdag_operator.section-1', 'example_subdag_operator.section-2', 'example_subdag_operator' retrieved from /home/airflow/.local/lib/python3.8/site-packages/airflow/example_dags/example_subdag_operator.py
[2026-04-24T04:36:04.890+0000] {logging_mixin.py:188} INFO - [2026-04-24T04:36:04.889+0000] {dag.py:3036} INFO - Sync 3 DAGs
[2026-04-24T04:36:04.926+0000] {logging_mixin.py:188} INFO - [2026-04-24T04:36:04.925+0000] {dag.py:3823} INFO - Setting next_dagrun for example_subdag_operator to 2022-01-01 00:00:00+00:00, run_after=2022-01-01 00:00:00+00:00
[2026-04-24T04:36:04.932+0000] {logging_mixin.py:188} INFO - [2026-04-24T04:36:04.931+0000] {dag.py:3823} INFO - Setting next_dagrun for example_subdag_operator.section-1 to None, run_after=None
[2026-04-24T04:36:04.934+0000] {logging_mixin.py:188} INFO - [2026-04-24T04:36:04.934+0000] {dag.py:3823} INFO - Setting next_dagrun for example_subdag_operator.section-2 to None, run_after=None
[2026-04-24T04:36:04.946+0000] {logging_mixin.py:188} INFO - [2026-04-24T04:36:04.945+0000] {dag.py:3036} INFO - Sync 2 DAGs
[2026-04-24T04:36:04.955+0000] {logging_mixin.py:188} INFO - [2026-04-24T04:36:04.954+0000] {dag.py:3823} INFO - Setting next_dagrun for example_subdag_operator.section-1 to None, run_after=None
[2026-04-24T04:36:04.955+0000] {logging_mixin.py:188} INFO - [2026-04-24T04:36:04.955+0000] {dag.py:3823} INFO - Setting next_dagrun for example_subdag_operator.section-2 to None, run_after=None
[2026-04-24T04:36:04.973+0000] {processor.py:183} INFO - Processing /home/airflow/.local/lib/python3.8/site-packages/airflow/example_dags/example_subdag_operator.py took 0.157 seconds
[2026-04-24T04:36:35.010+0000] {processor.py:161} INFO - Started process (PID=4494) to work on /home/airflow/.local/lib/python3.8/site-packages/airflow/example_dags/example_subdag_operator.py
[2026-04-24T04:36:35.012+0000] {processor.py:830} INFO - Processing file /home/airflow/.local/lib/python3.8/site-packages/airflow/example_dags/example_subdag_operator.py for tasks to queue
[2026-04-24T04:36:35.014+0000] {logging_mixin.py:188} INFO - [2026-04-24T04:36:35.014+0000] {dagbag.py:538} INFO - Filling up the DagBag from /home/airflow/.local/lib/python3.8/site-packages/airflow/example_dags/example_subdag_operator.py
[2026-04-24T04:36:35.048+0000] {processor.py:840} INFO - DAG(s) 'example_subdag_operator.section-1', 'example_subdag_operator.section-2', 'example_subdag_operator' retrieved from /home/airflow/.local/lib/python3.8/site-packages/airflow/example_dags/example_subdag_operator.py
[2026-04-24T04:36:35.068+0000] {logging_mixin.py:188} INFO - [2026-04-24T04:36:35.068+0000] {dag.py:3036} INFO - Sync 3 DAGs
[2026-04-24T04:36:35.097+0000] {logging_mixin.py:188} INFO - [2026-04-24T04:36:35.097+0000] {dag.py:3823} INFO - Setting next_dagrun for example_subdag_operator to 2022-01-01 00:00:00+00:00, run_after=2022-01-01 00:00:00+00:00
[2026-04-24T04:36:35.102+0000] {logging_mixin.py:188} INFO - [2026-04-24T04:36:35.101+0000] {dag.py:3823} INFO - Setting next_dagrun for example_subdag_operator.section-1 to None, run_after=None
[2026-04-24T04:36:35.103+0000] {logging_mixin.py:188} INFO - [2026-04-24T04:36:35.103+0000] {dag.py:3823} INFO - Setting next_dagrun for example_subdag_operator.section-2 to None, run_after=None
[2026-04-24T04:36:35.112+0000] {logging_mixin.py:188} INFO - [2026-04-24T04:36:35.112+0000] {dag.py:3036} INFO - Sync 2 DAGs
[2026-04-24T04:36:35.119+0000] {logging_mixin.py:188} INFO - [2026-04-24T04:36:35.118+0000] {dag.py:3823} INFO - Setting next_dagrun for example_subdag_operator.section-1 to None, run_after=None
[2026-04-24T04:36:35.119+0000] {logging_mixin.py:188} INFO - [2026-04-24T04:36:35.119+0000] {dag.py:3823} INFO - Setting next_dagrun for example_subdag_operator.section-2 to None, run_after=None
[2026-04-24T04:36:35.133+0000] {processor.py:183} INFO - Processing /home/airflow/.local/lib/python3.8/site-packages/airflow/example_dags/example_subdag_operator.py took 0.127 seconds
[2026-04-24T04:37:05.219+0000] {processor.py:161} INFO - Started process (PID=4549) to work on /home/airflow/.local/lib/python3.8/site-packages/airflow/example_dags/example_subdag_operator.py
[2026-04-24T04:37:05.220+0000] {processor.py:830} INFO - Processing file /home/airflow/.local/lib/python3.8/site-packages/airflow/example_dags/example_subdag_operator.py for tasks to queue
[2026-04-24T04:37:05.223+0000] {logging_mixin.py:188} INFO - [2026-04-24T04:37:05.223+0000] {dagbag.py:538} INFO - Filling up the DagBag from /home/airflow/.local/lib/python3.8/site-packages/airflow/example_dags/example_subdag_operator.py
[2026-04-24T04:37:05.260+0000] {processor.py:840} INFO - DAG(s) 'example_subdag_operator.section-1', 'example_subdag_operator.section-2', 'example_subdag_operator' retrieved from /home/airflow/.local/lib/python3.8/site-packages/airflow/example_dags/example_subdag_operator.py
[2026-04-24T04:37:05.281+0000] {logging_mixin.py:188} INFO - [2026-04-24T04:37:05.281+0000] {dag.py:3036} INFO - Sync 3 DAGs
[2026-04-24T04:37:05.310+0000] {logging_mixin.py:188} INFO - [2026-04-24T04:37:05.309+0000] {dag.py:3823} INFO - Setting next_dagrun for example_subdag_operator to 2022-01-01 00:00:00+00:00, run_after=2022-01-01 00:00:00+00:00
[2026-04-24T04:37:05.314+0000] {logging_mixin.py:188} INFO - [2026-04-24T04:37:05.314+0000] {dag.py:3823} INFO - Setting next_dagrun for example_subdag_operator.section-1 to None, run_after=None
[2026-04-24T04:37:05.316+0000] {logging_mixin.py:188} INFO - [2026-04-24T04:37:05.316+0000] {dag.py:3823} INFO - Setting next_dagrun for example_subdag_operator.section-2 to None, run_after=None
[2026-04-24T04:37:05.325+0000] {logging_mixin.py:188} INFO - [2026-04-24T04:37:05.325+0000] {dag.py:3036} INFO - Sync 2 DAGs
[2026-04-24T04:37:05.333+0000] {logging_mixin.py:188} INFO - [2026-04-24T04:37:05.333+0000] {dag.py:3823} INFO - Setting next_dagrun for example_subdag_operator.section-1 to None, run_after=None
[2026-04-24T04:37:05.333+0000] {logging_mixin.py:188} INFO - [2026-04-24T04:37:05.333+0000] {dag.py:3823} INFO - Setting next_dagrun for example_subdag_operator.section-2 to None, run_after=None
[2026-04-24T04:37:05.348+0000] {processor.py:183} INFO - Processing /home/airflow/.local/lib/python3.8/site-packages/airflow/example_dags/example_subdag_operator.py took 0.134 seconds
[2026-04-24T04:37:35.582+0000] {processor.py:161} INFO - Started process (PID=4604) to work on /home/airflow/.local/lib/python3.8/site-packages/airflow/example_dags/example_subdag_operator.py
[2026-04-24T04:37:35.584+0000] {processor.py:830} INFO - Processing file /home/airflow/.local/lib/python3.8/site-packages/airflow/example_dags/example_subdag_operator.py for tasks to queue
[2026-04-24T04:37:35.586+0000] {logging_mixin.py:188} INFO - [2026-04-24T04:37:35.586+0000] {dagbag.py:538} INFO - Filling up the DagBag from /home/airflow/.local/lib/python3.8/site-packages/airflow/example_dags/example_subdag_operator.py
[2026-04-24T04:37:35.628+0000] {processor.py:840} INFO - DAG(s) 'example_subdag_operator.section-1', 'example_subdag_operator.section-2', 'example_subdag_operator' retrieved from /home/airflow/.local/lib/python3.8/site-packages/airflow/example_dags/example_subdag_operator.py
[2026-04-24T04:37:35.654+0000] {logging_mixin.py:188} INFO - [2026-04-24T04:37:35.653+0000] {dag.py:3036} INFO - Sync 3 DAGs
[2026-04-24T04:37:35.695+0000] {logging_mixin.py:188} INFO - [2026-04-24T04:37:35.694+0000] {dag.py:3823} INFO - Setting next_dagrun for example_subdag_operator to 2022-01-01 00:00:00+00:00, run_after=2022-01-01 00:00:00+00:00
[2026-04-24T04:37:35.702+0000] {logging_mixin.py:188} INFO - [2026-04-24T04:37:35.701+0000] {dag.py:3823} INFO - Setting next_dagrun for example_subdag_operator.section-1 to None, run_after=None
[2026-04-24T04:37:35.704+0000] {logging_mixin.py:188} INFO - [2026-04-24T04:37:35.704+0000] {dag.py:3823} INFO - Setting next_dagrun for example_subdag_operator.section-2 to None, run_after=None
[2026-04-24T04:37:35.717+0000] {logging_mixin.py:188} INFO - [2026-04-24T04:37:35.717+0000] {dag.py:3036} INFO - Sync 2 DAGs
[2026-04-24T04:37:35.725+0000] {logging_mixin.py:188} INFO - [2026-04-24T04:37:35.725+0000] {dag.py:3823} INFO - Setting next_dagrun for example_subdag_operator.section-1 to None, run_after=None
[2026-04-24T04:37:35.726+0000] {logging_mixin.py:188} INFO - [2026-04-24T04:37:35.726+0000] {dag.py:3823} INFO - Setting next_dagrun for example_subdag_operator.section-2 to None, run_after=None
[2026-04-24T04:37:35.743+0000] {processor.py:183} INFO - Processing /home/airflow/.local/lib/python3.8/site-packages/airflow/example_dags/example_subdag_operator.py took 0.166 seconds
[2026-04-24T04:38:06.345+0000] {processor.py:161} INFO - Started process (PID=4659) to work on /home/airflow/.local/lib/python3.8/site-packages/airflow/example_dags/example_subdag_operator.py
[2026-04-24T04:38:06.346+0000] {processor.py:830} INFO - Processing file /home/airflow/.local/lib/python3.8/site-packages/airflow/example_dags/example_subdag_operator.py for tasks to queue
[2026-04-24T04:38:06.349+0000] {logging_mixin.py:188} INFO - [2026-04-24T04:38:06.348+0000] {dagbag.py:538} INFO - Filling up the DagBag from /home/airflow/.local/lib/python3.8/site-packages/airflow/example_dags/example_subdag_operator.py
[2026-04-24T04:38:06.384+0000] {processor.py:840} INFO - DAG(s) 'example_subdag_operator.section-1', 'example_subdag_operator.section-2', 'example_subdag_operator' retrieved from /home/airflow/.local/lib/python3.8/site-packages/airflow/example_dags/example_subdag_operator.py
[2026-04-24T04:38:06.406+0000] {logging_mixin.py:188} INFO - [2026-04-24T04:38:06.405+0000] {dag.py:3036} INFO - Sync 3 DAGs
[2026-04-24T04:38:06.437+0000] {logging_mixin.py:188} INFO - [2026-04-24T04:38:06.436+0000] {dag.py:3823} INFO - Setting next_dagrun for example_subdag_operator to 2022-01-01 00:00:00+00:00, run_after=2022-01-01 00:00:00+00:00
[2026-04-24T04:38:06.441+0000] {logging_mixin.py:188} INFO - [2026-04-24T04:38:06.441+0000] {dag.py:3823} INFO - Setting next_dagrun for example_subdag_operator.section-1 to None, run_after=None
[2026-04-24T04:38:06.443+0000] {logging_mixin.py:188} INFO - [2026-04-24T04:38:06.443+0000] {dag.py:3823} INFO - Setting next_dagrun for example_subdag_operator.section-2 to None, run_after=None
[2026-04-24T04:38:06.452+0000] {logging_mixin.py:188} INFO - [2026-04-24T04:38:06.451+0000] {dag.py:3036} INFO - Sync 2 DAGs
[2026-04-24T04:38:06.459+0000] {logging_mixin.py:188} INFO - [2026-04-24T04:38:06.459+0000] {dag.py:3823} INFO - Setting next_dagrun for example_subdag_operator.section-1 to None, run_after=None
[2026-04-24T04:38:06.460+0000] {logging_mixin.py:188} INFO - [2026-04-24T04:38:06.459+0000] {dag.py:3823} INFO - Setting next_dagrun for example_subdag_operator.section-2 to None, run_after=None
[2026-04-24T04:38:06.483+0000] {processor.py:183} INFO - Processing /home/airflow/.local/lib/python3.8/site-packages/airflow/example_dags/example_subdag_operator.py took 0.143 seconds
[2026-04-24T04:38:37.130+0000] {processor.py:161} INFO - Started process (PID=4714) to work on /home/airflow/.local/lib/python3.8/site-packages/airflow/example_dags/example_subdag_operator.py
[2026-04-24T04:38:37.131+0000] {processor.py:830} INFO - Processing file /home/airflow/.local/lib/python3.8/site-packages/airflow/example_dags/example_subdag_operator.py for tasks to queue
[2026-04-24T04:38:37.134+0000] {logging_mixin.py:188} INFO - [2026-04-24T04:38:37.133+0000] {dagbag.py:538} INFO - Filling up the DagBag from /home/airflow/.local/lib/python3.8/site-packages/airflow/example_dags/example_subdag_operator.py
[2026-04-24T04:38:37.170+0000] {processor.py:840} INFO - DAG(s) 'example_subdag_operator.section-1', 'example_subdag_operator.section-2', 'example_subdag_operator' retrieved from /home/airflow/.local/lib/python3.8/site-packages/airflow/example_dags/example_subdag_operator.py
[2026-04-24T04:38:37.194+0000] {logging_mixin.py:188} INFO - [2026-04-24T04:38:37.194+0000] {dag.py:3036} INFO - Sync 3 DAGs
[2026-04-24T04:38:37.227+0000] {logging_mixin.py:188} INFO - [2026-04-24T04:38:37.226+0000] {dag.py:3823} INFO - Setting next_dagrun for example_subdag_operator to 2022-01-01 00:00:00+00:00, run_after=2022-01-01 00:00:00+00:00
[2026-04-24T04:38:37.232+0000] {logging_mixin.py:188} INFO - [2026-04-24T04:38:37.232+0000] {dag.py:3823} INFO - Setting next_dagrun for example_subdag_operator.section-1 to None, run_after=None
[2026-04-24T04:38:37.234+0000] {logging_mixin.py:188} INFO - [2026-04-24T04:38:37.234+0000] {dag.py:3823} INFO - Setting next_dagrun for example_subdag_operator.section-2 to None, run_after=None
[2026-04-24T04:38:37.244+0000] {logging_mixin.py:188} INFO - [2026-04-24T04:38:37.243+0000] {dag.py:3036} INFO - Sync 2 DAGs
[2026-04-24T04:38:37.254+0000] {logging_mixin.py:188} INFO - [2026-04-24T04:38:37.253+0000] {dag.py:3823} INFO - Setting next_dagrun for example_subdag_operator.section-1 to None, run_after=None
[2026-04-24T04:38:37.254+0000] {logging_mixin.py:188} INFO - [2026-04-24T04:38:37.254+0000] {dag.py:3823} INFO - Setting next_dagrun for example_subdag_operator.section-2 to None, run_after=None
[2026-04-24T04:38:37.270+0000] {processor.py:183} INFO - Processing /home/airflow/.local/lib/python3.8/site-packages/airflow/example_dags/example_subdag_operator.py took 0.146 seconds
[2026-04-24T04:39:07.631+0000] {processor.py:161} INFO - Started process (PID=4769) to work on /home/airflow/.local/lib/python3.8/site-packages/airflow/example_dags/example_subdag_operator.py
[2026-04-24T04:39:07.632+0000] {processor.py:830} INFO - Processing file /home/airflow/.local/lib/python3.8/site-packages/airflow/example_dags/example_subdag_operator.py for tasks to queue
[2026-04-24T04:39:07.635+0000] {logging_mixin.py:188} INFO - [2026-04-24T04:39:07.635+0000] {dagbag.py:538} INFO - Filling up the DagBag from /home/airflow/.local/lib/python3.8/site-packages/airflow/example_dags/example_subdag_operator.py
[2026-04-24T04:39:07.668+0000] {processor.py:840} INFO - DAG(s) 'example_subdag_operator.section-1', 'example_subdag_operator.section-2', 'example_subdag_operator' retrieved from /home/airflow/.local/lib/python3.8/site-packages/airflow/example_dags/example_subdag_operator.py
[2026-04-24T04:39:07.690+0000] {logging_mixin.py:188} INFO - [2026-04-24T04:39:07.690+0000] {dag.py:3036} INFO - Sync 3 DAGs
[2026-04-24T04:39:07.721+0000] {logging_mixin.py:188} INFO - [2026-04-24T04:39:07.721+0000] {dag.py:3823} INFO - Setting next_dagrun for example_subdag_operator to 2022-01-01 00:00:00+00:00, run_after=2022-01-01 00:00:00+00:00
[2026-04-24T04:39:07.726+0000] {logging_mixin.py:188} INFO - [2026-04-24T04:39:07.726+0000] {dag.py:3823} INFO - Setting next_dagrun for example_subdag_operator.section-1 to None, run_after=None
[2026-04-24T04:39:07.728+0000] {logging_mixin.py:188} INFO - [2026-04-24T04:39:07.728+0000] {dag.py:3823} INFO - Setting next_dagrun for example_subdag_operator.section-2 to None, run_after=None
[2026-04-24T04:39:07.737+0000] {logging_mixin.py:188} INFO - [2026-04-24T04:39:07.737+0000] {dag.py:3036} INFO - Sync 2 DAGs
[2026-04-24T04:39:07.744+0000] {logging_mixin.py:188} INFO - [2026-04-24T04:39:07.744+0000] {dag.py:3823} INFO - Setting next_dagrun for example_subdag_operator.section-1 to None, run_after=None
[2026-04-24T04:39:07.745+0000] {logging_mixin.py:188} INFO - [2026-04-24T04:39:07.744+0000] {dag.py:3823} INFO - Setting next_dagrun for example_subdag_operator.section-2 to None, run_after=None
[2026-04-24T04:39:07.767+0000] {processor.py:183} INFO - Processing /home/airflow/.local/lib/python3.8/site-packages/airflow/example_dags/example_subdag_operator.py took 0.141 seconds
[2026-04-24T04:39:38.514+0000] {processor.py:161} INFO - Started process (PID=4824) to work on /home/airflow/.local/lib/python3.8/site-packages/airflow/example_dags/example_subdag_operator.py
[2026-04-24T04:39:38.515+0000] {processor.py:830} INFO - Processing file /home/airflow/.local/lib/python3.8/site-packages/airflow/example_dags/example_subdag_operator.py for tasks to queue
[2026-04-24T04:39:38.518+0000] {logging_mixin.py:188} INFO - [2026-04-24T04:39:38.517+0000] {dagbag.py:538} INFO - Filling up the DagBag from /home/airflow/.local/lib/python3.8/site-packages/airflow/example_dags/example_subdag_operator.py
[2026-04-24T04:39:38.555+0000] {processor.py:840} INFO - DAG(s) 'example_subdag_operator.section-1', 'example_subdag_operator.section-2', 'example_subdag_operator' retrieved from /home/airflow/.local/lib/python3.8/site-packages/airflow/example_dags/example_subdag_operator.py
[2026-04-24T04:39:38.578+0000] {logging_mixin.py:188} INFO - [2026-04-24T04:39:38.577+0000] {dag.py:3036} INFO - Sync 3 DAGs
[2026-04-24T04:39:38.608+0000] {logging_mixin.py:188} INFO - [2026-04-24T04:39:38.608+0000] {dag.py:3823} INFO - Setting next_dagrun for example_subdag_operator to 2022-01-01 00:00:00+00:00, run_after=2022-01-01 00:00:00+00:00
[2026-04-24T04:39:38.613+0000] {logging_mixin.py:188} INFO - [2026-04-24T04:39:38.613+0000] {dag.py:3823} INFO - Setting next_dagrun for example_subdag_operator.section-1 to None, run_after=None
[2026-04-24T04:39:38.615+0000] {logging_mixin.py:188} INFO - [2026-04-24T04:39:38.615+0000] {dag.py:3823} INFO - Setting next_dagrun for example_subdag_operator.section-2 to None, run_after=None
[2026-04-24T04:39:38.624+0000] {logging_mixin.py:188} INFO - [2026-04-24T04:39:38.624+0000] {dag.py:3036} INFO - Sync 2 DAGs
[2026-04-24T04:39:38.631+0000] {logging_mixin.py:188} INFO - [2026-04-24T04:39:38.631+0000] {dag.py:3823} INFO - Setting next_dagrun for example_subdag_operator.section-1 to None, run_after=None
[2026-04-24T04:39:38.632+0000] {logging_mixin.py:188} INFO - [2026-04-24T04:39:38.632+0000] {dag.py:3823} INFO - Setting next_dagrun for example_subdag_operator.section-2 to None, run_after=None
[2026-04-24T04:39:38.647+0000] {processor.py:183} INFO - Processing /home/airflow/.local/lib/python3.8/site-packages/airflow/example_dags/example_subdag_operator.py took 0.138 seconds
[2026-04-24T04:40:09.139+0000] {processor.py:161} INFO - Started process (PID=4880) to work on /home/airflow/.local/lib/python3.8/site-packages/airflow/example_dags/example_subdag_operator.py
[2026-04-24T04:40:09.140+0000] {processor.py:830} INFO - Processing file /home/airflow/.local/lib/python3.8/site-packages/airflow/example_dags/example_subdag_operator.py for tasks to queue
[2026-04-24T04:40:09.143+0000] {logging_mixin.py:188} INFO - [2026-04-24T04:40:09.143+0000] {dagbag.py:538} INFO - Filling up the DagBag from /home/airflow/.local/lib/python3.8/site-packages/airflow/example_dags/example_subdag_operator.py
[2026-04-24T04:40:09.182+0000] {processor.py:840} INFO - DAG(s) 'example_subdag_operator.section-1', 'example_subdag_operator.section-2', 'example_subdag_operator' retrieved from /home/airflow/.local/lib/python3.8/site-packages/airflow/example_dags/example_subdag_operator.py
[2026-04-24T04:40:09.208+0000] {logging_mixin.py:188} INFO - [2026-04-24T04:40:09.208+0000] {dag.py:3036} INFO - Sync 3 DAGs
[2026-04-24T04:40:09.243+0000] {logging_mixin.py:188} INFO - [2026-04-24T04:40:09.243+0000] {dag.py:3823} INFO - Setting next_dagrun for example_subdag_operator to 2022-01-01 00:00:00+00:00, run_after=2022-01-01 00:00:00+00:00
[2026-04-24T04:40:09.250+0000] {logging_mixin.py:188} INFO - [2026-04-24T04:40:09.250+0000] {dag.py:3823} INFO - Setting next_dagrun for example_subdag_operator.section-1 to None, run_after=None
[2026-04-24T04:40:09.252+0000] {logging_mixin.py:188} INFO - [2026-04-24T04:40:09.252+0000] {dag.py:3823} INFO - Setting next_dagrun for example_subdag_operator.section-2 to None, run_after=None
[2026-04-24T04:40:09.262+0000] {logging_mixin.py:188} INFO - [2026-04-24T04:40:09.262+0000] {dag.py:3036} INFO - Sync 2 DAGs
[2026-04-24T04:40:09.270+0000] {logging_mixin.py:188} INFO - [2026-04-24T04:40:09.269+0000] {dag.py:3823} INFO - Setting next_dagrun for example_subdag_operator.section-1 to None, run_after=None
[2026-04-24T04:40:09.270+0000] {logging_mixin.py:188} INFO - [2026-04-24T04:40:09.270+0000] {dag.py:3823} INFO - Setting next_dagrun for example_subdag_operator.section-2 to None, run_after=None
[2026-04-24T04:40:09.284+0000] {processor.py:183} INFO - Processing /home/airflow/.local/lib/python3.8/site-packages/airflow/example_dags/example_subdag_operator.py took 0.150 seconds
[2026-04-24T04:40:39.707+0000] {processor.py:161} INFO - Started process (PID=4935) to work on /home/airflow/.local/lib/python3.8/site-packages/airflow/example_dags/example_subdag_operator.py
[2026-04-24T04:40:39.709+0000] {processor.py:830} INFO - Processing file /home/airflow/.local/lib/python3.8/site-packages/airflow/example_dags/example_subdag_operator.py for tasks to queue
[2026-04-24T04:40:39.712+0000] {logging_mixin.py:188} INFO - [2026-04-24T04:40:39.711+0000] {dagbag.py:538} INFO - Filling up the DagBag from /home/airflow/.local/lib/python3.8/site-packages/airflow/example_dags/example_subdag_operator.py
[2026-04-24T04:40:39.752+0000] {processor.py:840} INFO - DAG(s) 'example_subdag_operator.section-1', 'example_subdag_operator.section-2', 'example_subdag_operator' retrieved from /home/airflow/.local/lib/python3.8/site-packages/airflow/example_dags/example_subdag_operator.py
[2026-04-24T04:40:39.776+0000] {logging_mixin.py:188} INFO - [2026-04-24T04:40:39.776+0000] {dag.py:3036} INFO - Sync 3 DAGs
[2026-04-24T04:40:39.810+0000] {logging_mixin.py:188} INFO - [2026-04-24T04:40:39.810+0000] {dag.py:3823} INFO - Setting next_dagrun for example_subdag_operator to 2022-01-01 00:00:00+00:00, run_after=2022-01-01 00:00:00+00:00
[2026-04-24T04:40:39.816+0000] {logging_mixin.py:188} INFO - [2026-04-24T04:40:39.815+0000] {dag.py:3823} INFO - Setting next_dagrun for example_subdag_operator.section-1 to None, run_after=None
[2026-04-24T04:40:39.817+0000] {logging_mixin.py:188} INFO - [2026-04-24T04:40:39.817+0000] {dag.py:3823} INFO - Setting next_dagrun for example_subdag_operator.section-2 to None, run_after=None
[2026-04-24T04:40:39.828+0000] {logging_mixin.py:188} INFO - [2026-04-24T04:40:39.828+0000] {dag.py:3036} INFO - Sync 2 DAGs
[2026-04-24T04:40:39.836+0000] {logging_mixin.py:188} INFO - [2026-04-24T04:40:39.835+0000] {dag.py:3823} INFO - Setting next_dagrun for example_subdag_operator.section-1 to None, run_after=None
[2026-04-24T04:40:39.836+0000] {logging_mixin.py:188} INFO - [2026-04-24T04:40:39.836+0000] {dag.py:3823} INFO - Setting next_dagrun for example_subdag_operator.section-2 to None, run_after=None
[2026-04-24T04:40:39.852+0000] {processor.py:183} INFO - Processing /home/airflow/.local/lib/python3.8/site-packages/airflow/example_dags/example_subdag_operator.py took 0.150 seconds
[2026-04-24T04:41:10.053+0000] {processor.py:161} INFO - Started process (PID=4989) to work on /home/airflow/.local/lib/python3.8/site-packages/airflow/example_dags/example_subdag_operator.py
[2026-04-24T04:41:10.054+0000] {processor.py:830} INFO - Processing file /home/airflow/.local/lib/python3.8/site-packages/airflow/example_dags/example_subdag_operator.py for tasks to queue
[2026-04-24T04:41:10.057+0000] {logging_mixin.py:188} INFO - [2026-04-24T04:41:10.056+0000] {dagbag.py:538} INFO - Filling up the DagBag from /home/airflow/.local/lib/python3.8/site-packages/airflow/example_dags/example_subdag_operator.py
[2026-04-24T04:41:10.089+0000] {processor.py:840} INFO - DAG(s) 'example_subdag_operator.section-1', 'example_subdag_operator.section-2', 'example_subdag_operator' retrieved from /home/airflow/.local/lib/python3.8/site-packages/airflow/example_dags/example_subdag_operator.py
[2026-04-24T04:41:10.109+0000] {logging_mixin.py:188} INFO - [2026-04-24T04:41:10.109+0000] {dag.py:3036} INFO - Sync 3 DAGs
[2026-04-24T04:41:10.138+0000] {logging_mixin.py:188} INFO - [2026-04-24T04:41:10.137+0000] {dag.py:3823} INFO - Setting next_dagrun for example_subdag_operator to 2022-01-01 00:00:00+00:00, run_after=2022-01-01 00:00:00+00:00
[2026-04-24T04:41:10.142+0000] {logging_mixin.py:188} INFO - [2026-04-24T04:41:10.142+0000] {dag.py:3823} INFO - Setting next_dagrun for example_subdag_operator.section-1 to None, run_after=None
[2026-04-24T04:41:10.143+0000] {logging_mixin.py:188} INFO - [2026-04-24T04:41:10.143+0000] {dag.py:3823} INFO - Setting next_dagrun for example_subdag_operator.section-2 to None, run_after=None
[2026-04-24T04:41:10.152+0000] {logging_mixin.py:188} INFO - [2026-04-24T04:41:10.151+0000] {dag.py:3036} INFO - Sync 2 DAGs
[2026-04-24T04:41:10.158+0000] {logging_mixin.py:188} INFO - [2026-04-24T04:41:10.158+0000] {dag.py:3823} INFO - Setting next_dagrun for example_subdag_operator.section-1 to None, run_after=None
[2026-04-24T04:41:10.159+0000] {logging_mixin.py:188} INFO - [2026-04-24T04:41:10.158+0000] {dag.py:3823} INFO - Setting next_dagrun for example_subdag_operator.section-2 to None, run_after=None
[2026-04-24T04:41:10.173+0000] {processor.py:183} INFO - Processing /home/airflow/.local/lib/python3.8/site-packages/airflow/example_dags/example_subdag_operator.py took 0.124 seconds
[2026-04-24T04:41:40.910+0000] {processor.py:161} INFO - Started process (PID=5044) to work on /home/airflow/.local/lib/python3.8/site-packages/airflow/example_dags/example_subdag_operator.py
[2026-04-24T04:41:40.911+0000] {processor.py:830} INFO - Processing file /home/airflow/.local/lib/python3.8/site-packages/airflow/example_dags/example_subdag_operator.py for tasks to queue
[2026-04-24T04:41:40.913+0000] {logging_mixin.py:188} INFO - [2026-04-24T04:41:40.913+0000] {dagbag.py:538} INFO - Filling up the DagBag from /home/airflow/.local/lib/python3.8/site-packages/airflow/example_dags/example_subdag_operator.py
[2026-04-24T04:41:40.956+0000] {processor.py:840} INFO - DAG(s) 'example_subdag_operator.section-1', 'example_subdag_operator.section-2', 'example_subdag_operator' retrieved from /home/airflow/.local/lib/python3.8/site-packages/airflow/example_dags/example_subdag_operator.py
[2026-04-24T04:41:40.980+0000] {logging_mixin.py:188} INFO - [2026-04-24T04:41:40.980+0000] {dag.py:3036} INFO - Sync 3 DAGs
[2026-04-24T04:41:41.014+0000] {logging_mixin.py:188} INFO - [2026-04-24T04:41:41.013+0000] {dag.py:3823} INFO - Setting next_dagrun for example_subdag_operator to 2022-01-01 00:00:00+00:00, run_after=2022-01-01 00:00:00+00:00
[2026-04-24T04:41:41.021+0000] {logging_mixin.py:188} INFO - [2026-04-24T04:41:41.021+0000] {dag.py:3823} INFO - Setting next_dagrun for example_subdag_operator.section-1 to None, run_after=None
[2026-04-24T04:41:41.023+0000] {logging_mixin.py:188} INFO - [2026-04-24T04:41:41.023+0000] {dag.py:3823} INFO - Setting next_dagrun for example_subdag_operator.section-2 to None, run_after=None
[2026-04-24T04:41:41.033+0000] {logging_mixin.py:188} INFO - [2026-04-24T04:41:41.033+0000] {dag.py:3036} INFO - Sync 2 DAGs
[2026-04-24T04:41:41.041+0000] {logging_mixin.py:188} INFO - [2026-04-24T04:41:41.041+0000] {dag.py:3823} INFO - Setting next_dagrun for example_subdag_operator.section-1 to None, run_after=None
[2026-04-24T04:41:41.042+0000] {logging_mixin.py:188} INFO - [2026-04-24T04:41:41.042+0000] {dag.py:3823} INFO - Setting next_dagrun for example_subdag_operator.section-2 to None, run_after=None
[2026-04-24T04:41:41.058+0000] {processor.py:183} INFO - Processing /home/airflow/.local/lib/python3.8/site-packages/airflow/example_dags/example_subdag_operator.py took 0.154 seconds
[2026-04-24T04:42:11.248+0000] {processor.py:161} INFO - Started process (PID=5099) to work on /home/airflow/.local/lib/python3.8/site-packages/airflow/example_dags/example_subdag_operator.py
[2026-04-24T04:42:11.250+0000] {processor.py:830} INFO - Processing file /home/airflow/.local/lib/python3.8/site-packages/airflow/example_dags/example_subdag_operator.py for tasks to queue
[2026-04-24T04:42:11.252+0000] {logging_mixin.py:188} INFO - [2026-04-24T04:42:11.252+0000] {dagbag.py:538} INFO - Filling up the DagBag from /home/airflow/.local/lib/python3.8/site-packages/airflow/example_dags/example_subdag_operator.py
[2026-04-24T04:42:11.289+0000] {processor.py:840} INFO - DAG(s) 'example_subdag_operator.section-1', 'example_subdag_operator.section-2', 'example_subdag_operator' retrieved from /home/airflow/.local/lib/python3.8/site-packages/airflow/example_dags/example_subdag_operator.py
[2026-04-24T04:42:11.309+0000] {logging_mixin.py:188} INFO - [2026-04-24T04:42:11.308+0000] {dag.py:3036} INFO - Sync 3 DAGs
[2026-04-24T04:42:11.337+0000] {logging_mixin.py:188} INFO - [2026-04-24T04:42:11.337+0000] {dag.py:3823} INFO - Setting next_dagrun for example_subdag_operator to 2022-01-01 00:00:00+00:00, run_after=2022-01-01 00:00:00+00:00
[2026-04-24T04:42:11.342+0000] {logging_mixin.py:188} INFO - [2026-04-24T04:42:11.341+0000] {dag.py:3823} INFO - Setting next_dagrun for example_subdag_operator.section-1 to None, run_after=None
[2026-04-24T04:42:11.343+0000] {logging_mixin.py:188} INFO - [2026-04-24T04:42:11.343+0000] {dag.py:3823} INFO - Setting next_dagrun for example_subdag_operator.section-2 to None, run_after=None
[2026-04-24T04:42:11.352+0000] {logging_mixin.py:188} INFO - [2026-04-24T04:42:11.351+0000] {dag.py:3036} INFO - Sync 2 DAGs
[2026-04-24T04:42:11.359+0000] {logging_mixin.py:188} INFO - [2026-04-24T04:42:11.359+0000] {dag.py:3823} INFO - Setting next_dagrun for example_subdag_operator.section-1 to None, run_after=None
[2026-04-24T04:42:11.360+0000] {logging_mixin.py:188} INFO - [2026-04-24T04:42:11.360+0000] {dag.py:3823} INFO - Setting next_dagrun for example_subdag_operator.section-2 to None, run_after=None
[2026-04-24T04:42:11.375+0000] {processor.py:183} INFO - Processing /home/airflow/.local/lib/python3.8/site-packages/airflow/example_dags/example_subdag_operator.py took 0.133 seconds
[2026-04-24T04:42:41.682+0000] {processor.py:161} INFO - Started process (PID=5154) to work on /home/airflow/.local/lib/python3.8/site-packages/airflow/example_dags/example_subdag_operator.py
[2026-04-24T04:42:41.683+0000] {processor.py:830} INFO - Processing file /home/airflow/.local/lib/python3.8/site-packages/airflow/example_dags/example_subdag_operator.py for tasks to queue
[2026-04-24T04:42:41.686+0000] {logging_mixin.py:188} INFO - [2026-04-24T04:42:41.686+0000] {dagbag.py:538} INFO - Filling up the DagBag from /home/airflow/.local/lib/python3.8/site-packages/airflow/example_dags/example_subdag_operator.py
[2026-04-24T04:42:41.726+0000] {processor.py:840} INFO - DAG(s) 'example_subdag_operator.section-1', 'example_subdag_operator.section-2', 'example_subdag_operator' retrieved from /home/airflow/.local/lib/python3.8/site-packages/airflow/example_dags/example_subdag_operator.py
[2026-04-24T04:42:41.756+0000] {logging_mixin.py:188} INFO - [2026-04-24T04:42:41.755+0000] {dag.py:3036} INFO - Sync 3 DAGs
[2026-04-24T04:42:41.791+0000] {logging_mixin.py:188} INFO - [2026-04-24T04:42:41.791+0000] {dag.py:3823} INFO - Setting next_dagrun for example_subdag_operator to 2022-01-01 00:00:00+00:00, run_after=2022-01-01 00:00:00+00:00
[2026-04-24T04:42:41.797+0000] {logging_mixin.py:188} INFO - [2026-04-24T04:42:41.797+0000] {dag.py:3823} INFO - Setting next_dagrun for example_subdag_operator.section-1 to None, run_after=None
[2026-04-24T04:42:41.799+0000] {logging_mixin.py:188} INFO - [2026-04-24T04:42:41.799+0000] {dag.py:3823} INFO - Setting next_dagrun for example_subdag_operator.section-2 to None, run_after=None
[2026-04-24T04:42:41.810+0000] {logging_mixin.py:188} INFO - [2026-04-24T04:42:41.810+0000] {dag.py:3036} INFO - Sync 2 DAGs
[2026-04-24T04:42:41.819+0000] {logging_mixin.py:188} INFO - [2026-04-24T04:42:41.819+0000] {dag.py:3823} INFO - Setting next_dagrun for example_subdag_operator.section-1 to None, run_after=None
[2026-04-24T04:42:41.820+0000] {logging_mixin.py:188} INFO - [2026-04-24T04:42:41.819+0000] {dag.py:3823} INFO - Setting next_dagrun for example_subdag_operator.section-2 to None, run_after=None
[2026-04-24T04:42:41.838+0000] {processor.py:183} INFO - Processing /home/airflow/.local/lib/python3.8/site-packages/airflow/example_dags/example_subdag_operator.py took 0.161 seconds
[2026-04-24T04:43:11.969+0000] {processor.py:161} INFO - Started process (PID=5209) to work on /home/airflow/.local/lib/python3.8/site-packages/airflow/example_dags/example_subdag_operator.py
[2026-04-24T04:43:11.970+0000] {processor.py:830} INFO - Processing file /home/airflow/.local/lib/python3.8/site-packages/airflow/example_dags/example_subdag_operator.py for tasks to queue
[2026-04-24T04:43:11.973+0000] {logging_mixin.py:188} INFO - [2026-04-24T04:43:11.973+0000] {dagbag.py:538} INFO - Filling up the DagBag from /home/airflow/.local/lib/python3.8/site-packages/airflow/example_dags/example_subdag_operator.py
[2026-04-24T04:43:12.012+0000] {processor.py:840} INFO - DAG(s) 'example_subdag_operator.section-1', 'example_subdag_operator.section-2', 'example_subdag_operator' retrieved from /home/airflow/.local/lib/python3.8/site-packages/airflow/example_dags/example_subdag_operator.py
[2026-04-24T04:43:12.037+0000] {logging_mixin.py:188} INFO - [2026-04-24T04:43:12.036+0000] {dag.py:3036} INFO - Sync 3 DAGs
[2026-04-24T04:43:12.071+0000] {logging_mixin.py:188} INFO - [2026-04-24T04:43:12.070+0000] {dag.py:3823} INFO - Setting next_dagrun for example_subdag_operator to 2022-01-01 00:00:00+00:00, run_after=2022-01-01 00:00:00+00:00
[2026-04-24T04:43:12.076+0000] {logging_mixin.py:188} INFO - [2026-04-24T04:43:12.076+0000] {dag.py:3823} INFO - Setting next_dagrun for example_subdag_operator.section-1 to None, run_after=None
[2026-04-24T04:43:12.078+0000] {logging_mixin.py:188} INFO - [2026-04-24T04:43:12.078+0000] {dag.py:3823} INFO - Setting next_dagrun for example_subdag_operator.section-2 to None, run_after=None
[2026-04-24T04:43:12.089+0000] {logging_mixin.py:188} INFO - [2026-04-24T04:43:12.089+0000] {dag.py:3036} INFO - Sync 2 DAGs
[2026-04-24T04:43:12.098+0000] {logging_mixin.py:188} INFO - [2026-04-24T04:43:12.097+0000] {dag.py:3823} INFO - Setting next_dagrun for example_subdag_operator.section-1 to None, run_after=None
[2026-04-24T04:43:12.099+0000] {logging_mixin.py:188} INFO - [2026-04-24T04:43:12.098+0000] {dag.py:3823} INFO - Setting next_dagrun for example_subdag_operator.section-2 to None, run_after=None
[2026-04-24T04:43:12.115+0000] {processor.py:183} INFO - Processing /home/airflow/.local/lib/python3.8/site-packages/airflow/example_dags/example_subdag_operator.py took 0.152 seconds
[2026-04-24T04:43:42.151+0000] {processor.py:161} INFO - Started process (PID=5264) to work on /home/airflow/.local/lib/python3.8/site-packages/airflow/example_dags/example_subdag_operator.py
[2026-04-24T04:43:42.152+0000] {processor.py:830} INFO - Processing file /home/airflow/.local/lib/python3.8/site-packages/airflow/example_dags/example_subdag_operator.py for tasks to queue
[2026-04-24T04:43:42.154+0000] {logging_mixin.py:188} INFO - [2026-04-24T04:43:42.154+0000] {dagbag.py:538} INFO - Filling up the DagBag from /home/airflow/.local/lib/python3.8/site-packages/airflow/example_dags/example_subdag_operator.py
[2026-04-24T04:43:42.187+0000] {processor.py:840} INFO - DAG(s) 'example_subdag_operator.section-1', 'example_subdag_operator.section-2', 'example_subdag_operator' retrieved from /home/airflow/.local/lib/python3.8/site-packages/airflow/example_dags/example_subdag_operator.py
[2026-04-24T04:43:42.207+0000] {logging_mixin.py:188} INFO - [2026-04-24T04:43:42.207+0000] {dag.py:3036} INFO - Sync 3 DAGs
[2026-04-24T04:43:42.237+0000] {logging_mixin.py:188} INFO - [2026-04-24T04:43:42.237+0000] {dag.py:3823} INFO - Setting next_dagrun for example_subdag_operator to 2022-01-01 00:00:00+00:00, run_after=2022-01-01 00:00:00+00:00
[2026-04-24T04:43:42.242+0000] {logging_mixin.py:188} INFO - [2026-04-24T04:43:42.242+0000] {dag.py:3823} INFO - Setting next_dagrun for example_subdag_operator.section-1 to None, run_after=None
[2026-04-24T04:43:42.244+0000] {logging_mixin.py:188} INFO - [2026-04-24T04:43:42.244+0000] {dag.py:3823} INFO - Setting next_dagrun for example_subdag_operator.section-2 to None, run_after=None
[2026-04-24T04:43:42.253+0000] {logging_mixin.py:188} INFO - [2026-04-24T04:43:42.253+0000] {dag.py:3036} INFO - Sync 2 DAGs
[2026-04-24T04:43:42.260+0000] {logging_mixin.py:188} INFO - [2026-04-24T04:43:42.260+0000] {dag.py:3823} INFO - Setting next_dagrun for example_subdag_operator.section-1 to None, run_after=None
[2026-04-24T04:43:42.261+0000] {logging_mixin.py:188} INFO - [2026-04-24T04:43:42.261+0000] {dag.py:3823} INFO - Setting next_dagrun for example_subdag_operator.section-2 to None, run_after=None
[2026-04-24T04:43:42.275+0000] {processor.py:183} INFO - Processing /home/airflow/.local/lib/python3.8/site-packages/airflow/example_dags/example_subdag_operator.py took 0.128 seconds
[2026-04-24T04:44:12.941+0000] {processor.py:161} INFO - Started process (PID=5319) to work on /home/airflow/.local/lib/python3.8/site-packages/airflow/example_dags/example_subdag_operator.py
[2026-04-24T04:44:12.942+0000] {processor.py:830} INFO - Processing file /home/airflow/.local/lib/python3.8/site-packages/airflow/example_dags/example_subdag_operator.py for tasks to queue
[2026-04-24T04:44:12.945+0000] {logging_mixin.py:188} INFO - [2026-04-24T04:44:12.944+0000] {dagbag.py:538} INFO - Filling up the DagBag from /home/airflow/.local/lib/python3.8/site-packages/airflow/example_dags/example_subdag_operator.py
[2026-04-24T04:44:12.979+0000] {processor.py:840} INFO - DAG(s) 'example_subdag_operator.section-1', 'example_subdag_operator.section-2', 'example_subdag_operator' retrieved from /home/airflow/.local/lib/python3.8/site-packages/airflow/example_dags/example_subdag_operator.py
[2026-04-24T04:44:12.999+0000] {logging_mixin.py:188} INFO - [2026-04-24T04:44:12.999+0000] {dag.py:3036} INFO - Sync 3 DAGs
[2026-04-24T04:44:13.033+0000] {logging_mixin.py:188} INFO - [2026-04-24T04:44:13.033+0000] {dag.py:3823} INFO - Setting next_dagrun for example_subdag_operator to 2022-01-01 00:00:00+00:00, run_after=2022-01-01 00:00:00+00:00
[2026-04-24T04:44:13.039+0000] {logging_mixin.py:188} INFO - [2026-04-24T04:44:13.038+0000] {dag.py:3823} INFO - Setting next_dagrun for example_subdag_operator.section-1 to None, run_after=None
[2026-04-24T04:44:13.040+0000] {logging_mixin.py:188} INFO - [2026-04-24T04:44:13.040+0000] {dag.py:3823} INFO - Setting next_dagrun for example_subdag_operator.section-2 to None, run_after=None
[2026-04-24T04:44:13.050+0000] {logging_mixin.py:188} INFO - [2026-04-24T04:44:13.050+0000] {dag.py:3036} INFO - Sync 2 DAGs
[2026-04-24T04:44:13.059+0000] {logging_mixin.py:188} INFO - [2026-04-24T04:44:13.058+0000] {dag.py:3823} INFO - Setting next_dagrun for example_subdag_operator.section-1 to None, run_after=None
[2026-04-24T04:44:13.059+0000] {logging_mixin.py:188} INFO - [2026-04-24T04:44:13.059+0000] {dag.py:3823} INFO - Setting next_dagrun for example_subdag_operator.section-2 to None, run_after=None
[2026-04-24T04:44:13.073+0000] {processor.py:183} INFO - Processing /home/airflow/.local/lib/python3.8/site-packages/airflow/example_dags/example_subdag_operator.py took 0.136 seconds
[2026-04-24T04:44:43.849+0000] {processor.py:161} INFO - Started process (PID=5374) to work on /home/airflow/.local/lib/python3.8/site-packages/airflow/example_dags/example_subdag_operator.py
[2026-04-24T04:44:43.850+0000] {processor.py:830} INFO - Processing file /home/airflow/.local/lib/python3.8/site-packages/airflow/example_dags/example_subdag_operator.py for tasks to queue
[2026-04-24T04:44:43.853+0000] {logging_mixin.py:188} INFO - [2026-04-24T04:44:43.852+0000] {dagbag.py:538} INFO - Filling up the DagBag from /home/airflow/.local/lib/python3.8/site-packages/airflow/example_dags/example_subdag_operator.py
[2026-04-24T04:44:43.893+0000] {processor.py:840} INFO - DAG(s) 'example_subdag_operator.section-1', 'example_subdag_operator.section-2', 'example_subdag_operator' retrieved from /home/airflow/.local/lib/python3.8/site-packages/airflow/example_dags/example_subdag_operator.py
[2026-04-24T04:44:43.917+0000] {logging_mixin.py:188} INFO - [2026-04-24T04:44:43.917+0000] {dag.py:3036} INFO - Sync 3 DAGs
[2026-04-24T04:44:43.953+0000] {logging_mixin.py:188} INFO - [2026-04-24T04:44:43.952+0000] {dag.py:3823} INFO - Setting next_dagrun for example_subdag_operator to 2022-01-01 00:00:00+00:00, run_after=2022-01-01 00:00:00+00:00
[2026-04-24T04:44:43.958+0000] {logging_mixin.py:188} INFO - [2026-04-24T04:44:43.958+0000] {dag.py:3823} INFO - Setting next_dagrun for example_subdag_operator.section-1 to None, run_after=None
[2026-04-24T04:44:43.960+0000] {logging_mixin.py:188} INFO - [2026-04-24T04:44:43.960+0000] {dag.py:3823} INFO - Setting next_dagrun for example_subdag_operator.section-2 to None, run_after=None
[2026-04-24T04:44:43.971+0000] {logging_mixin.py:188} INFO - [2026-04-24T04:44:43.971+0000] {dag.py:3036} INFO - Sync 2 DAGs
[2026-04-24T04:44:43.979+0000] {logging_mixin.py:188} INFO - [2026-04-24T04:44:43.979+0000] {dag.py:3823} INFO - Setting next_dagrun for example_subdag_operator.section-1 to None, run_after=None
[2026-04-24T04:44:43.980+0000] {logging_mixin.py:188} INFO - [2026-04-24T04:44:43.980+0000] {dag.py:3823} INFO - Setting next_dagrun for example_subdag_operator.section-2 to None, run_after=None
[2026-04-24T04:44:43.998+0000] {processor.py:183} INFO - Processing /home/airflow/.local/lib/python3.8/site-packages/airflow/example_dags/example_subdag_operator.py took 0.155 seconds
[2026-04-24T04:45:14.396+0000] {processor.py:161} INFO - Started process (PID=5429) to work on /home/airflow/.local/lib/python3.8/site-packages/airflow/example_dags/example_subdag_operator.py
[2026-04-24T04:45:14.398+0000] {processor.py:830} INFO - Processing file /home/airflow/.local/lib/python3.8/site-packages/airflow/example_dags/example_subdag_operator.py for tasks to queue
[2026-04-24T04:45:14.400+0000] {logging_mixin.py:188} INFO - [2026-04-24T04:45:14.400+0000] {dagbag.py:538} INFO - Filling up the DagBag from /home/airflow/.local/lib/python3.8/site-packages/airflow/example_dags/example_subdag_operator.py
[2026-04-24T04:45:14.439+0000] {processor.py:840} INFO - DAG(s) 'example_subdag_operator.section-1', 'example_subdag_operator.section-2', 'example_subdag_operator' retrieved from /home/airflow/.local/lib/python3.8/site-packages/airflow/example_dags/example_subdag_operator.py
[2026-04-24T04:45:14.460+0000] {logging_mixin.py:188} INFO - [2026-04-24T04:45:14.459+0000] {dag.py:3036} INFO - Sync 3 DAGs
[2026-04-24T04:45:14.489+0000] {logging_mixin.py:188} INFO - [2026-04-24T04:45:14.488+0000] {dag.py:3823} INFO - Setting next_dagrun for example_subdag_operator to 2022-01-01 00:00:00+00:00, run_after=2022-01-01 00:00:00+00:00
[2026-04-24T04:45:14.493+0000] {logging_mixin.py:188} INFO - [2026-04-24T04:45:14.493+0000] {dag.py:3823} INFO - Setting next_dagrun for example_subdag_operator.section-1 to None, run_after=None
[2026-04-24T04:45:14.495+0000] {logging_mixin.py:188} INFO - [2026-04-24T04:45:14.494+0000] {dag.py:3823} INFO - Setting next_dagrun for example_subdag_operator.section-2 to None, run_after=None
[2026-04-24T04:45:14.504+0000] {logging_mixin.py:188} INFO - [2026-04-24T04:45:14.503+0000] {dag.py:3036} INFO - Sync 2 DAGs
[2026-04-24T04:45:14.510+0000] {logging_mixin.py:188} INFO - [2026-04-24T04:45:14.510+0000] {dag.py:3823} INFO - Setting next_dagrun for example_subdag_operator.section-1 to None, run_after=None
[2026-04-24T04:45:14.511+0000] {logging_mixin.py:188} INFO - [2026-04-24T04:45:14.511+0000] {dag.py:3823} INFO - Setting next_dagrun for example_subdag_operator.section-2 to None, run_after=None
[2026-04-24T04:45:14.526+0000] {processor.py:183} INFO - Processing /home/airflow/.local/lib/python3.8/site-packages/airflow/example_dags/example_subdag_operator.py took 0.135 seconds
[2026-04-24T04:45:44.772+0000] {processor.py:161} INFO - Started process (PID=5484) to work on /home/airflow/.local/lib/python3.8/site-packages/airflow/example_dags/example_subdag_operator.py
[2026-04-24T04:45:44.774+0000] {processor.py:830} INFO - Processing file /home/airflow/.local/lib/python3.8/site-packages/airflow/example_dags/example_subdag_operator.py for tasks to queue
[2026-04-24T04:45:44.776+0000] {logging_mixin.py:188} INFO - [2026-04-24T04:45:44.776+0000] {dagbag.py:538} INFO - Filling up the DagBag from /home/airflow/.local/lib/python3.8/site-packages/airflow/example_dags/example_subdag_operator.py
[2026-04-24T04:45:44.814+0000] {processor.py:840} INFO - DAG(s) 'example_subdag_operator.section-1', 'example_subdag_operator.section-2', 'example_subdag_operator' retrieved from /home/airflow/.local/lib/python3.8/site-packages/airflow/example_dags/example_subdag_operator.py
[2026-04-24T04:45:44.835+0000] {logging_mixin.py:188} INFO - [2026-04-24T04:45:44.834+0000] {dag.py:3036} INFO - Sync 3 DAGs
[2026-04-24T04:45:44.866+0000] {logging_mixin.py:188} INFO - [2026-04-24T04:45:44.866+0000] {dag.py:3823} INFO - Setting next_dagrun for example_subdag_operator to 2022-01-01 00:00:00+00:00, run_after=2022-01-01 00:00:00+00:00
[2026-04-24T04:45:44.871+0000] {logging_mixin.py:188} INFO - [2026-04-24T04:45:44.871+0000] {dag.py:3823} INFO - Setting next_dagrun for example_subdag_operator.section-1 to None, run_after=None
[2026-04-24T04:45:44.873+0000] {logging_mixin.py:188} INFO - [2026-04-24T04:45:44.873+0000] {dag.py:3823} INFO - Setting next_dagrun for example_subdag_operator.section-2 to None, run_after=None
[2026-04-24T04:45:44.882+0000] {logging_mixin.py:188} INFO - [2026-04-24T04:45:44.882+0000] {dag.py:3036} INFO - Sync 2 DAGs
[2026-04-24T04:45:44.890+0000] {logging_mixin.py:188} INFO - [2026-04-24T04:45:44.889+0000] {dag.py:3823} INFO - Setting next_dagrun for example_subdag_operator.section-1 to None, run_after=None
[2026-04-24T04:45:44.890+0000] {logging_mixin.py:188} INFO - [2026-04-24T04:45:44.890+0000] {dag.py:3823} INFO - Setting next_dagrun for example_subdag_operator.section-2 to None, run_after=None
[2026-04-24T04:45:44.905+0000] {processor.py:183} INFO - Processing /home/airflow/.local/lib/python3.8/site-packages/airflow/example_dags/example_subdag_operator.py took 0.137 seconds
[2026-04-24T04:46:15.496+0000] {processor.py:161} INFO - Started process (PID=5539) to work on /home/airflow/.local/lib/python3.8/site-packages/airflow/example_dags/example_subdag_operator.py
[2026-04-24T04:46:15.498+0000] {processor.py:830} INFO - Processing file /home/airflow/.local/lib/python3.8/site-packages/airflow/example_dags/example_subdag_operator.py for tasks to queue
[2026-04-24T04:46:15.500+0000] {logging_mixin.py:188} INFO - [2026-04-24T04:46:15.500+0000] {dagbag.py:538} INFO - Filling up the DagBag from /home/airflow/.local/lib/python3.8/site-packages/airflow/example_dags/example_subdag_operator.py
[2026-04-24T04:46:15.535+0000] {processor.py:840} INFO - DAG(s) 'example_subdag_operator.section-1', 'example_subdag_operator.section-2', 'example_subdag_operator' retrieved from /home/airflow/.local/lib/python3.8/site-packages/airflow/example_dags/example_subdag_operator.py
[2026-04-24T04:46:15.555+0000] {logging_mixin.py:188} INFO - [2026-04-24T04:46:15.555+0000] {dag.py:3036} INFO - Sync 3 DAGs
[2026-04-24T04:46:15.583+0000] {logging_mixin.py:188} INFO - [2026-04-24T04:46:15.582+0000] {dag.py:3823} INFO - Setting next_dagrun for example_subdag_operator to 2022-01-01 00:00:00+00:00, run_after=2022-01-01 00:00:00+00:00
[2026-04-24T04:46:15.588+0000] {logging_mixin.py:188} INFO - [2026-04-24T04:46:15.588+0000] {dag.py:3823} INFO - Setting next_dagrun for example_subdag_operator.section-1 to None, run_after=None
[2026-04-24T04:46:15.590+0000] {logging_mixin.py:188} INFO - [2026-04-24T04:46:15.590+0000] {dag.py:3823} INFO - Setting next_dagrun for example_subdag_operator.section-2 to None, run_after=None
[2026-04-24T04:46:15.598+0000] {logging_mixin.py:188} INFO - [2026-04-24T04:46:15.598+0000] {dag.py:3036} INFO - Sync 2 DAGs
[2026-04-24T04:46:15.605+0000] {logging_mixin.py:188} INFO - [2026-04-24T04:46:15.605+0000] {dag.py:3823} INFO - Setting next_dagrun for example_subdag_operator.section-1 to None, run_after=None
[2026-04-24T04:46:15.606+0000] {logging_mixin.py:188} INFO - [2026-04-24T04:46:15.606+0000] {dag.py:3823} INFO - Setting next_dagrun for example_subdag_operator.section-2 to None, run_after=None
[2026-04-24T04:46:15.620+0000] {processor.py:183} INFO - Processing /home/airflow/.local/lib/python3.8/site-packages/airflow/example_dags/example_subdag_operator.py took 0.129 seconds
[2026-04-24T04:46:46.333+0000] {processor.py:161} INFO - Started process (PID=5594) to work on /home/airflow/.local/lib/python3.8/site-packages/airflow/example_dags/example_subdag_operator.py
[2026-04-24T04:46:46.336+0000] {processor.py:830} INFO - Processing file /home/airflow/.local/lib/python3.8/site-packages/airflow/example_dags/example_subdag_operator.py for tasks to queue
[2026-04-24T04:46:46.338+0000] {logging_mixin.py:188} INFO - [2026-04-24T04:46:46.337+0000] {dagbag.py:538} INFO - Filling up the DagBag from /home/airflow/.local/lib/python3.8/site-packages/airflow/example_dags/example_subdag_operator.py
[2026-04-24T04:46:46.355+0000] {processor.py:840} INFO - DAG(s) 'example_subdag_operator.section-1', 'example_subdag_operator.section-2', 'example_subdag_operator' retrieved from /home/airflow/.local/lib/python3.8/site-packages/airflow/example_dags/example_subdag_operator.py
[2026-04-24T04:46:46.366+0000] {logging_mixin.py:188} INFO - [2026-04-24T04:46:46.366+0000] {dag.py:3036} INFO - Sync 3 DAGs
[2026-04-24T04:46:46.382+0000] {logging_mixin.py:188} INFO - [2026-04-24T04:46:46.382+0000] {dag.py:3823} INFO - Setting next_dagrun for example_subdag_operator to 2022-01-01 00:00:00+00:00, run_after=2022-01-01 00:00:00+00:00
[2026-04-24T04:46:46.385+0000] {logging_mixin.py:188} INFO - [2026-04-24T04:46:46.385+0000] {dag.py:3823} INFO - Setting next_dagrun for example_subdag_operator.section-1 to None, run_after=None
[2026-04-24T04:46:46.386+0000] {logging_mixin.py:188} INFO - [2026-04-24T04:46:46.386+0000] {dag.py:3823} INFO - Setting next_dagrun for example_subdag_operator.section-2 to None, run_after=None
[2026-04-24T04:46:46.391+0000] {logging_mixin.py:188} INFO - [2026-04-24T04:46:46.391+0000] {dag.py:3036} INFO - Sync 2 DAGs
[2026-04-24T04:46:46.395+0000] {logging_mixin.py:188} INFO - [2026-04-24T04:46:46.395+0000] {dag.py:3823} INFO - Setting next_dagrun for example_subdag_operator.section-1 to None, run_after=None
[2026-04-24T04:46:46.395+0000] {logging_mixin.py:188} INFO - [2026-04-24T04:46:46.395+0000] {dag.py:3823} INFO - Setting next_dagrun for example_subdag_operator.section-2 to None, run_after=None
[2026-04-24T04:46:46.403+0000] {processor.py:183} INFO - Processing /home/airflow/.local/lib/python3.8/site-packages/airflow/example_dags/example_subdag_operator.py took 0.072 seconds
[2026-04-24T04:47:16.514+0000] {processor.py:161} INFO - Started process (PID=5649) to work on /home/airflow/.local/lib/python3.8/site-packages/airflow/example_dags/example_subdag_operator.py
[2026-04-24T04:47:16.515+0000] {processor.py:830} INFO - Processing file /home/airflow/.local/lib/python3.8/site-packages/airflow/example_dags/example_subdag_operator.py for tasks to queue
[2026-04-24T04:47:16.518+0000] {logging_mixin.py:188} INFO - [2026-04-24T04:47:16.518+0000] {dagbag.py:538} INFO - Filling up the DagBag from /home/airflow/.local/lib/python3.8/site-packages/airflow/example_dags/example_subdag_operator.py
[2026-04-24T04:47:16.555+0000] {processor.py:840} INFO - DAG(s) 'example_subdag_operator.section-1', 'example_subdag_operator.section-2', 'example_subdag_operator' retrieved from /home/airflow/.local/lib/python3.8/site-packages/airflow/example_dags/example_subdag_operator.py
[2026-04-24T04:47:16.577+0000] {logging_mixin.py:188} INFO - [2026-04-24T04:47:16.577+0000] {dag.py:3036} INFO - Sync 3 DAGs
[2026-04-24T04:47:16.608+0000] {logging_mixin.py:188} INFO - [2026-04-24T04:47:16.607+0000] {dag.py:3823} INFO - Setting next_dagrun for example_subdag_operator to 2022-01-01 00:00:00+00:00, run_after=2022-01-01 00:00:00+00:00
[2026-04-24T04:47:16.613+0000] {logging_mixin.py:188} INFO - [2026-04-24T04:47:16.612+0000] {dag.py:3823} INFO - Setting next_dagrun for example_subdag_operator.section-1 to None, run_after=None
[2026-04-24T04:47:16.614+0000] {logging_mixin.py:188} INFO - [2026-04-24T04:47:16.614+0000] {dag.py:3823} INFO - Setting next_dagrun for example_subdag_operator.section-2 to None, run_after=None
[2026-04-24T04:47:16.623+0000] {logging_mixin.py:188} INFO - [2026-04-24T04:47:16.623+0000] {dag.py:3036} INFO - Sync 2 DAGs
[2026-04-24T04:47:16.632+0000] {logging_mixin.py:188} INFO - [2026-04-24T04:47:16.631+0000] {dag.py:3823} INFO - Setting next_dagrun for example_subdag_operator.section-1 to None, run_after=None
[2026-04-24T04:47:16.632+0000] {logging_mixin.py:188} INFO - [2026-04-24T04:47:16.632+0000] {dag.py:3823} INFO - Setting next_dagrun for example_subdag_operator.section-2 to None, run_after=None
[2026-04-24T04:47:16.656+0000] {processor.py:183} INFO - Processing /home/airflow/.local/lib/python3.8/site-packages/airflow/example_dags/example_subdag_operator.py took 0.149 seconds
[2026-04-24T04:47:46.919+0000] {processor.py:161} INFO - Started process (PID=5704) to work on /home/airflow/.local/lib/python3.8/site-packages/airflow/example_dags/example_subdag_operator.py
[2026-04-24T04:47:46.921+0000] {processor.py:830} INFO - Processing file /home/airflow/.local/lib/python3.8/site-packages/airflow/example_dags/example_subdag_operator.py for tasks to queue
[2026-04-24T04:47:46.923+0000] {logging_mixin.py:188} INFO - [2026-04-24T04:47:46.923+0000] {dagbag.py:538} INFO - Filling up the DagBag from /home/airflow/.local/lib/python3.8/site-packages/airflow/example_dags/example_subdag_operator.py
[2026-04-24T04:47:46.961+0000] {processor.py:840} INFO - DAG(s) 'example_subdag_operator.section-1', 'example_subdag_operator.section-2', 'example_subdag_operator' retrieved from /home/airflow/.local/lib/python3.8/site-packages/airflow/example_dags/example_subdag_operator.py
[2026-04-24T04:47:46.987+0000] {logging_mixin.py:188} INFO - [2026-04-24T04:47:46.987+0000] {dag.py:3036} INFO - Sync 3 DAGs
[2026-04-24T04:47:47.024+0000] {logging_mixin.py:188} INFO - [2026-04-24T04:47:47.023+0000] {dag.py:3823} INFO - Setting next_dagrun for example_subdag_operator to 2022-01-01 00:00:00+00:00, run_after=2022-01-01 00:00:00+00:00
[2026-04-24T04:47:47.029+0000] {logging_mixin.py:188} INFO - [2026-04-24T04:47:47.029+0000] {dag.py:3823} INFO - Setting next_dagrun for example_subdag_operator.section-1 to None, run_after=None
[2026-04-24T04:47:47.031+0000] {logging_mixin.py:188} INFO - [2026-04-24T04:47:47.031+0000] {dag.py:3823} INFO - Setting next_dagrun for example_subdag_operator.section-2 to None, run_after=None
[2026-04-24T04:47:47.042+0000] {logging_mixin.py:188} INFO - [2026-04-24T04:47:47.042+0000] {dag.py:3036} INFO - Sync 2 DAGs
[2026-04-24T04:47:47.051+0000] {logging_mixin.py:188} INFO - [2026-04-24T04:47:47.051+0000] {dag.py:3823} INFO - Setting next_dagrun for example_subdag_operator.section-1 to None, run_after=None
[2026-04-24T04:47:47.052+0000] {logging_mixin.py:188} INFO - [2026-04-24T04:47:47.052+0000] {dag.py:3823} INFO - Setting next_dagrun for example_subdag_operator.section-2 to None, run_after=None
[2026-04-24T04:47:47.077+0000] {processor.py:183} INFO - Processing /home/airflow/.local/lib/python3.8/site-packages/airflow/example_dags/example_subdag_operator.py took 0.163 seconds
[2026-04-24T04:48:17.663+0000] {processor.py:161} INFO - Started process (PID=5759) to work on /home/airflow/.local/lib/python3.8/site-packages/airflow/example_dags/example_subdag_operator.py
[2026-04-24T04:48:17.665+0000] {processor.py:830} INFO - Processing file /home/airflow/.local/lib/python3.8/site-packages/airflow/example_dags/example_subdag_operator.py for tasks to queue
[2026-04-24T04:48:17.668+0000] {logging_mixin.py:188} INFO - [2026-04-24T04:48:17.667+0000] {dagbag.py:538} INFO - Filling up the DagBag from /home/airflow/.local/lib/python3.8/site-packages/airflow/example_dags/example_subdag_operator.py
[2026-04-24T04:48:17.709+0000] {processor.py:840} INFO - DAG(s) 'example_subdag_operator.section-1', 'example_subdag_operator.section-2', 'example_subdag_operator' retrieved from /home/airflow/.local/lib/python3.8/site-packages/airflow/example_dags/example_subdag_operator.py
[2026-04-24T04:48:17.737+0000] {logging_mixin.py:188} INFO - [2026-04-24T04:48:17.736+0000] {dag.py:3036} INFO - Sync 3 DAGs
[2026-04-24T04:48:17.774+0000] {logging_mixin.py:188} INFO - [2026-04-24T04:48:17.773+0000] {dag.py:3823} INFO - Setting next_dagrun for example_subdag_operator to 2022-01-01 00:00:00+00:00, run_after=2022-01-01 00:00:00+00:00
[2026-04-24T04:48:17.780+0000] {logging_mixin.py:188} INFO - [2026-04-24T04:48:17.780+0000] {dag.py:3823} INFO - Setting next_dagrun for example_subdag_operator.section-1 to None, run_after=None
[2026-04-24T04:48:17.783+0000] {logging_mixin.py:188} INFO - [2026-04-24T04:48:17.782+0000] {dag.py:3823} INFO - Setting next_dagrun for example_subdag_operator.section-2 to None, run_after=None
[2026-04-24T04:48:17.794+0000] {logging_mixin.py:188} INFO - [2026-04-24T04:48:17.794+0000] {dag.py:3036} INFO - Sync 2 DAGs
[2026-04-24T04:48:17.802+0000] {logging_mixin.py:188} INFO - [2026-04-24T04:48:17.802+0000] {dag.py:3823} INFO - Setting next_dagrun for example_subdag_operator.section-1 to None, run_after=None
[2026-04-24T04:48:17.802+0000] {logging_mixin.py:188} INFO - [2026-04-24T04:48:17.802+0000] {dag.py:3823} INFO - Setting next_dagrun for example_subdag_operator.section-2 to None, run_after=None
[2026-04-24T04:48:17.818+0000] {processor.py:183} INFO - Processing /home/airflow/.local/lib/python3.8/site-packages/airflow/example_dags/example_subdag_operator.py took 0.161 seconds
[2026-04-24T04:48:48.168+0000] {processor.py:161} INFO - Started process (PID=5814) to work on /home/airflow/.local/lib/python3.8/site-packages/airflow/example_dags/example_subdag_operator.py
[2026-04-24T04:48:48.170+0000] {processor.py:830} INFO - Processing file /home/airflow/.local/lib/python3.8/site-packages/airflow/example_dags/example_subdag_operator.py for tasks to queue
[2026-04-24T04:48:48.172+0000] {logging_mixin.py:188} INFO - [2026-04-24T04:48:48.172+0000] {dagbag.py:538} INFO - Filling up the DagBag from /home/airflow/.local/lib/python3.8/site-packages/airflow/example_dags/example_subdag_operator.py
[2026-04-24T04:48:48.207+0000] {processor.py:840} INFO - DAG(s) 'example_subdag_operator.section-1', 'example_subdag_operator.section-2', 'example_subdag_operator' retrieved from /home/airflow/.local/lib/python3.8/site-packages/airflow/example_dags/example_subdag_operator.py
[2026-04-24T04:48:48.229+0000] {logging_mixin.py:188} INFO - [2026-04-24T04:48:48.228+0000] {dag.py:3036} INFO - Sync 3 DAGs
[2026-04-24T04:48:48.261+0000] {logging_mixin.py:188} INFO - [2026-04-24T04:48:48.261+0000] {dag.py:3823} INFO - Setting next_dagrun for example_subdag_operator to 2022-01-01 00:00:00+00:00, run_after=2022-01-01 00:00:00+00:00
[2026-04-24T04:48:48.266+0000] {logging_mixin.py:188} INFO - [2026-04-24T04:48:48.266+0000] {dag.py:3823} INFO - Setting next_dagrun for example_subdag_operator.section-1 to None, run_after=None
[2026-04-24T04:48:48.267+0000] {logging_mixin.py:188} INFO - [2026-04-24T04:48:48.267+0000] {dag.py:3823} INFO - Setting next_dagrun for example_subdag_operator.section-2 to None, run_after=None
[2026-04-24T04:48:48.276+0000] {logging_mixin.py:188} INFO - [2026-04-24T04:48:48.276+0000] {dag.py:3036} INFO - Sync 2 DAGs
[2026-04-24T04:48:48.284+0000] {logging_mixin.py:188} INFO - [2026-04-24T04:48:48.283+0000] {dag.py:3823} INFO - Setting next_dagrun for example_subdag_operator.section-1 to None, run_after=None
[2026-04-24T04:48:48.284+0000] {logging_mixin.py:188} INFO - [2026-04-24T04:48:48.284+0000] {dag.py:3823} INFO - Setting next_dagrun for example_subdag_operator.section-2 to None, run_after=None
[2026-04-24T04:48:48.310+0000] {processor.py:183} INFO - Processing /home/airflow/.local/lib/python3.8/site-packages/airflow/example_dags/example_subdag_operator.py took 0.146 seconds
[2026-04-24T04:49:18.726+0000] {processor.py:161} INFO - Started process (PID=5869) to work on /home/airflow/.local/lib/python3.8/site-packages/airflow/example_dags/example_subdag_operator.py
[2026-04-24T04:49:18.727+0000] {processor.py:830} INFO - Processing file /home/airflow/.local/lib/python3.8/site-packages/airflow/example_dags/example_subdag_operator.py for tasks to queue
[2026-04-24T04:49:18.729+0000] {logging_mixin.py:188} INFO - [2026-04-24T04:49:18.729+0000] {dagbag.py:538} INFO - Filling up the DagBag from /home/airflow/.local/lib/python3.8/site-packages/airflow/example_dags/example_subdag_operator.py
[2026-04-24T04:49:18.766+0000] {processor.py:840} INFO - DAG(s) 'example_subdag_operator.section-1', 'example_subdag_operator.section-2', 'example_subdag_operator' retrieved from /home/airflow/.local/lib/python3.8/site-packages/airflow/example_dags/example_subdag_operator.py
[2026-04-24T04:49:18.788+0000] {logging_mixin.py:188} INFO - [2026-04-24T04:49:18.788+0000] {dag.py:3036} INFO - Sync 3 DAGs
[2026-04-24T04:49:18.817+0000] {logging_mixin.py:188} INFO - [2026-04-24T04:49:18.817+0000] {dag.py:3823} INFO - Setting next_dagrun for example_subdag_operator to 2022-01-01 00:00:00+00:00, run_after=2022-01-01 00:00:00+00:00
[2026-04-24T04:49:18.822+0000] {logging_mixin.py:188} INFO - [2026-04-24T04:49:18.822+0000] {dag.py:3823} INFO - Setting next_dagrun for example_subdag_operator.section-1 to None, run_after=None
[2026-04-24T04:49:18.824+0000] {logging_mixin.py:188} INFO - [2026-04-24T04:49:18.823+0000] {dag.py:3823} INFO - Setting next_dagrun for example_subdag_operator.section-2 to None, run_after=None
[2026-04-24T04:49:18.833+0000] {logging_mixin.py:188} INFO - [2026-04-24T04:49:18.832+0000] {dag.py:3036} INFO - Sync 2 DAGs
[2026-04-24T04:49:18.839+0000] {logging_mixin.py:188} INFO - [2026-04-24T04:49:18.839+0000] {dag.py:3823} INFO - Setting next_dagrun for example_subdag_operator.section-1 to None, run_after=None
[2026-04-24T04:49:18.840+0000] {logging_mixin.py:188} INFO - [2026-04-24T04:49:18.840+0000] {dag.py:3823} INFO - Setting next_dagrun for example_subdag_operator.section-2 to None, run_after=None
[2026-04-24T04:49:18.864+0000] {processor.py:183} INFO - Processing /home/airflow/.local/lib/python3.8/site-packages/airflow/example_dags/example_subdag_operator.py took 0.143 seconds
[2026-04-24T04:49:49.085+0000] {processor.py:161} INFO - Started process (PID=5924) to work on /home/airflow/.local/lib/python3.8/site-packages/airflow/example_dags/example_subdag_operator.py
[2026-04-24T04:49:49.087+0000] {processor.py:830} INFO - Processing file /home/airflow/.local/lib/python3.8/site-packages/airflow/example_dags/example_subdag_operator.py for tasks to queue
[2026-04-24T04:49:49.089+0000] {logging_mixin.py:188} INFO - [2026-04-24T04:49:49.089+0000] {dagbag.py:538} INFO - Filling up the DagBag from /home/airflow/.local/lib/python3.8/site-packages/airflow/example_dags/example_subdag_operator.py
[2026-04-24T04:49:49.124+0000] {processor.py:840} INFO - DAG(s) 'example_subdag_operator.section-1', 'example_subdag_operator.section-2', 'example_subdag_operator' retrieved from /home/airflow/.local/lib/python3.8/site-packages/airflow/example_dags/example_subdag_operator.py
[2026-04-24T04:49:49.145+0000] {logging_mixin.py:188} INFO - [2026-04-24T04:49:49.145+0000] {dag.py:3036} INFO - Sync 3 DAGs
[2026-04-24T04:49:49.175+0000] {logging_mixin.py:188} INFO - [2026-04-24T04:49:49.174+0000] {dag.py:3823} INFO - Setting next_dagrun for example_subdag_operator to 2022-01-01 00:00:00+00:00, run_after=2022-01-01 00:00:00+00:00
[2026-04-24T04:49:49.179+0000] {logging_mixin.py:188} INFO - [2026-04-24T04:49:49.179+0000] {dag.py:3823} INFO - Setting next_dagrun for example_subdag_operator.section-1 to None, run_after=None
[2026-04-24T04:49:49.181+0000] {logging_mixin.py:188} INFO - [2026-04-24T04:49:49.181+0000] {dag.py:3823} INFO - Setting next_dagrun for example_subdag_operator.section-2 to None, run_after=None
[2026-04-24T04:49:49.189+0000] {logging_mixin.py:188} INFO - [2026-04-24T04:49:49.189+0000] {dag.py:3036} INFO - Sync 2 DAGs
[2026-04-24T04:49:49.196+0000] {logging_mixin.py:188} INFO - [2026-04-24T04:49:49.196+0000] {dag.py:3823} INFO - Setting next_dagrun for example_subdag_operator.section-1 to None, run_after=None
[2026-04-24T04:49:49.197+0000] {logging_mixin.py:188} INFO - [2026-04-24T04:49:49.197+0000] {dag.py:3823} INFO - Setting next_dagrun for example_subdag_operator.section-2 to None, run_after=None
[2026-04-24T04:49:49.220+0000] {processor.py:183} INFO - Processing /home/airflow/.local/lib/python3.8/site-packages/airflow/example_dags/example_subdag_operator.py took 0.139 seconds
[2026-04-24T04:50:19.409+0000] {processor.py:161} INFO - Started process (PID=5979) to work on /home/airflow/.local/lib/python3.8/site-packages/airflow/example_dags/example_subdag_operator.py
[2026-04-24T04:50:19.411+0000] {processor.py:830} INFO - Processing file /home/airflow/.local/lib/python3.8/site-packages/airflow/example_dags/example_subdag_operator.py for tasks to queue
[2026-04-24T04:50:19.413+0000] {logging_mixin.py:188} INFO - [2026-04-24T04:50:19.413+0000] {dagbag.py:538} INFO - Filling up the DagBag from /home/airflow/.local/lib/python3.8/site-packages/airflow/example_dags/example_subdag_operator.py
[2026-04-24T04:50:19.449+0000] {processor.py:840} INFO - DAG(s) 'example_subdag_operator.section-1', 'example_subdag_operator.section-2', 'example_subdag_operator' retrieved from /home/airflow/.local/lib/python3.8/site-packages/airflow/example_dags/example_subdag_operator.py
[2026-04-24T04:50:19.471+0000] {logging_mixin.py:188} INFO - [2026-04-24T04:50:19.471+0000] {dag.py:3036} INFO - Sync 3 DAGs
[2026-04-24T04:50:19.500+0000] {logging_mixin.py:188} INFO - [2026-04-24T04:50:19.500+0000] {dag.py:3823} INFO - Setting next_dagrun for example_subdag_operator to 2022-01-01 00:00:00+00:00, run_after=2022-01-01 00:00:00+00:00
[2026-04-24T04:50:19.505+0000] {logging_mixin.py:188} INFO - [2026-04-24T04:50:19.505+0000] {dag.py:3823} INFO - Setting next_dagrun for example_subdag_operator.section-1 to None, run_after=None
[2026-04-24T04:50:19.506+0000] {logging_mixin.py:188} INFO - [2026-04-24T04:50:19.506+0000] {dag.py:3823} INFO - Setting next_dagrun for example_subdag_operator.section-2 to None, run_after=None
[2026-04-24T04:50:19.514+0000] {logging_mixin.py:188} INFO - [2026-04-24T04:50:19.514+0000] {dag.py:3036} INFO - Sync 2 DAGs
[2026-04-24T04:50:19.521+0000] {logging_mixin.py:188} INFO - [2026-04-24T04:50:19.521+0000] {dag.py:3823} INFO - Setting next_dagrun for example_subdag_operator.section-1 to None, run_after=None
[2026-04-24T04:50:19.522+0000] {logging_mixin.py:188} INFO - [2026-04-24T04:50:19.521+0000] {dag.py:3823} INFO - Setting next_dagrun for example_subdag_operator.section-2 to None, run_after=None
[2026-04-24T04:50:19.536+0000] {processor.py:183} INFO - Processing /home/airflow/.local/lib/python3.8/site-packages/airflow/example_dags/example_subdag_operator.py took 0.132 seconds
[2026-04-24T04:50:49.918+0000] {processor.py:161} INFO - Started process (PID=6034) to work on /home/airflow/.local/lib/python3.8/site-packages/airflow/example_dags/example_subdag_operator.py
[2026-04-24T04:50:49.920+0000] {processor.py:830} INFO - Processing file /home/airflow/.local/lib/python3.8/site-packages/airflow/example_dags/example_subdag_operator.py for tasks to queue
[2026-04-24T04:50:49.922+0000] {logging_mixin.py:188} INFO - [2026-04-24T04:50:49.921+0000] {dagbag.py:538} INFO - Filling up the DagBag from /home/airflow/.local/lib/python3.8/site-packages/airflow/example_dags/example_subdag_operator.py
[2026-04-24T04:50:49.957+0000] {processor.py:840} INFO - DAG(s) 'example_subdag_operator.section-1', 'example_subdag_operator.section-2', 'example_subdag_operator' retrieved from /home/airflow/.local/lib/python3.8/site-packages/airflow/example_dags/example_subdag_operator.py
[2026-04-24T04:50:49.979+0000] {logging_mixin.py:188} INFO - [2026-04-24T04:50:49.978+0000] {dag.py:3036} INFO - Sync 3 DAGs
[2026-04-24T04:50:50.008+0000] {logging_mixin.py:188} INFO - [2026-04-24T04:50:50.008+0000] {dag.py:3823} INFO - Setting next_dagrun for example_subdag_operator to 2022-01-01 00:00:00+00:00, run_after=2022-01-01 00:00:00+00:00
[2026-04-24T04:50:50.013+0000] {logging_mixin.py:188} INFO - [2026-04-24T04:50:50.013+0000] {dag.py:3823} INFO - Setting next_dagrun for example_subdag_operator.section-1 to None, run_after=None
[2026-04-24T04:50:50.014+0000] {logging_mixin.py:188} INFO - [2026-04-24T04:50:50.014+0000] {dag.py:3823} INFO - Setting next_dagrun for example_subdag_operator.section-2 to None, run_after=None
[2026-04-24T04:50:50.024+0000] {logging_mixin.py:188} INFO - [2026-04-24T04:50:50.023+0000] {dag.py:3036} INFO - Sync 2 DAGs
[2026-04-24T04:50:50.031+0000] {logging_mixin.py:188} INFO - [2026-04-24T04:50:50.030+0000] {dag.py:3823} INFO - Setting next_dagrun for example_subdag_operator.section-1 to None, run_after=None
[2026-04-24T04:50:50.031+0000] {logging_mixin.py:188} INFO - [2026-04-24T04:50:50.031+0000] {dag.py:3823} INFO - Setting next_dagrun for example_subdag_operator.section-2 to None, run_after=None
[2026-04-24T04:50:50.057+0000] {processor.py:183} INFO - Processing /home/airflow/.local/lib/python3.8/site-packages/airflow/example_dags/example_subdag_operator.py took 0.143 seconds
[2026-04-24T04:51:20.257+0000] {processor.py:161} INFO - Started process (PID=6089) to work on /home/airflow/.local/lib/python3.8/site-packages/airflow/example_dags/example_subdag_operator.py
[2026-04-24T04:51:20.258+0000] {processor.py:830} INFO - Processing file /home/airflow/.local/lib/python3.8/site-packages/airflow/example_dags/example_subdag_operator.py for tasks to queue
[2026-04-24T04:51:20.261+0000] {logging_mixin.py:188} INFO - [2026-04-24T04:51:20.260+0000] {dagbag.py:538} INFO - Filling up the DagBag from /home/airflow/.local/lib/python3.8/site-packages/airflow/example_dags/example_subdag_operator.py
[2026-04-24T04:51:20.292+0000] {processor.py:840} INFO - DAG(s) 'example_subdag_operator.section-1', 'example_subdag_operator.section-2', 'example_subdag_operator' retrieved from /home/airflow/.local/lib/python3.8/site-packages/airflow/example_dags/example_subdag_operator.py
[2026-04-24T04:51:20.312+0000] {logging_mixin.py:188} INFO - [2026-04-24T04:51:20.311+0000] {dag.py:3036} INFO - Sync 3 DAGs
[2026-04-24T04:51:20.340+0000] {logging_mixin.py:188} INFO - [2026-04-24T04:51:20.340+0000] {dag.py:3823} INFO - Setting next_dagrun for example_subdag_operator to 2022-01-01 00:00:00+00:00, run_after=2022-01-01 00:00:00+00:00
[2026-04-24T04:51:20.345+0000] {logging_mixin.py:188} INFO - [2026-04-24T04:51:20.344+0000] {dag.py:3823} INFO - Setting next_dagrun for example_subdag_operator.section-1 to None, run_after=None
[2026-04-24T04:51:20.346+0000] {logging_mixin.py:188} INFO - [2026-04-24T04:51:20.346+0000] {dag.py:3823} INFO - Setting next_dagrun for example_subdag_operator.section-2 to None, run_after=None
[2026-04-24T04:51:20.355+0000] {logging_mixin.py:188} INFO - [2026-04-24T04:51:20.354+0000] {dag.py:3036} INFO - Sync 2 DAGs
[2026-04-24T04:51:20.362+0000] {logging_mixin.py:188} INFO - [2026-04-24T04:51:20.361+0000] {dag.py:3823} INFO - Setting next_dagrun for example_subdag_operator.section-1 to None, run_after=None
[2026-04-24T04:51:20.362+0000] {logging_mixin.py:188} INFO - [2026-04-24T04:51:20.362+0000] {dag.py:3823} INFO - Setting next_dagrun for example_subdag_operator.section-2 to None, run_after=None
[2026-04-24T04:51:20.377+0000] {processor.py:183} INFO - Processing /home/airflow/.local/lib/python3.8/site-packages/airflow/example_dags/example_subdag_operator.py took 0.124 seconds
[2026-04-24T04:51:50.464+0000] {processor.py:161} INFO - Started process (PID=6144) to work on /home/airflow/.local/lib/python3.8/site-packages/airflow/example_dags/example_subdag_operator.py
[2026-04-24T04:51:50.465+0000] {processor.py:830} INFO - Processing file /home/airflow/.local/lib/python3.8/site-packages/airflow/example_dags/example_subdag_operator.py for tasks to queue
[2026-04-24T04:51:50.468+0000] {logging_mixin.py:188} INFO - [2026-04-24T04:51:50.468+0000] {dagbag.py:538} INFO - Filling up the DagBag from /home/airflow/.local/lib/python3.8/site-packages/airflow/example_dags/example_subdag_operator.py
[2026-04-24T04:51:50.504+0000] {processor.py:840} INFO - DAG(s) 'example_subdag_operator.section-1', 'example_subdag_operator.section-2', 'example_subdag_operator' retrieved from /home/airflow/.local/lib/python3.8/site-packages/airflow/example_dags/example_subdag_operator.py
[2026-04-24T04:51:50.525+0000] {logging_mixin.py:188} INFO - [2026-04-24T04:51:50.525+0000] {dag.py:3036} INFO - Sync 3 DAGs
[2026-04-24T04:51:50.557+0000] {logging_mixin.py:188} INFO - [2026-04-24T04:51:50.556+0000] {dag.py:3823} INFO - Setting next_dagrun for example_subdag_operator to 2022-01-01 00:00:00+00:00, run_after=2022-01-01 00:00:00+00:00
[2026-04-24T04:51:50.561+0000] {logging_mixin.py:188} INFO - [2026-04-24T04:51:50.561+0000] {dag.py:3823} INFO - Setting next_dagrun for example_subdag_operator.section-1 to None, run_after=None
[2026-04-24T04:51:50.563+0000] {logging_mixin.py:188} INFO - [2026-04-24T04:51:50.563+0000] {dag.py:3823} INFO - Setting next_dagrun for example_subdag_operator.section-2 to None, run_after=None
[2026-04-24T04:51:50.572+0000] {logging_mixin.py:188} INFO - [2026-04-24T04:51:50.572+0000] {dag.py:3036} INFO - Sync 2 DAGs
[2026-04-24T04:51:50.579+0000] {logging_mixin.py:188} INFO - [2026-04-24T04:51:50.579+0000] {dag.py:3823} INFO - Setting next_dagrun for example_subdag_operator.section-1 to None, run_after=None
[2026-04-24T04:51:50.580+0000] {logging_mixin.py:188} INFO - [2026-04-24T04:51:50.580+0000] {dag.py:3823} INFO - Setting next_dagrun for example_subdag_operator.section-2 to None, run_after=None
[2026-04-24T04:51:50.604+0000] {processor.py:183} INFO - Processing /home/airflow/.local/lib/python3.8/site-packages/airflow/example_dags/example_subdag_operator.py took 0.145 seconds
[2026-04-24T04:52:20.893+0000] {processor.py:161} INFO - Started process (PID=6199) to work on /home/airflow/.local/lib/python3.8/site-packages/airflow/example_dags/example_subdag_operator.py
[2026-04-24T04:52:20.894+0000] {processor.py:830} INFO - Processing file /home/airflow/.local/lib/python3.8/site-packages/airflow/example_dags/example_subdag_operator.py for tasks to queue
[2026-04-24T04:52:20.896+0000] {logging_mixin.py:188} INFO - [2026-04-24T04:52:20.896+0000] {dagbag.py:538} INFO - Filling up the DagBag from /home/airflow/.local/lib/python3.8/site-packages/airflow/example_dags/example_subdag_operator.py
[2026-04-24T04:52:20.929+0000] {processor.py:840} INFO - DAG(s) 'example_subdag_operator.section-1', 'example_subdag_operator.section-2', 'example_subdag_operator' retrieved from /home/airflow/.local/lib/python3.8/site-packages/airflow/example_dags/example_subdag_operator.py
[2026-04-24T04:52:20.949+0000] {logging_mixin.py:188} INFO - [2026-04-24T04:52:20.948+0000] {dag.py:3036} INFO - Sync 3 DAGs
[2026-04-24T04:52:20.977+0000] {logging_mixin.py:188} INFO - [2026-04-24T04:52:20.977+0000] {dag.py:3823} INFO - Setting next_dagrun for example_subdag_operator to 2022-01-01 00:00:00+00:00, run_after=2022-01-01 00:00:00+00:00
[2026-04-24T04:52:20.981+0000] {logging_mixin.py:188} INFO - [2026-04-24T04:52:20.981+0000] {dag.py:3823} INFO - Setting next_dagrun for example_subdag_operator.section-1 to None, run_after=None
[2026-04-24T04:52:20.983+0000] {logging_mixin.py:188} INFO - [2026-04-24T04:52:20.983+0000] {dag.py:3823} INFO - Setting next_dagrun for example_subdag_operator.section-2 to None, run_after=None
[2026-04-24T04:52:20.991+0000] {logging_mixin.py:188} INFO - [2026-04-24T04:52:20.991+0000] {dag.py:3036} INFO - Sync 2 DAGs
[2026-04-24T04:52:20.999+0000] {logging_mixin.py:188} INFO - [2026-04-24T04:52:20.999+0000] {dag.py:3823} INFO - Setting next_dagrun for example_subdag_operator.section-1 to None, run_after=None
[2026-04-24T04:52:20.999+0000] {logging_mixin.py:188} INFO - [2026-04-24T04:52:20.999+0000] {dag.py:3823} INFO - Setting next_dagrun for example_subdag_operator.section-2 to None, run_after=None
[2026-04-24T04:52:21.014+0000] {processor.py:183} INFO - Processing /home/airflow/.local/lib/python3.8/site-packages/airflow/example_dags/example_subdag_operator.py took 0.125 seconds
[2026-04-24T04:52:51.409+0000] {processor.py:161} INFO - Started process (PID=6254) to work on /home/airflow/.local/lib/python3.8/site-packages/airflow/example_dags/example_subdag_operator.py
[2026-04-24T04:52:51.411+0000] {processor.py:830} INFO - Processing file /home/airflow/.local/lib/python3.8/site-packages/airflow/example_dags/example_subdag_operator.py for tasks to queue
[2026-04-24T04:52:51.413+0000] {logging_mixin.py:188} INFO - [2026-04-24T04:52:51.413+0000] {dagbag.py:538} INFO - Filling up the DagBag from /home/airflow/.local/lib/python3.8/site-packages/airflow/example_dags/example_subdag_operator.py
[2026-04-24T04:52:51.447+0000] {processor.py:840} INFO - DAG(s) 'example_subdag_operator.section-1', 'example_subdag_operator.section-2', 'example_subdag_operator' retrieved from /home/airflow/.local/lib/python3.8/site-packages/airflow/example_dags/example_subdag_operator.py
[2026-04-24T04:52:51.468+0000] {logging_mixin.py:188} INFO - [2026-04-24T04:52:51.468+0000] {dag.py:3036} INFO - Sync 3 DAGs
[2026-04-24T04:52:51.498+0000] {logging_mixin.py:188} INFO - [2026-04-24T04:52:51.498+0000] {dag.py:3823} INFO - Setting next_dagrun for example_subdag_operator to 2022-01-01 00:00:00+00:00, run_after=2022-01-01 00:00:00+00:00
[2026-04-24T04:52:51.503+0000] {logging_mixin.py:188} INFO - [2026-04-24T04:52:51.503+0000] {dag.py:3823} INFO - Setting next_dagrun for example_subdag_operator.section-1 to None, run_after=None
[2026-04-24T04:52:51.505+0000] {logging_mixin.py:188} INFO - [2026-04-24T04:52:51.504+0000] {dag.py:3823} INFO - Setting next_dagrun for example_subdag_operator.section-2 to None, run_after=None
[2026-04-24T04:52:51.513+0000] {logging_mixin.py:188} INFO - [2026-04-24T04:52:51.512+0000] {dag.py:3036} INFO - Sync 2 DAGs
[2026-04-24T04:52:51.520+0000] {logging_mixin.py:188} INFO - [2026-04-24T04:52:51.519+0000] {dag.py:3823} INFO - Setting next_dagrun for example_subdag_operator.section-1 to None, run_after=None
[2026-04-24T04:52:51.520+0000] {logging_mixin.py:188} INFO - [2026-04-24T04:52:51.520+0000] {dag.py:3823} INFO - Setting next_dagrun for example_subdag_operator.section-2 to None, run_after=None
[2026-04-24T04:52:51.535+0000] {processor.py:183} INFO - Processing /home/airflow/.local/lib/python3.8/site-packages/airflow/example_dags/example_subdag_operator.py took 0.131 seconds
[2026-04-24T04:53:22.056+0000] {processor.py:161} INFO - Started process (PID=6309) to work on /home/airflow/.local/lib/python3.8/site-packages/airflow/example_dags/example_subdag_operator.py
[2026-04-24T04:53:22.059+0000] {processor.py:830} INFO - Processing file /home/airflow/.local/lib/python3.8/site-packages/airflow/example_dags/example_subdag_operator.py for tasks to queue
[2026-04-24T04:53:22.061+0000] {logging_mixin.py:188} INFO - [2026-04-24T04:53:22.061+0000] {dagbag.py:538} INFO - Filling up the DagBag from /home/airflow/.local/lib/python3.8/site-packages/airflow/example_dags/example_subdag_operator.py
[2026-04-24T04:53:22.098+0000] {processor.py:840} INFO - DAG(s) 'example_subdag_operator.section-1', 'example_subdag_operator.section-2', 'example_subdag_operator' retrieved from /home/airflow/.local/lib/python3.8/site-packages/airflow/example_dags/example_subdag_operator.py
[2026-04-24T04:53:22.119+0000] {logging_mixin.py:188} INFO - [2026-04-24T04:53:22.118+0000] {dag.py:3036} INFO - Sync 3 DAGs
[2026-04-24T04:53:22.148+0000] {logging_mixin.py:188} INFO - [2026-04-24T04:53:22.148+0000] {dag.py:3823} INFO - Setting next_dagrun for example_subdag_operator to 2022-01-01 00:00:00+00:00, run_after=2022-01-01 00:00:00+00:00
[2026-04-24T04:53:22.153+0000] {logging_mixin.py:188} INFO - [2026-04-24T04:53:22.153+0000] {dag.py:3823} INFO - Setting next_dagrun for example_subdag_operator.section-1 to None, run_after=None
[2026-04-24T04:53:22.155+0000] {logging_mixin.py:188} INFO - [2026-04-24T04:53:22.154+0000] {dag.py:3823} INFO - Setting next_dagrun for example_subdag_operator.section-2 to None, run_after=None
[2026-04-24T04:53:22.163+0000] {logging_mixin.py:188} INFO - [2026-04-24T04:53:22.163+0000] {dag.py:3036} INFO - Sync 2 DAGs
[2026-04-24T04:53:22.170+0000] {logging_mixin.py:188} INFO - [2026-04-24T04:53:22.170+0000] {dag.py:3823} INFO - Setting next_dagrun for example_subdag_operator.section-1 to None, run_after=None
[2026-04-24T04:53:22.171+0000] {logging_mixin.py:188} INFO - [2026-04-24T04:53:22.170+0000] {dag.py:3823} INFO - Setting next_dagrun for example_subdag_operator.section-2 to None, run_after=None
[2026-04-24T04:53:22.199+0000] {processor.py:183} INFO - Processing /home/airflow/.local/lib/python3.8/site-packages/airflow/example_dags/example_subdag_operator.py took 0.147 seconds
[2026-04-24T04:53:52.290+0000] {processor.py:161} INFO - Started process (PID=6364) to work on /home/airflow/.local/lib/python3.8/site-packages/airflow/example_dags/example_subdag_operator.py
[2026-04-24T04:53:52.291+0000] {processor.py:830} INFO - Processing file /home/airflow/.local/lib/python3.8/site-packages/airflow/example_dags/example_subdag_operator.py for tasks to queue
[2026-04-24T04:53:52.293+0000] {logging_mixin.py:188} INFO - [2026-04-24T04:53:52.293+0000] {dagbag.py:538} INFO - Filling up the DagBag from /home/airflow/.local/lib/python3.8/site-packages/airflow/example_dags/example_subdag_operator.py
[2026-04-24T04:53:52.329+0000] {processor.py:840} INFO - DAG(s) 'example_subdag_operator.section-1', 'example_subdag_operator.section-2', 'example_subdag_operator' retrieved from /home/airflow/.local/lib/python3.8/site-packages/airflow/example_dags/example_subdag_operator.py
[2026-04-24T04:53:52.349+0000] {logging_mixin.py:188} INFO - [2026-04-24T04:53:52.349+0000] {dag.py:3036} INFO - Sync 3 DAGs
[2026-04-24T04:53:52.380+0000] {logging_mixin.py:188} INFO - [2026-04-24T04:53:52.380+0000] {dag.py:3823} INFO - Setting next_dagrun for example_subdag_operator to 2022-01-01 00:00:00+00:00, run_after=2022-01-01 00:00:00+00:00
[2026-04-24T04:53:52.385+0000] {logging_mixin.py:188} INFO - [2026-04-24T04:53:52.385+0000] {dag.py:3823} INFO - Setting next_dagrun for example_subdag_operator.section-1 to None, run_after=None
[2026-04-24T04:53:52.387+0000] {logging_mixin.py:188} INFO - [2026-04-24T04:53:52.386+0000] {dag.py:3823} INFO - Setting next_dagrun for example_subdag_operator.section-2 to None, run_after=None
[2026-04-24T04:53:52.395+0000] {logging_mixin.py:188} INFO - [2026-04-24T04:53:52.395+0000] {dag.py:3036} INFO - Sync 2 DAGs
[2026-04-24T04:53:52.403+0000] {logging_mixin.py:188} INFO - [2026-04-24T04:53:52.403+0000] {dag.py:3823} INFO - Setting next_dagrun for example_subdag_operator.section-1 to None, run_after=None
[2026-04-24T04:53:52.403+0000] {logging_mixin.py:188} INFO - [2026-04-24T04:53:52.403+0000] {dag.py:3823} INFO - Setting next_dagrun for example_subdag_operator.section-2 to None, run_after=None
[2026-04-24T04:53:52.427+0000] {processor.py:183} INFO - Processing /home/airflow/.local/lib/python3.8/site-packages/airflow/example_dags/example_subdag_operator.py took 0.141 seconds
[2026-04-24T04:54:22.622+0000] {processor.py:161} INFO - Started process (PID=6419) to work on /home/airflow/.local/lib/python3.8/site-packages/airflow/example_dags/example_subdag_operator.py
[2026-04-24T04:54:22.624+0000] {processor.py:830} INFO - Processing file /home/airflow/.local/lib/python3.8/site-packages/airflow/example_dags/example_subdag_operator.py for tasks to queue
[2026-04-24T04:54:22.627+0000] {logging_mixin.py:188} INFO - [2026-04-24T04:54:22.627+0000] {dagbag.py:538} INFO - Filling up the DagBag from /home/airflow/.local/lib/python3.8/site-packages/airflow/example_dags/example_subdag_operator.py
[2026-04-24T04:54:22.672+0000] {processor.py:840} INFO - DAG(s) 'example_subdag_operator.section-1', 'example_subdag_operator.section-2', 'example_subdag_operator' retrieved from /home/airflow/.local/lib/python3.8/site-packages/airflow/example_dags/example_subdag_operator.py
[2026-04-24T04:54:22.699+0000] {logging_mixin.py:188} INFO - [2026-04-24T04:54:22.698+0000] {dag.py:3036} INFO - Sync 3 DAGs
[2026-04-24T04:54:22.736+0000] {logging_mixin.py:188} INFO - [2026-04-24T04:54:22.736+0000] {dag.py:3823} INFO - Setting next_dagrun for example_subdag_operator to 2022-01-01 00:00:00+00:00, run_after=2022-01-01 00:00:00+00:00
[2026-04-24T04:54:22.743+0000] {logging_mixin.py:188} INFO - [2026-04-24T04:54:22.743+0000] {dag.py:3823} INFO - Setting next_dagrun for example_subdag_operator.section-1 to None, run_after=None
[2026-04-24T04:54:22.745+0000] {logging_mixin.py:188} INFO - [2026-04-24T04:54:22.745+0000] {dag.py:3823} INFO - Setting next_dagrun for example_subdag_operator.section-2 to None, run_after=None
[2026-04-24T04:54:22.756+0000] {logging_mixin.py:188} INFO - [2026-04-24T04:54:22.755+0000] {dag.py:3036} INFO - Sync 2 DAGs
[2026-04-24T04:54:22.765+0000] {logging_mixin.py:188} INFO - [2026-04-24T04:54:22.764+0000] {dag.py:3823} INFO - Setting next_dagrun for example_subdag_operator.section-1 to None, run_after=None
[2026-04-24T04:54:22.766+0000] {logging_mixin.py:188} INFO - [2026-04-24T04:54:22.765+0000] {dag.py:3823} INFO - Setting next_dagrun for example_subdag_operator.section-2 to None, run_after=None
[2026-04-24T04:54:22.793+0000] {processor.py:183} INFO - Processing /home/airflow/.local/lib/python3.8/site-packages/airflow/example_dags/example_subdag_operator.py took 0.178 seconds
[2026-04-24T04:54:53.613+0000] {processor.py:161} INFO - Started process (PID=6474) to work on /home/airflow/.local/lib/python3.8/site-packages/airflow/example_dags/example_subdag_operator.py
[2026-04-24T04:54:53.614+0000] {processor.py:830} INFO - Processing file /home/airflow/.local/lib/python3.8/site-packages/airflow/example_dags/example_subdag_operator.py for tasks to queue
[2026-04-24T04:54:53.616+0000] {logging_mixin.py:188} INFO - [2026-04-24T04:54:53.616+0000] {dagbag.py:538} INFO - Filling up the DagBag from /home/airflow/.local/lib/python3.8/site-packages/airflow/example_dags/example_subdag_operator.py
[2026-04-24T04:54:53.650+0000] {processor.py:840} INFO - DAG(s) 'example_subdag_operator.section-1', 'example_subdag_operator.section-2', 'example_subdag_operator' retrieved from /home/airflow/.local/lib/python3.8/site-packages/airflow/example_dags/example_subdag_operator.py
[2026-04-24T04:54:53.671+0000] {logging_mixin.py:188} INFO - [2026-04-24T04:54:53.671+0000] {dag.py:3036} INFO - Sync 3 DAGs
[2026-04-24T04:54:53.701+0000] {logging_mixin.py:188} INFO - [2026-04-24T04:54:53.701+0000] {dag.py:3823} INFO - Setting next_dagrun for example_subdag_operator to 2022-01-01 00:00:00+00:00, run_after=2022-01-01 00:00:00+00:00
[2026-04-24T04:54:53.706+0000] {logging_mixin.py:188} INFO - [2026-04-24T04:54:53.706+0000] {dag.py:3823} INFO - Setting next_dagrun for example_subdag_operator.section-1 to None, run_after=None
[2026-04-24T04:54:53.708+0000] {logging_mixin.py:188} INFO - [2026-04-24T04:54:53.708+0000] {dag.py:3823} INFO - Setting next_dagrun for example_subdag_operator.section-2 to None, run_after=None
[2026-04-24T04:54:53.717+0000] {logging_mixin.py:188} INFO - [2026-04-24T04:54:53.717+0000] {dag.py:3036} INFO - Sync 2 DAGs
[2026-04-24T04:54:53.724+0000] {logging_mixin.py:188} INFO - [2026-04-24T04:54:53.724+0000] {dag.py:3823} INFO - Setting next_dagrun for example_subdag_operator.section-1 to None, run_after=None
[2026-04-24T04:54:53.725+0000] {logging_mixin.py:188} INFO - [2026-04-24T04:54:53.725+0000] {dag.py:3823} INFO - Setting next_dagrun for example_subdag_operator.section-2 to None, run_after=None
[2026-04-24T04:54:53.748+0000] {processor.py:183} INFO - Processing /home/airflow/.local/lib/python3.8/site-packages/airflow/example_dags/example_subdag_operator.py took 0.140 seconds
[2026-04-24T04:55:23.899+0000] {processor.py:161} INFO - Started process (PID=6529) to work on /home/airflow/.local/lib/python3.8/site-packages/airflow/example_dags/example_subdag_operator.py
[2026-04-24T04:55:23.901+0000] {processor.py:830} INFO - Processing file /home/airflow/.local/lib/python3.8/site-packages/airflow/example_dags/example_subdag_operator.py for tasks to queue
[2026-04-24T04:55:23.903+0000] {logging_mixin.py:188} INFO - [2026-04-24T04:55:23.903+0000] {dagbag.py:538} INFO - Filling up the DagBag from /home/airflow/.local/lib/python3.8/site-packages/airflow/example_dags/example_subdag_operator.py
[2026-04-24T04:55:23.939+0000] {processor.py:840} INFO - DAG(s) 'example_subdag_operator.section-1', 'example_subdag_operator.section-2', 'example_subdag_operator' retrieved from /home/airflow/.local/lib/python3.8/site-packages/airflow/example_dags/example_subdag_operator.py
[2026-04-24T04:55:23.961+0000] {logging_mixin.py:188} INFO - [2026-04-24T04:55:23.961+0000] {dag.py:3036} INFO - Sync 3 DAGs
[2026-04-24T04:55:23.990+0000] {logging_mixin.py:188} INFO - [2026-04-24T04:55:23.990+0000] {dag.py:3823} INFO - Setting next_dagrun for example_subdag_operator to 2022-01-01 00:00:00+00:00, run_after=2022-01-01 00:00:00+00:00
[2026-04-24T04:55:23.996+0000] {logging_mixin.py:188} INFO - [2026-04-24T04:55:23.996+0000] {dag.py:3823} INFO - Setting next_dagrun for example_subdag_operator.section-1 to None, run_after=None
[2026-04-24T04:55:23.998+0000] {logging_mixin.py:188} INFO - [2026-04-24T04:55:23.998+0000] {dag.py:3823} INFO - Setting next_dagrun for example_subdag_operator.section-2 to None, run_after=None
[2026-04-24T04:55:24.006+0000] {logging_mixin.py:188} INFO - [2026-04-24T04:55:24.006+0000] {dag.py:3036} INFO - Sync 2 DAGs
[2026-04-24T04:55:24.013+0000] {logging_mixin.py:188} INFO - [2026-04-24T04:55:24.013+0000] {dag.py:3823} INFO - Setting next_dagrun for example_subdag_operator.section-1 to None, run_after=None
[2026-04-24T04:55:24.014+0000] {logging_mixin.py:188} INFO - [2026-04-24T04:55:24.014+0000] {dag.py:3823} INFO - Setting next_dagrun for example_subdag_operator.section-2 to None, run_after=None
[2026-04-24T04:55:24.028+0000] {processor.py:183} INFO - Processing /home/airflow/.local/lib/python3.8/site-packages/airflow/example_dags/example_subdag_operator.py took 0.133 seconds
[2026-04-24T04:55:54.379+0000] {processor.py:161} INFO - Started process (PID=6584) to work on /home/airflow/.local/lib/python3.8/site-packages/airflow/example_dags/example_subdag_operator.py
[2026-04-24T04:55:54.385+0000] {processor.py:830} INFO - Processing file /home/airflow/.local/lib/python3.8/site-packages/airflow/example_dags/example_subdag_operator.py for tasks to queue
[2026-04-24T04:55:54.387+0000] {logging_mixin.py:188} INFO - [2026-04-24T04:55:54.387+0000] {dagbag.py:538} INFO - Filling up the DagBag from /home/airflow/.local/lib/python3.8/site-packages/airflow/example_dags/example_subdag_operator.py
[2026-04-24T04:55:54.421+0000] {processor.py:840} INFO - DAG(s) 'example_subdag_operator.section-1', 'example_subdag_operator.section-2', 'example_subdag_operator' retrieved from /home/airflow/.local/lib/python3.8/site-packages/airflow/example_dags/example_subdag_operator.py
[2026-04-24T04:55:54.441+0000] {logging_mixin.py:188} INFO - [2026-04-24T04:55:54.441+0000] {dag.py:3036} INFO - Sync 3 DAGs
[2026-04-24T04:55:54.470+0000] {logging_mixin.py:188} INFO - [2026-04-24T04:55:54.470+0000] {dag.py:3823} INFO - Setting next_dagrun for example_subdag_operator to 2022-01-01 00:00:00+00:00, run_after=2022-01-01 00:00:00+00:00
[2026-04-24T04:55:54.476+0000] {logging_mixin.py:188} INFO - [2026-04-24T04:55:54.476+0000] {dag.py:3823} INFO - Setting next_dagrun for example_subdag_operator.section-1 to None, run_after=None
[2026-04-24T04:55:54.477+0000] {logging_mixin.py:188} INFO - [2026-04-24T04:55:54.477+0000] {dag.py:3823} INFO - Setting next_dagrun for example_subdag_operator.section-2 to None, run_after=None
[2026-04-24T04:55:54.486+0000] {logging_mixin.py:188} INFO - [2026-04-24T04:55:54.486+0000] {dag.py:3036} INFO - Sync 2 DAGs
[2026-04-24T04:55:54.493+0000] {logging_mixin.py:188} INFO - [2026-04-24T04:55:54.493+0000] {dag.py:3823} INFO - Setting next_dagrun for example_subdag_operator.section-1 to None, run_after=None
[2026-04-24T04:55:54.494+0000] {logging_mixin.py:188} INFO - [2026-04-24T04:55:54.494+0000] {dag.py:3823} INFO - Setting next_dagrun for example_subdag_operator.section-2 to None, run_after=None
[2026-04-24T04:55:54.508+0000] {processor.py:183} INFO - Processing /home/airflow/.local/lib/python3.8/site-packages/airflow/example_dags/example_subdag_operator.py took 0.133 seconds
[2026-04-24T04:56:25.044+0000] {processor.py:161} INFO - Started process (PID=6637) to work on /home/airflow/.local/lib/python3.8/site-packages/airflow/example_dags/example_subdag_operator.py
[2026-04-24T04:56:25.046+0000] {processor.py:830} INFO - Processing file /home/airflow/.local/lib/python3.8/site-packages/airflow/example_dags/example_subdag_operator.py for tasks to queue
[2026-04-24T04:56:25.048+0000] {logging_mixin.py:188} INFO - [2026-04-24T04:56:25.048+0000] {dagbag.py:538} INFO - Filling up the DagBag from /home/airflow/.local/lib/python3.8/site-packages/airflow/example_dags/example_subdag_operator.py
[2026-04-24T04:56:25.084+0000] {processor.py:840} INFO - DAG(s) 'example_subdag_operator.section-1', 'example_subdag_operator.section-2', 'example_subdag_operator' retrieved from /home/airflow/.local/lib/python3.8/site-packages/airflow/example_dags/example_subdag_operator.py
[2026-04-24T04:56:25.105+0000] {logging_mixin.py:188} INFO - [2026-04-24T04:56:25.105+0000] {dag.py:3036} INFO - Sync 3 DAGs
[2026-04-24T04:56:25.136+0000] {logging_mixin.py:188} INFO - [2026-04-24T04:56:25.135+0000] {dag.py:3823} INFO - Setting next_dagrun for example_subdag_operator to 2022-01-01 00:00:00+00:00, run_after=2022-01-01 00:00:00+00:00
[2026-04-24T04:56:25.140+0000] {logging_mixin.py:188} INFO - [2026-04-24T04:56:25.140+0000] {dag.py:3823} INFO - Setting next_dagrun for example_subdag_operator.section-1 to None, run_after=None
[2026-04-24T04:56:25.142+0000] {logging_mixin.py:188} INFO - [2026-04-24T04:56:25.141+0000] {dag.py:3823} INFO - Setting next_dagrun for example_subdag_operator.section-2 to None, run_after=None
[2026-04-24T04:56:25.150+0000] {logging_mixin.py:188} INFO - [2026-04-24T04:56:25.150+0000] {dag.py:3036} INFO - Sync 2 DAGs
[2026-04-24T04:56:25.157+0000] {logging_mixin.py:188} INFO - [2026-04-24T04:56:25.157+0000] {dag.py:3823} INFO - Setting next_dagrun for example_subdag_operator.section-1 to None, run_after=None
[2026-04-24T04:56:25.157+0000] {logging_mixin.py:188} INFO - [2026-04-24T04:56:25.157+0000] {dag.py:3823} INFO - Setting next_dagrun for example_subdag_operator.section-2 to None, run_after=None
[2026-04-24T04:56:25.183+0000] {processor.py:183} INFO - Processing /home/airflow/.local/lib/python3.8/site-packages/airflow/example_dags/example_subdag_operator.py took 0.144 seconds
[2026-04-24T04:56:55.246+0000] {processor.py:161} INFO - Started process (PID=6692) to work on /home/airflow/.local/lib/python3.8/site-packages/airflow/example_dags/example_subdag_operator.py
[2026-04-24T04:56:55.247+0000] {processor.py:830} INFO - Processing file /home/airflow/.local/lib/python3.8/site-packages/airflow/example_dags/example_subdag_operator.py for tasks to queue
[2026-04-24T04:56:55.250+0000] {logging_mixin.py:188} INFO - [2026-04-24T04:56:55.249+0000] {dagbag.py:538} INFO - Filling up the DagBag from /home/airflow/.local/lib/python3.8/site-packages/airflow/example_dags/example_subdag_operator.py
[2026-04-24T04:56:55.286+0000] {processor.py:840} INFO - DAG(s) 'example_subdag_operator.section-1', 'example_subdag_operator.section-2', 'example_subdag_operator' retrieved from /home/airflow/.local/lib/python3.8/site-packages/airflow/example_dags/example_subdag_operator.py
[2026-04-24T04:56:55.308+0000] {logging_mixin.py:188} INFO - [2026-04-24T04:56:55.307+0000] {dag.py:3036} INFO - Sync 3 DAGs
[2026-04-24T04:56:55.340+0000] {logging_mixin.py:188} INFO - [2026-04-24T04:56:55.339+0000] {dag.py:3823} INFO - Setting next_dagrun for example_subdag_operator to 2022-01-01 00:00:00+00:00, run_after=2022-01-01 00:00:00+00:00
[2026-04-24T04:56:55.345+0000] {logging_mixin.py:188} INFO - [2026-04-24T04:56:55.344+0000] {dag.py:3823} INFO - Setting next_dagrun for example_subdag_operator.section-1 to None, run_after=None
[2026-04-24T04:56:55.346+0000] {logging_mixin.py:188} INFO - [2026-04-24T04:56:55.346+0000] {dag.py:3823} INFO - Setting next_dagrun for example_subdag_operator.section-2 to None, run_after=None
[2026-04-24T04:56:55.356+0000] {logging_mixin.py:188} INFO - [2026-04-24T04:56:55.356+0000] {dag.py:3036} INFO - Sync 2 DAGs
[2026-04-24T04:56:55.364+0000] {logging_mixin.py:188} INFO - [2026-04-24T04:56:55.364+0000] {dag.py:3823} INFO - Setting next_dagrun for example_subdag_operator.section-1 to None, run_after=None
[2026-04-24T04:56:55.365+0000] {logging_mixin.py:188} INFO - [2026-04-24T04:56:55.365+0000] {dag.py:3823} INFO - Setting next_dagrun for example_subdag_operator.section-2 to None, run_after=None
[2026-04-24T04:56:55.381+0000] {processor.py:183} INFO - Processing /home/airflow/.local/lib/python3.8/site-packages/airflow/example_dags/example_subdag_operator.py took 0.139 seconds
[2026-04-24T04:57:25.506+0000] {processor.py:161} INFO - Started process (PID=6747) to work on /home/airflow/.local/lib/python3.8/site-packages/airflow/example_dags/example_subdag_operator.py
[2026-04-24T04:57:25.507+0000] {processor.py:830} INFO - Processing file /home/airflow/.local/lib/python3.8/site-packages/airflow/example_dags/example_subdag_operator.py for tasks to queue
[2026-04-24T04:57:25.509+0000] {logging_mixin.py:188} INFO - [2026-04-24T04:57:25.509+0000] {dagbag.py:538} INFO - Filling up the DagBag from /home/airflow/.local/lib/python3.8/site-packages/airflow/example_dags/example_subdag_operator.py
[2026-04-24T04:57:25.542+0000] {processor.py:840} INFO - DAG(s) 'example_subdag_operator.section-1', 'example_subdag_operator.section-2', 'example_subdag_operator' retrieved from /home/airflow/.local/lib/python3.8/site-packages/airflow/example_dags/example_subdag_operator.py
[2026-04-24T04:57:25.561+0000] {logging_mixin.py:188} INFO - [2026-04-24T04:57:25.561+0000] {dag.py:3036} INFO - Sync 3 DAGs
[2026-04-24T04:57:25.589+0000] {logging_mixin.py:188} INFO - [2026-04-24T04:57:25.589+0000] {dag.py:3823} INFO - Setting next_dagrun for example_subdag_operator to 2022-01-01 00:00:00+00:00, run_after=2022-01-01 00:00:00+00:00
[2026-04-24T04:57:25.593+0000] {logging_mixin.py:188} INFO - [2026-04-24T04:57:25.593+0000] {dag.py:3823} INFO - Setting next_dagrun for example_subdag_operator.section-1 to None, run_after=None
[2026-04-24T04:57:25.595+0000] {logging_mixin.py:188} INFO - [2026-04-24T04:57:25.595+0000] {dag.py:3823} INFO - Setting next_dagrun for example_subdag_operator.section-2 to None, run_after=None
[2026-04-24T04:57:25.603+0000] {logging_mixin.py:188} INFO - [2026-04-24T04:57:25.603+0000] {dag.py:3036} INFO - Sync 2 DAGs
[2026-04-24T04:57:25.610+0000] {logging_mixin.py:188} INFO - [2026-04-24T04:57:25.610+0000] {dag.py:3823} INFO - Setting next_dagrun for example_subdag_operator.section-1 to None, run_after=None
[2026-04-24T04:57:25.610+0000] {logging_mixin.py:188} INFO - [2026-04-24T04:57:25.610+0000] {dag.py:3823} INFO - Setting next_dagrun for example_subdag_operator.section-2 to None, run_after=None
[2026-04-24T04:57:25.625+0000] {processor.py:183} INFO - Processing /home/airflow/.local/lib/python3.8/site-packages/airflow/example_dags/example_subdag_operator.py took 0.124 seconds
[2026-04-24T04:57:56.512+0000] {processor.py:161} INFO - Started process (PID=6802) to work on /home/airflow/.local/lib/python3.8/site-packages/airflow/example_dags/example_subdag_operator.py
[2026-04-24T04:57:56.513+0000] {processor.py:830} INFO - Processing file /home/airflow/.local/lib/python3.8/site-packages/airflow/example_dags/example_subdag_operator.py for tasks to queue
[2026-04-24T04:57:56.515+0000] {logging_mixin.py:188} INFO - [2026-04-24T04:57:56.515+0000] {dagbag.py:538} INFO - Filling up the DagBag from /home/airflow/.local/lib/python3.8/site-packages/airflow/example_dags/example_subdag_operator.py
[2026-04-24T04:57:56.552+0000] {processor.py:840} INFO - DAG(s) 'example_subdag_operator.section-1', 'example_subdag_operator.section-2', 'example_subdag_operator' retrieved from /home/airflow/.local/lib/python3.8/site-packages/airflow/example_dags/example_subdag_operator.py
[2026-04-24T04:57:56.574+0000] {logging_mixin.py:188} INFO - [2026-04-24T04:57:56.574+0000] {dag.py:3036} INFO - Sync 3 DAGs
[2026-04-24T04:57:56.604+0000] {logging_mixin.py:188} INFO - [2026-04-24T04:57:56.604+0000] {dag.py:3823} INFO - Setting next_dagrun for example_subdag_operator to 2022-01-01 00:00:00+00:00, run_after=2022-01-01 00:00:00+00:00
[2026-04-24T04:57:56.609+0000] {logging_mixin.py:188} INFO - [2026-04-24T04:57:56.609+0000] {dag.py:3823} INFO - Setting next_dagrun for example_subdag_operator.section-1 to None, run_after=None
[2026-04-24T04:57:56.610+0000] {logging_mixin.py:188} INFO - [2026-04-24T04:57:56.610+0000] {dag.py:3823} INFO - Setting next_dagrun for example_subdag_operator.section-2 to None, run_after=None
[2026-04-24T04:57:56.619+0000] {logging_mixin.py:188} INFO - [2026-04-24T04:57:56.619+0000] {dag.py:3036} INFO - Sync 2 DAGs
[2026-04-24T04:57:56.627+0000] {logging_mixin.py:188} INFO - [2026-04-24T04:57:56.627+0000] {dag.py:3823} INFO - Setting next_dagrun for example_subdag_operator.section-1 to None, run_after=None
[2026-04-24T04:57:56.627+0000] {logging_mixin.py:188} INFO - [2026-04-24T04:57:56.627+0000] {dag.py:3823} INFO - Setting next_dagrun for example_subdag_operator.section-2 to None, run_after=None
[2026-04-24T04:57:56.651+0000] {processor.py:183} INFO - Processing /home/airflow/.local/lib/python3.8/site-packages/airflow/example_dags/example_subdag_operator.py took 0.145 seconds
[2026-04-24T04:58:27.470+0000] {processor.py:161} INFO - Started process (PID=6857) to work on /home/airflow/.local/lib/python3.8/site-packages/airflow/example_dags/example_subdag_operator.py
[2026-04-24T04:58:27.472+0000] {processor.py:830} INFO - Processing file /home/airflow/.local/lib/python3.8/site-packages/airflow/example_dags/example_subdag_operator.py for tasks to queue
[2026-04-24T04:58:27.475+0000] {logging_mixin.py:188} INFO - [2026-04-24T04:58:27.474+0000] {dagbag.py:538} INFO - Filling up the DagBag from /home/airflow/.local/lib/python3.8/site-packages/airflow/example_dags/example_subdag_operator.py
[2026-04-24T04:58:27.515+0000] {processor.py:840} INFO - DAG(s) 'example_subdag_operator.section-1', 'example_subdag_operator.section-2', 'example_subdag_operator' retrieved from /home/airflow/.local/lib/python3.8/site-packages/airflow/example_dags/example_subdag_operator.py
[2026-04-24T04:58:27.541+0000] {logging_mixin.py:188} INFO - [2026-04-24T04:58:27.540+0000] {dag.py:3036} INFO - Sync 3 DAGs
[2026-04-24T04:58:27.579+0000] {logging_mixin.py:188} INFO - [2026-04-24T04:58:27.579+0000] {dag.py:3823} INFO - Setting next_dagrun for example_subdag_operator to 2022-01-01 00:00:00+00:00, run_after=2022-01-01 00:00:00+00:00
[2026-04-24T04:58:27.585+0000] {logging_mixin.py:188} INFO - [2026-04-24T04:58:27.585+0000] {dag.py:3823} INFO - Setting next_dagrun for example_subdag_operator.section-1 to None, run_after=None
[2026-04-24T04:58:27.588+0000] {logging_mixin.py:188} INFO - [2026-04-24T04:58:27.587+0000] {dag.py:3823} INFO - Setting next_dagrun for example_subdag_operator.section-2 to None, run_after=None
[2026-04-24T04:58:27.598+0000] {logging_mixin.py:188} INFO - [2026-04-24T04:58:27.598+0000] {dag.py:3036} INFO - Sync 2 DAGs
[2026-04-24T04:58:27.607+0000] {logging_mixin.py:188} INFO - [2026-04-24T04:58:27.606+0000] {dag.py:3823} INFO - Setting next_dagrun for example_subdag_operator.section-1 to None, run_after=None
[2026-04-24T04:58:27.607+0000] {logging_mixin.py:188} INFO - [2026-04-24T04:58:27.607+0000] {dag.py:3823} INFO - Setting next_dagrun for example_subdag_operator.section-2 to None, run_after=None
[2026-04-24T04:58:27.633+0000] {processor.py:183} INFO - Processing /home/airflow/.local/lib/python3.8/site-packages/airflow/example_dags/example_subdag_operator.py took 0.168 seconds
[2026-04-24T04:58:57.937+0000] {processor.py:161} INFO - Started process (PID=6912) to work on /home/airflow/.local/lib/python3.8/site-packages/airflow/example_dags/example_subdag_operator.py
[2026-04-24T04:58:57.939+0000] {processor.py:830} INFO - Processing file /home/airflow/.local/lib/python3.8/site-packages/airflow/example_dags/example_subdag_operator.py for tasks to queue
[2026-04-24T04:58:57.941+0000] {logging_mixin.py:188} INFO - [2026-04-24T04:58:57.941+0000] {dagbag.py:538} INFO - Filling up the DagBag from /home/airflow/.local/lib/python3.8/site-packages/airflow/example_dags/example_subdag_operator.py
[2026-04-24T04:58:57.979+0000] {processor.py:840} INFO - DAG(s) 'example_subdag_operator.section-1', 'example_subdag_operator.section-2', 'example_subdag_operator' retrieved from /home/airflow/.local/lib/python3.8/site-packages/airflow/example_dags/example_subdag_operator.py
[2026-04-24T04:58:58.001+0000] {logging_mixin.py:188} INFO - [2026-04-24T04:58:58.000+0000] {dag.py:3036} INFO - Sync 3 DAGs
[2026-04-24T04:58:58.034+0000] {logging_mixin.py:188} INFO - [2026-04-24T04:58:58.033+0000] {dag.py:3823} INFO - Setting next_dagrun for example_subdag_operator to 2022-01-01 00:00:00+00:00, run_after=2022-01-01 00:00:00+00:00
[2026-04-24T04:58:58.039+0000] {logging_mixin.py:188} INFO - [2026-04-24T04:58:58.039+0000] {dag.py:3823} INFO - Setting next_dagrun for example_subdag_operator.section-1 to None, run_after=None
[2026-04-24T04:58:58.041+0000] {logging_mixin.py:188} INFO - [2026-04-24T04:58:58.041+0000] {dag.py:3823} INFO - Setting next_dagrun for example_subdag_operator.section-2 to None, run_after=None
[2026-04-24T04:58:58.052+0000] {logging_mixin.py:188} INFO - [2026-04-24T04:58:58.051+0000] {dag.py:3036} INFO - Sync 2 DAGs
[2026-04-24T04:58:58.059+0000] {logging_mixin.py:188} INFO - [2026-04-24T04:58:58.059+0000] {dag.py:3823} INFO - Setting next_dagrun for example_subdag_operator.section-1 to None, run_after=None
[2026-04-24T04:58:58.060+0000] {logging_mixin.py:188} INFO - [2026-04-24T04:58:58.059+0000] {dag.py:3823} INFO - Setting next_dagrun for example_subdag_operator.section-2 to None, run_after=None
[2026-04-24T04:58:58.078+0000] {processor.py:183} INFO - Processing /home/airflow/.local/lib/python3.8/site-packages/airflow/example_dags/example_subdag_operator.py took 0.145 seconds
[2026-04-24T04:59:28.123+0000] {processor.py:161} INFO - Started process (PID=6966) to work on /home/airflow/.local/lib/python3.8/site-packages/airflow/example_dags/example_subdag_operator.py
[2026-04-24T04:59:28.133+0000] {processor.py:830} INFO - Processing file /home/airflow/.local/lib/python3.8/site-packages/airflow/example_dags/example_subdag_operator.py for tasks to queue
[2026-04-24T04:59:28.137+0000] {logging_mixin.py:188} INFO - [2026-04-24T04:59:28.136+0000] {dagbag.py:538} INFO - Filling up the DagBag from /home/airflow/.local/lib/python3.8/site-packages/airflow/example_dags/example_subdag_operator.py
[2026-04-24T04:59:28.172+0000] {processor.py:840} INFO - DAG(s) 'example_subdag_operator.section-1', 'example_subdag_operator.section-2', 'example_subdag_operator' retrieved from /home/airflow/.local/lib/python3.8/site-packages/airflow/example_dags/example_subdag_operator.py
[2026-04-24T04:59:28.192+0000] {logging_mixin.py:188} INFO - [2026-04-24T04:59:28.192+0000] {dag.py:3036} INFO - Sync 3 DAGs
[2026-04-24T04:59:28.222+0000] {logging_mixin.py:188} INFO - [2026-04-24T04:59:28.222+0000] {dag.py:3823} INFO - Setting next_dagrun for example_subdag_operator to 2022-01-01 00:00:00+00:00, run_after=2022-01-01 00:00:00+00:00
[2026-04-24T04:59:28.228+0000] {logging_mixin.py:188} INFO - [2026-04-24T04:59:28.228+0000] {dag.py:3823} INFO - Setting next_dagrun for example_subdag_operator.section-1 to None, run_after=None
[2026-04-24T04:59:28.230+0000] {logging_mixin.py:188} INFO - [2026-04-24T04:59:28.230+0000] {dag.py:3823} INFO - Setting next_dagrun for example_subdag_operator.section-2 to None, run_after=None
[2026-04-24T04:59:28.241+0000] {logging_mixin.py:188} INFO - [2026-04-24T04:59:28.240+0000] {dag.py:3036} INFO - Sync 2 DAGs
[2026-04-24T04:59:28.249+0000] {logging_mixin.py:188} INFO - [2026-04-24T04:59:28.248+0000] {dag.py:3823} INFO - Setting next_dagrun for example_subdag_operator.section-1 to None, run_after=None
[2026-04-24T04:59:28.249+0000] {logging_mixin.py:188} INFO - [2026-04-24T04:59:28.249+0000] {dag.py:3823} INFO - Setting next_dagrun for example_subdag_operator.section-2 to None, run_after=None
[2026-04-24T04:59:28.267+0000] {processor.py:183} INFO - Processing /home/airflow/.local/lib/python3.8/site-packages/airflow/example_dags/example_subdag_operator.py took 0.149 seconds
[2026-04-24T04:59:58.474+0000] {processor.py:161} INFO - Started process (PID=7022) to work on /home/airflow/.local/lib/python3.8/site-packages/airflow/example_dags/example_subdag_operator.py
[2026-04-24T04:59:58.475+0000] {processor.py:830} INFO - Processing file /home/airflow/.local/lib/python3.8/site-packages/airflow/example_dags/example_subdag_operator.py for tasks to queue
[2026-04-24T04:59:58.478+0000] {logging_mixin.py:188} INFO - [2026-04-24T04:59:58.477+0000] {dagbag.py:538} INFO - Filling up the DagBag from /home/airflow/.local/lib/python3.8/site-packages/airflow/example_dags/example_subdag_operator.py
[2026-04-24T04:59:58.514+0000] {processor.py:840} INFO - DAG(s) 'example_subdag_operator.section-1', 'example_subdag_operator.section-2', 'example_subdag_operator' retrieved from /home/airflow/.local/lib/python3.8/site-packages/airflow/example_dags/example_subdag_operator.py
[2026-04-24T04:59:58.535+0000] {logging_mixin.py:188} INFO - [2026-04-24T04:59:58.534+0000] {dag.py:3036} INFO - Sync 3 DAGs
[2026-04-24T04:59:58.563+0000] {logging_mixin.py:188} INFO - [2026-04-24T04:59:58.563+0000] {dag.py:3823} INFO - Setting next_dagrun for example_subdag_operator to 2022-01-01 00:00:00+00:00, run_after=2022-01-01 00:00:00+00:00
[2026-04-24T04:59:58.568+0000] {logging_mixin.py:188} INFO - [2026-04-24T04:59:58.568+0000] {dag.py:3823} INFO - Setting next_dagrun for example_subdag_operator.section-1 to None, run_after=None
[2026-04-24T04:59:58.569+0000] {logging_mixin.py:188} INFO - [2026-04-24T04:59:58.569+0000] {dag.py:3823} INFO - Setting next_dagrun for example_subdag_operator.section-2 to None, run_after=None
[2026-04-24T04:59:58.578+0000] {logging_mixin.py:188} INFO - [2026-04-24T04:59:58.578+0000] {dag.py:3036} INFO - Sync 2 DAGs
[2026-04-24T04:59:58.586+0000] {logging_mixin.py:188} INFO - [2026-04-24T04:59:58.586+0000] {dag.py:3823} INFO - Setting next_dagrun for example_subdag_operator.section-1 to None, run_after=None
[2026-04-24T04:59:58.586+0000] {logging_mixin.py:188} INFO - [2026-04-24T04:59:58.586+0000] {dag.py:3823} INFO - Setting next_dagrun for example_subdag_operator.section-2 to None, run_after=None
[2026-04-24T04:59:58.599+0000] {processor.py:183} INFO - Processing /home/airflow/.local/lib/python3.8/site-packages/airflow/example_dags/example_subdag_operator.py took 0.129 seconds
[2026-04-24T05:00:28.800+0000] {processor.py:161} INFO - Started process (PID=7077) to work on /home/airflow/.local/lib/python3.8/site-packages/airflow/example_dags/example_subdag_operator.py
[2026-04-24T05:00:28.801+0000] {processor.py:830} INFO - Processing file /home/airflow/.local/lib/python3.8/site-packages/airflow/example_dags/example_subdag_operator.py for tasks to queue
[2026-04-24T05:00:28.803+0000] {logging_mixin.py:188} INFO - [2026-04-24T05:00:28.803+0000] {dagbag.py:538} INFO - Filling up the DagBag from /home/airflow/.local/lib/python3.8/site-packages/airflow/example_dags/example_subdag_operator.py
[2026-04-24T05:00:28.839+0000] {processor.py:840} INFO - DAG(s) 'example_subdag_operator.section-1', 'example_subdag_operator.section-2', 'example_subdag_operator' retrieved from /home/airflow/.local/lib/python3.8/site-packages/airflow/example_dags/example_subdag_operator.py
[2026-04-24T05:00:28.860+0000] {logging_mixin.py:188} INFO - [2026-04-24T05:00:28.859+0000] {dag.py:3036} INFO - Sync 3 DAGs
[2026-04-24T05:00:28.890+0000] {logging_mixin.py:188} INFO - [2026-04-24T05:00:28.889+0000] {dag.py:3823} INFO - Setting next_dagrun for example_subdag_operator to 2022-01-01 00:00:00+00:00, run_after=2022-01-01 00:00:00+00:00
[2026-04-24T05:00:28.894+0000] {logging_mixin.py:188} INFO - [2026-04-24T05:00:28.894+0000] {dag.py:3823} INFO - Setting next_dagrun for example_subdag_operator.section-1 to None, run_after=None
[2026-04-24T05:00:28.896+0000] {logging_mixin.py:188} INFO - [2026-04-24T05:00:28.896+0000] {dag.py:3823} INFO - Setting next_dagrun for example_subdag_operator.section-2 to None, run_after=None
[2026-04-24T05:00:28.904+0000] {logging_mixin.py:188} INFO - [2026-04-24T05:00:28.904+0000] {dag.py:3036} INFO - Sync 2 DAGs
[2026-04-24T05:00:28.912+0000] {logging_mixin.py:188} INFO - [2026-04-24T05:00:28.911+0000] {dag.py:3823} INFO - Setting next_dagrun for example_subdag_operator.section-1 to None, run_after=None
[2026-04-24T05:00:28.912+0000] {logging_mixin.py:188} INFO - [2026-04-24T05:00:28.912+0000] {dag.py:3823} INFO - Setting next_dagrun for example_subdag_operator.section-2 to None, run_after=None
[2026-04-24T05:00:28.934+0000] {processor.py:183} INFO - Processing /home/airflow/.local/lib/python3.8/site-packages/airflow/example_dags/example_subdag_operator.py took 0.139 seconds
[2026-04-24T05:00:59.166+0000] {processor.py:161} INFO - Started process (PID=7132) to work on /home/airflow/.local/lib/python3.8/site-packages/airflow/example_dags/example_subdag_operator.py
[2026-04-24T05:00:59.169+0000] {processor.py:830} INFO - Processing file /home/airflow/.local/lib/python3.8/site-packages/airflow/example_dags/example_subdag_operator.py for tasks to queue
[2026-04-24T05:00:59.170+0000] {logging_mixin.py:188} INFO - [2026-04-24T05:00:59.170+0000] {dagbag.py:538} INFO - Filling up the DagBag from /home/airflow/.local/lib/python3.8/site-packages/airflow/example_dags/example_subdag_operator.py
[2026-04-24T05:00:59.187+0000] {processor.py:840} INFO - DAG(s) 'example_subdag_operator.section-1', 'example_subdag_operator.section-2', 'example_subdag_operator' retrieved from /home/airflow/.local/lib/python3.8/site-packages/airflow/example_dags/example_subdag_operator.py
[2026-04-24T05:00:59.197+0000] {logging_mixin.py:188} INFO - [2026-04-24T05:00:59.197+0000] {dag.py:3036} INFO - Sync 3 DAGs
[2026-04-24T05:00:59.211+0000] {logging_mixin.py:188} INFO - [2026-04-24T05:00:59.211+0000] {dag.py:3823} INFO - Setting next_dagrun for example_subdag_operator to 2022-01-01 00:00:00+00:00, run_after=2022-01-01 00:00:00+00:00
[2026-04-24T05:00:59.213+0000] {logging_mixin.py:188} INFO - [2026-04-24T05:00:59.213+0000] {dag.py:3823} INFO - Setting next_dagrun for example_subdag_operator.section-1 to None, run_after=None
[2026-04-24T05:00:59.214+0000] {logging_mixin.py:188} INFO - [2026-04-24T05:00:59.214+0000] {dag.py:3823} INFO - Setting next_dagrun for example_subdag_operator.section-2 to None, run_after=None
[2026-04-24T05:00:59.218+0000] {logging_mixin.py:188} INFO - [2026-04-24T05:00:59.218+0000] {dag.py:3036} INFO - Sync 2 DAGs
[2026-04-24T05:00:59.221+0000] {logging_mixin.py:188} INFO - [2026-04-24T05:00:59.221+0000] {dag.py:3823} INFO - Setting next_dagrun for example_subdag_operator.section-1 to None, run_after=None
[2026-04-24T05:00:59.222+0000] {logging_mixin.py:188} INFO - [2026-04-24T05:00:59.221+0000] {dag.py:3823} INFO - Setting next_dagrun for example_subdag_operator.section-2 to None, run_after=None
[2026-04-24T05:00:59.228+0000] {processor.py:183} INFO - Processing /home/airflow/.local/lib/python3.8/site-packages/airflow/example_dags/example_subdag_operator.py took 0.065 seconds
[2026-04-24T05:01:29.521+0000] {processor.py:161} INFO - Started process (PID=7187) to work on /home/airflow/.local/lib/python3.8/site-packages/airflow/example_dags/example_subdag_operator.py
[2026-04-24T05:01:29.523+0000] {processor.py:830} INFO - Processing file /home/airflow/.local/lib/python3.8/site-packages/airflow/example_dags/example_subdag_operator.py for tasks to queue
[2026-04-24T05:01:29.526+0000] {logging_mixin.py:188} INFO - [2026-04-24T05:01:29.526+0000] {dagbag.py:538} INFO - Filling up the DagBag from /home/airflow/.local/lib/python3.8/site-packages/airflow/example_dags/example_subdag_operator.py
[2026-04-24T05:01:29.573+0000] {processor.py:840} INFO - DAG(s) 'example_subdag_operator.section-1', 'example_subdag_operator.section-2', 'example_subdag_operator' retrieved from /home/airflow/.local/lib/python3.8/site-packages/airflow/example_dags/example_subdag_operator.py
[2026-04-24T05:01:29.599+0000] {logging_mixin.py:188} INFO - [2026-04-24T05:01:29.599+0000] {dag.py:3036} INFO - Sync 3 DAGs
[2026-04-24T05:01:29.638+0000] {logging_mixin.py:188} INFO - [2026-04-24T05:01:29.637+0000] {dag.py:3823} INFO - Setting next_dagrun for example_subdag_operator to 2022-01-01 00:00:00+00:00, run_after=2022-01-01 00:00:00+00:00
[2026-04-24T05:01:29.645+0000] {logging_mixin.py:188} INFO - [2026-04-24T05:01:29.644+0000] {dag.py:3823} INFO - Setting next_dagrun for example_subdag_operator.section-1 to None, run_after=None
[2026-04-24T05:01:29.647+0000] {logging_mixin.py:188} INFO - [2026-04-24T05:01:29.647+0000] {dag.py:3823} INFO - Setting next_dagrun for example_subdag_operator.section-2 to None, run_after=None
[2026-04-24T05:01:29.660+0000] {logging_mixin.py:188} INFO - [2026-04-24T05:01:29.659+0000] {dag.py:3036} INFO - Sync 2 DAGs
[2026-04-24T05:01:29.670+0000] {logging_mixin.py:188} INFO - [2026-04-24T05:01:29.669+0000] {dag.py:3823} INFO - Setting next_dagrun for example_subdag_operator.section-1 to None, run_after=None
[2026-04-24T05:01:29.671+0000] {logging_mixin.py:188} INFO - [2026-04-24T05:01:29.670+0000] {dag.py:3823} INFO - Setting next_dagrun for example_subdag_operator.section-2 to None, run_after=None
[2026-04-24T05:01:29.687+0000] {processor.py:183} INFO - Processing /home/airflow/.local/lib/python3.8/site-packages/airflow/example_dags/example_subdag_operator.py took 0.173 seconds
[2026-04-24T05:01:59.781+0000] {processor.py:161} INFO - Started process (PID=7242) to work on /home/airflow/.local/lib/python3.8/site-packages/airflow/example_dags/example_subdag_operator.py
[2026-04-24T05:01:59.782+0000] {processor.py:830} INFO - Processing file /home/airflow/.local/lib/python3.8/site-packages/airflow/example_dags/example_subdag_operator.py for tasks to queue
[2026-04-24T05:01:59.784+0000] {logging_mixin.py:188} INFO - [2026-04-24T05:01:59.784+0000] {dagbag.py:538} INFO - Filling up the DagBag from /home/airflow/.local/lib/python3.8/site-packages/airflow/example_dags/example_subdag_operator.py
[2026-04-24T05:01:59.822+0000] {processor.py:840} INFO - DAG(s) 'example_subdag_operator.section-1', 'example_subdag_operator.section-2', 'example_subdag_operator' retrieved from /home/airflow/.local/lib/python3.8/site-packages/airflow/example_dags/example_subdag_operator.py
[2026-04-24T05:01:59.843+0000] {logging_mixin.py:188} INFO - [2026-04-24T05:01:59.843+0000] {dag.py:3036} INFO - Sync 3 DAGs
[2026-04-24T05:01:59.874+0000] {logging_mixin.py:188} INFO - [2026-04-24T05:01:59.873+0000] {dag.py:3823} INFO - Setting next_dagrun for example_subdag_operator to 2022-01-01 00:00:00+00:00, run_after=2022-01-01 00:00:00+00:00
[2026-04-24T05:01:59.878+0000] {logging_mixin.py:188} INFO - [2026-04-24T05:01:59.878+0000] {dag.py:3823} INFO - Setting next_dagrun for example_subdag_operator.section-1 to None, run_after=None
[2026-04-24T05:01:59.880+0000] {logging_mixin.py:188} INFO - [2026-04-24T05:01:59.879+0000] {dag.py:3823} INFO - Setting next_dagrun for example_subdag_operator.section-2 to None, run_after=None
[2026-04-24T05:01:59.889+0000] {logging_mixin.py:188} INFO - [2026-04-24T05:01:59.888+0000] {dag.py:3036} INFO - Sync 2 DAGs
[2026-04-24T05:01:59.896+0000] {logging_mixin.py:188} INFO - [2026-04-24T05:01:59.896+0000] {dag.py:3823} INFO - Setting next_dagrun for example_subdag_operator.section-1 to None, run_after=None
[2026-04-24T05:01:59.896+0000] {logging_mixin.py:188} INFO - [2026-04-24T05:01:59.896+0000] {dag.py:3823} INFO - Setting next_dagrun for example_subdag_operator.section-2 to None, run_after=None
[2026-04-24T05:01:59.912+0000] {processor.py:183} INFO - Processing /home/airflow/.local/lib/python3.8/site-packages/airflow/example_dags/example_subdag_operator.py took 0.136 seconds
[2026-04-24T05:02:30.124+0000] {processor.py:161} INFO - Started process (PID=7297) to work on /home/airflow/.local/lib/python3.8/site-packages/airflow/example_dags/example_subdag_operator.py
[2026-04-24T05:02:30.126+0000] {processor.py:830} INFO - Processing file /home/airflow/.local/lib/python3.8/site-packages/airflow/example_dags/example_subdag_operator.py for tasks to queue
[2026-04-24T05:02:30.128+0000] {logging_mixin.py:188} INFO - [2026-04-24T05:02:30.128+0000] {dagbag.py:538} INFO - Filling up the DagBag from /home/airflow/.local/lib/python3.8/site-packages/airflow/example_dags/example_subdag_operator.py
[2026-04-24T05:02:30.165+0000] {processor.py:840} INFO - DAG(s) 'example_subdag_operator.section-1', 'example_subdag_operator.section-2', 'example_subdag_operator' retrieved from /home/airflow/.local/lib/python3.8/site-packages/airflow/example_dags/example_subdag_operator.py
[2026-04-24T05:02:30.185+0000] {logging_mixin.py:188} INFO - [2026-04-24T05:02:30.185+0000] {dag.py:3036} INFO - Sync 3 DAGs
[2026-04-24T05:02:30.215+0000] {logging_mixin.py:188} INFO - [2026-04-24T05:02:30.215+0000] {dag.py:3823} INFO - Setting next_dagrun for example_subdag_operator to 2022-01-01 00:00:00+00:00, run_after=2022-01-01 00:00:00+00:00
[2026-04-24T05:02:30.220+0000] {logging_mixin.py:188} INFO - [2026-04-24T05:02:30.220+0000] {dag.py:3823} INFO - Setting next_dagrun for example_subdag_operator.section-1 to None, run_after=None
[2026-04-24T05:02:30.222+0000] {logging_mixin.py:188} INFO - [2026-04-24T05:02:30.221+0000] {dag.py:3823} INFO - Setting next_dagrun for example_subdag_operator.section-2 to None, run_after=None
[2026-04-24T05:02:30.230+0000] {logging_mixin.py:188} INFO - [2026-04-24T05:02:30.230+0000] {dag.py:3036} INFO - Sync 2 DAGs
[2026-04-24T05:02:30.237+0000] {logging_mixin.py:188} INFO - [2026-04-24T05:02:30.237+0000] {dag.py:3823} INFO - Setting next_dagrun for example_subdag_operator.section-1 to None, run_after=None
[2026-04-24T05:02:30.238+0000] {logging_mixin.py:188} INFO - [2026-04-24T05:02:30.237+0000] {dag.py:3823} INFO - Setting next_dagrun for example_subdag_operator.section-2 to None, run_after=None
[2026-04-24T05:02:30.261+0000] {processor.py:183} INFO - Processing /home/airflow/.local/lib/python3.8/site-packages/airflow/example_dags/example_subdag_operator.py took 0.142 seconds
[2026-04-24T05:03:00.412+0000] {processor.py:161} INFO - Started process (PID=7352) to work on /home/airflow/.local/lib/python3.8/site-packages/airflow/example_dags/example_subdag_operator.py
[2026-04-24T05:03:00.413+0000] {processor.py:830} INFO - Processing file /home/airflow/.local/lib/python3.8/site-packages/airflow/example_dags/example_subdag_operator.py for tasks to queue
[2026-04-24T05:03:00.415+0000] {logging_mixin.py:188} INFO - [2026-04-24T05:03:00.415+0000] {dagbag.py:538} INFO - Filling up the DagBag from /home/airflow/.local/lib/python3.8/site-packages/airflow/example_dags/example_subdag_operator.py
[2026-04-24T05:03:00.450+0000] {processor.py:840} INFO - DAG(s) 'example_subdag_operator.section-1', 'example_subdag_operator.section-2', 'example_subdag_operator' retrieved from /home/airflow/.local/lib/python3.8/site-packages/airflow/example_dags/example_subdag_operator.py
[2026-04-24T05:03:00.472+0000] {logging_mixin.py:188} INFO - [2026-04-24T05:03:00.472+0000] {dag.py:3036} INFO - Sync 3 DAGs
[2026-04-24T05:03:00.503+0000] {logging_mixin.py:188} INFO - [2026-04-24T05:03:00.503+0000] {dag.py:3823} INFO - Setting next_dagrun for example_subdag_operator to 2022-01-01 00:00:00+00:00, run_after=2022-01-01 00:00:00+00:00
[2026-04-24T05:03:00.508+0000] {logging_mixin.py:188} INFO - [2026-04-24T05:03:00.507+0000] {dag.py:3823} INFO - Setting next_dagrun for example_subdag_operator.section-1 to None, run_after=None
[2026-04-24T05:03:00.509+0000] {logging_mixin.py:188} INFO - [2026-04-24T05:03:00.509+0000] {dag.py:3823} INFO - Setting next_dagrun for example_subdag_operator.section-2 to None, run_after=None
[2026-04-24T05:03:00.518+0000] {logging_mixin.py:188} INFO - [2026-04-24T05:03:00.518+0000] {dag.py:3036} INFO - Sync 2 DAGs
[2026-04-24T05:03:00.525+0000] {logging_mixin.py:188} INFO - [2026-04-24T05:03:00.525+0000] {dag.py:3823} INFO - Setting next_dagrun for example_subdag_operator.section-1 to None, run_after=None
[2026-04-24T05:03:00.526+0000] {logging_mixin.py:188} INFO - [2026-04-24T05:03:00.526+0000] {dag.py:3823} INFO - Setting next_dagrun for example_subdag_operator.section-2 to None, run_after=None
[2026-04-24T05:03:00.540+0000] {processor.py:183} INFO - Processing /home/airflow/.local/lib/python3.8/site-packages/airflow/example_dags/example_subdag_operator.py took 0.134 seconds
[2026-04-24T05:03:30.952+0000] {processor.py:161} INFO - Started process (PID=7407) to work on /home/airflow/.local/lib/python3.8/site-packages/airflow/example_dags/example_subdag_operator.py
[2026-04-24T05:03:30.953+0000] {processor.py:830} INFO - Processing file /home/airflow/.local/lib/python3.8/site-packages/airflow/example_dags/example_subdag_operator.py for tasks to queue
[2026-04-24T05:03:30.955+0000] {logging_mixin.py:188} INFO - [2026-04-24T05:03:30.955+0000] {dagbag.py:538} INFO - Filling up the DagBag from /home/airflow/.local/lib/python3.8/site-packages/airflow/example_dags/example_subdag_operator.py
[2026-04-24T05:03:30.988+0000] {processor.py:840} INFO - DAG(s) 'example_subdag_operator.section-1', 'example_subdag_operator.section-2', 'example_subdag_operator' retrieved from /home/airflow/.local/lib/python3.8/site-packages/airflow/example_dags/example_subdag_operator.py
[2026-04-24T05:03:31.008+0000] {logging_mixin.py:188} INFO - [2026-04-24T05:03:31.007+0000] {dag.py:3036} INFO - Sync 3 DAGs
[2026-04-24T05:03:31.039+0000] {logging_mixin.py:188} INFO - [2026-04-24T05:03:31.038+0000] {dag.py:3823} INFO - Setting next_dagrun for example_subdag_operator to 2022-01-01 00:00:00+00:00, run_after=2022-01-01 00:00:00+00:00
[2026-04-24T05:03:31.044+0000] {logging_mixin.py:188} INFO - [2026-04-24T05:03:31.043+0000] {dag.py:3823} INFO - Setting next_dagrun for example_subdag_operator.section-1 to None, run_after=None
[2026-04-24T05:03:31.045+0000] {logging_mixin.py:188} INFO - [2026-04-24T05:03:31.045+0000] {dag.py:3823} INFO - Setting next_dagrun for example_subdag_operator.section-2 to None, run_after=None
[2026-04-24T05:03:31.054+0000] {logging_mixin.py:188} INFO - [2026-04-24T05:03:31.054+0000] {dag.py:3036} INFO - Sync 2 DAGs
[2026-04-24T05:03:31.061+0000] {logging_mixin.py:188} INFO - [2026-04-24T05:03:31.061+0000] {dag.py:3823} INFO - Setting next_dagrun for example_subdag_operator.section-1 to None, run_after=None
[2026-04-24T05:03:31.062+0000] {logging_mixin.py:188} INFO - [2026-04-24T05:03:31.061+0000] {dag.py:3823} INFO - Setting next_dagrun for example_subdag_operator.section-2 to None, run_after=None
[2026-04-24T05:03:31.076+0000] {processor.py:183} INFO - Processing /home/airflow/.local/lib/python3.8/site-packages/airflow/example_dags/example_subdag_operator.py took 0.128 seconds
[2026-04-24T05:04:01.340+0000] {processor.py:161} INFO - Started process (PID=7463) to work on /home/airflow/.local/lib/python3.8/site-packages/airflow/example_dags/example_subdag_operator.py
[2026-04-24T05:04:01.341+0000] {processor.py:830} INFO - Processing file /home/airflow/.local/lib/python3.8/site-packages/airflow/example_dags/example_subdag_operator.py for tasks to queue
[2026-04-24T05:04:01.344+0000] {logging_mixin.py:188} INFO - [2026-04-24T05:04:01.343+0000] {dagbag.py:538} INFO - Filling up the DagBag from /home/airflow/.local/lib/python3.8/site-packages/airflow/example_dags/example_subdag_operator.py
[2026-04-24T05:04:01.377+0000] {processor.py:840} INFO - DAG(s) 'example_subdag_operator.section-1', 'example_subdag_operator.section-2', 'example_subdag_operator' retrieved from /home/airflow/.local/lib/python3.8/site-packages/airflow/example_dags/example_subdag_operator.py
[2026-04-24T05:04:01.399+0000] {logging_mixin.py:188} INFO - [2026-04-24T05:04:01.398+0000] {dag.py:3036} INFO - Sync 3 DAGs
[2026-04-24T05:04:01.427+0000] {logging_mixin.py:188} INFO - [2026-04-24T05:04:01.427+0000] {dag.py:3823} INFO - Setting next_dagrun for example_subdag_operator to 2022-01-01 00:00:00+00:00, run_after=2022-01-01 00:00:00+00:00
[2026-04-24T05:04:01.432+0000] {logging_mixin.py:188} INFO - [2026-04-24T05:04:01.432+0000] {dag.py:3823} INFO - Setting next_dagrun for example_subdag_operator.section-1 to None, run_after=None
[2026-04-24T05:04:01.434+0000] {logging_mixin.py:188} INFO - [2026-04-24T05:04:01.434+0000] {dag.py:3823} INFO - Setting next_dagrun for example_subdag_operator.section-2 to None, run_after=None
[2026-04-24T05:04:01.443+0000] {logging_mixin.py:188} INFO - [2026-04-24T05:04:01.443+0000] {dag.py:3036} INFO - Sync 2 DAGs
[2026-04-24T05:04:01.450+0000] {logging_mixin.py:188} INFO - [2026-04-24T05:04:01.450+0000] {dag.py:3823} INFO - Setting next_dagrun for example_subdag_operator.section-1 to None, run_after=None
[2026-04-24T05:04:01.451+0000] {logging_mixin.py:188} INFO - [2026-04-24T05:04:01.451+0000] {dag.py:3823} INFO - Setting next_dagrun for example_subdag_operator.section-2 to None, run_after=None
[2026-04-24T05:04:01.479+0000] {processor.py:183} INFO - Processing /home/airflow/.local/lib/python3.8/site-packages/airflow/example_dags/example_subdag_operator.py took 0.143 seconds
[2026-04-24T05:04:31.903+0000] {processor.py:161} INFO - Started process (PID=7518) to work on /home/airflow/.local/lib/python3.8/site-packages/airflow/example_dags/example_subdag_operator.py
[2026-04-24T05:04:31.905+0000] {processor.py:830} INFO - Processing file /home/airflow/.local/lib/python3.8/site-packages/airflow/example_dags/example_subdag_operator.py for tasks to queue
[2026-04-24T05:04:31.907+0000] {logging_mixin.py:188} INFO - [2026-04-24T05:04:31.906+0000] {dagbag.py:538} INFO - Filling up the DagBag from /home/airflow/.local/lib/python3.8/site-packages/airflow/example_dags/example_subdag_operator.py
[2026-04-24T05:04:31.946+0000] {processor.py:840} INFO - DAG(s) 'example_subdag_operator.section-1', 'example_subdag_operator.section-2', 'example_subdag_operator' retrieved from /home/airflow/.local/lib/python3.8/site-packages/airflow/example_dags/example_subdag_operator.py
[2026-04-24T05:04:31.968+0000] {logging_mixin.py:188} INFO - [2026-04-24T05:04:31.967+0000] {dag.py:3036} INFO - Sync 3 DAGs
[2026-04-24T05:04:32.002+0000] {logging_mixin.py:188} INFO - [2026-04-24T05:04:32.001+0000] {dag.py:3823} INFO - Setting next_dagrun for example_subdag_operator to 2022-01-01 00:00:00+00:00, run_after=2022-01-01 00:00:00+00:00
[2026-04-24T05:04:32.008+0000] {logging_mixin.py:188} INFO - [2026-04-24T05:04:32.008+0000] {dag.py:3823} INFO - Setting next_dagrun for example_subdag_operator.section-1 to None, run_after=None
[2026-04-24T05:04:32.010+0000] {logging_mixin.py:188} INFO - [2026-04-24T05:04:32.010+0000] {dag.py:3823} INFO - Setting next_dagrun for example_subdag_operator.section-2 to None, run_after=None
[2026-04-24T05:04:32.019+0000] {logging_mixin.py:188} INFO - [2026-04-24T05:04:32.019+0000] {dag.py:3036} INFO - Sync 2 DAGs
[2026-04-24T05:04:32.027+0000] {logging_mixin.py:188} INFO - [2026-04-24T05:04:32.026+0000] {dag.py:3823} INFO - Setting next_dagrun for example_subdag_operator.section-1 to None, run_after=None
[2026-04-24T05:04:32.027+0000] {logging_mixin.py:188} INFO - [2026-04-24T05:04:32.027+0000] {dag.py:3823} INFO - Setting next_dagrun for example_subdag_operator.section-2 to None, run_after=None
[2026-04-24T05:04:32.042+0000] {processor.py:183} INFO - Processing /home/airflow/.local/lib/python3.8/site-packages/airflow/example_dags/example_subdag_operator.py took 0.144 seconds
[2026-04-24T05:05:02.162+0000] {processor.py:161} INFO - Started process (PID=7573) to work on /home/airflow/.local/lib/python3.8/site-packages/airflow/example_dags/example_subdag_operator.py
[2026-04-24T05:05:02.163+0000] {processor.py:830} INFO - Processing file /home/airflow/.local/lib/python3.8/site-packages/airflow/example_dags/example_subdag_operator.py for tasks to queue
[2026-04-24T05:05:02.166+0000] {logging_mixin.py:188} INFO - [2026-04-24T05:05:02.165+0000] {dagbag.py:538} INFO - Filling up the DagBag from /home/airflow/.local/lib/python3.8/site-packages/airflow/example_dags/example_subdag_operator.py
[2026-04-24T05:05:02.201+0000] {processor.py:840} INFO - DAG(s) 'example_subdag_operator.section-1', 'example_subdag_operator.section-2', 'example_subdag_operator' retrieved from /home/airflow/.local/lib/python3.8/site-packages/airflow/example_dags/example_subdag_operator.py
[2026-04-24T05:05:02.222+0000] {logging_mixin.py:188} INFO - [2026-04-24T05:05:02.221+0000] {dag.py:3036} INFO - Sync 3 DAGs
[2026-04-24T05:05:02.255+0000] {logging_mixin.py:188} INFO - [2026-04-24T05:05:02.255+0000] {dag.py:3823} INFO - Setting next_dagrun for example_subdag_operator to 2022-01-01 00:00:00+00:00, run_after=2022-01-01 00:00:00+00:00
[2026-04-24T05:05:02.260+0000] {logging_mixin.py:188} INFO - [2026-04-24T05:05:02.260+0000] {dag.py:3823} INFO - Setting next_dagrun for example_subdag_operator.section-1 to None, run_after=None
[2026-04-24T05:05:02.262+0000] {logging_mixin.py:188} INFO - [2026-04-24T05:05:02.262+0000] {dag.py:3823} INFO - Setting next_dagrun for example_subdag_operator.section-2 to None, run_after=None
[2026-04-24T05:05:02.272+0000] {logging_mixin.py:188} INFO - [2026-04-24T05:05:02.271+0000] {dag.py:3036} INFO - Sync 2 DAGs
[2026-04-24T05:05:02.279+0000] {logging_mixin.py:188} INFO - [2026-04-24T05:05:02.279+0000] {dag.py:3823} INFO - Setting next_dagrun for example_subdag_operator.section-1 to None, run_after=None
[2026-04-24T05:05:02.280+0000] {logging_mixin.py:188} INFO - [2026-04-24T05:05:02.279+0000] {dag.py:3823} INFO - Setting next_dagrun for example_subdag_operator.section-2 to None, run_after=None
[2026-04-24T05:05:02.295+0000] {processor.py:183} INFO - Processing /home/airflow/.local/lib/python3.8/site-packages/airflow/example_dags/example_subdag_operator.py took 0.137 seconds
[2026-04-24T05:05:32.768+0000] {processor.py:161} INFO - Started process (PID=7628) to work on /home/airflow/.local/lib/python3.8/site-packages/airflow/example_dags/example_subdag_operator.py
[2026-04-24T05:05:32.769+0000] {processor.py:830} INFO - Processing file /home/airflow/.local/lib/python3.8/site-packages/airflow/example_dags/example_subdag_operator.py for tasks to queue
[2026-04-24T05:05:32.771+0000] {logging_mixin.py:188} INFO - [2026-04-24T05:05:32.771+0000] {dagbag.py:538} INFO - Filling up the DagBag from /home/airflow/.local/lib/python3.8/site-packages/airflow/example_dags/example_subdag_operator.py
[2026-04-24T05:05:32.808+0000] {processor.py:840} INFO - DAG(s) 'example_subdag_operator.section-1', 'example_subdag_operator.section-2', 'example_subdag_operator' retrieved from /home/airflow/.local/lib/python3.8/site-packages/airflow/example_dags/example_subdag_operator.py
[2026-04-24T05:05:32.828+0000] {logging_mixin.py:188} INFO - [2026-04-24T05:05:32.828+0000] {dag.py:3036} INFO - Sync 3 DAGs
[2026-04-24T05:05:32.858+0000] {logging_mixin.py:188} INFO - [2026-04-24T05:05:32.857+0000] {dag.py:3823} INFO - Setting next_dagrun for example_subdag_operator to 2022-01-01 00:00:00+00:00, run_after=2022-01-01 00:00:00+00:00
[2026-04-24T05:05:32.862+0000] {logging_mixin.py:188} INFO - [2026-04-24T05:05:32.862+0000] {dag.py:3823} INFO - Setting next_dagrun for example_subdag_operator.section-1 to None, run_after=None
[2026-04-24T05:05:32.864+0000] {logging_mixin.py:188} INFO - [2026-04-24T05:05:32.864+0000] {dag.py:3823} INFO - Setting next_dagrun for example_subdag_operator.section-2 to None, run_after=None
[2026-04-24T05:05:32.872+0000] {logging_mixin.py:188} INFO - [2026-04-24T05:05:32.872+0000] {dag.py:3036} INFO - Sync 2 DAGs
[2026-04-24T05:05:32.879+0000] {logging_mixin.py:188} INFO - [2026-04-24T05:05:32.879+0000] {dag.py:3823} INFO - Setting next_dagrun for example_subdag_operator.section-1 to None, run_after=None
[2026-04-24T05:05:32.880+0000] {logging_mixin.py:188} INFO - [2026-04-24T05:05:32.880+0000] {dag.py:3823} INFO - Setting next_dagrun for example_subdag_operator.section-2 to None, run_after=None
[2026-04-24T05:05:32.904+0000] {processor.py:183} INFO - Processing /home/airflow/.local/lib/python3.8/site-packages/airflow/example_dags/example_subdag_operator.py took 0.141 seconds
[2026-04-24T05:06:03.047+0000] {processor.py:161} INFO - Started process (PID=7683) to work on /home/airflow/.local/lib/python3.8/site-packages/airflow/example_dags/example_subdag_operator.py
[2026-04-24T05:06:03.049+0000] {processor.py:830} INFO - Processing file /home/airflow/.local/lib/python3.8/site-packages/airflow/example_dags/example_subdag_operator.py for tasks to queue
[2026-04-24T05:06:03.051+0000] {logging_mixin.py:188} INFO - [2026-04-24T05:06:03.051+0000] {dagbag.py:538} INFO - Filling up the DagBag from /home/airflow/.local/lib/python3.8/site-packages/airflow/example_dags/example_subdag_operator.py
[2026-04-24T05:06:03.089+0000] {processor.py:840} INFO - DAG(s) 'example_subdag_operator.section-1', 'example_subdag_operator.section-2', 'example_subdag_operator' retrieved from /home/airflow/.local/lib/python3.8/site-packages/airflow/example_dags/example_subdag_operator.py
[2026-04-24T05:06:03.109+0000] {logging_mixin.py:188} INFO - [2026-04-24T05:06:03.109+0000] {dag.py:3036} INFO - Sync 3 DAGs
[2026-04-24T05:06:03.139+0000] {logging_mixin.py:188} INFO - [2026-04-24T05:06:03.138+0000] {dag.py:3823} INFO - Setting next_dagrun for example_subdag_operator to 2022-01-01 00:00:00+00:00, run_after=2022-01-01 00:00:00+00:00
[2026-04-24T05:06:03.143+0000] {logging_mixin.py:188} INFO - [2026-04-24T05:06:03.143+0000] {dag.py:3823} INFO - Setting next_dagrun for example_subdag_operator.section-1 to None, run_after=None
[2026-04-24T05:06:03.145+0000] {logging_mixin.py:188} INFO - [2026-04-24T05:06:03.145+0000] {dag.py:3823} INFO - Setting next_dagrun for example_subdag_operator.section-2 to None, run_after=None
[2026-04-24T05:06:03.153+0000] {logging_mixin.py:188} INFO - [2026-04-24T05:06:03.153+0000] {dag.py:3036} INFO - Sync 2 DAGs
[2026-04-24T05:06:03.160+0000] {logging_mixin.py:188} INFO - [2026-04-24T05:06:03.160+0000] {dag.py:3823} INFO - Setting next_dagrun for example_subdag_operator.section-1 to None, run_after=None
[2026-04-24T05:06:03.161+0000] {logging_mixin.py:188} INFO - [2026-04-24T05:06:03.161+0000] {dag.py:3823} INFO - Setting next_dagrun for example_subdag_operator.section-2 to None, run_after=None
[2026-04-24T05:06:03.176+0000] {processor.py:183} INFO - Processing /home/airflow/.local/lib/python3.8/site-packages/airflow/example_dags/example_subdag_operator.py took 0.133 seconds
[2026-04-24T05:06:33.727+0000] {processor.py:161} INFO - Started process (PID=7738) to work on /home/airflow/.local/lib/python3.8/site-packages/airflow/example_dags/example_subdag_operator.py
[2026-04-24T05:06:33.728+0000] {processor.py:830} INFO - Processing file /home/airflow/.local/lib/python3.8/site-packages/airflow/example_dags/example_subdag_operator.py for tasks to queue
[2026-04-24T05:06:33.730+0000] {logging_mixin.py:188} INFO - [2026-04-24T05:06:33.730+0000] {dagbag.py:538} INFO - Filling up the DagBag from /home/airflow/.local/lib/python3.8/site-packages/airflow/example_dags/example_subdag_operator.py
[2026-04-24T05:06:33.767+0000] {processor.py:840} INFO - DAG(s) 'example_subdag_operator.section-1', 'example_subdag_operator.section-2', 'example_subdag_operator' retrieved from /home/airflow/.local/lib/python3.8/site-packages/airflow/example_dags/example_subdag_operator.py
[2026-04-24T05:06:33.789+0000] {logging_mixin.py:188} INFO - [2026-04-24T05:06:33.788+0000] {dag.py:3036} INFO - Sync 3 DAGs
[2026-04-24T05:06:33.818+0000] {logging_mixin.py:188} INFO - [2026-04-24T05:06:33.818+0000] {dag.py:3823} INFO - Setting next_dagrun for example_subdag_operator to 2022-01-01 00:00:00+00:00, run_after=2022-01-01 00:00:00+00:00
[2026-04-24T05:06:33.823+0000] {logging_mixin.py:188} INFO - [2026-04-24T05:06:33.823+0000] {dag.py:3823} INFO - Setting next_dagrun for example_subdag_operator.section-1 to None, run_after=None
[2026-04-24T05:06:33.825+0000] {logging_mixin.py:188} INFO - [2026-04-24T05:06:33.825+0000] {dag.py:3823} INFO - Setting next_dagrun for example_subdag_operator.section-2 to None, run_after=None
[2026-04-24T05:06:33.834+0000] {logging_mixin.py:188} INFO - [2026-04-24T05:06:33.834+0000] {dag.py:3036} INFO - Sync 2 DAGs
[2026-04-24T05:06:33.841+0000] {logging_mixin.py:188} INFO - [2026-04-24T05:06:33.841+0000] {dag.py:3823} INFO - Setting next_dagrun for example_subdag_operator.section-1 to None, run_after=None
[2026-04-24T05:06:33.841+0000] {logging_mixin.py:188} INFO - [2026-04-24T05:06:33.841+0000] {dag.py:3823} INFO - Setting next_dagrun for example_subdag_operator.section-2 to None, run_after=None
[2026-04-24T05:06:33.856+0000] {processor.py:183} INFO - Processing /home/airflow/.local/lib/python3.8/site-packages/airflow/example_dags/example_subdag_operator.py took 0.134 seconds
[2026-04-24T05:07:04.393+0000] {processor.py:161} INFO - Started process (PID=7793) to work on /home/airflow/.local/lib/python3.8/site-packages/airflow/example_dags/example_subdag_operator.py
[2026-04-24T05:07:04.395+0000] {processor.py:830} INFO - Processing file /home/airflow/.local/lib/python3.8/site-packages/airflow/example_dags/example_subdag_operator.py for tasks to queue
[2026-04-24T05:07:04.399+0000] {logging_mixin.py:188} INFO - [2026-04-24T05:07:04.399+0000] {dagbag.py:538} INFO - Filling up the DagBag from /home/airflow/.local/lib/python3.8/site-packages/airflow/example_dags/example_subdag_operator.py
[2026-04-24T05:07:04.450+0000] {processor.py:840} INFO - DAG(s) 'example_subdag_operator.section-1', 'example_subdag_operator.section-2', 'example_subdag_operator' retrieved from /home/airflow/.local/lib/python3.8/site-packages/airflow/example_dags/example_subdag_operator.py
[2026-04-24T05:07:04.483+0000] {logging_mixin.py:188} INFO - [2026-04-24T05:07:04.483+0000] {dag.py:3036} INFO - Sync 3 DAGs
[2026-04-24T05:07:04.527+0000] {logging_mixin.py:188} INFO - [2026-04-24T05:07:04.527+0000] {dag.py:3823} INFO - Setting next_dagrun for example_subdag_operator to 2022-01-01 00:00:00+00:00, run_after=2022-01-01 00:00:00+00:00
[2026-04-24T05:07:04.536+0000] {logging_mixin.py:188} INFO - [2026-04-24T05:07:04.535+0000] {dag.py:3823} INFO - Setting next_dagrun for example_subdag_operator.section-1 to None, run_after=None
[2026-04-24T05:07:04.538+0000] {logging_mixin.py:188} INFO - [2026-04-24T05:07:04.538+0000] {dag.py:3823} INFO - Setting next_dagrun for example_subdag_operator.section-2 to None, run_after=None
[2026-04-24T05:07:04.553+0000] {logging_mixin.py:188} INFO - [2026-04-24T05:07:04.552+0000] {dag.py:3036} INFO - Sync 2 DAGs
[2026-04-24T05:07:04.564+0000] {logging_mixin.py:188} INFO - [2026-04-24T05:07:04.564+0000] {dag.py:3823} INFO - Setting next_dagrun for example_subdag_operator.section-1 to None, run_after=None
[2026-04-24T05:07:04.565+0000] {logging_mixin.py:188} INFO - [2026-04-24T05:07:04.565+0000] {dag.py:3823} INFO - Setting next_dagrun for example_subdag_operator.section-2 to None, run_after=None
[2026-04-24T05:07:04.592+0000] {processor.py:183} INFO - Processing /home/airflow/.local/lib/python3.8/site-packages/airflow/example_dags/example_subdag_operator.py took 0.206 seconds
[2026-04-24T05:07:34.720+0000] {processor.py:161} INFO - Started process (PID=7848) to work on /home/airflow/.local/lib/python3.8/site-packages/airflow/example_dags/example_subdag_operator.py
[2026-04-24T05:07:34.721+0000] {processor.py:830} INFO - Processing file /home/airflow/.local/lib/python3.8/site-packages/airflow/example_dags/example_subdag_operator.py for tasks to queue
[2026-04-24T05:07:34.723+0000] {logging_mixin.py:188} INFO - [2026-04-24T05:07:34.723+0000] {dagbag.py:538} INFO - Filling up the DagBag from /home/airflow/.local/lib/python3.8/site-packages/airflow/example_dags/example_subdag_operator.py
[2026-04-24T05:07:34.759+0000] {processor.py:840} INFO - DAG(s) 'example_subdag_operator.section-1', 'example_subdag_operator.section-2', 'example_subdag_operator' retrieved from /home/airflow/.local/lib/python3.8/site-packages/airflow/example_dags/example_subdag_operator.py
[2026-04-24T05:07:34.780+0000] {logging_mixin.py:188} INFO - [2026-04-24T05:07:34.780+0000] {dag.py:3036} INFO - Sync 3 DAGs
[2026-04-24T05:07:34.809+0000] {logging_mixin.py:188} INFO - [2026-04-24T05:07:34.809+0000] {dag.py:3823} INFO - Setting next_dagrun for example_subdag_operator to 2022-01-01 00:00:00+00:00, run_after=2022-01-01 00:00:00+00:00
[2026-04-24T05:07:34.815+0000] {logging_mixin.py:188} INFO - [2026-04-24T05:07:34.815+0000] {dag.py:3823} INFO - Setting next_dagrun for example_subdag_operator.section-1 to None, run_after=None
[2026-04-24T05:07:34.816+0000] {logging_mixin.py:188} INFO - [2026-04-24T05:07:34.816+0000] {dag.py:3823} INFO - Setting next_dagrun for example_subdag_operator.section-2 to None, run_after=None
[2026-04-24T05:07:34.825+0000] {logging_mixin.py:188} INFO - [2026-04-24T05:07:34.825+0000] {dag.py:3036} INFO - Sync 2 DAGs
[2026-04-24T05:07:34.832+0000] {logging_mixin.py:188} INFO - [2026-04-24T05:07:34.832+0000] {dag.py:3823} INFO - Setting next_dagrun for example_subdag_operator.section-1 to None, run_after=None
[2026-04-24T05:07:34.833+0000] {logging_mixin.py:188} INFO - [2026-04-24T05:07:34.832+0000] {dag.py:3823} INFO - Setting next_dagrun for example_subdag_operator.section-2 to None, run_after=None
[2026-04-24T05:07:34.847+0000] {processor.py:183} INFO - Processing /home/airflow/.local/lib/python3.8/site-packages/airflow/example_dags/example_subdag_operator.py took 0.132 seconds
[2026-04-24T05:08:05.099+0000] {processor.py:161} INFO - Started process (PID=7903) to work on /home/airflow/.local/lib/python3.8/site-packages/airflow/example_dags/example_subdag_operator.py
[2026-04-24T05:08:05.100+0000] {processor.py:830} INFO - Processing file /home/airflow/.local/lib/python3.8/site-packages/airflow/example_dags/example_subdag_operator.py for tasks to queue
[2026-04-24T05:08:05.102+0000] {logging_mixin.py:188} INFO - [2026-04-24T05:08:05.102+0000] {dagbag.py:538} INFO - Filling up the DagBag from /home/airflow/.local/lib/python3.8/site-packages/airflow/example_dags/example_subdag_operator.py
[2026-04-24T05:08:05.140+0000] {processor.py:840} INFO - DAG(s) 'example_subdag_operator.section-1', 'example_subdag_operator.section-2', 'example_subdag_operator' retrieved from /home/airflow/.local/lib/python3.8/site-packages/airflow/example_dags/example_subdag_operator.py
[2026-04-24T05:08:05.161+0000] {logging_mixin.py:188} INFO - [2026-04-24T05:08:05.161+0000] {dag.py:3036} INFO - Sync 3 DAGs
[2026-04-24T05:08:05.192+0000] {logging_mixin.py:188} INFO - [2026-04-24T05:08:05.191+0000] {dag.py:3823} INFO - Setting next_dagrun for example_subdag_operator to 2022-01-01 00:00:00+00:00, run_after=2022-01-01 00:00:00+00:00
[2026-04-24T05:08:05.196+0000] {logging_mixin.py:188} INFO - [2026-04-24T05:08:05.196+0000] {dag.py:3823} INFO - Setting next_dagrun for example_subdag_operator.section-1 to None, run_after=None
[2026-04-24T05:08:05.198+0000] {logging_mixin.py:188} INFO - [2026-04-24T05:08:05.198+0000] {dag.py:3823} INFO - Setting next_dagrun for example_subdag_operator.section-2 to None, run_after=None
[2026-04-24T05:08:05.206+0000] {logging_mixin.py:188} INFO - [2026-04-24T05:08:05.206+0000] {dag.py:3036} INFO - Sync 2 DAGs
[2026-04-24T05:08:05.213+0000] {logging_mixin.py:188} INFO - [2026-04-24T05:08:05.213+0000] {dag.py:3823} INFO - Setting next_dagrun for example_subdag_operator.section-1 to None, run_after=None
[2026-04-24T05:08:05.213+0000] {logging_mixin.py:188} INFO - [2026-04-24T05:08:05.213+0000] {dag.py:3823} INFO - Setting next_dagrun for example_subdag_operator.section-2 to None, run_after=None
[2026-04-24T05:08:05.229+0000] {processor.py:183} INFO - Processing /home/airflow/.local/lib/python3.8/site-packages/airflow/example_dags/example_subdag_operator.py took 0.135 seconds
[2026-04-24T05:08:35.964+0000] {processor.py:161} INFO - Started process (PID=7958) to work on /home/airflow/.local/lib/python3.8/site-packages/airflow/example_dags/example_subdag_operator.py
[2026-04-24T05:08:35.966+0000] {processor.py:830} INFO - Processing file /home/airflow/.local/lib/python3.8/site-packages/airflow/example_dags/example_subdag_operator.py for tasks to queue
[2026-04-24T05:08:35.968+0000] {logging_mixin.py:188} INFO - [2026-04-24T05:08:35.967+0000] {dagbag.py:538} INFO - Filling up the DagBag from /home/airflow/.local/lib/python3.8/site-packages/airflow/example_dags/example_subdag_operator.py
[2026-04-24T05:08:36.004+0000] {processor.py:840} INFO - DAG(s) 'example_subdag_operator.section-1', 'example_subdag_operator.section-2', 'example_subdag_operator' retrieved from /home/airflow/.local/lib/python3.8/site-packages/airflow/example_dags/example_subdag_operator.py
[2026-04-24T05:08:36.024+0000] {logging_mixin.py:188} INFO - [2026-04-24T05:08:36.024+0000] {dag.py:3036} INFO - Sync 3 DAGs
[2026-04-24T05:08:36.054+0000] {logging_mixin.py:188} INFO - [2026-04-24T05:08:36.053+0000] {dag.py:3823} INFO - Setting next_dagrun for example_subdag_operator to 2022-01-01 00:00:00+00:00, run_after=2022-01-01 00:00:00+00:00
[2026-04-24T05:08:36.058+0000] {logging_mixin.py:188} INFO - [2026-04-24T05:08:36.058+0000] {dag.py:3823} INFO - Setting next_dagrun for example_subdag_operator.section-1 to None, run_after=None
[2026-04-24T05:08:36.060+0000] {logging_mixin.py:188} INFO - [2026-04-24T05:08:36.060+0000] {dag.py:3823} INFO - Setting next_dagrun for example_subdag_operator.section-2 to None, run_after=None
[2026-04-24T05:08:36.068+0000] {logging_mixin.py:188} INFO - [2026-04-24T05:08:36.068+0000] {dag.py:3036} INFO - Sync 2 DAGs
[2026-04-24T05:08:36.076+0000] {logging_mixin.py:188} INFO - [2026-04-24T05:08:36.075+0000] {dag.py:3823} INFO - Setting next_dagrun for example_subdag_operator.section-1 to None, run_after=None
[2026-04-24T05:08:36.076+0000] {logging_mixin.py:188} INFO - [2026-04-24T05:08:36.076+0000] {dag.py:3823} INFO - Setting next_dagrun for example_subdag_operator.section-2 to None, run_after=None
[2026-04-24T05:08:36.091+0000] {processor.py:183} INFO - Processing /home/airflow/.local/lib/python3.8/site-packages/airflow/example_dags/example_subdag_operator.py took 0.132 seconds
[2026-04-24T05:09:06.807+0000] {processor.py:161} INFO - Started process (PID=8013) to work on /home/airflow/.local/lib/python3.8/site-packages/airflow/example_dags/example_subdag_operator.py
[2026-04-24T05:09:06.808+0000] {processor.py:830} INFO - Processing file /home/airflow/.local/lib/python3.8/site-packages/airflow/example_dags/example_subdag_operator.py for tasks to queue
[2026-04-24T05:09:06.810+0000] {logging_mixin.py:188} INFO - [2026-04-24T05:09:06.810+0000] {dagbag.py:538} INFO - Filling up the DagBag from /home/airflow/.local/lib/python3.8/site-packages/airflow/example_dags/example_subdag_operator.py
[2026-04-24T05:09:06.844+0000] {processor.py:840} INFO - DAG(s) 'example_subdag_operator.section-1', 'example_subdag_operator.section-2', 'example_subdag_operator' retrieved from /home/airflow/.local/lib/python3.8/site-packages/airflow/example_dags/example_subdag_operator.py
[2026-04-24T05:09:06.864+0000] {logging_mixin.py:188} INFO - [2026-04-24T05:09:06.864+0000] {dag.py:3036} INFO - Sync 3 DAGs
[2026-04-24T05:09:06.893+0000] {logging_mixin.py:188} INFO - [2026-04-24T05:09:06.893+0000] {dag.py:3823} INFO - Setting next_dagrun for example_subdag_operator to 2022-01-01 00:00:00+00:00, run_after=2022-01-01 00:00:00+00:00
[2026-04-24T05:09:06.898+0000] {logging_mixin.py:188} INFO - [2026-04-24T05:09:06.898+0000] {dag.py:3823} INFO - Setting next_dagrun for example_subdag_operator.section-1 to None, run_after=None
[2026-04-24T05:09:06.899+0000] {logging_mixin.py:188} INFO - [2026-04-24T05:09:06.899+0000] {dag.py:3823} INFO - Setting next_dagrun for example_subdag_operator.section-2 to None, run_after=None
[2026-04-24T05:09:06.908+0000] {logging_mixin.py:188} INFO - [2026-04-24T05:09:06.907+0000] {dag.py:3036} INFO - Sync 2 DAGs
[2026-04-24T05:09:06.915+0000] {logging_mixin.py:188} INFO - [2026-04-24T05:09:06.915+0000] {dag.py:3823} INFO - Setting next_dagrun for example_subdag_operator.section-1 to None, run_after=None
[2026-04-24T05:09:06.915+0000] {logging_mixin.py:188} INFO - [2026-04-24T05:09:06.915+0000] {dag.py:3823} INFO - Setting next_dagrun for example_subdag_operator.section-2 to None, run_after=None
[2026-04-24T05:09:06.939+0000] {processor.py:183} INFO - Processing /home/airflow/.local/lib/python3.8/site-packages/airflow/example_dags/example_subdag_operator.py took 0.136 seconds
[2026-04-24T05:09:36.980+0000] {processor.py:161} INFO - Started process (PID=8067) to work on /home/airflow/.local/lib/python3.8/site-packages/airflow/example_dags/example_subdag_operator.py
[2026-04-24T05:09:36.982+0000] {processor.py:830} INFO - Processing file /home/airflow/.local/lib/python3.8/site-packages/airflow/example_dags/example_subdag_operator.py for tasks to queue
[2026-04-24T05:09:36.984+0000] {logging_mixin.py:188} INFO - [2026-04-24T05:09:36.984+0000] {dagbag.py:538} INFO - Filling up the DagBag from /home/airflow/.local/lib/python3.8/site-packages/airflow/example_dags/example_subdag_operator.py
[2026-04-24T05:09:37.016+0000] {processor.py:840} INFO - DAG(s) 'example_subdag_operator.section-1', 'example_subdag_operator.section-2', 'example_subdag_operator' retrieved from /home/airflow/.local/lib/python3.8/site-packages/airflow/example_dags/example_subdag_operator.py
[2026-04-24T05:09:37.036+0000] {logging_mixin.py:188} INFO - [2026-04-24T05:09:37.036+0000] {dag.py:3036} INFO - Sync 3 DAGs
[2026-04-24T05:09:37.064+0000] {logging_mixin.py:188} INFO - [2026-04-24T05:09:37.064+0000] {dag.py:3823} INFO - Setting next_dagrun for example_subdag_operator to 2022-01-01 00:00:00+00:00, run_after=2022-01-01 00:00:00+00:00
[2026-04-24T05:09:37.069+0000] {logging_mixin.py:188} INFO - [2026-04-24T05:09:37.068+0000] {dag.py:3823} INFO - Setting next_dagrun for example_subdag_operator.section-1 to None, run_after=None
[2026-04-24T05:09:37.070+0000] {logging_mixin.py:188} INFO - [2026-04-24T05:09:37.070+0000] {dag.py:3823} INFO - Setting next_dagrun for example_subdag_operator.section-2 to None, run_after=None
[2026-04-24T05:09:37.079+0000] {logging_mixin.py:188} INFO - [2026-04-24T05:09:37.079+0000] {dag.py:3036} INFO - Sync 2 DAGs
[2026-04-24T05:09:37.085+0000] {logging_mixin.py:188} INFO - [2026-04-24T05:09:37.085+0000] {dag.py:3823} INFO - Setting next_dagrun for example_subdag_operator.section-1 to None, run_after=None
[2026-04-24T05:09:37.086+0000] {logging_mixin.py:188} INFO - [2026-04-24T05:09:37.086+0000] {dag.py:3823} INFO - Setting next_dagrun for example_subdag_operator.section-2 to None, run_after=None
[2026-04-24T05:09:37.100+0000] {processor.py:183} INFO - Processing /home/airflow/.local/lib/python3.8/site-packages/airflow/example_dags/example_subdag_operator.py took 0.123 seconds
[2026-04-24T05:10:07.514+0000] {processor.py:161} INFO - Started process (PID=8123) to work on /home/airflow/.local/lib/python3.8/site-packages/airflow/example_dags/example_subdag_operator.py
[2026-04-24T05:10:07.515+0000] {processor.py:830} INFO - Processing file /home/airflow/.local/lib/python3.8/site-packages/airflow/example_dags/example_subdag_operator.py for tasks to queue
[2026-04-24T05:10:07.518+0000] {logging_mixin.py:188} INFO - [2026-04-24T05:10:07.518+0000] {dagbag.py:538} INFO - Filling up the DagBag from /home/airflow/.local/lib/python3.8/site-packages/airflow/example_dags/example_subdag_operator.py
[2026-04-24T05:10:07.553+0000] {processor.py:840} INFO - DAG(s) 'example_subdag_operator.section-1', 'example_subdag_operator.section-2', 'example_subdag_operator' retrieved from /home/airflow/.local/lib/python3.8/site-packages/airflow/example_dags/example_subdag_operator.py
[2026-04-24T05:10:07.574+0000] {logging_mixin.py:188} INFO - [2026-04-24T05:10:07.573+0000] {dag.py:3036} INFO - Sync 3 DAGs
[2026-04-24T05:10:07.607+0000] {logging_mixin.py:188} INFO - [2026-04-24T05:10:07.607+0000] {dag.py:3823} INFO - Setting next_dagrun for example_subdag_operator to 2022-01-01 00:00:00+00:00, run_after=2022-01-01 00:00:00+00:00
[2026-04-24T05:10:07.612+0000] {logging_mixin.py:188} INFO - [2026-04-24T05:10:07.612+0000] {dag.py:3823} INFO - Setting next_dagrun for example_subdag_operator.section-1 to None, run_after=None
[2026-04-24T05:10:07.614+0000] {logging_mixin.py:188} INFO - [2026-04-24T05:10:07.614+0000] {dag.py:3823} INFO - Setting next_dagrun for example_subdag_operator.section-2 to None, run_after=None
[2026-04-24T05:10:07.625+0000] {logging_mixin.py:188} INFO - [2026-04-24T05:10:07.624+0000] {dag.py:3036} INFO - Sync 2 DAGs
[2026-04-24T05:10:07.632+0000] {logging_mixin.py:188} INFO - [2026-04-24T05:10:07.632+0000] {dag.py:3823} INFO - Setting next_dagrun for example_subdag_operator.section-1 to None, run_after=None
[2026-04-24T05:10:07.633+0000] {logging_mixin.py:188} INFO - [2026-04-24T05:10:07.633+0000] {dag.py:3823} INFO - Setting next_dagrun for example_subdag_operator.section-2 to None, run_after=None
[2026-04-24T05:10:07.653+0000] {processor.py:183} INFO - Processing /home/airflow/.local/lib/python3.8/site-packages/airflow/example_dags/example_subdag_operator.py took 0.144 seconds
[2026-04-24T05:10:38.685+0000] {processor.py:161} INFO - Started process (PID=8184) to work on /home/airflow/.local/lib/python3.8/site-packages/airflow/example_dags/example_subdag_operator.py
[2026-04-24T05:10:38.686+0000] {processor.py:830} INFO - Processing file /home/airflow/.local/lib/python3.8/site-packages/airflow/example_dags/example_subdag_operator.py for tasks to queue
[2026-04-24T05:10:38.688+0000] {logging_mixin.py:188} INFO - [2026-04-24T05:10:38.688+0000] {dagbag.py:538} INFO - Filling up the DagBag from /home/airflow/.local/lib/python3.8/site-packages/airflow/example_dags/example_subdag_operator.py
[2026-04-24T05:10:38.727+0000] {processor.py:840} INFO - DAG(s) 'example_subdag_operator.section-1', 'example_subdag_operator.section-2', 'example_subdag_operator' retrieved from /home/airflow/.local/lib/python3.8/site-packages/airflow/example_dags/example_subdag_operator.py
[2026-04-24T05:10:38.751+0000] {logging_mixin.py:188} INFO - [2026-04-24T05:10:38.750+0000] {dag.py:3036} INFO - Sync 3 DAGs
[2026-04-24T05:10:38.784+0000] {logging_mixin.py:188} INFO - [2026-04-24T05:10:38.783+0000] {dag.py:3823} INFO - Setting next_dagrun for example_subdag_operator to 2022-01-01 00:00:00+00:00, run_after=2022-01-01 00:00:00+00:00
[2026-04-24T05:10:38.789+0000] {logging_mixin.py:188} INFO - [2026-04-24T05:10:38.788+0000] {dag.py:3823} INFO - Setting next_dagrun for example_subdag_operator.section-1 to None, run_after=None
[2026-04-24T05:10:38.790+0000] {logging_mixin.py:188} INFO - [2026-04-24T05:10:38.790+0000] {dag.py:3823} INFO - Setting next_dagrun for example_subdag_operator.section-2 to None, run_after=None
[2026-04-24T05:10:38.799+0000] {logging_mixin.py:188} INFO - [2026-04-24T05:10:38.798+0000] {dag.py:3036} INFO - Sync 2 DAGs
[2026-04-24T05:10:38.808+0000] {logging_mixin.py:188} INFO - [2026-04-24T05:10:38.807+0000] {dag.py:3823} INFO - Setting next_dagrun for example_subdag_operator.section-1 to None, run_after=None
[2026-04-24T05:10:38.808+0000] {logging_mixin.py:188} INFO - [2026-04-24T05:10:38.808+0000] {dag.py:3823} INFO - Setting next_dagrun for example_subdag_operator.section-2 to None, run_after=None
[2026-04-24T05:10:38.823+0000] {processor.py:183} INFO - Processing /home/airflow/.local/lib/python3.8/site-packages/airflow/example_dags/example_subdag_operator.py took 0.143 seconds
[2026-04-24T05:11:08.999+0000] {processor.py:161} INFO - Started process (PID=8239) to work on /home/airflow/.local/lib/python3.8/site-packages/airflow/example_dags/example_subdag_operator.py
[2026-04-24T05:11:09.001+0000] {processor.py:830} INFO - Processing file /home/airflow/.local/lib/python3.8/site-packages/airflow/example_dags/example_subdag_operator.py for tasks to queue
[2026-04-24T05:11:09.003+0000] {logging_mixin.py:188} INFO - [2026-04-24T05:11:09.003+0000] {dagbag.py:538} INFO - Filling up the DagBag from /home/airflow/.local/lib/python3.8/site-packages/airflow/example_dags/example_subdag_operator.py
[2026-04-24T05:11:09.037+0000] {processor.py:840} INFO - DAG(s) 'example_subdag_operator.section-1', 'example_subdag_operator.section-2', 'example_subdag_operator' retrieved from /home/airflow/.local/lib/python3.8/site-packages/airflow/example_dags/example_subdag_operator.py
[2026-04-24T05:11:09.057+0000] {logging_mixin.py:188} INFO - [2026-04-24T05:11:09.057+0000] {dag.py:3036} INFO - Sync 3 DAGs
[2026-04-24T05:11:09.087+0000] {logging_mixin.py:188} INFO - [2026-04-24T05:11:09.087+0000] {dag.py:3823} INFO - Setting next_dagrun for example_subdag_operator to 2022-01-01 00:00:00+00:00, run_after=2022-01-01 00:00:00+00:00
[2026-04-24T05:11:09.091+0000] {logging_mixin.py:188} INFO - [2026-04-24T05:11:09.091+0000] {dag.py:3823} INFO - Setting next_dagrun for example_subdag_operator.section-1 to None, run_after=None
[2026-04-24T05:11:09.093+0000] {logging_mixin.py:188} INFO - [2026-04-24T05:11:09.093+0000] {dag.py:3823} INFO - Setting next_dagrun for example_subdag_operator.section-2 to None, run_after=None
[2026-04-24T05:11:09.102+0000] {logging_mixin.py:188} INFO - [2026-04-24T05:11:09.102+0000] {dag.py:3036} INFO - Sync 2 DAGs
[2026-04-24T05:11:09.110+0000] {logging_mixin.py:188} INFO - [2026-04-24T05:11:09.110+0000] {dag.py:3823} INFO - Setting next_dagrun for example_subdag_operator.section-1 to None, run_after=None
[2026-04-24T05:11:09.111+0000] {logging_mixin.py:188} INFO - [2026-04-24T05:11:09.111+0000] {dag.py:3823} INFO - Setting next_dagrun for example_subdag_operator.section-2 to None, run_after=None
[2026-04-24T05:11:09.126+0000] {processor.py:183} INFO - Processing /home/airflow/.local/lib/python3.8/site-packages/airflow/example_dags/example_subdag_operator.py took 0.132 seconds
[2026-04-24T05:11:40.114+0000] {processor.py:161} INFO - Started process (PID=8294) to work on /home/airflow/.local/lib/python3.8/site-packages/airflow/example_dags/example_subdag_operator.py
[2026-04-24T05:11:40.115+0000] {processor.py:830} INFO - Processing file /home/airflow/.local/lib/python3.8/site-packages/airflow/example_dags/example_subdag_operator.py for tasks to queue
[2026-04-24T05:11:40.117+0000] {logging_mixin.py:188} INFO - [2026-04-24T05:11:40.117+0000] {dagbag.py:538} INFO - Filling up the DagBag from /home/airflow/.local/lib/python3.8/site-packages/airflow/example_dags/example_subdag_operator.py
[2026-04-24T05:11:40.150+0000] {processor.py:840} INFO - DAG(s) 'example_subdag_operator.section-1', 'example_subdag_operator.section-2', 'example_subdag_operator' retrieved from /home/airflow/.local/lib/python3.8/site-packages/airflow/example_dags/example_subdag_operator.py
[2026-04-24T05:11:40.171+0000] {logging_mixin.py:188} INFO - [2026-04-24T05:11:40.170+0000] {dag.py:3036} INFO - Sync 3 DAGs
[2026-04-24T05:11:40.200+0000] {logging_mixin.py:188} INFO - [2026-04-24T05:11:40.200+0000] {dag.py:3823} INFO - Setting next_dagrun for example_subdag_operator to 2022-01-01 00:00:00+00:00, run_after=2022-01-01 00:00:00+00:00
[2026-04-24T05:11:40.205+0000] {logging_mixin.py:188} INFO - [2026-04-24T05:11:40.204+0000] {dag.py:3823} INFO - Setting next_dagrun for example_subdag_operator.section-1 to None, run_after=None
[2026-04-24T05:11:40.206+0000] {logging_mixin.py:188} INFO - [2026-04-24T05:11:40.206+0000] {dag.py:3823} INFO - Setting next_dagrun for example_subdag_operator.section-2 to None, run_after=None
[2026-04-24T05:11:40.215+0000] {logging_mixin.py:188} INFO - [2026-04-24T05:11:40.215+0000] {dag.py:3036} INFO - Sync 2 DAGs
[2026-04-24T05:11:40.222+0000] {logging_mixin.py:188} INFO - [2026-04-24T05:11:40.222+0000] {dag.py:3823} INFO - Setting next_dagrun for example_subdag_operator.section-1 to None, run_after=None
[2026-04-24T05:11:40.223+0000] {logging_mixin.py:188} INFO - [2026-04-24T05:11:40.222+0000] {dag.py:3823} INFO - Setting next_dagrun for example_subdag_operator.section-2 to None, run_after=None
[2026-04-24T05:11:40.247+0000] {processor.py:183} INFO - Processing /home/airflow/.local/lib/python3.8/site-packages/airflow/example_dags/example_subdag_operator.py took 0.138 seconds
[2026-04-24T05:12:10.348+0000] {processor.py:161} INFO - Started process (PID=8349) to work on /home/airflow/.local/lib/python3.8/site-packages/airflow/example_dags/example_subdag_operator.py
[2026-04-24T05:12:10.350+0000] {processor.py:830} INFO - Processing file /home/airflow/.local/lib/python3.8/site-packages/airflow/example_dags/example_subdag_operator.py for tasks to queue
[2026-04-24T05:12:10.352+0000] {logging_mixin.py:188} INFO - [2026-04-24T05:12:10.352+0000] {dagbag.py:538} INFO - Filling up the DagBag from /home/airflow/.local/lib/python3.8/site-packages/airflow/example_dags/example_subdag_operator.py
[2026-04-24T05:12:10.388+0000] {processor.py:840} INFO - DAG(s) 'example_subdag_operator.section-1', 'example_subdag_operator.section-2', 'example_subdag_operator' retrieved from /home/airflow/.local/lib/python3.8/site-packages/airflow/example_dags/example_subdag_operator.py
[2026-04-24T05:12:10.409+0000] {logging_mixin.py:188} INFO - [2026-04-24T05:12:10.408+0000] {dag.py:3036} INFO - Sync 3 DAGs
[2026-04-24T05:12:10.440+0000] {logging_mixin.py:188} INFO - [2026-04-24T05:12:10.439+0000] {dag.py:3823} INFO - Setting next_dagrun for example_subdag_operator to 2022-01-01 00:00:00+00:00, run_after=2022-01-01 00:00:00+00:00
[2026-04-24T05:12:10.444+0000] {logging_mixin.py:188} INFO - [2026-04-24T05:12:10.444+0000] {dag.py:3823} INFO - Setting next_dagrun for example_subdag_operator.section-1 to None, run_after=None
[2026-04-24T05:12:10.446+0000] {logging_mixin.py:188} INFO - [2026-04-24T05:12:10.445+0000] {dag.py:3823} INFO - Setting next_dagrun for example_subdag_operator.section-2 to None, run_after=None
[2026-04-24T05:12:10.456+0000] {logging_mixin.py:188} INFO - [2026-04-24T05:12:10.456+0000] {dag.py:3036} INFO - Sync 2 DAGs
[2026-04-24T05:12:10.466+0000] {logging_mixin.py:188} INFO - [2026-04-24T05:12:10.465+0000] {dag.py:3823} INFO - Setting next_dagrun for example_subdag_operator.section-1 to None, run_after=None
[2026-04-24T05:12:10.466+0000] {logging_mixin.py:188} INFO - [2026-04-24T05:12:10.466+0000] {dag.py:3823} INFO - Setting next_dagrun for example_subdag_operator.section-2 to None, run_after=None
[2026-04-24T05:12:10.482+0000] {processor.py:183} INFO - Processing /home/airflow/.local/lib/python3.8/site-packages/airflow/example_dags/example_subdag_operator.py took 0.139 seconds
[2026-04-24T05:12:40.552+0000] {processor.py:161} INFO - Started process (PID=8404) to work on /home/airflow/.local/lib/python3.8/site-packages/airflow/example_dags/example_subdag_operator.py
[2026-04-24T05:12:40.553+0000] {processor.py:830} INFO - Processing file /home/airflow/.local/lib/python3.8/site-packages/airflow/example_dags/example_subdag_operator.py for tasks to queue
[2026-04-24T05:12:40.556+0000] {logging_mixin.py:188} INFO - [2026-04-24T05:12:40.556+0000] {dagbag.py:538} INFO - Filling up the DagBag from /home/airflow/.local/lib/python3.8/site-packages/airflow/example_dags/example_subdag_operator.py
[2026-04-24T05:12:40.590+0000] {processor.py:840} INFO - DAG(s) 'example_subdag_operator.section-1', 'example_subdag_operator.section-2', 'example_subdag_operator' retrieved from /home/airflow/.local/lib/python3.8/site-packages/airflow/example_dags/example_subdag_operator.py
[2026-04-24T05:12:40.611+0000] {logging_mixin.py:188} INFO - [2026-04-24T05:12:40.610+0000] {dag.py:3036} INFO - Sync 3 DAGs
[2026-04-24T05:12:40.640+0000] {logging_mixin.py:188} INFO - [2026-04-24T05:12:40.640+0000] {dag.py:3823} INFO - Setting next_dagrun for example_subdag_operator to 2022-01-01 00:00:00+00:00, run_after=2022-01-01 00:00:00+00:00
[2026-04-24T05:12:40.645+0000] {logging_mixin.py:188} INFO - [2026-04-24T05:12:40.645+0000] {dag.py:3823} INFO - Setting next_dagrun for example_subdag_operator.section-1 to None, run_after=None
[2026-04-24T05:12:40.647+0000] {logging_mixin.py:188} INFO - [2026-04-24T05:12:40.646+0000] {dag.py:3823} INFO - Setting next_dagrun for example_subdag_operator.section-2 to None, run_after=None
[2026-04-24T05:12:40.655+0000] {logging_mixin.py:188} INFO - [2026-04-24T05:12:40.655+0000] {dag.py:3036} INFO - Sync 2 DAGs
[2026-04-24T05:12:40.662+0000] {logging_mixin.py:188} INFO - [2026-04-24T05:12:40.662+0000] {dag.py:3823} INFO - Setting next_dagrun for example_subdag_operator.section-1 to None, run_after=None
[2026-04-24T05:12:40.663+0000] {logging_mixin.py:188} INFO - [2026-04-24T05:12:40.662+0000] {dag.py:3823} INFO - Setting next_dagrun for example_subdag_operator.section-2 to None, run_after=None
[2026-04-24T05:12:40.687+0000] {processor.py:183} INFO - Processing /home/airflow/.local/lib/python3.8/site-packages/airflow/example_dags/example_subdag_operator.py took 0.140 seconds
[2026-04-24T05:13:11.276+0000] {processor.py:161} INFO - Started process (PID=8459) to work on /home/airflow/.local/lib/python3.8/site-packages/airflow/example_dags/example_subdag_operator.py
[2026-04-24T05:13:11.277+0000] {processor.py:830} INFO - Processing file /home/airflow/.local/lib/python3.8/site-packages/airflow/example_dags/example_subdag_operator.py for tasks to queue
[2026-04-24T05:13:11.279+0000] {logging_mixin.py:188} INFO - [2026-04-24T05:13:11.279+0000] {dagbag.py:538} INFO - Filling up the DagBag from /home/airflow/.local/lib/python3.8/site-packages/airflow/example_dags/example_subdag_operator.py
[2026-04-24T05:13:11.313+0000] {processor.py:840} INFO - DAG(s) 'example_subdag_operator.section-1', 'example_subdag_operator.section-2', 'example_subdag_operator' retrieved from /home/airflow/.local/lib/python3.8/site-packages/airflow/example_dags/example_subdag_operator.py
[2026-04-24T05:13:11.335+0000] {logging_mixin.py:188} INFO - [2026-04-24T05:13:11.335+0000] {dag.py:3036} INFO - Sync 3 DAGs
[2026-04-24T05:13:11.365+0000] {logging_mixin.py:188} INFO - [2026-04-24T05:13:11.364+0000] {dag.py:3823} INFO - Setting next_dagrun for example_subdag_operator to 2022-01-01 00:00:00+00:00, run_after=2022-01-01 00:00:00+00:00
[2026-04-24T05:13:11.369+0000] {logging_mixin.py:188} INFO - [2026-04-24T05:13:11.369+0000] {dag.py:3823} INFO - Setting next_dagrun for example_subdag_operator.section-1 to None, run_after=None
[2026-04-24T05:13:11.371+0000] {logging_mixin.py:188} INFO - [2026-04-24T05:13:11.371+0000] {dag.py:3823} INFO - Setting next_dagrun for example_subdag_operator.section-2 to None, run_after=None
[2026-04-24T05:13:11.379+0000] {logging_mixin.py:188} INFO - [2026-04-24T05:13:11.379+0000] {dag.py:3036} INFO - Sync 2 DAGs
[2026-04-24T05:13:11.386+0000] {logging_mixin.py:188} INFO - [2026-04-24T05:13:11.386+0000] {dag.py:3823} INFO - Setting next_dagrun for example_subdag_operator.section-1 to None, run_after=None
[2026-04-24T05:13:11.387+0000] {logging_mixin.py:188} INFO - [2026-04-24T05:13:11.387+0000] {dag.py:3823} INFO - Setting next_dagrun for example_subdag_operator.section-2 to None, run_after=None
[2026-04-24T05:13:11.404+0000] {processor.py:183} INFO - Processing /home/airflow/.local/lib/python3.8/site-packages/airflow/example_dags/example_subdag_operator.py took 0.133 seconds
[2026-04-24T05:13:41.796+0000] {processor.py:161} INFO - Started process (PID=8514) to work on /home/airflow/.local/lib/python3.8/site-packages/airflow/example_dags/example_subdag_operator.py
[2026-04-24T05:13:41.797+0000] {processor.py:830} INFO - Processing file /home/airflow/.local/lib/python3.8/site-packages/airflow/example_dags/example_subdag_operator.py for tasks to queue
[2026-04-24T05:13:41.799+0000] {logging_mixin.py:188} INFO - [2026-04-24T05:13:41.799+0000] {dagbag.py:538} INFO - Filling up the DagBag from /home/airflow/.local/lib/python3.8/site-packages/airflow/example_dags/example_subdag_operator.py
[2026-04-24T05:13:41.833+0000] {processor.py:840} INFO - DAG(s) 'example_subdag_operator.section-1', 'example_subdag_operator.section-2', 'example_subdag_operator' retrieved from /home/airflow/.local/lib/python3.8/site-packages/airflow/example_dags/example_subdag_operator.py
[2026-04-24T05:13:41.854+0000] {logging_mixin.py:188} INFO - [2026-04-24T05:13:41.853+0000] {dag.py:3036} INFO - Sync 3 DAGs
[2026-04-24T05:13:41.885+0000] {logging_mixin.py:188} INFO - [2026-04-24T05:13:41.885+0000] {dag.py:3823} INFO - Setting next_dagrun for example_subdag_operator to 2022-01-01 00:00:00+00:00, run_after=2022-01-01 00:00:00+00:00
[2026-04-24T05:13:41.890+0000] {logging_mixin.py:188} INFO - [2026-04-24T05:13:41.890+0000] {dag.py:3823} INFO - Setting next_dagrun for example_subdag_operator.section-1 to None, run_after=None
[2026-04-24T05:13:41.892+0000] {logging_mixin.py:188} INFO - [2026-04-24T05:13:41.892+0000] {dag.py:3823} INFO - Setting next_dagrun for example_subdag_operator.section-2 to None, run_after=None
[2026-04-24T05:13:41.900+0000] {logging_mixin.py:188} INFO - [2026-04-24T05:13:41.900+0000] {dag.py:3036} INFO - Sync 2 DAGs
[2026-04-24T05:13:41.907+0000] {logging_mixin.py:188} INFO - [2026-04-24T05:13:41.907+0000] {dag.py:3823} INFO - Setting next_dagrun for example_subdag_operator.section-1 to None, run_after=None
[2026-04-24T05:13:41.908+0000] {logging_mixin.py:188} INFO - [2026-04-24T05:13:41.908+0000] {dag.py:3823} INFO - Setting next_dagrun for example_subdag_operator.section-2 to None, run_after=None
[2026-04-24T05:13:41.931+0000] {processor.py:183} INFO - Processing /home/airflow/.local/lib/python3.8/site-packages/airflow/example_dags/example_subdag_operator.py took 0.140 seconds
[2026-04-24T05:14:12.058+0000] {processor.py:161} INFO - Started process (PID=8569) to work on /home/airflow/.local/lib/python3.8/site-packages/airflow/example_dags/example_subdag_operator.py
[2026-04-24T05:14:12.059+0000] {processor.py:830} INFO - Processing file /home/airflow/.local/lib/python3.8/site-packages/airflow/example_dags/example_subdag_operator.py for tasks to queue
[2026-04-24T05:14:12.062+0000] {logging_mixin.py:188} INFO - [2026-04-24T05:14:12.062+0000] {dagbag.py:538} INFO - Filling up the DagBag from /home/airflow/.local/lib/python3.8/site-packages/airflow/example_dags/example_subdag_operator.py
[2026-04-24T05:14:12.100+0000] {processor.py:840} INFO - DAG(s) 'example_subdag_operator.section-1', 'example_subdag_operator.section-2', 'example_subdag_operator' retrieved from /home/airflow/.local/lib/python3.8/site-packages/airflow/example_dags/example_subdag_operator.py
[2026-04-24T05:14:12.122+0000] {logging_mixin.py:188} INFO - [2026-04-24T05:14:12.121+0000] {dag.py:3036} INFO - Sync 3 DAGs
[2026-04-24T05:14:12.380+0000] {logging_mixin.py:188} INFO - [2026-04-24T05:14:12.380+0000] {dag.py:3823} INFO - Setting next_dagrun for example_subdag_operator to 2022-01-01 00:00:00+00:00, run_after=2022-01-01 00:00:00+00:00
[2026-04-24T05:14:12.385+0000] {logging_mixin.py:188} INFO - [2026-04-24T05:14:12.385+0000] {dag.py:3823} INFO - Setting next_dagrun for example_subdag_operator.section-1 to None, run_after=None
[2026-04-24T05:14:12.387+0000] {logging_mixin.py:188} INFO - [2026-04-24T05:14:12.386+0000] {dag.py:3823} INFO - Setting next_dagrun for example_subdag_operator.section-2 to None, run_after=None
[2026-04-24T05:14:12.395+0000] {logging_mixin.py:188} INFO - [2026-04-24T05:14:12.395+0000] {dag.py:3036} INFO - Sync 2 DAGs
[2026-04-24T05:14:12.402+0000] {logging_mixin.py:188} INFO - [2026-04-24T05:14:12.402+0000] {dag.py:3823} INFO - Setting next_dagrun for example_subdag_operator.section-1 to None, run_after=None
[2026-04-24T05:14:12.403+0000] {logging_mixin.py:188} INFO - [2026-04-24T05:14:12.403+0000] {dag.py:3823} INFO - Setting next_dagrun for example_subdag_operator.section-2 to None, run_after=None
[2026-04-24T05:14:12.417+0000] {processor.py:183} INFO - Processing /home/airflow/.local/lib/python3.8/site-packages/airflow/example_dags/example_subdag_operator.py took 0.364 seconds
[2026-04-24T05:14:42.857+0000] {processor.py:161} INFO - Started process (PID=8624) to work on /home/airflow/.local/lib/python3.8/site-packages/airflow/example_dags/example_subdag_operator.py
[2026-04-24T05:14:42.858+0000] {processor.py:830} INFO - Processing file /home/airflow/.local/lib/python3.8/site-packages/airflow/example_dags/example_subdag_operator.py for tasks to queue
[2026-04-24T05:14:42.860+0000] {logging_mixin.py:188} INFO - [2026-04-24T05:14:42.860+0000] {dagbag.py:538} INFO - Filling up the DagBag from /home/airflow/.local/lib/python3.8/site-packages/airflow/example_dags/example_subdag_operator.py
[2026-04-24T05:14:42.896+0000] {processor.py:840} INFO - DAG(s) 'example_subdag_operator.section-1', 'example_subdag_operator.section-2', 'example_subdag_operator' retrieved from /home/airflow/.local/lib/python3.8/site-packages/airflow/example_dags/example_subdag_operator.py
[2026-04-24T05:14:42.916+0000] {logging_mixin.py:188} INFO - [2026-04-24T05:14:42.916+0000] {dag.py:3036} INFO - Sync 3 DAGs
[2026-04-24T05:14:42.947+0000] {logging_mixin.py:188} INFO - [2026-04-24T05:14:42.947+0000] {dag.py:3823} INFO - Setting next_dagrun for example_subdag_operator to 2022-01-01 00:00:00+00:00, run_after=2022-01-01 00:00:00+00:00
[2026-04-24T05:14:42.953+0000] {logging_mixin.py:188} INFO - [2026-04-24T05:14:42.953+0000] {dag.py:3823} INFO - Setting next_dagrun for example_subdag_operator.section-1 to None, run_after=None
[2026-04-24T05:14:42.955+0000] {logging_mixin.py:188} INFO - [2026-04-24T05:14:42.955+0000] {dag.py:3823} INFO - Setting next_dagrun for example_subdag_operator.section-2 to None, run_after=None
[2026-04-24T05:14:42.964+0000] {logging_mixin.py:188} INFO - [2026-04-24T05:14:42.963+0000] {dag.py:3036} INFO - Sync 2 DAGs
[2026-04-24T05:14:43.199+0000] {logging_mixin.py:188} INFO - [2026-04-24T05:14:43.198+0000] {dag.py:3823} INFO - Setting next_dagrun for example_subdag_operator.section-1 to None, run_after=None
[2026-04-24T05:14:43.199+0000] {logging_mixin.py:188} INFO - [2026-04-24T05:14:43.199+0000] {dag.py:3823} INFO - Setting next_dagrun for example_subdag_operator.section-2 to None, run_after=None
[2026-04-24T05:14:43.214+0000] {processor.py:183} INFO - Processing /home/airflow/.local/lib/python3.8/site-packages/airflow/example_dags/example_subdag_operator.py took 0.362 seconds
[2026-04-24T05:15:13.802+0000] {processor.py:161} INFO - Started process (PID=8679) to work on /home/airflow/.local/lib/python3.8/site-packages/airflow/example_dags/example_subdag_operator.py
[2026-04-24T05:15:13.805+0000] {processor.py:830} INFO - Processing file /home/airflow/.local/lib/python3.8/site-packages/airflow/example_dags/example_subdag_operator.py for tasks to queue
[2026-04-24T05:15:13.806+0000] {logging_mixin.py:188} INFO - [2026-04-24T05:15:13.806+0000] {dagbag.py:538} INFO - Filling up the DagBag from /home/airflow/.local/lib/python3.8/site-packages/airflow/example_dags/example_subdag_operator.py
[2026-04-24T05:15:13.825+0000] {processor.py:840} INFO - DAG(s) 'example_subdag_operator.section-1', 'example_subdag_operator.section-2', 'example_subdag_operator' retrieved from /home/airflow/.local/lib/python3.8/site-packages/airflow/example_dags/example_subdag_operator.py
[2026-04-24T05:15:13.835+0000] {logging_mixin.py:188} INFO - [2026-04-24T05:15:13.835+0000] {dag.py:3036} INFO - Sync 3 DAGs
[2026-04-24T05:15:13.850+0000] {logging_mixin.py:188} INFO - [2026-04-24T05:15:13.850+0000] {dag.py:3823} INFO - Setting next_dagrun for example_subdag_operator to 2022-01-01 00:00:00+00:00, run_after=2022-01-01 00:00:00+00:00
[2026-04-24T05:15:13.852+0000] {logging_mixin.py:188} INFO - [2026-04-24T05:15:13.852+0000] {dag.py:3823} INFO - Setting next_dagrun for example_subdag_operator.section-1 to None, run_after=None
[2026-04-24T05:15:13.853+0000] {logging_mixin.py:188} INFO - [2026-04-24T05:15:13.853+0000] {dag.py:3823} INFO - Setting next_dagrun for example_subdag_operator.section-2 to None, run_after=None
[2026-04-24T05:15:13.857+0000] {logging_mixin.py:188} INFO - [2026-04-24T05:15:13.857+0000] {dag.py:3036} INFO - Sync 2 DAGs
[2026-04-24T05:15:13.860+0000] {logging_mixin.py:188} INFO - [2026-04-24T05:15:13.860+0000] {dag.py:3823} INFO - Setting next_dagrun for example_subdag_operator.section-1 to None, run_after=None
[2026-04-24T05:15:13.861+0000] {logging_mixin.py:188} INFO - [2026-04-24T05:15:13.860+0000] {dag.py:3823} INFO - Setting next_dagrun for example_subdag_operator.section-2 to None, run_after=None
[2026-04-24T05:15:13.868+0000] {processor.py:183} INFO - Processing /home/airflow/.local/lib/python3.8/site-packages/airflow/example_dags/example_subdag_operator.py took 0.068 seconds
[2026-04-24T05:15:44.391+0000] {processor.py:161} INFO - Started process (PID=8734) to work on /home/airflow/.local/lib/python3.8/site-packages/airflow/example_dags/example_subdag_operator.py
[2026-04-24T05:15:44.392+0000] {processor.py:830} INFO - Processing file /home/airflow/.local/lib/python3.8/site-packages/airflow/example_dags/example_subdag_operator.py for tasks to queue
[2026-04-24T05:15:44.395+0000] {logging_mixin.py:188} INFO - [2026-04-24T05:15:44.394+0000] {dagbag.py:538} INFO - Filling up the DagBag from /home/airflow/.local/lib/python3.8/site-packages/airflow/example_dags/example_subdag_operator.py
[2026-04-24T05:15:44.430+0000] {processor.py:840} INFO - DAG(s) 'example_subdag_operator.section-1', 'example_subdag_operator.section-2', 'example_subdag_operator' retrieved from /home/airflow/.local/lib/python3.8/site-packages/airflow/example_dags/example_subdag_operator.py
[2026-04-24T05:15:44.450+0000] {logging_mixin.py:188} INFO - [2026-04-24T05:15:44.449+0000] {dag.py:3036} INFO - Sync 3 DAGs
[2026-04-24T05:15:44.478+0000] {logging_mixin.py:188} INFO - [2026-04-24T05:15:44.477+0000] {dag.py:3823} INFO - Setting next_dagrun for example_subdag_operator to 2022-01-01 00:00:00+00:00, run_after=2022-01-01 00:00:00+00:00
[2026-04-24T05:15:44.482+0000] {logging_mixin.py:188} INFO - [2026-04-24T05:15:44.482+0000] {dag.py:3823} INFO - Setting next_dagrun for example_subdag_operator.section-1 to None, run_after=None
[2026-04-24T05:15:44.483+0000] {logging_mixin.py:188} INFO - [2026-04-24T05:15:44.483+0000] {dag.py:3823} INFO - Setting next_dagrun for example_subdag_operator.section-2 to None, run_after=None
[2026-04-24T05:15:44.492+0000] {logging_mixin.py:188} INFO - [2026-04-24T05:15:44.492+0000] {dag.py:3036} INFO - Sync 2 DAGs
[2026-04-24T05:15:44.499+0000] {logging_mixin.py:188} INFO - [2026-04-24T05:15:44.499+0000] {dag.py:3823} INFO - Setting next_dagrun for example_subdag_operator.section-1 to None, run_after=None
[2026-04-24T05:15:44.500+0000] {logging_mixin.py:188} INFO - [2026-04-24T05:15:44.499+0000] {dag.py:3823} INFO - Setting next_dagrun for example_subdag_operator.section-2 to None, run_after=None
[2026-04-24T05:15:44.512+0000] {processor.py:183} INFO - Processing /home/airflow/.local/lib/python3.8/site-packages/airflow/example_dags/example_subdag_operator.py took 0.126 seconds
[2026-04-24T05:16:15.159+0000] {processor.py:161} INFO - Started process (PID=8789) to work on /home/airflow/.local/lib/python3.8/site-packages/airflow/example_dags/example_subdag_operator.py
[2026-04-24T05:16:15.160+0000] {processor.py:830} INFO - Processing file /home/airflow/.local/lib/python3.8/site-packages/airflow/example_dags/example_subdag_operator.py for tasks to queue
[2026-04-24T05:16:15.163+0000] {logging_mixin.py:188} INFO - [2026-04-24T05:16:15.162+0000] {dagbag.py:538} INFO - Filling up the DagBag from /home/airflow/.local/lib/python3.8/site-packages/airflow/example_dags/example_subdag_operator.py
[2026-04-24T05:16:15.194+0000] {processor.py:840} INFO - DAG(s) 'example_subdag_operator.section-1', 'example_subdag_operator.section-2', 'example_subdag_operator' retrieved from /home/airflow/.local/lib/python3.8/site-packages/airflow/example_dags/example_subdag_operator.py
[2026-04-24T05:16:15.214+0000] {logging_mixin.py:188} INFO - [2026-04-24T05:16:15.213+0000] {dag.py:3036} INFO - Sync 3 DAGs
[2026-04-24T05:16:15.242+0000] {logging_mixin.py:188} INFO - [2026-04-24T05:16:15.241+0000] {dag.py:3823} INFO - Setting next_dagrun for example_subdag_operator to 2022-01-01 00:00:00+00:00, run_after=2022-01-01 00:00:00+00:00
[2026-04-24T05:16:15.247+0000] {logging_mixin.py:188} INFO - [2026-04-24T05:16:15.247+0000] {dag.py:3823} INFO - Setting next_dagrun for example_subdag_operator.section-1 to None, run_after=None
[2026-04-24T05:16:15.249+0000] {logging_mixin.py:188} INFO - [2026-04-24T05:16:15.248+0000] {dag.py:3823} INFO - Setting next_dagrun for example_subdag_operator.section-2 to None, run_after=None
[2026-04-24T05:16:15.257+0000] {logging_mixin.py:188} INFO - [2026-04-24T05:16:15.257+0000] {dag.py:3036} INFO - Sync 2 DAGs
[2026-04-24T05:16:15.264+0000] {logging_mixin.py:188} INFO - [2026-04-24T05:16:15.264+0000] {dag.py:3823} INFO - Setting next_dagrun for example_subdag_operator.section-1 to None, run_after=None
[2026-04-24T05:16:15.264+0000] {logging_mixin.py:188} INFO - [2026-04-24T05:16:15.264+0000] {dag.py:3823} INFO - Setting next_dagrun for example_subdag_operator.section-2 to None, run_after=None
[2026-04-24T05:16:15.278+0000] {processor.py:183} INFO - Processing /home/airflow/.local/lib/python3.8/site-packages/airflow/example_dags/example_subdag_operator.py took 0.124 seconds
[2026-04-24T05:16:45.659+0000] {processor.py:161} INFO - Started process (PID=8844) to work on /home/airflow/.local/lib/python3.8/site-packages/airflow/example_dags/example_subdag_operator.py
[2026-04-24T05:16:45.661+0000] {processor.py:830} INFO - Processing file /home/airflow/.local/lib/python3.8/site-packages/airflow/example_dags/example_subdag_operator.py for tasks to queue
[2026-04-24T05:16:45.663+0000] {logging_mixin.py:188} INFO - [2026-04-24T05:16:45.663+0000] {dagbag.py:538} INFO - Filling up the DagBag from /home/airflow/.local/lib/python3.8/site-packages/airflow/example_dags/example_subdag_operator.py
[2026-04-24T05:16:45.701+0000] {processor.py:840} INFO - DAG(s) 'example_subdag_operator.section-1', 'example_subdag_operator.section-2', 'example_subdag_operator' retrieved from /home/airflow/.local/lib/python3.8/site-packages/airflow/example_dags/example_subdag_operator.py
[2026-04-24T05:16:45.889+0000] {logging_mixin.py:188} INFO - [2026-04-24T05:16:45.889+0000] {dag.py:3036} INFO - Sync 3 DAGs
[2026-04-24T05:16:45.915+0000] {logging_mixin.py:188} INFO - [2026-04-24T05:16:45.914+0000] {dag.py:3823} INFO - Setting next_dagrun for example_subdag_operator to 2022-01-01 00:00:00+00:00, run_after=2022-01-01 00:00:00+00:00
[2026-04-24T05:16:45.919+0000] {logging_mixin.py:188} INFO - [2026-04-24T05:16:45.919+0000] {dag.py:3823} INFO - Setting next_dagrun for example_subdag_operator.section-1 to None, run_after=None
[2026-04-24T05:16:45.921+0000] {logging_mixin.py:188} INFO - [2026-04-24T05:16:45.921+0000] {dag.py:3823} INFO - Setting next_dagrun for example_subdag_operator.section-2 to None, run_after=None
[2026-04-24T05:16:45.929+0000] {logging_mixin.py:188} INFO - [2026-04-24T05:16:45.929+0000] {dag.py:3036} INFO - Sync 2 DAGs
[2026-04-24T05:16:45.936+0000] {logging_mixin.py:188} INFO - [2026-04-24T05:16:45.936+0000] {dag.py:3823} INFO - Setting next_dagrun for example_subdag_operator.section-1 to None, run_after=None
[2026-04-24T05:16:45.937+0000] {logging_mixin.py:188} INFO - [2026-04-24T05:16:45.937+0000] {dag.py:3823} INFO - Setting next_dagrun for example_subdag_operator.section-2 to None, run_after=None
[2026-04-24T05:16:45.959+0000] {processor.py:183} INFO - Processing /home/airflow/.local/lib/python3.8/site-packages/airflow/example_dags/example_subdag_operator.py took 0.305 seconds
[2026-04-24T05:17:16.005+0000] {processor.py:161} INFO - Started process (PID=8898) to work on /home/airflow/.local/lib/python3.8/site-packages/airflow/example_dags/example_subdag_operator.py
[2026-04-24T05:17:16.015+0000] {processor.py:830} INFO - Processing file /home/airflow/.local/lib/python3.8/site-packages/airflow/example_dags/example_subdag_operator.py for tasks to queue
[2026-04-24T05:17:16.018+0000] {logging_mixin.py:188} INFO - [2026-04-24T05:17:16.017+0000] {dagbag.py:538} INFO - Filling up the DagBag from /home/airflow/.local/lib/python3.8/site-packages/airflow/example_dags/example_subdag_operator.py
[2026-04-24T05:17:16.054+0000] {processor.py:840} INFO - DAG(s) 'example_subdag_operator.section-1', 'example_subdag_operator.section-2', 'example_subdag_operator' retrieved from /home/airflow/.local/lib/python3.8/site-packages/airflow/example_dags/example_subdag_operator.py
[2026-04-24T05:17:16.075+0000] {logging_mixin.py:188} INFO - [2026-04-24T05:17:16.075+0000] {dag.py:3036} INFO - Sync 3 DAGs
[2026-04-24T05:17:16.105+0000] {logging_mixin.py:188} INFO - [2026-04-24T05:17:16.104+0000] {dag.py:3823} INFO - Setting next_dagrun for example_subdag_operator to 2022-01-01 00:00:00+00:00, run_after=2022-01-01 00:00:00+00:00
[2026-04-24T05:17:16.109+0000] {logging_mixin.py:188} INFO - [2026-04-24T05:17:16.109+0000] {dag.py:3823} INFO - Setting next_dagrun for example_subdag_operator.section-1 to None, run_after=None
[2026-04-24T05:17:16.110+0000] {logging_mixin.py:188} INFO - [2026-04-24T05:17:16.110+0000] {dag.py:3823} INFO - Setting next_dagrun for example_subdag_operator.section-2 to None, run_after=None
[2026-04-24T05:17:16.119+0000] {logging_mixin.py:188} INFO - [2026-04-24T05:17:16.118+0000] {dag.py:3036} INFO - Sync 2 DAGs
[2026-04-24T05:17:16.125+0000] {logging_mixin.py:188} INFO - [2026-04-24T05:17:16.125+0000] {dag.py:3823} INFO - Setting next_dagrun for example_subdag_operator.section-1 to None, run_after=None
[2026-04-24T05:17:16.126+0000] {logging_mixin.py:188} INFO - [2026-04-24T05:17:16.126+0000] {dag.py:3823} INFO - Setting next_dagrun for example_subdag_operator.section-2 to None, run_after=None
[2026-04-24T05:17:16.150+0000] {processor.py:183} INFO - Processing /home/airflow/.local/lib/python3.8/site-packages/airflow/example_dags/example_subdag_operator.py took 0.150 seconds
[2026-04-24T05:17:46.271+0000] {processor.py:161} INFO - Started process (PID=8953) to work on /home/airflow/.local/lib/python3.8/site-packages/airflow/example_dags/example_subdag_operator.py
[2026-04-24T05:17:46.273+0000] {processor.py:830} INFO - Processing file /home/airflow/.local/lib/python3.8/site-packages/airflow/example_dags/example_subdag_operator.py for tasks to queue
[2026-04-24T05:17:46.276+0000] {logging_mixin.py:188} INFO - [2026-04-24T05:17:46.276+0000] {dagbag.py:538} INFO - Filling up the DagBag from /home/airflow/.local/lib/python3.8/site-packages/airflow/example_dags/example_subdag_operator.py
[2026-04-24T05:17:46.310+0000] {processor.py:840} INFO - DAG(s) 'example_subdag_operator.section-1', 'example_subdag_operator.section-2', 'example_subdag_operator' retrieved from /home/airflow/.local/lib/python3.8/site-packages/airflow/example_dags/example_subdag_operator.py
[2026-04-24T05:17:46.330+0000] {logging_mixin.py:188} INFO - [2026-04-24T05:17:46.330+0000] {dag.py:3036} INFO - Sync 3 DAGs
[2026-04-24T05:17:46.360+0000] {logging_mixin.py:188} INFO - [2026-04-24T05:17:46.360+0000] {dag.py:3823} INFO - Setting next_dagrun for example_subdag_operator to 2022-01-01 00:00:00+00:00, run_after=2022-01-01 00:00:00+00:00
[2026-04-24T05:17:46.365+0000] {logging_mixin.py:188} INFO - [2026-04-24T05:17:46.365+0000] {dag.py:3823} INFO - Setting next_dagrun for example_subdag_operator.section-1 to None, run_after=None
[2026-04-24T05:17:46.366+0000] {logging_mixin.py:188} INFO - [2026-04-24T05:17:46.366+0000] {dag.py:3823} INFO - Setting next_dagrun for example_subdag_operator.section-2 to None, run_after=None
[2026-04-24T05:17:46.375+0000] {logging_mixin.py:188} INFO - [2026-04-24T05:17:46.375+0000] {dag.py:3036} INFO - Sync 2 DAGs
[2026-04-24T05:17:46.382+0000] {logging_mixin.py:188} INFO - [2026-04-24T05:17:46.381+0000] {dag.py:3823} INFO - Setting next_dagrun for example_subdag_operator.section-1 to None, run_after=None
[2026-04-24T05:17:46.382+0000] {logging_mixin.py:188} INFO - [2026-04-24T05:17:46.382+0000] {dag.py:3823} INFO - Setting next_dagrun for example_subdag_operator.section-2 to None, run_after=None
[2026-04-24T05:17:46.396+0000] {processor.py:183} INFO - Processing /home/airflow/.local/lib/python3.8/site-packages/airflow/example_dags/example_subdag_operator.py took 0.130 seconds
[2026-04-24T05:18:16.871+0000] {processor.py:161} INFO - Started process (PID=9009) to work on /home/airflow/.local/lib/python3.8/site-packages/airflow/example_dags/example_subdag_operator.py
[2026-04-24T05:18:16.873+0000] {processor.py:830} INFO - Processing file /home/airflow/.local/lib/python3.8/site-packages/airflow/example_dags/example_subdag_operator.py for tasks to queue
[2026-04-24T05:18:16.875+0000] {logging_mixin.py:188} INFO - [2026-04-24T05:18:16.875+0000] {dagbag.py:538} INFO - Filling up the DagBag from /home/airflow/.local/lib/python3.8/site-packages/airflow/example_dags/example_subdag_operator.py
[2026-04-24T05:18:16.919+0000] {processor.py:840} INFO - DAG(s) 'example_subdag_operator.section-1', 'example_subdag_operator.section-2', 'example_subdag_operator' retrieved from /home/airflow/.local/lib/python3.8/site-packages/airflow/example_dags/example_subdag_operator.py
[2026-04-24T05:18:16.946+0000] {logging_mixin.py:188} INFO - [2026-04-24T05:18:16.945+0000] {dag.py:3036} INFO - Sync 3 DAGs
[2026-04-24T05:18:16.981+0000] {logging_mixin.py:188} INFO - [2026-04-24T05:18:16.981+0000] {dag.py:3823} INFO - Setting next_dagrun for example_subdag_operator to 2022-01-01 00:00:00+00:00, run_after=2022-01-01 00:00:00+00:00
[2026-04-24T05:18:16.987+0000] {logging_mixin.py:188} INFO - [2026-04-24T05:18:16.986+0000] {dag.py:3823} INFO - Setting next_dagrun for example_subdag_operator.section-1 to None, run_after=None
[2026-04-24T05:18:16.988+0000] {logging_mixin.py:188} INFO - [2026-04-24T05:18:16.988+0000] {dag.py:3823} INFO - Setting next_dagrun for example_subdag_operator.section-2 to None, run_after=None
[2026-04-24T05:18:16.998+0000] {logging_mixin.py:188} INFO - [2026-04-24T05:18:16.997+0000] {dag.py:3036} INFO - Sync 2 DAGs
[2026-04-24T05:18:17.005+0000] {logging_mixin.py:188} INFO - [2026-04-24T05:18:17.005+0000] {dag.py:3823} INFO - Setting next_dagrun for example_subdag_operator.section-1 to None, run_after=None
[2026-04-24T05:18:17.005+0000] {logging_mixin.py:188} INFO - [2026-04-24T05:18:17.005+0000] {dag.py:3823} INFO - Setting next_dagrun for example_subdag_operator.section-2 to None, run_after=None
[2026-04-24T05:18:17.021+0000] {processor.py:183} INFO - Processing /home/airflow/.local/lib/python3.8/site-packages/airflow/example_dags/example_subdag_operator.py took 0.155 seconds
[2026-04-24T05:33:38.378+0000] {processor.py:161} INFO - Started process (PID=9073) to work on /home/airflow/.local/lib/python3.8/site-packages/airflow/example_dags/example_subdag_operator.py
[2026-04-24T05:33:38.380+0000] {processor.py:830} INFO - Processing file /home/airflow/.local/lib/python3.8/site-packages/airflow/example_dags/example_subdag_operator.py for tasks to queue
[2026-04-24T05:33:38.382+0000] {logging_mixin.py:188} INFO - [2026-04-24T05:33:38.382+0000] {dagbag.py:538} INFO - Filling up the DagBag from /home/airflow/.local/lib/python3.8/site-packages/airflow/example_dags/example_subdag_operator.py
[2026-04-24T05:33:38.422+0000] {processor.py:840} INFO - DAG(s) 'example_subdag_operator.section-1', 'example_subdag_operator.section-2', 'example_subdag_operator' retrieved from /home/airflow/.local/lib/python3.8/site-packages/airflow/example_dags/example_subdag_operator.py
[2026-04-24T05:33:38.446+0000] {logging_mixin.py:188} INFO - [2026-04-24T05:33:38.445+0000] {dag.py:3036} INFO - Sync 3 DAGs
[2026-04-24T05:33:38.482+0000] {logging_mixin.py:188} INFO - [2026-04-24T05:33:38.481+0000] {dag.py:3823} INFO - Setting next_dagrun for example_subdag_operator to 2022-01-01 00:00:00+00:00, run_after=2022-01-01 00:00:00+00:00
[2026-04-24T05:33:38.488+0000] {logging_mixin.py:188} INFO - [2026-04-24T05:33:38.488+0000] {dag.py:3823} INFO - Setting next_dagrun for example_subdag_operator.section-1 to None, run_after=None
[2026-04-24T05:33:38.490+0000] {logging_mixin.py:188} INFO - [2026-04-24T05:33:38.490+0000] {dag.py:3823} INFO - Setting next_dagrun for example_subdag_operator.section-2 to None, run_after=None
[2026-04-24T05:33:38.501+0000] {logging_mixin.py:188} INFO - [2026-04-24T05:33:38.500+0000] {dag.py:3036} INFO - Sync 2 DAGs
[2026-04-24T05:33:38.509+0000] {logging_mixin.py:188} INFO - [2026-04-24T05:33:38.509+0000] {dag.py:3823} INFO - Setting next_dagrun for example_subdag_operator.section-1 to None, run_after=None
[2026-04-24T05:33:38.510+0000] {logging_mixin.py:188} INFO - [2026-04-24T05:33:38.509+0000] {dag.py:3823} INFO - Setting next_dagrun for example_subdag_operator.section-2 to None, run_after=None
[2026-04-24T05:33:38.527+0000] {processor.py:183} INFO - Processing /home/airflow/.local/lib/python3.8/site-packages/airflow/example_dags/example_subdag_operator.py took 0.154 seconds
[2026-04-24T05:34:08.820+0000] {processor.py:161} INFO - Started process (PID=9128) to work on /home/airflow/.local/lib/python3.8/site-packages/airflow/example_dags/example_subdag_operator.py
[2026-04-24T05:34:08.821+0000] {processor.py:830} INFO - Processing file /home/airflow/.local/lib/python3.8/site-packages/airflow/example_dags/example_subdag_operator.py for tasks to queue
[2026-04-24T05:34:08.824+0000] {logging_mixin.py:188} INFO - [2026-04-24T05:34:08.823+0000] {dagbag.py:538} INFO - Filling up the DagBag from /home/airflow/.local/lib/python3.8/site-packages/airflow/example_dags/example_subdag_operator.py
[2026-04-24T05:34:08.861+0000] {processor.py:840} INFO - DAG(s) 'example_subdag_operator.section-1', 'example_subdag_operator.section-2', 'example_subdag_operator' retrieved from /home/airflow/.local/lib/python3.8/site-packages/airflow/example_dags/example_subdag_operator.py
[2026-04-24T05:34:08.881+0000] {logging_mixin.py:188} INFO - [2026-04-24T05:34:08.881+0000] {dag.py:3036} INFO - Sync 3 DAGs
[2026-04-24T05:34:08.911+0000] {logging_mixin.py:188} INFO - [2026-04-24T05:34:08.910+0000] {dag.py:3823} INFO - Setting next_dagrun for example_subdag_operator to 2022-01-01 00:00:00+00:00, run_after=2022-01-01 00:00:00+00:00
[2026-04-24T05:34:08.917+0000] {logging_mixin.py:188} INFO - [2026-04-24T05:34:08.917+0000] {dag.py:3823} INFO - Setting next_dagrun for example_subdag_operator.section-1 to None, run_after=None
[2026-04-24T05:34:08.919+0000] {logging_mixin.py:188} INFO - [2026-04-24T05:34:08.919+0000] {dag.py:3823} INFO - Setting next_dagrun for example_subdag_operator.section-2 to None, run_after=None
[2026-04-24T05:34:08.928+0000] {logging_mixin.py:188} INFO - [2026-04-24T05:34:08.928+0000] {dag.py:3036} INFO - Sync 2 DAGs
[2026-04-24T05:34:08.935+0000] {logging_mixin.py:188} INFO - [2026-04-24T05:34:08.935+0000] {dag.py:3823} INFO - Setting next_dagrun for example_subdag_operator.section-1 to None, run_after=None
[2026-04-24T05:34:08.936+0000] {logging_mixin.py:188} INFO - [2026-04-24T05:34:08.936+0000] {dag.py:3823} INFO - Setting next_dagrun for example_subdag_operator.section-2 to None, run_after=None
[2026-04-24T05:34:08.950+0000] {processor.py:183} INFO - Processing /home/airflow/.local/lib/python3.8/site-packages/airflow/example_dags/example_subdag_operator.py took 0.134 seconds
[2026-04-24T05:34:39.629+0000] {processor.py:161} INFO - Started process (PID=9183) to work on /home/airflow/.local/lib/python3.8/site-packages/airflow/example_dags/example_subdag_operator.py
[2026-04-24T05:34:39.630+0000] {processor.py:830} INFO - Processing file /home/airflow/.local/lib/python3.8/site-packages/airflow/example_dags/example_subdag_operator.py for tasks to queue
[2026-04-24T05:34:39.632+0000] {logging_mixin.py:188} INFO - [2026-04-24T05:34:39.632+0000] {dagbag.py:538} INFO - Filling up the DagBag from /home/airflow/.local/lib/python3.8/site-packages/airflow/example_dags/example_subdag_operator.py
[2026-04-24T05:34:39.664+0000] {processor.py:840} INFO - DAG(s) 'example_subdag_operator.section-1', 'example_subdag_operator.section-2', 'example_subdag_operator' retrieved from /home/airflow/.local/lib/python3.8/site-packages/airflow/example_dags/example_subdag_operator.py
[2026-04-24T05:34:39.683+0000] {logging_mixin.py:188} INFO - [2026-04-24T05:34:39.683+0000] {dag.py:3036} INFO - Sync 3 DAGs
[2026-04-24T05:34:39.712+0000] {logging_mixin.py:188} INFO - [2026-04-24T05:34:39.711+0000] {dag.py:3823} INFO - Setting next_dagrun for example_subdag_operator to 2022-01-01 00:00:00+00:00, run_after=2022-01-01 00:00:00+00:00
[2026-04-24T05:34:39.716+0000] {logging_mixin.py:188} INFO - [2026-04-24T05:34:39.716+0000] {dag.py:3823} INFO - Setting next_dagrun for example_subdag_operator.section-1 to None, run_after=None
[2026-04-24T05:34:39.718+0000] {logging_mixin.py:188} INFO - [2026-04-24T05:34:39.718+0000] {dag.py:3823} INFO - Setting next_dagrun for example_subdag_operator.section-2 to None, run_after=None
[2026-04-24T05:34:39.727+0000] {logging_mixin.py:188} INFO - [2026-04-24T05:34:39.726+0000] {dag.py:3036} INFO - Sync 2 DAGs
[2026-04-24T05:34:39.734+0000] {logging_mixin.py:188} INFO - [2026-04-24T05:34:39.734+0000] {dag.py:3823} INFO - Setting next_dagrun for example_subdag_operator.section-1 to None, run_after=None
[2026-04-24T05:34:39.734+0000] {logging_mixin.py:188} INFO - [2026-04-24T05:34:39.734+0000] {dag.py:3823} INFO - Setting next_dagrun for example_subdag_operator.section-2 to None, run_after=None
[2026-04-24T05:34:39.748+0000] {processor.py:183} INFO - Processing /home/airflow/.local/lib/python3.8/site-packages/airflow/example_dags/example_subdag_operator.py took 0.124 seconds
[2026-04-24T05:35:10.205+0000] {processor.py:161} INFO - Started process (PID=9238) to work on /home/airflow/.local/lib/python3.8/site-packages/airflow/example_dags/example_subdag_operator.py
[2026-04-24T05:35:10.206+0000] {processor.py:830} INFO - Processing file /home/airflow/.local/lib/python3.8/site-packages/airflow/example_dags/example_subdag_operator.py for tasks to queue
[2026-04-24T05:35:10.208+0000] {logging_mixin.py:188} INFO - [2026-04-24T05:35:10.208+0000] {dagbag.py:538} INFO - Filling up the DagBag from /home/airflow/.local/lib/python3.8/site-packages/airflow/example_dags/example_subdag_operator.py
[2026-04-24T05:35:10.240+0000] {processor.py:840} INFO - DAG(s) 'example_subdag_operator.section-1', 'example_subdag_operator.section-2', 'example_subdag_operator' retrieved from /home/airflow/.local/lib/python3.8/site-packages/airflow/example_dags/example_subdag_operator.py
[2026-04-24T05:35:10.260+0000] {logging_mixin.py:188} INFO - [2026-04-24T05:35:10.260+0000] {dag.py:3036} INFO - Sync 3 DAGs
[2026-04-24T05:35:10.288+0000] {logging_mixin.py:188} INFO - [2026-04-24T05:35:10.288+0000] {dag.py:3823} INFO - Setting next_dagrun for example_subdag_operator to 2022-01-01 00:00:00+00:00, run_after=2022-01-01 00:00:00+00:00
[2026-04-24T05:35:10.293+0000] {logging_mixin.py:188} INFO - [2026-04-24T05:35:10.293+0000] {dag.py:3823} INFO - Setting next_dagrun for example_subdag_operator.section-1 to None, run_after=None
[2026-04-24T05:35:10.295+0000] {logging_mixin.py:188} INFO - [2026-04-24T05:35:10.294+0000] {dag.py:3823} INFO - Setting next_dagrun for example_subdag_operator.section-2 to None, run_after=None
[2026-04-24T05:35:10.303+0000] {logging_mixin.py:188} INFO - [2026-04-24T05:35:10.303+0000] {dag.py:3036} INFO - Sync 2 DAGs
[2026-04-24T05:35:10.311+0000] {logging_mixin.py:188} INFO - [2026-04-24T05:35:10.311+0000] {dag.py:3823} INFO - Setting next_dagrun for example_subdag_operator.section-1 to None, run_after=None
[2026-04-24T05:35:10.312+0000] {logging_mixin.py:188} INFO - [2026-04-24T05:35:10.311+0000] {dag.py:3823} INFO - Setting next_dagrun for example_subdag_operator.section-2 to None, run_after=None
[2026-04-24T05:35:10.326+0000] {processor.py:183} INFO - Processing /home/airflow/.local/lib/python3.8/site-packages/airflow/example_dags/example_subdag_operator.py took 0.125 seconds
