[2026-04-11T05:25:17.808+0000] {processor.py:161} INFO - Started process (PID=71) to work on /home/airflow/.local/lib/python3.8/site-packages/airflow/example_dags/example_branch_python_dop_operator_3.py
[2026-04-11T05:25:17.808+0000] {processor.py:830} INFO - Processing file /home/airflow/.local/lib/python3.8/site-packages/airflow/example_dags/example_branch_python_dop_operator_3.py for tasks to queue
[2026-04-11T05:25:17.810+0000] {logging_mixin.py:188} INFO - [2026-04-11T05:25:17.809+0000] {dagbag.py:538} INFO - Filling up the DagBag from /home/airflow/.local/lib/python3.8/site-packages/airflow/example_dags/example_branch_python_dop_operator_3.py
[2026-04-11T05:25:17.817+0000] {processor.py:840} INFO - DAG(s) 'example_branch_dop_operator_v3' retrieved from /home/airflow/.local/lib/python3.8/site-packages/airflow/example_dags/example_branch_python_dop_operator_3.py
[2026-04-11T05:25:17.836+0000] {logging_mixin.py:188} INFO - [2026-04-11T05:25:17.836+0000] {dag.py:3036} INFO - Sync 1 DAGs
[2026-04-11T05:25:17.856+0000] {logging_mixin.py:188} INFO - [2026-04-11T05:25:17.856+0000] {dag.py:3823} INFO - Setting next_dagrun for example_branch_dop_operator_v3 to 2026-04-11 05:24:00+00:00, run_after=2026-04-11 05:25:00+00:00
[2026-04-11T05:25:17.870+0000] {processor.py:183} INFO - Processing /home/airflow/.local/lib/python3.8/site-packages/airflow/example_dags/example_branch_python_dop_operator_3.py took 0.064 seconds
[2026-04-11T05:25:49.021+0000] {processor.py:161} INFO - Started process (PID=133) to work on /home/airflow/.local/lib/python3.8/site-packages/airflow/example_dags/example_branch_python_dop_operator_3.py
[2026-04-11T05:25:49.023+0000] {processor.py:830} INFO - Processing file /home/airflow/.local/lib/python3.8/site-packages/airflow/example_dags/example_branch_python_dop_operator_3.py for tasks to queue
[2026-04-11T05:25:49.025+0000] {logging_mixin.py:188} INFO - [2026-04-11T05:25:49.025+0000] {dagbag.py:538} INFO - Filling up the DagBag from /home/airflow/.local/lib/python3.8/site-packages/airflow/example_dags/example_branch_python_dop_operator_3.py
[2026-04-11T05:25:49.040+0000] {processor.py:840} INFO - DAG(s) 'example_branch_dop_operator_v3' retrieved from /home/airflow/.local/lib/python3.8/site-packages/airflow/example_dags/example_branch_python_dop_operator_3.py
[2026-04-11T05:25:49.070+0000] {logging_mixin.py:188} INFO - [2026-04-11T05:25:49.070+0000] {dag.py:3036} INFO - Sync 1 DAGs
[2026-04-11T05:25:49.108+0000] {logging_mixin.py:188} INFO - [2026-04-11T05:25:49.107+0000] {dag.py:3823} INFO - Setting next_dagrun for example_branch_dop_operator_v3 to 2026-04-11 05:24:00+00:00, run_after=2026-04-11 05:25:00+00:00
[2026-04-11T05:25:49.135+0000] {processor.py:183} INFO - Processing /home/airflow/.local/lib/python3.8/site-packages/airflow/example_dags/example_branch_python_dop_operator_3.py took 0.119 seconds
[2026-04-11T05:26:19.667+0000] {processor.py:161} INFO - Started process (PID=189) to work on /home/airflow/.local/lib/python3.8/site-packages/airflow/example_dags/example_branch_python_dop_operator_3.py
[2026-04-11T05:26:19.668+0000] {processor.py:830} INFO - Processing file /home/airflow/.local/lib/python3.8/site-packages/airflow/example_dags/example_branch_python_dop_operator_3.py for tasks to queue
[2026-04-11T05:26:19.671+0000] {logging_mixin.py:188} INFO - [2026-04-11T05:26:19.670+0000] {dagbag.py:538} INFO - Filling up the DagBag from /home/airflow/.local/lib/python3.8/site-packages/airflow/example_dags/example_branch_python_dop_operator_3.py
[2026-04-11T05:26:19.684+0000] {processor.py:840} INFO - DAG(s) 'example_branch_dop_operator_v3' retrieved from /home/airflow/.local/lib/python3.8/site-packages/airflow/example_dags/example_branch_python_dop_operator_3.py
[2026-04-11T05:26:19.716+0000] {logging_mixin.py:188} INFO - [2026-04-11T05:26:19.715+0000] {dag.py:3036} INFO - Sync 1 DAGs
[2026-04-11T05:26:19.754+0000] {logging_mixin.py:188} INFO - [2026-04-11T05:26:19.754+0000] {dag.py:3823} INFO - Setting next_dagrun for example_branch_dop_operator_v3 to 2026-04-11 05:25:00+00:00, run_after=2026-04-11 05:26:00+00:00
[2026-04-11T05:26:19.779+0000] {processor.py:183} INFO - Processing /home/airflow/.local/lib/python3.8/site-packages/airflow/example_dags/example_branch_python_dop_operator_3.py took 0.117 seconds
[2026-04-11T05:26:50.390+0000] {processor.py:161} INFO - Started process (PID=245) to work on /home/airflow/.local/lib/python3.8/site-packages/airflow/example_dags/example_branch_python_dop_operator_3.py
[2026-04-11T05:26:50.391+0000] {processor.py:830} INFO - Processing file /home/airflow/.local/lib/python3.8/site-packages/airflow/example_dags/example_branch_python_dop_operator_3.py for tasks to queue
[2026-04-11T05:26:50.394+0000] {logging_mixin.py:188} INFO - [2026-04-11T05:26:50.393+0000] {dagbag.py:538} INFO - Filling up the DagBag from /home/airflow/.local/lib/python3.8/site-packages/airflow/example_dags/example_branch_python_dop_operator_3.py
[2026-04-11T05:26:50.409+0000] {processor.py:840} INFO - DAG(s) 'example_branch_dop_operator_v3' retrieved from /home/airflow/.local/lib/python3.8/site-packages/airflow/example_dags/example_branch_python_dop_operator_3.py
[2026-04-11T05:26:50.439+0000] {logging_mixin.py:188} INFO - [2026-04-11T05:26:50.438+0000] {dag.py:3036} INFO - Sync 1 DAGs
[2026-04-11T05:26:50.476+0000] {logging_mixin.py:188} INFO - [2026-04-11T05:26:50.476+0000] {dag.py:3823} INFO - Setting next_dagrun for example_branch_dop_operator_v3 to 2026-04-11 05:25:00+00:00, run_after=2026-04-11 05:26:00+00:00
[2026-04-11T05:26:50.502+0000] {processor.py:183} INFO - Processing /home/airflow/.local/lib/python3.8/site-packages/airflow/example_dags/example_branch_python_dop_operator_3.py took 0.117 seconds
[2026-04-11T05:27:20.752+0000] {processor.py:161} INFO - Started process (PID=301) to work on /home/airflow/.local/lib/python3.8/site-packages/airflow/example_dags/example_branch_python_dop_operator_3.py
[2026-04-11T05:27:20.754+0000] {processor.py:830} INFO - Processing file /home/airflow/.local/lib/python3.8/site-packages/airflow/example_dags/example_branch_python_dop_operator_3.py for tasks to queue
[2026-04-11T05:27:20.756+0000] {logging_mixin.py:188} INFO - [2026-04-11T05:27:20.756+0000] {dagbag.py:538} INFO - Filling up the DagBag from /home/airflow/.local/lib/python3.8/site-packages/airflow/example_dags/example_branch_python_dop_operator_3.py
[2026-04-11T05:27:20.770+0000] {processor.py:840} INFO - DAG(s) 'example_branch_dop_operator_v3' retrieved from /home/airflow/.local/lib/python3.8/site-packages/airflow/example_dags/example_branch_python_dop_operator_3.py
[2026-04-11T05:27:20.802+0000] {logging_mixin.py:188} INFO - [2026-04-11T05:27:20.802+0000] {dag.py:3036} INFO - Sync 1 DAGs
[2026-04-11T05:27:20.843+0000] {logging_mixin.py:188} INFO - [2026-04-11T05:27:20.843+0000] {dag.py:3823} INFO - Setting next_dagrun for example_branch_dop_operator_v3 to 2026-04-11 05:26:00+00:00, run_after=2026-04-11 05:27:00+00:00
[2026-04-11T05:27:20.872+0000] {processor.py:183} INFO - Processing /home/airflow/.local/lib/python3.8/site-packages/airflow/example_dags/example_branch_python_dop_operator_3.py took 0.125 seconds
[2026-04-11T05:27:51.828+0000] {processor.py:161} INFO - Started process (PID=357) to work on /home/airflow/.local/lib/python3.8/site-packages/airflow/example_dags/example_branch_python_dop_operator_3.py
[2026-04-11T05:27:51.830+0000] {processor.py:830} INFO - Processing file /home/airflow/.local/lib/python3.8/site-packages/airflow/example_dags/example_branch_python_dop_operator_3.py for tasks to queue
[2026-04-11T05:27:51.832+0000] {logging_mixin.py:188} INFO - [2026-04-11T05:27:51.832+0000] {dagbag.py:538} INFO - Filling up the DagBag from /home/airflow/.local/lib/python3.8/site-packages/airflow/example_dags/example_branch_python_dop_operator_3.py
[2026-04-11T05:27:51.845+0000] {processor.py:840} INFO - DAG(s) 'example_branch_dop_operator_v3' retrieved from /home/airflow/.local/lib/python3.8/site-packages/airflow/example_dags/example_branch_python_dop_operator_3.py
[2026-04-11T05:27:51.873+0000] {logging_mixin.py:188} INFO - [2026-04-11T05:27:51.872+0000] {dag.py:3036} INFO - Sync 1 DAGs
[2026-04-11T05:27:51.911+0000] {logging_mixin.py:188} INFO - [2026-04-11T05:27:51.911+0000] {dag.py:3823} INFO - Setting next_dagrun for example_branch_dop_operator_v3 to 2026-04-11 05:26:00+00:00, run_after=2026-04-11 05:27:00+00:00
[2026-04-11T05:27:51.938+0000] {processor.py:183} INFO - Processing /home/airflow/.local/lib/python3.8/site-packages/airflow/example_dags/example_branch_python_dop_operator_3.py took 0.115 seconds
[2026-04-11T05:28:22.267+0000] {processor.py:161} INFO - Started process (PID=413) to work on /home/airflow/.local/lib/python3.8/site-packages/airflow/example_dags/example_branch_python_dop_operator_3.py
[2026-04-11T05:28:22.268+0000] {processor.py:830} INFO - Processing file /home/airflow/.local/lib/python3.8/site-packages/airflow/example_dags/example_branch_python_dop_operator_3.py for tasks to queue
[2026-04-11T05:28:22.270+0000] {logging_mixin.py:188} INFO - [2026-04-11T05:28:22.270+0000] {dagbag.py:538} INFO - Filling up the DagBag from /home/airflow/.local/lib/python3.8/site-packages/airflow/example_dags/example_branch_python_dop_operator_3.py
[2026-04-11T05:28:22.284+0000] {processor.py:840} INFO - DAG(s) 'example_branch_dop_operator_v3' retrieved from /home/airflow/.local/lib/python3.8/site-packages/airflow/example_dags/example_branch_python_dop_operator_3.py
[2026-04-11T05:28:22.313+0000] {logging_mixin.py:188} INFO - [2026-04-11T05:28:22.313+0000] {dag.py:3036} INFO - Sync 1 DAGs
[2026-04-11T05:28:22.349+0000] {logging_mixin.py:188} INFO - [2026-04-11T05:28:22.349+0000] {dag.py:3823} INFO - Setting next_dagrun for example_branch_dop_operator_v3 to 2026-04-11 05:27:00+00:00, run_after=2026-04-11 05:28:00+00:00
[2026-04-11T05:28:22.374+0000] {processor.py:183} INFO - Processing /home/airflow/.local/lib/python3.8/site-packages/airflow/example_dags/example_branch_python_dop_operator_3.py took 0.113 seconds
[2026-04-11T05:28:52.764+0000] {processor.py:161} INFO - Started process (PID=469) to work on /home/airflow/.local/lib/python3.8/site-packages/airflow/example_dags/example_branch_python_dop_operator_3.py
[2026-04-11T05:28:52.766+0000] {processor.py:830} INFO - Processing file /home/airflow/.local/lib/python3.8/site-packages/airflow/example_dags/example_branch_python_dop_operator_3.py for tasks to queue
[2026-04-11T05:28:52.768+0000] {logging_mixin.py:188} INFO - [2026-04-11T05:28:52.768+0000] {dagbag.py:538} INFO - Filling up the DagBag from /home/airflow/.local/lib/python3.8/site-packages/airflow/example_dags/example_branch_python_dop_operator_3.py
[2026-04-11T05:28:52.780+0000] {processor.py:840} INFO - DAG(s) 'example_branch_dop_operator_v3' retrieved from /home/airflow/.local/lib/python3.8/site-packages/airflow/example_dags/example_branch_python_dop_operator_3.py
[2026-04-11T05:28:52.809+0000] {logging_mixin.py:188} INFO - [2026-04-11T05:28:52.808+0000] {dag.py:3036} INFO - Sync 1 DAGs
[2026-04-11T05:28:52.843+0000] {logging_mixin.py:188} INFO - [2026-04-11T05:28:52.843+0000] {dag.py:3823} INFO - Setting next_dagrun for example_branch_dop_operator_v3 to 2026-04-11 05:27:00+00:00, run_after=2026-04-11 05:28:00+00:00
[2026-04-11T05:28:52.868+0000] {processor.py:183} INFO - Processing /home/airflow/.local/lib/python3.8/site-packages/airflow/example_dags/example_branch_python_dop_operator_3.py took 0.109 seconds
[2026-04-11T05:29:23.235+0000] {processor.py:161} INFO - Started process (PID=525) to work on /home/airflow/.local/lib/python3.8/site-packages/airflow/example_dags/example_branch_python_dop_operator_3.py
[2026-04-11T05:29:23.236+0000] {processor.py:830} INFO - Processing file /home/airflow/.local/lib/python3.8/site-packages/airflow/example_dags/example_branch_python_dop_operator_3.py for tasks to queue
[2026-04-11T05:29:23.239+0000] {logging_mixin.py:188} INFO - [2026-04-11T05:29:23.238+0000] {dagbag.py:538} INFO - Filling up the DagBag from /home/airflow/.local/lib/python3.8/site-packages/airflow/example_dags/example_branch_python_dop_operator_3.py
[2026-04-11T05:29:23.250+0000] {processor.py:840} INFO - DAG(s) 'example_branch_dop_operator_v3' retrieved from /home/airflow/.local/lib/python3.8/site-packages/airflow/example_dags/example_branch_python_dop_operator_3.py
[2026-04-11T05:29:23.278+0000] {logging_mixin.py:188} INFO - [2026-04-11T05:29:23.278+0000] {dag.py:3036} INFO - Sync 1 DAGs
[2026-04-11T05:29:23.314+0000] {logging_mixin.py:188} INFO - [2026-04-11T05:29:23.314+0000] {dag.py:3823} INFO - Setting next_dagrun for example_branch_dop_operator_v3 to 2026-04-11 05:28:00+00:00, run_after=2026-04-11 05:29:00+00:00
[2026-04-11T05:29:23.339+0000] {processor.py:183} INFO - Processing /home/airflow/.local/lib/python3.8/site-packages/airflow/example_dags/example_branch_python_dop_operator_3.py took 0.109 seconds
[2026-04-11T05:29:53.853+0000] {processor.py:161} INFO - Started process (PID=581) to work on /home/airflow/.local/lib/python3.8/site-packages/airflow/example_dags/example_branch_python_dop_operator_3.py
[2026-04-11T05:29:53.855+0000] {processor.py:830} INFO - Processing file /home/airflow/.local/lib/python3.8/site-packages/airflow/example_dags/example_branch_python_dop_operator_3.py for tasks to queue
[2026-04-11T05:29:53.857+0000] {logging_mixin.py:188} INFO - [2026-04-11T05:29:53.856+0000] {dagbag.py:538} INFO - Filling up the DagBag from /home/airflow/.local/lib/python3.8/site-packages/airflow/example_dags/example_branch_python_dop_operator_3.py
[2026-04-11T05:29:53.871+0000] {processor.py:840} INFO - DAG(s) 'example_branch_dop_operator_v3' retrieved from /home/airflow/.local/lib/python3.8/site-packages/airflow/example_dags/example_branch_python_dop_operator_3.py
[2026-04-11T05:29:53.903+0000] {logging_mixin.py:188} INFO - [2026-04-11T05:29:53.903+0000] {dag.py:3036} INFO - Sync 1 DAGs
[2026-04-11T05:29:53.947+0000] {logging_mixin.py:188} INFO - [2026-04-11T05:29:53.947+0000] {dag.py:3823} INFO - Setting next_dagrun for example_branch_dop_operator_v3 to 2026-04-11 05:28:00+00:00, run_after=2026-04-11 05:29:00+00:00
[2026-04-11T05:29:53.975+0000] {processor.py:183} INFO - Processing /home/airflow/.local/lib/python3.8/site-packages/airflow/example_dags/example_branch_python_dop_operator_3.py took 0.127 seconds
[2026-04-11T05:30:24.781+0000] {processor.py:161} INFO - Started process (PID=637) to work on /home/airflow/.local/lib/python3.8/site-packages/airflow/example_dags/example_branch_python_dop_operator_3.py
[2026-04-11T05:30:24.783+0000] {processor.py:830} INFO - Processing file /home/airflow/.local/lib/python3.8/site-packages/airflow/example_dags/example_branch_python_dop_operator_3.py for tasks to queue
[2026-04-11T05:30:24.786+0000] {logging_mixin.py:188} INFO - [2026-04-11T05:30:24.785+0000] {dagbag.py:538} INFO - Filling up the DagBag from /home/airflow/.local/lib/python3.8/site-packages/airflow/example_dags/example_branch_python_dop_operator_3.py
[2026-04-11T05:30:24.803+0000] {processor.py:840} INFO - DAG(s) 'example_branch_dop_operator_v3' retrieved from /home/airflow/.local/lib/python3.8/site-packages/airflow/example_dags/example_branch_python_dop_operator_3.py
[2026-04-11T05:30:24.832+0000] {logging_mixin.py:188} INFO - [2026-04-11T05:30:24.832+0000] {dag.py:3036} INFO - Sync 1 DAGs
[2026-04-11T05:30:24.868+0000] {logging_mixin.py:188} INFO - [2026-04-11T05:30:24.868+0000] {dag.py:3823} INFO - Setting next_dagrun for example_branch_dop_operator_v3 to 2026-04-11 05:29:00+00:00, run_after=2026-04-11 05:30:00+00:00
[2026-04-11T05:30:24.893+0000] {processor.py:183} INFO - Processing /home/airflow/.local/lib/python3.8/site-packages/airflow/example_dags/example_branch_python_dop_operator_3.py took 0.118 seconds
[2026-04-11T05:30:55.102+0000] {processor.py:161} INFO - Started process (PID=693) to work on /home/airflow/.local/lib/python3.8/site-packages/airflow/example_dags/example_branch_python_dop_operator_3.py
[2026-04-11T05:30:55.103+0000] {processor.py:830} INFO - Processing file /home/airflow/.local/lib/python3.8/site-packages/airflow/example_dags/example_branch_python_dop_operator_3.py for tasks to queue
[2026-04-11T05:30:55.105+0000] {logging_mixin.py:188} INFO - [2026-04-11T05:30:55.105+0000] {dagbag.py:538} INFO - Filling up the DagBag from /home/airflow/.local/lib/python3.8/site-packages/airflow/example_dags/example_branch_python_dop_operator_3.py
[2026-04-11T05:30:55.116+0000] {processor.py:840} INFO - DAG(s) 'example_branch_dop_operator_v3' retrieved from /home/airflow/.local/lib/python3.8/site-packages/airflow/example_dags/example_branch_python_dop_operator_3.py
[2026-04-11T05:30:55.141+0000] {logging_mixin.py:188} INFO - [2026-04-11T05:30:55.141+0000] {dag.py:3036} INFO - Sync 1 DAGs
[2026-04-11T05:30:55.175+0000] {logging_mixin.py:188} INFO - [2026-04-11T05:30:55.175+0000] {dag.py:3823} INFO - Setting next_dagrun for example_branch_dop_operator_v3 to 2026-04-11 05:29:00+00:00, run_after=2026-04-11 05:30:00+00:00
[2026-04-11T05:30:55.198+0000] {processor.py:183} INFO - Processing /home/airflow/.local/lib/python3.8/site-packages/airflow/example_dags/example_branch_python_dop_operator_3.py took 0.100 seconds
[2026-04-11T05:31:25.740+0000] {processor.py:161} INFO - Started process (PID=749) to work on /home/airflow/.local/lib/python3.8/site-packages/airflow/example_dags/example_branch_python_dop_operator_3.py
[2026-04-11T05:31:25.742+0000] {processor.py:830} INFO - Processing file /home/airflow/.local/lib/python3.8/site-packages/airflow/example_dags/example_branch_python_dop_operator_3.py for tasks to queue
[2026-04-11T05:31:25.744+0000] {logging_mixin.py:188} INFO - [2026-04-11T05:31:25.744+0000] {dagbag.py:538} INFO - Filling up the DagBag from /home/airflow/.local/lib/python3.8/site-packages/airflow/example_dags/example_branch_python_dop_operator_3.py
[2026-04-11T05:31:25.756+0000] {processor.py:840} INFO - DAG(s) 'example_branch_dop_operator_v3' retrieved from /home/airflow/.local/lib/python3.8/site-packages/airflow/example_dags/example_branch_python_dop_operator_3.py
[2026-04-11T05:31:25.786+0000] {logging_mixin.py:188} INFO - [2026-04-11T05:31:25.785+0000] {dag.py:3036} INFO - Sync 1 DAGs
[2026-04-11T05:31:25.822+0000] {logging_mixin.py:188} INFO - [2026-04-11T05:31:25.822+0000] {dag.py:3823} INFO - Setting next_dagrun for example_branch_dop_operator_v3 to 2026-04-11 05:30:00+00:00, run_after=2026-04-11 05:31:00+00:00
[2026-04-11T05:31:25.847+0000] {processor.py:183} INFO - Processing /home/airflow/.local/lib/python3.8/site-packages/airflow/example_dags/example_branch_python_dop_operator_3.py took 0.112 seconds
[2026-04-11T05:31:56.021+0000] {processor.py:161} INFO - Started process (PID=805) to work on /home/airflow/.local/lib/python3.8/site-packages/airflow/example_dags/example_branch_python_dop_operator_3.py
[2026-04-11T05:31:56.022+0000] {processor.py:830} INFO - Processing file /home/airflow/.local/lib/python3.8/site-packages/airflow/example_dags/example_branch_python_dop_operator_3.py for tasks to queue
[2026-04-11T05:31:56.024+0000] {logging_mixin.py:188} INFO - [2026-04-11T05:31:56.024+0000] {dagbag.py:538} INFO - Filling up the DagBag from /home/airflow/.local/lib/python3.8/site-packages/airflow/example_dags/example_branch_python_dop_operator_3.py
[2026-04-11T05:31:56.038+0000] {processor.py:840} INFO - DAG(s) 'example_branch_dop_operator_v3' retrieved from /home/airflow/.local/lib/python3.8/site-packages/airflow/example_dags/example_branch_python_dop_operator_3.py
[2026-04-11T05:31:56.067+0000] {logging_mixin.py:188} INFO - [2026-04-11T05:31:56.067+0000] {dag.py:3036} INFO - Sync 1 DAGs
[2026-04-11T05:31:56.104+0000] {logging_mixin.py:188} INFO - [2026-04-11T05:31:56.103+0000] {dag.py:3823} INFO - Setting next_dagrun for example_branch_dop_operator_v3 to 2026-04-11 05:30:00+00:00, run_after=2026-04-11 05:31:00+00:00
[2026-04-11T05:31:56.128+0000] {processor.py:183} INFO - Processing /home/airflow/.local/lib/python3.8/site-packages/airflow/example_dags/example_branch_python_dop_operator_3.py took 0.112 seconds
[2026-04-11T05:32:26.388+0000] {processor.py:161} INFO - Started process (PID=861) to work on /home/airflow/.local/lib/python3.8/site-packages/airflow/example_dags/example_branch_python_dop_operator_3.py
[2026-04-11T05:32:26.389+0000] {processor.py:830} INFO - Processing file /home/airflow/.local/lib/python3.8/site-packages/airflow/example_dags/example_branch_python_dop_operator_3.py for tasks to queue
[2026-04-11T05:32:26.391+0000] {logging_mixin.py:188} INFO - [2026-04-11T05:32:26.391+0000] {dagbag.py:538} INFO - Filling up the DagBag from /home/airflow/.local/lib/python3.8/site-packages/airflow/example_dags/example_branch_python_dop_operator_3.py
[2026-04-11T05:32:26.403+0000] {processor.py:840} INFO - DAG(s) 'example_branch_dop_operator_v3' retrieved from /home/airflow/.local/lib/python3.8/site-packages/airflow/example_dags/example_branch_python_dop_operator_3.py
[2026-04-11T05:32:26.432+0000] {logging_mixin.py:188} INFO - [2026-04-11T05:32:26.432+0000] {dag.py:3036} INFO - Sync 1 DAGs
[2026-04-11T05:32:26.467+0000] {logging_mixin.py:188} INFO - [2026-04-11T05:32:26.467+0000] {dag.py:3823} INFO - Setting next_dagrun for example_branch_dop_operator_v3 to 2026-04-11 05:31:00+00:00, run_after=2026-04-11 05:32:00+00:00
[2026-04-11T05:32:26.491+0000] {processor.py:183} INFO - Processing /home/airflow/.local/lib/python3.8/site-packages/airflow/example_dags/example_branch_python_dop_operator_3.py took 0.108 seconds
[2026-04-11T05:32:56.740+0000] {processor.py:161} INFO - Started process (PID=917) to work on /home/airflow/.local/lib/python3.8/site-packages/airflow/example_dags/example_branch_python_dop_operator_3.py
[2026-04-11T05:32:56.741+0000] {processor.py:830} INFO - Processing file /home/airflow/.local/lib/python3.8/site-packages/airflow/example_dags/example_branch_python_dop_operator_3.py for tasks to queue
[2026-04-11T05:32:56.744+0000] {logging_mixin.py:188} INFO - [2026-04-11T05:32:56.743+0000] {dagbag.py:538} INFO - Filling up the DagBag from /home/airflow/.local/lib/python3.8/site-packages/airflow/example_dags/example_branch_python_dop_operator_3.py
[2026-04-11T05:32:56.759+0000] {processor.py:840} INFO - DAG(s) 'example_branch_dop_operator_v3' retrieved from /home/airflow/.local/lib/python3.8/site-packages/airflow/example_dags/example_branch_python_dop_operator_3.py
[2026-04-11T05:32:56.798+0000] {logging_mixin.py:188} INFO - [2026-04-11T05:32:56.797+0000] {dag.py:3036} INFO - Sync 1 DAGs
[2026-04-11T05:32:56.838+0000] {logging_mixin.py:188} INFO - [2026-04-11T05:32:56.838+0000] {dag.py:3823} INFO - Setting next_dagrun for example_branch_dop_operator_v3 to 2026-04-11 05:31:00+00:00, run_after=2026-04-11 05:32:00+00:00
[2026-04-11T05:32:56.865+0000] {processor.py:183} INFO - Processing /home/airflow/.local/lib/python3.8/site-packages/airflow/example_dags/example_branch_python_dop_operator_3.py took 0.132 seconds
[2026-04-11T05:33:27.189+0000] {processor.py:161} INFO - Started process (PID=973) to work on /home/airflow/.local/lib/python3.8/site-packages/airflow/example_dags/example_branch_python_dop_operator_3.py
[2026-04-11T05:33:27.190+0000] {processor.py:830} INFO - Processing file /home/airflow/.local/lib/python3.8/site-packages/airflow/example_dags/example_branch_python_dop_operator_3.py for tasks to queue
[2026-04-11T05:33:27.193+0000] {logging_mixin.py:188} INFO - [2026-04-11T05:33:27.193+0000] {dagbag.py:538} INFO - Filling up the DagBag from /home/airflow/.local/lib/python3.8/site-packages/airflow/example_dags/example_branch_python_dop_operator_3.py
[2026-04-11T05:33:27.205+0000] {processor.py:840} INFO - DAG(s) 'example_branch_dop_operator_v3' retrieved from /home/airflow/.local/lib/python3.8/site-packages/airflow/example_dags/example_branch_python_dop_operator_3.py
[2026-04-11T05:33:27.235+0000] {logging_mixin.py:188} INFO - [2026-04-11T05:33:27.234+0000] {dag.py:3036} INFO - Sync 1 DAGs
[2026-04-11T05:33:27.270+0000] {logging_mixin.py:188} INFO - [2026-04-11T05:33:27.270+0000] {dag.py:3823} INFO - Setting next_dagrun for example_branch_dop_operator_v3 to 2026-04-11 05:32:00+00:00, run_after=2026-04-11 05:33:00+00:00
[2026-04-11T05:33:27.294+0000] {processor.py:183} INFO - Processing /home/airflow/.local/lib/python3.8/site-packages/airflow/example_dags/example_branch_python_dop_operator_3.py took 0.110 seconds
[2026-04-11T05:33:57.694+0000] {processor.py:161} INFO - Started process (PID=1029) to work on /home/airflow/.local/lib/python3.8/site-packages/airflow/example_dags/example_branch_python_dop_operator_3.py
[2026-04-11T05:33:57.695+0000] {processor.py:830} INFO - Processing file /home/airflow/.local/lib/python3.8/site-packages/airflow/example_dags/example_branch_python_dop_operator_3.py for tasks to queue
[2026-04-11T05:33:57.698+0000] {logging_mixin.py:188} INFO - [2026-04-11T05:33:57.697+0000] {dagbag.py:538} INFO - Filling up the DagBag from /home/airflow/.local/lib/python3.8/site-packages/airflow/example_dags/example_branch_python_dop_operator_3.py
[2026-04-11T05:33:57.710+0000] {processor.py:840} INFO - DAG(s) 'example_branch_dop_operator_v3' retrieved from /home/airflow/.local/lib/python3.8/site-packages/airflow/example_dags/example_branch_python_dop_operator_3.py
[2026-04-11T05:33:57.738+0000] {logging_mixin.py:188} INFO - [2026-04-11T05:33:57.738+0000] {dag.py:3036} INFO - Sync 1 DAGs
[2026-04-11T05:33:57.773+0000] {logging_mixin.py:188} INFO - [2026-04-11T05:33:57.773+0000] {dag.py:3823} INFO - Setting next_dagrun for example_branch_dop_operator_v3 to 2026-04-11 05:32:00+00:00, run_after=2026-04-11 05:33:00+00:00
[2026-04-11T05:33:57.796+0000] {processor.py:183} INFO - Processing /home/airflow/.local/lib/python3.8/site-packages/airflow/example_dags/example_branch_python_dop_operator_3.py took 0.107 seconds
[2026-04-11T05:34:27.872+0000] {processor.py:161} INFO - Started process (PID=1085) to work on /home/airflow/.local/lib/python3.8/site-packages/airflow/example_dags/example_branch_python_dop_operator_3.py
[2026-04-11T05:34:27.873+0000] {processor.py:830} INFO - Processing file /home/airflow/.local/lib/python3.8/site-packages/airflow/example_dags/example_branch_python_dop_operator_3.py for tasks to queue
[2026-04-11T05:34:27.876+0000] {logging_mixin.py:188} INFO - [2026-04-11T05:34:27.876+0000] {dagbag.py:538} INFO - Filling up the DagBag from /home/airflow/.local/lib/python3.8/site-packages/airflow/example_dags/example_branch_python_dop_operator_3.py
[2026-04-11T05:34:27.888+0000] {processor.py:840} INFO - DAG(s) 'example_branch_dop_operator_v3' retrieved from /home/airflow/.local/lib/python3.8/site-packages/airflow/example_dags/example_branch_python_dop_operator_3.py
[2026-04-11T05:34:27.917+0000] {logging_mixin.py:188} INFO - [2026-04-11T05:34:27.916+0000] {dag.py:3036} INFO - Sync 1 DAGs
[2026-04-11T05:34:27.950+0000] {logging_mixin.py:188} INFO - [2026-04-11T05:34:27.949+0000] {dag.py:3823} INFO - Setting next_dagrun for example_branch_dop_operator_v3 to 2026-04-11 05:33:00+00:00, run_after=2026-04-11 05:34:00+00:00
[2026-04-11T05:34:27.970+0000] {processor.py:183} INFO - Processing /home/airflow/.local/lib/python3.8/site-packages/airflow/example_dags/example_branch_python_dop_operator_3.py took 0.103 seconds
[2026-04-11T05:34:58.441+0000] {processor.py:161} INFO - Started process (PID=1141) to work on /home/airflow/.local/lib/python3.8/site-packages/airflow/example_dags/example_branch_python_dop_operator_3.py
[2026-04-11T05:34:58.442+0000] {processor.py:830} INFO - Processing file /home/airflow/.local/lib/python3.8/site-packages/airflow/example_dags/example_branch_python_dop_operator_3.py for tasks to queue
[2026-04-11T05:34:58.444+0000] {logging_mixin.py:188} INFO - [2026-04-11T05:34:58.444+0000] {dagbag.py:538} INFO - Filling up the DagBag from /home/airflow/.local/lib/python3.8/site-packages/airflow/example_dags/example_branch_python_dop_operator_3.py
[2026-04-11T05:34:58.455+0000] {processor.py:840} INFO - DAG(s) 'example_branch_dop_operator_v3' retrieved from /home/airflow/.local/lib/python3.8/site-packages/airflow/example_dags/example_branch_python_dop_operator_3.py
[2026-04-11T05:34:58.481+0000] {logging_mixin.py:188} INFO - [2026-04-11T05:34:58.480+0000] {dag.py:3036} INFO - Sync 1 DAGs
[2026-04-11T05:34:58.514+0000] {logging_mixin.py:188} INFO - [2026-04-11T05:34:58.514+0000] {dag.py:3823} INFO - Setting next_dagrun for example_branch_dop_operator_v3 to 2026-04-11 05:33:00+00:00, run_after=2026-04-11 05:34:00+00:00
[2026-04-11T05:34:58.537+0000] {processor.py:183} INFO - Processing /home/airflow/.local/lib/python3.8/site-packages/airflow/example_dags/example_branch_python_dop_operator_3.py took 0.100 seconds
[2026-04-11T05:35:28.650+0000] {processor.py:161} INFO - Started process (PID=1197) to work on /home/airflow/.local/lib/python3.8/site-packages/airflow/example_dags/example_branch_python_dop_operator_3.py
[2026-04-11T05:35:28.651+0000] {processor.py:830} INFO - Processing file /home/airflow/.local/lib/python3.8/site-packages/airflow/example_dags/example_branch_python_dop_operator_3.py for tasks to queue
[2026-04-11T05:35:28.653+0000] {logging_mixin.py:188} INFO - [2026-04-11T05:35:28.653+0000] {dagbag.py:538} INFO - Filling up the DagBag from /home/airflow/.local/lib/python3.8/site-packages/airflow/example_dags/example_branch_python_dop_operator_3.py
[2026-04-11T05:35:28.665+0000] {processor.py:840} INFO - DAG(s) 'example_branch_dop_operator_v3' retrieved from /home/airflow/.local/lib/python3.8/site-packages/airflow/example_dags/example_branch_python_dop_operator_3.py
[2026-04-11T05:35:28.693+0000] {logging_mixin.py:188} INFO - [2026-04-11T05:35:28.693+0000] {dag.py:3036} INFO - Sync 1 DAGs
[2026-04-11T05:35:28.728+0000] {logging_mixin.py:188} INFO - [2026-04-11T05:35:28.728+0000] {dag.py:3823} INFO - Setting next_dagrun for example_branch_dop_operator_v3 to 2026-04-11 05:34:00+00:00, run_after=2026-04-11 05:35:00+00:00
[2026-04-11T05:35:28.752+0000] {processor.py:183} INFO - Processing /home/airflow/.local/lib/python3.8/site-packages/airflow/example_dags/example_branch_python_dop_operator_3.py took 0.107 seconds
[2026-04-11T05:35:59.281+0000] {processor.py:161} INFO - Started process (PID=1253) to work on /home/airflow/.local/lib/python3.8/site-packages/airflow/example_dags/example_branch_python_dop_operator_3.py
[2026-04-11T05:35:59.283+0000] {processor.py:830} INFO - Processing file /home/airflow/.local/lib/python3.8/site-packages/airflow/example_dags/example_branch_python_dop_operator_3.py for tasks to queue
[2026-04-11T05:35:59.285+0000] {logging_mixin.py:188} INFO - [2026-04-11T05:35:59.285+0000] {dagbag.py:538} INFO - Filling up the DagBag from /home/airflow/.local/lib/python3.8/site-packages/airflow/example_dags/example_branch_python_dop_operator_3.py
[2026-04-11T05:35:59.300+0000] {processor.py:840} INFO - DAG(s) 'example_branch_dop_operator_v3' retrieved from /home/airflow/.local/lib/python3.8/site-packages/airflow/example_dags/example_branch_python_dop_operator_3.py
[2026-04-11T05:35:59.331+0000] {logging_mixin.py:188} INFO - [2026-04-11T05:35:59.331+0000] {dag.py:3036} INFO - Sync 1 DAGs
[2026-04-11T05:35:59.367+0000] {logging_mixin.py:188} INFO - [2026-04-11T05:35:59.366+0000] {dag.py:3823} INFO - Setting next_dagrun for example_branch_dop_operator_v3 to 2026-04-11 05:34:00+00:00, run_after=2026-04-11 05:35:00+00:00
[2026-04-11T05:35:59.389+0000] {processor.py:183} INFO - Processing /home/airflow/.local/lib/python3.8/site-packages/airflow/example_dags/example_branch_python_dop_operator_3.py took 0.112 seconds
[2026-04-11T05:36:29.595+0000] {processor.py:161} INFO - Started process (PID=1309) to work on /home/airflow/.local/lib/python3.8/site-packages/airflow/example_dags/example_branch_python_dop_operator_3.py
[2026-04-11T05:36:29.597+0000] {processor.py:830} INFO - Processing file /home/airflow/.local/lib/python3.8/site-packages/airflow/example_dags/example_branch_python_dop_operator_3.py for tasks to queue
[2026-04-11T05:36:29.599+0000] {logging_mixin.py:188} INFO - [2026-04-11T05:36:29.598+0000] {dagbag.py:538} INFO - Filling up the DagBag from /home/airflow/.local/lib/python3.8/site-packages/airflow/example_dags/example_branch_python_dop_operator_3.py
[2026-04-11T05:36:29.610+0000] {processor.py:840} INFO - DAG(s) 'example_branch_dop_operator_v3' retrieved from /home/airflow/.local/lib/python3.8/site-packages/airflow/example_dags/example_branch_python_dop_operator_3.py
[2026-04-11T05:36:29.637+0000] {logging_mixin.py:188} INFO - [2026-04-11T05:36:29.637+0000] {dag.py:3036} INFO - Sync 1 DAGs
[2026-04-11T05:36:29.669+0000] {logging_mixin.py:188} INFO - [2026-04-11T05:36:29.669+0000] {dag.py:3823} INFO - Setting next_dagrun for example_branch_dop_operator_v3 to 2026-04-11 05:35:00+00:00, run_after=2026-04-11 05:36:00+00:00
[2026-04-11T05:36:29.690+0000] {processor.py:183} INFO - Processing /home/airflow/.local/lib/python3.8/site-packages/airflow/example_dags/example_branch_python_dop_operator_3.py took 0.099 seconds
[2026-04-11T05:36:59.909+0000] {processor.py:161} INFO - Started process (PID=1365) to work on /home/airflow/.local/lib/python3.8/site-packages/airflow/example_dags/example_branch_python_dop_operator_3.py
[2026-04-11T05:36:59.910+0000] {processor.py:830} INFO - Processing file /home/airflow/.local/lib/python3.8/site-packages/airflow/example_dags/example_branch_python_dop_operator_3.py for tasks to queue
[2026-04-11T05:36:59.912+0000] {logging_mixin.py:188} INFO - [2026-04-11T05:36:59.911+0000] {dagbag.py:538} INFO - Filling up the DagBag from /home/airflow/.local/lib/python3.8/site-packages/airflow/example_dags/example_branch_python_dop_operator_3.py
[2026-04-11T05:36:59.923+0000] {processor.py:840} INFO - DAG(s) 'example_branch_dop_operator_v3' retrieved from /home/airflow/.local/lib/python3.8/site-packages/airflow/example_dags/example_branch_python_dop_operator_3.py
[2026-04-11T05:36:59.951+0000] {logging_mixin.py:188} INFO - [2026-04-11T05:36:59.951+0000] {dag.py:3036} INFO - Sync 1 DAGs
[2026-04-11T05:36:59.985+0000] {logging_mixin.py:188} INFO - [2026-04-11T05:36:59.985+0000] {dag.py:3823} INFO - Setting next_dagrun for example_branch_dop_operator_v3 to 2026-04-11 05:35:00+00:00, run_after=2026-04-11 05:36:00+00:00
[2026-04-11T05:37:00.009+0000] {processor.py:183} INFO - Processing /home/airflow/.local/lib/python3.8/site-packages/airflow/example_dags/example_branch_python_dop_operator_3.py took 0.105 seconds
[2026-04-11T05:37:30.238+0000] {processor.py:161} INFO - Started process (PID=1421) to work on /home/airflow/.local/lib/python3.8/site-packages/airflow/example_dags/example_branch_python_dop_operator_3.py
[2026-04-11T05:37:30.239+0000] {processor.py:830} INFO - Processing file /home/airflow/.local/lib/python3.8/site-packages/airflow/example_dags/example_branch_python_dop_operator_3.py for tasks to queue
[2026-04-11T05:37:30.242+0000] {logging_mixin.py:188} INFO - [2026-04-11T05:37:30.241+0000] {dagbag.py:538} INFO - Filling up the DagBag from /home/airflow/.local/lib/python3.8/site-packages/airflow/example_dags/example_branch_python_dop_operator_3.py
[2026-04-11T05:37:30.254+0000] {processor.py:840} INFO - DAG(s) 'example_branch_dop_operator_v3' retrieved from /home/airflow/.local/lib/python3.8/site-packages/airflow/example_dags/example_branch_python_dop_operator_3.py
[2026-04-11T05:37:30.287+0000] {logging_mixin.py:188} INFO - [2026-04-11T05:37:30.286+0000] {dag.py:3036} INFO - Sync 1 DAGs
[2026-04-11T05:37:30.323+0000] {logging_mixin.py:188} INFO - [2026-04-11T05:37:30.322+0000] {dag.py:3823} INFO - Setting next_dagrun for example_branch_dop_operator_v3 to 2026-04-11 05:36:00+00:00, run_after=2026-04-11 05:37:00+00:00
[2026-04-11T05:37:30.350+0000] {processor.py:183} INFO - Processing /home/airflow/.local/lib/python3.8/site-packages/airflow/example_dags/example_branch_python_dop_operator_3.py took 0.117 seconds
[2026-04-11T05:38:00.902+0000] {processor.py:161} INFO - Started process (PID=1477) to work on /home/airflow/.local/lib/python3.8/site-packages/airflow/example_dags/example_branch_python_dop_operator_3.py
[2026-04-11T05:38:00.903+0000] {processor.py:830} INFO - Processing file /home/airflow/.local/lib/python3.8/site-packages/airflow/example_dags/example_branch_python_dop_operator_3.py for tasks to queue
[2026-04-11T05:38:00.906+0000] {logging_mixin.py:188} INFO - [2026-04-11T05:38:00.906+0000] {dagbag.py:538} INFO - Filling up the DagBag from /home/airflow/.local/lib/python3.8/site-packages/airflow/example_dags/example_branch_python_dop_operator_3.py
[2026-04-11T05:38:00.919+0000] {processor.py:840} INFO - DAG(s) 'example_branch_dop_operator_v3' retrieved from /home/airflow/.local/lib/python3.8/site-packages/airflow/example_dags/example_branch_python_dop_operator_3.py
[2026-04-11T05:38:00.947+0000] {logging_mixin.py:188} INFO - [2026-04-11T05:38:00.946+0000] {dag.py:3036} INFO - Sync 1 DAGs
[2026-04-11T05:38:00.983+0000] {logging_mixin.py:188} INFO - [2026-04-11T05:38:00.982+0000] {dag.py:3823} INFO - Setting next_dagrun for example_branch_dop_operator_v3 to 2026-04-11 05:37:00+00:00, run_after=2026-04-11 05:38:00+00:00
[2026-04-11T05:38:01.006+0000] {processor.py:183} INFO - Processing /home/airflow/.local/lib/python3.8/site-packages/airflow/example_dags/example_branch_python_dop_operator_3.py took 0.109 seconds
[2026-04-11T05:38:31.901+0000] {processor.py:161} INFO - Started process (PID=1533) to work on /home/airflow/.local/lib/python3.8/site-packages/airflow/example_dags/example_branch_python_dop_operator_3.py
[2026-04-11T05:38:31.903+0000] {processor.py:830} INFO - Processing file /home/airflow/.local/lib/python3.8/site-packages/airflow/example_dags/example_branch_python_dop_operator_3.py for tasks to queue
[2026-04-11T05:38:31.905+0000] {logging_mixin.py:188} INFO - [2026-04-11T05:38:31.905+0000] {dagbag.py:538} INFO - Filling up the DagBag from /home/airflow/.local/lib/python3.8/site-packages/airflow/example_dags/example_branch_python_dop_operator_3.py
[2026-04-11T05:38:31.919+0000] {processor.py:840} INFO - DAG(s) 'example_branch_dop_operator_v3' retrieved from /home/airflow/.local/lib/python3.8/site-packages/airflow/example_dags/example_branch_python_dop_operator_3.py
[2026-04-11T05:38:31.950+0000] {logging_mixin.py:188} INFO - [2026-04-11T05:38:31.950+0000] {dag.py:3036} INFO - Sync 1 DAGs
[2026-04-11T05:38:31.988+0000] {logging_mixin.py:188} INFO - [2026-04-11T05:38:31.988+0000] {dag.py:3823} INFO - Setting next_dagrun for example_branch_dop_operator_v3 to 2026-04-11 05:37:00+00:00, run_after=2026-04-11 05:38:00+00:00
[2026-04-11T05:38:32.012+0000] {processor.py:183} INFO - Processing /home/airflow/.local/lib/python3.8/site-packages/airflow/example_dags/example_branch_python_dop_operator_3.py took 0.117 seconds
[2026-04-11T05:39:02.098+0000] {processor.py:161} INFO - Started process (PID=1588) to work on /home/airflow/.local/lib/python3.8/site-packages/airflow/example_dags/example_branch_python_dop_operator_3.py
[2026-04-11T05:39:02.099+0000] {processor.py:830} INFO - Processing file /home/airflow/.local/lib/python3.8/site-packages/airflow/example_dags/example_branch_python_dop_operator_3.py for tasks to queue
[2026-04-11T05:39:02.101+0000] {logging_mixin.py:188} INFO - [2026-04-11T05:39:02.101+0000] {dagbag.py:538} INFO - Filling up the DagBag from /home/airflow/.local/lib/python3.8/site-packages/airflow/example_dags/example_branch_python_dop_operator_3.py
[2026-04-11T05:39:02.114+0000] {processor.py:840} INFO - DAG(s) 'example_branch_dop_operator_v3' retrieved from /home/airflow/.local/lib/python3.8/site-packages/airflow/example_dags/example_branch_python_dop_operator_3.py
[2026-04-11T05:39:02.142+0000] {logging_mixin.py:188} INFO - [2026-04-11T05:39:02.142+0000] {dag.py:3036} INFO - Sync 1 DAGs
[2026-04-11T05:39:02.180+0000] {logging_mixin.py:188} INFO - [2026-04-11T05:39:02.180+0000] {dag.py:3823} INFO - Setting next_dagrun for example_branch_dop_operator_v3 to 2026-04-11 05:38:00+00:00, run_after=2026-04-11 05:39:00+00:00
[2026-04-11T05:39:02.206+0000] {processor.py:183} INFO - Processing /home/airflow/.local/lib/python3.8/site-packages/airflow/example_dags/example_branch_python_dop_operator_3.py took 0.113 seconds
[2026-04-11T05:39:32.632+0000] {processor.py:161} INFO - Started process (PID=1644) to work on /home/airflow/.local/lib/python3.8/site-packages/airflow/example_dags/example_branch_python_dop_operator_3.py
[2026-04-11T05:39:32.633+0000] {processor.py:830} INFO - Processing file /home/airflow/.local/lib/python3.8/site-packages/airflow/example_dags/example_branch_python_dop_operator_3.py for tasks to queue
[2026-04-11T05:39:32.636+0000] {logging_mixin.py:188} INFO - [2026-04-11T05:39:32.635+0000] {dagbag.py:538} INFO - Filling up the DagBag from /home/airflow/.local/lib/python3.8/site-packages/airflow/example_dags/example_branch_python_dop_operator_3.py
[2026-04-11T05:39:32.647+0000] {processor.py:840} INFO - DAG(s) 'example_branch_dop_operator_v3' retrieved from /home/airflow/.local/lib/python3.8/site-packages/airflow/example_dags/example_branch_python_dop_operator_3.py
[2026-04-11T05:39:32.677+0000] {logging_mixin.py:188} INFO - [2026-04-11T05:39:32.677+0000] {dag.py:3036} INFO - Sync 1 DAGs
[2026-04-11T05:39:32.714+0000] {logging_mixin.py:188} INFO - [2026-04-11T05:39:32.713+0000] {dag.py:3823} INFO - Setting next_dagrun for example_branch_dop_operator_v3 to 2026-04-11 05:38:00+00:00, run_after=2026-04-11 05:39:00+00:00
[2026-04-11T05:39:32.738+0000] {processor.py:183} INFO - Processing /home/airflow/.local/lib/python3.8/site-packages/airflow/example_dags/example_branch_python_dop_operator_3.py took 0.110 seconds
[2026-04-11T05:40:03.423+0000] {processor.py:161} INFO - Started process (PID=1700) to work on /home/airflow/.local/lib/python3.8/site-packages/airflow/example_dags/example_branch_python_dop_operator_3.py
[2026-04-11T05:40:03.425+0000] {processor.py:830} INFO - Processing file /home/airflow/.local/lib/python3.8/site-packages/airflow/example_dags/example_branch_python_dop_operator_3.py for tasks to queue
[2026-04-11T05:40:03.427+0000] {logging_mixin.py:188} INFO - [2026-04-11T05:40:03.427+0000] {dagbag.py:538} INFO - Filling up the DagBag from /home/airflow/.local/lib/python3.8/site-packages/airflow/example_dags/example_branch_python_dop_operator_3.py
[2026-04-11T05:40:03.440+0000] {processor.py:840} INFO - DAG(s) 'example_branch_dop_operator_v3' retrieved from /home/airflow/.local/lib/python3.8/site-packages/airflow/example_dags/example_branch_python_dop_operator_3.py
[2026-04-11T05:40:03.473+0000] {logging_mixin.py:188} INFO - [2026-04-11T05:40:03.472+0000] {dag.py:3036} INFO - Sync 1 DAGs
[2026-04-11T05:40:03.513+0000] {logging_mixin.py:188} INFO - [2026-04-11T05:40:03.513+0000] {dag.py:3823} INFO - Setting next_dagrun for example_branch_dop_operator_v3 to 2026-04-11 05:39:00+00:00, run_after=2026-04-11 05:40:00+00:00
[2026-04-11T05:40:03.541+0000] {processor.py:183} INFO - Processing /home/airflow/.local/lib/python3.8/site-packages/airflow/example_dags/example_branch_python_dop_operator_3.py took 0.123 seconds
[2026-04-11T05:40:33.782+0000] {processor.py:161} INFO - Started process (PID=1756) to work on /home/airflow/.local/lib/python3.8/site-packages/airflow/example_dags/example_branch_python_dop_operator_3.py
[2026-04-11T05:40:33.783+0000] {processor.py:830} INFO - Processing file /home/airflow/.local/lib/python3.8/site-packages/airflow/example_dags/example_branch_python_dop_operator_3.py for tasks to queue
[2026-04-11T05:40:33.786+0000] {logging_mixin.py:188} INFO - [2026-04-11T05:40:33.785+0000] {dagbag.py:538} INFO - Filling up the DagBag from /home/airflow/.local/lib/python3.8/site-packages/airflow/example_dags/example_branch_python_dop_operator_3.py
[2026-04-11T05:40:33.797+0000] {processor.py:840} INFO - DAG(s) 'example_branch_dop_operator_v3' retrieved from /home/airflow/.local/lib/python3.8/site-packages/airflow/example_dags/example_branch_python_dop_operator_3.py
[2026-04-11T05:40:33.828+0000] {logging_mixin.py:188} INFO - [2026-04-11T05:40:33.828+0000] {dag.py:3036} INFO - Sync 1 DAGs
[2026-04-11T05:40:33.866+0000] {logging_mixin.py:188} INFO - [2026-04-11T05:40:33.865+0000] {dag.py:3823} INFO - Setting next_dagrun for example_branch_dop_operator_v3 to 2026-04-11 05:39:00+00:00, run_after=2026-04-11 05:40:00+00:00
[2026-04-11T05:40:33.889+0000] {processor.py:183} INFO - Processing /home/airflow/.local/lib/python3.8/site-packages/airflow/example_dags/example_branch_python_dop_operator_3.py took 0.112 seconds
[2026-04-11T05:41:03.956+0000] {processor.py:161} INFO - Started process (PID=1812) to work on /home/airflow/.local/lib/python3.8/site-packages/airflow/example_dags/example_branch_python_dop_operator_3.py
[2026-04-11T05:41:03.957+0000] {processor.py:830} INFO - Processing file /home/airflow/.local/lib/python3.8/site-packages/airflow/example_dags/example_branch_python_dop_operator_3.py for tasks to queue
[2026-04-11T05:41:03.960+0000] {logging_mixin.py:188} INFO - [2026-04-11T05:41:03.959+0000] {dagbag.py:538} INFO - Filling up the DagBag from /home/airflow/.local/lib/python3.8/site-packages/airflow/example_dags/example_branch_python_dop_operator_3.py
[2026-04-11T05:41:03.973+0000] {processor.py:840} INFO - DAG(s) 'example_branch_dop_operator_v3' retrieved from /home/airflow/.local/lib/python3.8/site-packages/airflow/example_dags/example_branch_python_dop_operator_3.py
[2026-04-11T05:41:04.005+0000] {logging_mixin.py:188} INFO - [2026-04-11T05:41:04.005+0000] {dag.py:3036} INFO - Sync 1 DAGs
[2026-04-11T05:41:04.051+0000] {logging_mixin.py:188} INFO - [2026-04-11T05:41:04.051+0000] {dag.py:3823} INFO - Setting next_dagrun for example_branch_dop_operator_v3 to 2026-04-11 05:40:00+00:00, run_after=2026-04-11 05:41:00+00:00
[2026-04-11T05:41:04.080+0000] {processor.py:183} INFO - Processing /home/airflow/.local/lib/python3.8/site-packages/airflow/example_dags/example_branch_python_dop_operator_3.py took 0.129 seconds
[2026-04-11T05:41:34.310+0000] {processor.py:161} INFO - Started process (PID=1868) to work on /home/airflow/.local/lib/python3.8/site-packages/airflow/example_dags/example_branch_python_dop_operator_3.py
[2026-04-11T05:41:34.311+0000] {processor.py:830} INFO - Processing file /home/airflow/.local/lib/python3.8/site-packages/airflow/example_dags/example_branch_python_dop_operator_3.py for tasks to queue
[2026-04-11T05:41:34.313+0000] {logging_mixin.py:188} INFO - [2026-04-11T05:41:34.313+0000] {dagbag.py:538} INFO - Filling up the DagBag from /home/airflow/.local/lib/python3.8/site-packages/airflow/example_dags/example_branch_python_dop_operator_3.py
[2026-04-11T05:41:34.324+0000] {processor.py:840} INFO - DAG(s) 'example_branch_dop_operator_v3' retrieved from /home/airflow/.local/lib/python3.8/site-packages/airflow/example_dags/example_branch_python_dop_operator_3.py
[2026-04-11T05:41:34.354+0000] {logging_mixin.py:188} INFO - [2026-04-11T05:41:34.354+0000] {dag.py:3036} INFO - Sync 1 DAGs
[2026-04-11T05:41:34.390+0000] {logging_mixin.py:188} INFO - [2026-04-11T05:41:34.390+0000] {dag.py:3823} INFO - Setting next_dagrun for example_branch_dop_operator_v3 to 2026-04-11 05:40:00+00:00, run_after=2026-04-11 05:41:00+00:00
[2026-04-11T05:41:34.413+0000] {processor.py:183} INFO - Processing /home/airflow/.local/lib/python3.8/site-packages/airflow/example_dags/example_branch_python_dop_operator_3.py took 0.108 seconds
[2026-04-11T05:42:04.551+0000] {processor.py:161} INFO - Started process (PID=1924) to work on /home/airflow/.local/lib/python3.8/site-packages/airflow/example_dags/example_branch_python_dop_operator_3.py
[2026-04-11T05:42:04.553+0000] {processor.py:830} INFO - Processing file /home/airflow/.local/lib/python3.8/site-packages/airflow/example_dags/example_branch_python_dop_operator_3.py for tasks to queue
[2026-04-11T05:42:04.555+0000] {logging_mixin.py:188} INFO - [2026-04-11T05:42:04.555+0000] {dagbag.py:538} INFO - Filling up the DagBag from /home/airflow/.local/lib/python3.8/site-packages/airflow/example_dags/example_branch_python_dop_operator_3.py
[2026-04-11T05:42:04.567+0000] {processor.py:840} INFO - DAG(s) 'example_branch_dop_operator_v3' retrieved from /home/airflow/.local/lib/python3.8/site-packages/airflow/example_dags/example_branch_python_dop_operator_3.py
[2026-04-11T05:42:04.596+0000] {logging_mixin.py:188} INFO - [2026-04-11T05:42:04.596+0000] {dag.py:3036} INFO - Sync 1 DAGs
[2026-04-11T05:42:04.631+0000] {logging_mixin.py:188} INFO - [2026-04-11T05:42:04.631+0000] {dag.py:3823} INFO - Setting next_dagrun for example_branch_dop_operator_v3 to 2026-04-11 05:41:00+00:00, run_after=2026-04-11 05:42:00+00:00
[2026-04-11T05:42:04.656+0000] {processor.py:183} INFO - Processing /home/airflow/.local/lib/python3.8/site-packages/airflow/example_dags/example_branch_python_dop_operator_3.py took 0.109 seconds
[2026-04-11T05:42:34.790+0000] {processor.py:161} INFO - Started process (PID=1980) to work on /home/airflow/.local/lib/python3.8/site-packages/airflow/example_dags/example_branch_python_dop_operator_3.py
[2026-04-11T05:42:34.792+0000] {processor.py:830} INFO - Processing file /home/airflow/.local/lib/python3.8/site-packages/airflow/example_dags/example_branch_python_dop_operator_3.py for tasks to queue
[2026-04-11T05:42:34.794+0000] {logging_mixin.py:188} INFO - [2026-04-11T05:42:34.793+0000] {dagbag.py:538} INFO - Filling up the DagBag from /home/airflow/.local/lib/python3.8/site-packages/airflow/example_dags/example_branch_python_dop_operator_3.py
[2026-04-11T05:42:34.805+0000] {processor.py:840} INFO - DAG(s) 'example_branch_dop_operator_v3' retrieved from /home/airflow/.local/lib/python3.8/site-packages/airflow/example_dags/example_branch_python_dop_operator_3.py
[2026-04-11T05:42:34.832+0000] {logging_mixin.py:188} INFO - [2026-04-11T05:42:34.831+0000] {dag.py:3036} INFO - Sync 1 DAGs
[2026-04-11T05:42:34.865+0000] {logging_mixin.py:188} INFO - [2026-04-11T05:42:34.865+0000] {dag.py:3823} INFO - Setting next_dagrun for example_branch_dop_operator_v3 to 2026-04-11 05:41:00+00:00, run_after=2026-04-11 05:42:00+00:00
[2026-04-11T05:42:34.888+0000] {processor.py:183} INFO - Processing /home/airflow/.local/lib/python3.8/site-packages/airflow/example_dags/example_branch_python_dop_operator_3.py took 0.101 seconds
[2026-04-11T05:43:05.298+0000] {processor.py:161} INFO - Started process (PID=2036) to work on /home/airflow/.local/lib/python3.8/site-packages/airflow/example_dags/example_branch_python_dop_operator_3.py
[2026-04-11T05:43:05.299+0000] {processor.py:830} INFO - Processing file /home/airflow/.local/lib/python3.8/site-packages/airflow/example_dags/example_branch_python_dop_operator_3.py for tasks to queue
[2026-04-11T05:43:05.302+0000] {logging_mixin.py:188} INFO - [2026-04-11T05:43:05.301+0000] {dagbag.py:538} INFO - Filling up the DagBag from /home/airflow/.local/lib/python3.8/site-packages/airflow/example_dags/example_branch_python_dop_operator_3.py
[2026-04-11T05:43:05.313+0000] {processor.py:840} INFO - DAG(s) 'example_branch_dop_operator_v3' retrieved from /home/airflow/.local/lib/python3.8/site-packages/airflow/example_dags/example_branch_python_dop_operator_3.py
[2026-04-11T05:43:05.340+0000] {logging_mixin.py:188} INFO - [2026-04-11T05:43:05.340+0000] {dag.py:3036} INFO - Sync 1 DAGs
[2026-04-11T05:43:05.373+0000] {logging_mixin.py:188} INFO - [2026-04-11T05:43:05.373+0000] {dag.py:3823} INFO - Setting next_dagrun for example_branch_dop_operator_v3 to 2026-04-11 05:42:00+00:00, run_after=2026-04-11 05:43:00+00:00
[2026-04-11T05:43:05.396+0000] {processor.py:183} INFO - Processing /home/airflow/.local/lib/python3.8/site-packages/airflow/example_dags/example_branch_python_dop_operator_3.py took 0.101 seconds
[2026-04-11T05:43:35.815+0000] {processor.py:161} INFO - Started process (PID=2092) to work on /home/airflow/.local/lib/python3.8/site-packages/airflow/example_dags/example_branch_python_dop_operator_3.py
[2026-04-11T05:43:35.817+0000] {processor.py:830} INFO - Processing file /home/airflow/.local/lib/python3.8/site-packages/airflow/example_dags/example_branch_python_dop_operator_3.py for tasks to queue
[2026-04-11T05:43:35.819+0000] {logging_mixin.py:188} INFO - [2026-04-11T05:43:35.819+0000] {dagbag.py:538} INFO - Filling up the DagBag from /home/airflow/.local/lib/python3.8/site-packages/airflow/example_dags/example_branch_python_dop_operator_3.py
[2026-04-11T05:43:35.838+0000] {processor.py:840} INFO - DAG(s) 'example_branch_dop_operator_v3' retrieved from /home/airflow/.local/lib/python3.8/site-packages/airflow/example_dags/example_branch_python_dop_operator_3.py
[2026-04-11T05:43:35.878+0000] {logging_mixin.py:188} INFO - [2026-04-11T05:43:35.877+0000] {dag.py:3036} INFO - Sync 1 DAGs
[2026-04-11T05:43:35.927+0000] {logging_mixin.py:188} INFO - [2026-04-11T05:43:35.927+0000] {dag.py:3823} INFO - Setting next_dagrun for example_branch_dop_operator_v3 to 2026-04-11 05:42:00+00:00, run_after=2026-04-11 05:43:00+00:00
[2026-04-11T05:43:35.971+0000] {processor.py:183} INFO - Processing /home/airflow/.local/lib/python3.8/site-packages/airflow/example_dags/example_branch_python_dop_operator_3.py took 0.162 seconds
[2026-04-11T05:44:06.042+0000] {processor.py:161} INFO - Started process (PID=2148) to work on /home/airflow/.local/lib/python3.8/site-packages/airflow/example_dags/example_branch_python_dop_operator_3.py
[2026-04-11T05:44:06.044+0000] {processor.py:830} INFO - Processing file /home/airflow/.local/lib/python3.8/site-packages/airflow/example_dags/example_branch_python_dop_operator_3.py for tasks to queue
[2026-04-11T05:44:06.047+0000] {logging_mixin.py:188} INFO - [2026-04-11T05:44:06.046+0000] {dagbag.py:538} INFO - Filling up the DagBag from /home/airflow/.local/lib/python3.8/site-packages/airflow/example_dags/example_branch_python_dop_operator_3.py
[2026-04-11T05:44:06.059+0000] {processor.py:840} INFO - DAG(s) 'example_branch_dop_operator_v3' retrieved from /home/airflow/.local/lib/python3.8/site-packages/airflow/example_dags/example_branch_python_dop_operator_3.py
[2026-04-11T05:44:06.091+0000] {logging_mixin.py:188} INFO - [2026-04-11T05:44:06.090+0000] {dag.py:3036} INFO - Sync 1 DAGs
[2026-04-11T05:44:06.130+0000] {logging_mixin.py:188} INFO - [2026-04-11T05:44:06.129+0000] {dag.py:3823} INFO - Setting next_dagrun for example_branch_dop_operator_v3 to 2026-04-11 05:43:00+00:00, run_after=2026-04-11 05:44:00+00:00
[2026-04-11T05:44:06.154+0000] {processor.py:183} INFO - Processing /home/airflow/.local/lib/python3.8/site-packages/airflow/example_dags/example_branch_python_dop_operator_3.py took 0.117 seconds
[2026-04-11T05:44:36.303+0000] {processor.py:161} INFO - Started process (PID=2204) to work on /home/airflow/.local/lib/python3.8/site-packages/airflow/example_dags/example_branch_python_dop_operator_3.py
[2026-04-11T05:44:36.304+0000] {processor.py:830} INFO - Processing file /home/airflow/.local/lib/python3.8/site-packages/airflow/example_dags/example_branch_python_dop_operator_3.py for tasks to queue
[2026-04-11T05:44:36.306+0000] {logging_mixin.py:188} INFO - [2026-04-11T05:44:36.306+0000] {dagbag.py:538} INFO - Filling up the DagBag from /home/airflow/.local/lib/python3.8/site-packages/airflow/example_dags/example_branch_python_dop_operator_3.py
[2026-04-11T05:44:36.320+0000] {processor.py:840} INFO - DAG(s) 'example_branch_dop_operator_v3' retrieved from /home/airflow/.local/lib/python3.8/site-packages/airflow/example_dags/example_branch_python_dop_operator_3.py
[2026-04-11T05:44:36.350+0000] {logging_mixin.py:188} INFO - [2026-04-11T05:44:36.349+0000] {dag.py:3036} INFO - Sync 1 DAGs
[2026-04-11T05:44:36.385+0000] {logging_mixin.py:188} INFO - [2026-04-11T05:44:36.385+0000] {dag.py:3823} INFO - Setting next_dagrun for example_branch_dop_operator_v3 to 2026-04-11 05:43:00+00:00, run_after=2026-04-11 05:44:00+00:00
[2026-04-11T05:44:36.409+0000] {processor.py:183} INFO - Processing /home/airflow/.local/lib/python3.8/site-packages/airflow/example_dags/example_branch_python_dop_operator_3.py took 0.111 seconds
[2026-04-11T05:45:07.144+0000] {processor.py:161} INFO - Started process (PID=2258) to work on /home/airflow/.local/lib/python3.8/site-packages/airflow/example_dags/example_branch_python_dop_operator_3.py
[2026-04-11T05:45:07.145+0000] {processor.py:830} INFO - Processing file /home/airflow/.local/lib/python3.8/site-packages/airflow/example_dags/example_branch_python_dop_operator_3.py for tasks to queue
[2026-04-11T05:45:07.148+0000] {logging_mixin.py:188} INFO - [2026-04-11T05:45:07.147+0000] {dagbag.py:538} INFO - Filling up the DagBag from /home/airflow/.local/lib/python3.8/site-packages/airflow/example_dags/example_branch_python_dop_operator_3.py
[2026-04-11T05:45:07.159+0000] {processor.py:840} INFO - DAG(s) 'example_branch_dop_operator_v3' retrieved from /home/airflow/.local/lib/python3.8/site-packages/airflow/example_dags/example_branch_python_dop_operator_3.py
[2026-04-11T05:45:07.190+0000] {logging_mixin.py:188} INFO - [2026-04-11T05:45:07.189+0000] {dag.py:3036} INFO - Sync 1 DAGs
[2026-04-11T05:45:07.226+0000] {logging_mixin.py:188} INFO - [2026-04-11T05:45:07.225+0000] {dag.py:3823} INFO - Setting next_dagrun for example_branch_dop_operator_v3 to 2026-04-11 05:44:00+00:00, run_after=2026-04-11 05:45:00+00:00
[2026-04-11T05:45:07.250+0000] {processor.py:183} INFO - Processing /home/airflow/.local/lib/python3.8/site-packages/airflow/example_dags/example_branch_python_dop_operator_3.py took 0.110 seconds
[2026-04-11T05:45:37.385+0000] {processor.py:161} INFO - Started process (PID=2314) to work on /home/airflow/.local/lib/python3.8/site-packages/airflow/example_dags/example_branch_python_dop_operator_3.py
[2026-04-11T05:45:37.386+0000] {processor.py:830} INFO - Processing file /home/airflow/.local/lib/python3.8/site-packages/airflow/example_dags/example_branch_python_dop_operator_3.py for tasks to queue
[2026-04-11T05:45:37.389+0000] {logging_mixin.py:188} INFO - [2026-04-11T05:45:37.388+0000] {dagbag.py:538} INFO - Filling up the DagBag from /home/airflow/.local/lib/python3.8/site-packages/airflow/example_dags/example_branch_python_dop_operator_3.py
[2026-04-11T05:45:37.402+0000] {processor.py:840} INFO - DAG(s) 'example_branch_dop_operator_v3' retrieved from /home/airflow/.local/lib/python3.8/site-packages/airflow/example_dags/example_branch_python_dop_operator_3.py
[2026-04-11T05:45:37.434+0000] {logging_mixin.py:188} INFO - [2026-04-11T05:45:37.434+0000] {dag.py:3036} INFO - Sync 1 DAGs
[2026-04-11T05:45:37.474+0000] {logging_mixin.py:188} INFO - [2026-04-11T05:45:37.474+0000] {dag.py:3823} INFO - Setting next_dagrun for example_branch_dop_operator_v3 to 2026-04-11 05:44:00+00:00, run_after=2026-04-11 05:45:00+00:00
[2026-04-11T05:45:37.502+0000] {processor.py:183} INFO - Processing /home/airflow/.local/lib/python3.8/site-packages/airflow/example_dags/example_branch_python_dop_operator_3.py took 0.122 seconds
[2026-04-11T05:46:07.602+0000] {processor.py:161} INFO - Started process (PID=2370) to work on /home/airflow/.local/lib/python3.8/site-packages/airflow/example_dags/example_branch_python_dop_operator_3.py
[2026-04-11T05:46:07.603+0000] {processor.py:830} INFO - Processing file /home/airflow/.local/lib/python3.8/site-packages/airflow/example_dags/example_branch_python_dop_operator_3.py for tasks to queue
[2026-04-11T05:46:07.606+0000] {logging_mixin.py:188} INFO - [2026-04-11T05:46:07.605+0000] {dagbag.py:538} INFO - Filling up the DagBag from /home/airflow/.local/lib/python3.8/site-packages/airflow/example_dags/example_branch_python_dop_operator_3.py
[2026-04-11T05:46:07.618+0000] {processor.py:840} INFO - DAG(s) 'example_branch_dop_operator_v3' retrieved from /home/airflow/.local/lib/python3.8/site-packages/airflow/example_dags/example_branch_python_dop_operator_3.py
[2026-04-11T05:46:07.649+0000] {logging_mixin.py:188} INFO - [2026-04-11T05:46:07.648+0000] {dag.py:3036} INFO - Sync 1 DAGs
[2026-04-11T05:46:07.684+0000] {logging_mixin.py:188} INFO - [2026-04-11T05:46:07.684+0000] {dag.py:3823} INFO - Setting next_dagrun for example_branch_dop_operator_v3 to 2026-04-11 05:45:00+00:00, run_after=2026-04-11 05:46:00+00:00
[2026-04-11T05:46:07.709+0000] {processor.py:183} INFO - Processing /home/airflow/.local/lib/python3.8/site-packages/airflow/example_dags/example_branch_python_dop_operator_3.py took 0.112 seconds
[2026-04-11T05:46:38.168+0000] {processor.py:161} INFO - Started process (PID=2426) to work on /home/airflow/.local/lib/python3.8/site-packages/airflow/example_dags/example_branch_python_dop_operator_3.py
[2026-04-11T05:46:38.169+0000] {processor.py:830} INFO - Processing file /home/airflow/.local/lib/python3.8/site-packages/airflow/example_dags/example_branch_python_dop_operator_3.py for tasks to queue
[2026-04-11T05:46:38.172+0000] {logging_mixin.py:188} INFO - [2026-04-11T05:46:38.171+0000] {dagbag.py:538} INFO - Filling up the DagBag from /home/airflow/.local/lib/python3.8/site-packages/airflow/example_dags/example_branch_python_dop_operator_3.py
[2026-04-11T05:46:38.184+0000] {processor.py:840} INFO - DAG(s) 'example_branch_dop_operator_v3' retrieved from /home/airflow/.local/lib/python3.8/site-packages/airflow/example_dags/example_branch_python_dop_operator_3.py
[2026-04-11T05:46:38.217+0000] {logging_mixin.py:188} INFO - [2026-04-11T05:46:38.216+0000] {dag.py:3036} INFO - Sync 1 DAGs
[2026-04-11T05:46:38.256+0000] {logging_mixin.py:188} INFO - [2026-04-11T05:46:38.256+0000] {dag.py:3823} INFO - Setting next_dagrun for example_branch_dop_operator_v3 to 2026-04-11 05:45:00+00:00, run_after=2026-04-11 05:46:00+00:00
[2026-04-11T05:46:38.283+0000] {processor.py:183} INFO - Processing /home/airflow/.local/lib/python3.8/site-packages/airflow/example_dags/example_branch_python_dop_operator_3.py took 0.120 seconds
[2026-04-11T05:47:09.016+0000] {processor.py:161} INFO - Started process (PID=2482) to work on /home/airflow/.local/lib/python3.8/site-packages/airflow/example_dags/example_branch_python_dop_operator_3.py
[2026-04-11T05:47:09.017+0000] {processor.py:830} INFO - Processing file /home/airflow/.local/lib/python3.8/site-packages/airflow/example_dags/example_branch_python_dop_operator_3.py for tasks to queue
[2026-04-11T05:47:09.019+0000] {logging_mixin.py:188} INFO - [2026-04-11T05:47:09.019+0000] {dagbag.py:538} INFO - Filling up the DagBag from /home/airflow/.local/lib/python3.8/site-packages/airflow/example_dags/example_branch_python_dop_operator_3.py
[2026-04-11T05:47:09.031+0000] {processor.py:840} INFO - DAG(s) 'example_branch_dop_operator_v3' retrieved from /home/airflow/.local/lib/python3.8/site-packages/airflow/example_dags/example_branch_python_dop_operator_3.py
[2026-04-11T05:47:09.061+0000] {logging_mixin.py:188} INFO - [2026-04-11T05:47:09.061+0000] {dag.py:3036} INFO - Sync 1 DAGs
[2026-04-11T05:47:09.095+0000] {logging_mixin.py:188} INFO - [2026-04-11T05:47:09.095+0000] {dag.py:3823} INFO - Setting next_dagrun for example_branch_dop_operator_v3 to 2026-04-11 05:46:00+00:00, run_after=2026-04-11 05:47:00+00:00
[2026-04-11T05:47:09.118+0000] {processor.py:183} INFO - Processing /home/airflow/.local/lib/python3.8/site-packages/airflow/example_dags/example_branch_python_dop_operator_3.py took 0.108 seconds
[2026-04-11T05:47:39.433+0000] {processor.py:161} INFO - Started process (PID=2538) to work on /home/airflow/.local/lib/python3.8/site-packages/airflow/example_dags/example_branch_python_dop_operator_3.py
[2026-04-11T05:47:39.434+0000] {processor.py:830} INFO - Processing file /home/airflow/.local/lib/python3.8/site-packages/airflow/example_dags/example_branch_python_dop_operator_3.py for tasks to queue
[2026-04-11T05:47:39.436+0000] {logging_mixin.py:188} INFO - [2026-04-11T05:47:39.436+0000] {dagbag.py:538} INFO - Filling up the DagBag from /home/airflow/.local/lib/python3.8/site-packages/airflow/example_dags/example_branch_python_dop_operator_3.py
[2026-04-11T05:47:39.448+0000] {processor.py:840} INFO - DAG(s) 'example_branch_dop_operator_v3' retrieved from /home/airflow/.local/lib/python3.8/site-packages/airflow/example_dags/example_branch_python_dop_operator_3.py
[2026-04-11T05:47:39.479+0000] {logging_mixin.py:188} INFO - [2026-04-11T05:47:39.478+0000] {dag.py:3036} INFO - Sync 1 DAGs
[2026-04-11T05:47:39.513+0000] {logging_mixin.py:188} INFO - [2026-04-11T05:47:39.513+0000] {dag.py:3823} INFO - Setting next_dagrun for example_branch_dop_operator_v3 to 2026-04-11 05:46:00+00:00, run_after=2026-04-11 05:47:00+00:00
[2026-04-11T05:47:39.537+0000] {processor.py:183} INFO - Processing /home/airflow/.local/lib/python3.8/site-packages/airflow/example_dags/example_branch_python_dop_operator_3.py took 0.109 seconds
[2026-04-11T05:48:09.808+0000] {processor.py:161} INFO - Started process (PID=2594) to work on /home/airflow/.local/lib/python3.8/site-packages/airflow/example_dags/example_branch_python_dop_operator_3.py
[2026-04-11T05:48:09.809+0000] {processor.py:830} INFO - Processing file /home/airflow/.local/lib/python3.8/site-packages/airflow/example_dags/example_branch_python_dop_operator_3.py for tasks to queue
[2026-04-11T05:48:09.812+0000] {logging_mixin.py:188} INFO - [2026-04-11T05:48:09.812+0000] {dagbag.py:538} INFO - Filling up the DagBag from /home/airflow/.local/lib/python3.8/site-packages/airflow/example_dags/example_branch_python_dop_operator_3.py
[2026-04-11T05:48:09.824+0000] {processor.py:840} INFO - DAG(s) 'example_branch_dop_operator_v3' retrieved from /home/airflow/.local/lib/python3.8/site-packages/airflow/example_dags/example_branch_python_dop_operator_3.py
[2026-04-11T05:48:09.853+0000] {logging_mixin.py:188} INFO - [2026-04-11T05:48:09.852+0000] {dag.py:3036} INFO - Sync 1 DAGs
[2026-04-11T05:48:09.896+0000] {logging_mixin.py:188} INFO - [2026-04-11T05:48:09.895+0000] {dag.py:3823} INFO - Setting next_dagrun for example_branch_dop_operator_v3 to 2026-04-11 05:47:00+00:00, run_after=2026-04-11 05:48:00+00:00
[2026-04-11T05:48:09.926+0000] {processor.py:183} INFO - Processing /home/airflow/.local/lib/python3.8/site-packages/airflow/example_dags/example_branch_python_dop_operator_3.py took 0.124 seconds
[2026-04-11T05:48:41.776+0000] {processor.py:161} INFO - Started process (PID=2650) to work on /home/airflow/.local/lib/python3.8/site-packages/airflow/example_dags/example_branch_python_dop_operator_3.py
[2026-04-11T05:48:41.777+0000] {processor.py:830} INFO - Processing file /home/airflow/.local/lib/python3.8/site-packages/airflow/example_dags/example_branch_python_dop_operator_3.py for tasks to queue
[2026-04-11T05:48:41.779+0000] {logging_mixin.py:188} INFO - [2026-04-11T05:48:41.779+0000] {dagbag.py:538} INFO - Filling up the DagBag from /home/airflow/.local/lib/python3.8/site-packages/airflow/example_dags/example_branch_python_dop_operator_3.py
[2026-04-11T05:48:41.790+0000] {processor.py:840} INFO - DAG(s) 'example_branch_dop_operator_v3' retrieved from /home/airflow/.local/lib/python3.8/site-packages/airflow/example_dags/example_branch_python_dop_operator_3.py
[2026-04-11T05:48:41.816+0000] {logging_mixin.py:188} INFO - [2026-04-11T05:48:41.816+0000] {dag.py:3036} INFO - Sync 1 DAGs
[2026-04-11T05:48:42.005+0000] {logging_mixin.py:188} INFO - [2026-04-11T05:48:42.004+0000] {dag.py:3823} INFO - Setting next_dagrun for example_branch_dop_operator_v3 to 2026-04-11 05:47:00+00:00, run_after=2026-04-11 05:48:00+00:00
[2026-04-11T05:48:42.026+0000] {processor.py:183} INFO - Processing /home/airflow/.local/lib/python3.8/site-packages/airflow/example_dags/example_branch_python_dop_operator_3.py took 0.256 seconds
[2026-04-11T05:49:12.614+0000] {processor.py:161} INFO - Started process (PID=2707) to work on /home/airflow/.local/lib/python3.8/site-packages/airflow/example_dags/example_branch_python_dop_operator_3.py
[2026-04-11T05:49:12.615+0000] {processor.py:830} INFO - Processing file /home/airflow/.local/lib/python3.8/site-packages/airflow/example_dags/example_branch_python_dop_operator_3.py for tasks to queue
[2026-04-11T05:49:12.617+0000] {logging_mixin.py:188} INFO - [2026-04-11T05:49:12.617+0000] {dagbag.py:538} INFO - Filling up the DagBag from /home/airflow/.local/lib/python3.8/site-packages/airflow/example_dags/example_branch_python_dop_operator_3.py
[2026-04-11T05:49:12.629+0000] {processor.py:840} INFO - DAG(s) 'example_branch_dop_operator_v3' retrieved from /home/airflow/.local/lib/python3.8/site-packages/airflow/example_dags/example_branch_python_dop_operator_3.py
[2026-04-11T05:49:12.655+0000] {logging_mixin.py:188} INFO - [2026-04-11T05:49:12.655+0000] {dag.py:3036} INFO - Sync 1 DAGs
[2026-04-11T05:49:12.840+0000] {logging_mixin.py:188} INFO - [2026-04-11T05:49:12.840+0000] {dag.py:3823} INFO - Setting next_dagrun for example_branch_dop_operator_v3 to 2026-04-11 05:48:00+00:00, run_after=2026-04-11 05:49:00+00:00
[2026-04-11T05:49:12.870+0000] {processor.py:183} INFO - Processing /home/airflow/.local/lib/python3.8/site-packages/airflow/example_dags/example_branch_python_dop_operator_3.py took 0.260 seconds
[2026-04-11T05:49:43.313+0000] {processor.py:161} INFO - Started process (PID=2762) to work on /home/airflow/.local/lib/python3.8/site-packages/airflow/example_dags/example_branch_python_dop_operator_3.py
[2026-04-11T05:49:43.314+0000] {processor.py:830} INFO - Processing file /home/airflow/.local/lib/python3.8/site-packages/airflow/example_dags/example_branch_python_dop_operator_3.py for tasks to queue
[2026-04-11T05:49:43.316+0000] {logging_mixin.py:188} INFO - [2026-04-11T05:49:43.316+0000] {dagbag.py:538} INFO - Filling up the DagBag from /home/airflow/.local/lib/python3.8/site-packages/airflow/example_dags/example_branch_python_dop_operator_3.py
[2026-04-11T05:49:43.327+0000] {processor.py:840} INFO - DAG(s) 'example_branch_dop_operator_v3' retrieved from /home/airflow/.local/lib/python3.8/site-packages/airflow/example_dags/example_branch_python_dop_operator_3.py
[2026-04-11T05:49:43.353+0000] {logging_mixin.py:188} INFO - [2026-04-11T05:49:43.353+0000] {dag.py:3036} INFO - Sync 1 DAGs
[2026-04-11T05:49:43.543+0000] {logging_mixin.py:188} INFO - [2026-04-11T05:49:43.543+0000] {dag.py:3823} INFO - Setting next_dagrun for example_branch_dop_operator_v3 to 2026-04-11 05:48:00+00:00, run_after=2026-04-11 05:49:00+00:00
[2026-04-11T05:49:43.564+0000] {processor.py:183} INFO - Processing /home/airflow/.local/lib/python3.8/site-packages/airflow/example_dags/example_branch_python_dop_operator_3.py took 0.255 seconds
[2026-04-11T05:50:13.789+0000] {processor.py:161} INFO - Started process (PID=2818) to work on /home/airflow/.local/lib/python3.8/site-packages/airflow/example_dags/example_branch_python_dop_operator_3.py
[2026-04-11T05:50:13.791+0000] {processor.py:830} INFO - Processing file /home/airflow/.local/lib/python3.8/site-packages/airflow/example_dags/example_branch_python_dop_operator_3.py for tasks to queue
[2026-04-11T05:50:13.794+0000] {logging_mixin.py:188} INFO - [2026-04-11T05:50:13.793+0000] {dagbag.py:538} INFO - Filling up the DagBag from /home/airflow/.local/lib/python3.8/site-packages/airflow/example_dags/example_branch_python_dop_operator_3.py
[2026-04-11T05:50:13.808+0000] {processor.py:840} INFO - DAG(s) 'example_branch_dop_operator_v3' retrieved from /home/airflow/.local/lib/python3.8/site-packages/airflow/example_dags/example_branch_python_dop_operator_3.py
[2026-04-11T05:50:13.839+0000] {logging_mixin.py:188} INFO - [2026-04-11T05:50:13.839+0000] {dag.py:3036} INFO - Sync 1 DAGs
[2026-04-11T05:50:13.876+0000] {logging_mixin.py:188} INFO - [2026-04-11T05:50:13.876+0000] {dag.py:3823} INFO - Setting next_dagrun for example_branch_dop_operator_v3 to 2026-04-11 05:49:00+00:00, run_after=2026-04-11 05:50:00+00:00
[2026-04-11T05:50:13.901+0000] {processor.py:183} INFO - Processing /home/airflow/.local/lib/python3.8/site-packages/airflow/example_dags/example_branch_python_dop_operator_3.py took 0.116 seconds
[2026-04-11T05:50:44.361+0000] {processor.py:161} INFO - Started process (PID=2874) to work on /home/airflow/.local/lib/python3.8/site-packages/airflow/example_dags/example_branch_python_dop_operator_3.py
[2026-04-11T05:50:44.362+0000] {processor.py:830} INFO - Processing file /home/airflow/.local/lib/python3.8/site-packages/airflow/example_dags/example_branch_python_dop_operator_3.py for tasks to queue
[2026-04-11T05:50:44.364+0000] {logging_mixin.py:188} INFO - [2026-04-11T05:50:44.364+0000] {dagbag.py:538} INFO - Filling up the DagBag from /home/airflow/.local/lib/python3.8/site-packages/airflow/example_dags/example_branch_python_dop_operator_3.py
[2026-04-11T05:50:44.375+0000] {processor.py:840} INFO - DAG(s) 'example_branch_dop_operator_v3' retrieved from /home/airflow/.local/lib/python3.8/site-packages/airflow/example_dags/example_branch_python_dop_operator_3.py
[2026-04-11T05:50:44.402+0000] {logging_mixin.py:188} INFO - [2026-04-11T05:50:44.402+0000] {dag.py:3036} INFO - Sync 1 DAGs
[2026-04-11T05:50:44.436+0000] {logging_mixin.py:188} INFO - [2026-04-11T05:50:44.435+0000] {dag.py:3823} INFO - Setting next_dagrun for example_branch_dop_operator_v3 to 2026-04-11 05:49:00+00:00, run_after=2026-04-11 05:50:00+00:00
[2026-04-11T05:50:44.459+0000] {processor.py:183} INFO - Processing /home/airflow/.local/lib/python3.8/site-packages/airflow/example_dags/example_branch_python_dop_operator_3.py took 0.102 seconds
[2026-04-11T05:51:15.051+0000] {processor.py:161} INFO - Started process (PID=2930) to work on /home/airflow/.local/lib/python3.8/site-packages/airflow/example_dags/example_branch_python_dop_operator_3.py
[2026-04-11T05:51:15.053+0000] {processor.py:830} INFO - Processing file /home/airflow/.local/lib/python3.8/site-packages/airflow/example_dags/example_branch_python_dop_operator_3.py for tasks to queue
[2026-04-11T05:51:15.055+0000] {logging_mixin.py:188} INFO - [2026-04-11T05:51:15.054+0000] {dagbag.py:538} INFO - Filling up the DagBag from /home/airflow/.local/lib/python3.8/site-packages/airflow/example_dags/example_branch_python_dop_operator_3.py
[2026-04-11T05:51:15.067+0000] {processor.py:840} INFO - DAG(s) 'example_branch_dop_operator_v3' retrieved from /home/airflow/.local/lib/python3.8/site-packages/airflow/example_dags/example_branch_python_dop_operator_3.py
[2026-04-11T05:51:15.094+0000] {logging_mixin.py:188} INFO - [2026-04-11T05:51:15.094+0000] {dag.py:3036} INFO - Sync 1 DAGs
[2026-04-11T05:51:15.130+0000] {logging_mixin.py:188} INFO - [2026-04-11T05:51:15.130+0000] {dag.py:3823} INFO - Setting next_dagrun for example_branch_dop_operator_v3 to 2026-04-11 05:50:00+00:00, run_after=2026-04-11 05:51:00+00:00
[2026-04-11T05:51:15.155+0000] {processor.py:183} INFO - Processing /home/airflow/.local/lib/python3.8/site-packages/airflow/example_dags/example_branch_python_dop_operator_3.py took 0.108 seconds
[2026-04-11T05:51:45.770+0000] {processor.py:161} INFO - Started process (PID=2986) to work on /home/airflow/.local/lib/python3.8/site-packages/airflow/example_dags/example_branch_python_dop_operator_3.py
[2026-04-11T05:51:45.772+0000] {processor.py:830} INFO - Processing file /home/airflow/.local/lib/python3.8/site-packages/airflow/example_dags/example_branch_python_dop_operator_3.py for tasks to queue
[2026-04-11T05:51:45.774+0000] {logging_mixin.py:188} INFO - [2026-04-11T05:51:45.773+0000] {dagbag.py:538} INFO - Filling up the DagBag from /home/airflow/.local/lib/python3.8/site-packages/airflow/example_dags/example_branch_python_dop_operator_3.py
[2026-04-11T05:51:45.786+0000] {processor.py:840} INFO - DAG(s) 'example_branch_dop_operator_v3' retrieved from /home/airflow/.local/lib/python3.8/site-packages/airflow/example_dags/example_branch_python_dop_operator_3.py
[2026-04-11T05:51:45.817+0000] {logging_mixin.py:188} INFO - [2026-04-11T05:51:45.817+0000] {dag.py:3036} INFO - Sync 1 DAGs
[2026-04-11T05:51:45.854+0000] {logging_mixin.py:188} INFO - [2026-04-11T05:51:45.854+0000] {dag.py:3823} INFO - Setting next_dagrun for example_branch_dop_operator_v3 to 2026-04-11 05:50:00+00:00, run_after=2026-04-11 05:51:00+00:00
[2026-04-11T05:51:45.878+0000] {processor.py:183} INFO - Processing /home/airflow/.local/lib/python3.8/site-packages/airflow/example_dags/example_branch_python_dop_operator_3.py took 0.112 seconds
[2026-04-11T05:52:16.322+0000] {processor.py:161} INFO - Started process (PID=3042) to work on /home/airflow/.local/lib/python3.8/site-packages/airflow/example_dags/example_branch_python_dop_operator_3.py
[2026-04-11T05:52:16.324+0000] {processor.py:830} INFO - Processing file /home/airflow/.local/lib/python3.8/site-packages/airflow/example_dags/example_branch_python_dop_operator_3.py for tasks to queue
[2026-04-11T05:52:16.326+0000] {logging_mixin.py:188} INFO - [2026-04-11T05:52:16.326+0000] {dagbag.py:538} INFO - Filling up the DagBag from /home/airflow/.local/lib/python3.8/site-packages/airflow/example_dags/example_branch_python_dop_operator_3.py
[2026-04-11T05:52:16.340+0000] {processor.py:840} INFO - DAG(s) 'example_branch_dop_operator_v3' retrieved from /home/airflow/.local/lib/python3.8/site-packages/airflow/example_dags/example_branch_python_dop_operator_3.py
[2026-04-11T05:52:16.369+0000] {logging_mixin.py:188} INFO - [2026-04-11T05:52:16.368+0000] {dag.py:3036} INFO - Sync 1 DAGs
[2026-04-11T05:52:16.402+0000] {logging_mixin.py:188} INFO - [2026-04-11T05:52:16.402+0000] {dag.py:3823} INFO - Setting next_dagrun for example_branch_dop_operator_v3 to 2026-04-11 05:51:00+00:00, run_after=2026-04-11 05:52:00+00:00
[2026-04-11T05:52:16.427+0000] {processor.py:183} INFO - Processing /home/airflow/.local/lib/python3.8/site-packages/airflow/example_dags/example_branch_python_dop_operator_3.py took 0.109 seconds
[2026-04-11T05:52:46.781+0000] {processor.py:161} INFO - Started process (PID=3098) to work on /home/airflow/.local/lib/python3.8/site-packages/airflow/example_dags/example_branch_python_dop_operator_3.py
[2026-04-11T05:52:46.783+0000] {processor.py:830} INFO - Processing file /home/airflow/.local/lib/python3.8/site-packages/airflow/example_dags/example_branch_python_dop_operator_3.py for tasks to queue
[2026-04-11T05:52:46.785+0000] {logging_mixin.py:188} INFO - [2026-04-11T05:52:46.785+0000] {dagbag.py:538} INFO - Filling up the DagBag from /home/airflow/.local/lib/python3.8/site-packages/airflow/example_dags/example_branch_python_dop_operator_3.py
[2026-04-11T05:52:46.797+0000] {processor.py:840} INFO - DAG(s) 'example_branch_dop_operator_v3' retrieved from /home/airflow/.local/lib/python3.8/site-packages/airflow/example_dags/example_branch_python_dop_operator_3.py
[2026-04-11T05:52:46.825+0000] {logging_mixin.py:188} INFO - [2026-04-11T05:52:46.824+0000] {dag.py:3036} INFO - Sync 1 DAGs
[2026-04-11T05:52:46.860+0000] {logging_mixin.py:188} INFO - [2026-04-11T05:52:46.860+0000] {dag.py:3823} INFO - Setting next_dagrun for example_branch_dop_operator_v3 to 2026-04-11 05:51:00+00:00, run_after=2026-04-11 05:52:00+00:00
[2026-04-11T05:52:46.883+0000] {processor.py:183} INFO - Processing /home/airflow/.local/lib/python3.8/site-packages/airflow/example_dags/example_branch_python_dop_operator_3.py took 0.105 seconds
[2026-04-11T05:53:17.221+0000] {processor.py:161} INFO - Started process (PID=3154) to work on /home/airflow/.local/lib/python3.8/site-packages/airflow/example_dags/example_branch_python_dop_operator_3.py
[2026-04-11T05:53:17.223+0000] {processor.py:830} INFO - Processing file /home/airflow/.local/lib/python3.8/site-packages/airflow/example_dags/example_branch_python_dop_operator_3.py for tasks to queue
[2026-04-11T05:53:17.225+0000] {logging_mixin.py:188} INFO - [2026-04-11T05:53:17.224+0000] {dagbag.py:538} INFO - Filling up the DagBag from /home/airflow/.local/lib/python3.8/site-packages/airflow/example_dags/example_branch_python_dop_operator_3.py
[2026-04-11T05:53:17.237+0000] {processor.py:840} INFO - DAG(s) 'example_branch_dop_operator_v3' retrieved from /home/airflow/.local/lib/python3.8/site-packages/airflow/example_dags/example_branch_python_dop_operator_3.py
[2026-04-11T05:53:17.266+0000] {logging_mixin.py:188} INFO - [2026-04-11T05:53:17.265+0000] {dag.py:3036} INFO - Sync 1 DAGs
[2026-04-11T05:53:17.301+0000] {logging_mixin.py:188} INFO - [2026-04-11T05:53:17.301+0000] {dag.py:3823} INFO - Setting next_dagrun for example_branch_dop_operator_v3 to 2026-04-11 05:52:00+00:00, run_after=2026-04-11 05:53:00+00:00
[2026-04-11T05:53:17.325+0000] {processor.py:183} INFO - Processing /home/airflow/.local/lib/python3.8/site-packages/airflow/example_dags/example_branch_python_dop_operator_3.py took 0.108 seconds
[2026-04-11T05:53:47.939+0000] {processor.py:161} INFO - Started process (PID=3210) to work on /home/airflow/.local/lib/python3.8/site-packages/airflow/example_dags/example_branch_python_dop_operator_3.py
[2026-04-11T05:53:47.940+0000] {processor.py:830} INFO - Processing file /home/airflow/.local/lib/python3.8/site-packages/airflow/example_dags/example_branch_python_dop_operator_3.py for tasks to queue
[2026-04-11T05:53:47.943+0000] {logging_mixin.py:188} INFO - [2026-04-11T05:53:47.943+0000] {dagbag.py:538} INFO - Filling up the DagBag from /home/airflow/.local/lib/python3.8/site-packages/airflow/example_dags/example_branch_python_dop_operator_3.py
[2026-04-11T05:53:47.955+0000] {processor.py:840} INFO - DAG(s) 'example_branch_dop_operator_v3' retrieved from /home/airflow/.local/lib/python3.8/site-packages/airflow/example_dags/example_branch_python_dop_operator_3.py
[2026-04-11T05:53:47.990+0000] {logging_mixin.py:188} INFO - [2026-04-11T05:53:47.990+0000] {dag.py:3036} INFO - Sync 1 DAGs
[2026-04-11T05:53:48.026+0000] {logging_mixin.py:188} INFO - [2026-04-11T05:53:48.026+0000] {dag.py:3823} INFO - Setting next_dagrun for example_branch_dop_operator_v3 to 2026-04-11 05:52:00+00:00, run_after=2026-04-11 05:53:00+00:00
[2026-04-11T05:53:48.050+0000] {processor.py:183} INFO - Processing /home/airflow/.local/lib/python3.8/site-packages/airflow/example_dags/example_branch_python_dop_operator_3.py took 0.116 seconds
[2026-04-11T05:54:18.366+0000] {processor.py:161} INFO - Started process (PID=3266) to work on /home/airflow/.local/lib/python3.8/site-packages/airflow/example_dags/example_branch_python_dop_operator_3.py
[2026-04-11T05:54:18.367+0000] {processor.py:830} INFO - Processing file /home/airflow/.local/lib/python3.8/site-packages/airflow/example_dags/example_branch_python_dop_operator_3.py for tasks to queue
[2026-04-11T05:54:18.369+0000] {logging_mixin.py:188} INFO - [2026-04-11T05:54:18.369+0000] {dagbag.py:538} INFO - Filling up the DagBag from /home/airflow/.local/lib/python3.8/site-packages/airflow/example_dags/example_branch_python_dop_operator_3.py
[2026-04-11T05:54:18.383+0000] {processor.py:840} INFO - DAG(s) 'example_branch_dop_operator_v3' retrieved from /home/airflow/.local/lib/python3.8/site-packages/airflow/example_dags/example_branch_python_dop_operator_3.py
[2026-04-11T05:54:18.414+0000] {logging_mixin.py:188} INFO - [2026-04-11T05:54:18.414+0000] {dag.py:3036} INFO - Sync 1 DAGs
[2026-04-11T05:54:18.452+0000] {logging_mixin.py:188} INFO - [2026-04-11T05:54:18.451+0000] {dag.py:3823} INFO - Setting next_dagrun for example_branch_dop_operator_v3 to 2026-04-11 05:53:00+00:00, run_after=2026-04-11 05:54:00+00:00
[2026-04-11T05:54:18.475+0000] {processor.py:183} INFO - Processing /home/airflow/.local/lib/python3.8/site-packages/airflow/example_dags/example_branch_python_dop_operator_3.py took 0.114 seconds
[2026-04-11T05:54:48.980+0000] {processor.py:161} INFO - Started process (PID=3322) to work on /home/airflow/.local/lib/python3.8/site-packages/airflow/example_dags/example_branch_python_dop_operator_3.py
[2026-04-11T05:54:48.981+0000] {processor.py:830} INFO - Processing file /home/airflow/.local/lib/python3.8/site-packages/airflow/example_dags/example_branch_python_dop_operator_3.py for tasks to queue
[2026-04-11T05:54:48.984+0000] {logging_mixin.py:188} INFO - [2026-04-11T05:54:48.983+0000] {dagbag.py:538} INFO - Filling up the DagBag from /home/airflow/.local/lib/python3.8/site-packages/airflow/example_dags/example_branch_python_dop_operator_3.py
[2026-04-11T05:54:48.996+0000] {processor.py:840} INFO - DAG(s) 'example_branch_dop_operator_v3' retrieved from /home/airflow/.local/lib/python3.8/site-packages/airflow/example_dags/example_branch_python_dop_operator_3.py
[2026-04-11T05:54:49.026+0000] {logging_mixin.py:188} INFO - [2026-04-11T05:54:49.026+0000] {dag.py:3036} INFO - Sync 1 DAGs
[2026-04-11T05:54:49.064+0000] {logging_mixin.py:188} INFO - [2026-04-11T05:54:49.064+0000] {dag.py:3823} INFO - Setting next_dagrun for example_branch_dop_operator_v3 to 2026-04-11 05:53:00+00:00, run_after=2026-04-11 05:54:00+00:00
[2026-04-11T05:54:49.088+0000] {processor.py:183} INFO - Processing /home/airflow/.local/lib/python3.8/site-packages/airflow/example_dags/example_branch_python_dop_operator_3.py took 0.112 seconds
[2026-04-11T05:55:19.595+0000] {processor.py:161} INFO - Started process (PID=3378) to work on /home/airflow/.local/lib/python3.8/site-packages/airflow/example_dags/example_branch_python_dop_operator_3.py
[2026-04-11T05:55:19.596+0000] {processor.py:830} INFO - Processing file /home/airflow/.local/lib/python3.8/site-packages/airflow/example_dags/example_branch_python_dop_operator_3.py for tasks to queue
[2026-04-11T05:55:19.598+0000] {logging_mixin.py:188} INFO - [2026-04-11T05:55:19.598+0000] {dagbag.py:538} INFO - Filling up the DagBag from /home/airflow/.local/lib/python3.8/site-packages/airflow/example_dags/example_branch_python_dop_operator_3.py
[2026-04-11T05:55:19.610+0000] {processor.py:840} INFO - DAG(s) 'example_branch_dop_operator_v3' retrieved from /home/airflow/.local/lib/python3.8/site-packages/airflow/example_dags/example_branch_python_dop_operator_3.py
[2026-04-11T05:55:19.638+0000] {logging_mixin.py:188} INFO - [2026-04-11T05:55:19.638+0000] {dag.py:3036} INFO - Sync 1 DAGs
[2026-04-11T05:55:19.672+0000] {logging_mixin.py:188} INFO - [2026-04-11T05:55:19.672+0000] {dag.py:3823} INFO - Setting next_dagrun for example_branch_dop_operator_v3 to 2026-04-11 05:54:00+00:00, run_after=2026-04-11 05:55:00+00:00
[2026-04-11T05:55:19.694+0000] {processor.py:183} INFO - Processing /home/airflow/.local/lib/python3.8/site-packages/airflow/example_dags/example_branch_python_dop_operator_3.py took 0.103 seconds
[2026-04-11T05:55:50.275+0000] {processor.py:161} INFO - Started process (PID=3434) to work on /home/airflow/.local/lib/python3.8/site-packages/airflow/example_dags/example_branch_python_dop_operator_3.py
[2026-04-11T05:55:50.276+0000] {processor.py:830} INFO - Processing file /home/airflow/.local/lib/python3.8/site-packages/airflow/example_dags/example_branch_python_dop_operator_3.py for tasks to queue
[2026-04-11T05:55:50.279+0000] {logging_mixin.py:188} INFO - [2026-04-11T05:55:50.278+0000] {dagbag.py:538} INFO - Filling up the DagBag from /home/airflow/.local/lib/python3.8/site-packages/airflow/example_dags/example_branch_python_dop_operator_3.py
[2026-04-11T05:55:50.291+0000] {processor.py:840} INFO - DAG(s) 'example_branch_dop_operator_v3' retrieved from /home/airflow/.local/lib/python3.8/site-packages/airflow/example_dags/example_branch_python_dop_operator_3.py
[2026-04-11T05:55:50.319+0000] {logging_mixin.py:188} INFO - [2026-04-11T05:55:50.318+0000] {dag.py:3036} INFO - Sync 1 DAGs
[2026-04-11T05:55:50.353+0000] {logging_mixin.py:188} INFO - [2026-04-11T05:55:50.353+0000] {dag.py:3823} INFO - Setting next_dagrun for example_branch_dop_operator_v3 to 2026-04-11 05:54:00+00:00, run_after=2026-04-11 05:55:00+00:00
[2026-04-11T05:55:50.378+0000] {processor.py:183} INFO - Processing /home/airflow/.local/lib/python3.8/site-packages/airflow/example_dags/example_branch_python_dop_operator_3.py took 0.108 seconds
[2026-04-11T05:56:20.645+0000] {processor.py:161} INFO - Started process (PID=3490) to work on /home/airflow/.local/lib/python3.8/site-packages/airflow/example_dags/example_branch_python_dop_operator_3.py
[2026-04-11T05:56:20.646+0000] {processor.py:830} INFO - Processing file /home/airflow/.local/lib/python3.8/site-packages/airflow/example_dags/example_branch_python_dop_operator_3.py for tasks to queue
[2026-04-11T05:56:20.648+0000] {logging_mixin.py:188} INFO - [2026-04-11T05:56:20.648+0000] {dagbag.py:538} INFO - Filling up the DagBag from /home/airflow/.local/lib/python3.8/site-packages/airflow/example_dags/example_branch_python_dop_operator_3.py
[2026-04-11T05:56:20.659+0000] {processor.py:840} INFO - DAG(s) 'example_branch_dop_operator_v3' retrieved from /home/airflow/.local/lib/python3.8/site-packages/airflow/example_dags/example_branch_python_dop_operator_3.py
[2026-04-11T05:56:20.686+0000] {logging_mixin.py:188} INFO - [2026-04-11T05:56:20.685+0000] {dag.py:3036} INFO - Sync 1 DAGs
[2026-04-11T05:56:20.720+0000] {logging_mixin.py:188} INFO - [2026-04-11T05:56:20.720+0000] {dag.py:3823} INFO - Setting next_dagrun for example_branch_dop_operator_v3 to 2026-04-11 05:55:00+00:00, run_after=2026-04-11 05:56:00+00:00
[2026-04-11T05:56:20.743+0000] {processor.py:183} INFO - Processing /home/airflow/.local/lib/python3.8/site-packages/airflow/example_dags/example_branch_python_dop_operator_3.py took 0.103 seconds
[2026-04-11T05:56:51.057+0000] {processor.py:161} INFO - Started process (PID=3546) to work on /home/airflow/.local/lib/python3.8/site-packages/airflow/example_dags/example_branch_python_dop_operator_3.py
[2026-04-11T05:56:51.059+0000] {processor.py:830} INFO - Processing file /home/airflow/.local/lib/python3.8/site-packages/airflow/example_dags/example_branch_python_dop_operator_3.py for tasks to queue
[2026-04-11T05:56:51.061+0000] {logging_mixin.py:188} INFO - [2026-04-11T05:56:51.061+0000] {dagbag.py:538} INFO - Filling up the DagBag from /home/airflow/.local/lib/python3.8/site-packages/airflow/example_dags/example_branch_python_dop_operator_3.py
[2026-04-11T05:56:51.075+0000] {processor.py:840} INFO - DAG(s) 'example_branch_dop_operator_v3' retrieved from /home/airflow/.local/lib/python3.8/site-packages/airflow/example_dags/example_branch_python_dop_operator_3.py
[2026-04-11T05:56:51.104+0000] {logging_mixin.py:188} INFO - [2026-04-11T05:56:51.104+0000] {dag.py:3036} INFO - Sync 1 DAGs
[2026-04-11T05:56:51.142+0000] {logging_mixin.py:188} INFO - [2026-04-11T05:56:51.141+0000] {dag.py:3823} INFO - Setting next_dagrun for example_branch_dop_operator_v3 to 2026-04-11 05:55:00+00:00, run_after=2026-04-11 05:56:00+00:00
[2026-04-11T05:56:51.166+0000] {processor.py:183} INFO - Processing /home/airflow/.local/lib/python3.8/site-packages/airflow/example_dags/example_branch_python_dop_operator_3.py took 0.114 seconds
[2026-04-11T05:57:21.665+0000] {processor.py:161} INFO - Started process (PID=3602) to work on /home/airflow/.local/lib/python3.8/site-packages/airflow/example_dags/example_branch_python_dop_operator_3.py
[2026-04-11T05:57:21.666+0000] {processor.py:830} INFO - Processing file /home/airflow/.local/lib/python3.8/site-packages/airflow/example_dags/example_branch_python_dop_operator_3.py for tasks to queue
[2026-04-11T05:57:21.669+0000] {logging_mixin.py:188} INFO - [2026-04-11T05:57:21.668+0000] {dagbag.py:538} INFO - Filling up the DagBag from /home/airflow/.local/lib/python3.8/site-packages/airflow/example_dags/example_branch_python_dop_operator_3.py
[2026-04-11T05:57:21.682+0000] {processor.py:840} INFO - DAG(s) 'example_branch_dop_operator_v3' retrieved from /home/airflow/.local/lib/python3.8/site-packages/airflow/example_dags/example_branch_python_dop_operator_3.py
[2026-04-11T05:57:21.712+0000] {logging_mixin.py:188} INFO - [2026-04-11T05:57:21.711+0000] {dag.py:3036} INFO - Sync 1 DAGs
[2026-04-11T05:57:21.745+0000] {logging_mixin.py:188} INFO - [2026-04-11T05:57:21.745+0000] {dag.py:3823} INFO - Setting next_dagrun for example_branch_dop_operator_v3 to 2026-04-11 05:56:00+00:00, run_after=2026-04-11 05:57:00+00:00
[2026-04-11T05:57:21.768+0000] {processor.py:183} INFO - Processing /home/airflow/.local/lib/python3.8/site-packages/airflow/example_dags/example_branch_python_dop_operator_3.py took 0.108 seconds
[2026-04-11T05:57:52.023+0000] {processor.py:161} INFO - Started process (PID=3658) to work on /home/airflow/.local/lib/python3.8/site-packages/airflow/example_dags/example_branch_python_dop_operator_3.py
[2026-04-11T05:57:52.024+0000] {processor.py:830} INFO - Processing file /home/airflow/.local/lib/python3.8/site-packages/airflow/example_dags/example_branch_python_dop_operator_3.py for tasks to queue
[2026-04-11T05:57:52.027+0000] {logging_mixin.py:188} INFO - [2026-04-11T05:57:52.027+0000] {dagbag.py:538} INFO - Filling up the DagBag from /home/airflow/.local/lib/python3.8/site-packages/airflow/example_dags/example_branch_python_dop_operator_3.py
[2026-04-11T05:57:52.041+0000] {processor.py:840} INFO - DAG(s) 'example_branch_dop_operator_v3' retrieved from /home/airflow/.local/lib/python3.8/site-packages/airflow/example_dags/example_branch_python_dop_operator_3.py
[2026-04-11T05:57:52.070+0000] {logging_mixin.py:188} INFO - [2026-04-11T05:57:52.070+0000] {dag.py:3036} INFO - Sync 1 DAGs
[2026-04-11T05:57:52.110+0000] {logging_mixin.py:188} INFO - [2026-04-11T05:57:52.109+0000] {dag.py:3823} INFO - Setting next_dagrun for example_branch_dop_operator_v3 to 2026-04-11 05:56:00+00:00, run_after=2026-04-11 05:57:00+00:00
[2026-04-11T05:57:52.133+0000] {processor.py:183} INFO - Processing /home/airflow/.local/lib/python3.8/site-packages/airflow/example_dags/example_branch_python_dop_operator_3.py took 0.116 seconds
[2026-04-11T05:58:22.717+0000] {processor.py:161} INFO - Started process (PID=3714) to work on /home/airflow/.local/lib/python3.8/site-packages/airflow/example_dags/example_branch_python_dop_operator_3.py
[2026-04-11T05:58:22.719+0000] {processor.py:830} INFO - Processing file /home/airflow/.local/lib/python3.8/site-packages/airflow/example_dags/example_branch_python_dop_operator_3.py for tasks to queue
[2026-04-11T05:58:22.721+0000] {logging_mixin.py:188} INFO - [2026-04-11T05:58:22.721+0000] {dagbag.py:538} INFO - Filling up the DagBag from /home/airflow/.local/lib/python3.8/site-packages/airflow/example_dags/example_branch_python_dop_operator_3.py
[2026-04-11T05:58:22.733+0000] {processor.py:840} INFO - DAG(s) 'example_branch_dop_operator_v3' retrieved from /home/airflow/.local/lib/python3.8/site-packages/airflow/example_dags/example_branch_python_dop_operator_3.py
[2026-04-11T05:58:22.764+0000] {logging_mixin.py:188} INFO - [2026-04-11T05:58:22.763+0000] {dag.py:3036} INFO - Sync 1 DAGs
[2026-04-11T05:58:22.798+0000] {logging_mixin.py:188} INFO - [2026-04-11T05:58:22.798+0000] {dag.py:3823} INFO - Setting next_dagrun for example_branch_dop_operator_v3 to 2026-04-11 05:57:00+00:00, run_after=2026-04-11 05:58:00+00:00
[2026-04-11T05:58:22.822+0000] {processor.py:183} INFO - Processing /home/airflow/.local/lib/python3.8/site-packages/airflow/example_dags/example_branch_python_dop_operator_3.py took 0.110 seconds
[2026-04-11T05:58:53.120+0000] {processor.py:161} INFO - Started process (PID=3770) to work on /home/airflow/.local/lib/python3.8/site-packages/airflow/example_dags/example_branch_python_dop_operator_3.py
[2026-04-11T05:58:53.121+0000] {processor.py:830} INFO - Processing file /home/airflow/.local/lib/python3.8/site-packages/airflow/example_dags/example_branch_python_dop_operator_3.py for tasks to queue
[2026-04-11T05:58:53.123+0000] {logging_mixin.py:188} INFO - [2026-04-11T05:58:53.123+0000] {dagbag.py:538} INFO - Filling up the DagBag from /home/airflow/.local/lib/python3.8/site-packages/airflow/example_dags/example_branch_python_dop_operator_3.py
[2026-04-11T05:58:53.135+0000] {processor.py:840} INFO - DAG(s) 'example_branch_dop_operator_v3' retrieved from /home/airflow/.local/lib/python3.8/site-packages/airflow/example_dags/example_branch_python_dop_operator_3.py
[2026-04-11T05:58:53.165+0000] {logging_mixin.py:188} INFO - [2026-04-11T05:58:53.164+0000] {dag.py:3036} INFO - Sync 1 DAGs
[2026-04-11T05:58:53.199+0000] {logging_mixin.py:188} INFO - [2026-04-11T05:58:53.199+0000] {dag.py:3823} INFO - Setting next_dagrun for example_branch_dop_operator_v3 to 2026-04-11 05:57:00+00:00, run_after=2026-04-11 05:58:00+00:00
[2026-04-11T05:58:53.222+0000] {processor.py:183} INFO - Processing /home/airflow/.local/lib/python3.8/site-packages/airflow/example_dags/example_branch_python_dop_operator_3.py took 0.106 seconds
[2026-04-11T05:59:23.514+0000] {processor.py:161} INFO - Started process (PID=3826) to work on /home/airflow/.local/lib/python3.8/site-packages/airflow/example_dags/example_branch_python_dop_operator_3.py
[2026-04-11T05:59:23.516+0000] {processor.py:830} INFO - Processing file /home/airflow/.local/lib/python3.8/site-packages/airflow/example_dags/example_branch_python_dop_operator_3.py for tasks to queue
[2026-04-11T05:59:23.518+0000] {logging_mixin.py:188} INFO - [2026-04-11T05:59:23.518+0000] {dagbag.py:538} INFO - Filling up the DagBag from /home/airflow/.local/lib/python3.8/site-packages/airflow/example_dags/example_branch_python_dop_operator_3.py
[2026-04-11T05:59:23.531+0000] {processor.py:840} INFO - DAG(s) 'example_branch_dop_operator_v3' retrieved from /home/airflow/.local/lib/python3.8/site-packages/airflow/example_dags/example_branch_python_dop_operator_3.py
[2026-04-11T05:59:23.560+0000] {logging_mixin.py:188} INFO - [2026-04-11T05:59:23.560+0000] {dag.py:3036} INFO - Sync 1 DAGs
[2026-04-11T05:59:23.597+0000] {logging_mixin.py:188} INFO - [2026-04-11T05:59:23.596+0000] {dag.py:3823} INFO - Setting next_dagrun for example_branch_dop_operator_v3 to 2026-04-11 05:58:00+00:00, run_after=2026-04-11 05:59:00+00:00
[2026-04-11T05:59:23.620+0000] {processor.py:183} INFO - Processing /home/airflow/.local/lib/python3.8/site-packages/airflow/example_dags/example_branch_python_dop_operator_3.py took 0.111 seconds
[2026-04-11T05:59:53.861+0000] {processor.py:161} INFO - Started process (PID=3882) to work on /home/airflow/.local/lib/python3.8/site-packages/airflow/example_dags/example_branch_python_dop_operator_3.py
[2026-04-11T05:59:53.862+0000] {processor.py:830} INFO - Processing file /home/airflow/.local/lib/python3.8/site-packages/airflow/example_dags/example_branch_python_dop_operator_3.py for tasks to queue
[2026-04-11T05:59:53.865+0000] {logging_mixin.py:188} INFO - [2026-04-11T05:59:53.864+0000] {dagbag.py:538} INFO - Filling up the DagBag from /home/airflow/.local/lib/python3.8/site-packages/airflow/example_dags/example_branch_python_dop_operator_3.py
[2026-04-11T05:59:53.877+0000] {processor.py:840} INFO - DAG(s) 'example_branch_dop_operator_v3' retrieved from /home/airflow/.local/lib/python3.8/site-packages/airflow/example_dags/example_branch_python_dop_operator_3.py
[2026-04-11T05:59:53.906+0000] {logging_mixin.py:188} INFO - [2026-04-11T05:59:53.906+0000] {dag.py:3036} INFO - Sync 1 DAGs
[2026-04-11T05:59:53.942+0000] {logging_mixin.py:188} INFO - [2026-04-11T05:59:53.941+0000] {dag.py:3823} INFO - Setting next_dagrun for example_branch_dop_operator_v3 to 2026-04-11 05:58:00+00:00, run_after=2026-04-11 05:59:00+00:00
[2026-04-11T05:59:53.964+0000] {processor.py:183} INFO - Processing /home/airflow/.local/lib/python3.8/site-packages/airflow/example_dags/example_branch_python_dop_operator_3.py took 0.108 seconds
[2026-04-11T06:00:24.497+0000] {processor.py:161} INFO - Started process (PID=3944) to work on /home/airflow/.local/lib/python3.8/site-packages/airflow/example_dags/example_branch_python_dop_operator_3.py
[2026-04-11T06:00:24.498+0000] {processor.py:830} INFO - Processing file /home/airflow/.local/lib/python3.8/site-packages/airflow/example_dags/example_branch_python_dop_operator_3.py for tasks to queue
[2026-04-11T06:00:24.500+0000] {logging_mixin.py:188} INFO - [2026-04-11T06:00:24.500+0000] {dagbag.py:538} INFO - Filling up the DagBag from /home/airflow/.local/lib/python3.8/site-packages/airflow/example_dags/example_branch_python_dop_operator_3.py
[2026-04-11T06:00:24.511+0000] {processor.py:840} INFO - DAG(s) 'example_branch_dop_operator_v3' retrieved from /home/airflow/.local/lib/python3.8/site-packages/airflow/example_dags/example_branch_python_dop_operator_3.py
[2026-04-11T06:00:24.537+0000] {logging_mixin.py:188} INFO - [2026-04-11T06:00:24.537+0000] {dag.py:3036} INFO - Sync 1 DAGs
[2026-04-11T06:00:24.569+0000] {logging_mixin.py:188} INFO - [2026-04-11T06:00:24.569+0000] {dag.py:3823} INFO - Setting next_dagrun for example_branch_dop_operator_v3 to 2026-04-11 05:59:00+00:00, run_after=2026-04-11 06:00:00+00:00
[2026-04-11T06:00:24.590+0000] {processor.py:183} INFO - Processing /home/airflow/.local/lib/python3.8/site-packages/airflow/example_dags/example_branch_python_dop_operator_3.py took 0.098 seconds
[2026-04-11T06:00:55.006+0000] {processor.py:161} INFO - Started process (PID=4000) to work on /home/airflow/.local/lib/python3.8/site-packages/airflow/example_dags/example_branch_python_dop_operator_3.py
[2026-04-11T06:00:55.007+0000] {processor.py:830} INFO - Processing file /home/airflow/.local/lib/python3.8/site-packages/airflow/example_dags/example_branch_python_dop_operator_3.py for tasks to queue
[2026-04-11T06:00:55.010+0000] {logging_mixin.py:188} INFO - [2026-04-11T06:00:55.009+0000] {dagbag.py:538} INFO - Filling up the DagBag from /home/airflow/.local/lib/python3.8/site-packages/airflow/example_dags/example_branch_python_dop_operator_3.py
[2026-04-11T06:00:55.022+0000] {processor.py:840} INFO - DAG(s) 'example_branch_dop_operator_v3' retrieved from /home/airflow/.local/lib/python3.8/site-packages/airflow/example_dags/example_branch_python_dop_operator_3.py
[2026-04-11T06:00:55.053+0000] {logging_mixin.py:188} INFO - [2026-04-11T06:00:55.052+0000] {dag.py:3036} INFO - Sync 1 DAGs
[2026-04-11T06:00:55.087+0000] {logging_mixin.py:188} INFO - [2026-04-11T06:00:55.086+0000] {dag.py:3823} INFO - Setting next_dagrun for example_branch_dop_operator_v3 to 2026-04-11 05:59:00+00:00, run_after=2026-04-11 06:00:00+00:00
[2026-04-11T06:00:55.109+0000] {processor.py:183} INFO - Processing /home/airflow/.local/lib/python3.8/site-packages/airflow/example_dags/example_branch_python_dop_operator_3.py took 0.108 seconds
[2026-04-11T06:01:25.602+0000] {processor.py:161} INFO - Started process (PID=4056) to work on /home/airflow/.local/lib/python3.8/site-packages/airflow/example_dags/example_branch_python_dop_operator_3.py
[2026-04-11T06:01:25.603+0000] {processor.py:830} INFO - Processing file /home/airflow/.local/lib/python3.8/site-packages/airflow/example_dags/example_branch_python_dop_operator_3.py for tasks to queue
[2026-04-11T06:01:25.606+0000] {logging_mixin.py:188} INFO - [2026-04-11T06:01:25.605+0000] {dagbag.py:538} INFO - Filling up the DagBag from /home/airflow/.local/lib/python3.8/site-packages/airflow/example_dags/example_branch_python_dop_operator_3.py
[2026-04-11T06:01:25.618+0000] {processor.py:840} INFO - DAG(s) 'example_branch_dop_operator_v3' retrieved from /home/airflow/.local/lib/python3.8/site-packages/airflow/example_dags/example_branch_python_dop_operator_3.py
[2026-04-11T06:01:25.646+0000] {logging_mixin.py:188} INFO - [2026-04-11T06:01:25.646+0000] {dag.py:3036} INFO - Sync 1 DAGs
[2026-04-11T06:01:25.681+0000] {logging_mixin.py:188} INFO - [2026-04-11T06:01:25.681+0000] {dag.py:3823} INFO - Setting next_dagrun for example_branch_dop_operator_v3 to 2026-04-11 06:00:00+00:00, run_after=2026-04-11 06:01:00+00:00
[2026-04-11T06:01:25.705+0000] {processor.py:183} INFO - Processing /home/airflow/.local/lib/python3.8/site-packages/airflow/example_dags/example_branch_python_dop_operator_3.py took 0.107 seconds
[2026-04-11T06:01:56.220+0000] {processor.py:161} INFO - Started process (PID=4112) to work on /home/airflow/.local/lib/python3.8/site-packages/airflow/example_dags/example_branch_python_dop_operator_3.py
[2026-04-11T06:01:56.221+0000] {processor.py:830} INFO - Processing file /home/airflow/.local/lib/python3.8/site-packages/airflow/example_dags/example_branch_python_dop_operator_3.py for tasks to queue
[2026-04-11T06:01:56.224+0000] {logging_mixin.py:188} INFO - [2026-04-11T06:01:56.223+0000] {dagbag.py:538} INFO - Filling up the DagBag from /home/airflow/.local/lib/python3.8/site-packages/airflow/example_dags/example_branch_python_dop_operator_3.py
[2026-04-11T06:01:56.235+0000] {processor.py:840} INFO - DAG(s) 'example_branch_dop_operator_v3' retrieved from /home/airflow/.local/lib/python3.8/site-packages/airflow/example_dags/example_branch_python_dop_operator_3.py
[2026-04-11T06:01:56.263+0000] {logging_mixin.py:188} INFO - [2026-04-11T06:01:56.263+0000] {dag.py:3036} INFO - Sync 1 DAGs
[2026-04-11T06:01:56.297+0000] {logging_mixin.py:188} INFO - [2026-04-11T06:01:56.297+0000] {dag.py:3823} INFO - Setting next_dagrun for example_branch_dop_operator_v3 to 2026-04-11 06:00:00+00:00, run_after=2026-04-11 06:01:00+00:00
[2026-04-11T06:01:56.318+0000] {processor.py:183} INFO - Processing /home/airflow/.local/lib/python3.8/site-packages/airflow/example_dags/example_branch_python_dop_operator_3.py took 0.104 seconds
[2026-04-11T06:02:26.409+0000] {processor.py:161} INFO - Started process (PID=4168) to work on /home/airflow/.local/lib/python3.8/site-packages/airflow/example_dags/example_branch_python_dop_operator_3.py
[2026-04-11T06:02:26.411+0000] {processor.py:830} INFO - Processing file /home/airflow/.local/lib/python3.8/site-packages/airflow/example_dags/example_branch_python_dop_operator_3.py for tasks to queue
[2026-04-11T06:02:26.413+0000] {logging_mixin.py:188} INFO - [2026-04-11T06:02:26.413+0000] {dagbag.py:538} INFO - Filling up the DagBag from /home/airflow/.local/lib/python3.8/site-packages/airflow/example_dags/example_branch_python_dop_operator_3.py
[2026-04-11T06:02:26.425+0000] {processor.py:840} INFO - DAG(s) 'example_branch_dop_operator_v3' retrieved from /home/airflow/.local/lib/python3.8/site-packages/airflow/example_dags/example_branch_python_dop_operator_3.py
[2026-04-11T06:02:26.454+0000] {logging_mixin.py:188} INFO - [2026-04-11T06:02:26.453+0000] {dag.py:3036} INFO - Sync 1 DAGs
[2026-04-11T06:02:26.488+0000] {logging_mixin.py:188} INFO - [2026-04-11T06:02:26.487+0000] {dag.py:3823} INFO - Setting next_dagrun for example_branch_dop_operator_v3 to 2026-04-11 06:01:00+00:00, run_after=2026-04-11 06:02:00+00:00
[2026-04-11T06:02:26.509+0000] {processor.py:183} INFO - Processing /home/airflow/.local/lib/python3.8/site-packages/airflow/example_dags/example_branch_python_dop_operator_3.py took 0.105 seconds
[2026-04-11T06:02:57.183+0000] {processor.py:161} INFO - Started process (PID=4224) to work on /home/airflow/.local/lib/python3.8/site-packages/airflow/example_dags/example_branch_python_dop_operator_3.py
[2026-04-11T06:02:57.184+0000] {processor.py:830} INFO - Processing file /home/airflow/.local/lib/python3.8/site-packages/airflow/example_dags/example_branch_python_dop_operator_3.py for tasks to queue
[2026-04-11T06:02:57.186+0000] {logging_mixin.py:188} INFO - [2026-04-11T06:02:57.186+0000] {dagbag.py:538} INFO - Filling up the DagBag from /home/airflow/.local/lib/python3.8/site-packages/airflow/example_dags/example_branch_python_dop_operator_3.py
[2026-04-11T06:02:57.197+0000] {processor.py:840} INFO - DAG(s) 'example_branch_dop_operator_v3' retrieved from /home/airflow/.local/lib/python3.8/site-packages/airflow/example_dags/example_branch_python_dop_operator_3.py
[2026-04-11T06:02:57.224+0000] {logging_mixin.py:188} INFO - [2026-04-11T06:02:57.224+0000] {dag.py:3036} INFO - Sync 1 DAGs
[2026-04-11T06:02:57.260+0000] {logging_mixin.py:188} INFO - [2026-04-11T06:02:57.259+0000] {dag.py:3823} INFO - Setting next_dagrun for example_branch_dop_operator_v3 to 2026-04-11 06:01:00+00:00, run_after=2026-04-11 06:02:00+00:00
[2026-04-11T06:02:57.284+0000] {processor.py:183} INFO - Processing /home/airflow/.local/lib/python3.8/site-packages/airflow/example_dags/example_branch_python_dop_operator_3.py took 0.105 seconds
[2026-04-11T06:03:27.741+0000] {processor.py:161} INFO - Started process (PID=4280) to work on /home/airflow/.local/lib/python3.8/site-packages/airflow/example_dags/example_branch_python_dop_operator_3.py
[2026-04-11T06:03:27.742+0000] {processor.py:830} INFO - Processing file /home/airflow/.local/lib/python3.8/site-packages/airflow/example_dags/example_branch_python_dop_operator_3.py for tasks to queue
[2026-04-11T06:03:27.744+0000] {logging_mixin.py:188} INFO - [2026-04-11T06:03:27.744+0000] {dagbag.py:538} INFO - Filling up the DagBag from /home/airflow/.local/lib/python3.8/site-packages/airflow/example_dags/example_branch_python_dop_operator_3.py
[2026-04-11T06:03:27.756+0000] {processor.py:840} INFO - DAG(s) 'example_branch_dop_operator_v3' retrieved from /home/airflow/.local/lib/python3.8/site-packages/airflow/example_dags/example_branch_python_dop_operator_3.py
[2026-04-11T06:03:27.785+0000] {logging_mixin.py:188} INFO - [2026-04-11T06:03:27.784+0000] {dag.py:3036} INFO - Sync 1 DAGs
[2026-04-11T06:03:27.820+0000] {logging_mixin.py:188} INFO - [2026-04-11T06:03:27.820+0000] {dag.py:3823} INFO - Setting next_dagrun for example_branch_dop_operator_v3 to 2026-04-11 06:02:00+00:00, run_after=2026-04-11 06:03:00+00:00
[2026-04-11T06:03:27.845+0000] {processor.py:183} INFO - Processing /home/airflow/.local/lib/python3.8/site-packages/airflow/example_dags/example_branch_python_dop_operator_3.py took 0.108 seconds
[2026-04-11T06:03:58.346+0000] {processor.py:161} INFO - Started process (PID=4336) to work on /home/airflow/.local/lib/python3.8/site-packages/airflow/example_dags/example_branch_python_dop_operator_3.py
[2026-04-11T06:03:58.347+0000] {processor.py:830} INFO - Processing file /home/airflow/.local/lib/python3.8/site-packages/airflow/example_dags/example_branch_python_dop_operator_3.py for tasks to queue
[2026-04-11T06:03:58.349+0000] {logging_mixin.py:188} INFO - [2026-04-11T06:03:58.349+0000] {dagbag.py:538} INFO - Filling up the DagBag from /home/airflow/.local/lib/python3.8/site-packages/airflow/example_dags/example_branch_python_dop_operator_3.py
[2026-04-11T06:03:58.361+0000] {processor.py:840} INFO - DAG(s) 'example_branch_dop_operator_v3' retrieved from /home/airflow/.local/lib/python3.8/site-packages/airflow/example_dags/example_branch_python_dop_operator_3.py
[2026-04-11T06:03:58.389+0000] {logging_mixin.py:188} INFO - [2026-04-11T06:03:58.389+0000] {dag.py:3036} INFO - Sync 1 DAGs
[2026-04-11T06:03:58.426+0000] {logging_mixin.py:188} INFO - [2026-04-11T06:03:58.425+0000] {dag.py:3823} INFO - Setting next_dagrun for example_branch_dop_operator_v3 to 2026-04-11 06:02:00+00:00, run_after=2026-04-11 06:03:00+00:00
[2026-04-11T06:03:58.449+0000] {processor.py:183} INFO - Processing /home/airflow/.local/lib/python3.8/site-packages/airflow/example_dags/example_branch_python_dop_operator_3.py took 0.107 seconds
[2026-04-11T06:04:28.880+0000] {processor.py:161} INFO - Started process (PID=4392) to work on /home/airflow/.local/lib/python3.8/site-packages/airflow/example_dags/example_branch_python_dop_operator_3.py
[2026-04-11T06:04:28.881+0000] {processor.py:830} INFO - Processing file /home/airflow/.local/lib/python3.8/site-packages/airflow/example_dags/example_branch_python_dop_operator_3.py for tasks to queue
[2026-04-11T06:04:28.884+0000] {logging_mixin.py:188} INFO - [2026-04-11T06:04:28.883+0000] {dagbag.py:538} INFO - Filling up the DagBag from /home/airflow/.local/lib/python3.8/site-packages/airflow/example_dags/example_branch_python_dop_operator_3.py
[2026-04-11T06:04:28.896+0000] {processor.py:840} INFO - DAG(s) 'example_branch_dop_operator_v3' retrieved from /home/airflow/.local/lib/python3.8/site-packages/airflow/example_dags/example_branch_python_dop_operator_3.py
[2026-04-11T06:04:28.925+0000] {logging_mixin.py:188} INFO - [2026-04-11T06:04:28.925+0000] {dag.py:3036} INFO - Sync 1 DAGs
[2026-04-11T06:04:28.961+0000] {logging_mixin.py:188} INFO - [2026-04-11T06:04:28.961+0000] {dag.py:3823} INFO - Setting next_dagrun for example_branch_dop_operator_v3 to 2026-04-11 06:03:00+00:00, run_after=2026-04-11 06:04:00+00:00
[2026-04-11T06:04:28.985+0000] {processor.py:183} INFO - Processing /home/airflow/.local/lib/python3.8/site-packages/airflow/example_dags/example_branch_python_dop_operator_3.py took 0.110 seconds
[2026-04-11T06:04:59.402+0000] {processor.py:161} INFO - Started process (PID=4448) to work on /home/airflow/.local/lib/python3.8/site-packages/airflow/example_dags/example_branch_python_dop_operator_3.py
[2026-04-11T06:04:59.404+0000] {processor.py:830} INFO - Processing file /home/airflow/.local/lib/python3.8/site-packages/airflow/example_dags/example_branch_python_dop_operator_3.py for tasks to queue
[2026-04-11T06:04:59.406+0000] {logging_mixin.py:188} INFO - [2026-04-11T06:04:59.405+0000] {dagbag.py:538} INFO - Filling up the DagBag from /home/airflow/.local/lib/python3.8/site-packages/airflow/example_dags/example_branch_python_dop_operator_3.py
[2026-04-11T06:04:59.419+0000] {processor.py:840} INFO - DAG(s) 'example_branch_dop_operator_v3' retrieved from /home/airflow/.local/lib/python3.8/site-packages/airflow/example_dags/example_branch_python_dop_operator_3.py
[2026-04-11T06:04:59.448+0000] {logging_mixin.py:188} INFO - [2026-04-11T06:04:59.448+0000] {dag.py:3036} INFO - Sync 1 DAGs
[2026-04-11T06:04:59.484+0000] {logging_mixin.py:188} INFO - [2026-04-11T06:04:59.483+0000] {dag.py:3823} INFO - Setting next_dagrun for example_branch_dop_operator_v3 to 2026-04-11 06:03:00+00:00, run_after=2026-04-11 06:04:00+00:00
[2026-04-11T06:04:59.507+0000] {processor.py:183} INFO - Processing /home/airflow/.local/lib/python3.8/site-packages/airflow/example_dags/example_branch_python_dop_operator_3.py took 0.109 seconds
[2026-04-11T06:05:29.908+0000] {processor.py:161} INFO - Started process (PID=4504) to work on /home/airflow/.local/lib/python3.8/site-packages/airflow/example_dags/example_branch_python_dop_operator_3.py
[2026-04-11T06:05:29.910+0000] {processor.py:830} INFO - Processing file /home/airflow/.local/lib/python3.8/site-packages/airflow/example_dags/example_branch_python_dop_operator_3.py for tasks to queue
[2026-04-11T06:05:29.912+0000] {logging_mixin.py:188} INFO - [2026-04-11T06:05:29.912+0000] {dagbag.py:538} INFO - Filling up the DagBag from /home/airflow/.local/lib/python3.8/site-packages/airflow/example_dags/example_branch_python_dop_operator_3.py
[2026-04-11T06:05:29.924+0000] {processor.py:840} INFO - DAG(s) 'example_branch_dop_operator_v3' retrieved from /home/airflow/.local/lib/python3.8/site-packages/airflow/example_dags/example_branch_python_dop_operator_3.py
[2026-04-11T06:05:29.953+0000] {logging_mixin.py:188} INFO - [2026-04-11T06:05:29.953+0000] {dag.py:3036} INFO - Sync 1 DAGs
[2026-04-11T06:05:29.986+0000] {logging_mixin.py:188} INFO - [2026-04-11T06:05:29.986+0000] {dag.py:3823} INFO - Setting next_dagrun for example_branch_dop_operator_v3 to 2026-04-11 06:04:00+00:00, run_after=2026-04-11 06:05:00+00:00
[2026-04-11T06:05:30.008+0000] {processor.py:183} INFO - Processing /home/airflow/.local/lib/python3.8/site-packages/airflow/example_dags/example_branch_python_dop_operator_3.py took 0.104 seconds
[2026-04-11T06:06:00.372+0000] {processor.py:161} INFO - Started process (PID=4560) to work on /home/airflow/.local/lib/python3.8/site-packages/airflow/example_dags/example_branch_python_dop_operator_3.py
[2026-04-11T06:06:00.373+0000] {processor.py:830} INFO - Processing file /home/airflow/.local/lib/python3.8/site-packages/airflow/example_dags/example_branch_python_dop_operator_3.py for tasks to queue
[2026-04-11T06:06:00.376+0000] {logging_mixin.py:188} INFO - [2026-04-11T06:06:00.375+0000] {dagbag.py:538} INFO - Filling up the DagBag from /home/airflow/.local/lib/python3.8/site-packages/airflow/example_dags/example_branch_python_dop_operator_3.py
[2026-04-11T06:06:00.388+0000] {processor.py:840} INFO - DAG(s) 'example_branch_dop_operator_v3' retrieved from /home/airflow/.local/lib/python3.8/site-packages/airflow/example_dags/example_branch_python_dop_operator_3.py
[2026-04-11T06:06:00.420+0000] {logging_mixin.py:188} INFO - [2026-04-11T06:06:00.419+0000] {dag.py:3036} INFO - Sync 1 DAGs
[2026-04-11T06:06:00.456+0000] {logging_mixin.py:188} INFO - [2026-04-11T06:06:00.455+0000] {dag.py:3823} INFO - Setting next_dagrun for example_branch_dop_operator_v3 to 2026-04-11 06:05:00+00:00, run_after=2026-04-11 06:06:00+00:00
[2026-04-11T06:06:00.478+0000] {processor.py:183} INFO - Processing /home/airflow/.local/lib/python3.8/site-packages/airflow/example_dags/example_branch_python_dop_operator_3.py took 0.111 seconds
[2026-04-11T06:06:30.805+0000] {processor.py:161} INFO - Started process (PID=4616) to work on /home/airflow/.local/lib/python3.8/site-packages/airflow/example_dags/example_branch_python_dop_operator_3.py
[2026-04-11T06:06:30.806+0000] {processor.py:830} INFO - Processing file /home/airflow/.local/lib/python3.8/site-packages/airflow/example_dags/example_branch_python_dop_operator_3.py for tasks to queue
[2026-04-11T06:06:30.809+0000] {logging_mixin.py:188} INFO - [2026-04-11T06:06:30.808+0000] {dagbag.py:538} INFO - Filling up the DagBag from /home/airflow/.local/lib/python3.8/site-packages/airflow/example_dags/example_branch_python_dop_operator_3.py
[2026-04-11T06:06:30.820+0000] {processor.py:840} INFO - DAG(s) 'example_branch_dop_operator_v3' retrieved from /home/airflow/.local/lib/python3.8/site-packages/airflow/example_dags/example_branch_python_dop_operator_3.py
[2026-04-11T06:06:30.849+0000] {logging_mixin.py:188} INFO - [2026-04-11T06:06:30.849+0000] {dag.py:3036} INFO - Sync 1 DAGs
[2026-04-11T06:06:30.884+0000] {logging_mixin.py:188} INFO - [2026-04-11T06:06:30.884+0000] {dag.py:3823} INFO - Setting next_dagrun for example_branch_dop_operator_v3 to 2026-04-11 06:05:00+00:00, run_after=2026-04-11 06:06:00+00:00
[2026-04-11T06:06:30.907+0000] {processor.py:183} INFO - Processing /home/airflow/.local/lib/python3.8/site-packages/airflow/example_dags/example_branch_python_dop_operator_3.py took 0.106 seconds
[2026-04-11T06:07:01.592+0000] {processor.py:161} INFO - Started process (PID=4672) to work on /home/airflow/.local/lib/python3.8/site-packages/airflow/example_dags/example_branch_python_dop_operator_3.py
[2026-04-11T06:07:01.593+0000] {processor.py:830} INFO - Processing file /home/airflow/.local/lib/python3.8/site-packages/airflow/example_dags/example_branch_python_dop_operator_3.py for tasks to queue
[2026-04-11T06:07:01.596+0000] {logging_mixin.py:188} INFO - [2026-04-11T06:07:01.595+0000] {dagbag.py:538} INFO - Filling up the DagBag from /home/airflow/.local/lib/python3.8/site-packages/airflow/example_dags/example_branch_python_dop_operator_3.py
[2026-04-11T06:07:01.607+0000] {processor.py:840} INFO - DAG(s) 'example_branch_dop_operator_v3' retrieved from /home/airflow/.local/lib/python3.8/site-packages/airflow/example_dags/example_branch_python_dop_operator_3.py
[2026-04-11T06:07:01.635+0000] {logging_mixin.py:188} INFO - [2026-04-11T06:07:01.634+0000] {dag.py:3036} INFO - Sync 1 DAGs
[2026-04-11T06:07:01.672+0000] {logging_mixin.py:188} INFO - [2026-04-11T06:07:01.672+0000] {dag.py:3823} INFO - Setting next_dagrun for example_branch_dop_operator_v3 to 2026-04-11 06:06:00+00:00, run_after=2026-04-11 06:07:00+00:00
[2026-04-11T06:07:01.700+0000] {processor.py:183} INFO - Processing /home/airflow/.local/lib/python3.8/site-packages/airflow/example_dags/example_branch_python_dop_operator_3.py took 0.113 seconds
[2026-04-11T06:07:32.067+0000] {processor.py:161} INFO - Started process (PID=4728) to work on /home/airflow/.local/lib/python3.8/site-packages/airflow/example_dags/example_branch_python_dop_operator_3.py
[2026-04-11T06:07:32.068+0000] {processor.py:830} INFO - Processing file /home/airflow/.local/lib/python3.8/site-packages/airflow/example_dags/example_branch_python_dop_operator_3.py for tasks to queue
[2026-04-11T06:07:32.070+0000] {logging_mixin.py:188} INFO - [2026-04-11T06:07:32.070+0000] {dagbag.py:538} INFO - Filling up the DagBag from /home/airflow/.local/lib/python3.8/site-packages/airflow/example_dags/example_branch_python_dop_operator_3.py
[2026-04-11T06:07:32.082+0000] {processor.py:840} INFO - DAG(s) 'example_branch_dop_operator_v3' retrieved from /home/airflow/.local/lib/python3.8/site-packages/airflow/example_dags/example_branch_python_dop_operator_3.py
[2026-04-11T06:07:32.111+0000] {logging_mixin.py:188} INFO - [2026-04-11T06:07:32.111+0000] {dag.py:3036} INFO - Sync 1 DAGs
[2026-04-11T06:07:32.145+0000] {logging_mixin.py:188} INFO - [2026-04-11T06:07:32.144+0000] {dag.py:3823} INFO - Setting next_dagrun for example_branch_dop_operator_v3 to 2026-04-11 06:06:00+00:00, run_after=2026-04-11 06:07:00+00:00
[2026-04-11T06:07:32.166+0000] {processor.py:183} INFO - Processing /home/airflow/.local/lib/python3.8/site-packages/airflow/example_dags/example_branch_python_dop_operator_3.py took 0.105 seconds
[2026-04-11T06:08:02.581+0000] {processor.py:161} INFO - Started process (PID=4784) to work on /home/airflow/.local/lib/python3.8/site-packages/airflow/example_dags/example_branch_python_dop_operator_3.py
[2026-04-11T06:08:02.582+0000] {processor.py:830} INFO - Processing file /home/airflow/.local/lib/python3.8/site-packages/airflow/example_dags/example_branch_python_dop_operator_3.py for tasks to queue
[2026-04-11T06:08:02.585+0000] {logging_mixin.py:188} INFO - [2026-04-11T06:08:02.584+0000] {dagbag.py:538} INFO - Filling up the DagBag from /home/airflow/.local/lib/python3.8/site-packages/airflow/example_dags/example_branch_python_dop_operator_3.py
[2026-04-11T06:08:02.597+0000] {processor.py:840} INFO - DAG(s) 'example_branch_dop_operator_v3' retrieved from /home/airflow/.local/lib/python3.8/site-packages/airflow/example_dags/example_branch_python_dop_operator_3.py
[2026-04-11T06:08:02.626+0000] {logging_mixin.py:188} INFO - [2026-04-11T06:08:02.626+0000] {dag.py:3036} INFO - Sync 1 DAGs
[2026-04-11T06:08:02.664+0000] {logging_mixin.py:188} INFO - [2026-04-11T06:08:02.664+0000] {dag.py:3823} INFO - Setting next_dagrun for example_branch_dop_operator_v3 to 2026-04-11 06:07:00+00:00, run_after=2026-04-11 06:08:00+00:00
[2026-04-11T06:08:02.689+0000] {processor.py:183} INFO - Processing /home/airflow/.local/lib/python3.8/site-packages/airflow/example_dags/example_branch_python_dop_operator_3.py took 0.113 seconds
[2026-04-11T06:08:33.071+0000] {processor.py:161} INFO - Started process (PID=4840) to work on /home/airflow/.local/lib/python3.8/site-packages/airflow/example_dags/example_branch_python_dop_operator_3.py
[2026-04-11T06:08:33.072+0000] {processor.py:830} INFO - Processing file /home/airflow/.local/lib/python3.8/site-packages/airflow/example_dags/example_branch_python_dop_operator_3.py for tasks to queue
[2026-04-11T06:08:33.074+0000] {logging_mixin.py:188} INFO - [2026-04-11T06:08:33.074+0000] {dagbag.py:538} INFO - Filling up the DagBag from /home/airflow/.local/lib/python3.8/site-packages/airflow/example_dags/example_branch_python_dop_operator_3.py
[2026-04-11T06:08:33.086+0000] {processor.py:840} INFO - DAG(s) 'example_branch_dop_operator_v3' retrieved from /home/airflow/.local/lib/python3.8/site-packages/airflow/example_dags/example_branch_python_dop_operator_3.py
[2026-04-11T06:08:33.115+0000] {logging_mixin.py:188} INFO - [2026-04-11T06:08:33.114+0000] {dag.py:3036} INFO - Sync 1 DAGs
[2026-04-11T06:08:33.149+0000] {logging_mixin.py:188} INFO - [2026-04-11T06:08:33.149+0000] {dag.py:3823} INFO - Setting next_dagrun for example_branch_dop_operator_v3 to 2026-04-11 06:07:00+00:00, run_after=2026-04-11 06:08:00+00:00
[2026-04-11T06:08:33.171+0000] {processor.py:183} INFO - Processing /home/airflow/.local/lib/python3.8/site-packages/airflow/example_dags/example_branch_python_dop_operator_3.py took 0.105 seconds
[2026-04-11T06:09:03.351+0000] {processor.py:161} INFO - Started process (PID=4896) to work on /home/airflow/.local/lib/python3.8/site-packages/airflow/example_dags/example_branch_python_dop_operator_3.py
[2026-04-11T06:09:03.352+0000] {processor.py:830} INFO - Processing file /home/airflow/.local/lib/python3.8/site-packages/airflow/example_dags/example_branch_python_dop_operator_3.py for tasks to queue
[2026-04-11T06:09:03.355+0000] {logging_mixin.py:188} INFO - [2026-04-11T06:09:03.354+0000] {dagbag.py:538} INFO - Filling up the DagBag from /home/airflow/.local/lib/python3.8/site-packages/airflow/example_dags/example_branch_python_dop_operator_3.py
[2026-04-11T06:09:03.366+0000] {processor.py:840} INFO - DAG(s) 'example_branch_dop_operator_v3' retrieved from /home/airflow/.local/lib/python3.8/site-packages/airflow/example_dags/example_branch_python_dop_operator_3.py
[2026-04-11T06:09:03.395+0000] {logging_mixin.py:188} INFO - [2026-04-11T06:09:03.395+0000] {dag.py:3036} INFO - Sync 1 DAGs
[2026-04-11T06:09:03.430+0000] {logging_mixin.py:188} INFO - [2026-04-11T06:09:03.429+0000] {dag.py:3823} INFO - Setting next_dagrun for example_branch_dop_operator_v3 to 2026-04-11 06:08:00+00:00, run_after=2026-04-11 06:09:00+00:00
[2026-04-11T06:09:03.452+0000] {processor.py:183} INFO - Processing /home/airflow/.local/lib/python3.8/site-packages/airflow/example_dags/example_branch_python_dop_operator_3.py took 0.106 seconds
[2026-04-11T06:09:33.795+0000] {processor.py:161} INFO - Started process (PID=4952) to work on /home/airflow/.local/lib/python3.8/site-packages/airflow/example_dags/example_branch_python_dop_operator_3.py
[2026-04-11T06:09:33.796+0000] {processor.py:830} INFO - Processing file /home/airflow/.local/lib/python3.8/site-packages/airflow/example_dags/example_branch_python_dop_operator_3.py for tasks to queue
[2026-04-11T06:09:33.798+0000] {logging_mixin.py:188} INFO - [2026-04-11T06:09:33.797+0000] {dagbag.py:538} INFO - Filling up the DagBag from /home/airflow/.local/lib/python3.8/site-packages/airflow/example_dags/example_branch_python_dop_operator_3.py
[2026-04-11T06:09:33.808+0000] {processor.py:840} INFO - DAG(s) 'example_branch_dop_operator_v3' retrieved from /home/airflow/.local/lib/python3.8/site-packages/airflow/example_dags/example_branch_python_dop_operator_3.py
[2026-04-11T06:09:33.835+0000] {logging_mixin.py:188} INFO - [2026-04-11T06:09:33.834+0000] {dag.py:3036} INFO - Sync 1 DAGs
[2026-04-11T06:09:33.869+0000] {logging_mixin.py:188} INFO - [2026-04-11T06:09:33.869+0000] {dag.py:3823} INFO - Setting next_dagrun for example_branch_dop_operator_v3 to 2026-04-11 06:08:00+00:00, run_after=2026-04-11 06:09:00+00:00
[2026-04-11T06:09:33.891+0000] {processor.py:183} INFO - Processing /home/airflow/.local/lib/python3.8/site-packages/airflow/example_dags/example_branch_python_dop_operator_3.py took 0.101 seconds
[2026-04-11T06:10:04.494+0000] {processor.py:161} INFO - Started process (PID=5008) to work on /home/airflow/.local/lib/python3.8/site-packages/airflow/example_dags/example_branch_python_dop_operator_3.py
[2026-04-11T06:10:04.495+0000] {processor.py:830} INFO - Processing file /home/airflow/.local/lib/python3.8/site-packages/airflow/example_dags/example_branch_python_dop_operator_3.py for tasks to queue
[2026-04-11T06:10:04.498+0000] {logging_mixin.py:188} INFO - [2026-04-11T06:10:04.497+0000] {dagbag.py:538} INFO - Filling up the DagBag from /home/airflow/.local/lib/python3.8/site-packages/airflow/example_dags/example_branch_python_dop_operator_3.py
[2026-04-11T06:10:04.512+0000] {processor.py:840} INFO - DAG(s) 'example_branch_dop_operator_v3' retrieved from /home/airflow/.local/lib/python3.8/site-packages/airflow/example_dags/example_branch_python_dop_operator_3.py
[2026-04-11T06:10:04.543+0000] {logging_mixin.py:188} INFO - [2026-04-11T06:10:04.543+0000] {dag.py:3036} INFO - Sync 1 DAGs
[2026-04-11T06:10:04.582+0000] {logging_mixin.py:188} INFO - [2026-04-11T06:10:04.582+0000] {dag.py:3823} INFO - Setting next_dagrun for example_branch_dop_operator_v3 to 2026-04-11 06:09:00+00:00, run_after=2026-04-11 06:10:00+00:00
[2026-04-11T06:10:04.608+0000] {processor.py:183} INFO - Processing /home/airflow/.local/lib/python3.8/site-packages/airflow/example_dags/example_branch_python_dop_operator_3.py took 0.119 seconds
[2026-04-11T06:10:35.209+0000] {processor.py:161} INFO - Started process (PID=5064) to work on /home/airflow/.local/lib/python3.8/site-packages/airflow/example_dags/example_branch_python_dop_operator_3.py
[2026-04-11T06:10:35.210+0000] {processor.py:830} INFO - Processing file /home/airflow/.local/lib/python3.8/site-packages/airflow/example_dags/example_branch_python_dop_operator_3.py for tasks to queue
[2026-04-11T06:10:35.213+0000] {logging_mixin.py:188} INFO - [2026-04-11T06:10:35.213+0000] {dagbag.py:538} INFO - Filling up the DagBag from /home/airflow/.local/lib/python3.8/site-packages/airflow/example_dags/example_branch_python_dop_operator_3.py
[2026-04-11T06:10:35.225+0000] {processor.py:840} INFO - DAG(s) 'example_branch_dop_operator_v3' retrieved from /home/airflow/.local/lib/python3.8/site-packages/airflow/example_dags/example_branch_python_dop_operator_3.py
[2026-04-11T06:10:35.256+0000] {logging_mixin.py:188} INFO - [2026-04-11T06:10:35.256+0000] {dag.py:3036} INFO - Sync 1 DAGs
[2026-04-11T06:10:35.291+0000] {logging_mixin.py:188} INFO - [2026-04-11T06:10:35.291+0000] {dag.py:3823} INFO - Setting next_dagrun for example_branch_dop_operator_v3 to 2026-04-11 06:09:00+00:00, run_after=2026-04-11 06:10:00+00:00
[2026-04-11T06:10:35.314+0000] {processor.py:183} INFO - Processing /home/airflow/.local/lib/python3.8/site-packages/airflow/example_dags/example_branch_python_dop_operator_3.py took 0.110 seconds
[2026-04-11T06:11:08.477+0000] {processor.py:161} INFO - Started process (PID=5120) to work on /home/airflow/.local/lib/python3.8/site-packages/airflow/example_dags/example_branch_python_dop_operator_3.py
[2026-04-11T06:11:08.478+0000] {processor.py:830} INFO - Processing file /home/airflow/.local/lib/python3.8/site-packages/airflow/example_dags/example_branch_python_dop_operator_3.py for tasks to queue
[2026-04-11T06:11:08.481+0000] {logging_mixin.py:188} INFO - [2026-04-11T06:11:08.481+0000] {dagbag.py:538} INFO - Filling up the DagBag from /home/airflow/.local/lib/python3.8/site-packages/airflow/example_dags/example_branch_python_dop_operator_3.py
[2026-04-11T06:11:08.496+0000] {processor.py:840} INFO - DAG(s) 'example_branch_dop_operator_v3' retrieved from /home/airflow/.local/lib/python3.8/site-packages/airflow/example_dags/example_branch_python_dop_operator_3.py
[2026-04-11T06:11:08.530+0000] {logging_mixin.py:188} INFO - [2026-04-11T06:11:08.530+0000] {dag.py:3036} INFO - Sync 1 DAGs
[2026-04-11T06:11:08.571+0000] {logging_mixin.py:188} INFO - [2026-04-11T06:11:08.571+0000] {dag.py:3823} INFO - Setting next_dagrun for example_branch_dop_operator_v3 to 2026-04-11 06:10:00+00:00, run_after=2026-04-11 06:11:00+00:00
[2026-04-11T06:11:08.605+0000] {processor.py:183} INFO - Processing /home/airflow/.local/lib/python3.8/site-packages/airflow/example_dags/example_branch_python_dop_operator_3.py took 0.133 seconds
