[2026-04-11T05:25:17.576+0000] {processor.py:161} INFO - Started process (PID=65) to work on /home/airflow/.local/lib/python3.8/site-packages/airflow/example_dags/example_sensor_decorator.py
[2026-04-11T05:25:17.577+0000] {processor.py:830} INFO - Processing file /home/airflow/.local/lib/python3.8/site-packages/airflow/example_dags/example_sensor_decorator.py for tasks to queue
[2026-04-11T05:25:17.578+0000] {logging_mixin.py:188} INFO - [2026-04-11T05:25:17.577+0000] {dagbag.py:538} INFO - Filling up the DagBag from /home/airflow/.local/lib/python3.8/site-packages/airflow/example_dags/example_sensor_decorator.py
[2026-04-11T05:25:17.584+0000] {processor.py:840} INFO - DAG(s) 'example_sensor_decorator' retrieved from /home/airflow/.local/lib/python3.8/site-packages/airflow/example_dags/example_sensor_decorator.py
[2026-04-11T05:25:17.602+0000] {logging_mixin.py:188} INFO - [2026-04-11T05:25:17.602+0000] {dag.py:3036} INFO - Sync 1 DAGs
[2026-04-11T05:25:17.611+0000] {logging_mixin.py:188} INFO - [2026-04-11T05:25:17.610+0000] {dag.py:3823} INFO - Setting next_dagrun for example_sensor_decorator to None, run_after=None
[2026-04-11T05:25:17.623+0000] {processor.py:183} INFO - Processing /home/airflow/.local/lib/python3.8/site-packages/airflow/example_dags/example_sensor_decorator.py took 0.049 seconds
[2026-04-11T05:25:48.621+0000] {processor.py:161} INFO - Started process (PID=127) to work on /home/airflow/.local/lib/python3.8/site-packages/airflow/example_dags/example_sensor_decorator.py
[2026-04-11T05:25:48.622+0000] {processor.py:830} INFO - Processing file /home/airflow/.local/lib/python3.8/site-packages/airflow/example_dags/example_sensor_decorator.py for tasks to queue
[2026-04-11T05:25:48.624+0000] {logging_mixin.py:188} INFO - [2026-04-11T05:25:48.624+0000] {dagbag.py:538} INFO - Filling up the DagBag from /home/airflow/.local/lib/python3.8/site-packages/airflow/example_dags/example_sensor_decorator.py
[2026-04-11T05:25:48.632+0000] {processor.py:840} INFO - DAG(s) 'example_sensor_decorator' retrieved from /home/airflow/.local/lib/python3.8/site-packages/airflow/example_dags/example_sensor_decorator.py
[2026-04-11T05:25:48.658+0000] {logging_mixin.py:188} INFO - [2026-04-11T05:25:48.658+0000] {dag.py:3036} INFO - Sync 1 DAGs
[2026-04-11T05:25:48.675+0000] {logging_mixin.py:188} INFO - [2026-04-11T05:25:48.675+0000] {dag.py:3823} INFO - Setting next_dagrun for example_sensor_decorator to None, run_after=None
[2026-04-11T05:25:48.697+0000] {processor.py:183} INFO - Processing /home/airflow/.local/lib/python3.8/site-packages/airflow/example_dags/example_sensor_decorator.py took 0.081 seconds
[2026-04-11T05:26:19.241+0000] {processor.py:161} INFO - Started process (PID=183) to work on /home/airflow/.local/lib/python3.8/site-packages/airflow/example_dags/example_sensor_decorator.py
[2026-04-11T05:26:19.242+0000] {processor.py:830} INFO - Processing file /home/airflow/.local/lib/python3.8/site-packages/airflow/example_dags/example_sensor_decorator.py for tasks to queue
[2026-04-11T05:26:19.244+0000] {logging_mixin.py:188} INFO - [2026-04-11T05:26:19.244+0000] {dagbag.py:538} INFO - Filling up the DagBag from /home/airflow/.local/lib/python3.8/site-packages/airflow/example_dags/example_sensor_decorator.py
[2026-04-11T05:26:19.254+0000] {processor.py:840} INFO - DAG(s) 'example_sensor_decorator' retrieved from /home/airflow/.local/lib/python3.8/site-packages/airflow/example_dags/example_sensor_decorator.py
[2026-04-11T05:26:19.285+0000] {logging_mixin.py:188} INFO - [2026-04-11T05:26:19.284+0000] {dag.py:3036} INFO - Sync 1 DAGs
[2026-04-11T05:26:19.303+0000] {logging_mixin.py:188} INFO - [2026-04-11T05:26:19.302+0000] {dag.py:3823} INFO - Setting next_dagrun for example_sensor_decorator to None, run_after=None
[2026-04-11T05:26:19.329+0000] {processor.py:183} INFO - Processing /home/airflow/.local/lib/python3.8/site-packages/airflow/example_dags/example_sensor_decorator.py took 0.094 seconds
[2026-04-11T05:26:49.839+0000] {processor.py:161} INFO - Started process (PID=239) to work on /home/airflow/.local/lib/python3.8/site-packages/airflow/example_dags/example_sensor_decorator.py
[2026-04-11T05:26:49.840+0000] {processor.py:830} INFO - Processing file /home/airflow/.local/lib/python3.8/site-packages/airflow/example_dags/example_sensor_decorator.py for tasks to queue
[2026-04-11T05:26:49.842+0000] {logging_mixin.py:188} INFO - [2026-04-11T05:26:49.842+0000] {dagbag.py:538} INFO - Filling up the DagBag from /home/airflow/.local/lib/python3.8/site-packages/airflow/example_dags/example_sensor_decorator.py
[2026-04-11T05:26:49.851+0000] {processor.py:840} INFO - DAG(s) 'example_sensor_decorator' retrieved from /home/airflow/.local/lib/python3.8/site-packages/airflow/example_dags/example_sensor_decorator.py
[2026-04-11T05:26:49.880+0000] {logging_mixin.py:188} INFO - [2026-04-11T05:26:49.880+0000] {dag.py:3036} INFO - Sync 1 DAGs
[2026-04-11T05:26:49.897+0000] {logging_mixin.py:188} INFO - [2026-04-11T05:26:49.897+0000] {dag.py:3823} INFO - Setting next_dagrun for example_sensor_decorator to None, run_after=None
[2026-04-11T05:26:49.924+0000] {processor.py:183} INFO - Processing /home/airflow/.local/lib/python3.8/site-packages/airflow/example_dags/example_sensor_decorator.py took 0.090 seconds
[2026-04-11T05:27:20.191+0000] {processor.py:161} INFO - Started process (PID=295) to work on /home/airflow/.local/lib/python3.8/site-packages/airflow/example_dags/example_sensor_decorator.py
[2026-04-11T05:27:20.192+0000] {processor.py:830} INFO - Processing file /home/airflow/.local/lib/python3.8/site-packages/airflow/example_dags/example_sensor_decorator.py for tasks to queue
[2026-04-11T05:27:20.194+0000] {logging_mixin.py:188} INFO - [2026-04-11T05:27:20.194+0000] {dagbag.py:538} INFO - Filling up the DagBag from /home/airflow/.local/lib/python3.8/site-packages/airflow/example_dags/example_sensor_decorator.py
[2026-04-11T05:27:20.202+0000] {processor.py:840} INFO - DAG(s) 'example_sensor_decorator' retrieved from /home/airflow/.local/lib/python3.8/site-packages/airflow/example_dags/example_sensor_decorator.py
[2026-04-11T05:27:20.230+0000] {logging_mixin.py:188} INFO - [2026-04-11T05:27:20.229+0000] {dag.py:3036} INFO - Sync 1 DAGs
[2026-04-11T05:27:20.245+0000] {logging_mixin.py:188} INFO - [2026-04-11T05:27:20.245+0000] {dag.py:3823} INFO - Setting next_dagrun for example_sensor_decorator to None, run_after=None
[2026-04-11T05:27:20.270+0000] {processor.py:183} INFO - Processing /home/airflow/.local/lib/python3.8/site-packages/airflow/example_dags/example_sensor_decorator.py took 0.083 seconds
[2026-04-11T05:27:51.284+0000] {processor.py:161} INFO - Started process (PID=351) to work on /home/airflow/.local/lib/python3.8/site-packages/airflow/example_dags/example_sensor_decorator.py
[2026-04-11T05:27:51.285+0000] {processor.py:830} INFO - Processing file /home/airflow/.local/lib/python3.8/site-packages/airflow/example_dags/example_sensor_decorator.py for tasks to queue
[2026-04-11T05:27:51.288+0000] {logging_mixin.py:188} INFO - [2026-04-11T05:27:51.287+0000] {dagbag.py:538} INFO - Filling up the DagBag from /home/airflow/.local/lib/python3.8/site-packages/airflow/example_dags/example_sensor_decorator.py
[2026-04-11T05:27:51.298+0000] {processor.py:840} INFO - DAG(s) 'example_sensor_decorator' retrieved from /home/airflow/.local/lib/python3.8/site-packages/airflow/example_dags/example_sensor_decorator.py
[2026-04-11T05:27:51.330+0000] {logging_mixin.py:188} INFO - [2026-04-11T05:27:51.329+0000] {dag.py:3036} INFO - Sync 1 DAGs
[2026-04-11T05:27:51.350+0000] {logging_mixin.py:188} INFO - [2026-04-11T05:27:51.349+0000] {dag.py:3823} INFO - Setting next_dagrun for example_sensor_decorator to None, run_after=None
[2026-04-11T05:27:51.383+0000] {processor.py:183} INFO - Processing /home/airflow/.local/lib/python3.8/site-packages/airflow/example_dags/example_sensor_decorator.py took 0.105 seconds
[2026-04-11T05:28:21.738+0000] {processor.py:161} INFO - Started process (PID=407) to work on /home/airflow/.local/lib/python3.8/site-packages/airflow/example_dags/example_sensor_decorator.py
[2026-04-11T05:28:21.739+0000] {processor.py:830} INFO - Processing file /home/airflow/.local/lib/python3.8/site-packages/airflow/example_dags/example_sensor_decorator.py for tasks to queue
[2026-04-11T05:28:21.741+0000] {logging_mixin.py:188} INFO - [2026-04-11T05:28:21.741+0000] {dagbag.py:538} INFO - Filling up the DagBag from /home/airflow/.local/lib/python3.8/site-packages/airflow/example_dags/example_sensor_decorator.py
[2026-04-11T05:28:21.750+0000] {processor.py:840} INFO - DAG(s) 'example_sensor_decorator' retrieved from /home/airflow/.local/lib/python3.8/site-packages/airflow/example_dags/example_sensor_decorator.py
[2026-04-11T05:28:21.777+0000] {logging_mixin.py:188} INFO - [2026-04-11T05:28:21.777+0000] {dag.py:3036} INFO - Sync 1 DAGs
[2026-04-11T05:28:21.794+0000] {logging_mixin.py:188} INFO - [2026-04-11T05:28:21.793+0000] {dag.py:3823} INFO - Setting next_dagrun for example_sensor_decorator to None, run_after=None
[2026-04-11T05:28:21.817+0000] {processor.py:183} INFO - Processing /home/airflow/.local/lib/python3.8/site-packages/airflow/example_dags/example_sensor_decorator.py took 0.084 seconds
[2026-04-11T05:28:51.895+0000] {processor.py:161} INFO - Started process (PID=462) to work on /home/airflow/.local/lib/python3.8/site-packages/airflow/example_dags/example_sensor_decorator.py
[2026-04-11T05:28:51.896+0000] {processor.py:830} INFO - Processing file /home/airflow/.local/lib/python3.8/site-packages/airflow/example_dags/example_sensor_decorator.py for tasks to queue
[2026-04-11T05:28:51.898+0000] {logging_mixin.py:188} INFO - [2026-04-11T05:28:51.898+0000] {dagbag.py:538} INFO - Filling up the DagBag from /home/airflow/.local/lib/python3.8/site-packages/airflow/example_dags/example_sensor_decorator.py
[2026-04-11T05:28:51.907+0000] {processor.py:840} INFO - DAG(s) 'example_sensor_decorator' retrieved from /home/airflow/.local/lib/python3.8/site-packages/airflow/example_dags/example_sensor_decorator.py
[2026-04-11T05:28:51.933+0000] {logging_mixin.py:188} INFO - [2026-04-11T05:28:51.933+0000] {dag.py:3036} INFO - Sync 1 DAGs
[2026-04-11T05:28:51.949+0000] {logging_mixin.py:188} INFO - [2026-04-11T05:28:51.949+0000] {dag.py:3823} INFO - Setting next_dagrun for example_sensor_decorator to None, run_after=None
[2026-04-11T05:28:51.976+0000] {processor.py:183} INFO - Processing /home/airflow/.local/lib/python3.8/site-packages/airflow/example_dags/example_sensor_decorator.py took 0.085 seconds
[2026-04-11T05:29:22.708+0000] {processor.py:161} INFO - Started process (PID=519) to work on /home/airflow/.local/lib/python3.8/site-packages/airflow/example_dags/example_sensor_decorator.py
[2026-04-11T05:29:22.709+0000] {processor.py:830} INFO - Processing file /home/airflow/.local/lib/python3.8/site-packages/airflow/example_dags/example_sensor_decorator.py for tasks to queue
[2026-04-11T05:29:22.711+0000] {logging_mixin.py:188} INFO - [2026-04-11T05:29:22.711+0000] {dagbag.py:538} INFO - Filling up the DagBag from /home/airflow/.local/lib/python3.8/site-packages/airflow/example_dags/example_sensor_decorator.py
[2026-04-11T05:29:22.720+0000] {processor.py:840} INFO - DAG(s) 'example_sensor_decorator' retrieved from /home/airflow/.local/lib/python3.8/site-packages/airflow/example_dags/example_sensor_decorator.py
[2026-04-11T05:29:22.748+0000] {logging_mixin.py:188} INFO - [2026-04-11T05:29:22.748+0000] {dag.py:3036} INFO - Sync 1 DAGs
[2026-04-11T05:29:22.764+0000] {logging_mixin.py:188} INFO - [2026-04-11T05:29:22.764+0000] {dag.py:3823} INFO - Setting next_dagrun for example_sensor_decorator to None, run_after=None
[2026-04-11T05:29:22.789+0000] {processor.py:183} INFO - Processing /home/airflow/.local/lib/python3.8/site-packages/airflow/example_dags/example_sensor_decorator.py took 0.085 seconds
[2026-04-11T05:29:53.300+0000] {processor.py:161} INFO - Started process (PID=575) to work on /home/airflow/.local/lib/python3.8/site-packages/airflow/example_dags/example_sensor_decorator.py
[2026-04-11T05:29:53.301+0000] {processor.py:830} INFO - Processing file /home/airflow/.local/lib/python3.8/site-packages/airflow/example_dags/example_sensor_decorator.py for tasks to queue
[2026-04-11T05:29:53.304+0000] {logging_mixin.py:188} INFO - [2026-04-11T05:29:53.304+0000] {dagbag.py:538} INFO - Filling up the DagBag from /home/airflow/.local/lib/python3.8/site-packages/airflow/example_dags/example_sensor_decorator.py
[2026-04-11T05:29:53.315+0000] {processor.py:840} INFO - DAG(s) 'example_sensor_decorator' retrieved from /home/airflow/.local/lib/python3.8/site-packages/airflow/example_dags/example_sensor_decorator.py
[2026-04-11T05:29:53.350+0000] {logging_mixin.py:188} INFO - [2026-04-11T05:29:53.349+0000] {dag.py:3036} INFO - Sync 1 DAGs
[2026-04-11T05:29:53.369+0000] {logging_mixin.py:188} INFO - [2026-04-11T05:29:53.369+0000] {dag.py:3823} INFO - Setting next_dagrun for example_sensor_decorator to None, run_after=None
[2026-04-11T05:29:53.398+0000] {processor.py:183} INFO - Processing /home/airflow/.local/lib/python3.8/site-packages/airflow/example_dags/example_sensor_decorator.py took 0.104 seconds
[2026-04-11T05:30:24.205+0000] {processor.py:161} INFO - Started process (PID=631) to work on /home/airflow/.local/lib/python3.8/site-packages/airflow/example_dags/example_sensor_decorator.py
[2026-04-11T05:30:24.206+0000] {processor.py:830} INFO - Processing file /home/airflow/.local/lib/python3.8/site-packages/airflow/example_dags/example_sensor_decorator.py for tasks to queue
[2026-04-11T05:30:24.209+0000] {logging_mixin.py:188} INFO - [2026-04-11T05:30:24.208+0000] {dagbag.py:538} INFO - Filling up the DagBag from /home/airflow/.local/lib/python3.8/site-packages/airflow/example_dags/example_sensor_decorator.py
[2026-04-11T05:30:24.218+0000] {processor.py:840} INFO - DAG(s) 'example_sensor_decorator' retrieved from /home/airflow/.local/lib/python3.8/site-packages/airflow/example_dags/example_sensor_decorator.py
[2026-04-11T05:30:24.247+0000] {logging_mixin.py:188} INFO - [2026-04-11T05:30:24.247+0000] {dag.py:3036} INFO - Sync 1 DAGs
[2026-04-11T05:30:24.264+0000] {logging_mixin.py:188} INFO - [2026-04-11T05:30:24.264+0000] {dag.py:3823} INFO - Setting next_dagrun for example_sensor_decorator to None, run_after=None
[2026-04-11T05:30:24.287+0000] {processor.py:183} INFO - Processing /home/airflow/.local/lib/python3.8/site-packages/airflow/example_dags/example_sensor_decorator.py took 0.088 seconds
[2026-04-11T05:30:54.632+0000] {processor.py:161} INFO - Started process (PID=687) to work on /home/airflow/.local/lib/python3.8/site-packages/airflow/example_dags/example_sensor_decorator.py
[2026-04-11T05:30:54.633+0000] {processor.py:830} INFO - Processing file /home/airflow/.local/lib/python3.8/site-packages/airflow/example_dags/example_sensor_decorator.py for tasks to queue
[2026-04-11T05:30:54.635+0000] {logging_mixin.py:188} INFO - [2026-04-11T05:30:54.635+0000] {dagbag.py:538} INFO - Filling up the DagBag from /home/airflow/.local/lib/python3.8/site-packages/airflow/example_dags/example_sensor_decorator.py
[2026-04-11T05:30:54.643+0000] {processor.py:840} INFO - DAG(s) 'example_sensor_decorator' retrieved from /home/airflow/.local/lib/python3.8/site-packages/airflow/example_dags/example_sensor_decorator.py
[2026-04-11T05:30:54.669+0000] {logging_mixin.py:188} INFO - [2026-04-11T05:30:54.669+0000] {dag.py:3036} INFO - Sync 1 DAGs
[2026-04-11T05:30:54.684+0000] {logging_mixin.py:188} INFO - [2026-04-11T05:30:54.684+0000] {dag.py:3823} INFO - Setting next_dagrun for example_sensor_decorator to None, run_after=None
[2026-04-11T05:30:54.707+0000] {processor.py:183} INFO - Processing /home/airflow/.local/lib/python3.8/site-packages/airflow/example_dags/example_sensor_decorator.py took 0.080 seconds
[2026-04-11T05:31:25.227+0000] {processor.py:161} INFO - Started process (PID=743) to work on /home/airflow/.local/lib/python3.8/site-packages/airflow/example_dags/example_sensor_decorator.py
[2026-04-11T05:31:25.228+0000] {processor.py:830} INFO - Processing file /home/airflow/.local/lib/python3.8/site-packages/airflow/example_dags/example_sensor_decorator.py for tasks to queue
[2026-04-11T05:31:25.231+0000] {logging_mixin.py:188} INFO - [2026-04-11T05:31:25.230+0000] {dagbag.py:538} INFO - Filling up the DagBag from /home/airflow/.local/lib/python3.8/site-packages/airflow/example_dags/example_sensor_decorator.py
[2026-04-11T05:31:25.239+0000] {processor.py:840} INFO - DAG(s) 'example_sensor_decorator' retrieved from /home/airflow/.local/lib/python3.8/site-packages/airflow/example_dags/example_sensor_decorator.py
[2026-04-11T05:31:25.268+0000] {logging_mixin.py:188} INFO - [2026-04-11T05:31:25.267+0000] {dag.py:3036} INFO - Sync 1 DAGs
[2026-04-11T05:31:25.284+0000] {logging_mixin.py:188} INFO - [2026-04-11T05:31:25.283+0000] {dag.py:3823} INFO - Setting next_dagrun for example_sensor_decorator to None, run_after=None
[2026-04-11T05:31:25.307+0000] {processor.py:183} INFO - Processing /home/airflow/.local/lib/python3.8/site-packages/airflow/example_dags/example_sensor_decorator.py took 0.085 seconds
[2026-04-11T05:31:55.407+0000] {processor.py:161} INFO - Started process (PID=798) to work on /home/airflow/.local/lib/python3.8/site-packages/airflow/example_dags/example_sensor_decorator.py
[2026-04-11T05:31:55.408+0000] {processor.py:830} INFO - Processing file /home/airflow/.local/lib/python3.8/site-packages/airflow/example_dags/example_sensor_decorator.py for tasks to queue
[2026-04-11T05:31:55.411+0000] {logging_mixin.py:188} INFO - [2026-04-11T05:31:55.410+0000] {dagbag.py:538} INFO - Filling up the DagBag from /home/airflow/.local/lib/python3.8/site-packages/airflow/example_dags/example_sensor_decorator.py
[2026-04-11T05:31:55.419+0000] {processor.py:840} INFO - DAG(s) 'example_sensor_decorator' retrieved from /home/airflow/.local/lib/python3.8/site-packages/airflow/example_dags/example_sensor_decorator.py
[2026-04-11T05:31:55.445+0000] {logging_mixin.py:188} INFO - [2026-04-11T05:31:55.445+0000] {dag.py:3036} INFO - Sync 1 DAGs
[2026-04-11T05:31:55.461+0000] {logging_mixin.py:188} INFO - [2026-04-11T05:31:55.461+0000] {dag.py:3823} INFO - Setting next_dagrun for example_sensor_decorator to None, run_after=None
[2026-04-11T05:31:55.484+0000] {processor.py:183} INFO - Processing /home/airflow/.local/lib/python3.8/site-packages/airflow/example_dags/example_sensor_decorator.py took 0.081 seconds
[2026-04-11T05:32:25.721+0000] {processor.py:161} INFO - Started process (PID=854) to work on /home/airflow/.local/lib/python3.8/site-packages/airflow/example_dags/example_sensor_decorator.py
[2026-04-11T05:32:25.722+0000] {processor.py:830} INFO - Processing file /home/airflow/.local/lib/python3.8/site-packages/airflow/example_dags/example_sensor_decorator.py for tasks to queue
[2026-04-11T05:32:25.725+0000] {logging_mixin.py:188} INFO - [2026-04-11T05:32:25.724+0000] {dagbag.py:538} INFO - Filling up the DagBag from /home/airflow/.local/lib/python3.8/site-packages/airflow/example_dags/example_sensor_decorator.py
[2026-04-11T05:32:25.733+0000] {processor.py:840} INFO - DAG(s) 'example_sensor_decorator' retrieved from /home/airflow/.local/lib/python3.8/site-packages/airflow/example_dags/example_sensor_decorator.py
[2026-04-11T05:32:25.760+0000] {logging_mixin.py:188} INFO - [2026-04-11T05:32:25.760+0000] {dag.py:3036} INFO - Sync 1 DAGs
[2026-04-11T05:32:25.776+0000] {logging_mixin.py:188} INFO - [2026-04-11T05:32:25.776+0000] {dag.py:3823} INFO - Setting next_dagrun for example_sensor_decorator to None, run_after=None
[2026-04-11T05:32:25.800+0000] {processor.py:183} INFO - Processing /home/airflow/.local/lib/python3.8/site-packages/airflow/example_dags/example_sensor_decorator.py took 0.084 seconds
[2026-04-11T05:32:55.962+0000] {processor.py:161} INFO - Started process (PID=910) to work on /home/airflow/.local/lib/python3.8/site-packages/airflow/example_dags/example_sensor_decorator.py
[2026-04-11T05:32:55.964+0000] {processor.py:830} INFO - Processing file /home/airflow/.local/lib/python3.8/site-packages/airflow/example_dags/example_sensor_decorator.py for tasks to queue
[2026-04-11T05:32:55.967+0000] {logging_mixin.py:188} INFO - [2026-04-11T05:32:55.967+0000] {dagbag.py:538} INFO - Filling up the DagBag from /home/airflow/.local/lib/python3.8/site-packages/airflow/example_dags/example_sensor_decorator.py
[2026-04-11T05:32:55.976+0000] {processor.py:840} INFO - DAG(s) 'example_sensor_decorator' retrieved from /home/airflow/.local/lib/python3.8/site-packages/airflow/example_dags/example_sensor_decorator.py
[2026-04-11T05:32:56.007+0000] {logging_mixin.py:188} INFO - [2026-04-11T05:32:56.006+0000] {dag.py:3036} INFO - Sync 1 DAGs
[2026-04-11T05:32:56.025+0000] {logging_mixin.py:188} INFO - [2026-04-11T05:32:56.024+0000] {dag.py:3823} INFO - Setting next_dagrun for example_sensor_decorator to None, run_after=None
[2026-04-11T05:32:56.048+0000] {processor.py:183} INFO - Processing /home/airflow/.local/lib/python3.8/site-packages/airflow/example_dags/example_sensor_decorator.py took 0.090 seconds
[2026-04-11T05:33:26.211+0000] {processor.py:161} INFO - Started process (PID=966) to work on /home/airflow/.local/lib/python3.8/site-packages/airflow/example_dags/example_sensor_decorator.py
[2026-04-11T05:33:26.213+0000] {processor.py:830} INFO - Processing file /home/airflow/.local/lib/python3.8/site-packages/airflow/example_dags/example_sensor_decorator.py for tasks to queue
[2026-04-11T05:33:26.215+0000] {logging_mixin.py:188} INFO - [2026-04-11T05:33:26.214+0000] {dagbag.py:538} INFO - Filling up the DagBag from /home/airflow/.local/lib/python3.8/site-packages/airflow/example_dags/example_sensor_decorator.py
[2026-04-11T05:33:26.222+0000] {processor.py:840} INFO - DAG(s) 'example_sensor_decorator' retrieved from /home/airflow/.local/lib/python3.8/site-packages/airflow/example_dags/example_sensor_decorator.py
[2026-04-11T05:33:26.250+0000] {logging_mixin.py:188} INFO - [2026-04-11T05:33:26.250+0000] {dag.py:3036} INFO - Sync 1 DAGs
[2026-04-11T05:33:26.266+0000] {logging_mixin.py:188} INFO - [2026-04-11T05:33:26.266+0000] {dag.py:3823} INFO - Setting next_dagrun for example_sensor_decorator to None, run_after=None
[2026-04-11T05:33:26.289+0000] {processor.py:183} INFO - Processing /home/airflow/.local/lib/python3.8/site-packages/airflow/example_dags/example_sensor_decorator.py took 0.082 seconds
[2026-04-11T05:33:57.003+0000] {processor.py:161} INFO - Started process (PID=1022) to work on /home/airflow/.local/lib/python3.8/site-packages/airflow/example_dags/example_sensor_decorator.py
[2026-04-11T05:33:57.004+0000] {processor.py:830} INFO - Processing file /home/airflow/.local/lib/python3.8/site-packages/airflow/example_dags/example_sensor_decorator.py for tasks to queue
[2026-04-11T05:33:57.006+0000] {logging_mixin.py:188} INFO - [2026-04-11T05:33:57.006+0000] {dagbag.py:538} INFO - Filling up the DagBag from /home/airflow/.local/lib/python3.8/site-packages/airflow/example_dags/example_sensor_decorator.py
[2026-04-11T05:33:57.016+0000] {processor.py:840} INFO - DAG(s) 'example_sensor_decorator' retrieved from /home/airflow/.local/lib/python3.8/site-packages/airflow/example_dags/example_sensor_decorator.py
[2026-04-11T05:33:57.046+0000] {logging_mixin.py:188} INFO - [2026-04-11T05:33:57.045+0000] {dag.py:3036} INFO - Sync 1 DAGs
[2026-04-11T05:33:57.062+0000] {logging_mixin.py:188} INFO - [2026-04-11T05:33:57.062+0000] {dag.py:3823} INFO - Setting next_dagrun for example_sensor_decorator to None, run_after=None
[2026-04-11T05:33:57.087+0000] {processor.py:183} INFO - Processing /home/airflow/.local/lib/python3.8/site-packages/airflow/example_dags/example_sensor_decorator.py took 0.090 seconds
[2026-04-11T05:34:27.198+0000] {processor.py:161} INFO - Started process (PID=1078) to work on /home/airflow/.local/lib/python3.8/site-packages/airflow/example_dags/example_sensor_decorator.py
[2026-04-11T05:34:27.200+0000] {processor.py:830} INFO - Processing file /home/airflow/.local/lib/python3.8/site-packages/airflow/example_dags/example_sensor_decorator.py for tasks to queue
[2026-04-11T05:34:27.202+0000] {logging_mixin.py:188} INFO - [2026-04-11T05:34:27.202+0000] {dagbag.py:538} INFO - Filling up the DagBag from /home/airflow/.local/lib/python3.8/site-packages/airflow/example_dags/example_sensor_decorator.py
[2026-04-11T05:34:27.210+0000] {processor.py:840} INFO - DAG(s) 'example_sensor_decorator' retrieved from /home/airflow/.local/lib/python3.8/site-packages/airflow/example_dags/example_sensor_decorator.py
[2026-04-11T05:34:27.239+0000] {logging_mixin.py:188} INFO - [2026-04-11T05:34:27.238+0000] {dag.py:3036} INFO - Sync 1 DAGs
[2026-04-11T05:34:27.254+0000] {logging_mixin.py:188} INFO - [2026-04-11T05:34:27.254+0000] {dag.py:3823} INFO - Setting next_dagrun for example_sensor_decorator to None, run_after=None
[2026-04-11T05:34:27.278+0000] {processor.py:183} INFO - Processing /home/airflow/.local/lib/python3.8/site-packages/airflow/example_dags/example_sensor_decorator.py took 0.084 seconds
[2026-04-11T05:34:57.862+0000] {processor.py:161} INFO - Started process (PID=1134) to work on /home/airflow/.local/lib/python3.8/site-packages/airflow/example_dags/example_sensor_decorator.py
[2026-04-11T05:34:57.863+0000] {processor.py:830} INFO - Processing file /home/airflow/.local/lib/python3.8/site-packages/airflow/example_dags/example_sensor_decorator.py for tasks to queue
[2026-04-11T05:34:57.865+0000] {logging_mixin.py:188} INFO - [2026-04-11T05:34:57.865+0000] {dagbag.py:538} INFO - Filling up the DagBag from /home/airflow/.local/lib/python3.8/site-packages/airflow/example_dags/example_sensor_decorator.py
[2026-04-11T05:34:57.874+0000] {processor.py:840} INFO - DAG(s) 'example_sensor_decorator' retrieved from /home/airflow/.local/lib/python3.8/site-packages/airflow/example_dags/example_sensor_decorator.py
[2026-04-11T05:34:57.902+0000] {logging_mixin.py:188} INFO - [2026-04-11T05:34:57.901+0000] {dag.py:3036} INFO - Sync 1 DAGs
[2026-04-11T05:34:57.918+0000] {logging_mixin.py:188} INFO - [2026-04-11T05:34:57.918+0000] {dag.py:3823} INFO - Setting next_dagrun for example_sensor_decorator to None, run_after=None
[2026-04-11T05:34:57.941+0000] {processor.py:183} INFO - Processing /home/airflow/.local/lib/python3.8/site-packages/airflow/example_dags/example_sensor_decorator.py took 0.084 seconds
[2026-04-11T05:35:28.123+0000] {processor.py:161} INFO - Started process (PID=1190) to work on /home/airflow/.local/lib/python3.8/site-packages/airflow/example_dags/example_sensor_decorator.py
[2026-04-11T05:35:28.124+0000] {processor.py:830} INFO - Processing file /home/airflow/.local/lib/python3.8/site-packages/airflow/example_dags/example_sensor_decorator.py for tasks to queue
[2026-04-11T05:35:28.127+0000] {logging_mixin.py:188} INFO - [2026-04-11T05:35:28.126+0000] {dagbag.py:538} INFO - Filling up the DagBag from /home/airflow/.local/lib/python3.8/site-packages/airflow/example_dags/example_sensor_decorator.py
[2026-04-11T05:35:28.134+0000] {processor.py:840} INFO - DAG(s) 'example_sensor_decorator' retrieved from /home/airflow/.local/lib/python3.8/site-packages/airflow/example_dags/example_sensor_decorator.py
[2026-04-11T05:35:28.162+0000] {logging_mixin.py:188} INFO - [2026-04-11T05:35:28.161+0000] {dag.py:3036} INFO - Sync 1 DAGs
[2026-04-11T05:35:28.178+0000] {logging_mixin.py:188} INFO - [2026-04-11T05:35:28.177+0000] {dag.py:3823} INFO - Setting next_dagrun for example_sensor_decorator to None, run_after=None
[2026-04-11T05:35:28.200+0000] {processor.py:183} INFO - Processing /home/airflow/.local/lib/python3.8/site-packages/airflow/example_dags/example_sensor_decorator.py took 0.082 seconds
[2026-04-11T05:35:58.646+0000] {processor.py:161} INFO - Started process (PID=1246) to work on /home/airflow/.local/lib/python3.8/site-packages/airflow/example_dags/example_sensor_decorator.py
[2026-04-11T05:35:58.647+0000] {processor.py:830} INFO - Processing file /home/airflow/.local/lib/python3.8/site-packages/airflow/example_dags/example_sensor_decorator.py for tasks to queue
[2026-04-11T05:35:58.650+0000] {logging_mixin.py:188} INFO - [2026-04-11T05:35:58.649+0000] {dagbag.py:538} INFO - Filling up the DagBag from /home/airflow/.local/lib/python3.8/site-packages/airflow/example_dags/example_sensor_decorator.py
[2026-04-11T05:35:58.659+0000] {processor.py:840} INFO - DAG(s) 'example_sensor_decorator' retrieved from /home/airflow/.local/lib/python3.8/site-packages/airflow/example_dags/example_sensor_decorator.py
[2026-04-11T05:35:58.689+0000] {logging_mixin.py:188} INFO - [2026-04-11T05:35:58.688+0000] {dag.py:3036} INFO - Sync 1 DAGs
[2026-04-11T05:35:58.704+0000] {logging_mixin.py:188} INFO - [2026-04-11T05:35:58.704+0000] {dag.py:3823} INFO - Setting next_dagrun for example_sensor_decorator to None, run_after=None
[2026-04-11T05:35:58.726+0000] {processor.py:183} INFO - Processing /home/airflow/.local/lib/python3.8/site-packages/airflow/example_dags/example_sensor_decorator.py took 0.086 seconds
[2026-04-11T05:36:28.994+0000] {processor.py:161} INFO - Started process (PID=1302) to work on /home/airflow/.local/lib/python3.8/site-packages/airflow/example_dags/example_sensor_decorator.py
[2026-04-11T05:36:28.995+0000] {processor.py:830} INFO - Processing file /home/airflow/.local/lib/python3.8/site-packages/airflow/example_dags/example_sensor_decorator.py for tasks to queue
[2026-04-11T05:36:28.997+0000] {logging_mixin.py:188} INFO - [2026-04-11T05:36:28.997+0000] {dagbag.py:538} INFO - Filling up the DagBag from /home/airflow/.local/lib/python3.8/site-packages/airflow/example_dags/example_sensor_decorator.py
[2026-04-11T05:36:29.005+0000] {processor.py:840} INFO - DAG(s) 'example_sensor_decorator' retrieved from /home/airflow/.local/lib/python3.8/site-packages/airflow/example_dags/example_sensor_decorator.py
[2026-04-11T05:36:29.031+0000] {logging_mixin.py:188} INFO - [2026-04-11T05:36:29.031+0000] {dag.py:3036} INFO - Sync 1 DAGs
[2026-04-11T05:36:29.047+0000] {logging_mixin.py:188} INFO - [2026-04-11T05:36:29.047+0000] {dag.py:3823} INFO - Setting next_dagrun for example_sensor_decorator to None, run_after=None
[2026-04-11T05:36:29.070+0000] {processor.py:183} INFO - Processing /home/airflow/.local/lib/python3.8/site-packages/airflow/example_dags/example_sensor_decorator.py took 0.080 seconds
[2026-04-11T05:36:59.429+0000] {processor.py:161} INFO - Started process (PID=1358) to work on /home/airflow/.local/lib/python3.8/site-packages/airflow/example_dags/example_sensor_decorator.py
[2026-04-11T05:36:59.430+0000] {processor.py:830} INFO - Processing file /home/airflow/.local/lib/python3.8/site-packages/airflow/example_dags/example_sensor_decorator.py for tasks to queue
[2026-04-11T05:36:59.432+0000] {logging_mixin.py:188} INFO - [2026-04-11T05:36:59.431+0000] {dagbag.py:538} INFO - Filling up the DagBag from /home/airflow/.local/lib/python3.8/site-packages/airflow/example_dags/example_sensor_decorator.py
[2026-04-11T05:36:59.439+0000] {processor.py:840} INFO - DAG(s) 'example_sensor_decorator' retrieved from /home/airflow/.local/lib/python3.8/site-packages/airflow/example_dags/example_sensor_decorator.py
[2026-04-11T05:36:59.466+0000] {logging_mixin.py:188} INFO - [2026-04-11T05:36:59.465+0000] {dag.py:3036} INFO - Sync 1 DAGs
[2026-04-11T05:36:59.481+0000] {logging_mixin.py:188} INFO - [2026-04-11T05:36:59.480+0000] {dag.py:3823} INFO - Setting next_dagrun for example_sensor_decorator to None, run_after=None
[2026-04-11T05:36:59.503+0000] {processor.py:183} INFO - Processing /home/airflow/.local/lib/python3.8/site-packages/airflow/example_dags/example_sensor_decorator.py took 0.078 seconds
[2026-04-11T05:37:29.699+0000] {processor.py:161} INFO - Started process (PID=1414) to work on /home/airflow/.local/lib/python3.8/site-packages/airflow/example_dags/example_sensor_decorator.py
[2026-04-11T05:37:29.701+0000] {processor.py:830} INFO - Processing file /home/airflow/.local/lib/python3.8/site-packages/airflow/example_dags/example_sensor_decorator.py for tasks to queue
[2026-04-11T05:37:29.703+0000] {logging_mixin.py:188} INFO - [2026-04-11T05:37:29.703+0000] {dagbag.py:538} INFO - Filling up the DagBag from /home/airflow/.local/lib/python3.8/site-packages/airflow/example_dags/example_sensor_decorator.py
[2026-04-11T05:37:29.711+0000] {processor.py:840} INFO - DAG(s) 'example_sensor_decorator' retrieved from /home/airflow/.local/lib/python3.8/site-packages/airflow/example_dags/example_sensor_decorator.py
[2026-04-11T05:37:29.740+0000] {logging_mixin.py:188} INFO - [2026-04-11T05:37:29.739+0000] {dag.py:3036} INFO - Sync 1 DAGs
[2026-04-11T05:37:29.756+0000] {logging_mixin.py:188} INFO - [2026-04-11T05:37:29.756+0000] {dag.py:3823} INFO - Setting next_dagrun for example_sensor_decorator to None, run_after=None
[2026-04-11T05:37:29.781+0000] {processor.py:183} INFO - Processing /home/airflow/.local/lib/python3.8/site-packages/airflow/example_dags/example_sensor_decorator.py took 0.086 seconds
[2026-04-11T05:37:59.974+0000] {processor.py:161} INFO - Started process (PID=1470) to work on /home/airflow/.local/lib/python3.8/site-packages/airflow/example_dags/example_sensor_decorator.py
[2026-04-11T05:37:59.976+0000] {processor.py:830} INFO - Processing file /home/airflow/.local/lib/python3.8/site-packages/airflow/example_dags/example_sensor_decorator.py for tasks to queue
[2026-04-11T05:37:59.979+0000] {logging_mixin.py:188} INFO - [2026-04-11T05:37:59.979+0000] {dagbag.py:538} INFO - Filling up the DagBag from /home/airflow/.local/lib/python3.8/site-packages/airflow/example_dags/example_sensor_decorator.py
[2026-04-11T05:37:59.993+0000] {processor.py:840} INFO - DAG(s) 'example_sensor_decorator' retrieved from /home/airflow/.local/lib/python3.8/site-packages/airflow/example_dags/example_sensor_decorator.py
[2026-04-11T05:38:00.031+0000] {logging_mixin.py:188} INFO - [2026-04-11T05:38:00.030+0000] {dag.py:3036} INFO - Sync 1 DAGs
[2026-04-11T05:38:00.048+0000] {logging_mixin.py:188} INFO - [2026-04-11T05:38:00.047+0000] {dag.py:3823} INFO - Setting next_dagrun for example_sensor_decorator to None, run_after=None
[2026-04-11T05:38:00.079+0000] {processor.py:183} INFO - Processing /home/airflow/.local/lib/python3.8/site-packages/airflow/example_dags/example_sensor_decorator.py took 0.113 seconds
[2026-04-11T05:38:30.307+0000] {processor.py:161} INFO - Started process (PID=1526) to work on /home/airflow/.local/lib/python3.8/site-packages/airflow/example_dags/example_sensor_decorator.py
[2026-04-11T05:38:30.308+0000] {processor.py:830} INFO - Processing file /home/airflow/.local/lib/python3.8/site-packages/airflow/example_dags/example_sensor_decorator.py for tasks to queue
[2026-04-11T05:38:30.310+0000] {logging_mixin.py:188} INFO - [2026-04-11T05:38:30.310+0000] {dagbag.py:538} INFO - Filling up the DagBag from /home/airflow/.local/lib/python3.8/site-packages/airflow/example_dags/example_sensor_decorator.py
[2026-04-11T05:38:30.320+0000] {processor.py:840} INFO - DAG(s) 'example_sensor_decorator' retrieved from /home/airflow/.local/lib/python3.8/site-packages/airflow/example_dags/example_sensor_decorator.py
[2026-04-11T05:38:30.351+0000] {logging_mixin.py:188} INFO - [2026-04-11T05:38:30.351+0000] {dag.py:3036} INFO - Sync 1 DAGs
[2026-04-11T05:38:30.370+0000] {logging_mixin.py:188} INFO - [2026-04-11T05:38:30.369+0000] {dag.py:3823} INFO - Setting next_dagrun for example_sensor_decorator to None, run_after=None
[2026-04-11T05:38:30.402+0000] {processor.py:183} INFO - Processing /home/airflow/.local/lib/python3.8/site-packages/airflow/example_dags/example_sensor_decorator.py took 0.100 seconds
[2026-04-11T05:39:00.653+0000] {processor.py:161} INFO - Started process (PID=1582) to work on /home/airflow/.local/lib/python3.8/site-packages/airflow/example_dags/example_sensor_decorator.py
[2026-04-11T05:39:00.654+0000] {processor.py:830} INFO - Processing file /home/airflow/.local/lib/python3.8/site-packages/airflow/example_dags/example_sensor_decorator.py for tasks to queue
[2026-04-11T05:39:00.656+0000] {logging_mixin.py:188} INFO - [2026-04-11T05:39:00.656+0000] {dagbag.py:538} INFO - Filling up the DagBag from /home/airflow/.local/lib/python3.8/site-packages/airflow/example_dags/example_sensor_decorator.py
[2026-04-11T05:39:00.664+0000] {processor.py:840} INFO - DAG(s) 'example_sensor_decorator' retrieved from /home/airflow/.local/lib/python3.8/site-packages/airflow/example_dags/example_sensor_decorator.py
[2026-04-11T05:39:00.693+0000] {logging_mixin.py:188} INFO - [2026-04-11T05:39:00.692+0000] {dag.py:3036} INFO - Sync 1 DAGs
[2026-04-11T05:39:00.710+0000] {logging_mixin.py:188} INFO - [2026-04-11T05:39:00.709+0000] {dag.py:3823} INFO - Setting next_dagrun for example_sensor_decorator to None, run_after=None
[2026-04-11T05:39:00.736+0000] {processor.py:183} INFO - Processing /home/airflow/.local/lib/python3.8/site-packages/airflow/example_dags/example_sensor_decorator.py took 0.088 seconds
[2026-04-11T05:39:31.234+0000] {processor.py:161} INFO - Started process (PID=1638) to work on /home/airflow/.local/lib/python3.8/site-packages/airflow/example_dags/example_sensor_decorator.py
[2026-04-11T05:39:31.235+0000] {processor.py:830} INFO - Processing file /home/airflow/.local/lib/python3.8/site-packages/airflow/example_dags/example_sensor_decorator.py for tasks to queue
[2026-04-11T05:39:31.237+0000] {logging_mixin.py:188} INFO - [2026-04-11T05:39:31.237+0000] {dagbag.py:538} INFO - Filling up the DagBag from /home/airflow/.local/lib/python3.8/site-packages/airflow/example_dags/example_sensor_decorator.py
[2026-04-11T05:39:31.246+0000] {processor.py:840} INFO - DAG(s) 'example_sensor_decorator' retrieved from /home/airflow/.local/lib/python3.8/site-packages/airflow/example_dags/example_sensor_decorator.py
[2026-04-11T05:39:31.275+0000] {logging_mixin.py:188} INFO - [2026-04-11T05:39:31.275+0000] {dag.py:3036} INFO - Sync 1 DAGs
[2026-04-11T05:39:31.291+0000] {logging_mixin.py:188} INFO - [2026-04-11T05:39:31.290+0000] {dag.py:3823} INFO - Setting next_dagrun for example_sensor_decorator to None, run_after=None
[2026-04-11T05:39:31.314+0000] {processor.py:183} INFO - Processing /home/airflow/.local/lib/python3.8/site-packages/airflow/example_dags/example_sensor_decorator.py took 0.085 seconds
[2026-04-11T05:40:02.003+0000] {processor.py:161} INFO - Started process (PID=1694) to work on /home/airflow/.local/lib/python3.8/site-packages/airflow/example_dags/example_sensor_decorator.py
[2026-04-11T05:40:02.005+0000] {processor.py:830} INFO - Processing file /home/airflow/.local/lib/python3.8/site-packages/airflow/example_dags/example_sensor_decorator.py for tasks to queue
[2026-04-11T05:40:02.007+0000] {logging_mixin.py:188} INFO - [2026-04-11T05:40:02.007+0000] {dagbag.py:538} INFO - Filling up the DagBag from /home/airflow/.local/lib/python3.8/site-packages/airflow/example_dags/example_sensor_decorator.py
[2026-04-11T05:40:02.017+0000] {processor.py:840} INFO - DAG(s) 'example_sensor_decorator' retrieved from /home/airflow/.local/lib/python3.8/site-packages/airflow/example_dags/example_sensor_decorator.py
[2026-04-11T05:40:02.050+0000] {logging_mixin.py:188} INFO - [2026-04-11T05:40:02.050+0000] {dag.py:3036} INFO - Sync 1 DAGs
[2026-04-11T05:40:02.069+0000] {logging_mixin.py:188} INFO - [2026-04-11T05:40:02.068+0000] {dag.py:3823} INFO - Setting next_dagrun for example_sensor_decorator to None, run_after=None
[2026-04-11T05:40:02.101+0000] {processor.py:183} INFO - Processing /home/airflow/.local/lib/python3.8/site-packages/airflow/example_dags/example_sensor_decorator.py took 0.104 seconds
[2026-04-11T05:40:32.240+0000] {processor.py:161} INFO - Started process (PID=1750) to work on /home/airflow/.local/lib/python3.8/site-packages/airflow/example_dags/example_sensor_decorator.py
[2026-04-11T05:40:32.241+0000] {processor.py:830} INFO - Processing file /home/airflow/.local/lib/python3.8/site-packages/airflow/example_dags/example_sensor_decorator.py for tasks to queue
[2026-04-11T05:40:32.245+0000] {logging_mixin.py:188} INFO - [2026-04-11T05:40:32.244+0000] {dagbag.py:538} INFO - Filling up the DagBag from /home/airflow/.local/lib/python3.8/site-packages/airflow/example_dags/example_sensor_decorator.py
[2026-04-11T05:40:32.258+0000] {processor.py:840} INFO - DAG(s) 'example_sensor_decorator' retrieved from /home/airflow/.local/lib/python3.8/site-packages/airflow/example_dags/example_sensor_decorator.py
[2026-04-11T05:40:32.302+0000] {logging_mixin.py:188} INFO - [2026-04-11T05:40:32.301+0000] {dag.py:3036} INFO - Sync 1 DAGs
[2026-04-11T05:40:32.327+0000] {logging_mixin.py:188} INFO - [2026-04-11T05:40:32.326+0000] {dag.py:3823} INFO - Setting next_dagrun for example_sensor_decorator to None, run_after=None
[2026-04-11T05:40:32.360+0000] {processor.py:183} INFO - Processing /home/airflow/.local/lib/python3.8/site-packages/airflow/example_dags/example_sensor_decorator.py took 0.127 seconds
[2026-04-11T05:41:02.505+0000] {processor.py:161} INFO - Started process (PID=1806) to work on /home/airflow/.local/lib/python3.8/site-packages/airflow/example_dags/example_sensor_decorator.py
[2026-04-11T05:41:02.506+0000] {processor.py:830} INFO - Processing file /home/airflow/.local/lib/python3.8/site-packages/airflow/example_dags/example_sensor_decorator.py for tasks to queue
[2026-04-11T05:41:02.509+0000] {logging_mixin.py:188} INFO - [2026-04-11T05:41:02.508+0000] {dagbag.py:538} INFO - Filling up the DagBag from /home/airflow/.local/lib/python3.8/site-packages/airflow/example_dags/example_sensor_decorator.py
[2026-04-11T05:41:02.518+0000] {processor.py:840} INFO - DAG(s) 'example_sensor_decorator' retrieved from /home/airflow/.local/lib/python3.8/site-packages/airflow/example_dags/example_sensor_decorator.py
[2026-04-11T05:41:02.548+0000] {logging_mixin.py:188} INFO - [2026-04-11T05:41:02.547+0000] {dag.py:3036} INFO - Sync 1 DAGs
[2026-04-11T05:41:02.566+0000] {logging_mixin.py:188} INFO - [2026-04-11T05:41:02.565+0000] {dag.py:3823} INFO - Setting next_dagrun for example_sensor_decorator to None, run_after=None
[2026-04-11T05:41:02.595+0000] {processor.py:183} INFO - Processing /home/airflow/.local/lib/python3.8/site-packages/airflow/example_dags/example_sensor_decorator.py took 0.095 seconds
[2026-04-11T05:41:32.926+0000] {processor.py:161} INFO - Started process (PID=1862) to work on /home/airflow/.local/lib/python3.8/site-packages/airflow/example_dags/example_sensor_decorator.py
[2026-04-11T05:41:32.928+0000] {processor.py:830} INFO - Processing file /home/airflow/.local/lib/python3.8/site-packages/airflow/example_dags/example_sensor_decorator.py for tasks to queue
[2026-04-11T05:41:32.930+0000] {logging_mixin.py:188} INFO - [2026-04-11T05:41:32.929+0000] {dagbag.py:538} INFO - Filling up the DagBag from /home/airflow/.local/lib/python3.8/site-packages/airflow/example_dags/example_sensor_decorator.py
[2026-04-11T05:41:32.938+0000] {processor.py:840} INFO - DAG(s) 'example_sensor_decorator' retrieved from /home/airflow/.local/lib/python3.8/site-packages/airflow/example_dags/example_sensor_decorator.py
[2026-04-11T05:41:32.965+0000] {logging_mixin.py:188} INFO - [2026-04-11T05:41:32.965+0000] {dag.py:3036} INFO - Sync 1 DAGs
[2026-04-11T05:41:32.981+0000] {logging_mixin.py:188} INFO - [2026-04-11T05:41:32.981+0000] {dag.py:3823} INFO - Setting next_dagrun for example_sensor_decorator to None, run_after=None
[2026-04-11T05:41:33.004+0000] {processor.py:183} INFO - Processing /home/airflow/.local/lib/python3.8/site-packages/airflow/example_dags/example_sensor_decorator.py took 0.082 seconds
[2026-04-11T05:42:03.206+0000] {processor.py:161} INFO - Started process (PID=1918) to work on /home/airflow/.local/lib/python3.8/site-packages/airflow/example_dags/example_sensor_decorator.py
[2026-04-11T05:42:03.207+0000] {processor.py:830} INFO - Processing file /home/airflow/.local/lib/python3.8/site-packages/airflow/example_dags/example_sensor_decorator.py for tasks to queue
[2026-04-11T05:42:03.209+0000] {logging_mixin.py:188} INFO - [2026-04-11T05:42:03.208+0000] {dagbag.py:538} INFO - Filling up the DagBag from /home/airflow/.local/lib/python3.8/site-packages/airflow/example_dags/example_sensor_decorator.py
[2026-04-11T05:42:03.216+0000] {processor.py:840} INFO - DAG(s) 'example_sensor_decorator' retrieved from /home/airflow/.local/lib/python3.8/site-packages/airflow/example_dags/example_sensor_decorator.py
[2026-04-11T05:42:03.240+0000] {logging_mixin.py:188} INFO - [2026-04-11T05:42:03.240+0000] {dag.py:3036} INFO - Sync 1 DAGs
[2026-04-11T05:42:03.255+0000] {logging_mixin.py:188} INFO - [2026-04-11T05:42:03.255+0000] {dag.py:3823} INFO - Setting next_dagrun for example_sensor_decorator to None, run_after=None
[2026-04-11T05:42:03.277+0000] {processor.py:183} INFO - Processing /home/airflow/.local/lib/python3.8/site-packages/airflow/example_dags/example_sensor_decorator.py took 0.075 seconds
[2026-04-11T05:42:33.439+0000] {processor.py:161} INFO - Started process (PID=1974) to work on /home/airflow/.local/lib/python3.8/site-packages/airflow/example_dags/example_sensor_decorator.py
[2026-04-11T05:42:33.440+0000] {processor.py:830} INFO - Processing file /home/airflow/.local/lib/python3.8/site-packages/airflow/example_dags/example_sensor_decorator.py for tasks to queue
[2026-04-11T05:42:33.442+0000] {logging_mixin.py:188} INFO - [2026-04-11T05:42:33.441+0000] {dagbag.py:538} INFO - Filling up the DagBag from /home/airflow/.local/lib/python3.8/site-packages/airflow/example_dags/example_sensor_decorator.py
[2026-04-11T05:42:33.449+0000] {processor.py:840} INFO - DAG(s) 'example_sensor_decorator' retrieved from /home/airflow/.local/lib/python3.8/site-packages/airflow/example_dags/example_sensor_decorator.py
[2026-04-11T05:42:33.474+0000] {logging_mixin.py:188} INFO - [2026-04-11T05:42:33.474+0000] {dag.py:3036} INFO - Sync 1 DAGs
[2026-04-11T05:42:33.490+0000] {logging_mixin.py:188} INFO - [2026-04-11T05:42:33.489+0000] {dag.py:3823} INFO - Setting next_dagrun for example_sensor_decorator to None, run_after=None
[2026-04-11T05:42:33.512+0000] {processor.py:183} INFO - Processing /home/airflow/.local/lib/python3.8/site-packages/airflow/example_dags/example_sensor_decorator.py took 0.077 seconds
[2026-04-11T05:43:03.957+0000] {processor.py:161} INFO - Started process (PID=2030) to work on /home/airflow/.local/lib/python3.8/site-packages/airflow/example_dags/example_sensor_decorator.py
[2026-04-11T05:43:03.958+0000] {processor.py:830} INFO - Processing file /home/airflow/.local/lib/python3.8/site-packages/airflow/example_dags/example_sensor_decorator.py for tasks to queue
[2026-04-11T05:43:03.960+0000] {logging_mixin.py:188} INFO - [2026-04-11T05:43:03.959+0000] {dagbag.py:538} INFO - Filling up the DagBag from /home/airflow/.local/lib/python3.8/site-packages/airflow/example_dags/example_sensor_decorator.py
[2026-04-11T05:43:03.967+0000] {processor.py:840} INFO - DAG(s) 'example_sensor_decorator' retrieved from /home/airflow/.local/lib/python3.8/site-packages/airflow/example_dags/example_sensor_decorator.py
[2026-04-11T05:43:03.992+0000] {logging_mixin.py:188} INFO - [2026-04-11T05:43:03.992+0000] {dag.py:3036} INFO - Sync 1 DAGs
[2026-04-11T05:43:04.007+0000] {logging_mixin.py:188} INFO - [2026-04-11T05:43:04.007+0000] {dag.py:3823} INFO - Setting next_dagrun for example_sensor_decorator to None, run_after=None
[2026-04-11T05:43:04.029+0000] {processor.py:183} INFO - Processing /home/airflow/.local/lib/python3.8/site-packages/airflow/example_dags/example_sensor_decorator.py took 0.077 seconds
[2026-04-11T05:43:34.069+0000] {processor.py:161} INFO - Started process (PID=2085) to work on /home/airflow/.local/lib/python3.8/site-packages/airflow/example_dags/example_sensor_decorator.py
[2026-04-11T05:43:34.071+0000] {processor.py:830} INFO - Processing file /home/airflow/.local/lib/python3.8/site-packages/airflow/example_dags/example_sensor_decorator.py for tasks to queue
[2026-04-11T05:43:34.075+0000] {logging_mixin.py:188} INFO - [2026-04-11T05:43:34.074+0000] {dagbag.py:538} INFO - Filling up the DagBag from /home/airflow/.local/lib/python3.8/site-packages/airflow/example_dags/example_sensor_decorator.py
[2026-04-11T05:43:34.087+0000] {processor.py:840} INFO - DAG(s) 'example_sensor_decorator' retrieved from /home/airflow/.local/lib/python3.8/site-packages/airflow/example_dags/example_sensor_decorator.py
[2026-04-11T05:43:34.127+0000] {logging_mixin.py:188} INFO - [2026-04-11T05:43:34.127+0000] {dag.py:3036} INFO - Sync 1 DAGs
[2026-04-11T05:43:34.151+0000] {logging_mixin.py:188} INFO - [2026-04-11T05:43:34.150+0000] {dag.py:3823} INFO - Setting next_dagrun for example_sensor_decorator to None, run_after=None
[2026-04-11T05:43:34.188+0000] {processor.py:183} INFO - Processing /home/airflow/.local/lib/python3.8/site-packages/airflow/example_dags/example_sensor_decorator.py took 0.126 seconds
[2026-04-11T05:44:04.641+0000] {processor.py:161} INFO - Started process (PID=2141) to work on /home/airflow/.local/lib/python3.8/site-packages/airflow/example_dags/example_sensor_decorator.py
[2026-04-11T05:44:04.642+0000] {processor.py:830} INFO - Processing file /home/airflow/.local/lib/python3.8/site-packages/airflow/example_dags/example_sensor_decorator.py for tasks to queue
[2026-04-11T05:44:04.645+0000] {logging_mixin.py:188} INFO - [2026-04-11T05:44:04.644+0000] {dagbag.py:538} INFO - Filling up the DagBag from /home/airflow/.local/lib/python3.8/site-packages/airflow/example_dags/example_sensor_decorator.py
[2026-04-11T05:44:04.653+0000] {processor.py:840} INFO - DAG(s) 'example_sensor_decorator' retrieved from /home/airflow/.local/lib/python3.8/site-packages/airflow/example_dags/example_sensor_decorator.py
[2026-04-11T05:44:04.683+0000] {logging_mixin.py:188} INFO - [2026-04-11T05:44:04.682+0000] {dag.py:3036} INFO - Sync 1 DAGs
[2026-04-11T05:44:04.699+0000] {logging_mixin.py:188} INFO - [2026-04-11T05:44:04.699+0000] {dag.py:3823} INFO - Setting next_dagrun for example_sensor_decorator to None, run_after=None
[2026-04-11T05:44:04.725+0000] {processor.py:183} INFO - Processing /home/airflow/.local/lib/python3.8/site-packages/airflow/example_dags/example_sensor_decorator.py took 0.088 seconds
[2026-04-11T05:44:35.378+0000] {processor.py:161} INFO - Started process (PID=2196) to work on /home/airflow/.local/lib/python3.8/site-packages/airflow/example_dags/example_sensor_decorator.py
[2026-04-11T05:44:35.379+0000] {processor.py:830} INFO - Processing file /home/airflow/.local/lib/python3.8/site-packages/airflow/example_dags/example_sensor_decorator.py for tasks to queue
[2026-04-11T05:44:35.381+0000] {logging_mixin.py:188} INFO - [2026-04-11T05:44:35.381+0000] {dagbag.py:538} INFO - Filling up the DagBag from /home/airflow/.local/lib/python3.8/site-packages/airflow/example_dags/example_sensor_decorator.py
[2026-04-11T05:44:35.389+0000] {processor.py:840} INFO - DAG(s) 'example_sensor_decorator' retrieved from /home/airflow/.local/lib/python3.8/site-packages/airflow/example_dags/example_sensor_decorator.py
[2026-04-11T05:44:35.418+0000] {logging_mixin.py:188} INFO - [2026-04-11T05:44:35.418+0000] {dag.py:3036} INFO - Sync 1 DAGs
[2026-04-11T05:44:35.436+0000] {logging_mixin.py:188} INFO - [2026-04-11T05:44:35.435+0000] {dag.py:3823} INFO - Setting next_dagrun for example_sensor_decorator to None, run_after=None
[2026-04-11T05:44:35.459+0000] {processor.py:183} INFO - Processing /home/airflow/.local/lib/python3.8/site-packages/airflow/example_dags/example_sensor_decorator.py took 0.086 seconds
[2026-04-11T05:45:05.795+0000] {processor.py:161} INFO - Started process (PID=2252) to work on /home/airflow/.local/lib/python3.8/site-packages/airflow/example_dags/example_sensor_decorator.py
[2026-04-11T05:45:05.797+0000] {processor.py:830} INFO - Processing file /home/airflow/.local/lib/python3.8/site-packages/airflow/example_dags/example_sensor_decorator.py for tasks to queue
[2026-04-11T05:45:05.799+0000] {logging_mixin.py:188} INFO - [2026-04-11T05:45:05.799+0000] {dagbag.py:538} INFO - Filling up the DagBag from /home/airflow/.local/lib/python3.8/site-packages/airflow/example_dags/example_sensor_decorator.py
[2026-04-11T05:45:05.807+0000] {processor.py:840} INFO - DAG(s) 'example_sensor_decorator' retrieved from /home/airflow/.local/lib/python3.8/site-packages/airflow/example_dags/example_sensor_decorator.py
[2026-04-11T05:45:05.837+0000] {logging_mixin.py:188} INFO - [2026-04-11T05:45:05.837+0000] {dag.py:3036} INFO - Sync 1 DAGs
[2026-04-11T05:45:05.853+0000] {logging_mixin.py:188} INFO - [2026-04-11T05:45:05.853+0000] {dag.py:3823} INFO - Setting next_dagrun for example_sensor_decorator to None, run_after=None
[2026-04-11T05:45:05.878+0000] {processor.py:183} INFO - Processing /home/airflow/.local/lib/python3.8/site-packages/airflow/example_dags/example_sensor_decorator.py took 0.088 seconds
[2026-04-11T05:45:36.066+0000] {processor.py:161} INFO - Started process (PID=2308) to work on /home/airflow/.local/lib/python3.8/site-packages/airflow/example_dags/example_sensor_decorator.py
[2026-04-11T05:45:36.067+0000] {processor.py:830} INFO - Processing file /home/airflow/.local/lib/python3.8/site-packages/airflow/example_dags/example_sensor_decorator.py for tasks to queue
[2026-04-11T05:45:36.069+0000] {logging_mixin.py:188} INFO - [2026-04-11T05:45:36.069+0000] {dagbag.py:538} INFO - Filling up the DagBag from /home/airflow/.local/lib/python3.8/site-packages/airflow/example_dags/example_sensor_decorator.py
[2026-04-11T05:45:36.077+0000] {processor.py:840} INFO - DAG(s) 'example_sensor_decorator' retrieved from /home/airflow/.local/lib/python3.8/site-packages/airflow/example_dags/example_sensor_decorator.py
[2026-04-11T05:45:36.105+0000] {logging_mixin.py:188} INFO - [2026-04-11T05:45:36.105+0000] {dag.py:3036} INFO - Sync 1 DAGs
[2026-04-11T05:45:36.121+0000] {logging_mixin.py:188} INFO - [2026-04-11T05:45:36.121+0000] {dag.py:3823} INFO - Setting next_dagrun for example_sensor_decorator to None, run_after=None
[2026-04-11T05:45:36.145+0000] {processor.py:183} INFO - Processing /home/airflow/.local/lib/python3.8/site-packages/airflow/example_dags/example_sensor_decorator.py took 0.084 seconds
[2026-04-11T05:46:06.262+0000] {processor.py:161} INFO - Started process (PID=2364) to work on /home/airflow/.local/lib/python3.8/site-packages/airflow/example_dags/example_sensor_decorator.py
[2026-04-11T05:46:06.263+0000] {processor.py:830} INFO - Processing file /home/airflow/.local/lib/python3.8/site-packages/airflow/example_dags/example_sensor_decorator.py for tasks to queue
[2026-04-11T05:46:06.265+0000] {logging_mixin.py:188} INFO - [2026-04-11T05:46:06.265+0000] {dagbag.py:538} INFO - Filling up the DagBag from /home/airflow/.local/lib/python3.8/site-packages/airflow/example_dags/example_sensor_decorator.py
[2026-04-11T05:46:06.274+0000] {processor.py:840} INFO - DAG(s) 'example_sensor_decorator' retrieved from /home/airflow/.local/lib/python3.8/site-packages/airflow/example_dags/example_sensor_decorator.py
[2026-04-11T05:46:06.303+0000] {logging_mixin.py:188} INFO - [2026-04-11T05:46:06.303+0000] {dag.py:3036} INFO - Sync 1 DAGs
[2026-04-11T05:46:06.321+0000] {logging_mixin.py:188} INFO - [2026-04-11T05:46:06.321+0000] {dag.py:3823} INFO - Setting next_dagrun for example_sensor_decorator to None, run_after=None
[2026-04-11T05:46:06.346+0000] {processor.py:183} INFO - Processing /home/airflow/.local/lib/python3.8/site-packages/airflow/example_dags/example_sensor_decorator.py took 0.089 seconds
[2026-04-11T05:46:36.801+0000] {processor.py:161} INFO - Started process (PID=2420) to work on /home/airflow/.local/lib/python3.8/site-packages/airflow/example_dags/example_sensor_decorator.py
[2026-04-11T05:46:36.802+0000] {processor.py:830} INFO - Processing file /home/airflow/.local/lib/python3.8/site-packages/airflow/example_dags/example_sensor_decorator.py for tasks to queue
[2026-04-11T05:46:36.805+0000] {logging_mixin.py:188} INFO - [2026-04-11T05:46:36.805+0000] {dagbag.py:538} INFO - Filling up the DagBag from /home/airflow/.local/lib/python3.8/site-packages/airflow/example_dags/example_sensor_decorator.py
[2026-04-11T05:46:36.814+0000] {processor.py:840} INFO - DAG(s) 'example_sensor_decorator' retrieved from /home/airflow/.local/lib/python3.8/site-packages/airflow/example_dags/example_sensor_decorator.py
[2026-04-11T05:46:36.846+0000] {logging_mixin.py:188} INFO - [2026-04-11T05:46:36.845+0000] {dag.py:3036} INFO - Sync 1 DAGs
[2026-04-11T05:46:36.863+0000] {logging_mixin.py:188} INFO - [2026-04-11T05:46:36.863+0000] {dag.py:3823} INFO - Setting next_dagrun for example_sensor_decorator to None, run_after=None
[2026-04-11T05:46:36.887+0000] {processor.py:183} INFO - Processing /home/airflow/.local/lib/python3.8/site-packages/airflow/example_dags/example_sensor_decorator.py took 0.091 seconds
[2026-04-11T05:47:07.626+0000] {processor.py:161} INFO - Started process (PID=2476) to work on /home/airflow/.local/lib/python3.8/site-packages/airflow/example_dags/example_sensor_decorator.py
[2026-04-11T05:47:07.627+0000] {processor.py:830} INFO - Processing file /home/airflow/.local/lib/python3.8/site-packages/airflow/example_dags/example_sensor_decorator.py for tasks to queue
[2026-04-11T05:47:07.630+0000] {logging_mixin.py:188} INFO - [2026-04-11T05:47:07.629+0000] {dagbag.py:538} INFO - Filling up the DagBag from /home/airflow/.local/lib/python3.8/site-packages/airflow/example_dags/example_sensor_decorator.py
[2026-04-11T05:47:07.638+0000] {processor.py:840} INFO - DAG(s) 'example_sensor_decorator' retrieved from /home/airflow/.local/lib/python3.8/site-packages/airflow/example_dags/example_sensor_decorator.py
[2026-04-11T05:47:07.667+0000] {logging_mixin.py:188} INFO - [2026-04-11T05:47:07.667+0000] {dag.py:3036} INFO - Sync 1 DAGs
[2026-04-11T05:47:07.683+0000] {logging_mixin.py:188} INFO - [2026-04-11T05:47:07.682+0000] {dag.py:3823} INFO - Setting next_dagrun for example_sensor_decorator to None, run_after=None
[2026-04-11T05:47:07.707+0000] {processor.py:183} INFO - Processing /home/airflow/.local/lib/python3.8/site-packages/airflow/example_dags/example_sensor_decorator.py took 0.086 seconds
[2026-04-11T05:47:38.075+0000] {processor.py:161} INFO - Started process (PID=2532) to work on /home/airflow/.local/lib/python3.8/site-packages/airflow/example_dags/example_sensor_decorator.py
[2026-04-11T05:47:38.076+0000] {processor.py:830} INFO - Processing file /home/airflow/.local/lib/python3.8/site-packages/airflow/example_dags/example_sensor_decorator.py for tasks to queue
[2026-04-11T05:47:38.079+0000] {logging_mixin.py:188} INFO - [2026-04-11T05:47:38.078+0000] {dagbag.py:538} INFO - Filling up the DagBag from /home/airflow/.local/lib/python3.8/site-packages/airflow/example_dags/example_sensor_decorator.py
[2026-04-11T05:47:38.087+0000] {processor.py:840} INFO - DAG(s) 'example_sensor_decorator' retrieved from /home/airflow/.local/lib/python3.8/site-packages/airflow/example_dags/example_sensor_decorator.py
[2026-04-11T05:47:38.116+0000] {logging_mixin.py:188} INFO - [2026-04-11T05:47:38.115+0000] {dag.py:3036} INFO - Sync 1 DAGs
[2026-04-11T05:47:38.132+0000] {logging_mixin.py:188} INFO - [2026-04-11T05:47:38.132+0000] {dag.py:3823} INFO - Setting next_dagrun for example_sensor_decorator to None, run_after=None
[2026-04-11T05:47:38.155+0000] {processor.py:183} INFO - Processing /home/airflow/.local/lib/python3.8/site-packages/airflow/example_dags/example_sensor_decorator.py took 0.085 seconds
[2026-04-11T05:48:09.358+0000] {processor.py:161} INFO - Started process (PID=2588) to work on /home/airflow/.local/lib/python3.8/site-packages/airflow/example_dags/example_sensor_decorator.py
[2026-04-11T05:48:09.359+0000] {processor.py:830} INFO - Processing file /home/airflow/.local/lib/python3.8/site-packages/airflow/example_dags/example_sensor_decorator.py for tasks to queue
[2026-04-11T05:48:09.362+0000] {logging_mixin.py:188} INFO - [2026-04-11T05:48:09.361+0000] {dagbag.py:538} INFO - Filling up the DagBag from /home/airflow/.local/lib/python3.8/site-packages/airflow/example_dags/example_sensor_decorator.py
[2026-04-11T05:48:09.371+0000] {processor.py:840} INFO - DAG(s) 'example_sensor_decorator' retrieved from /home/airflow/.local/lib/python3.8/site-packages/airflow/example_dags/example_sensor_decorator.py
[2026-04-11T05:48:09.404+0000] {logging_mixin.py:188} INFO - [2026-04-11T05:48:09.404+0000] {dag.py:3036} INFO - Sync 1 DAGs
[2026-04-11T05:48:09.424+0000] {logging_mixin.py:188} INFO - [2026-04-11T05:48:09.424+0000] {dag.py:3823} INFO - Setting next_dagrun for example_sensor_decorator to None, run_after=None
[2026-04-11T05:48:09.454+0000] {processor.py:183} INFO - Processing /home/airflow/.local/lib/python3.8/site-packages/airflow/example_dags/example_sensor_decorator.py took 0.101 seconds
[2026-04-11T05:48:40.872+0000] {processor.py:161} INFO - Started process (PID=2644) to work on /home/airflow/.local/lib/python3.8/site-packages/airflow/example_dags/example_sensor_decorator.py
[2026-04-11T05:48:40.874+0000] {processor.py:830} INFO - Processing file /home/airflow/.local/lib/python3.8/site-packages/airflow/example_dags/example_sensor_decorator.py for tasks to queue
[2026-04-11T05:48:40.876+0000] {logging_mixin.py:188} INFO - [2026-04-11T05:48:40.876+0000] {dagbag.py:538} INFO - Filling up the DagBag from /home/airflow/.local/lib/python3.8/site-packages/airflow/example_dags/example_sensor_decorator.py
[2026-04-11T05:48:40.884+0000] {processor.py:840} INFO - DAG(s) 'example_sensor_decorator' retrieved from /home/airflow/.local/lib/python3.8/site-packages/airflow/example_dags/example_sensor_decorator.py
[2026-04-11T05:48:40.915+0000] {logging_mixin.py:188} INFO - [2026-04-11T05:48:40.915+0000] {dag.py:3036} INFO - Sync 1 DAGs
[2026-04-11T05:48:41.129+0000] {logging_mixin.py:188} INFO - [2026-04-11T05:48:41.128+0000] {dag.py:3823} INFO - Setting next_dagrun for example_sensor_decorator to None, run_after=None
[2026-04-11T05:48:41.150+0000] {processor.py:183} INFO - Processing /home/airflow/.local/lib/python3.8/site-packages/airflow/example_dags/example_sensor_decorator.py took 0.283 seconds
[2026-04-11T05:49:11.510+0000] {processor.py:161} INFO - Started process (PID=2700) to work on /home/airflow/.local/lib/python3.8/site-packages/airflow/example_dags/example_sensor_decorator.py
[2026-04-11T05:49:11.511+0000] {processor.py:830} INFO - Processing file /home/airflow/.local/lib/python3.8/site-packages/airflow/example_dags/example_sensor_decorator.py for tasks to queue
[2026-04-11T05:49:11.513+0000] {logging_mixin.py:188} INFO - [2026-04-11T05:49:11.513+0000] {dagbag.py:538} INFO - Filling up the DagBag from /home/airflow/.local/lib/python3.8/site-packages/airflow/example_dags/example_sensor_decorator.py
[2026-04-11T05:49:11.521+0000] {processor.py:840} INFO - DAG(s) 'example_sensor_decorator' retrieved from /home/airflow/.local/lib/python3.8/site-packages/airflow/example_dags/example_sensor_decorator.py
[2026-04-11T05:49:11.548+0000] {logging_mixin.py:188} INFO - [2026-04-11T05:49:11.547+0000] {dag.py:3036} INFO - Sync 1 DAGs
[2026-04-11T05:49:11.564+0000] {logging_mixin.py:188} INFO - [2026-04-11T05:49:11.563+0000] {dag.py:3823} INFO - Setting next_dagrun for example_sensor_decorator to None, run_after=None
[2026-04-11T05:49:11.737+0000] {processor.py:183} INFO - Processing /home/airflow/.local/lib/python3.8/site-packages/airflow/example_dags/example_sensor_decorator.py took 0.231 seconds
[2026-04-11T05:49:42.230+0000] {processor.py:161} INFO - Started process (PID=2756) to work on /home/airflow/.local/lib/python3.8/site-packages/airflow/example_dags/example_sensor_decorator.py
[2026-04-11T05:49:42.239+0000] {processor.py:830} INFO - Processing file /home/airflow/.local/lib/python3.8/site-packages/airflow/example_dags/example_sensor_decorator.py for tasks to queue
[2026-04-11T05:49:42.242+0000] {logging_mixin.py:188} INFO - [2026-04-11T05:49:42.242+0000] {dagbag.py:538} INFO - Filling up the DagBag from /home/airflow/.local/lib/python3.8/site-packages/airflow/example_dags/example_sensor_decorator.py
[2026-04-11T05:49:42.251+0000] {processor.py:840} INFO - DAG(s) 'example_sensor_decorator' retrieved from /home/airflow/.local/lib/python3.8/site-packages/airflow/example_dags/example_sensor_decorator.py
[2026-04-11T05:49:42.280+0000] {logging_mixin.py:188} INFO - [2026-04-11T05:49:42.280+0000] {dag.py:3036} INFO - Sync 1 DAGs
[2026-04-11T05:49:42.296+0000] {logging_mixin.py:188} INFO - [2026-04-11T05:49:42.296+0000] {dag.py:3823} INFO - Setting next_dagrun for example_sensor_decorator to None, run_after=None
[2026-04-11T05:49:42.320+0000] {processor.py:183} INFO - Processing /home/airflow/.local/lib/python3.8/site-packages/airflow/example_dags/example_sensor_decorator.py took 0.094 seconds
[2026-04-11T05:50:13.268+0000] {processor.py:161} INFO - Started process (PID=2812) to work on /home/airflow/.local/lib/python3.8/site-packages/airflow/example_dags/example_sensor_decorator.py
[2026-04-11T05:50:13.269+0000] {processor.py:830} INFO - Processing file /home/airflow/.local/lib/python3.8/site-packages/airflow/example_dags/example_sensor_decorator.py for tasks to queue
[2026-04-11T05:50:13.272+0000] {logging_mixin.py:188} INFO - [2026-04-11T05:50:13.271+0000] {dagbag.py:538} INFO - Filling up the DagBag from /home/airflow/.local/lib/python3.8/site-packages/airflow/example_dags/example_sensor_decorator.py
[2026-04-11T05:50:13.280+0000] {processor.py:840} INFO - DAG(s) 'example_sensor_decorator' retrieved from /home/airflow/.local/lib/python3.8/site-packages/airflow/example_dags/example_sensor_decorator.py
[2026-04-11T05:50:13.309+0000] {logging_mixin.py:188} INFO - [2026-04-11T05:50:13.308+0000] {dag.py:3036} INFO - Sync 1 DAGs
[2026-04-11T05:50:13.324+0000] {logging_mixin.py:188} INFO - [2026-04-11T05:50:13.324+0000] {dag.py:3823} INFO - Setting next_dagrun for example_sensor_decorator to None, run_after=None
[2026-04-11T05:50:13.346+0000] {processor.py:183} INFO - Processing /home/airflow/.local/lib/python3.8/site-packages/airflow/example_dags/example_sensor_decorator.py took 0.083 seconds
[2026-04-11T05:50:43.894+0000] {processor.py:161} INFO - Started process (PID=2868) to work on /home/airflow/.local/lib/python3.8/site-packages/airflow/example_dags/example_sensor_decorator.py
[2026-04-11T05:50:43.895+0000] {processor.py:830} INFO - Processing file /home/airflow/.local/lib/python3.8/site-packages/airflow/example_dags/example_sensor_decorator.py for tasks to queue
[2026-04-11T05:50:43.897+0000] {logging_mixin.py:188} INFO - [2026-04-11T05:50:43.897+0000] {dagbag.py:538} INFO - Filling up the DagBag from /home/airflow/.local/lib/python3.8/site-packages/airflow/example_dags/example_sensor_decorator.py
[2026-04-11T05:50:43.905+0000] {processor.py:840} INFO - DAG(s) 'example_sensor_decorator' retrieved from /home/airflow/.local/lib/python3.8/site-packages/airflow/example_dags/example_sensor_decorator.py
[2026-04-11T05:50:43.930+0000] {logging_mixin.py:188} INFO - [2026-04-11T05:50:43.930+0000] {dag.py:3036} INFO - Sync 1 DAGs
[2026-04-11T05:50:43.945+0000] {logging_mixin.py:188} INFO - [2026-04-11T05:50:43.944+0000] {dag.py:3823} INFO - Setting next_dagrun for example_sensor_decorator to None, run_after=None
[2026-04-11T05:50:43.966+0000] {processor.py:183} INFO - Processing /home/airflow/.local/lib/python3.8/site-packages/airflow/example_dags/example_sensor_decorator.py took 0.076 seconds
[2026-04-11T05:51:14.535+0000] {processor.py:161} INFO - Started process (PID=2924) to work on /home/airflow/.local/lib/python3.8/site-packages/airflow/example_dags/example_sensor_decorator.py
[2026-04-11T05:51:14.536+0000] {processor.py:830} INFO - Processing file /home/airflow/.local/lib/python3.8/site-packages/airflow/example_dags/example_sensor_decorator.py for tasks to queue
[2026-04-11T05:51:14.538+0000] {logging_mixin.py:188} INFO - [2026-04-11T05:51:14.538+0000] {dagbag.py:538} INFO - Filling up the DagBag from /home/airflow/.local/lib/python3.8/site-packages/airflow/example_dags/example_sensor_decorator.py
[2026-04-11T05:51:14.546+0000] {processor.py:840} INFO - DAG(s) 'example_sensor_decorator' retrieved from /home/airflow/.local/lib/python3.8/site-packages/airflow/example_dags/example_sensor_decorator.py
[2026-04-11T05:51:14.573+0000] {logging_mixin.py:188} INFO - [2026-04-11T05:51:14.573+0000] {dag.py:3036} INFO - Sync 1 DAGs
[2026-04-11T05:51:14.588+0000] {logging_mixin.py:188} INFO - [2026-04-11T05:51:14.588+0000] {dag.py:3823} INFO - Setting next_dagrun for example_sensor_decorator to None, run_after=None
[2026-04-11T05:51:14.608+0000] {processor.py:183} INFO - Processing /home/airflow/.local/lib/python3.8/site-packages/airflow/example_dags/example_sensor_decorator.py took 0.079 seconds
[2026-04-11T05:51:45.230+0000] {processor.py:161} INFO - Started process (PID=2980) to work on /home/airflow/.local/lib/python3.8/site-packages/airflow/example_dags/example_sensor_decorator.py
[2026-04-11T05:51:45.231+0000] {processor.py:830} INFO - Processing file /home/airflow/.local/lib/python3.8/site-packages/airflow/example_dags/example_sensor_decorator.py for tasks to queue
[2026-04-11T05:51:45.234+0000] {logging_mixin.py:188} INFO - [2026-04-11T05:51:45.233+0000] {dagbag.py:538} INFO - Filling up the DagBag from /home/airflow/.local/lib/python3.8/site-packages/airflow/example_dags/example_sensor_decorator.py
[2026-04-11T05:51:45.242+0000] {processor.py:840} INFO - DAG(s) 'example_sensor_decorator' retrieved from /home/airflow/.local/lib/python3.8/site-packages/airflow/example_dags/example_sensor_decorator.py
[2026-04-11T05:51:45.273+0000] {logging_mixin.py:188} INFO - [2026-04-11T05:51:45.273+0000] {dag.py:3036} INFO - Sync 1 DAGs
[2026-04-11T05:51:45.292+0000] {logging_mixin.py:188} INFO - [2026-04-11T05:51:45.291+0000] {dag.py:3823} INFO - Setting next_dagrun for example_sensor_decorator to None, run_after=None
[2026-04-11T05:51:45.317+0000] {processor.py:183} INFO - Processing /home/airflow/.local/lib/python3.8/site-packages/airflow/example_dags/example_sensor_decorator.py took 0.093 seconds
[2026-04-11T05:52:15.773+0000] {processor.py:161} INFO - Started process (PID=3036) to work on /home/airflow/.local/lib/python3.8/site-packages/airflow/example_dags/example_sensor_decorator.py
[2026-04-11T05:52:15.774+0000] {processor.py:830} INFO - Processing file /home/airflow/.local/lib/python3.8/site-packages/airflow/example_dags/example_sensor_decorator.py for tasks to queue
[2026-04-11T05:52:15.776+0000] {logging_mixin.py:188} INFO - [2026-04-11T05:52:15.776+0000] {dagbag.py:538} INFO - Filling up the DagBag from /home/airflow/.local/lib/python3.8/site-packages/airflow/example_dags/example_sensor_decorator.py
[2026-04-11T05:52:15.784+0000] {processor.py:840} INFO - DAG(s) 'example_sensor_decorator' retrieved from /home/airflow/.local/lib/python3.8/site-packages/airflow/example_dags/example_sensor_decorator.py
[2026-04-11T05:52:15.813+0000] {logging_mixin.py:188} INFO - [2026-04-11T05:52:15.812+0000] {dag.py:3036} INFO - Sync 1 DAGs
[2026-04-11T05:52:15.828+0000] {logging_mixin.py:188} INFO - [2026-04-11T05:52:15.828+0000] {dag.py:3823} INFO - Setting next_dagrun for example_sensor_decorator to None, run_after=None
[2026-04-11T05:52:15.851+0000] {processor.py:183} INFO - Processing /home/airflow/.local/lib/python3.8/site-packages/airflow/example_dags/example_sensor_decorator.py took 0.083 seconds
[2026-04-11T05:52:46.266+0000] {processor.py:161} INFO - Started process (PID=3092) to work on /home/airflow/.local/lib/python3.8/site-packages/airflow/example_dags/example_sensor_decorator.py
[2026-04-11T05:52:46.267+0000] {processor.py:830} INFO - Processing file /home/airflow/.local/lib/python3.8/site-packages/airflow/example_dags/example_sensor_decorator.py for tasks to queue
[2026-04-11T05:52:46.269+0000] {logging_mixin.py:188} INFO - [2026-04-11T05:52:46.269+0000] {dagbag.py:538} INFO - Filling up the DagBag from /home/airflow/.local/lib/python3.8/site-packages/airflow/example_dags/example_sensor_decorator.py
[2026-04-11T05:52:46.277+0000] {processor.py:840} INFO - DAG(s) 'example_sensor_decorator' retrieved from /home/airflow/.local/lib/python3.8/site-packages/airflow/example_dags/example_sensor_decorator.py
[2026-04-11T05:52:46.305+0000] {logging_mixin.py:188} INFO - [2026-04-11T05:52:46.304+0000] {dag.py:3036} INFO - Sync 1 DAGs
[2026-04-11T05:52:46.320+0000] {logging_mixin.py:188} INFO - [2026-04-11T05:52:46.320+0000] {dag.py:3823} INFO - Setting next_dagrun for example_sensor_decorator to None, run_after=None
[2026-04-11T05:52:46.342+0000] {processor.py:183} INFO - Processing /home/airflow/.local/lib/python3.8/site-packages/airflow/example_dags/example_sensor_decorator.py took 0.081 seconds
[2026-04-11T05:53:16.818+0000] {processor.py:161} INFO - Started process (PID=3148) to work on /home/airflow/.local/lib/python3.8/site-packages/airflow/example_dags/example_sensor_decorator.py
[2026-04-11T05:53:16.820+0000] {processor.py:830} INFO - Processing file /home/airflow/.local/lib/python3.8/site-packages/airflow/example_dags/example_sensor_decorator.py for tasks to queue
[2026-04-11T05:53:16.822+0000] {logging_mixin.py:188} INFO - [2026-04-11T05:53:16.822+0000] {dagbag.py:538} INFO - Filling up the DagBag from /home/airflow/.local/lib/python3.8/site-packages/airflow/example_dags/example_sensor_decorator.py
[2026-04-11T05:53:16.830+0000] {processor.py:840} INFO - DAG(s) 'example_sensor_decorator' retrieved from /home/airflow/.local/lib/python3.8/site-packages/airflow/example_dags/example_sensor_decorator.py
[2026-04-11T05:53:16.860+0000] {logging_mixin.py:188} INFO - [2026-04-11T05:53:16.859+0000] {dag.py:3036} INFO - Sync 1 DAGs
[2026-04-11T05:53:16.876+0000] {logging_mixin.py:188} INFO - [2026-04-11T05:53:16.875+0000] {dag.py:3823} INFO - Setting next_dagrun for example_sensor_decorator to None, run_after=None
[2026-04-11T05:53:16.899+0000] {processor.py:183} INFO - Processing /home/airflow/.local/lib/python3.8/site-packages/airflow/example_dags/example_sensor_decorator.py took 0.085 seconds
[2026-04-11T05:53:47.415+0000] {processor.py:161} INFO - Started process (PID=3204) to work on /home/airflow/.local/lib/python3.8/site-packages/airflow/example_dags/example_sensor_decorator.py
[2026-04-11T05:53:47.416+0000] {processor.py:830} INFO - Processing file /home/airflow/.local/lib/python3.8/site-packages/airflow/example_dags/example_sensor_decorator.py for tasks to queue
[2026-04-11T05:53:47.419+0000] {logging_mixin.py:188} INFO - [2026-04-11T05:53:47.418+0000] {dagbag.py:538} INFO - Filling up the DagBag from /home/airflow/.local/lib/python3.8/site-packages/airflow/example_dags/example_sensor_decorator.py
[2026-04-11T05:53:47.427+0000] {processor.py:840} INFO - DAG(s) 'example_sensor_decorator' retrieved from /home/airflow/.local/lib/python3.8/site-packages/airflow/example_dags/example_sensor_decorator.py
[2026-04-11T05:53:47.456+0000] {logging_mixin.py:188} INFO - [2026-04-11T05:53:47.455+0000] {dag.py:3036} INFO - Sync 1 DAGs
[2026-04-11T05:53:47.471+0000] {logging_mixin.py:188} INFO - [2026-04-11T05:53:47.471+0000] {dag.py:3823} INFO - Setting next_dagrun for example_sensor_decorator to None, run_after=None
[2026-04-11T05:53:47.496+0000] {processor.py:183} INFO - Processing /home/airflow/.local/lib/python3.8/site-packages/airflow/example_dags/example_sensor_decorator.py took 0.086 seconds
[2026-04-11T05:54:17.952+0000] {processor.py:161} INFO - Started process (PID=3260) to work on /home/airflow/.local/lib/python3.8/site-packages/airflow/example_dags/example_sensor_decorator.py
[2026-04-11T05:54:17.953+0000] {processor.py:830} INFO - Processing file /home/airflow/.local/lib/python3.8/site-packages/airflow/example_dags/example_sensor_decorator.py for tasks to queue
[2026-04-11T05:54:17.955+0000] {logging_mixin.py:188} INFO - [2026-04-11T05:54:17.955+0000] {dagbag.py:538} INFO - Filling up the DagBag from /home/airflow/.local/lib/python3.8/site-packages/airflow/example_dags/example_sensor_decorator.py
[2026-04-11T05:54:17.964+0000] {processor.py:840} INFO - DAG(s) 'example_sensor_decorator' retrieved from /home/airflow/.local/lib/python3.8/site-packages/airflow/example_dags/example_sensor_decorator.py
[2026-04-11T05:54:17.994+0000] {logging_mixin.py:188} INFO - [2026-04-11T05:54:17.993+0000] {dag.py:3036} INFO - Sync 1 DAGs
[2026-04-11T05:54:18.010+0000] {logging_mixin.py:188} INFO - [2026-04-11T05:54:18.010+0000] {dag.py:3823} INFO - Setting next_dagrun for example_sensor_decorator to None, run_after=None
[2026-04-11T05:54:18.034+0000] {processor.py:183} INFO - Processing /home/airflow/.local/lib/python3.8/site-packages/airflow/example_dags/example_sensor_decorator.py took 0.088 seconds
[2026-04-11T05:54:48.444+0000] {processor.py:161} INFO - Started process (PID=3316) to work on /home/airflow/.local/lib/python3.8/site-packages/airflow/example_dags/example_sensor_decorator.py
[2026-04-11T05:54:48.446+0000] {processor.py:830} INFO - Processing file /home/airflow/.local/lib/python3.8/site-packages/airflow/example_dags/example_sensor_decorator.py for tasks to queue
[2026-04-11T05:54:48.448+0000] {logging_mixin.py:188} INFO - [2026-04-11T05:54:48.447+0000] {dagbag.py:538} INFO - Filling up the DagBag from /home/airflow/.local/lib/python3.8/site-packages/airflow/example_dags/example_sensor_decorator.py
[2026-04-11T05:54:48.456+0000] {processor.py:840} INFO - DAG(s) 'example_sensor_decorator' retrieved from /home/airflow/.local/lib/python3.8/site-packages/airflow/example_dags/example_sensor_decorator.py
[2026-04-11T05:54:48.485+0000] {logging_mixin.py:188} INFO - [2026-04-11T05:54:48.485+0000] {dag.py:3036} INFO - Sync 1 DAGs
[2026-04-11T05:54:48.502+0000] {logging_mixin.py:188} INFO - [2026-04-11T05:54:48.502+0000] {dag.py:3823} INFO - Setting next_dagrun for example_sensor_decorator to None, run_after=None
[2026-04-11T05:54:48.525+0000] {processor.py:183} INFO - Processing /home/airflow/.local/lib/python3.8/site-packages/airflow/example_dags/example_sensor_decorator.py took 0.086 seconds
[2026-04-11T05:55:19.020+0000] {processor.py:161} INFO - Started process (PID=3372) to work on /home/airflow/.local/lib/python3.8/site-packages/airflow/example_dags/example_sensor_decorator.py
[2026-04-11T05:55:19.021+0000] {processor.py:830} INFO - Processing file /home/airflow/.local/lib/python3.8/site-packages/airflow/example_dags/example_sensor_decorator.py for tasks to queue
[2026-04-11T05:55:19.024+0000] {logging_mixin.py:188} INFO - [2026-04-11T05:55:19.023+0000] {dagbag.py:538} INFO - Filling up the DagBag from /home/airflow/.local/lib/python3.8/site-packages/airflow/example_dags/example_sensor_decorator.py
[2026-04-11T05:55:19.033+0000] {processor.py:840} INFO - DAG(s) 'example_sensor_decorator' retrieved from /home/airflow/.local/lib/python3.8/site-packages/airflow/example_dags/example_sensor_decorator.py
[2026-04-11T05:55:19.064+0000] {logging_mixin.py:188} INFO - [2026-04-11T05:55:19.064+0000] {dag.py:3036} INFO - Sync 1 DAGs
[2026-04-11T05:55:19.081+0000] {logging_mixin.py:188} INFO - [2026-04-11T05:55:19.081+0000] {dag.py:3823} INFO - Setting next_dagrun for example_sensor_decorator to None, run_after=None
[2026-04-11T05:55:19.107+0000] {processor.py:183} INFO - Processing /home/airflow/.local/lib/python3.8/site-packages/airflow/example_dags/example_sensor_decorator.py took 0.092 seconds
[2026-04-11T05:55:49.753+0000] {processor.py:161} INFO - Started process (PID=3428) to work on /home/airflow/.local/lib/python3.8/site-packages/airflow/example_dags/example_sensor_decorator.py
[2026-04-11T05:55:49.754+0000] {processor.py:830} INFO - Processing file /home/airflow/.local/lib/python3.8/site-packages/airflow/example_dags/example_sensor_decorator.py for tasks to queue
[2026-04-11T05:55:49.756+0000] {logging_mixin.py:188} INFO - [2026-04-11T05:55:49.756+0000] {dagbag.py:538} INFO - Filling up the DagBag from /home/airflow/.local/lib/python3.8/site-packages/airflow/example_dags/example_sensor_decorator.py
[2026-04-11T05:55:49.764+0000] {processor.py:840} INFO - DAG(s) 'example_sensor_decorator' retrieved from /home/airflow/.local/lib/python3.8/site-packages/airflow/example_dags/example_sensor_decorator.py
[2026-04-11T05:55:49.792+0000] {logging_mixin.py:188} INFO - [2026-04-11T05:55:49.791+0000] {dag.py:3036} INFO - Sync 1 DAGs
[2026-04-11T05:55:49.807+0000] {logging_mixin.py:188} INFO - [2026-04-11T05:55:49.807+0000] {dag.py:3823} INFO - Setting next_dagrun for example_sensor_decorator to None, run_after=None
[2026-04-11T05:55:49.834+0000] {processor.py:183} INFO - Processing /home/airflow/.local/lib/python3.8/site-packages/airflow/example_dags/example_sensor_decorator.py took 0.086 seconds
[2026-04-11T05:56:20.166+0000] {processor.py:161} INFO - Started process (PID=3484) to work on /home/airflow/.local/lib/python3.8/site-packages/airflow/example_dags/example_sensor_decorator.py
[2026-04-11T05:56:20.167+0000] {processor.py:830} INFO - Processing file /home/airflow/.local/lib/python3.8/site-packages/airflow/example_dags/example_sensor_decorator.py for tasks to queue
[2026-04-11T05:56:20.169+0000] {logging_mixin.py:188} INFO - [2026-04-11T05:56:20.169+0000] {dagbag.py:538} INFO - Filling up the DagBag from /home/airflow/.local/lib/python3.8/site-packages/airflow/example_dags/example_sensor_decorator.py
[2026-04-11T05:56:20.177+0000] {processor.py:840} INFO - DAG(s) 'example_sensor_decorator' retrieved from /home/airflow/.local/lib/python3.8/site-packages/airflow/example_dags/example_sensor_decorator.py
[2026-04-11T05:56:20.203+0000] {logging_mixin.py:188} INFO - [2026-04-11T05:56:20.203+0000] {dag.py:3036} INFO - Sync 1 DAGs
[2026-04-11T05:56:20.218+0000] {logging_mixin.py:188} INFO - [2026-04-11T05:56:20.218+0000] {dag.py:3823} INFO - Setting next_dagrun for example_sensor_decorator to None, run_after=None
[2026-04-11T05:56:20.240+0000] {processor.py:183} INFO - Processing /home/airflow/.local/lib/python3.8/site-packages/airflow/example_dags/example_sensor_decorator.py took 0.079 seconds
[2026-04-11T05:56:50.639+0000] {processor.py:161} INFO - Started process (PID=3540) to work on /home/airflow/.local/lib/python3.8/site-packages/airflow/example_dags/example_sensor_decorator.py
[2026-04-11T05:56:50.641+0000] {processor.py:830} INFO - Processing file /home/airflow/.local/lib/python3.8/site-packages/airflow/example_dags/example_sensor_decorator.py for tasks to queue
[2026-04-11T05:56:50.643+0000] {logging_mixin.py:188} INFO - [2026-04-11T05:56:50.643+0000] {dagbag.py:538} INFO - Filling up the DagBag from /home/airflow/.local/lib/python3.8/site-packages/airflow/example_dags/example_sensor_decorator.py
[2026-04-11T05:56:50.651+0000] {processor.py:840} INFO - DAG(s) 'example_sensor_decorator' retrieved from /home/airflow/.local/lib/python3.8/site-packages/airflow/example_dags/example_sensor_decorator.py
[2026-04-11T05:56:50.681+0000] {logging_mixin.py:188} INFO - [2026-04-11T05:56:50.681+0000] {dag.py:3036} INFO - Sync 1 DAGs
[2026-04-11T05:56:50.698+0000] {logging_mixin.py:188} INFO - [2026-04-11T05:56:50.697+0000] {dag.py:3823} INFO - Setting next_dagrun for example_sensor_decorator to None, run_after=None
[2026-04-11T05:56:50.721+0000] {processor.py:183} INFO - Processing /home/airflow/.local/lib/python3.8/site-packages/airflow/example_dags/example_sensor_decorator.py took 0.087 seconds
[2026-04-11T05:57:21.143+0000] {processor.py:161} INFO - Started process (PID=3596) to work on /home/airflow/.local/lib/python3.8/site-packages/airflow/example_dags/example_sensor_decorator.py
[2026-04-11T05:57:21.144+0000] {processor.py:830} INFO - Processing file /home/airflow/.local/lib/python3.8/site-packages/airflow/example_dags/example_sensor_decorator.py for tasks to queue
[2026-04-11T05:57:21.147+0000] {logging_mixin.py:188} INFO - [2026-04-11T05:57:21.146+0000] {dagbag.py:538} INFO - Filling up the DagBag from /home/airflow/.local/lib/python3.8/site-packages/airflow/example_dags/example_sensor_decorator.py
[2026-04-11T05:57:21.155+0000] {processor.py:840} INFO - DAG(s) 'example_sensor_decorator' retrieved from /home/airflow/.local/lib/python3.8/site-packages/airflow/example_dags/example_sensor_decorator.py
[2026-04-11T05:57:21.184+0000] {logging_mixin.py:188} INFO - [2026-04-11T05:57:21.183+0000] {dag.py:3036} INFO - Sync 1 DAGs
[2026-04-11T05:57:21.199+0000] {logging_mixin.py:188} INFO - [2026-04-11T05:57:21.199+0000] {dag.py:3823} INFO - Setting next_dagrun for example_sensor_decorator to None, run_after=None
[2026-04-11T05:57:21.223+0000] {processor.py:183} INFO - Processing /home/airflow/.local/lib/python3.8/site-packages/airflow/example_dags/example_sensor_decorator.py took 0.085 seconds
[2026-04-11T05:57:51.618+0000] {processor.py:161} INFO - Started process (PID=3652) to work on /home/airflow/.local/lib/python3.8/site-packages/airflow/example_dags/example_sensor_decorator.py
[2026-04-11T05:57:51.619+0000] {processor.py:830} INFO - Processing file /home/airflow/.local/lib/python3.8/site-packages/airflow/example_dags/example_sensor_decorator.py for tasks to queue
[2026-04-11T05:57:51.622+0000] {logging_mixin.py:188} INFO - [2026-04-11T05:57:51.621+0000] {dagbag.py:538} INFO - Filling up the DagBag from /home/airflow/.local/lib/python3.8/site-packages/airflow/example_dags/example_sensor_decorator.py
[2026-04-11T05:57:51.630+0000] {processor.py:840} INFO - DAG(s) 'example_sensor_decorator' retrieved from /home/airflow/.local/lib/python3.8/site-packages/airflow/example_dags/example_sensor_decorator.py
[2026-04-11T05:57:51.660+0000] {logging_mixin.py:188} INFO - [2026-04-11T05:57:51.659+0000] {dag.py:3036} INFO - Sync 1 DAGs
[2026-04-11T05:57:51.676+0000] {logging_mixin.py:188} INFO - [2026-04-11T05:57:51.676+0000] {dag.py:3823} INFO - Setting next_dagrun for example_sensor_decorator to None, run_after=None
[2026-04-11T05:57:51.700+0000] {processor.py:183} INFO - Processing /home/airflow/.local/lib/python3.8/site-packages/airflow/example_dags/example_sensor_decorator.py took 0.086 seconds
[2026-04-11T05:58:22.188+0000] {processor.py:161} INFO - Started process (PID=3708) to work on /home/airflow/.local/lib/python3.8/site-packages/airflow/example_dags/example_sensor_decorator.py
[2026-04-11T05:58:22.189+0000] {processor.py:830} INFO - Processing file /home/airflow/.local/lib/python3.8/site-packages/airflow/example_dags/example_sensor_decorator.py for tasks to queue
[2026-04-11T05:58:22.191+0000] {logging_mixin.py:188} INFO - [2026-04-11T05:58:22.191+0000] {dagbag.py:538} INFO - Filling up the DagBag from /home/airflow/.local/lib/python3.8/site-packages/airflow/example_dags/example_sensor_decorator.py
[2026-04-11T05:58:22.199+0000] {processor.py:840} INFO - DAG(s) 'example_sensor_decorator' retrieved from /home/airflow/.local/lib/python3.8/site-packages/airflow/example_dags/example_sensor_decorator.py
[2026-04-11T05:58:22.228+0000] {logging_mixin.py:188} INFO - [2026-04-11T05:58:22.227+0000] {dag.py:3036} INFO - Sync 1 DAGs
[2026-04-11T05:58:22.245+0000] {logging_mixin.py:188} INFO - [2026-04-11T05:58:22.245+0000] {dag.py:3823} INFO - Setting next_dagrun for example_sensor_decorator to None, run_after=None
[2026-04-11T05:58:22.268+0000] {processor.py:183} INFO - Processing /home/airflow/.local/lib/python3.8/site-packages/airflow/example_dags/example_sensor_decorator.py took 0.085 seconds
[2026-04-11T05:58:52.596+0000] {processor.py:161} INFO - Started process (PID=3764) to work on /home/airflow/.local/lib/python3.8/site-packages/airflow/example_dags/example_sensor_decorator.py
[2026-04-11T05:58:52.597+0000] {processor.py:830} INFO - Processing file /home/airflow/.local/lib/python3.8/site-packages/airflow/example_dags/example_sensor_decorator.py for tasks to queue
[2026-04-11T05:58:52.599+0000] {logging_mixin.py:188} INFO - [2026-04-11T05:58:52.599+0000] {dagbag.py:538} INFO - Filling up the DagBag from /home/airflow/.local/lib/python3.8/site-packages/airflow/example_dags/example_sensor_decorator.py
[2026-04-11T05:58:52.607+0000] {processor.py:840} INFO - DAG(s) 'example_sensor_decorator' retrieved from /home/airflow/.local/lib/python3.8/site-packages/airflow/example_dags/example_sensor_decorator.py
[2026-04-11T05:58:52.635+0000] {logging_mixin.py:188} INFO - [2026-04-11T05:58:52.635+0000] {dag.py:3036} INFO - Sync 1 DAGs
[2026-04-11T05:58:52.651+0000] {logging_mixin.py:188} INFO - [2026-04-11T05:58:52.651+0000] {dag.py:3823} INFO - Setting next_dagrun for example_sensor_decorator to None, run_after=None
[2026-04-11T05:58:52.673+0000] {processor.py:183} INFO - Processing /home/airflow/.local/lib/python3.8/site-packages/airflow/example_dags/example_sensor_decorator.py took 0.082 seconds
[2026-04-11T05:59:23.113+0000] {processor.py:161} INFO - Started process (PID=3820) to work on /home/airflow/.local/lib/python3.8/site-packages/airflow/example_dags/example_sensor_decorator.py
[2026-04-11T05:59:23.114+0000] {processor.py:830} INFO - Processing file /home/airflow/.local/lib/python3.8/site-packages/airflow/example_dags/example_sensor_decorator.py for tasks to queue
[2026-04-11T05:59:23.116+0000] {logging_mixin.py:188} INFO - [2026-04-11T05:59:23.116+0000] {dagbag.py:538} INFO - Filling up the DagBag from /home/airflow/.local/lib/python3.8/site-packages/airflow/example_dags/example_sensor_decorator.py
[2026-04-11T05:59:23.124+0000] {processor.py:840} INFO - DAG(s) 'example_sensor_decorator' retrieved from /home/airflow/.local/lib/python3.8/site-packages/airflow/example_dags/example_sensor_decorator.py
[2026-04-11T05:59:23.152+0000] {logging_mixin.py:188} INFO - [2026-04-11T05:59:23.151+0000] {dag.py:3036} INFO - Sync 1 DAGs
[2026-04-11T05:59:23.168+0000] {logging_mixin.py:188} INFO - [2026-04-11T05:59:23.168+0000] {dag.py:3823} INFO - Setting next_dagrun for example_sensor_decorator to None, run_after=None
[2026-04-11T05:59:23.191+0000] {processor.py:183} INFO - Processing /home/airflow/.local/lib/python3.8/site-packages/airflow/example_dags/example_sensor_decorator.py took 0.083 seconds
[2026-04-11T05:59:53.459+0000] {processor.py:161} INFO - Started process (PID=3876) to work on /home/airflow/.local/lib/python3.8/site-packages/airflow/example_dags/example_sensor_decorator.py
[2026-04-11T05:59:53.460+0000] {processor.py:830} INFO - Processing file /home/airflow/.local/lib/python3.8/site-packages/airflow/example_dags/example_sensor_decorator.py for tasks to queue
[2026-04-11T05:59:53.462+0000] {logging_mixin.py:188} INFO - [2026-04-11T05:59:53.462+0000] {dagbag.py:538} INFO - Filling up the DagBag from /home/airflow/.local/lib/python3.8/site-packages/airflow/example_dags/example_sensor_decorator.py
[2026-04-11T05:59:53.471+0000] {processor.py:840} INFO - DAG(s) 'example_sensor_decorator' retrieved from /home/airflow/.local/lib/python3.8/site-packages/airflow/example_dags/example_sensor_decorator.py
[2026-04-11T05:59:53.501+0000] {logging_mixin.py:188} INFO - [2026-04-11T05:59:53.500+0000] {dag.py:3036} INFO - Sync 1 DAGs
[2026-04-11T05:59:53.518+0000] {logging_mixin.py:188} INFO - [2026-04-11T05:59:53.518+0000] {dag.py:3823} INFO - Setting next_dagrun for example_sensor_decorator to None, run_after=None
[2026-04-11T05:59:53.541+0000] {processor.py:183} INFO - Processing /home/airflow/.local/lib/python3.8/site-packages/airflow/example_dags/example_sensor_decorator.py took 0.087 seconds
[2026-04-11T06:00:24.017+0000] {processor.py:161} INFO - Started process (PID=3932) to work on /home/airflow/.local/lib/python3.8/site-packages/airflow/example_dags/example_sensor_decorator.py
[2026-04-11T06:00:24.018+0000] {processor.py:830} INFO - Processing file /home/airflow/.local/lib/python3.8/site-packages/airflow/example_dags/example_sensor_decorator.py for tasks to queue
[2026-04-11T06:00:24.020+0000] {logging_mixin.py:188} INFO - [2026-04-11T06:00:24.020+0000] {dagbag.py:538} INFO - Filling up the DagBag from /home/airflow/.local/lib/python3.8/site-packages/airflow/example_dags/example_sensor_decorator.py
[2026-04-11T06:00:24.028+0000] {processor.py:840} INFO - DAG(s) 'example_sensor_decorator' retrieved from /home/airflow/.local/lib/python3.8/site-packages/airflow/example_dags/example_sensor_decorator.py
[2026-04-11T06:00:24.055+0000] {logging_mixin.py:188} INFO - [2026-04-11T06:00:24.055+0000] {dag.py:3036} INFO - Sync 1 DAGs
[2026-04-11T06:00:24.072+0000] {logging_mixin.py:188} INFO - [2026-04-11T06:00:24.071+0000] {dag.py:3823} INFO - Setting next_dagrun for example_sensor_decorator to None, run_after=None
[2026-04-11T06:00:24.095+0000] {processor.py:183} INFO - Processing /home/airflow/.local/lib/python3.8/site-packages/airflow/example_dags/example_sensor_decorator.py took 0.082 seconds
[2026-04-11T06:00:54.476+0000] {processor.py:161} INFO - Started process (PID=3994) to work on /home/airflow/.local/lib/python3.8/site-packages/airflow/example_dags/example_sensor_decorator.py
[2026-04-11T06:00:54.478+0000] {processor.py:830} INFO - Processing file /home/airflow/.local/lib/python3.8/site-packages/airflow/example_dags/example_sensor_decorator.py for tasks to queue
[2026-04-11T06:00:54.480+0000] {logging_mixin.py:188} INFO - [2026-04-11T06:00:54.480+0000] {dagbag.py:538} INFO - Filling up the DagBag from /home/airflow/.local/lib/python3.8/site-packages/airflow/example_dags/example_sensor_decorator.py
[2026-04-11T06:00:54.488+0000] {processor.py:840} INFO - DAG(s) 'example_sensor_decorator' retrieved from /home/airflow/.local/lib/python3.8/site-packages/airflow/example_dags/example_sensor_decorator.py
[2026-04-11T06:00:54.517+0000] {logging_mixin.py:188} INFO - [2026-04-11T06:00:54.517+0000] {dag.py:3036} INFO - Sync 1 DAGs
[2026-04-11T06:00:54.533+0000] {logging_mixin.py:188} INFO - [2026-04-11T06:00:54.533+0000] {dag.py:3823} INFO - Setting next_dagrun for example_sensor_decorator to None, run_after=None
[2026-04-11T06:00:54.557+0000] {processor.py:183} INFO - Processing /home/airflow/.local/lib/python3.8/site-packages/airflow/example_dags/example_sensor_decorator.py took 0.085 seconds
[2026-04-11T06:01:25.083+0000] {processor.py:161} INFO - Started process (PID=4050) to work on /home/airflow/.local/lib/python3.8/site-packages/airflow/example_dags/example_sensor_decorator.py
[2026-04-11T06:01:25.085+0000] {processor.py:830} INFO - Processing file /home/airflow/.local/lib/python3.8/site-packages/airflow/example_dags/example_sensor_decorator.py for tasks to queue
[2026-04-11T06:01:25.087+0000] {logging_mixin.py:188} INFO - [2026-04-11T06:01:25.087+0000] {dagbag.py:538} INFO - Filling up the DagBag from /home/airflow/.local/lib/python3.8/site-packages/airflow/example_dags/example_sensor_decorator.py
[2026-04-11T06:01:25.095+0000] {processor.py:840} INFO - DAG(s) 'example_sensor_decorator' retrieved from /home/airflow/.local/lib/python3.8/site-packages/airflow/example_dags/example_sensor_decorator.py
[2026-04-11T06:01:25.124+0000] {logging_mixin.py:188} INFO - [2026-04-11T06:01:25.123+0000] {dag.py:3036} INFO - Sync 1 DAGs
[2026-04-11T06:01:25.140+0000] {logging_mixin.py:188} INFO - [2026-04-11T06:01:25.140+0000] {dag.py:3823} INFO - Setting next_dagrun for example_sensor_decorator to None, run_after=None
[2026-04-11T06:01:25.162+0000] {processor.py:183} INFO - Processing /home/airflow/.local/lib/python3.8/site-packages/airflow/example_dags/example_sensor_decorator.py took 0.084 seconds
[2026-04-11T06:01:55.697+0000] {processor.py:161} INFO - Started process (PID=4106) to work on /home/airflow/.local/lib/python3.8/site-packages/airflow/example_dags/example_sensor_decorator.py
[2026-04-11T06:01:55.698+0000] {processor.py:830} INFO - Processing file /home/airflow/.local/lib/python3.8/site-packages/airflow/example_dags/example_sensor_decorator.py for tasks to queue
[2026-04-11T06:01:55.701+0000] {logging_mixin.py:188} INFO - [2026-04-11T06:01:55.701+0000] {dagbag.py:538} INFO - Filling up the DagBag from /home/airflow/.local/lib/python3.8/site-packages/airflow/example_dags/example_sensor_decorator.py
[2026-04-11T06:01:55.709+0000] {processor.py:840} INFO - DAG(s) 'example_sensor_decorator' retrieved from /home/airflow/.local/lib/python3.8/site-packages/airflow/example_dags/example_sensor_decorator.py
[2026-04-11T06:01:55.737+0000] {logging_mixin.py:188} INFO - [2026-04-11T06:01:55.736+0000] {dag.py:3036} INFO - Sync 1 DAGs
[2026-04-11T06:01:55.753+0000] {logging_mixin.py:188} INFO - [2026-04-11T06:01:55.752+0000] {dag.py:3823} INFO - Setting next_dagrun for example_sensor_decorator to None, run_after=None
[2026-04-11T06:01:55.776+0000] {processor.py:183} INFO - Processing /home/airflow/.local/lib/python3.8/site-packages/airflow/example_dags/example_sensor_decorator.py took 0.084 seconds
[2026-04-11T06:02:25.890+0000] {processor.py:161} INFO - Started process (PID=4162) to work on /home/airflow/.local/lib/python3.8/site-packages/airflow/example_dags/example_sensor_decorator.py
[2026-04-11T06:02:25.892+0000] {processor.py:830} INFO - Processing file /home/airflow/.local/lib/python3.8/site-packages/airflow/example_dags/example_sensor_decorator.py for tasks to queue
[2026-04-11T06:02:25.894+0000] {logging_mixin.py:188} INFO - [2026-04-11T06:02:25.894+0000] {dagbag.py:538} INFO - Filling up the DagBag from /home/airflow/.local/lib/python3.8/site-packages/airflow/example_dags/example_sensor_decorator.py
[2026-04-11T06:02:25.902+0000] {processor.py:840} INFO - DAG(s) 'example_sensor_decorator' retrieved from /home/airflow/.local/lib/python3.8/site-packages/airflow/example_dags/example_sensor_decorator.py
[2026-04-11T06:02:25.931+0000] {logging_mixin.py:188} INFO - [2026-04-11T06:02:25.930+0000] {dag.py:3036} INFO - Sync 1 DAGs
[2026-04-11T06:02:25.946+0000] {logging_mixin.py:188} INFO - [2026-04-11T06:02:25.946+0000] {dag.py:3823} INFO - Setting next_dagrun for example_sensor_decorator to None, run_after=None
[2026-04-11T06:02:25.969+0000] {processor.py:183} INFO - Processing /home/airflow/.local/lib/python3.8/site-packages/airflow/example_dags/example_sensor_decorator.py took 0.083 seconds
[2026-04-11T06:02:56.804+0000] {processor.py:161} INFO - Started process (PID=4218) to work on /home/airflow/.local/lib/python3.8/site-packages/airflow/example_dags/example_sensor_decorator.py
[2026-04-11T06:02:56.805+0000] {processor.py:830} INFO - Processing file /home/airflow/.local/lib/python3.8/site-packages/airflow/example_dags/example_sensor_decorator.py for tasks to queue
[2026-04-11T06:02:56.807+0000] {logging_mixin.py:188} INFO - [2026-04-11T06:02:56.807+0000] {dagbag.py:538} INFO - Filling up the DagBag from /home/airflow/.local/lib/python3.8/site-packages/airflow/example_dags/example_sensor_decorator.py
[2026-04-11T06:02:56.814+0000] {processor.py:840} INFO - DAG(s) 'example_sensor_decorator' retrieved from /home/airflow/.local/lib/python3.8/site-packages/airflow/example_dags/example_sensor_decorator.py
[2026-04-11T06:02:56.841+0000] {logging_mixin.py:188} INFO - [2026-04-11T06:02:56.840+0000] {dag.py:3036} INFO - Sync 1 DAGs
[2026-04-11T06:02:56.856+0000] {logging_mixin.py:188} INFO - [2026-04-11T06:02:56.855+0000] {dag.py:3823} INFO - Setting next_dagrun for example_sensor_decorator to None, run_after=None
[2026-04-11T06:02:56.877+0000] {processor.py:183} INFO - Processing /home/airflow/.local/lib/python3.8/site-packages/airflow/example_dags/example_sensor_decorator.py took 0.078 seconds
[2026-04-11T06:03:27.215+0000] {processor.py:161} INFO - Started process (PID=4274) to work on /home/airflow/.local/lib/python3.8/site-packages/airflow/example_dags/example_sensor_decorator.py
[2026-04-11T06:03:27.216+0000] {processor.py:830} INFO - Processing file /home/airflow/.local/lib/python3.8/site-packages/airflow/example_dags/example_sensor_decorator.py for tasks to queue
[2026-04-11T06:03:27.219+0000] {logging_mixin.py:188} INFO - [2026-04-11T06:03:27.218+0000] {dagbag.py:538} INFO - Filling up the DagBag from /home/airflow/.local/lib/python3.8/site-packages/airflow/example_dags/example_sensor_decorator.py
[2026-04-11T06:03:27.227+0000] {processor.py:840} INFO - DAG(s) 'example_sensor_decorator' retrieved from /home/airflow/.local/lib/python3.8/site-packages/airflow/example_dags/example_sensor_decorator.py
[2026-04-11T06:03:27.256+0000] {logging_mixin.py:188} INFO - [2026-04-11T06:03:27.256+0000] {dag.py:3036} INFO - Sync 1 DAGs
[2026-04-11T06:03:27.273+0000] {logging_mixin.py:188} INFO - [2026-04-11T06:03:27.272+0000] {dag.py:3823} INFO - Setting next_dagrun for example_sensor_decorator to None, run_after=None
[2026-04-11T06:03:27.295+0000] {processor.py:183} INFO - Processing /home/airflow/.local/lib/python3.8/site-packages/airflow/example_dags/example_sensor_decorator.py took 0.085 seconds
[2026-04-11T06:03:57.824+0000] {processor.py:161} INFO - Started process (PID=4330) to work on /home/airflow/.local/lib/python3.8/site-packages/airflow/example_dags/example_sensor_decorator.py
[2026-04-11T06:03:57.826+0000] {processor.py:830} INFO - Processing file /home/airflow/.local/lib/python3.8/site-packages/airflow/example_dags/example_sensor_decorator.py for tasks to queue
[2026-04-11T06:03:57.828+0000] {logging_mixin.py:188} INFO - [2026-04-11T06:03:57.828+0000] {dagbag.py:538} INFO - Filling up the DagBag from /home/airflow/.local/lib/python3.8/site-packages/airflow/example_dags/example_sensor_decorator.py
[2026-04-11T06:03:57.836+0000] {processor.py:840} INFO - DAG(s) 'example_sensor_decorator' retrieved from /home/airflow/.local/lib/python3.8/site-packages/airflow/example_dags/example_sensor_decorator.py
[2026-04-11T06:03:57.865+0000] {logging_mixin.py:188} INFO - [2026-04-11T06:03:57.865+0000] {dag.py:3036} INFO - Sync 1 DAGs
[2026-04-11T06:03:57.881+0000] {logging_mixin.py:188} INFO - [2026-04-11T06:03:57.881+0000] {dag.py:3823} INFO - Setting next_dagrun for example_sensor_decorator to None, run_after=None
[2026-04-11T06:03:57.906+0000] {processor.py:183} INFO - Processing /home/airflow/.local/lib/python3.8/site-packages/airflow/example_dags/example_sensor_decorator.py took 0.086 seconds
[2026-04-11T06:04:28.476+0000] {processor.py:161} INFO - Started process (PID=4386) to work on /home/airflow/.local/lib/python3.8/site-packages/airflow/example_dags/example_sensor_decorator.py
[2026-04-11T06:04:28.477+0000] {processor.py:830} INFO - Processing file /home/airflow/.local/lib/python3.8/site-packages/airflow/example_dags/example_sensor_decorator.py for tasks to queue
[2026-04-11T06:04:28.479+0000] {logging_mixin.py:188} INFO - [2026-04-11T06:04:28.479+0000] {dagbag.py:538} INFO - Filling up the DagBag from /home/airflow/.local/lib/python3.8/site-packages/airflow/example_dags/example_sensor_decorator.py
[2026-04-11T06:04:28.488+0000] {processor.py:840} INFO - DAG(s) 'example_sensor_decorator' retrieved from /home/airflow/.local/lib/python3.8/site-packages/airflow/example_dags/example_sensor_decorator.py
[2026-04-11T06:04:28.515+0000] {logging_mixin.py:188} INFO - [2026-04-11T06:04:28.515+0000] {dag.py:3036} INFO - Sync 1 DAGs
[2026-04-11T06:04:28.532+0000] {logging_mixin.py:188} INFO - [2026-04-11T06:04:28.532+0000] {dag.py:3823} INFO - Setting next_dagrun for example_sensor_decorator to None, run_after=None
[2026-04-11T06:04:28.553+0000] {processor.py:183} INFO - Processing /home/airflow/.local/lib/python3.8/site-packages/airflow/example_dags/example_sensor_decorator.py took 0.082 seconds
[2026-04-11T06:04:58.885+0000] {processor.py:161} INFO - Started process (PID=4442) to work on /home/airflow/.local/lib/python3.8/site-packages/airflow/example_dags/example_sensor_decorator.py
[2026-04-11T06:04:58.886+0000] {processor.py:830} INFO - Processing file /home/airflow/.local/lib/python3.8/site-packages/airflow/example_dags/example_sensor_decorator.py for tasks to queue
[2026-04-11T06:04:58.888+0000] {logging_mixin.py:188} INFO - [2026-04-11T06:04:58.888+0000] {dagbag.py:538} INFO - Filling up the DagBag from /home/airflow/.local/lib/python3.8/site-packages/airflow/example_dags/example_sensor_decorator.py
[2026-04-11T06:04:58.896+0000] {processor.py:840} INFO - DAG(s) 'example_sensor_decorator' retrieved from /home/airflow/.local/lib/python3.8/site-packages/airflow/example_dags/example_sensor_decorator.py
[2026-04-11T06:04:58.924+0000] {logging_mixin.py:188} INFO - [2026-04-11T06:04:58.924+0000] {dag.py:3036} INFO - Sync 1 DAGs
[2026-04-11T06:04:58.940+0000] {logging_mixin.py:188} INFO - [2026-04-11T06:04:58.940+0000] {dag.py:3823} INFO - Setting next_dagrun for example_sensor_decorator to None, run_after=None
[2026-04-11T06:04:58.965+0000] {processor.py:183} INFO - Processing /home/airflow/.local/lib/python3.8/site-packages/airflow/example_dags/example_sensor_decorator.py took 0.085 seconds
[2026-04-11T06:05:29.386+0000] {processor.py:161} INFO - Started process (PID=4498) to work on /home/airflow/.local/lib/python3.8/site-packages/airflow/example_dags/example_sensor_decorator.py
[2026-04-11T06:05:29.387+0000] {processor.py:830} INFO - Processing file /home/airflow/.local/lib/python3.8/site-packages/airflow/example_dags/example_sensor_decorator.py for tasks to queue
[2026-04-11T06:05:29.389+0000] {logging_mixin.py:188} INFO - [2026-04-11T06:05:29.389+0000] {dagbag.py:538} INFO - Filling up the DagBag from /home/airflow/.local/lib/python3.8/site-packages/airflow/example_dags/example_sensor_decorator.py
[2026-04-11T06:05:29.397+0000] {processor.py:840} INFO - DAG(s) 'example_sensor_decorator' retrieved from /home/airflow/.local/lib/python3.8/site-packages/airflow/example_dags/example_sensor_decorator.py
[2026-04-11T06:05:29.425+0000] {logging_mixin.py:188} INFO - [2026-04-11T06:05:29.425+0000] {dag.py:3036} INFO - Sync 1 DAGs
[2026-04-11T06:05:29.441+0000] {logging_mixin.py:188} INFO - [2026-04-11T06:05:29.441+0000] {dag.py:3823} INFO - Setting next_dagrun for example_sensor_decorator to None, run_after=None
[2026-04-11T06:05:29.466+0000] {processor.py:183} INFO - Processing /home/airflow/.local/lib/python3.8/site-packages/airflow/example_dags/example_sensor_decorator.py took 0.086 seconds
[2026-04-11T06:05:59.968+0000] {processor.py:161} INFO - Started process (PID=4554) to work on /home/airflow/.local/lib/python3.8/site-packages/airflow/example_dags/example_sensor_decorator.py
[2026-04-11T06:05:59.970+0000] {processor.py:830} INFO - Processing file /home/airflow/.local/lib/python3.8/site-packages/airflow/example_dags/example_sensor_decorator.py for tasks to queue
[2026-04-11T06:05:59.972+0000] {logging_mixin.py:188} INFO - [2026-04-11T06:05:59.972+0000] {dagbag.py:538} INFO - Filling up the DagBag from /home/airflow/.local/lib/python3.8/site-packages/airflow/example_dags/example_sensor_decorator.py
[2026-04-11T06:05:59.981+0000] {processor.py:840} INFO - DAG(s) 'example_sensor_decorator' retrieved from /home/airflow/.local/lib/python3.8/site-packages/airflow/example_dags/example_sensor_decorator.py
[2026-04-11T06:06:00.010+0000] {logging_mixin.py:188} INFO - [2026-04-11T06:06:00.010+0000] {dag.py:3036} INFO - Sync 1 DAGs
[2026-04-11T06:06:00.027+0000] {logging_mixin.py:188} INFO - [2026-04-11T06:06:00.027+0000] {dag.py:3823} INFO - Setting next_dagrun for example_sensor_decorator to None, run_after=None
[2026-04-11T06:06:00.049+0000] {processor.py:183} INFO - Processing /home/airflow/.local/lib/python3.8/site-packages/airflow/example_dags/example_sensor_decorator.py took 0.086 seconds
[2026-04-11T06:06:30.200+0000] {processor.py:161} INFO - Started process (PID=4610) to work on /home/airflow/.local/lib/python3.8/site-packages/airflow/example_dags/example_sensor_decorator.py
[2026-04-11T06:06:30.201+0000] {processor.py:830} INFO - Processing file /home/airflow/.local/lib/python3.8/site-packages/airflow/example_dags/example_sensor_decorator.py for tasks to queue
[2026-04-11T06:06:30.203+0000] {logging_mixin.py:188} INFO - [2026-04-11T06:06:30.203+0000] {dagbag.py:538} INFO - Filling up the DagBag from /home/airflow/.local/lib/python3.8/site-packages/airflow/example_dags/example_sensor_decorator.py
[2026-04-11T06:06:30.210+0000] {processor.py:840} INFO - DAG(s) 'example_sensor_decorator' retrieved from /home/airflow/.local/lib/python3.8/site-packages/airflow/example_dags/example_sensor_decorator.py
[2026-04-11T06:06:30.237+0000] {logging_mixin.py:188} INFO - [2026-04-11T06:06:30.237+0000] {dag.py:3036} INFO - Sync 1 DAGs
[2026-04-11T06:06:30.253+0000] {logging_mixin.py:188} INFO - [2026-04-11T06:06:30.253+0000] {dag.py:3823} INFO - Setting next_dagrun for example_sensor_decorator to None, run_after=None
[2026-04-11T06:06:30.274+0000] {processor.py:183} INFO - Processing /home/airflow/.local/lib/python3.8/site-packages/airflow/example_dags/example_sensor_decorator.py took 0.079 seconds
[2026-04-11T06:07:00.989+0000] {processor.py:161} INFO - Started process (PID=4666) to work on /home/airflow/.local/lib/python3.8/site-packages/airflow/example_dags/example_sensor_decorator.py
[2026-04-11T06:07:00.991+0000] {processor.py:830} INFO - Processing file /home/airflow/.local/lib/python3.8/site-packages/airflow/example_dags/example_sensor_decorator.py for tasks to queue
[2026-04-11T06:07:00.995+0000] {logging_mixin.py:188} INFO - [2026-04-11T06:07:00.994+0000] {dagbag.py:538} INFO - Filling up the DagBag from /home/airflow/.local/lib/python3.8/site-packages/airflow/example_dags/example_sensor_decorator.py
[2026-04-11T06:07:01.006+0000] {processor.py:840} INFO - DAG(s) 'example_sensor_decorator' retrieved from /home/airflow/.local/lib/python3.8/site-packages/airflow/example_dags/example_sensor_decorator.py
[2026-04-11T06:07:01.040+0000] {logging_mixin.py:188} INFO - [2026-04-11T06:07:01.039+0000] {dag.py:3036} INFO - Sync 1 DAGs
[2026-04-11T06:07:01.058+0000] {logging_mixin.py:188} INFO - [2026-04-11T06:07:01.058+0000] {dag.py:3823} INFO - Setting next_dagrun for example_sensor_decorator to None, run_after=None
[2026-04-11T06:07:01.084+0000] {processor.py:183} INFO - Processing /home/airflow/.local/lib/python3.8/site-packages/airflow/example_dags/example_sensor_decorator.py took 0.101 seconds
[2026-04-11T06:07:31.547+0000] {processor.py:161} INFO - Started process (PID=4722) to work on /home/airflow/.local/lib/python3.8/site-packages/airflow/example_dags/example_sensor_decorator.py
[2026-04-11T06:07:31.548+0000] {processor.py:830} INFO - Processing file /home/airflow/.local/lib/python3.8/site-packages/airflow/example_dags/example_sensor_decorator.py for tasks to queue
[2026-04-11T06:07:31.550+0000] {logging_mixin.py:188} INFO - [2026-04-11T06:07:31.550+0000] {dagbag.py:538} INFO - Filling up the DagBag from /home/airflow/.local/lib/python3.8/site-packages/airflow/example_dags/example_sensor_decorator.py
[2026-04-11T06:07:31.558+0000] {processor.py:840} INFO - DAG(s) 'example_sensor_decorator' retrieved from /home/airflow/.local/lib/python3.8/site-packages/airflow/example_dags/example_sensor_decorator.py
[2026-04-11T06:07:31.586+0000] {logging_mixin.py:188} INFO - [2026-04-11T06:07:31.586+0000] {dag.py:3036} INFO - Sync 1 DAGs
[2026-04-11T06:07:31.602+0000] {logging_mixin.py:188} INFO - [2026-04-11T06:07:31.602+0000] {dag.py:3823} INFO - Setting next_dagrun for example_sensor_decorator to None, run_after=None
[2026-04-11T06:07:31.624+0000] {processor.py:183} INFO - Processing /home/airflow/.local/lib/python3.8/site-packages/airflow/example_dags/example_sensor_decorator.py took 0.083 seconds
[2026-04-11T06:08:02.062+0000] {processor.py:161} INFO - Started process (PID=4778) to work on /home/airflow/.local/lib/python3.8/site-packages/airflow/example_dags/example_sensor_decorator.py
[2026-04-11T06:08:02.064+0000] {processor.py:830} INFO - Processing file /home/airflow/.local/lib/python3.8/site-packages/airflow/example_dags/example_sensor_decorator.py for tasks to queue
[2026-04-11T06:08:02.066+0000] {logging_mixin.py:188} INFO - [2026-04-11T06:08:02.066+0000] {dagbag.py:538} INFO - Filling up the DagBag from /home/airflow/.local/lib/python3.8/site-packages/airflow/example_dags/example_sensor_decorator.py
[2026-04-11T06:08:02.075+0000] {processor.py:840} INFO - DAG(s) 'example_sensor_decorator' retrieved from /home/airflow/.local/lib/python3.8/site-packages/airflow/example_dags/example_sensor_decorator.py
[2026-04-11T06:08:02.103+0000] {logging_mixin.py:188} INFO - [2026-04-11T06:08:02.102+0000] {dag.py:3036} INFO - Sync 1 DAGs
[2026-04-11T06:08:02.119+0000] {logging_mixin.py:188} INFO - [2026-04-11T06:08:02.119+0000] {dag.py:3823} INFO - Setting next_dagrun for example_sensor_decorator to None, run_after=None
[2026-04-11T06:08:02.141+0000] {processor.py:183} INFO - Processing /home/airflow/.local/lib/python3.8/site-packages/airflow/example_dags/example_sensor_decorator.py took 0.084 seconds
[2026-04-11T06:08:32.548+0000] {processor.py:161} INFO - Started process (PID=4834) to work on /home/airflow/.local/lib/python3.8/site-packages/airflow/example_dags/example_sensor_decorator.py
[2026-04-11T06:08:32.549+0000] {processor.py:830} INFO - Processing file /home/airflow/.local/lib/python3.8/site-packages/airflow/example_dags/example_sensor_decorator.py for tasks to queue
[2026-04-11T06:08:32.551+0000] {logging_mixin.py:188} INFO - [2026-04-11T06:08:32.551+0000] {dagbag.py:538} INFO - Filling up the DagBag from /home/airflow/.local/lib/python3.8/site-packages/airflow/example_dags/example_sensor_decorator.py
[2026-04-11T06:08:32.559+0000] {processor.py:840} INFO - DAG(s) 'example_sensor_decorator' retrieved from /home/airflow/.local/lib/python3.8/site-packages/airflow/example_dags/example_sensor_decorator.py
[2026-04-11T06:08:32.586+0000] {logging_mixin.py:188} INFO - [2026-04-11T06:08:32.586+0000] {dag.py:3036} INFO - Sync 1 DAGs
[2026-04-11T06:08:32.602+0000] {logging_mixin.py:188} INFO - [2026-04-11T06:08:32.602+0000] {dag.py:3823} INFO - Setting next_dagrun for example_sensor_decorator to None, run_after=None
[2026-04-11T06:08:32.625+0000] {processor.py:183} INFO - Processing /home/airflow/.local/lib/python3.8/site-packages/airflow/example_dags/example_sensor_decorator.py took 0.082 seconds
[2026-04-11T06:09:02.826+0000] {processor.py:161} INFO - Started process (PID=4890) to work on /home/airflow/.local/lib/python3.8/site-packages/airflow/example_dags/example_sensor_decorator.py
[2026-04-11T06:09:02.827+0000] {processor.py:830} INFO - Processing file /home/airflow/.local/lib/python3.8/site-packages/airflow/example_dags/example_sensor_decorator.py for tasks to queue
[2026-04-11T06:09:02.829+0000] {logging_mixin.py:188} INFO - [2026-04-11T06:09:02.829+0000] {dagbag.py:538} INFO - Filling up the DagBag from /home/airflow/.local/lib/python3.8/site-packages/airflow/example_dags/example_sensor_decorator.py
[2026-04-11T06:09:02.838+0000] {processor.py:840} INFO - DAG(s) 'example_sensor_decorator' retrieved from /home/airflow/.local/lib/python3.8/site-packages/airflow/example_dags/example_sensor_decorator.py
[2026-04-11T06:09:02.866+0000] {logging_mixin.py:188} INFO - [2026-04-11T06:09:02.865+0000] {dag.py:3036} INFO - Sync 1 DAGs
[2026-04-11T06:09:02.882+0000] {logging_mixin.py:188} INFO - [2026-04-11T06:09:02.882+0000] {dag.py:3823} INFO - Setting next_dagrun for example_sensor_decorator to None, run_after=None
[2026-04-11T06:09:02.904+0000] {processor.py:183} INFO - Processing /home/airflow/.local/lib/python3.8/site-packages/airflow/example_dags/example_sensor_decorator.py took 0.083 seconds
[2026-04-11T06:09:33.277+0000] {processor.py:161} INFO - Started process (PID=4946) to work on /home/airflow/.local/lib/python3.8/site-packages/airflow/example_dags/example_sensor_decorator.py
[2026-04-11T06:09:33.278+0000] {processor.py:830} INFO - Processing file /home/airflow/.local/lib/python3.8/site-packages/airflow/example_dags/example_sensor_decorator.py for tasks to queue
[2026-04-11T06:09:33.280+0000] {logging_mixin.py:188} INFO - [2026-04-11T06:09:33.280+0000] {dagbag.py:538} INFO - Filling up the DagBag from /home/airflow/.local/lib/python3.8/site-packages/airflow/example_dags/example_sensor_decorator.py
[2026-04-11T06:09:33.288+0000] {processor.py:840} INFO - DAG(s) 'example_sensor_decorator' retrieved from /home/airflow/.local/lib/python3.8/site-packages/airflow/example_dags/example_sensor_decorator.py
[2026-04-11T06:09:33.317+0000] {logging_mixin.py:188} INFO - [2026-04-11T06:09:33.316+0000] {dag.py:3036} INFO - Sync 1 DAGs
[2026-04-11T06:09:33.332+0000] {logging_mixin.py:188} INFO - [2026-04-11T06:09:33.332+0000] {dag.py:3823} INFO - Setting next_dagrun for example_sensor_decorator to None, run_after=None
[2026-04-11T06:09:33.356+0000] {processor.py:183} INFO - Processing /home/airflow/.local/lib/python3.8/site-packages/airflow/example_dags/example_sensor_decorator.py took 0.084 seconds
[2026-04-11T06:10:04.078+0000] {processor.py:161} INFO - Started process (PID=5002) to work on /home/airflow/.local/lib/python3.8/site-packages/airflow/example_dags/example_sensor_decorator.py
[2026-04-11T06:10:04.079+0000] {processor.py:830} INFO - Processing file /home/airflow/.local/lib/python3.8/site-packages/airflow/example_dags/example_sensor_decorator.py for tasks to queue
[2026-04-11T06:10:04.081+0000] {logging_mixin.py:188} INFO - [2026-04-11T06:10:04.081+0000] {dagbag.py:538} INFO - Filling up the DagBag from /home/airflow/.local/lib/python3.8/site-packages/airflow/example_dags/example_sensor_decorator.py
[2026-04-11T06:10:04.090+0000] {processor.py:840} INFO - DAG(s) 'example_sensor_decorator' retrieved from /home/airflow/.local/lib/python3.8/site-packages/airflow/example_dags/example_sensor_decorator.py
[2026-04-11T06:10:04.119+0000] {logging_mixin.py:188} INFO - [2026-04-11T06:10:04.118+0000] {dag.py:3036} INFO - Sync 1 DAGs
[2026-04-11T06:10:04.134+0000] {logging_mixin.py:188} INFO - [2026-04-11T06:10:04.134+0000] {dag.py:3823} INFO - Setting next_dagrun for example_sensor_decorator to None, run_after=None
[2026-04-11T06:10:04.157+0000] {processor.py:183} INFO - Processing /home/airflow/.local/lib/python3.8/site-packages/airflow/example_dags/example_sensor_decorator.py took 0.084 seconds
[2026-04-11T06:10:34.681+0000] {processor.py:161} INFO - Started process (PID=5058) to work on /home/airflow/.local/lib/python3.8/site-packages/airflow/example_dags/example_sensor_decorator.py
[2026-04-11T06:10:34.682+0000] {processor.py:830} INFO - Processing file /home/airflow/.local/lib/python3.8/site-packages/airflow/example_dags/example_sensor_decorator.py for tasks to queue
[2026-04-11T06:10:34.685+0000] {logging_mixin.py:188} INFO - [2026-04-11T06:10:34.684+0000] {dagbag.py:538} INFO - Filling up the DagBag from /home/airflow/.local/lib/python3.8/site-packages/airflow/example_dags/example_sensor_decorator.py
[2026-04-11T06:10:34.693+0000] {processor.py:840} INFO - DAG(s) 'example_sensor_decorator' retrieved from /home/airflow/.local/lib/python3.8/site-packages/airflow/example_dags/example_sensor_decorator.py
[2026-04-11T06:10:34.721+0000] {logging_mixin.py:188} INFO - [2026-04-11T06:10:34.720+0000] {dag.py:3036} INFO - Sync 1 DAGs
[2026-04-11T06:10:34.736+0000] {logging_mixin.py:188} INFO - [2026-04-11T06:10:34.736+0000] {dag.py:3823} INFO - Setting next_dagrun for example_sensor_decorator to None, run_after=None
[2026-04-11T06:10:34.758+0000] {processor.py:183} INFO - Processing /home/airflow/.local/lib/python3.8/site-packages/airflow/example_dags/example_sensor_decorator.py took 0.082 seconds
[2026-04-11T06:11:05.385+0000] {processor.py:161} INFO - Started process (PID=5114) to work on /home/airflow/.local/lib/python3.8/site-packages/airflow/example_dags/example_sensor_decorator.py
[2026-04-11T06:11:05.386+0000] {processor.py:830} INFO - Processing file /home/airflow/.local/lib/python3.8/site-packages/airflow/example_dags/example_sensor_decorator.py for tasks to queue
[2026-04-11T06:11:05.388+0000] {logging_mixin.py:188} INFO - [2026-04-11T06:11:05.388+0000] {dagbag.py:538} INFO - Filling up the DagBag from /home/airflow/.local/lib/python3.8/site-packages/airflow/example_dags/example_sensor_decorator.py
[2026-04-11T06:11:05.397+0000] {processor.py:840} INFO - DAG(s) 'example_sensor_decorator' retrieved from /home/airflow/.local/lib/python3.8/site-packages/airflow/example_dags/example_sensor_decorator.py
[2026-04-11T06:11:08.027+0000] {logging_mixin.py:188} INFO - [2026-04-11T06:11:08.026+0000] {dag.py:3036} INFO - Sync 1 DAGs
[2026-04-11T06:11:08.055+0000] {logging_mixin.py:188} INFO - [2026-04-11T06:11:08.054+0000] {dag.py:3823} INFO - Setting next_dagrun for example_sensor_decorator to None, run_after=None
[2026-04-11T06:11:08.093+0000] {processor.py:183} INFO - Processing /home/airflow/.local/lib/python3.8/site-packages/airflow/example_dags/example_sensor_decorator.py took 2.713 seconds
