[2026-04-21T03:50:51.119+0000] {processor.py:161} INFO - Started process (PID=54) to work on /home/airflow/.local/lib/python3.8/site-packages/airflow/example_dags/example_skip_dag.py
[2026-04-21T03:50:51.120+0000] {processor.py:830} INFO - Processing file /home/airflow/.local/lib/python3.8/site-packages/airflow/example_dags/example_skip_dag.py for tasks to queue
[2026-04-21T03:50:51.121+0000] {logging_mixin.py:188} INFO - [2026-04-21T03:50:51.121+0000] {dagbag.py:538} INFO - Filling up the DagBag from /home/airflow/.local/lib/python3.8/site-packages/airflow/example_dags/example_skip_dag.py
[2026-04-21T03:50:51.132+0000] {processor.py:840} INFO - DAG(s) 'example_skip_dag' retrieved from /home/airflow/.local/lib/python3.8/site-packages/airflow/example_dags/example_skip_dag.py
[2026-04-21T03:50:51.184+0000] {logging_mixin.py:188} INFO - [2026-04-21T03:50:51.183+0000] {dag.py:3036} INFO - Sync 1 DAGs
[2026-04-21T03:50:51.215+0000] {logging_mixin.py:188} INFO - [2026-04-21T03:50:51.215+0000] {dag.py:3823} INFO - Setting next_dagrun for example_skip_dag to 2026-04-20 00:00:00+00:00, run_after=2026-04-21 00:00:00+00:00
[2026-04-21T03:50:51.236+0000] {processor.py:183} INFO - Processing /home/airflow/.local/lib/python3.8/site-packages/airflow/example_dags/example_skip_dag.py took 0.120 seconds
[2026-04-21T03:51:21.590+0000] {processor.py:161} INFO - Started process (PID=109) to work on /home/airflow/.local/lib/python3.8/site-packages/airflow/example_dags/example_skip_dag.py
[2026-04-21T03:51:21.590+0000] {processor.py:830} INFO - Processing file /home/airflow/.local/lib/python3.8/site-packages/airflow/example_dags/example_skip_dag.py for tasks to queue
[2026-04-21T03:51:21.592+0000] {logging_mixin.py:188} INFO - [2026-04-21T03:51:21.592+0000] {dagbag.py:538} INFO - Filling up the DagBag from /home/airflow/.local/lib/python3.8/site-packages/airflow/example_dags/example_skip_dag.py
[2026-04-21T03:51:21.598+0000] {processor.py:840} INFO - DAG(s) 'example_skip_dag' retrieved from /home/airflow/.local/lib/python3.8/site-packages/airflow/example_dags/example_skip_dag.py
[2026-04-21T03:51:21.617+0000] {logging_mixin.py:188} INFO - [2026-04-21T03:51:21.616+0000] {dag.py:3036} INFO - Sync 1 DAGs
[2026-04-21T03:51:21.638+0000] {logging_mixin.py:188} INFO - [2026-04-21T03:51:21.638+0000] {dag.py:3823} INFO - Setting next_dagrun for example_skip_dag to 2026-04-20 00:00:00+00:00, run_after=2026-04-21 00:00:00+00:00
[2026-04-21T03:51:21.653+0000] {processor.py:183} INFO - Processing /home/airflow/.local/lib/python3.8/site-packages/airflow/example_dags/example_skip_dag.py took 0.067 seconds
[2026-04-21T03:51:51.821+0000] {processor.py:161} INFO - Started process (PID=164) to work on /home/airflow/.local/lib/python3.8/site-packages/airflow/example_dags/example_skip_dag.py
[2026-04-21T03:51:51.822+0000] {processor.py:830} INFO - Processing file /home/airflow/.local/lib/python3.8/site-packages/airflow/example_dags/example_skip_dag.py for tasks to queue
[2026-04-21T03:51:51.823+0000] {logging_mixin.py:188} INFO - [2026-04-21T03:51:51.823+0000] {dagbag.py:538} INFO - Filling up the DagBag from /home/airflow/.local/lib/python3.8/site-packages/airflow/example_dags/example_skip_dag.py
[2026-04-21T03:51:51.827+0000] {processor.py:840} INFO - DAG(s) 'example_skip_dag' retrieved from /home/airflow/.local/lib/python3.8/site-packages/airflow/example_dags/example_skip_dag.py
[2026-04-21T03:51:51.841+0000] {logging_mixin.py:188} INFO - [2026-04-21T03:51:51.841+0000] {dag.py:3036} INFO - Sync 1 DAGs
[2026-04-21T03:51:51.855+0000] {logging_mixin.py:188} INFO - [2026-04-21T03:51:51.855+0000] {dag.py:3823} INFO - Setting next_dagrun for example_skip_dag to 2026-04-20 00:00:00+00:00, run_after=2026-04-21 00:00:00+00:00
[2026-04-21T03:51:51.865+0000] {processor.py:183} INFO - Processing /home/airflow/.local/lib/python3.8/site-packages/airflow/example_dags/example_skip_dag.py took 0.047 seconds
[2026-04-21T03:52:22.466+0000] {processor.py:161} INFO - Started process (PID=219) to work on /home/airflow/.local/lib/python3.8/site-packages/airflow/example_dags/example_skip_dag.py
[2026-04-21T03:52:22.467+0000] {processor.py:830} INFO - Processing file /home/airflow/.local/lib/python3.8/site-packages/airflow/example_dags/example_skip_dag.py for tasks to queue
[2026-04-21T03:52:22.468+0000] {logging_mixin.py:188} INFO - [2026-04-21T03:52:22.468+0000] {dagbag.py:538} INFO - Filling up the DagBag from /home/airflow/.local/lib/python3.8/site-packages/airflow/example_dags/example_skip_dag.py
[2026-04-21T03:52:22.472+0000] {processor.py:840} INFO - DAG(s) 'example_skip_dag' retrieved from /home/airflow/.local/lib/python3.8/site-packages/airflow/example_dags/example_skip_dag.py
[2026-04-21T03:52:22.486+0000] {logging_mixin.py:188} INFO - [2026-04-21T03:52:22.486+0000] {dag.py:3036} INFO - Sync 1 DAGs
[2026-04-21T03:52:22.500+0000] {logging_mixin.py:188} INFO - [2026-04-21T03:52:22.500+0000] {dag.py:3823} INFO - Setting next_dagrun for example_skip_dag to 2026-04-20 00:00:00+00:00, run_after=2026-04-21 00:00:00+00:00
[2026-04-21T03:52:22.511+0000] {processor.py:183} INFO - Processing /home/airflow/.local/lib/python3.8/site-packages/airflow/example_dags/example_skip_dag.py took 0.048 seconds
[2026-04-21T03:52:53.248+0000] {processor.py:161} INFO - Started process (PID=274) to work on /home/airflow/.local/lib/python3.8/site-packages/airflow/example_dags/example_skip_dag.py
[2026-04-21T03:52:53.249+0000] {processor.py:830} INFO - Processing file /home/airflow/.local/lib/python3.8/site-packages/airflow/example_dags/example_skip_dag.py for tasks to queue
[2026-04-21T03:52:53.251+0000] {logging_mixin.py:188} INFO - [2026-04-21T03:52:53.250+0000] {dagbag.py:538} INFO - Filling up the DagBag from /home/airflow/.local/lib/python3.8/site-packages/airflow/example_dags/example_skip_dag.py
[2026-04-21T03:52:53.255+0000] {processor.py:840} INFO - DAG(s) 'example_skip_dag' retrieved from /home/airflow/.local/lib/python3.8/site-packages/airflow/example_dags/example_skip_dag.py
[2026-04-21T03:52:53.269+0000] {logging_mixin.py:188} INFO - [2026-04-21T03:52:53.269+0000] {dag.py:3036} INFO - Sync 1 DAGs
[2026-04-21T03:52:53.283+0000] {logging_mixin.py:188} INFO - [2026-04-21T03:52:53.283+0000] {dag.py:3823} INFO - Setting next_dagrun for example_skip_dag to 2026-04-20 00:00:00+00:00, run_after=2026-04-21 00:00:00+00:00
[2026-04-21T03:52:53.293+0000] {processor.py:183} INFO - Processing /home/airflow/.local/lib/python3.8/site-packages/airflow/example_dags/example_skip_dag.py took 0.048 seconds
[2026-04-21T03:53:23.327+0000] {processor.py:161} INFO - Started process (PID=329) to work on /home/airflow/.local/lib/python3.8/site-packages/airflow/example_dags/example_skip_dag.py
[2026-04-21T03:53:23.328+0000] {processor.py:830} INFO - Processing file /home/airflow/.local/lib/python3.8/site-packages/airflow/example_dags/example_skip_dag.py for tasks to queue
[2026-04-21T03:53:23.330+0000] {logging_mixin.py:188} INFO - [2026-04-21T03:53:23.329+0000] {dagbag.py:538} INFO - Filling up the DagBag from /home/airflow/.local/lib/python3.8/site-packages/airflow/example_dags/example_skip_dag.py
[2026-04-21T03:53:23.334+0000] {processor.py:840} INFO - DAG(s) 'example_skip_dag' retrieved from /home/airflow/.local/lib/python3.8/site-packages/airflow/example_dags/example_skip_dag.py
[2026-04-21T03:53:23.349+0000] {logging_mixin.py:188} INFO - [2026-04-21T03:53:23.349+0000] {dag.py:3036} INFO - Sync 1 DAGs
[2026-04-21T03:53:23.363+0000] {logging_mixin.py:188} INFO - [2026-04-21T03:53:23.363+0000] {dag.py:3823} INFO - Setting next_dagrun for example_skip_dag to 2026-04-20 00:00:00+00:00, run_after=2026-04-21 00:00:00+00:00
[2026-04-21T03:53:23.373+0000] {processor.py:183} INFO - Processing /home/airflow/.local/lib/python3.8/site-packages/airflow/example_dags/example_skip_dag.py took 0.048 seconds
[2026-04-21T03:53:53.455+0000] {processor.py:161} INFO - Started process (PID=384) to work on /home/airflow/.local/lib/python3.8/site-packages/airflow/example_dags/example_skip_dag.py
[2026-04-21T03:53:53.464+0000] {processor.py:830} INFO - Processing file /home/airflow/.local/lib/python3.8/site-packages/airflow/example_dags/example_skip_dag.py for tasks to queue
[2026-04-21T03:53:53.466+0000] {logging_mixin.py:188} INFO - [2026-04-21T03:53:53.466+0000] {dagbag.py:538} INFO - Filling up the DagBag from /home/airflow/.local/lib/python3.8/site-packages/airflow/example_dags/example_skip_dag.py
[2026-04-21T03:53:53.470+0000] {processor.py:840} INFO - DAG(s) 'example_skip_dag' retrieved from /home/airflow/.local/lib/python3.8/site-packages/airflow/example_dags/example_skip_dag.py
[2026-04-21T03:53:53.485+0000] {logging_mixin.py:188} INFO - [2026-04-21T03:53:53.485+0000] {dag.py:3036} INFO - Sync 1 DAGs
[2026-04-21T03:53:53.499+0000] {logging_mixin.py:188} INFO - [2026-04-21T03:53:53.499+0000] {dag.py:3823} INFO - Setting next_dagrun for example_skip_dag to 2026-04-20 00:00:00+00:00, run_after=2026-04-21 00:00:00+00:00
[2026-04-21T03:53:53.509+0000] {processor.py:183} INFO - Processing /home/airflow/.local/lib/python3.8/site-packages/airflow/example_dags/example_skip_dag.py took 0.056 seconds
[2026-04-21T03:54:23.584+0000] {processor.py:161} INFO - Started process (PID=439) to work on /home/airflow/.local/lib/python3.8/site-packages/airflow/example_dags/example_skip_dag.py
[2026-04-21T03:54:23.593+0000] {processor.py:830} INFO - Processing file /home/airflow/.local/lib/python3.8/site-packages/airflow/example_dags/example_skip_dag.py for tasks to queue
[2026-04-21T03:54:23.595+0000] {logging_mixin.py:188} INFO - [2026-04-21T03:54:23.595+0000] {dagbag.py:538} INFO - Filling up the DagBag from /home/airflow/.local/lib/python3.8/site-packages/airflow/example_dags/example_skip_dag.py
[2026-04-21T03:54:23.599+0000] {processor.py:840} INFO - DAG(s) 'example_skip_dag' retrieved from /home/airflow/.local/lib/python3.8/site-packages/airflow/example_dags/example_skip_dag.py
[2026-04-21T03:54:23.614+0000] {logging_mixin.py:188} INFO - [2026-04-21T03:54:23.614+0000] {dag.py:3036} INFO - Sync 1 DAGs
[2026-04-21T03:54:23.628+0000] {logging_mixin.py:188} INFO - [2026-04-21T03:54:23.628+0000] {dag.py:3823} INFO - Setting next_dagrun for example_skip_dag to 2026-04-20 00:00:00+00:00, run_after=2026-04-21 00:00:00+00:00
[2026-04-21T03:54:23.638+0000] {processor.py:183} INFO - Processing /home/airflow/.local/lib/python3.8/site-packages/airflow/example_dags/example_skip_dag.py took 0.056 seconds
[2026-04-21T03:54:53.770+0000] {processor.py:161} INFO - Started process (PID=494) to work on /home/airflow/.local/lib/python3.8/site-packages/airflow/example_dags/example_skip_dag.py
[2026-04-21T03:54:53.778+0000] {processor.py:830} INFO - Processing file /home/airflow/.local/lib/python3.8/site-packages/airflow/example_dags/example_skip_dag.py for tasks to queue
[2026-04-21T03:54:53.779+0000] {logging_mixin.py:188} INFO - [2026-04-21T03:54:53.779+0000] {dagbag.py:538} INFO - Filling up the DagBag from /home/airflow/.local/lib/python3.8/site-packages/airflow/example_dags/example_skip_dag.py
[2026-04-21T03:54:53.784+0000] {processor.py:840} INFO - DAG(s) 'example_skip_dag' retrieved from /home/airflow/.local/lib/python3.8/site-packages/airflow/example_dags/example_skip_dag.py
[2026-04-21T03:54:53.802+0000] {logging_mixin.py:188} INFO - [2026-04-21T03:54:53.802+0000] {dag.py:3036} INFO - Sync 1 DAGs
[2026-04-21T03:54:53.819+0000] {logging_mixin.py:188} INFO - [2026-04-21T03:54:53.819+0000] {dag.py:3823} INFO - Setting next_dagrun for example_skip_dag to 2026-04-20 00:00:00+00:00, run_after=2026-04-21 00:00:00+00:00
[2026-04-21T03:54:53.832+0000] {processor.py:183} INFO - Processing /home/airflow/.local/lib/python3.8/site-packages/airflow/example_dags/example_skip_dag.py took 0.065 seconds
[2026-04-21T03:55:23.864+0000] {processor.py:161} INFO - Started process (PID=549) to work on /home/airflow/.local/lib/python3.8/site-packages/airflow/example_dags/example_skip_dag.py
[2026-04-21T03:55:23.873+0000] {processor.py:830} INFO - Processing file /home/airflow/.local/lib/python3.8/site-packages/airflow/example_dags/example_skip_dag.py for tasks to queue
[2026-04-21T03:55:23.874+0000] {logging_mixin.py:188} INFO - [2026-04-21T03:55:23.874+0000] {dagbag.py:538} INFO - Filling up the DagBag from /home/airflow/.local/lib/python3.8/site-packages/airflow/example_dags/example_skip_dag.py
[2026-04-21T03:55:23.878+0000] {processor.py:840} INFO - DAG(s) 'example_skip_dag' retrieved from /home/airflow/.local/lib/python3.8/site-packages/airflow/example_dags/example_skip_dag.py
[2026-04-21T03:55:23.893+0000] {logging_mixin.py:188} INFO - [2026-04-21T03:55:23.893+0000] {dag.py:3036} INFO - Sync 1 DAGs
[2026-04-21T03:55:23.907+0000] {logging_mixin.py:188} INFO - [2026-04-21T03:55:23.907+0000] {dag.py:3823} INFO - Setting next_dagrun for example_skip_dag to 2026-04-20 00:00:00+00:00, run_after=2026-04-21 00:00:00+00:00
[2026-04-21T03:55:23.917+0000] {processor.py:183} INFO - Processing /home/airflow/.local/lib/python3.8/site-packages/airflow/example_dags/example_skip_dag.py took 0.056 seconds
[2026-04-21T03:55:54.656+0000] {processor.py:161} INFO - Started process (PID=604) to work on /home/airflow/.local/lib/python3.8/site-packages/airflow/example_dags/example_skip_dag.py
[2026-04-21T03:55:54.664+0000] {processor.py:830} INFO - Processing file /home/airflow/.local/lib/python3.8/site-packages/airflow/example_dags/example_skip_dag.py for tasks to queue
[2026-04-21T03:55:54.666+0000] {logging_mixin.py:188} INFO - [2026-04-21T03:55:54.666+0000] {dagbag.py:538} INFO - Filling up the DagBag from /home/airflow/.local/lib/python3.8/site-packages/airflow/example_dags/example_skip_dag.py
[2026-04-21T03:55:54.670+0000] {processor.py:840} INFO - DAG(s) 'example_skip_dag' retrieved from /home/airflow/.local/lib/python3.8/site-packages/airflow/example_dags/example_skip_dag.py
[2026-04-21T03:55:54.685+0000] {logging_mixin.py:188} INFO - [2026-04-21T03:55:54.685+0000] {dag.py:3036} INFO - Sync 1 DAGs
[2026-04-21T03:55:54.699+0000] {logging_mixin.py:188} INFO - [2026-04-21T03:55:54.699+0000] {dag.py:3823} INFO - Setting next_dagrun for example_skip_dag to 2026-04-20 00:00:00+00:00, run_after=2026-04-21 00:00:00+00:00
[2026-04-21T03:55:54.709+0000] {processor.py:183} INFO - Processing /home/airflow/.local/lib/python3.8/site-packages/airflow/example_dags/example_skip_dag.py took 0.056 seconds
[2026-04-21T03:56:25.374+0000] {processor.py:161} INFO - Started process (PID=659) to work on /home/airflow/.local/lib/python3.8/site-packages/airflow/example_dags/example_skip_dag.py
[2026-04-21T03:56:25.375+0000] {processor.py:830} INFO - Processing file /home/airflow/.local/lib/python3.8/site-packages/airflow/example_dags/example_skip_dag.py for tasks to queue
[2026-04-21T03:56:25.376+0000] {logging_mixin.py:188} INFO - [2026-04-21T03:56:25.376+0000] {dagbag.py:538} INFO - Filling up the DagBag from /home/airflow/.local/lib/python3.8/site-packages/airflow/example_dags/example_skip_dag.py
[2026-04-21T03:56:25.381+0000] {processor.py:840} INFO - DAG(s) 'example_skip_dag' retrieved from /home/airflow/.local/lib/python3.8/site-packages/airflow/example_dags/example_skip_dag.py
[2026-04-21T03:56:25.397+0000] {logging_mixin.py:188} INFO - [2026-04-21T03:56:25.396+0000] {dag.py:3036} INFO - Sync 1 DAGs
[2026-04-21T03:56:25.413+0000] {logging_mixin.py:188} INFO - [2026-04-21T03:56:25.413+0000] {dag.py:3823} INFO - Setting next_dagrun for example_skip_dag to 2026-04-20 00:00:00+00:00, run_after=2026-04-21 00:00:00+00:00
[2026-04-21T03:56:25.430+0000] {processor.py:183} INFO - Processing /home/airflow/.local/lib/python3.8/site-packages/airflow/example_dags/example_skip_dag.py took 0.058 seconds
[2026-04-21T03:56:55.518+0000] {processor.py:161} INFO - Started process (PID=714) to work on /home/airflow/.local/lib/python3.8/site-packages/airflow/example_dags/example_skip_dag.py
[2026-04-21T03:56:55.527+0000] {processor.py:830} INFO - Processing file /home/airflow/.local/lib/python3.8/site-packages/airflow/example_dags/example_skip_dag.py for tasks to queue
[2026-04-21T03:56:55.528+0000] {logging_mixin.py:188} INFO - [2026-04-21T03:56:55.528+0000] {dagbag.py:538} INFO - Filling up the DagBag from /home/airflow/.local/lib/python3.8/site-packages/airflow/example_dags/example_skip_dag.py
[2026-04-21T03:56:55.532+0000] {processor.py:840} INFO - DAG(s) 'example_skip_dag' retrieved from /home/airflow/.local/lib/python3.8/site-packages/airflow/example_dags/example_skip_dag.py
[2026-04-21T03:56:55.547+0000] {logging_mixin.py:188} INFO - [2026-04-21T03:56:55.547+0000] {dag.py:3036} INFO - Sync 1 DAGs
[2026-04-21T03:56:55.561+0000] {logging_mixin.py:188} INFO - [2026-04-21T03:56:55.561+0000] {dag.py:3823} INFO - Setting next_dagrun for example_skip_dag to 2026-04-20 00:00:00+00:00, run_after=2026-04-21 00:00:00+00:00
[2026-04-21T03:56:55.572+0000] {processor.py:183} INFO - Processing /home/airflow/.local/lib/python3.8/site-packages/airflow/example_dags/example_skip_dag.py took 0.057 seconds
[2026-04-21T03:57:25.689+0000] {processor.py:161} INFO - Started process (PID=769) to work on /home/airflow/.local/lib/python3.8/site-packages/airflow/example_dags/example_skip_dag.py
[2026-04-21T03:57:25.690+0000] {processor.py:830} INFO - Processing file /home/airflow/.local/lib/python3.8/site-packages/airflow/example_dags/example_skip_dag.py for tasks to queue
[2026-04-21T03:57:25.691+0000] {logging_mixin.py:188} INFO - [2026-04-21T03:57:25.691+0000] {dagbag.py:538} INFO - Filling up the DagBag from /home/airflow/.local/lib/python3.8/site-packages/airflow/example_dags/example_skip_dag.py
[2026-04-21T03:57:25.696+0000] {processor.py:840} INFO - DAG(s) 'example_skip_dag' retrieved from /home/airflow/.local/lib/python3.8/site-packages/airflow/example_dags/example_skip_dag.py
[2026-04-21T03:57:25.711+0000] {logging_mixin.py:188} INFO - [2026-04-21T03:57:25.711+0000] {dag.py:3036} INFO - Sync 1 DAGs
[2026-04-21T03:57:25.728+0000] {logging_mixin.py:188} INFO - [2026-04-21T03:57:25.728+0000] {dag.py:3823} INFO - Setting next_dagrun for example_skip_dag to 2026-04-20 00:00:00+00:00, run_after=2026-04-21 00:00:00+00:00
[2026-04-21T03:57:25.739+0000] {processor.py:183} INFO - Processing /home/airflow/.local/lib/python3.8/site-packages/airflow/example_dags/example_skip_dag.py took 0.052 seconds
[2026-04-21T03:57:55.801+0000] {processor.py:161} INFO - Started process (PID=824) to work on /home/airflow/.local/lib/python3.8/site-packages/airflow/example_dags/example_skip_dag.py
[2026-04-21T03:57:55.802+0000] {processor.py:830} INFO - Processing file /home/airflow/.local/lib/python3.8/site-packages/airflow/example_dags/example_skip_dag.py for tasks to queue
[2026-04-21T03:57:55.803+0000] {logging_mixin.py:188} INFO - [2026-04-21T03:57:55.803+0000] {dagbag.py:538} INFO - Filling up the DagBag from /home/airflow/.local/lib/python3.8/site-packages/airflow/example_dags/example_skip_dag.py
[2026-04-21T03:57:55.808+0000] {processor.py:840} INFO - DAG(s) 'example_skip_dag' retrieved from /home/airflow/.local/lib/python3.8/site-packages/airflow/example_dags/example_skip_dag.py
[2026-04-21T03:57:55.823+0000] {logging_mixin.py:188} INFO - [2026-04-21T03:57:55.823+0000] {dag.py:3036} INFO - Sync 1 DAGs
[2026-04-21T03:57:55.840+0000] {logging_mixin.py:188} INFO - [2026-04-21T03:57:55.840+0000] {dag.py:3823} INFO - Setting next_dagrun for example_skip_dag to 2026-04-20 00:00:00+00:00, run_after=2026-04-21 00:00:00+00:00
[2026-04-21T03:57:55.854+0000] {processor.py:183} INFO - Processing /home/airflow/.local/lib/python3.8/site-packages/airflow/example_dags/example_skip_dag.py took 0.056 seconds
[2026-04-21T03:58:26.032+0000] {processor.py:161} INFO - Started process (PID=879) to work on /home/airflow/.local/lib/python3.8/site-packages/airflow/example_dags/example_skip_dag.py
[2026-04-21T03:58:26.033+0000] {processor.py:830} INFO - Processing file /home/airflow/.local/lib/python3.8/site-packages/airflow/example_dags/example_skip_dag.py for tasks to queue
[2026-04-21T03:58:26.034+0000] {logging_mixin.py:188} INFO - [2026-04-21T03:58:26.034+0000] {dagbag.py:538} INFO - Filling up the DagBag from /home/airflow/.local/lib/python3.8/site-packages/airflow/example_dags/example_skip_dag.py
[2026-04-21T03:58:26.040+0000] {processor.py:840} INFO - DAG(s) 'example_skip_dag' retrieved from /home/airflow/.local/lib/python3.8/site-packages/airflow/example_dags/example_skip_dag.py
[2026-04-21T03:58:26.057+0000] {logging_mixin.py:188} INFO - [2026-04-21T03:58:26.057+0000] {dag.py:3036} INFO - Sync 1 DAGs
[2026-04-21T03:58:26.073+0000] {logging_mixin.py:188} INFO - [2026-04-21T03:58:26.073+0000] {dag.py:3823} INFO - Setting next_dagrun for example_skip_dag to 2026-04-20 00:00:00+00:00, run_after=2026-04-21 00:00:00+00:00
[2026-04-21T03:58:26.086+0000] {processor.py:183} INFO - Processing /home/airflow/.local/lib/python3.8/site-packages/airflow/example_dags/example_skip_dag.py took 0.057 seconds
[2026-04-21T03:58:56.403+0000] {processor.py:161} INFO - Started process (PID=934) to work on /home/airflow/.local/lib/python3.8/site-packages/airflow/example_dags/example_skip_dag.py
[2026-04-21T03:58:56.412+0000] {processor.py:830} INFO - Processing file /home/airflow/.local/lib/python3.8/site-packages/airflow/example_dags/example_skip_dag.py for tasks to queue
[2026-04-21T03:58:56.414+0000] {logging_mixin.py:188} INFO - [2026-04-21T03:58:56.414+0000] {dagbag.py:538} INFO - Filling up the DagBag from /home/airflow/.local/lib/python3.8/site-packages/airflow/example_dags/example_skip_dag.py
[2026-04-21T03:58:56.420+0000] {processor.py:840} INFO - DAG(s) 'example_skip_dag' retrieved from /home/airflow/.local/lib/python3.8/site-packages/airflow/example_dags/example_skip_dag.py
[2026-04-21T03:58:56.442+0000] {logging_mixin.py:188} INFO - [2026-04-21T03:58:56.441+0000] {dag.py:3036} INFO - Sync 1 DAGs
[2026-04-21T03:58:56.460+0000] {logging_mixin.py:188} INFO - [2026-04-21T03:58:56.460+0000] {dag.py:3823} INFO - Setting next_dagrun for example_skip_dag to 2026-04-20 00:00:00+00:00, run_after=2026-04-21 00:00:00+00:00
[2026-04-21T03:58:56.477+0000] {processor.py:183} INFO - Processing /home/airflow/.local/lib/python3.8/site-packages/airflow/example_dags/example_skip_dag.py took 0.077 seconds
[2026-04-21T03:59:26.762+0000] {processor.py:161} INFO - Started process (PID=995) to work on /home/airflow/.local/lib/python3.8/site-packages/airflow/example_dags/example_skip_dag.py
[2026-04-21T03:59:26.771+0000] {processor.py:830} INFO - Processing file /home/airflow/.local/lib/python3.8/site-packages/airflow/example_dags/example_skip_dag.py for tasks to queue
[2026-04-21T03:59:26.772+0000] {logging_mixin.py:188} INFO - [2026-04-21T03:59:26.772+0000] {dagbag.py:538} INFO - Filling up the DagBag from /home/airflow/.local/lib/python3.8/site-packages/airflow/example_dags/example_skip_dag.py
[2026-04-21T03:59:26.777+0000] {processor.py:840} INFO - DAG(s) 'example_skip_dag' retrieved from /home/airflow/.local/lib/python3.8/site-packages/airflow/example_dags/example_skip_dag.py
[2026-04-21T03:59:26.791+0000] {logging_mixin.py:188} INFO - [2026-04-21T03:59:26.791+0000] {dag.py:3036} INFO - Sync 1 DAGs
[2026-04-21T03:59:26.805+0000] {logging_mixin.py:188} INFO - [2026-04-21T03:59:26.805+0000] {dag.py:3823} INFO - Setting next_dagrun for example_skip_dag to 2026-04-20 00:00:00+00:00, run_after=2026-04-21 00:00:00+00:00
[2026-04-21T03:59:26.815+0000] {processor.py:183} INFO - Processing /home/airflow/.local/lib/python3.8/site-packages/airflow/example_dags/example_skip_dag.py took 0.056 seconds
[2026-04-21T03:59:56.840+0000] {processor.py:161} INFO - Started process (PID=1050) to work on /home/airflow/.local/lib/python3.8/site-packages/airflow/example_dags/example_skip_dag.py
[2026-04-21T03:59:56.841+0000] {processor.py:830} INFO - Processing file /home/airflow/.local/lib/python3.8/site-packages/airflow/example_dags/example_skip_dag.py for tasks to queue
[2026-04-21T03:59:56.843+0000] {logging_mixin.py:188} INFO - [2026-04-21T03:59:56.842+0000] {dagbag.py:538} INFO - Filling up the DagBag from /home/airflow/.local/lib/python3.8/site-packages/airflow/example_dags/example_skip_dag.py
[2026-04-21T03:59:56.847+0000] {processor.py:840} INFO - DAG(s) 'example_skip_dag' retrieved from /home/airflow/.local/lib/python3.8/site-packages/airflow/example_dags/example_skip_dag.py
[2026-04-21T03:59:56.866+0000] {logging_mixin.py:188} INFO - [2026-04-21T03:59:56.866+0000] {dag.py:3036} INFO - Sync 1 DAGs
[2026-04-21T03:59:56.885+0000] {logging_mixin.py:188} INFO - [2026-04-21T03:59:56.885+0000] {dag.py:3823} INFO - Setting next_dagrun for example_skip_dag to 2026-04-20 00:00:00+00:00, run_after=2026-04-21 00:00:00+00:00
[2026-04-21T03:59:56.899+0000] {processor.py:183} INFO - Processing /home/airflow/.local/lib/python3.8/site-packages/airflow/example_dags/example_skip_dag.py took 0.062 seconds
[2026-04-21T04:00:26.992+0000] {processor.py:161} INFO - Started process (PID=1105) to work on /home/airflow/.local/lib/python3.8/site-packages/airflow/example_dags/example_skip_dag.py
[2026-04-21T04:00:26.993+0000] {processor.py:830} INFO - Processing file /home/airflow/.local/lib/python3.8/site-packages/airflow/example_dags/example_skip_dag.py for tasks to queue
[2026-04-21T04:00:26.994+0000] {logging_mixin.py:188} INFO - [2026-04-21T04:00:26.994+0000] {dagbag.py:538} INFO - Filling up the DagBag from /home/airflow/.local/lib/python3.8/site-packages/airflow/example_dags/example_skip_dag.py
[2026-04-21T04:00:26.998+0000] {processor.py:840} INFO - DAG(s) 'example_skip_dag' retrieved from /home/airflow/.local/lib/python3.8/site-packages/airflow/example_dags/example_skip_dag.py
[2026-04-21T04:00:27.012+0000] {logging_mixin.py:188} INFO - [2026-04-21T04:00:27.012+0000] {dag.py:3036} INFO - Sync 1 DAGs
[2026-04-21T04:00:27.026+0000] {logging_mixin.py:188} INFO - [2026-04-21T04:00:27.026+0000] {dag.py:3823} INFO - Setting next_dagrun for example_skip_dag to 2026-04-20 00:00:00+00:00, run_after=2026-04-21 00:00:00+00:00
[2026-04-21T04:00:27.036+0000] {processor.py:183} INFO - Processing /home/airflow/.local/lib/python3.8/site-packages/airflow/example_dags/example_skip_dag.py took 0.046 seconds
[2026-04-21T04:00:57.703+0000] {processor.py:161} INFO - Started process (PID=1160) to work on /home/airflow/.local/lib/python3.8/site-packages/airflow/example_dags/example_skip_dag.py
[2026-04-21T04:00:57.704+0000] {processor.py:830} INFO - Processing file /home/airflow/.local/lib/python3.8/site-packages/airflow/example_dags/example_skip_dag.py for tasks to queue
[2026-04-21T04:00:57.705+0000] {logging_mixin.py:188} INFO - [2026-04-21T04:00:57.704+0000] {dagbag.py:538} INFO - Filling up the DagBag from /home/airflow/.local/lib/python3.8/site-packages/airflow/example_dags/example_skip_dag.py
[2026-04-21T04:00:57.709+0000] {processor.py:840} INFO - DAG(s) 'example_skip_dag' retrieved from /home/airflow/.local/lib/python3.8/site-packages/airflow/example_dags/example_skip_dag.py
[2026-04-21T04:00:57.723+0000] {logging_mixin.py:188} INFO - [2026-04-21T04:00:57.723+0000] {dag.py:3036} INFO - Sync 1 DAGs
[2026-04-21T04:00:57.737+0000] {logging_mixin.py:188} INFO - [2026-04-21T04:00:57.737+0000] {dag.py:3823} INFO - Setting next_dagrun for example_skip_dag to 2026-04-20 00:00:00+00:00, run_after=2026-04-21 00:00:00+00:00
[2026-04-21T04:00:57.747+0000] {processor.py:183} INFO - Processing /home/airflow/.local/lib/python3.8/site-packages/airflow/example_dags/example_skip_dag.py took 0.046 seconds
[2026-04-21T04:01:28.452+0000] {processor.py:161} INFO - Started process (PID=1215) to work on /home/airflow/.local/lib/python3.8/site-packages/airflow/example_dags/example_skip_dag.py
[2026-04-21T04:01:28.462+0000] {processor.py:830} INFO - Processing file /home/airflow/.local/lib/python3.8/site-packages/airflow/example_dags/example_skip_dag.py for tasks to queue
[2026-04-21T04:01:28.463+0000] {logging_mixin.py:188} INFO - [2026-04-21T04:01:28.463+0000] {dagbag.py:538} INFO - Filling up the DagBag from /home/airflow/.local/lib/python3.8/site-packages/airflow/example_dags/example_skip_dag.py
[2026-04-21T04:01:28.467+0000] {processor.py:840} INFO - DAG(s) 'example_skip_dag' retrieved from /home/airflow/.local/lib/python3.8/site-packages/airflow/example_dags/example_skip_dag.py
[2026-04-21T04:01:28.482+0000] {logging_mixin.py:188} INFO - [2026-04-21T04:01:28.482+0000] {dag.py:3036} INFO - Sync 1 DAGs
[2026-04-21T04:01:28.495+0000] {logging_mixin.py:188} INFO - [2026-04-21T04:01:28.495+0000] {dag.py:3823} INFO - Setting next_dagrun for example_skip_dag to 2026-04-20 00:00:00+00:00, run_after=2026-04-21 00:00:00+00:00
[2026-04-21T04:01:28.505+0000] {processor.py:183} INFO - Processing /home/airflow/.local/lib/python3.8/site-packages/airflow/example_dags/example_skip_dag.py took 0.055 seconds
[2026-04-21T04:01:59.139+0000] {processor.py:161} INFO - Started process (PID=1270) to work on /home/airflow/.local/lib/python3.8/site-packages/airflow/example_dags/example_skip_dag.py
[2026-04-21T04:01:59.140+0000] {processor.py:830} INFO - Processing file /home/airflow/.local/lib/python3.8/site-packages/airflow/example_dags/example_skip_dag.py for tasks to queue
[2026-04-21T04:01:59.141+0000] {logging_mixin.py:188} INFO - [2026-04-21T04:01:59.141+0000] {dagbag.py:538} INFO - Filling up the DagBag from /home/airflow/.local/lib/python3.8/site-packages/airflow/example_dags/example_skip_dag.py
[2026-04-21T04:01:59.145+0000] {processor.py:840} INFO - DAG(s) 'example_skip_dag' retrieved from /home/airflow/.local/lib/python3.8/site-packages/airflow/example_dags/example_skip_dag.py
[2026-04-21T04:01:59.160+0000] {logging_mixin.py:188} INFO - [2026-04-21T04:01:59.159+0000] {dag.py:3036} INFO - Sync 1 DAGs
[2026-04-21T04:01:59.173+0000] {logging_mixin.py:188} INFO - [2026-04-21T04:01:59.173+0000] {dag.py:3823} INFO - Setting next_dagrun for example_skip_dag to 2026-04-20 00:00:00+00:00, run_after=2026-04-21 00:00:00+00:00
[2026-04-21T04:01:59.183+0000] {processor.py:183} INFO - Processing /home/airflow/.local/lib/python3.8/site-packages/airflow/example_dags/example_skip_dag.py took 0.047 seconds
[2026-04-21T04:02:29.837+0000] {processor.py:161} INFO - Started process (PID=1325) to work on /home/airflow/.local/lib/python3.8/site-packages/airflow/example_dags/example_skip_dag.py
[2026-04-21T04:02:29.846+0000] {processor.py:830} INFO - Processing file /home/airflow/.local/lib/python3.8/site-packages/airflow/example_dags/example_skip_dag.py for tasks to queue
[2026-04-21T04:02:29.847+0000] {logging_mixin.py:188} INFO - [2026-04-21T04:02:29.847+0000] {dagbag.py:538} INFO - Filling up the DagBag from /home/airflow/.local/lib/python3.8/site-packages/airflow/example_dags/example_skip_dag.py
[2026-04-21T04:02:29.851+0000] {processor.py:840} INFO - DAG(s) 'example_skip_dag' retrieved from /home/airflow/.local/lib/python3.8/site-packages/airflow/example_dags/example_skip_dag.py
[2026-04-21T04:02:29.865+0000] {logging_mixin.py:188} INFO - [2026-04-21T04:02:29.865+0000] {dag.py:3036} INFO - Sync 1 DAGs
[2026-04-21T04:02:29.879+0000] {logging_mixin.py:188} INFO - [2026-04-21T04:02:29.879+0000] {dag.py:3823} INFO - Setting next_dagrun for example_skip_dag to 2026-04-20 00:00:00+00:00, run_after=2026-04-21 00:00:00+00:00
[2026-04-21T04:02:29.888+0000] {processor.py:183} INFO - Processing /home/airflow/.local/lib/python3.8/site-packages/airflow/example_dags/example_skip_dag.py took 0.054 seconds
[2026-04-21T04:03:00.478+0000] {processor.py:161} INFO - Started process (PID=1380) to work on /home/airflow/.local/lib/python3.8/site-packages/airflow/example_dags/example_skip_dag.py
[2026-04-21T04:03:00.486+0000] {processor.py:830} INFO - Processing file /home/airflow/.local/lib/python3.8/site-packages/airflow/example_dags/example_skip_dag.py for tasks to queue
[2026-04-21T04:03:00.488+0000] {logging_mixin.py:188} INFO - [2026-04-21T04:03:00.488+0000] {dagbag.py:538} INFO - Filling up the DagBag from /home/airflow/.local/lib/python3.8/site-packages/airflow/example_dags/example_skip_dag.py
[2026-04-21T04:03:00.492+0000] {processor.py:840} INFO - DAG(s) 'example_skip_dag' retrieved from /home/airflow/.local/lib/python3.8/site-packages/airflow/example_dags/example_skip_dag.py
[2026-04-21T04:03:00.506+0000] {logging_mixin.py:188} INFO - [2026-04-21T04:03:00.506+0000] {dag.py:3036} INFO - Sync 1 DAGs
[2026-04-21T04:03:00.519+0000] {logging_mixin.py:188} INFO - [2026-04-21T04:03:00.519+0000] {dag.py:3823} INFO - Setting next_dagrun for example_skip_dag to 2026-04-20 00:00:00+00:00, run_after=2026-04-21 00:00:00+00:00
[2026-04-21T04:03:00.531+0000] {processor.py:183} INFO - Processing /home/airflow/.local/lib/python3.8/site-packages/airflow/example_dags/example_skip_dag.py took 0.057 seconds
[2026-04-21T04:03:31.160+0000] {processor.py:161} INFO - Started process (PID=1435) to work on /home/airflow/.local/lib/python3.8/site-packages/airflow/example_dags/example_skip_dag.py
[2026-04-21T04:03:31.169+0000] {processor.py:830} INFO - Processing file /home/airflow/.local/lib/python3.8/site-packages/airflow/example_dags/example_skip_dag.py for tasks to queue
[2026-04-21T04:03:31.170+0000] {logging_mixin.py:188} INFO - [2026-04-21T04:03:31.170+0000] {dagbag.py:538} INFO - Filling up the DagBag from /home/airflow/.local/lib/python3.8/site-packages/airflow/example_dags/example_skip_dag.py
[2026-04-21T04:03:31.174+0000] {processor.py:840} INFO - DAG(s) 'example_skip_dag' retrieved from /home/airflow/.local/lib/python3.8/site-packages/airflow/example_dags/example_skip_dag.py
[2026-04-21T04:03:31.188+0000] {logging_mixin.py:188} INFO - [2026-04-21T04:03:31.188+0000] {dag.py:3036} INFO - Sync 1 DAGs
[2026-04-21T04:03:31.202+0000] {logging_mixin.py:188} INFO - [2026-04-21T04:03:31.202+0000] {dag.py:3823} INFO - Setting next_dagrun for example_skip_dag to 2026-04-20 00:00:00+00:00, run_after=2026-04-21 00:00:00+00:00
[2026-04-21T04:03:31.211+0000] {processor.py:183} INFO - Processing /home/airflow/.local/lib/python3.8/site-packages/airflow/example_dags/example_skip_dag.py took 0.054 seconds
[2026-04-21T04:04:01.855+0000] {processor.py:161} INFO - Started process (PID=1490) to work on /home/airflow/.local/lib/python3.8/site-packages/airflow/example_dags/example_skip_dag.py
[2026-04-21T04:04:01.866+0000] {processor.py:830} INFO - Processing file /home/airflow/.local/lib/python3.8/site-packages/airflow/example_dags/example_skip_dag.py for tasks to queue
[2026-04-21T04:04:01.868+0000] {logging_mixin.py:188} INFO - [2026-04-21T04:04:01.867+0000] {dagbag.py:538} INFO - Filling up the DagBag from /home/airflow/.local/lib/python3.8/site-packages/airflow/example_dags/example_skip_dag.py
[2026-04-21T04:04:01.872+0000] {processor.py:840} INFO - DAG(s) 'example_skip_dag' retrieved from /home/airflow/.local/lib/python3.8/site-packages/airflow/example_dags/example_skip_dag.py
[2026-04-21T04:04:01.886+0000] {logging_mixin.py:188} INFO - [2026-04-21T04:04:01.886+0000] {dag.py:3036} INFO - Sync 1 DAGs
[2026-04-21T04:04:01.900+0000] {logging_mixin.py:188} INFO - [2026-04-21T04:04:01.899+0000] {dag.py:3823} INFO - Setting next_dagrun for example_skip_dag to 2026-04-20 00:00:00+00:00, run_after=2026-04-21 00:00:00+00:00
[2026-04-21T04:04:01.909+0000] {processor.py:183} INFO - Processing /home/airflow/.local/lib/python3.8/site-packages/airflow/example_dags/example_skip_dag.py took 0.056 seconds
[2026-04-21T04:04:31.950+0000] {processor.py:161} INFO - Started process (PID=1545) to work on /home/airflow/.local/lib/python3.8/site-packages/airflow/example_dags/example_skip_dag.py
[2026-04-21T04:04:31.951+0000] {processor.py:830} INFO - Processing file /home/airflow/.local/lib/python3.8/site-packages/airflow/example_dags/example_skip_dag.py for tasks to queue
[2026-04-21T04:04:31.953+0000] {logging_mixin.py:188} INFO - [2026-04-21T04:04:31.952+0000] {dagbag.py:538} INFO - Filling up the DagBag from /home/airflow/.local/lib/python3.8/site-packages/airflow/example_dags/example_skip_dag.py
[2026-04-21T04:04:31.957+0000] {processor.py:840} INFO - DAG(s) 'example_skip_dag' retrieved from /home/airflow/.local/lib/python3.8/site-packages/airflow/example_dags/example_skip_dag.py
[2026-04-21T04:04:31.971+0000] {logging_mixin.py:188} INFO - [2026-04-21T04:04:31.971+0000] {dag.py:3036} INFO - Sync 1 DAGs
[2026-04-21T04:04:31.984+0000] {logging_mixin.py:188} INFO - [2026-04-21T04:04:31.984+0000] {dag.py:3823} INFO - Setting next_dagrun for example_skip_dag to 2026-04-20 00:00:00+00:00, run_after=2026-04-21 00:00:00+00:00
[2026-04-21T04:04:31.994+0000] {processor.py:183} INFO - Processing /home/airflow/.local/lib/python3.8/site-packages/airflow/example_dags/example_skip_dag.py took 0.047 seconds
[2026-04-21T04:05:02.178+0000] {processor.py:161} INFO - Started process (PID=1600) to work on /home/airflow/.local/lib/python3.8/site-packages/airflow/example_dags/example_skip_dag.py
[2026-04-21T04:05:02.179+0000] {processor.py:830} INFO - Processing file /home/airflow/.local/lib/python3.8/site-packages/airflow/example_dags/example_skip_dag.py for tasks to queue
[2026-04-21T04:05:02.180+0000] {logging_mixin.py:188} INFO - [2026-04-21T04:05:02.180+0000] {dagbag.py:538} INFO - Filling up the DagBag from /home/airflow/.local/lib/python3.8/site-packages/airflow/example_dags/example_skip_dag.py
[2026-04-21T04:05:02.184+0000] {processor.py:840} INFO - DAG(s) 'example_skip_dag' retrieved from /home/airflow/.local/lib/python3.8/site-packages/airflow/example_dags/example_skip_dag.py
[2026-04-21T04:05:02.200+0000] {logging_mixin.py:188} INFO - [2026-04-21T04:05:02.200+0000] {dag.py:3036} INFO - Sync 1 DAGs
[2026-04-21T04:05:02.214+0000] {logging_mixin.py:188} INFO - [2026-04-21T04:05:02.214+0000] {dag.py:3823} INFO - Setting next_dagrun for example_skip_dag to 2026-04-20 00:00:00+00:00, run_after=2026-04-21 00:00:00+00:00
[2026-04-21T04:05:02.224+0000] {processor.py:183} INFO - Processing /home/airflow/.local/lib/python3.8/site-packages/airflow/example_dags/example_skip_dag.py took 0.048 seconds
[2026-04-21T04:05:32.496+0000] {processor.py:161} INFO - Started process (PID=1655) to work on /home/airflow/.local/lib/python3.8/site-packages/airflow/example_dags/example_skip_dag.py
[2026-04-21T04:05:32.496+0000] {processor.py:830} INFO - Processing file /home/airflow/.local/lib/python3.8/site-packages/airflow/example_dags/example_skip_dag.py for tasks to queue
[2026-04-21T04:05:32.498+0000] {logging_mixin.py:188} INFO - [2026-04-21T04:05:32.498+0000] {dagbag.py:538} INFO - Filling up the DagBag from /home/airflow/.local/lib/python3.8/site-packages/airflow/example_dags/example_skip_dag.py
[2026-04-21T04:05:32.503+0000] {processor.py:840} INFO - DAG(s) 'example_skip_dag' retrieved from /home/airflow/.local/lib/python3.8/site-packages/airflow/example_dags/example_skip_dag.py
[2026-04-21T04:05:32.520+0000] {logging_mixin.py:188} INFO - [2026-04-21T04:05:32.520+0000] {dag.py:3036} INFO - Sync 1 DAGs
[2026-04-21T04:05:32.535+0000] {logging_mixin.py:188} INFO - [2026-04-21T04:05:32.535+0000] {dag.py:3823} INFO - Setting next_dagrun for example_skip_dag to 2026-04-20 00:00:00+00:00, run_after=2026-04-21 00:00:00+00:00
[2026-04-21T04:05:32.548+0000] {processor.py:183} INFO - Processing /home/airflow/.local/lib/python3.8/site-packages/airflow/example_dags/example_skip_dag.py took 0.054 seconds
[2026-04-21T04:06:02.624+0000] {processor.py:161} INFO - Started process (PID=1710) to work on /home/airflow/.local/lib/python3.8/site-packages/airflow/example_dags/example_skip_dag.py
[2026-04-21T04:06:02.629+0000] {processor.py:830} INFO - Processing file /home/airflow/.local/lib/python3.8/site-packages/airflow/example_dags/example_skip_dag.py for tasks to queue
[2026-04-21T04:06:02.631+0000] {logging_mixin.py:188} INFO - [2026-04-21T04:06:02.630+0000] {dagbag.py:538} INFO - Filling up the DagBag from /home/airflow/.local/lib/python3.8/site-packages/airflow/example_dags/example_skip_dag.py
[2026-04-21T04:06:02.635+0000] {processor.py:840} INFO - DAG(s) 'example_skip_dag' retrieved from /home/airflow/.local/lib/python3.8/site-packages/airflow/example_dags/example_skip_dag.py
[2026-04-21T04:06:02.651+0000] {logging_mixin.py:188} INFO - [2026-04-21T04:06:02.651+0000] {dag.py:3036} INFO - Sync 1 DAGs
[2026-04-21T04:06:02.669+0000] {logging_mixin.py:188} INFO - [2026-04-21T04:06:02.669+0000] {dag.py:3823} INFO - Setting next_dagrun for example_skip_dag to 2026-04-20 00:00:00+00:00, run_after=2026-04-21 00:00:00+00:00
[2026-04-21T04:06:02.681+0000] {processor.py:183} INFO - Processing /home/airflow/.local/lib/python3.8/site-packages/airflow/example_dags/example_skip_dag.py took 0.061 seconds
[2026-04-21T04:06:32.896+0000] {processor.py:161} INFO - Started process (PID=1765) to work on /home/airflow/.local/lib/python3.8/site-packages/airflow/example_dags/example_skip_dag.py
[2026-04-21T04:06:32.898+0000] {processor.py:830} INFO - Processing file /home/airflow/.local/lib/python3.8/site-packages/airflow/example_dags/example_skip_dag.py for tasks to queue
[2026-04-21T04:06:32.900+0000] {logging_mixin.py:188} INFO - [2026-04-21T04:06:32.900+0000] {dagbag.py:538} INFO - Filling up the DagBag from /home/airflow/.local/lib/python3.8/site-packages/airflow/example_dags/example_skip_dag.py
[2026-04-21T04:06:32.905+0000] {processor.py:840} INFO - DAG(s) 'example_skip_dag' retrieved from /home/airflow/.local/lib/python3.8/site-packages/airflow/example_dags/example_skip_dag.py
[2026-04-21T04:06:32.922+0000] {logging_mixin.py:188} INFO - [2026-04-21T04:06:32.921+0000] {dag.py:3036} INFO - Sync 1 DAGs
[2026-04-21T04:06:32.939+0000] {logging_mixin.py:188} INFO - [2026-04-21T04:06:32.939+0000] {dag.py:3823} INFO - Setting next_dagrun for example_skip_dag to 2026-04-20 00:00:00+00:00, run_after=2026-04-21 00:00:00+00:00
[2026-04-21T04:06:32.952+0000] {processor.py:183} INFO - Processing /home/airflow/.local/lib/python3.8/site-packages/airflow/example_dags/example_skip_dag.py took 0.059 seconds
[2026-04-21T04:07:03.081+0000] {processor.py:161} INFO - Started process (PID=1820) to work on /home/airflow/.local/lib/python3.8/site-packages/airflow/example_dags/example_skip_dag.py
[2026-04-21T04:07:03.090+0000] {processor.py:830} INFO - Processing file /home/airflow/.local/lib/python3.8/site-packages/airflow/example_dags/example_skip_dag.py for tasks to queue
[2026-04-21T04:07:03.092+0000] {logging_mixin.py:188} INFO - [2026-04-21T04:07:03.092+0000] {dagbag.py:538} INFO - Filling up the DagBag from /home/airflow/.local/lib/python3.8/site-packages/airflow/example_dags/example_skip_dag.py
[2026-04-21T04:07:03.096+0000] {processor.py:840} INFO - DAG(s) 'example_skip_dag' retrieved from /home/airflow/.local/lib/python3.8/site-packages/airflow/example_dags/example_skip_dag.py
[2026-04-21T04:07:03.112+0000] {logging_mixin.py:188} INFO - [2026-04-21T04:07:03.111+0000] {dag.py:3036} INFO - Sync 1 DAGs
[2026-04-21T04:07:03.126+0000] {logging_mixin.py:188} INFO - [2026-04-21T04:07:03.126+0000] {dag.py:3823} INFO - Setting next_dagrun for example_skip_dag to 2026-04-20 00:00:00+00:00, run_after=2026-04-21 00:00:00+00:00
[2026-04-21T04:07:03.137+0000] {processor.py:183} INFO - Processing /home/airflow/.local/lib/python3.8/site-packages/airflow/example_dags/example_skip_dag.py took 0.058 seconds
[2026-04-21T04:07:33.849+0000] {processor.py:161} INFO - Started process (PID=1875) to work on /home/airflow/.local/lib/python3.8/site-packages/airflow/example_dags/example_skip_dag.py
[2026-04-21T04:07:33.850+0000] {processor.py:830} INFO - Processing file /home/airflow/.local/lib/python3.8/site-packages/airflow/example_dags/example_skip_dag.py for tasks to queue
[2026-04-21T04:07:33.852+0000] {logging_mixin.py:188} INFO - [2026-04-21T04:07:33.851+0000] {dagbag.py:538} INFO - Filling up the DagBag from /home/airflow/.local/lib/python3.8/site-packages/airflow/example_dags/example_skip_dag.py
[2026-04-21T04:07:33.856+0000] {processor.py:840} INFO - DAG(s) 'example_skip_dag' retrieved from /home/airflow/.local/lib/python3.8/site-packages/airflow/example_dags/example_skip_dag.py
[2026-04-21T04:07:33.870+0000] {logging_mixin.py:188} INFO - [2026-04-21T04:07:33.869+0000] {dag.py:3036} INFO - Sync 1 DAGs
[2026-04-21T04:07:33.883+0000] {logging_mixin.py:188} INFO - [2026-04-21T04:07:33.883+0000] {dag.py:3823} INFO - Setting next_dagrun for example_skip_dag to 2026-04-20 00:00:00+00:00, run_after=2026-04-21 00:00:00+00:00
[2026-04-21T04:07:33.892+0000] {processor.py:183} INFO - Processing /home/airflow/.local/lib/python3.8/site-packages/airflow/example_dags/example_skip_dag.py took 0.047 seconds
[2026-04-21T04:08:04.120+0000] {processor.py:161} INFO - Started process (PID=1930) to work on /home/airflow/.local/lib/python3.8/site-packages/airflow/example_dags/example_skip_dag.py
[2026-04-21T04:08:04.121+0000] {processor.py:830} INFO - Processing file /home/airflow/.local/lib/python3.8/site-packages/airflow/example_dags/example_skip_dag.py for tasks to queue
[2026-04-21T04:08:04.123+0000] {logging_mixin.py:188} INFO - [2026-04-21T04:08:04.123+0000] {dagbag.py:538} INFO - Filling up the DagBag from /home/airflow/.local/lib/python3.8/site-packages/airflow/example_dags/example_skip_dag.py
[2026-04-21T04:08:04.127+0000] {processor.py:840} INFO - DAG(s) 'example_skip_dag' retrieved from /home/airflow/.local/lib/python3.8/site-packages/airflow/example_dags/example_skip_dag.py
[2026-04-21T04:08:04.141+0000] {logging_mixin.py:188} INFO - [2026-04-21T04:08:04.141+0000] {dag.py:3036} INFO - Sync 1 DAGs
[2026-04-21T04:08:04.154+0000] {logging_mixin.py:188} INFO - [2026-04-21T04:08:04.154+0000] {dag.py:3823} INFO - Setting next_dagrun for example_skip_dag to 2026-04-20 00:00:00+00:00, run_after=2026-04-21 00:00:00+00:00
[2026-04-21T04:08:04.164+0000] {processor.py:183} INFO - Processing /home/airflow/.local/lib/python3.8/site-packages/airflow/example_dags/example_skip_dag.py took 0.047 seconds
[2026-04-21T04:08:34.225+0000] {processor.py:161} INFO - Started process (PID=1985) to work on /home/airflow/.local/lib/python3.8/site-packages/airflow/example_dags/example_skip_dag.py
[2026-04-21T04:08:34.225+0000] {processor.py:830} INFO - Processing file /home/airflow/.local/lib/python3.8/site-packages/airflow/example_dags/example_skip_dag.py for tasks to queue
[2026-04-21T04:08:34.227+0000] {logging_mixin.py:188} INFO - [2026-04-21T04:08:34.227+0000] {dagbag.py:538} INFO - Filling up the DagBag from /home/airflow/.local/lib/python3.8/site-packages/airflow/example_dags/example_skip_dag.py
[2026-04-21T04:08:34.231+0000] {processor.py:840} INFO - DAG(s) 'example_skip_dag' retrieved from /home/airflow/.local/lib/python3.8/site-packages/airflow/example_dags/example_skip_dag.py
[2026-04-21T04:08:34.245+0000] {logging_mixin.py:188} INFO - [2026-04-21T04:08:34.245+0000] {dag.py:3036} INFO - Sync 1 DAGs
[2026-04-21T04:08:34.258+0000] {logging_mixin.py:188} INFO - [2026-04-21T04:08:34.258+0000] {dag.py:3823} INFO - Setting next_dagrun for example_skip_dag to 2026-04-20 00:00:00+00:00, run_after=2026-04-21 00:00:00+00:00
[2026-04-21T04:08:34.268+0000] {processor.py:183} INFO - Processing /home/airflow/.local/lib/python3.8/site-packages/airflow/example_dags/example_skip_dag.py took 0.046 seconds
[2026-04-21T04:09:04.358+0000] {processor.py:161} INFO - Started process (PID=2040) to work on /home/airflow/.local/lib/python3.8/site-packages/airflow/example_dags/example_skip_dag.py
[2026-04-21T04:09:04.366+0000] {processor.py:830} INFO - Processing file /home/airflow/.local/lib/python3.8/site-packages/airflow/example_dags/example_skip_dag.py for tasks to queue
[2026-04-21T04:09:04.369+0000] {logging_mixin.py:188} INFO - [2026-04-21T04:09:04.368+0000] {dagbag.py:538} INFO - Filling up the DagBag from /home/airflow/.local/lib/python3.8/site-packages/airflow/example_dags/example_skip_dag.py
[2026-04-21T04:09:04.373+0000] {processor.py:840} INFO - DAG(s) 'example_skip_dag' retrieved from /home/airflow/.local/lib/python3.8/site-packages/airflow/example_dags/example_skip_dag.py
[2026-04-21T04:09:04.387+0000] {logging_mixin.py:188} INFO - [2026-04-21T04:09:04.387+0000] {dag.py:3036} INFO - Sync 1 DAGs
[2026-04-21T04:09:04.400+0000] {logging_mixin.py:188} INFO - [2026-04-21T04:09:04.400+0000] {dag.py:3823} INFO - Setting next_dagrun for example_skip_dag to 2026-04-20 00:00:00+00:00, run_after=2026-04-21 00:00:00+00:00
[2026-04-21T04:09:04.410+0000] {processor.py:183} INFO - Processing /home/airflow/.local/lib/python3.8/site-packages/airflow/example_dags/example_skip_dag.py took 0.055 seconds
[2026-04-21T04:09:35.095+0000] {processor.py:161} INFO - Started process (PID=2095) to work on /home/airflow/.local/lib/python3.8/site-packages/airflow/example_dags/example_skip_dag.py
[2026-04-21T04:09:35.096+0000] {processor.py:830} INFO - Processing file /home/airflow/.local/lib/python3.8/site-packages/airflow/example_dags/example_skip_dag.py for tasks to queue
[2026-04-21T04:09:35.098+0000] {logging_mixin.py:188} INFO - [2026-04-21T04:09:35.098+0000] {dagbag.py:538} INFO - Filling up the DagBag from /home/airflow/.local/lib/python3.8/site-packages/airflow/example_dags/example_skip_dag.py
[2026-04-21T04:09:35.102+0000] {processor.py:840} INFO - DAG(s) 'example_skip_dag' retrieved from /home/airflow/.local/lib/python3.8/site-packages/airflow/example_dags/example_skip_dag.py
[2026-04-21T04:09:35.116+0000] {logging_mixin.py:188} INFO - [2026-04-21T04:09:35.116+0000] {dag.py:3036} INFO - Sync 1 DAGs
[2026-04-21T04:09:35.130+0000] {logging_mixin.py:188} INFO - [2026-04-21T04:09:35.129+0000] {dag.py:3823} INFO - Setting next_dagrun for example_skip_dag to 2026-04-20 00:00:00+00:00, run_after=2026-04-21 00:00:00+00:00
[2026-04-21T04:09:35.140+0000] {processor.py:183} INFO - Processing /home/airflow/.local/lib/python3.8/site-packages/airflow/example_dags/example_skip_dag.py took 0.047 seconds
[2026-04-21T04:10:05.219+0000] {processor.py:161} INFO - Started process (PID=2150) to work on /home/airflow/.local/lib/python3.8/site-packages/airflow/example_dags/example_skip_dag.py
[2026-04-21T04:10:05.228+0000] {processor.py:830} INFO - Processing file /home/airflow/.local/lib/python3.8/site-packages/airflow/example_dags/example_skip_dag.py for tasks to queue
[2026-04-21T04:10:05.229+0000] {logging_mixin.py:188} INFO - [2026-04-21T04:10:05.229+0000] {dagbag.py:538} INFO - Filling up the DagBag from /home/airflow/.local/lib/python3.8/site-packages/airflow/example_dags/example_skip_dag.py
[2026-04-21T04:10:05.233+0000] {processor.py:840} INFO - DAG(s) 'example_skip_dag' retrieved from /home/airflow/.local/lib/python3.8/site-packages/airflow/example_dags/example_skip_dag.py
[2026-04-21T04:10:05.249+0000] {logging_mixin.py:188} INFO - [2026-04-21T04:10:05.248+0000] {dag.py:3036} INFO - Sync 1 DAGs
[2026-04-21T04:10:05.263+0000] {logging_mixin.py:188} INFO - [2026-04-21T04:10:05.263+0000] {dag.py:3823} INFO - Setting next_dagrun for example_skip_dag to 2026-04-20 00:00:00+00:00, run_after=2026-04-21 00:00:00+00:00
[2026-04-21T04:10:05.273+0000] {processor.py:183} INFO - Processing /home/airflow/.local/lib/python3.8/site-packages/airflow/example_dags/example_skip_dag.py took 0.057 seconds
[2026-04-21T04:10:35.363+0000] {processor.py:161} INFO - Started process (PID=2207) to work on /home/airflow/.local/lib/python3.8/site-packages/airflow/example_dags/example_skip_dag.py
[2026-04-21T04:10:35.364+0000] {processor.py:830} INFO - Processing file /home/airflow/.local/lib/python3.8/site-packages/airflow/example_dags/example_skip_dag.py for tasks to queue
[2026-04-21T04:10:35.365+0000] {logging_mixin.py:188} INFO - [2026-04-21T04:10:35.365+0000] {dagbag.py:538} INFO - Filling up the DagBag from /home/airflow/.local/lib/python3.8/site-packages/airflow/example_dags/example_skip_dag.py
[2026-04-21T04:10:35.369+0000] {processor.py:840} INFO - DAG(s) 'example_skip_dag' retrieved from /home/airflow/.local/lib/python3.8/site-packages/airflow/example_dags/example_skip_dag.py
[2026-04-21T04:10:35.384+0000] {logging_mixin.py:188} INFO - [2026-04-21T04:10:35.383+0000] {dag.py:3036} INFO - Sync 1 DAGs
[2026-04-21T04:10:35.398+0000] {logging_mixin.py:188} INFO - [2026-04-21T04:10:35.397+0000] {dag.py:3823} INFO - Setting next_dagrun for example_skip_dag to 2026-04-20 00:00:00+00:00, run_after=2026-04-21 00:00:00+00:00
[2026-04-21T04:10:35.407+0000] {processor.py:183} INFO - Processing /home/airflow/.local/lib/python3.8/site-packages/airflow/example_dags/example_skip_dag.py took 0.046 seconds
[2026-04-21T04:11:05.522+0000] {processor.py:161} INFO - Started process (PID=2261) to work on /home/airflow/.local/lib/python3.8/site-packages/airflow/example_dags/example_skip_dag.py
[2026-04-21T04:11:05.531+0000] {processor.py:830} INFO - Processing file /home/airflow/.local/lib/python3.8/site-packages/airflow/example_dags/example_skip_dag.py for tasks to queue
[2026-04-21T04:11:05.533+0000] {logging_mixin.py:188} INFO - [2026-04-21T04:11:05.533+0000] {dagbag.py:538} INFO - Filling up the DagBag from /home/airflow/.local/lib/python3.8/site-packages/airflow/example_dags/example_skip_dag.py
[2026-04-21T04:11:05.537+0000] {processor.py:840} INFO - DAG(s) 'example_skip_dag' retrieved from /home/airflow/.local/lib/python3.8/site-packages/airflow/example_dags/example_skip_dag.py
[2026-04-21T04:11:05.552+0000] {logging_mixin.py:188} INFO - [2026-04-21T04:11:05.551+0000] {dag.py:3036} INFO - Sync 1 DAGs
[2026-04-21T04:11:05.565+0000] {logging_mixin.py:188} INFO - [2026-04-21T04:11:05.565+0000] {dag.py:3823} INFO - Setting next_dagrun for example_skip_dag to 2026-04-20 00:00:00+00:00, run_after=2026-04-21 00:00:00+00:00
[2026-04-21T04:11:05.575+0000] {processor.py:183} INFO - Processing /home/airflow/.local/lib/python3.8/site-packages/airflow/example_dags/example_skip_dag.py took 0.057 seconds
[2026-04-21T04:11:35.696+0000] {processor.py:161} INFO - Started process (PID=2316) to work on /home/airflow/.local/lib/python3.8/site-packages/airflow/example_dags/example_skip_dag.py
[2026-04-21T04:11:35.705+0000] {processor.py:830} INFO - Processing file /home/airflow/.local/lib/python3.8/site-packages/airflow/example_dags/example_skip_dag.py for tasks to queue
[2026-04-21T04:11:35.707+0000] {logging_mixin.py:188} INFO - [2026-04-21T04:11:35.706+0000] {dagbag.py:538} INFO - Filling up the DagBag from /home/airflow/.local/lib/python3.8/site-packages/airflow/example_dags/example_skip_dag.py
[2026-04-21T04:11:35.711+0000] {processor.py:840} INFO - DAG(s) 'example_skip_dag' retrieved from /home/airflow/.local/lib/python3.8/site-packages/airflow/example_dags/example_skip_dag.py
[2026-04-21T04:11:35.725+0000] {logging_mixin.py:188} INFO - [2026-04-21T04:11:35.725+0000] {dag.py:3036} INFO - Sync 1 DAGs
[2026-04-21T04:11:35.739+0000] {logging_mixin.py:188} INFO - [2026-04-21T04:11:35.739+0000] {dag.py:3823} INFO - Setting next_dagrun for example_skip_dag to 2026-04-20 00:00:00+00:00, run_after=2026-04-21 00:00:00+00:00
[2026-04-21T04:11:35.748+0000] {processor.py:183} INFO - Processing /home/airflow/.local/lib/python3.8/site-packages/airflow/example_dags/example_skip_dag.py took 0.055 seconds
[2026-04-21T04:12:05.891+0000] {processor.py:161} INFO - Started process (PID=2371) to work on /home/airflow/.local/lib/python3.8/site-packages/airflow/example_dags/example_skip_dag.py
[2026-04-21T04:12:05.900+0000] {processor.py:830} INFO - Processing file /home/airflow/.local/lib/python3.8/site-packages/airflow/example_dags/example_skip_dag.py for tasks to queue
[2026-04-21T04:12:05.901+0000] {logging_mixin.py:188} INFO - [2026-04-21T04:12:05.901+0000] {dagbag.py:538} INFO - Filling up the DagBag from /home/airflow/.local/lib/python3.8/site-packages/airflow/example_dags/example_skip_dag.py
[2026-04-21T04:12:05.906+0000] {processor.py:840} INFO - DAG(s) 'example_skip_dag' retrieved from /home/airflow/.local/lib/python3.8/site-packages/airflow/example_dags/example_skip_dag.py
[2026-04-21T04:12:05.921+0000] {logging_mixin.py:188} INFO - [2026-04-21T04:12:05.921+0000] {dag.py:3036} INFO - Sync 1 DAGs
[2026-04-21T04:12:05.935+0000] {logging_mixin.py:188} INFO - [2026-04-21T04:12:05.935+0000] {dag.py:3823} INFO - Setting next_dagrun for example_skip_dag to 2026-04-20 00:00:00+00:00, run_after=2026-04-21 00:00:00+00:00
[2026-04-21T04:12:05.945+0000] {processor.py:183} INFO - Processing /home/airflow/.local/lib/python3.8/site-packages/airflow/example_dags/example_skip_dag.py took 0.056 seconds
[2026-04-21T04:12:36.476+0000] {processor.py:161} INFO - Started process (PID=2426) to work on /home/airflow/.local/lib/python3.8/site-packages/airflow/example_dags/example_skip_dag.py
[2026-04-21T04:12:36.485+0000] {processor.py:830} INFO - Processing file /home/airflow/.local/lib/python3.8/site-packages/airflow/example_dags/example_skip_dag.py for tasks to queue
[2026-04-21T04:12:36.486+0000] {logging_mixin.py:188} INFO - [2026-04-21T04:12:36.486+0000] {dagbag.py:538} INFO - Filling up the DagBag from /home/airflow/.local/lib/python3.8/site-packages/airflow/example_dags/example_skip_dag.py
[2026-04-21T04:12:36.491+0000] {processor.py:840} INFO - DAG(s) 'example_skip_dag' retrieved from /home/airflow/.local/lib/python3.8/site-packages/airflow/example_dags/example_skip_dag.py
[2026-04-21T04:12:36.506+0000] {logging_mixin.py:188} INFO - [2026-04-21T04:12:36.506+0000] {dag.py:3036} INFO - Sync 1 DAGs
[2026-04-21T04:12:36.520+0000] {logging_mixin.py:188} INFO - [2026-04-21T04:12:36.520+0000] {dag.py:3823} INFO - Setting next_dagrun for example_skip_dag to 2026-04-20 00:00:00+00:00, run_after=2026-04-21 00:00:00+00:00
[2026-04-21T04:12:36.531+0000] {processor.py:183} INFO - Processing /home/airflow/.local/lib/python3.8/site-packages/airflow/example_dags/example_skip_dag.py took 0.057 seconds
[2026-04-21T04:13:06.676+0000] {processor.py:161} INFO - Started process (PID=2479) to work on /home/airflow/.local/lib/python3.8/site-packages/airflow/example_dags/example_skip_dag.py
[2026-04-21T04:13:06.685+0000] {processor.py:830} INFO - Processing file /home/airflow/.local/lib/python3.8/site-packages/airflow/example_dags/example_skip_dag.py for tasks to queue
[2026-04-21T04:13:06.687+0000] {logging_mixin.py:188} INFO - [2026-04-21T04:13:06.686+0000] {dagbag.py:538} INFO - Filling up the DagBag from /home/airflow/.local/lib/python3.8/site-packages/airflow/example_dags/example_skip_dag.py
[2026-04-21T04:13:06.691+0000] {processor.py:840} INFO - DAG(s) 'example_skip_dag' retrieved from /home/airflow/.local/lib/python3.8/site-packages/airflow/example_dags/example_skip_dag.py
[2026-04-21T04:13:06.705+0000] {logging_mixin.py:188} INFO - [2026-04-21T04:13:06.704+0000] {dag.py:3036} INFO - Sync 1 DAGs
[2026-04-21T04:13:06.718+0000] {logging_mixin.py:188} INFO - [2026-04-21T04:13:06.718+0000] {dag.py:3823} INFO - Setting next_dagrun for example_skip_dag to 2026-04-20 00:00:00+00:00, run_after=2026-04-21 00:00:00+00:00
[2026-04-21T04:13:06.728+0000] {processor.py:183} INFO - Processing /home/airflow/.local/lib/python3.8/site-packages/airflow/example_dags/example_skip_dag.py took 0.055 seconds
[2026-04-21T04:13:37.664+0000] {processor.py:161} INFO - Started process (PID=2534) to work on /home/airflow/.local/lib/python3.8/site-packages/airflow/example_dags/example_skip_dag.py
[2026-04-21T04:13:37.673+0000] {processor.py:830} INFO - Processing file /home/airflow/.local/lib/python3.8/site-packages/airflow/example_dags/example_skip_dag.py for tasks to queue
[2026-04-21T04:13:37.674+0000] {logging_mixin.py:188} INFO - [2026-04-21T04:13:37.674+0000] {dagbag.py:538} INFO - Filling up the DagBag from /home/airflow/.local/lib/python3.8/site-packages/airflow/example_dags/example_skip_dag.py
[2026-04-21T04:13:37.679+0000] {processor.py:840} INFO - DAG(s) 'example_skip_dag' retrieved from /home/airflow/.local/lib/python3.8/site-packages/airflow/example_dags/example_skip_dag.py
[2026-04-21T04:13:37.693+0000] {logging_mixin.py:188} INFO - [2026-04-21T04:13:37.693+0000] {dag.py:3036} INFO - Sync 1 DAGs
[2026-04-21T04:13:37.706+0000] {logging_mixin.py:188} INFO - [2026-04-21T04:13:37.706+0000] {dag.py:3823} INFO - Setting next_dagrun for example_skip_dag to 2026-04-20 00:00:00+00:00, run_after=2026-04-21 00:00:00+00:00
[2026-04-21T04:13:37.833+0000] {processor.py:183} INFO - Processing /home/airflow/.local/lib/python3.8/site-packages/airflow/example_dags/example_skip_dag.py took 0.172 seconds
[2026-04-21T04:14:08.230+0000] {processor.py:161} INFO - Started process (PID=2589) to work on /home/airflow/.local/lib/python3.8/site-packages/airflow/example_dags/example_skip_dag.py
[2026-04-21T04:14:08.236+0000] {processor.py:830} INFO - Processing file /home/airflow/.local/lib/python3.8/site-packages/airflow/example_dags/example_skip_dag.py for tasks to queue
[2026-04-21T04:14:08.237+0000] {logging_mixin.py:188} INFO - [2026-04-21T04:14:08.237+0000] {dagbag.py:538} INFO - Filling up the DagBag from /home/airflow/.local/lib/python3.8/site-packages/airflow/example_dags/example_skip_dag.py
[2026-04-21T04:14:08.241+0000] {processor.py:840} INFO - DAG(s) 'example_skip_dag' retrieved from /home/airflow/.local/lib/python3.8/site-packages/airflow/example_dags/example_skip_dag.py
[2026-04-21T04:14:08.255+0000] {logging_mixin.py:188} INFO - [2026-04-21T04:14:08.255+0000] {dag.py:3036} INFO - Sync 1 DAGs
[2026-04-21T04:14:08.269+0000] {logging_mixin.py:188} INFO - [2026-04-21T04:14:08.269+0000] {dag.py:3823} INFO - Setting next_dagrun for example_skip_dag to 2026-04-20 00:00:00+00:00, run_after=2026-04-21 00:00:00+00:00
[2026-04-21T04:14:08.279+0000] {processor.py:183} INFO - Processing /home/airflow/.local/lib/python3.8/site-packages/airflow/example_dags/example_skip_dag.py took 0.052 seconds
[2026-04-21T04:14:38.669+0000] {processor.py:161} INFO - Started process (PID=2644) to work on /home/airflow/.local/lib/python3.8/site-packages/airflow/example_dags/example_skip_dag.py
[2026-04-21T04:14:38.670+0000] {processor.py:830} INFO - Processing file /home/airflow/.local/lib/python3.8/site-packages/airflow/example_dags/example_skip_dag.py for tasks to queue
[2026-04-21T04:14:38.671+0000] {logging_mixin.py:188} INFO - [2026-04-21T04:14:38.671+0000] {dagbag.py:538} INFO - Filling up the DagBag from /home/airflow/.local/lib/python3.8/site-packages/airflow/example_dags/example_skip_dag.py
[2026-04-21T04:14:38.676+0000] {processor.py:840} INFO - DAG(s) 'example_skip_dag' retrieved from /home/airflow/.local/lib/python3.8/site-packages/airflow/example_dags/example_skip_dag.py
[2026-04-21T04:14:38.690+0000] {logging_mixin.py:188} INFO - [2026-04-21T04:14:38.690+0000] {dag.py:3036} INFO - Sync 1 DAGs
[2026-04-21T04:14:38.704+0000] {logging_mixin.py:188} INFO - [2026-04-21T04:14:38.704+0000] {dag.py:3823} INFO - Setting next_dagrun for example_skip_dag to 2026-04-20 00:00:00+00:00, run_after=2026-04-21 00:00:00+00:00
[2026-04-21T04:14:38.714+0000] {processor.py:183} INFO - Processing /home/airflow/.local/lib/python3.8/site-packages/airflow/example_dags/example_skip_dag.py took 0.048 seconds
[2026-04-21T04:15:09.274+0000] {processor.py:161} INFO - Started process (PID=2699) to work on /home/airflow/.local/lib/python3.8/site-packages/airflow/example_dags/example_skip_dag.py
[2026-04-21T04:15:09.283+0000] {processor.py:830} INFO - Processing file /home/airflow/.local/lib/python3.8/site-packages/airflow/example_dags/example_skip_dag.py for tasks to queue
[2026-04-21T04:15:09.286+0000] {logging_mixin.py:188} INFO - [2026-04-21T04:15:09.286+0000] {dagbag.py:538} INFO - Filling up the DagBag from /home/airflow/.local/lib/python3.8/site-packages/airflow/example_dags/example_skip_dag.py
[2026-04-21T04:15:09.296+0000] {processor.py:840} INFO - DAG(s) 'example_skip_dag' retrieved from /home/airflow/.local/lib/python3.8/site-packages/airflow/example_dags/example_skip_dag.py
[2026-04-21T04:15:09.329+0000] {logging_mixin.py:188} INFO - [2026-04-21T04:15:09.328+0000] {dag.py:3036} INFO - Sync 1 DAGs
[2026-04-21T04:15:09.362+0000] {logging_mixin.py:188} INFO - [2026-04-21T04:15:09.362+0000] {dag.py:3823} INFO - Setting next_dagrun for example_skip_dag to 2026-04-20 00:00:00+00:00, run_after=2026-04-21 00:00:00+00:00
[2026-04-21T04:15:09.387+0000] {processor.py:183} INFO - Processing /home/airflow/.local/lib/python3.8/site-packages/airflow/example_dags/example_skip_dag.py took 0.118 seconds
[2026-04-21T04:26:03.223+0000] {processor.py:161} INFO - Started process (PID=2727) to work on /home/airflow/.local/lib/python3.8/site-packages/airflow/example_dags/example_skip_dag.py
[2026-04-21T04:26:03.225+0000] {processor.py:830} INFO - Processing file /home/airflow/.local/lib/python3.8/site-packages/airflow/example_dags/example_skip_dag.py for tasks to queue
[2026-04-21T04:26:03.227+0000] {logging_mixin.py:188} INFO - [2026-04-21T04:26:03.226+0000] {dagbag.py:538} INFO - Filling up the DagBag from /home/airflow/.local/lib/python3.8/site-packages/airflow/example_dags/example_skip_dag.py
[2026-04-21T04:26:03.246+0000] {processor.py:840} INFO - DAG(s) 'example_skip_dag' retrieved from /home/airflow/.local/lib/python3.8/site-packages/airflow/example_dags/example_skip_dag.py
[2026-04-21T04:26:03.296+0000] {logging_mixin.py:188} INFO - [2026-04-21T04:26:03.296+0000] {dag.py:3036} INFO - Sync 1 DAGs
[2026-04-21T04:26:03.345+0000] {logging_mixin.py:188} INFO - [2026-04-21T04:26:03.345+0000] {dag.py:3823} INFO - Setting next_dagrun for example_skip_dag to 2026-04-20 00:00:00+00:00, run_after=2026-04-21 00:00:00+00:00
[2026-04-21T04:26:03.735+0000] {processor.py:183} INFO - Processing /home/airflow/.local/lib/python3.8/site-packages/airflow/example_dags/example_skip_dag.py took 0.520 seconds
[2026-04-21T04:26:34.244+0000] {processor.py:161} INFO - Started process (PID=2782) to work on /home/airflow/.local/lib/python3.8/site-packages/airflow/example_dags/example_skip_dag.py
[2026-04-21T04:26:34.254+0000] {processor.py:830} INFO - Processing file /home/airflow/.local/lib/python3.8/site-packages/airflow/example_dags/example_skip_dag.py for tasks to queue
[2026-04-21T04:26:34.255+0000] {logging_mixin.py:188} INFO - [2026-04-21T04:26:34.255+0000] {dagbag.py:538} INFO - Filling up the DagBag from /home/airflow/.local/lib/python3.8/site-packages/airflow/example_dags/example_skip_dag.py
[2026-04-21T04:26:34.264+0000] {processor.py:840} INFO - DAG(s) 'example_skip_dag' retrieved from /home/airflow/.local/lib/python3.8/site-packages/airflow/example_dags/example_skip_dag.py
[2026-04-21T04:26:34.294+0000] {logging_mixin.py:188} INFO - [2026-04-21T04:26:34.293+0000] {dag.py:3036} INFO - Sync 1 DAGs
[2026-04-21T04:26:34.323+0000] {logging_mixin.py:188} INFO - [2026-04-21T04:26:34.323+0000] {dag.py:3823} INFO - Setting next_dagrun for example_skip_dag to 2026-04-20 00:00:00+00:00, run_after=2026-04-21 00:00:00+00:00
[2026-04-21T04:26:34.347+0000] {processor.py:183} INFO - Processing /home/airflow/.local/lib/python3.8/site-packages/airflow/example_dags/example_skip_dag.py took 0.107 seconds
[2026-04-21T04:27:05.037+0000] {processor.py:161} INFO - Started process (PID=2837) to work on /home/airflow/.local/lib/python3.8/site-packages/airflow/example_dags/example_skip_dag.py
[2026-04-21T04:27:05.046+0000] {processor.py:830} INFO - Processing file /home/airflow/.local/lib/python3.8/site-packages/airflow/example_dags/example_skip_dag.py for tasks to queue
[2026-04-21T04:27:05.047+0000] {logging_mixin.py:188} INFO - [2026-04-21T04:27:05.047+0000] {dagbag.py:538} INFO - Filling up the DagBag from /home/airflow/.local/lib/python3.8/site-packages/airflow/example_dags/example_skip_dag.py
[2026-04-21T04:27:05.057+0000] {processor.py:840} INFO - DAG(s) 'example_skip_dag' retrieved from /home/airflow/.local/lib/python3.8/site-packages/airflow/example_dags/example_skip_dag.py
[2026-04-21T04:27:05.087+0000] {logging_mixin.py:188} INFO - [2026-04-21T04:27:05.086+0000] {dag.py:3036} INFO - Sync 1 DAGs
[2026-04-21T04:27:05.117+0000] {logging_mixin.py:188} INFO - [2026-04-21T04:27:05.116+0000] {dag.py:3823} INFO - Setting next_dagrun for example_skip_dag to 2026-04-20 00:00:00+00:00, run_after=2026-04-21 00:00:00+00:00
[2026-04-21T04:27:05.140+0000] {processor.py:183} INFO - Processing /home/airflow/.local/lib/python3.8/site-packages/airflow/example_dags/example_skip_dag.py took 0.108 seconds
[2026-04-21T04:27:35.657+0000] {processor.py:161} INFO - Started process (PID=2892) to work on /home/airflow/.local/lib/python3.8/site-packages/airflow/example_dags/example_skip_dag.py
[2026-04-21T04:27:35.666+0000] {processor.py:830} INFO - Processing file /home/airflow/.local/lib/python3.8/site-packages/airflow/example_dags/example_skip_dag.py for tasks to queue
[2026-04-21T04:27:35.667+0000] {logging_mixin.py:188} INFO - [2026-04-21T04:27:35.667+0000] {dagbag.py:538} INFO - Filling up the DagBag from /home/airflow/.local/lib/python3.8/site-packages/airflow/example_dags/example_skip_dag.py
[2026-04-21T04:27:35.677+0000] {processor.py:840} INFO - DAG(s) 'example_skip_dag' retrieved from /home/airflow/.local/lib/python3.8/site-packages/airflow/example_dags/example_skip_dag.py
[2026-04-21T04:27:35.707+0000] {logging_mixin.py:188} INFO - [2026-04-21T04:27:35.707+0000] {dag.py:3036} INFO - Sync 1 DAGs
[2026-04-21T04:27:35.736+0000] {logging_mixin.py:188} INFO - [2026-04-21T04:27:35.736+0000] {dag.py:3823} INFO - Setting next_dagrun for example_skip_dag to 2026-04-20 00:00:00+00:00, run_after=2026-04-21 00:00:00+00:00
[2026-04-21T04:27:35.760+0000] {processor.py:183} INFO - Processing /home/airflow/.local/lib/python3.8/site-packages/airflow/example_dags/example_skip_dag.py took 0.108 seconds
[2026-04-21T04:28:06.204+0000] {processor.py:161} INFO - Started process (PID=2947) to work on /home/airflow/.local/lib/python3.8/site-packages/airflow/example_dags/example_skip_dag.py
[2026-04-21T04:28:06.205+0000] {processor.py:830} INFO - Processing file /home/airflow/.local/lib/python3.8/site-packages/airflow/example_dags/example_skip_dag.py for tasks to queue
[2026-04-21T04:28:06.207+0000] {logging_mixin.py:188} INFO - [2026-04-21T04:28:06.206+0000] {dagbag.py:538} INFO - Filling up the DagBag from /home/airflow/.local/lib/python3.8/site-packages/airflow/example_dags/example_skip_dag.py
[2026-04-21T04:28:06.218+0000] {processor.py:840} INFO - DAG(s) 'example_skip_dag' retrieved from /home/airflow/.local/lib/python3.8/site-packages/airflow/example_dags/example_skip_dag.py
[2026-04-21T04:28:06.252+0000] {logging_mixin.py:188} INFO - [2026-04-21T04:28:06.251+0000] {dag.py:3036} INFO - Sync 1 DAGs
[2026-04-21T04:28:06.283+0000] {logging_mixin.py:188} INFO - [2026-04-21T04:28:06.283+0000] {dag.py:3823} INFO - Setting next_dagrun for example_skip_dag to 2026-04-20 00:00:00+00:00, run_after=2026-04-21 00:00:00+00:00
[2026-04-21T04:28:06.307+0000] {processor.py:183} INFO - Processing /home/airflow/.local/lib/python3.8/site-packages/airflow/example_dags/example_skip_dag.py took 0.108 seconds
[2026-04-21T04:28:36.868+0000] {processor.py:161} INFO - Started process (PID=3002) to work on /home/airflow/.local/lib/python3.8/site-packages/airflow/example_dags/example_skip_dag.py
[2026-04-21T04:28:36.877+0000] {processor.py:830} INFO - Processing file /home/airflow/.local/lib/python3.8/site-packages/airflow/example_dags/example_skip_dag.py for tasks to queue
[2026-04-21T04:28:36.878+0000] {logging_mixin.py:188} INFO - [2026-04-21T04:28:36.878+0000] {dagbag.py:538} INFO - Filling up the DagBag from /home/airflow/.local/lib/python3.8/site-packages/airflow/example_dags/example_skip_dag.py
[2026-04-21T04:28:36.887+0000] {processor.py:840} INFO - DAG(s) 'example_skip_dag' retrieved from /home/airflow/.local/lib/python3.8/site-packages/airflow/example_dags/example_skip_dag.py
[2026-04-21T04:28:36.918+0000] {logging_mixin.py:188} INFO - [2026-04-21T04:28:36.917+0000] {dag.py:3036} INFO - Sync 1 DAGs
[2026-04-21T04:28:36.945+0000] {logging_mixin.py:188} INFO - [2026-04-21T04:28:36.944+0000] {dag.py:3823} INFO - Setting next_dagrun for example_skip_dag to 2026-04-20 00:00:00+00:00, run_after=2026-04-21 00:00:00+00:00
[2026-04-21T04:28:36.968+0000] {processor.py:183} INFO - Processing /home/airflow/.local/lib/python3.8/site-packages/airflow/example_dags/example_skip_dag.py took 0.106 seconds
[2026-04-21T04:29:07.380+0000] {processor.py:161} INFO - Started process (PID=3057) to work on /home/airflow/.local/lib/python3.8/site-packages/airflow/example_dags/example_skip_dag.py
[2026-04-21T04:29:07.381+0000] {processor.py:830} INFO - Processing file /home/airflow/.local/lib/python3.8/site-packages/airflow/example_dags/example_skip_dag.py for tasks to queue
[2026-04-21T04:29:07.382+0000] {logging_mixin.py:188} INFO - [2026-04-21T04:29:07.382+0000] {dagbag.py:538} INFO - Filling up the DagBag from /home/airflow/.local/lib/python3.8/site-packages/airflow/example_dags/example_skip_dag.py
[2026-04-21T04:29:07.393+0000] {processor.py:840} INFO - DAG(s) 'example_skip_dag' retrieved from /home/airflow/.local/lib/python3.8/site-packages/airflow/example_dags/example_skip_dag.py
[2026-04-21T04:29:07.426+0000] {logging_mixin.py:188} INFO - [2026-04-21T04:29:07.426+0000] {dag.py:3036} INFO - Sync 1 DAGs
[2026-04-21T04:29:07.457+0000] {logging_mixin.py:188} INFO - [2026-04-21T04:29:07.456+0000] {dag.py:3823} INFO - Setting next_dagrun for example_skip_dag to 2026-04-20 00:00:00+00:00, run_after=2026-04-21 00:00:00+00:00
[2026-04-21T04:29:07.482+0000] {processor.py:183} INFO - Processing /home/airflow/.local/lib/python3.8/site-packages/airflow/example_dags/example_skip_dag.py took 0.107 seconds
[2026-04-21T04:29:37.879+0000] {processor.py:161} INFO - Started process (PID=3112) to work on /home/airflow/.local/lib/python3.8/site-packages/airflow/example_dags/example_skip_dag.py
[2026-04-21T04:29:37.889+0000] {processor.py:830} INFO - Processing file /home/airflow/.local/lib/python3.8/site-packages/airflow/example_dags/example_skip_dag.py for tasks to queue
[2026-04-21T04:29:37.890+0000] {logging_mixin.py:188} INFO - [2026-04-21T04:29:37.889+0000] {dagbag.py:538} INFO - Filling up the DagBag from /home/airflow/.local/lib/python3.8/site-packages/airflow/example_dags/example_skip_dag.py
[2026-04-21T04:29:37.899+0000] {processor.py:840} INFO - DAG(s) 'example_skip_dag' retrieved from /home/airflow/.local/lib/python3.8/site-packages/airflow/example_dags/example_skip_dag.py
[2026-04-21T04:29:37.928+0000] {logging_mixin.py:188} INFO - [2026-04-21T04:29:37.928+0000] {dag.py:3036} INFO - Sync 1 DAGs
[2026-04-21T04:29:37.957+0000] {logging_mixin.py:188} INFO - [2026-04-21T04:29:37.956+0000] {dag.py:3823} INFO - Setting next_dagrun for example_skip_dag to 2026-04-20 00:00:00+00:00, run_after=2026-04-21 00:00:00+00:00
[2026-04-21T04:29:37.980+0000] {processor.py:183} INFO - Processing /home/airflow/.local/lib/python3.8/site-packages/airflow/example_dags/example_skip_dag.py took 0.105 seconds
[2026-04-21T04:30:08.330+0000] {processor.py:161} INFO - Started process (PID=3167) to work on /home/airflow/.local/lib/python3.8/site-packages/airflow/example_dags/example_skip_dag.py
[2026-04-21T04:30:08.331+0000] {processor.py:830} INFO - Processing file /home/airflow/.local/lib/python3.8/site-packages/airflow/example_dags/example_skip_dag.py for tasks to queue
[2026-04-21T04:30:08.332+0000] {logging_mixin.py:188} INFO - [2026-04-21T04:30:08.332+0000] {dagbag.py:538} INFO - Filling up the DagBag from /home/airflow/.local/lib/python3.8/site-packages/airflow/example_dags/example_skip_dag.py
[2026-04-21T04:30:08.341+0000] {processor.py:840} INFO - DAG(s) 'example_skip_dag' retrieved from /home/airflow/.local/lib/python3.8/site-packages/airflow/example_dags/example_skip_dag.py
[2026-04-21T04:30:08.370+0000] {logging_mixin.py:188} INFO - [2026-04-21T04:30:08.370+0000] {dag.py:3036} INFO - Sync 1 DAGs
[2026-04-21T04:30:08.399+0000] {logging_mixin.py:188} INFO - [2026-04-21T04:30:08.399+0000] {dag.py:3823} INFO - Setting next_dagrun for example_skip_dag to 2026-04-20 00:00:00+00:00, run_after=2026-04-21 00:00:00+00:00
[2026-04-21T04:30:08.422+0000] {processor.py:183} INFO - Processing /home/airflow/.local/lib/python3.8/site-packages/airflow/example_dags/example_skip_dag.py took 0.096 seconds
[2026-04-21T04:30:38.749+0000] {processor.py:161} INFO - Started process (PID=3222) to work on /home/airflow/.local/lib/python3.8/site-packages/airflow/example_dags/example_skip_dag.py
[2026-04-21T04:30:38.750+0000] {processor.py:830} INFO - Processing file /home/airflow/.local/lib/python3.8/site-packages/airflow/example_dags/example_skip_dag.py for tasks to queue
[2026-04-21T04:30:38.751+0000] {logging_mixin.py:188} INFO - [2026-04-21T04:30:38.751+0000] {dagbag.py:538} INFO - Filling up the DagBag from /home/airflow/.local/lib/python3.8/site-packages/airflow/example_dags/example_skip_dag.py
[2026-04-21T04:30:38.762+0000] {processor.py:840} INFO - DAG(s) 'example_skip_dag' retrieved from /home/airflow/.local/lib/python3.8/site-packages/airflow/example_dags/example_skip_dag.py
[2026-04-21T04:30:38.795+0000] {logging_mixin.py:188} INFO - [2026-04-21T04:30:38.794+0000] {dag.py:3036} INFO - Sync 1 DAGs
[2026-04-21T04:30:38.826+0000] {logging_mixin.py:188} INFO - [2026-04-21T04:30:38.825+0000] {dag.py:3823} INFO - Setting next_dagrun for example_skip_dag to 2026-04-20 00:00:00+00:00, run_after=2026-04-21 00:00:00+00:00
[2026-04-21T04:30:38.850+0000] {processor.py:183} INFO - Processing /home/airflow/.local/lib/python3.8/site-packages/airflow/example_dags/example_skip_dag.py took 0.106 seconds
[2026-04-21T04:31:09.277+0000] {processor.py:161} INFO - Started process (PID=3277) to work on /home/airflow/.local/lib/python3.8/site-packages/airflow/example_dags/example_skip_dag.py
[2026-04-21T04:31:09.278+0000] {processor.py:830} INFO - Processing file /home/airflow/.local/lib/python3.8/site-packages/airflow/example_dags/example_skip_dag.py for tasks to queue
[2026-04-21T04:31:09.280+0000] {logging_mixin.py:188} INFO - [2026-04-21T04:31:09.279+0000] {dagbag.py:538} INFO - Filling up the DagBag from /home/airflow/.local/lib/python3.8/site-packages/airflow/example_dags/example_skip_dag.py
[2026-04-21T04:31:09.289+0000] {processor.py:840} INFO - DAG(s) 'example_skip_dag' retrieved from /home/airflow/.local/lib/python3.8/site-packages/airflow/example_dags/example_skip_dag.py
[2026-04-21T04:31:09.319+0000] {logging_mixin.py:188} INFO - [2026-04-21T04:31:09.319+0000] {dag.py:3036} INFO - Sync 1 DAGs
[2026-04-21T04:31:09.348+0000] {logging_mixin.py:188} INFO - [2026-04-21T04:31:09.347+0000] {dag.py:3823} INFO - Setting next_dagrun for example_skip_dag to 2026-04-20 00:00:00+00:00, run_after=2026-04-21 00:00:00+00:00
[2026-04-21T04:31:09.371+0000] {processor.py:183} INFO - Processing /home/airflow/.local/lib/python3.8/site-packages/airflow/example_dags/example_skip_dag.py took 0.098 seconds
[2026-04-21T04:31:39.845+0000] {processor.py:161} INFO - Started process (PID=3332) to work on /home/airflow/.local/lib/python3.8/site-packages/airflow/example_dags/example_skip_dag.py
[2026-04-21T04:31:39.854+0000] {processor.py:830} INFO - Processing file /home/airflow/.local/lib/python3.8/site-packages/airflow/example_dags/example_skip_dag.py for tasks to queue
[2026-04-21T04:31:39.855+0000] {logging_mixin.py:188} INFO - [2026-04-21T04:31:39.855+0000] {dagbag.py:538} INFO - Filling up the DagBag from /home/airflow/.local/lib/python3.8/site-packages/airflow/example_dags/example_skip_dag.py
[2026-04-21T04:31:39.865+0000] {processor.py:840} INFO - DAG(s) 'example_skip_dag' retrieved from /home/airflow/.local/lib/python3.8/site-packages/airflow/example_dags/example_skip_dag.py
[2026-04-21T04:31:39.893+0000] {logging_mixin.py:188} INFO - [2026-04-21T04:31:39.893+0000] {dag.py:3036} INFO - Sync 1 DAGs
[2026-04-21T04:31:39.921+0000] {logging_mixin.py:188} INFO - [2026-04-21T04:31:39.921+0000] {dag.py:3823} INFO - Setting next_dagrun for example_skip_dag to 2026-04-20 00:00:00+00:00, run_after=2026-04-21 00:00:00+00:00
[2026-04-21T04:31:39.944+0000] {processor.py:183} INFO - Processing /home/airflow/.local/lib/python3.8/site-packages/airflow/example_dags/example_skip_dag.py took 0.104 seconds
[2026-04-21T04:32:10.414+0000] {processor.py:161} INFO - Started process (PID=3387) to work on /home/airflow/.local/lib/python3.8/site-packages/airflow/example_dags/example_skip_dag.py
[2026-04-21T04:32:10.415+0000] {processor.py:830} INFO - Processing file /home/airflow/.local/lib/python3.8/site-packages/airflow/example_dags/example_skip_dag.py for tasks to queue
[2026-04-21T04:32:10.416+0000] {logging_mixin.py:188} INFO - [2026-04-21T04:32:10.416+0000] {dagbag.py:538} INFO - Filling up the DagBag from /home/airflow/.local/lib/python3.8/site-packages/airflow/example_dags/example_skip_dag.py
[2026-04-21T04:32:10.426+0000] {processor.py:840} INFO - DAG(s) 'example_skip_dag' retrieved from /home/airflow/.local/lib/python3.8/site-packages/airflow/example_dags/example_skip_dag.py
[2026-04-21T04:32:10.456+0000] {logging_mixin.py:188} INFO - [2026-04-21T04:32:10.455+0000] {dag.py:3036} INFO - Sync 1 DAGs
[2026-04-21T04:32:10.485+0000] {logging_mixin.py:188} INFO - [2026-04-21T04:32:10.484+0000] {dag.py:3823} INFO - Setting next_dagrun for example_skip_dag to 2026-04-20 00:00:00+00:00, run_after=2026-04-21 00:00:00+00:00
[2026-04-21T04:32:10.508+0000] {processor.py:183} INFO - Processing /home/airflow/.local/lib/python3.8/site-packages/airflow/example_dags/example_skip_dag.py took 0.099 seconds
[2026-04-21T04:32:40.930+0000] {processor.py:161} INFO - Started process (PID=3442) to work on /home/airflow/.local/lib/python3.8/site-packages/airflow/example_dags/example_skip_dag.py
[2026-04-21T04:32:40.939+0000] {processor.py:830} INFO - Processing file /home/airflow/.local/lib/python3.8/site-packages/airflow/example_dags/example_skip_dag.py for tasks to queue
[2026-04-21T04:32:40.940+0000] {logging_mixin.py:188} INFO - [2026-04-21T04:32:40.940+0000] {dagbag.py:538} INFO - Filling up the DagBag from /home/airflow/.local/lib/python3.8/site-packages/airflow/example_dags/example_skip_dag.py
[2026-04-21T04:32:40.949+0000] {processor.py:840} INFO - DAG(s) 'example_skip_dag' retrieved from /home/airflow/.local/lib/python3.8/site-packages/airflow/example_dags/example_skip_dag.py
[2026-04-21T04:32:40.980+0000] {logging_mixin.py:188} INFO - [2026-04-21T04:32:40.979+0000] {dag.py:3036} INFO - Sync 1 DAGs
[2026-04-21T04:32:41.010+0000] {logging_mixin.py:188} INFO - [2026-04-21T04:32:41.009+0000] {dag.py:3823} INFO - Setting next_dagrun for example_skip_dag to 2026-04-20 00:00:00+00:00, run_after=2026-04-21 00:00:00+00:00
[2026-04-21T04:32:41.037+0000] {processor.py:183} INFO - Processing /home/airflow/.local/lib/python3.8/site-packages/airflow/example_dags/example_skip_dag.py took 0.111 seconds
[2026-04-21T04:33:11.636+0000] {processor.py:161} INFO - Started process (PID=3497) to work on /home/airflow/.local/lib/python3.8/site-packages/airflow/example_dags/example_skip_dag.py
[2026-04-21T04:33:11.637+0000] {processor.py:830} INFO - Processing file /home/airflow/.local/lib/python3.8/site-packages/airflow/example_dags/example_skip_dag.py for tasks to queue
[2026-04-21T04:33:11.638+0000] {logging_mixin.py:188} INFO - [2026-04-21T04:33:11.638+0000] {dagbag.py:538} INFO - Filling up the DagBag from /home/airflow/.local/lib/python3.8/site-packages/airflow/example_dags/example_skip_dag.py
[2026-04-21T04:33:11.647+0000] {processor.py:840} INFO - DAG(s) 'example_skip_dag' retrieved from /home/airflow/.local/lib/python3.8/site-packages/airflow/example_dags/example_skip_dag.py
[2026-04-21T04:33:11.676+0000] {logging_mixin.py:188} INFO - [2026-04-21T04:33:11.676+0000] {dag.py:3036} INFO - Sync 1 DAGs
[2026-04-21T04:33:11.705+0000] {logging_mixin.py:188} INFO - [2026-04-21T04:33:11.705+0000] {dag.py:3823} INFO - Setting next_dagrun for example_skip_dag to 2026-04-20 00:00:00+00:00, run_after=2026-04-21 00:00:00+00:00
[2026-04-21T04:33:11.730+0000] {processor.py:183} INFO - Processing /home/airflow/.local/lib/python3.8/site-packages/airflow/example_dags/example_skip_dag.py took 0.098 seconds
[2026-04-21T04:33:42.116+0000] {processor.py:161} INFO - Started process (PID=3552) to work on /home/airflow/.local/lib/python3.8/site-packages/airflow/example_dags/example_skip_dag.py
[2026-04-21T04:33:42.125+0000] {processor.py:830} INFO - Processing file /home/airflow/.local/lib/python3.8/site-packages/airflow/example_dags/example_skip_dag.py for tasks to queue
[2026-04-21T04:33:42.126+0000] {logging_mixin.py:188} INFO - [2026-04-21T04:33:42.126+0000] {dagbag.py:538} INFO - Filling up the DagBag from /home/airflow/.local/lib/python3.8/site-packages/airflow/example_dags/example_skip_dag.py
[2026-04-21T04:33:42.135+0000] {processor.py:840} INFO - DAG(s) 'example_skip_dag' retrieved from /home/airflow/.local/lib/python3.8/site-packages/airflow/example_dags/example_skip_dag.py
[2026-04-21T04:33:42.166+0000] {logging_mixin.py:188} INFO - [2026-04-21T04:33:42.166+0000] {dag.py:3036} INFO - Sync 1 DAGs
[2026-04-21T04:33:42.195+0000] {logging_mixin.py:188} INFO - [2026-04-21T04:33:42.195+0000] {dag.py:3823} INFO - Setting next_dagrun for example_skip_dag to 2026-04-20 00:00:00+00:00, run_after=2026-04-21 00:00:00+00:00
[2026-04-21T04:33:42.220+0000] {processor.py:183} INFO - Processing /home/airflow/.local/lib/python3.8/site-packages/airflow/example_dags/example_skip_dag.py took 0.109 seconds
[2026-04-21T04:34:12.456+0000] {processor.py:161} INFO - Started process (PID=3607) to work on /home/airflow/.local/lib/python3.8/site-packages/airflow/example_dags/example_skip_dag.py
[2026-04-21T04:34:12.458+0000] {processor.py:830} INFO - Processing file /home/airflow/.local/lib/python3.8/site-packages/airflow/example_dags/example_skip_dag.py for tasks to queue
[2026-04-21T04:34:12.459+0000] {logging_mixin.py:188} INFO - [2026-04-21T04:34:12.459+0000] {dagbag.py:538} INFO - Filling up the DagBag from /home/airflow/.local/lib/python3.8/site-packages/airflow/example_dags/example_skip_dag.py
[2026-04-21T04:34:12.469+0000] {processor.py:840} INFO - DAG(s) 'example_skip_dag' retrieved from /home/airflow/.local/lib/python3.8/site-packages/airflow/example_dags/example_skip_dag.py
[2026-04-21T04:34:12.499+0000] {logging_mixin.py:188} INFO - [2026-04-21T04:34:12.498+0000] {dag.py:3036} INFO - Sync 1 DAGs
[2026-04-21T04:34:12.527+0000] {logging_mixin.py:188} INFO - [2026-04-21T04:34:12.527+0000] {dag.py:3823} INFO - Setting next_dagrun for example_skip_dag to 2026-04-20 00:00:00+00:00, run_after=2026-04-21 00:00:00+00:00
[2026-04-21T04:34:12.552+0000] {processor.py:183} INFO - Processing /home/airflow/.local/lib/python3.8/site-packages/airflow/example_dags/example_skip_dag.py took 0.100 seconds
[2026-04-21T04:34:42.649+0000] {processor.py:161} INFO - Started process (PID=3662) to work on /home/airflow/.local/lib/python3.8/site-packages/airflow/example_dags/example_skip_dag.py
[2026-04-21T04:34:42.658+0000] {processor.py:830} INFO - Processing file /home/airflow/.local/lib/python3.8/site-packages/airflow/example_dags/example_skip_dag.py for tasks to queue
[2026-04-21T04:34:42.659+0000] {logging_mixin.py:188} INFO - [2026-04-21T04:34:42.659+0000] {dagbag.py:538} INFO - Filling up the DagBag from /home/airflow/.local/lib/python3.8/site-packages/airflow/example_dags/example_skip_dag.py
[2026-04-21T04:34:42.669+0000] {processor.py:840} INFO - DAG(s) 'example_skip_dag' retrieved from /home/airflow/.local/lib/python3.8/site-packages/airflow/example_dags/example_skip_dag.py
[2026-04-21T04:34:42.698+0000] {logging_mixin.py:188} INFO - [2026-04-21T04:34:42.698+0000] {dag.py:3036} INFO - Sync 1 DAGs
[2026-04-21T04:34:42.726+0000] {logging_mixin.py:188} INFO - [2026-04-21T04:34:42.725+0000] {dag.py:3823} INFO - Setting next_dagrun for example_skip_dag to 2026-04-20 00:00:00+00:00, run_after=2026-04-21 00:00:00+00:00
[2026-04-21T04:34:42.748+0000] {processor.py:183} INFO - Processing /home/airflow/.local/lib/python3.8/site-packages/airflow/example_dags/example_skip_dag.py took 0.104 seconds
[2026-04-21T04:35:13.014+0000] {processor.py:161} INFO - Started process (PID=3717) to work on /home/airflow/.local/lib/python3.8/site-packages/airflow/example_dags/example_skip_dag.py
[2026-04-21T04:35:13.023+0000] {processor.py:830} INFO - Processing file /home/airflow/.local/lib/python3.8/site-packages/airflow/example_dags/example_skip_dag.py for tasks to queue
[2026-04-21T04:35:13.025+0000] {logging_mixin.py:188} INFO - [2026-04-21T04:35:13.025+0000] {dagbag.py:538} INFO - Filling up the DagBag from /home/airflow/.local/lib/python3.8/site-packages/airflow/example_dags/example_skip_dag.py
[2026-04-21T04:35:13.035+0000] {processor.py:840} INFO - DAG(s) 'example_skip_dag' retrieved from /home/airflow/.local/lib/python3.8/site-packages/airflow/example_dags/example_skip_dag.py
[2026-04-21T04:35:13.070+0000] {logging_mixin.py:188} INFO - [2026-04-21T04:35:13.069+0000] {dag.py:3036} INFO - Sync 1 DAGs
[2026-04-21T04:35:13.102+0000] {logging_mixin.py:188} INFO - [2026-04-21T04:35:13.101+0000] {dag.py:3823} INFO - Setting next_dagrun for example_skip_dag to 2026-04-20 00:00:00+00:00, run_after=2026-04-21 00:00:00+00:00
[2026-04-21T04:35:13.127+0000] {processor.py:183} INFO - Processing /home/airflow/.local/lib/python3.8/site-packages/airflow/example_dags/example_skip_dag.py took 0.118 seconds
[2026-04-21T04:35:43.372+0000] {processor.py:161} INFO - Started process (PID=3772) to work on /home/airflow/.local/lib/python3.8/site-packages/airflow/example_dags/example_skip_dag.py
[2026-04-21T04:35:43.381+0000] {processor.py:830} INFO - Processing file /home/airflow/.local/lib/python3.8/site-packages/airflow/example_dags/example_skip_dag.py for tasks to queue
[2026-04-21T04:35:43.383+0000] {logging_mixin.py:188} INFO - [2026-04-21T04:35:43.382+0000] {dagbag.py:538} INFO - Filling up the DagBag from /home/airflow/.local/lib/python3.8/site-packages/airflow/example_dags/example_skip_dag.py
[2026-04-21T04:35:43.393+0000] {processor.py:840} INFO - DAG(s) 'example_skip_dag' retrieved from /home/airflow/.local/lib/python3.8/site-packages/airflow/example_dags/example_skip_dag.py
[2026-04-21T04:35:43.426+0000] {logging_mixin.py:188} INFO - [2026-04-21T04:35:43.426+0000] {dag.py:3036} INFO - Sync 1 DAGs
[2026-04-21T04:35:43.456+0000] {logging_mixin.py:188} INFO - [2026-04-21T04:35:43.455+0000] {dag.py:3823} INFO - Setting next_dagrun for example_skip_dag to 2026-04-20 00:00:00+00:00, run_after=2026-04-21 00:00:00+00:00
[2026-04-21T04:35:43.478+0000] {processor.py:183} INFO - Processing /home/airflow/.local/lib/python3.8/site-packages/airflow/example_dags/example_skip_dag.py took 0.111 seconds
[2026-04-21T04:36:13.900+0000] {processor.py:161} INFO - Started process (PID=3827) to work on /home/airflow/.local/lib/python3.8/site-packages/airflow/example_dags/example_skip_dag.py
[2026-04-21T04:36:13.910+0000] {processor.py:830} INFO - Processing file /home/airflow/.local/lib/python3.8/site-packages/airflow/example_dags/example_skip_dag.py for tasks to queue
[2026-04-21T04:36:13.911+0000] {logging_mixin.py:188} INFO - [2026-04-21T04:36:13.911+0000] {dagbag.py:538} INFO - Filling up the DagBag from /home/airflow/.local/lib/python3.8/site-packages/airflow/example_dags/example_skip_dag.py
[2026-04-21T04:36:13.922+0000] {processor.py:840} INFO - DAG(s) 'example_skip_dag' retrieved from /home/airflow/.local/lib/python3.8/site-packages/airflow/example_dags/example_skip_dag.py
[2026-04-21T04:36:13.953+0000] {logging_mixin.py:188} INFO - [2026-04-21T04:36:13.953+0000] {dag.py:3036} INFO - Sync 1 DAGs
[2026-04-21T04:36:13.984+0000] {logging_mixin.py:188} INFO - [2026-04-21T04:36:13.984+0000] {dag.py:3823} INFO - Setting next_dagrun for example_skip_dag to 2026-04-20 00:00:00+00:00, run_after=2026-04-21 00:00:00+00:00
[2026-04-21T04:36:14.012+0000] {processor.py:183} INFO - Processing /home/airflow/.local/lib/python3.8/site-packages/airflow/example_dags/example_skip_dag.py took 0.118 seconds
[2026-04-21T04:36:44.075+0000] {processor.py:161} INFO - Started process (PID=3882) to work on /home/airflow/.local/lib/python3.8/site-packages/airflow/example_dags/example_skip_dag.py
[2026-04-21T04:36:44.084+0000] {processor.py:830} INFO - Processing file /home/airflow/.local/lib/python3.8/site-packages/airflow/example_dags/example_skip_dag.py for tasks to queue
[2026-04-21T04:36:44.085+0000] {logging_mixin.py:188} INFO - [2026-04-21T04:36:44.085+0000] {dagbag.py:538} INFO - Filling up the DagBag from /home/airflow/.local/lib/python3.8/site-packages/airflow/example_dags/example_skip_dag.py
[2026-04-21T04:36:44.095+0000] {processor.py:840} INFO - DAG(s) 'example_skip_dag' retrieved from /home/airflow/.local/lib/python3.8/site-packages/airflow/example_dags/example_skip_dag.py
[2026-04-21T04:36:44.127+0000] {logging_mixin.py:188} INFO - [2026-04-21T04:36:44.127+0000] {dag.py:3036} INFO - Sync 1 DAGs
[2026-04-21T04:36:44.160+0000] {logging_mixin.py:188} INFO - [2026-04-21T04:36:44.159+0000] {dag.py:3823} INFO - Setting next_dagrun for example_skip_dag to 2026-04-20 00:00:00+00:00, run_after=2026-04-21 00:00:00+00:00
[2026-04-21T04:36:44.185+0000] {processor.py:183} INFO - Processing /home/airflow/.local/lib/python3.8/site-packages/airflow/example_dags/example_skip_dag.py took 0.115 seconds
[2026-04-21T04:37:14.237+0000] {processor.py:161} INFO - Started process (PID=3937) to work on /home/airflow/.local/lib/python3.8/site-packages/airflow/example_dags/example_skip_dag.py
[2026-04-21T04:37:14.246+0000] {processor.py:830} INFO - Processing file /home/airflow/.local/lib/python3.8/site-packages/airflow/example_dags/example_skip_dag.py for tasks to queue
[2026-04-21T04:37:14.247+0000] {logging_mixin.py:188} INFO - [2026-04-21T04:37:14.247+0000] {dagbag.py:538} INFO - Filling up the DagBag from /home/airflow/.local/lib/python3.8/site-packages/airflow/example_dags/example_skip_dag.py
[2026-04-21T04:37:14.257+0000] {processor.py:840} INFO - DAG(s) 'example_skip_dag' retrieved from /home/airflow/.local/lib/python3.8/site-packages/airflow/example_dags/example_skip_dag.py
[2026-04-21T04:37:14.285+0000] {logging_mixin.py:188} INFO - [2026-04-21T04:37:14.285+0000] {dag.py:3036} INFO - Sync 1 DAGs
[2026-04-21T04:37:14.316+0000] {logging_mixin.py:188} INFO - [2026-04-21T04:37:14.316+0000] {dag.py:3823} INFO - Setting next_dagrun for example_skip_dag to 2026-04-20 00:00:00+00:00, run_after=2026-04-21 00:00:00+00:00
[2026-04-21T04:37:14.337+0000] {processor.py:183} INFO - Processing /home/airflow/.local/lib/python3.8/site-packages/airflow/example_dags/example_skip_dag.py took 0.105 seconds
[2026-04-21T04:37:44.616+0000] {processor.py:161} INFO - Started process (PID=3998) to work on /home/airflow/.local/lib/python3.8/site-packages/airflow/example_dags/example_skip_dag.py
[2026-04-21T04:37:44.625+0000] {processor.py:830} INFO - Processing file /home/airflow/.local/lib/python3.8/site-packages/airflow/example_dags/example_skip_dag.py for tasks to queue
[2026-04-21T04:37:44.627+0000] {logging_mixin.py:188} INFO - [2026-04-21T04:37:44.626+0000] {dagbag.py:538} INFO - Filling up the DagBag from /home/airflow/.local/lib/python3.8/site-packages/airflow/example_dags/example_skip_dag.py
[2026-04-21T04:37:44.636+0000] {processor.py:840} INFO - DAG(s) 'example_skip_dag' retrieved from /home/airflow/.local/lib/python3.8/site-packages/airflow/example_dags/example_skip_dag.py
[2026-04-21T04:37:44.669+0000] {logging_mixin.py:188} INFO - [2026-04-21T04:37:44.668+0000] {dag.py:3036} INFO - Sync 1 DAGs
[2026-04-21T04:37:44.701+0000] {logging_mixin.py:188} INFO - [2026-04-21T04:37:44.701+0000] {dag.py:3823} INFO - Setting next_dagrun for example_skip_dag to 2026-04-20 00:00:00+00:00, run_after=2026-04-21 00:00:00+00:00
[2026-04-21T04:37:44.726+0000] {processor.py:183} INFO - Processing /home/airflow/.local/lib/python3.8/site-packages/airflow/example_dags/example_skip_dag.py took 0.115 seconds
[2026-04-21T04:38:15.083+0000] {processor.py:161} INFO - Started process (PID=4053) to work on /home/airflow/.local/lib/python3.8/site-packages/airflow/example_dags/example_skip_dag.py
[2026-04-21T04:38:15.092+0000] {processor.py:830} INFO - Processing file /home/airflow/.local/lib/python3.8/site-packages/airflow/example_dags/example_skip_dag.py for tasks to queue
[2026-04-21T04:38:15.094+0000] {logging_mixin.py:188} INFO - [2026-04-21T04:38:15.093+0000] {dagbag.py:538} INFO - Filling up the DagBag from /home/airflow/.local/lib/python3.8/site-packages/airflow/example_dags/example_skip_dag.py
[2026-04-21T04:38:15.104+0000] {processor.py:840} INFO - DAG(s) 'example_skip_dag' retrieved from /home/airflow/.local/lib/python3.8/site-packages/airflow/example_dags/example_skip_dag.py
[2026-04-21T04:38:15.134+0000] {logging_mixin.py:188} INFO - [2026-04-21T04:38:15.134+0000] {dag.py:3036} INFO - Sync 1 DAGs
[2026-04-21T04:38:15.163+0000] {logging_mixin.py:188} INFO - [2026-04-21T04:38:15.163+0000] {dag.py:3823} INFO - Setting next_dagrun for example_skip_dag to 2026-04-20 00:00:00+00:00, run_after=2026-04-21 00:00:00+00:00
[2026-04-21T04:38:15.185+0000] {processor.py:183} INFO - Processing /home/airflow/.local/lib/python3.8/site-packages/airflow/example_dags/example_skip_dag.py took 0.107 seconds
[2026-04-21T04:38:45.512+0000] {processor.py:161} INFO - Started process (PID=4108) to work on /home/airflow/.local/lib/python3.8/site-packages/airflow/example_dags/example_skip_dag.py
[2026-04-21T04:38:45.513+0000] {processor.py:830} INFO - Processing file /home/airflow/.local/lib/python3.8/site-packages/airflow/example_dags/example_skip_dag.py for tasks to queue
[2026-04-21T04:38:45.514+0000] {logging_mixin.py:188} INFO - [2026-04-21T04:38:45.514+0000] {dagbag.py:538} INFO - Filling up the DagBag from /home/airflow/.local/lib/python3.8/site-packages/airflow/example_dags/example_skip_dag.py
[2026-04-21T04:38:45.523+0000] {processor.py:840} INFO - DAG(s) 'example_skip_dag' retrieved from /home/airflow/.local/lib/python3.8/site-packages/airflow/example_dags/example_skip_dag.py
[2026-04-21T04:38:45.551+0000] {logging_mixin.py:188} INFO - [2026-04-21T04:38:45.551+0000] {dag.py:3036} INFO - Sync 1 DAGs
[2026-04-21T04:38:45.580+0000] {logging_mixin.py:188} INFO - [2026-04-21T04:38:45.580+0000] {dag.py:3823} INFO - Setting next_dagrun for example_skip_dag to 2026-04-20 00:00:00+00:00, run_after=2026-04-21 00:00:00+00:00
[2026-04-21T04:38:45.601+0000] {processor.py:183} INFO - Processing /home/airflow/.local/lib/python3.8/site-packages/airflow/example_dags/example_skip_dag.py took 0.093 seconds
[2026-04-21T04:39:15.914+0000] {processor.py:161} INFO - Started process (PID=4163) to work on /home/airflow/.local/lib/python3.8/site-packages/airflow/example_dags/example_skip_dag.py
[2026-04-21T04:39:15.923+0000] {processor.py:830} INFO - Processing file /home/airflow/.local/lib/python3.8/site-packages/airflow/example_dags/example_skip_dag.py for tasks to queue
[2026-04-21T04:39:15.925+0000] {logging_mixin.py:188} INFO - [2026-04-21T04:39:15.924+0000] {dagbag.py:538} INFO - Filling up the DagBag from /home/airflow/.local/lib/python3.8/site-packages/airflow/example_dags/example_skip_dag.py
[2026-04-21T04:39:15.934+0000] {processor.py:840} INFO - DAG(s) 'example_skip_dag' retrieved from /home/airflow/.local/lib/python3.8/site-packages/airflow/example_dags/example_skip_dag.py
[2026-04-21T04:39:15.964+0000] {logging_mixin.py:188} INFO - [2026-04-21T04:39:15.964+0000] {dag.py:3036} INFO - Sync 1 DAGs
[2026-04-21T04:39:15.992+0000] {logging_mixin.py:188} INFO - [2026-04-21T04:39:15.992+0000] {dag.py:3823} INFO - Setting next_dagrun for example_skip_dag to 2026-04-20 00:00:00+00:00, run_after=2026-04-21 00:00:00+00:00
[2026-04-21T04:39:16.016+0000] {processor.py:183} INFO - Processing /home/airflow/.local/lib/python3.8/site-packages/airflow/example_dags/example_skip_dag.py took 0.107 seconds
[2026-04-21T04:39:46.189+0000] {processor.py:161} INFO - Started process (PID=4218) to work on /home/airflow/.local/lib/python3.8/site-packages/airflow/example_dags/example_skip_dag.py
[2026-04-21T04:39:46.190+0000] {processor.py:830} INFO - Processing file /home/airflow/.local/lib/python3.8/site-packages/airflow/example_dags/example_skip_dag.py for tasks to queue
[2026-04-21T04:39:46.191+0000] {logging_mixin.py:188} INFO - [2026-04-21T04:39:46.191+0000] {dagbag.py:538} INFO - Filling up the DagBag from /home/airflow/.local/lib/python3.8/site-packages/airflow/example_dags/example_skip_dag.py
[2026-04-21T04:39:46.200+0000] {processor.py:840} INFO - DAG(s) 'example_skip_dag' retrieved from /home/airflow/.local/lib/python3.8/site-packages/airflow/example_dags/example_skip_dag.py
[2026-04-21T04:39:46.230+0000] {logging_mixin.py:188} INFO - [2026-04-21T04:39:46.230+0000] {dag.py:3036} INFO - Sync 1 DAGs
[2026-04-21T04:39:46.258+0000] {logging_mixin.py:188} INFO - [2026-04-21T04:39:46.258+0000] {dag.py:3823} INFO - Setting next_dagrun for example_skip_dag to 2026-04-20 00:00:00+00:00, run_after=2026-04-21 00:00:00+00:00
[2026-04-21T04:39:46.281+0000] {processor.py:183} INFO - Processing /home/airflow/.local/lib/python3.8/site-packages/airflow/example_dags/example_skip_dag.py took 0.096 seconds
[2026-04-21T04:40:16.645+0000] {processor.py:161} INFO - Started process (PID=4273) to work on /home/airflow/.local/lib/python3.8/site-packages/airflow/example_dags/example_skip_dag.py
[2026-04-21T04:40:16.654+0000] {processor.py:830} INFO - Processing file /home/airflow/.local/lib/python3.8/site-packages/airflow/example_dags/example_skip_dag.py for tasks to queue
[2026-04-21T04:40:16.656+0000] {logging_mixin.py:188} INFO - [2026-04-21T04:40:16.655+0000] {dagbag.py:538} INFO - Filling up the DagBag from /home/airflow/.local/lib/python3.8/site-packages/airflow/example_dags/example_skip_dag.py
[2026-04-21T04:40:16.665+0000] {processor.py:840} INFO - DAG(s) 'example_skip_dag' retrieved from /home/airflow/.local/lib/python3.8/site-packages/airflow/example_dags/example_skip_dag.py
[2026-04-21T04:40:16.694+0000] {logging_mixin.py:188} INFO - [2026-04-21T04:40:16.694+0000] {dag.py:3036} INFO - Sync 1 DAGs
[2026-04-21T04:40:16.722+0000] {logging_mixin.py:188} INFO - [2026-04-21T04:40:16.722+0000] {dag.py:3823} INFO - Setting next_dagrun for example_skip_dag to 2026-04-20 00:00:00+00:00, run_after=2026-04-21 00:00:00+00:00
[2026-04-21T04:40:16.747+0000] {processor.py:183} INFO - Processing /home/airflow/.local/lib/python3.8/site-packages/airflow/example_dags/example_skip_dag.py took 0.107 seconds
[2026-04-21T04:40:47.175+0000] {processor.py:161} INFO - Started process (PID=4328) to work on /home/airflow/.local/lib/python3.8/site-packages/airflow/example_dags/example_skip_dag.py
[2026-04-21T04:40:47.185+0000] {processor.py:830} INFO - Processing file /home/airflow/.local/lib/python3.8/site-packages/airflow/example_dags/example_skip_dag.py for tasks to queue
[2026-04-21T04:40:47.186+0000] {logging_mixin.py:188} INFO - [2026-04-21T04:40:47.186+0000] {dagbag.py:538} INFO - Filling up the DagBag from /home/airflow/.local/lib/python3.8/site-packages/airflow/example_dags/example_skip_dag.py
[2026-04-21T04:40:47.197+0000] {processor.py:840} INFO - DAG(s) 'example_skip_dag' retrieved from /home/airflow/.local/lib/python3.8/site-packages/airflow/example_dags/example_skip_dag.py
[2026-04-21T04:40:47.230+0000] {logging_mixin.py:188} INFO - [2026-04-21T04:40:47.229+0000] {dag.py:3036} INFO - Sync 1 DAGs
[2026-04-21T04:40:47.260+0000] {logging_mixin.py:188} INFO - [2026-04-21T04:40:47.260+0000] {dag.py:3823} INFO - Setting next_dagrun for example_skip_dag to 2026-04-20 00:00:00+00:00, run_after=2026-04-21 00:00:00+00:00
[2026-04-21T04:40:47.284+0000] {processor.py:183} INFO - Processing /home/airflow/.local/lib/python3.8/site-packages/airflow/example_dags/example_skip_dag.py took 0.114 seconds
[2026-04-21T04:41:17.485+0000] {processor.py:161} INFO - Started process (PID=4383) to work on /home/airflow/.local/lib/python3.8/site-packages/airflow/example_dags/example_skip_dag.py
[2026-04-21T04:41:17.494+0000] {processor.py:830} INFO - Processing file /home/airflow/.local/lib/python3.8/site-packages/airflow/example_dags/example_skip_dag.py for tasks to queue
[2026-04-21T04:41:17.496+0000] {logging_mixin.py:188} INFO - [2026-04-21T04:41:17.495+0000] {dagbag.py:538} INFO - Filling up the DagBag from /home/airflow/.local/lib/python3.8/site-packages/airflow/example_dags/example_skip_dag.py
[2026-04-21T04:41:17.506+0000] {processor.py:840} INFO - DAG(s) 'example_skip_dag' retrieved from /home/airflow/.local/lib/python3.8/site-packages/airflow/example_dags/example_skip_dag.py
[2026-04-21T04:41:17.539+0000] {logging_mixin.py:188} INFO - [2026-04-21T04:41:17.539+0000] {dag.py:3036} INFO - Sync 1 DAGs
[2026-04-21T04:41:17.569+0000] {logging_mixin.py:188} INFO - [2026-04-21T04:41:17.569+0000] {dag.py:3823} INFO - Setting next_dagrun for example_skip_dag to 2026-04-20 00:00:00+00:00, run_after=2026-04-21 00:00:00+00:00
[2026-04-21T04:41:17.593+0000] {processor.py:183} INFO - Processing /home/airflow/.local/lib/python3.8/site-packages/airflow/example_dags/example_skip_dag.py took 0.113 seconds
[2026-04-21T04:41:48.129+0000] {processor.py:161} INFO - Started process (PID=4438) to work on /home/airflow/.local/lib/python3.8/site-packages/airflow/example_dags/example_skip_dag.py
[2026-04-21T04:41:48.131+0000] {processor.py:830} INFO - Processing file /home/airflow/.local/lib/python3.8/site-packages/airflow/example_dags/example_skip_dag.py for tasks to queue
[2026-04-21T04:41:48.132+0000] {logging_mixin.py:188} INFO - [2026-04-21T04:41:48.132+0000] {dagbag.py:538} INFO - Filling up the DagBag from /home/airflow/.local/lib/python3.8/site-packages/airflow/example_dags/example_skip_dag.py
[2026-04-21T04:41:48.142+0000] {processor.py:840} INFO - DAG(s) 'example_skip_dag' retrieved from /home/airflow/.local/lib/python3.8/site-packages/airflow/example_dags/example_skip_dag.py
[2026-04-21T04:41:48.171+0000] {logging_mixin.py:188} INFO - [2026-04-21T04:41:48.171+0000] {dag.py:3036} INFO - Sync 1 DAGs
[2026-04-21T04:41:48.201+0000] {logging_mixin.py:188} INFO - [2026-04-21T04:41:48.200+0000] {dag.py:3823} INFO - Setting next_dagrun for example_skip_dag to 2026-04-20 00:00:00+00:00, run_after=2026-04-21 00:00:00+00:00
[2026-04-21T04:41:48.225+0000] {processor.py:183} INFO - Processing /home/airflow/.local/lib/python3.8/site-packages/airflow/example_dags/example_skip_dag.py took 0.100 seconds
[2026-04-21T04:42:18.567+0000] {processor.py:161} INFO - Started process (PID=4493) to work on /home/airflow/.local/lib/python3.8/site-packages/airflow/example_dags/example_skip_dag.py
[2026-04-21T04:42:18.576+0000] {processor.py:830} INFO - Processing file /home/airflow/.local/lib/python3.8/site-packages/airflow/example_dags/example_skip_dag.py for tasks to queue
[2026-04-21T04:42:18.578+0000] {logging_mixin.py:188} INFO - [2026-04-21T04:42:18.577+0000] {dagbag.py:538} INFO - Filling up the DagBag from /home/airflow/.local/lib/python3.8/site-packages/airflow/example_dags/example_skip_dag.py
[2026-04-21T04:42:18.588+0000] {processor.py:840} INFO - DAG(s) 'example_skip_dag' retrieved from /home/airflow/.local/lib/python3.8/site-packages/airflow/example_dags/example_skip_dag.py
[2026-04-21T04:42:18.622+0000] {logging_mixin.py:188} INFO - [2026-04-21T04:42:18.621+0000] {dag.py:3036} INFO - Sync 1 DAGs
[2026-04-21T04:42:18.652+0000] {logging_mixin.py:188} INFO - [2026-04-21T04:42:18.651+0000] {dag.py:3823} INFO - Setting next_dagrun for example_skip_dag to 2026-04-20 00:00:00+00:00, run_after=2026-04-21 00:00:00+00:00
[2026-04-21T04:42:18.676+0000] {processor.py:183} INFO - Processing /home/airflow/.local/lib/python3.8/site-packages/airflow/example_dags/example_skip_dag.py took 0.113 seconds
[2026-04-21T04:42:48.885+0000] {processor.py:161} INFO - Started process (PID=4548) to work on /home/airflow/.local/lib/python3.8/site-packages/airflow/example_dags/example_skip_dag.py
[2026-04-21T04:42:48.895+0000] {processor.py:830} INFO - Processing file /home/airflow/.local/lib/python3.8/site-packages/airflow/example_dags/example_skip_dag.py for tasks to queue
[2026-04-21T04:42:48.896+0000] {logging_mixin.py:188} INFO - [2026-04-21T04:42:48.895+0000] {dagbag.py:538} INFO - Filling up the DagBag from /home/airflow/.local/lib/python3.8/site-packages/airflow/example_dags/example_skip_dag.py
[2026-04-21T04:42:48.905+0000] {processor.py:840} INFO - DAG(s) 'example_skip_dag' retrieved from /home/airflow/.local/lib/python3.8/site-packages/airflow/example_dags/example_skip_dag.py
[2026-04-21T04:42:48.935+0000] {logging_mixin.py:188} INFO - [2026-04-21T04:42:48.935+0000] {dag.py:3036} INFO - Sync 1 DAGs
[2026-04-21T04:42:48.964+0000] {logging_mixin.py:188} INFO - [2026-04-21T04:42:48.964+0000] {dag.py:3823} INFO - Setting next_dagrun for example_skip_dag to 2026-04-20 00:00:00+00:00, run_after=2026-04-21 00:00:00+00:00
[2026-04-21T04:42:48.989+0000] {processor.py:183} INFO - Processing /home/airflow/.local/lib/python3.8/site-packages/airflow/example_dags/example_skip_dag.py took 0.108 seconds
[2026-04-21T04:43:19.172+0000] {processor.py:161} INFO - Started process (PID=4603) to work on /home/airflow/.local/lib/python3.8/site-packages/airflow/example_dags/example_skip_dag.py
[2026-04-21T04:43:19.181+0000] {processor.py:830} INFO - Processing file /home/airflow/.local/lib/python3.8/site-packages/airflow/example_dags/example_skip_dag.py for tasks to queue
[2026-04-21T04:43:19.182+0000] {logging_mixin.py:188} INFO - [2026-04-21T04:43:19.182+0000] {dagbag.py:538} INFO - Filling up the DagBag from /home/airflow/.local/lib/python3.8/site-packages/airflow/example_dags/example_skip_dag.py
[2026-04-21T04:43:19.191+0000] {processor.py:840} INFO - DAG(s) 'example_skip_dag' retrieved from /home/airflow/.local/lib/python3.8/site-packages/airflow/example_dags/example_skip_dag.py
[2026-04-21T04:43:19.220+0000] {logging_mixin.py:188} INFO - [2026-04-21T04:43:19.220+0000] {dag.py:3036} INFO - Sync 1 DAGs
[2026-04-21T04:43:19.249+0000] {logging_mixin.py:188} INFO - [2026-04-21T04:43:19.249+0000] {dag.py:3823} INFO - Setting next_dagrun for example_skip_dag to 2026-04-20 00:00:00+00:00, run_after=2026-04-21 00:00:00+00:00
[2026-04-21T04:43:19.273+0000] {processor.py:183} INFO - Processing /home/airflow/.local/lib/python3.8/site-packages/airflow/example_dags/example_skip_dag.py took 0.105 seconds
[2026-04-21T04:43:49.487+0000] {processor.py:161} INFO - Started process (PID=4658) to work on /home/airflow/.local/lib/python3.8/site-packages/airflow/example_dags/example_skip_dag.py
[2026-04-21T04:43:49.496+0000] {processor.py:830} INFO - Processing file /home/airflow/.local/lib/python3.8/site-packages/airflow/example_dags/example_skip_dag.py for tasks to queue
[2026-04-21T04:43:49.498+0000] {logging_mixin.py:188} INFO - [2026-04-21T04:43:49.497+0000] {dagbag.py:538} INFO - Filling up the DagBag from /home/airflow/.local/lib/python3.8/site-packages/airflow/example_dags/example_skip_dag.py
[2026-04-21T04:43:49.508+0000] {processor.py:840} INFO - DAG(s) 'example_skip_dag' retrieved from /home/airflow/.local/lib/python3.8/site-packages/airflow/example_dags/example_skip_dag.py
[2026-04-21T04:43:49.542+0000] {logging_mixin.py:188} INFO - [2026-04-21T04:43:49.542+0000] {dag.py:3036} INFO - Sync 1 DAGs
[2026-04-21T04:43:49.574+0000] {logging_mixin.py:188} INFO - [2026-04-21T04:43:49.574+0000] {dag.py:3823} INFO - Setting next_dagrun for example_skip_dag to 2026-04-20 00:00:00+00:00, run_after=2026-04-21 00:00:00+00:00
[2026-04-21T04:43:49.601+0000] {processor.py:183} INFO - Processing /home/airflow/.local/lib/python3.8/site-packages/airflow/example_dags/example_skip_dag.py took 0.119 seconds
[2026-04-21T04:44:19.875+0000] {processor.py:161} INFO - Started process (PID=4713) to work on /home/airflow/.local/lib/python3.8/site-packages/airflow/example_dags/example_skip_dag.py
[2026-04-21T04:44:19.876+0000] {processor.py:830} INFO - Processing file /home/airflow/.local/lib/python3.8/site-packages/airflow/example_dags/example_skip_dag.py for tasks to queue
[2026-04-21T04:44:19.877+0000] {logging_mixin.py:188} INFO - [2026-04-21T04:44:19.877+0000] {dagbag.py:538} INFO - Filling up the DagBag from /home/airflow/.local/lib/python3.8/site-packages/airflow/example_dags/example_skip_dag.py
[2026-04-21T04:44:19.886+0000] {processor.py:840} INFO - DAG(s) 'example_skip_dag' retrieved from /home/airflow/.local/lib/python3.8/site-packages/airflow/example_dags/example_skip_dag.py
[2026-04-21T04:44:19.916+0000] {logging_mixin.py:188} INFO - [2026-04-21T04:44:19.916+0000] {dag.py:3036} INFO - Sync 1 DAGs
[2026-04-21T04:44:19.945+0000] {logging_mixin.py:188} INFO - [2026-04-21T04:44:19.945+0000] {dag.py:3823} INFO - Setting next_dagrun for example_skip_dag to 2026-04-20 00:00:00+00:00, run_after=2026-04-21 00:00:00+00:00
[2026-04-21T04:44:19.968+0000] {processor.py:183} INFO - Processing /home/airflow/.local/lib/python3.8/site-packages/airflow/example_dags/example_skip_dag.py took 0.098 seconds
[2026-04-21T04:44:50.377+0000] {processor.py:161} INFO - Started process (PID=4768) to work on /home/airflow/.local/lib/python3.8/site-packages/airflow/example_dags/example_skip_dag.py
[2026-04-21T04:44:50.386+0000] {processor.py:830} INFO - Processing file /home/airflow/.local/lib/python3.8/site-packages/airflow/example_dags/example_skip_dag.py for tasks to queue
[2026-04-21T04:44:50.387+0000] {logging_mixin.py:188} INFO - [2026-04-21T04:44:50.387+0000] {dagbag.py:538} INFO - Filling up the DagBag from /home/airflow/.local/lib/python3.8/site-packages/airflow/example_dags/example_skip_dag.py
[2026-04-21T04:44:50.396+0000] {processor.py:840} INFO - DAG(s) 'example_skip_dag' retrieved from /home/airflow/.local/lib/python3.8/site-packages/airflow/example_dags/example_skip_dag.py
[2026-04-21T04:44:50.426+0000] {logging_mixin.py:188} INFO - [2026-04-21T04:44:50.426+0000] {dag.py:3036} INFO - Sync 1 DAGs
[2026-04-21T04:44:50.454+0000] {logging_mixin.py:188} INFO - [2026-04-21T04:44:50.454+0000] {dag.py:3823} INFO - Setting next_dagrun for example_skip_dag to 2026-04-20 00:00:00+00:00, run_after=2026-04-21 00:00:00+00:00
[2026-04-21T04:44:50.478+0000] {processor.py:183} INFO - Processing /home/airflow/.local/lib/python3.8/site-packages/airflow/example_dags/example_skip_dag.py took 0.105 seconds
[2026-04-21T04:45:20.757+0000] {processor.py:161} INFO - Started process (PID=4823) to work on /home/airflow/.local/lib/python3.8/site-packages/airflow/example_dags/example_skip_dag.py
[2026-04-21T04:45:20.767+0000] {processor.py:830} INFO - Processing file /home/airflow/.local/lib/python3.8/site-packages/airflow/example_dags/example_skip_dag.py for tasks to queue
[2026-04-21T04:45:20.768+0000] {logging_mixin.py:188} INFO - [2026-04-21T04:45:20.768+0000] {dagbag.py:538} INFO - Filling up the DagBag from /home/airflow/.local/lib/python3.8/site-packages/airflow/example_dags/example_skip_dag.py
[2026-04-21T04:45:20.778+0000] {processor.py:840} INFO - DAG(s) 'example_skip_dag' retrieved from /home/airflow/.local/lib/python3.8/site-packages/airflow/example_dags/example_skip_dag.py
[2026-04-21T04:45:20.811+0000] {logging_mixin.py:188} INFO - [2026-04-21T04:45:20.811+0000] {dag.py:3036} INFO - Sync 1 DAGs
[2026-04-21T04:45:20.845+0000] {logging_mixin.py:188} INFO - [2026-04-21T04:45:20.844+0000] {dag.py:3823} INFO - Setting next_dagrun for example_skip_dag to 2026-04-20 00:00:00+00:00, run_after=2026-04-21 00:00:00+00:00
[2026-04-21T04:45:20.872+0000] {processor.py:183} INFO - Processing /home/airflow/.local/lib/python3.8/site-packages/airflow/example_dags/example_skip_dag.py took 0.119 seconds
[2026-04-21T04:45:50.961+0000] {processor.py:161} INFO - Started process (PID=4878) to work on /home/airflow/.local/lib/python3.8/site-packages/airflow/example_dags/example_skip_dag.py
[2026-04-21T04:45:50.970+0000] {processor.py:830} INFO - Processing file /home/airflow/.local/lib/python3.8/site-packages/airflow/example_dags/example_skip_dag.py for tasks to queue
[2026-04-21T04:45:50.972+0000] {logging_mixin.py:188} INFO - [2026-04-21T04:45:50.971+0000] {dagbag.py:538} INFO - Filling up the DagBag from /home/airflow/.local/lib/python3.8/site-packages/airflow/example_dags/example_skip_dag.py
[2026-04-21T04:45:50.982+0000] {processor.py:840} INFO - DAG(s) 'example_skip_dag' retrieved from /home/airflow/.local/lib/python3.8/site-packages/airflow/example_dags/example_skip_dag.py
[2026-04-21T04:45:51.016+0000] {logging_mixin.py:188} INFO - [2026-04-21T04:45:51.016+0000] {dag.py:3036} INFO - Sync 1 DAGs
[2026-04-21T04:45:51.050+0000] {logging_mixin.py:188} INFO - [2026-04-21T04:45:51.050+0000] {dag.py:3823} INFO - Setting next_dagrun for example_skip_dag to 2026-04-20 00:00:00+00:00, run_after=2026-04-21 00:00:00+00:00
[2026-04-21T04:45:51.077+0000] {processor.py:183} INFO - Processing /home/airflow/.local/lib/python3.8/site-packages/airflow/example_dags/example_skip_dag.py took 0.121 seconds
[2026-04-21T04:46:21.546+0000] {processor.py:161} INFO - Started process (PID=4933) to work on /home/airflow/.local/lib/python3.8/site-packages/airflow/example_dags/example_skip_dag.py
[2026-04-21T04:46:21.556+0000] {processor.py:830} INFO - Processing file /home/airflow/.local/lib/python3.8/site-packages/airflow/example_dags/example_skip_dag.py for tasks to queue
[2026-04-21T04:46:21.557+0000] {logging_mixin.py:188} INFO - [2026-04-21T04:46:21.557+0000] {dagbag.py:538} INFO - Filling up the DagBag from /home/airflow/.local/lib/python3.8/site-packages/airflow/example_dags/example_skip_dag.py
[2026-04-21T04:46:21.568+0000] {processor.py:840} INFO - DAG(s) 'example_skip_dag' retrieved from /home/airflow/.local/lib/python3.8/site-packages/airflow/example_dags/example_skip_dag.py
[2026-04-21T04:46:21.600+0000] {logging_mixin.py:188} INFO - [2026-04-21T04:46:21.600+0000] {dag.py:3036} INFO - Sync 1 DAGs
[2026-04-21T04:46:21.629+0000] {logging_mixin.py:188} INFO - [2026-04-21T04:46:21.629+0000] {dag.py:3823} INFO - Setting next_dagrun for example_skip_dag to 2026-04-20 00:00:00+00:00, run_after=2026-04-21 00:00:00+00:00
[2026-04-21T04:46:21.653+0000] {processor.py:183} INFO - Processing /home/airflow/.local/lib/python3.8/site-packages/airflow/example_dags/example_skip_dag.py took 0.112 seconds
[2026-04-21T04:46:51.993+0000] {processor.py:161} INFO - Started process (PID=4988) to work on /home/airflow/.local/lib/python3.8/site-packages/airflow/example_dags/example_skip_dag.py
[2026-04-21T04:46:52.002+0000] {processor.py:830} INFO - Processing file /home/airflow/.local/lib/python3.8/site-packages/airflow/example_dags/example_skip_dag.py for tasks to queue
[2026-04-21T04:46:52.003+0000] {logging_mixin.py:188} INFO - [2026-04-21T04:46:52.003+0000] {dagbag.py:538} INFO - Filling up the DagBag from /home/airflow/.local/lib/python3.8/site-packages/airflow/example_dags/example_skip_dag.py
[2026-04-21T04:46:52.013+0000] {processor.py:840} INFO - DAG(s) 'example_skip_dag' retrieved from /home/airflow/.local/lib/python3.8/site-packages/airflow/example_dags/example_skip_dag.py
[2026-04-21T04:46:52.043+0000] {logging_mixin.py:188} INFO - [2026-04-21T04:46:52.043+0000] {dag.py:3036} INFO - Sync 1 DAGs
[2026-04-21T04:46:52.072+0000] {logging_mixin.py:188} INFO - [2026-04-21T04:46:52.072+0000] {dag.py:3823} INFO - Setting next_dagrun for example_skip_dag to 2026-04-20 00:00:00+00:00, run_after=2026-04-21 00:00:00+00:00
[2026-04-21T04:46:52.096+0000] {processor.py:183} INFO - Processing /home/airflow/.local/lib/python3.8/site-packages/airflow/example_dags/example_skip_dag.py took 0.107 seconds
[2026-04-21T04:47:22.422+0000] {processor.py:161} INFO - Started process (PID=5043) to work on /home/airflow/.local/lib/python3.8/site-packages/airflow/example_dags/example_skip_dag.py
[2026-04-21T04:47:22.424+0000] {processor.py:830} INFO - Processing file /home/airflow/.local/lib/python3.8/site-packages/airflow/example_dags/example_skip_dag.py for tasks to queue
[2026-04-21T04:47:22.425+0000] {logging_mixin.py:188} INFO - [2026-04-21T04:47:22.425+0000] {dagbag.py:538} INFO - Filling up the DagBag from /home/airflow/.local/lib/python3.8/site-packages/airflow/example_dags/example_skip_dag.py
[2026-04-21T04:47:22.434+0000] {processor.py:840} INFO - DAG(s) 'example_skip_dag' retrieved from /home/airflow/.local/lib/python3.8/site-packages/airflow/example_dags/example_skip_dag.py
[2026-04-21T04:47:22.464+0000] {logging_mixin.py:188} INFO - [2026-04-21T04:47:22.464+0000] {dag.py:3036} INFO - Sync 1 DAGs
[2026-04-21T04:47:22.493+0000] {logging_mixin.py:188} INFO - [2026-04-21T04:47:22.492+0000] {dag.py:3823} INFO - Setting next_dagrun for example_skip_dag to 2026-04-20 00:00:00+00:00, run_after=2026-04-21 00:00:00+00:00
[2026-04-21T04:47:22.517+0000] {processor.py:183} INFO - Processing /home/airflow/.local/lib/python3.8/site-packages/airflow/example_dags/example_skip_dag.py took 0.099 seconds
[2026-04-21T04:47:53.013+0000] {processor.py:161} INFO - Started process (PID=5098) to work on /home/airflow/.local/lib/python3.8/site-packages/airflow/example_dags/example_skip_dag.py
[2026-04-21T04:47:53.022+0000] {processor.py:830} INFO - Processing file /home/airflow/.local/lib/python3.8/site-packages/airflow/example_dags/example_skip_dag.py for tasks to queue
[2026-04-21T04:47:53.024+0000] {logging_mixin.py:188} INFO - [2026-04-21T04:47:53.023+0000] {dagbag.py:538} INFO - Filling up the DagBag from /home/airflow/.local/lib/python3.8/site-packages/airflow/example_dags/example_skip_dag.py
[2026-04-21T04:47:53.034+0000] {processor.py:840} INFO - DAG(s) 'example_skip_dag' retrieved from /home/airflow/.local/lib/python3.8/site-packages/airflow/example_dags/example_skip_dag.py
[2026-04-21T04:47:53.067+0000] {logging_mixin.py:188} INFO - [2026-04-21T04:47:53.067+0000] {dag.py:3036} INFO - Sync 1 DAGs
[2026-04-21T04:47:53.097+0000] {logging_mixin.py:188} INFO - [2026-04-21T04:47:53.097+0000] {dag.py:3823} INFO - Setting next_dagrun for example_skip_dag to 2026-04-20 00:00:00+00:00, run_after=2026-04-21 00:00:00+00:00
[2026-04-21T04:47:53.121+0000] {processor.py:183} INFO - Processing /home/airflow/.local/lib/python3.8/site-packages/airflow/example_dags/example_skip_dag.py took 0.113 seconds
[2026-04-21T04:48:23.467+0000] {processor.py:161} INFO - Started process (PID=5153) to work on /home/airflow/.local/lib/python3.8/site-packages/airflow/example_dags/example_skip_dag.py
[2026-04-21T04:48:23.476+0000] {processor.py:830} INFO - Processing file /home/airflow/.local/lib/python3.8/site-packages/airflow/example_dags/example_skip_dag.py for tasks to queue
[2026-04-21T04:48:23.478+0000] {logging_mixin.py:188} INFO - [2026-04-21T04:48:23.477+0000] {dagbag.py:538} INFO - Filling up the DagBag from /home/airflow/.local/lib/python3.8/site-packages/airflow/example_dags/example_skip_dag.py
[2026-04-21T04:48:23.487+0000] {processor.py:840} INFO - DAG(s) 'example_skip_dag' retrieved from /home/airflow/.local/lib/python3.8/site-packages/airflow/example_dags/example_skip_dag.py
[2026-04-21T04:48:23.518+0000] {logging_mixin.py:188} INFO - [2026-04-21T04:48:23.518+0000] {dag.py:3036} INFO - Sync 1 DAGs
[2026-04-21T04:48:23.548+0000] {logging_mixin.py:188} INFO - [2026-04-21T04:48:23.547+0000] {dag.py:3823} INFO - Setting next_dagrun for example_skip_dag to 2026-04-20 00:00:00+00:00, run_after=2026-04-21 00:00:00+00:00
[2026-04-21T04:48:23.571+0000] {processor.py:183} INFO - Processing /home/airflow/.local/lib/python3.8/site-packages/airflow/example_dags/example_skip_dag.py took 0.108 seconds
[2026-04-21T04:48:53.753+0000] {processor.py:161} INFO - Started process (PID=5208) to work on /home/airflow/.local/lib/python3.8/site-packages/airflow/example_dags/example_skip_dag.py
[2026-04-21T04:48:53.763+0000] {processor.py:830} INFO - Processing file /home/airflow/.local/lib/python3.8/site-packages/airflow/example_dags/example_skip_dag.py for tasks to queue
[2026-04-21T04:48:53.764+0000] {logging_mixin.py:188} INFO - [2026-04-21T04:48:53.764+0000] {dagbag.py:538} INFO - Filling up the DagBag from /home/airflow/.local/lib/python3.8/site-packages/airflow/example_dags/example_skip_dag.py
[2026-04-21T04:48:53.773+0000] {processor.py:840} INFO - DAG(s) 'example_skip_dag' retrieved from /home/airflow/.local/lib/python3.8/site-packages/airflow/example_dags/example_skip_dag.py
[2026-04-21T04:48:53.802+0000] {logging_mixin.py:188} INFO - [2026-04-21T04:48:53.802+0000] {dag.py:3036} INFO - Sync 1 DAGs
[2026-04-21T04:48:53.833+0000] {logging_mixin.py:188} INFO - [2026-04-21T04:48:53.833+0000] {dag.py:3823} INFO - Setting next_dagrun for example_skip_dag to 2026-04-20 00:00:00+00:00, run_after=2026-04-21 00:00:00+00:00
[2026-04-21T04:48:53.858+0000] {processor.py:183} INFO - Processing /home/airflow/.local/lib/python3.8/site-packages/airflow/example_dags/example_skip_dag.py took 0.109 seconds
[2026-04-21T04:49:24.110+0000] {processor.py:161} INFO - Started process (PID=5263) to work on /home/airflow/.local/lib/python3.8/site-packages/airflow/example_dags/example_skip_dag.py
[2026-04-21T04:49:24.119+0000] {processor.py:830} INFO - Processing file /home/airflow/.local/lib/python3.8/site-packages/airflow/example_dags/example_skip_dag.py for tasks to queue
[2026-04-21T04:49:24.120+0000] {logging_mixin.py:188} INFO - [2026-04-21T04:49:24.120+0000] {dagbag.py:538} INFO - Filling up the DagBag from /home/airflow/.local/lib/python3.8/site-packages/airflow/example_dags/example_skip_dag.py
[2026-04-21T04:49:24.129+0000] {processor.py:840} INFO - DAG(s) 'example_skip_dag' retrieved from /home/airflow/.local/lib/python3.8/site-packages/airflow/example_dags/example_skip_dag.py
[2026-04-21T04:49:24.159+0000] {logging_mixin.py:188} INFO - [2026-04-21T04:49:24.159+0000] {dag.py:3036} INFO - Sync 1 DAGs
[2026-04-21T04:49:24.189+0000] {logging_mixin.py:188} INFO - [2026-04-21T04:49:24.188+0000] {dag.py:3823} INFO - Setting next_dagrun for example_skip_dag to 2026-04-20 00:00:00+00:00, run_after=2026-04-21 00:00:00+00:00
[2026-04-21T04:49:24.212+0000] {processor.py:183} INFO - Processing /home/airflow/.local/lib/python3.8/site-packages/airflow/example_dags/example_skip_dag.py took 0.107 seconds
[2026-04-21T04:49:54.388+0000] {processor.py:161} INFO - Started process (PID=5318) to work on /home/airflow/.local/lib/python3.8/site-packages/airflow/example_dags/example_skip_dag.py
[2026-04-21T04:49:54.397+0000] {processor.py:830} INFO - Processing file /home/airflow/.local/lib/python3.8/site-packages/airflow/example_dags/example_skip_dag.py for tasks to queue
[2026-04-21T04:49:54.399+0000] {logging_mixin.py:188} INFO - [2026-04-21T04:49:54.399+0000] {dagbag.py:538} INFO - Filling up the DagBag from /home/airflow/.local/lib/python3.8/site-packages/airflow/example_dags/example_skip_dag.py
[2026-04-21T04:49:54.413+0000] {processor.py:840} INFO - DAG(s) 'example_skip_dag' retrieved from /home/airflow/.local/lib/python3.8/site-packages/airflow/example_dags/example_skip_dag.py
[2026-04-21T04:49:54.449+0000] {logging_mixin.py:188} INFO - [2026-04-21T04:49:54.449+0000] {dag.py:3036} INFO - Sync 1 DAGs
[2026-04-21T04:49:54.485+0000] {logging_mixin.py:188} INFO - [2026-04-21T04:49:54.485+0000] {dag.py:3823} INFO - Setting next_dagrun for example_skip_dag to 2026-04-20 00:00:00+00:00, run_after=2026-04-21 00:00:00+00:00
[2026-04-21T04:49:54.509+0000] {processor.py:183} INFO - Processing /home/airflow/.local/lib/python3.8/site-packages/airflow/example_dags/example_skip_dag.py took 0.127 seconds
[2026-04-21T04:50:24.875+0000] {processor.py:161} INFO - Started process (PID=5373) to work on /home/airflow/.local/lib/python3.8/site-packages/airflow/example_dags/example_skip_dag.py
[2026-04-21T04:50:24.885+0000] {processor.py:830} INFO - Processing file /home/airflow/.local/lib/python3.8/site-packages/airflow/example_dags/example_skip_dag.py for tasks to queue
[2026-04-21T04:50:24.886+0000] {logging_mixin.py:188} INFO - [2026-04-21T04:50:24.886+0000] {dagbag.py:538} INFO - Filling up the DagBag from /home/airflow/.local/lib/python3.8/site-packages/airflow/example_dags/example_skip_dag.py
[2026-04-21T04:50:24.898+0000] {processor.py:840} INFO - DAG(s) 'example_skip_dag' retrieved from /home/airflow/.local/lib/python3.8/site-packages/airflow/example_dags/example_skip_dag.py
[2026-04-21T04:50:24.931+0000] {logging_mixin.py:188} INFO - [2026-04-21T04:50:24.931+0000] {dag.py:3036} INFO - Sync 1 DAGs
[2026-04-21T04:50:24.963+0000] {logging_mixin.py:188} INFO - [2026-04-21T04:50:24.963+0000] {dag.py:3823} INFO - Setting next_dagrun for example_skip_dag to 2026-04-20 00:00:00+00:00, run_after=2026-04-21 00:00:00+00:00
[2026-04-21T04:50:24.987+0000] {processor.py:183} INFO - Processing /home/airflow/.local/lib/python3.8/site-packages/airflow/example_dags/example_skip_dag.py took 0.117 seconds
[2026-04-21T04:50:55.240+0000] {processor.py:161} INFO - Started process (PID=5428) to work on /home/airflow/.local/lib/python3.8/site-packages/airflow/example_dags/example_skip_dag.py
[2026-04-21T04:50:55.249+0000] {processor.py:830} INFO - Processing file /home/airflow/.local/lib/python3.8/site-packages/airflow/example_dags/example_skip_dag.py for tasks to queue
[2026-04-21T04:50:55.250+0000] {logging_mixin.py:188} INFO - [2026-04-21T04:50:55.250+0000] {dagbag.py:538} INFO - Filling up the DagBag from /home/airflow/.local/lib/python3.8/site-packages/airflow/example_dags/example_skip_dag.py
[2026-04-21T04:50:55.260+0000] {processor.py:840} INFO - DAG(s) 'example_skip_dag' retrieved from /home/airflow/.local/lib/python3.8/site-packages/airflow/example_dags/example_skip_dag.py
[2026-04-21T04:50:55.291+0000] {logging_mixin.py:188} INFO - [2026-04-21T04:50:55.290+0000] {dag.py:3036} INFO - Sync 1 DAGs
[2026-04-21T04:50:55.320+0000] {logging_mixin.py:188} INFO - [2026-04-21T04:50:55.320+0000] {dag.py:3823} INFO - Setting next_dagrun for example_skip_dag to 2026-04-20 00:00:00+00:00, run_after=2026-04-21 00:00:00+00:00
[2026-04-21T04:50:55.341+0000] {processor.py:183} INFO - Processing /home/airflow/.local/lib/python3.8/site-packages/airflow/example_dags/example_skip_dag.py took 0.105 seconds
[2026-04-21T04:51:25.741+0000] {processor.py:161} INFO - Started process (PID=5483) to work on /home/airflow/.local/lib/python3.8/site-packages/airflow/example_dags/example_skip_dag.py
[2026-04-21T04:51:25.750+0000] {processor.py:830} INFO - Processing file /home/airflow/.local/lib/python3.8/site-packages/airflow/example_dags/example_skip_dag.py for tasks to queue
[2026-04-21T04:51:25.751+0000] {logging_mixin.py:188} INFO - [2026-04-21T04:51:25.751+0000] {dagbag.py:538} INFO - Filling up the DagBag from /home/airflow/.local/lib/python3.8/site-packages/airflow/example_dags/example_skip_dag.py
[2026-04-21T04:51:25.761+0000] {processor.py:840} INFO - DAG(s) 'example_skip_dag' retrieved from /home/airflow/.local/lib/python3.8/site-packages/airflow/example_dags/example_skip_dag.py
[2026-04-21T04:51:25.790+0000] {logging_mixin.py:188} INFO - [2026-04-21T04:51:25.790+0000] {dag.py:3036} INFO - Sync 1 DAGs
[2026-04-21T04:51:25.821+0000] {logging_mixin.py:188} INFO - [2026-04-21T04:51:25.821+0000] {dag.py:3823} INFO - Setting next_dagrun for example_skip_dag to 2026-04-20 00:00:00+00:00, run_after=2026-04-21 00:00:00+00:00
[2026-04-21T04:51:25.845+0000] {processor.py:183} INFO - Processing /home/airflow/.local/lib/python3.8/site-packages/airflow/example_dags/example_skip_dag.py took 0.108 seconds
[2026-04-21T04:51:56.233+0000] {processor.py:161} INFO - Started process (PID=5538) to work on /home/airflow/.local/lib/python3.8/site-packages/airflow/example_dags/example_skip_dag.py
[2026-04-21T04:51:56.242+0000] {processor.py:830} INFO - Processing file /home/airflow/.local/lib/python3.8/site-packages/airflow/example_dags/example_skip_dag.py for tasks to queue
[2026-04-21T04:51:56.244+0000] {logging_mixin.py:188} INFO - [2026-04-21T04:51:56.243+0000] {dagbag.py:538} INFO - Filling up the DagBag from /home/airflow/.local/lib/python3.8/site-packages/airflow/example_dags/example_skip_dag.py
[2026-04-21T04:51:56.254+0000] {processor.py:840} INFO - DAG(s) 'example_skip_dag' retrieved from /home/airflow/.local/lib/python3.8/site-packages/airflow/example_dags/example_skip_dag.py
[2026-04-21T04:51:56.287+0000] {logging_mixin.py:188} INFO - [2026-04-21T04:51:56.286+0000] {dag.py:3036} INFO - Sync 1 DAGs
[2026-04-21T04:51:56.317+0000] {logging_mixin.py:188} INFO - [2026-04-21T04:51:56.316+0000] {dag.py:3823} INFO - Setting next_dagrun for example_skip_dag to 2026-04-20 00:00:00+00:00, run_after=2026-04-21 00:00:00+00:00
[2026-04-21T04:51:56.340+0000] {processor.py:183} INFO - Processing /home/airflow/.local/lib/python3.8/site-packages/airflow/example_dags/example_skip_dag.py took 0.112 seconds
[2026-04-21T04:52:26.662+0000] {processor.py:161} INFO - Started process (PID=5593) to work on /home/airflow/.local/lib/python3.8/site-packages/airflow/example_dags/example_skip_dag.py
[2026-04-21T04:52:26.672+0000] {processor.py:830} INFO - Processing file /home/airflow/.local/lib/python3.8/site-packages/airflow/example_dags/example_skip_dag.py for tasks to queue
[2026-04-21T04:52:26.674+0000] {logging_mixin.py:188} INFO - [2026-04-21T04:52:26.673+0000] {dagbag.py:538} INFO - Filling up the DagBag from /home/airflow/.local/lib/python3.8/site-packages/airflow/example_dags/example_skip_dag.py
[2026-04-21T04:52:26.685+0000] {processor.py:840} INFO - DAG(s) 'example_skip_dag' retrieved from /home/airflow/.local/lib/python3.8/site-packages/airflow/example_dags/example_skip_dag.py
[2026-04-21T04:52:26.717+0000] {logging_mixin.py:188} INFO - [2026-04-21T04:52:26.717+0000] {dag.py:3036} INFO - Sync 1 DAGs
[2026-04-21T04:52:26.748+0000] {logging_mixin.py:188} INFO - [2026-04-21T04:52:26.747+0000] {dag.py:3823} INFO - Setting next_dagrun for example_skip_dag to 2026-04-20 00:00:00+00:00, run_after=2026-04-21 00:00:00+00:00
[2026-04-21T04:52:26.772+0000] {processor.py:183} INFO - Processing /home/airflow/.local/lib/python3.8/site-packages/airflow/example_dags/example_skip_dag.py took 0.115 seconds
[2026-04-21T04:52:56.842+0000] {processor.py:161} INFO - Started process (PID=5648) to work on /home/airflow/.local/lib/python3.8/site-packages/airflow/example_dags/example_skip_dag.py
[2026-04-21T04:52:56.851+0000] {processor.py:830} INFO - Processing file /home/airflow/.local/lib/python3.8/site-packages/airflow/example_dags/example_skip_dag.py for tasks to queue
[2026-04-21T04:52:56.853+0000] {logging_mixin.py:188} INFO - [2026-04-21T04:52:56.852+0000] {dagbag.py:538} INFO - Filling up the DagBag from /home/airflow/.local/lib/python3.8/site-packages/airflow/example_dags/example_skip_dag.py
[2026-04-21T04:52:56.862+0000] {processor.py:840} INFO - DAG(s) 'example_skip_dag' retrieved from /home/airflow/.local/lib/python3.8/site-packages/airflow/example_dags/example_skip_dag.py
[2026-04-21T04:52:56.894+0000] {logging_mixin.py:188} INFO - [2026-04-21T04:52:56.893+0000] {dag.py:3036} INFO - Sync 1 DAGs
[2026-04-21T04:52:56.923+0000] {logging_mixin.py:188} INFO - [2026-04-21T04:52:56.923+0000] {dag.py:3823} INFO - Setting next_dagrun for example_skip_dag to 2026-04-20 00:00:00+00:00, run_after=2026-04-21 00:00:00+00:00
[2026-04-21T04:52:56.947+0000] {processor.py:183} INFO - Processing /home/airflow/.local/lib/python3.8/site-packages/airflow/example_dags/example_skip_dag.py took 0.110 seconds
[2026-04-21T04:53:27.156+0000] {processor.py:161} INFO - Started process (PID=5703) to work on /home/airflow/.local/lib/python3.8/site-packages/airflow/example_dags/example_skip_dag.py
[2026-04-21T04:53:27.165+0000] {processor.py:830} INFO - Processing file /home/airflow/.local/lib/python3.8/site-packages/airflow/example_dags/example_skip_dag.py for tasks to queue
[2026-04-21T04:53:27.167+0000] {logging_mixin.py:188} INFO - [2026-04-21T04:53:27.166+0000] {dagbag.py:538} INFO - Filling up the DagBag from /home/airflow/.local/lib/python3.8/site-packages/airflow/example_dags/example_skip_dag.py
[2026-04-21T04:53:27.176+0000] {processor.py:840} INFO - DAG(s) 'example_skip_dag' retrieved from /home/airflow/.local/lib/python3.8/site-packages/airflow/example_dags/example_skip_dag.py
[2026-04-21T04:53:27.207+0000] {logging_mixin.py:188} INFO - [2026-04-21T04:53:27.207+0000] {dag.py:3036} INFO - Sync 1 DAGs
[2026-04-21T04:53:27.237+0000] {logging_mixin.py:188} INFO - [2026-04-21T04:53:27.236+0000] {dag.py:3823} INFO - Setting next_dagrun for example_skip_dag to 2026-04-20 00:00:00+00:00, run_after=2026-04-21 00:00:00+00:00
[2026-04-21T04:53:27.260+0000] {processor.py:183} INFO - Processing /home/airflow/.local/lib/python3.8/site-packages/airflow/example_dags/example_skip_dag.py took 0.110 seconds
[2026-04-21T04:53:57.479+0000] {processor.py:161} INFO - Started process (PID=5758) to work on /home/airflow/.local/lib/python3.8/site-packages/airflow/example_dags/example_skip_dag.py
[2026-04-21T04:53:57.488+0000] {processor.py:830} INFO - Processing file /home/airflow/.local/lib/python3.8/site-packages/airflow/example_dags/example_skip_dag.py for tasks to queue
[2026-04-21T04:53:57.490+0000] {logging_mixin.py:188} INFO - [2026-04-21T04:53:57.489+0000] {dagbag.py:538} INFO - Filling up the DagBag from /home/airflow/.local/lib/python3.8/site-packages/airflow/example_dags/example_skip_dag.py
[2026-04-21T04:53:57.499+0000] {processor.py:840} INFO - DAG(s) 'example_skip_dag' retrieved from /home/airflow/.local/lib/python3.8/site-packages/airflow/example_dags/example_skip_dag.py
[2026-04-21T04:53:57.529+0000] {logging_mixin.py:188} INFO - [2026-04-21T04:53:57.528+0000] {dag.py:3036} INFO - Sync 1 DAGs
[2026-04-21T04:53:57.557+0000] {logging_mixin.py:188} INFO - [2026-04-21T04:53:57.557+0000] {dag.py:3823} INFO - Setting next_dagrun for example_skip_dag to 2026-04-20 00:00:00+00:00, run_after=2026-04-21 00:00:00+00:00
[2026-04-21T04:53:57.581+0000] {processor.py:183} INFO - Processing /home/airflow/.local/lib/python3.8/site-packages/airflow/example_dags/example_skip_dag.py took 0.107 seconds
[2026-04-21T04:54:27.961+0000] {processor.py:161} INFO - Started process (PID=5813) to work on /home/airflow/.local/lib/python3.8/site-packages/airflow/example_dags/example_skip_dag.py
[2026-04-21T04:54:27.970+0000] {processor.py:830} INFO - Processing file /home/airflow/.local/lib/python3.8/site-packages/airflow/example_dags/example_skip_dag.py for tasks to queue
[2026-04-21T04:54:27.972+0000] {logging_mixin.py:188} INFO - [2026-04-21T04:54:27.971+0000] {dagbag.py:538} INFO - Filling up the DagBag from /home/airflow/.local/lib/python3.8/site-packages/airflow/example_dags/example_skip_dag.py
[2026-04-21T04:54:27.981+0000] {processor.py:840} INFO - DAG(s) 'example_skip_dag' retrieved from /home/airflow/.local/lib/python3.8/site-packages/airflow/example_dags/example_skip_dag.py
[2026-04-21T04:54:28.012+0000] {logging_mixin.py:188} INFO - [2026-04-21T04:54:28.012+0000] {dag.py:3036} INFO - Sync 1 DAGs
[2026-04-21T04:54:28.041+0000] {logging_mixin.py:188} INFO - [2026-04-21T04:54:28.041+0000] {dag.py:3823} INFO - Setting next_dagrun for example_skip_dag to 2026-04-20 00:00:00+00:00, run_after=2026-04-21 00:00:00+00:00
[2026-04-21T04:54:28.065+0000] {processor.py:183} INFO - Processing /home/airflow/.local/lib/python3.8/site-packages/airflow/example_dags/example_skip_dag.py took 0.109 seconds
[2026-04-21T04:54:58.336+0000] {processor.py:161} INFO - Started process (PID=5868) to work on /home/airflow/.local/lib/python3.8/site-packages/airflow/example_dags/example_skip_dag.py
[2026-04-21T04:54:58.337+0000] {processor.py:830} INFO - Processing file /home/airflow/.local/lib/python3.8/site-packages/airflow/example_dags/example_skip_dag.py for tasks to queue
[2026-04-21T04:54:58.338+0000] {logging_mixin.py:188} INFO - [2026-04-21T04:54:58.338+0000] {dagbag.py:538} INFO - Filling up the DagBag from /home/airflow/.local/lib/python3.8/site-packages/airflow/example_dags/example_skip_dag.py
[2026-04-21T04:54:58.348+0000] {processor.py:840} INFO - DAG(s) 'example_skip_dag' retrieved from /home/airflow/.local/lib/python3.8/site-packages/airflow/example_dags/example_skip_dag.py
[2026-04-21T04:54:58.381+0000] {logging_mixin.py:188} INFO - [2026-04-21T04:54:58.380+0000] {dag.py:3036} INFO - Sync 1 DAGs
[2026-04-21T04:54:58.409+0000] {logging_mixin.py:188} INFO - [2026-04-21T04:54:58.409+0000] {dag.py:3823} INFO - Setting next_dagrun for example_skip_dag to 2026-04-20 00:00:00+00:00, run_after=2026-04-21 00:00:00+00:00
[2026-04-21T04:54:58.432+0000] {processor.py:183} INFO - Processing /home/airflow/.local/lib/python3.8/site-packages/airflow/example_dags/example_skip_dag.py took 0.102 seconds
[2026-04-21T04:55:28.807+0000] {processor.py:161} INFO - Started process (PID=5923) to work on /home/airflow/.local/lib/python3.8/site-packages/airflow/example_dags/example_skip_dag.py
[2026-04-21T04:55:28.816+0000] {processor.py:830} INFO - Processing file /home/airflow/.local/lib/python3.8/site-packages/airflow/example_dags/example_skip_dag.py for tasks to queue
[2026-04-21T04:55:28.817+0000] {logging_mixin.py:188} INFO - [2026-04-21T04:55:28.817+0000] {dagbag.py:538} INFO - Filling up the DagBag from /home/airflow/.local/lib/python3.8/site-packages/airflow/example_dags/example_skip_dag.py
[2026-04-21T04:55:28.828+0000] {processor.py:840} INFO - DAG(s) 'example_skip_dag' retrieved from /home/airflow/.local/lib/python3.8/site-packages/airflow/example_dags/example_skip_dag.py
[2026-04-21T04:55:28.862+0000] {logging_mixin.py:188} INFO - [2026-04-21T04:55:28.862+0000] {dag.py:3036} INFO - Sync 1 DAGs
[2026-04-21T04:55:28.896+0000] {logging_mixin.py:188} INFO - [2026-04-21T04:55:28.896+0000] {dag.py:3823} INFO - Setting next_dagrun for example_skip_dag to 2026-04-20 00:00:00+00:00, run_after=2026-04-21 00:00:00+00:00
[2026-04-21T04:55:28.923+0000] {processor.py:183} INFO - Processing /home/airflow/.local/lib/python3.8/site-packages/airflow/example_dags/example_skip_dag.py took 0.121 seconds
[2026-04-21T04:55:59.191+0000] {processor.py:161} INFO - Started process (PID=5978) to work on /home/airflow/.local/lib/python3.8/site-packages/airflow/example_dags/example_skip_dag.py
[2026-04-21T04:55:59.200+0000] {processor.py:830} INFO - Processing file /home/airflow/.local/lib/python3.8/site-packages/airflow/example_dags/example_skip_dag.py for tasks to queue
[2026-04-21T04:55:59.201+0000] {logging_mixin.py:188} INFO - [2026-04-21T04:55:59.201+0000] {dagbag.py:538} INFO - Filling up the DagBag from /home/airflow/.local/lib/python3.8/site-packages/airflow/example_dags/example_skip_dag.py
[2026-04-21T04:55:59.211+0000] {processor.py:840} INFO - DAG(s) 'example_skip_dag' retrieved from /home/airflow/.local/lib/python3.8/site-packages/airflow/example_dags/example_skip_dag.py
[2026-04-21T04:55:59.241+0000] {logging_mixin.py:188} INFO - [2026-04-21T04:55:59.241+0000] {dag.py:3036} INFO - Sync 1 DAGs
[2026-04-21T04:55:59.270+0000] {logging_mixin.py:188} INFO - [2026-04-21T04:55:59.270+0000] {dag.py:3823} INFO - Setting next_dagrun for example_skip_dag to 2026-04-20 00:00:00+00:00, run_after=2026-04-21 00:00:00+00:00
[2026-04-21T04:55:59.294+0000] {processor.py:183} INFO - Processing /home/airflow/.local/lib/python3.8/site-packages/airflow/example_dags/example_skip_dag.py took 0.108 seconds
[2026-04-21T04:56:29.416+0000] {processor.py:161} INFO - Started process (PID=6031) to work on /home/airflow/.local/lib/python3.8/site-packages/airflow/example_dags/example_skip_dag.py
[2026-04-21T04:56:29.425+0000] {processor.py:830} INFO - Processing file /home/airflow/.local/lib/python3.8/site-packages/airflow/example_dags/example_skip_dag.py for tasks to queue
[2026-04-21T04:56:29.427+0000] {logging_mixin.py:188} INFO - [2026-04-21T04:56:29.426+0000] {dagbag.py:538} INFO - Filling up the DagBag from /home/airflow/.local/lib/python3.8/site-packages/airflow/example_dags/example_skip_dag.py
[2026-04-21T04:56:29.438+0000] {processor.py:840} INFO - DAG(s) 'example_skip_dag' retrieved from /home/airflow/.local/lib/python3.8/site-packages/airflow/example_dags/example_skip_dag.py
[2026-04-21T04:56:29.471+0000] {logging_mixin.py:188} INFO - [2026-04-21T04:56:29.470+0000] {dag.py:3036} INFO - Sync 1 DAGs
[2026-04-21T04:56:29.503+0000] {logging_mixin.py:188} INFO - [2026-04-21T04:56:29.503+0000] {dag.py:3823} INFO - Setting next_dagrun for example_skip_dag to 2026-04-20 00:00:00+00:00, run_after=2026-04-21 00:00:00+00:00
[2026-04-21T04:56:29.528+0000] {processor.py:183} INFO - Processing /home/airflow/.local/lib/python3.8/site-packages/airflow/example_dags/example_skip_dag.py took 0.117 seconds
[2026-04-21T04:56:59.690+0000] {processor.py:161} INFO - Started process (PID=6086) to work on /home/airflow/.local/lib/python3.8/site-packages/airflow/example_dags/example_skip_dag.py
[2026-04-21T04:56:59.699+0000] {processor.py:830} INFO - Processing file /home/airflow/.local/lib/python3.8/site-packages/airflow/example_dags/example_skip_dag.py for tasks to queue
[2026-04-21T04:56:59.700+0000] {logging_mixin.py:188} INFO - [2026-04-21T04:56:59.700+0000] {dagbag.py:538} INFO - Filling up the DagBag from /home/airflow/.local/lib/python3.8/site-packages/airflow/example_dags/example_skip_dag.py
[2026-04-21T04:56:59.710+0000] {processor.py:840} INFO - DAG(s) 'example_skip_dag' retrieved from /home/airflow/.local/lib/python3.8/site-packages/airflow/example_dags/example_skip_dag.py
[2026-04-21T04:56:59.739+0000] {logging_mixin.py:188} INFO - [2026-04-21T04:56:59.739+0000] {dag.py:3036} INFO - Sync 1 DAGs
[2026-04-21T04:56:59.767+0000] {logging_mixin.py:188} INFO - [2026-04-21T04:56:59.767+0000] {dag.py:3823} INFO - Setting next_dagrun for example_skip_dag to 2026-04-20 00:00:00+00:00, run_after=2026-04-21 00:00:00+00:00
[2026-04-21T04:56:59.792+0000] {processor.py:183} INFO - Processing /home/airflow/.local/lib/python3.8/site-packages/airflow/example_dags/example_skip_dag.py took 0.106 seconds
[2026-04-21T04:57:30.283+0000] {processor.py:161} INFO - Started process (PID=6141) to work on /home/airflow/.local/lib/python3.8/site-packages/airflow/example_dags/example_skip_dag.py
[2026-04-21T04:57:30.292+0000] {processor.py:830} INFO - Processing file /home/airflow/.local/lib/python3.8/site-packages/airflow/example_dags/example_skip_dag.py for tasks to queue
[2026-04-21T04:57:30.293+0000] {logging_mixin.py:188} INFO - [2026-04-21T04:57:30.293+0000] {dagbag.py:538} INFO - Filling up the DagBag from /home/airflow/.local/lib/python3.8/site-packages/airflow/example_dags/example_skip_dag.py
[2026-04-21T04:57:30.303+0000] {processor.py:840} INFO - DAG(s) 'example_skip_dag' retrieved from /home/airflow/.local/lib/python3.8/site-packages/airflow/example_dags/example_skip_dag.py
[2026-04-21T04:57:30.333+0000] {logging_mixin.py:188} INFO - [2026-04-21T04:57:30.333+0000] {dag.py:3036} INFO - Sync 1 DAGs
[2026-04-21T04:57:30.362+0000] {logging_mixin.py:188} INFO - [2026-04-21T04:57:30.362+0000] {dag.py:3823} INFO - Setting next_dagrun for example_skip_dag to 2026-04-20 00:00:00+00:00, run_after=2026-04-21 00:00:00+00:00
[2026-04-21T04:57:30.387+0000] {processor.py:183} INFO - Processing /home/airflow/.local/lib/python3.8/site-packages/airflow/example_dags/example_skip_dag.py took 0.108 seconds
[2026-04-21T04:58:00.713+0000] {processor.py:161} INFO - Started process (PID=6196) to work on /home/airflow/.local/lib/python3.8/site-packages/airflow/example_dags/example_skip_dag.py
[2026-04-21T04:58:00.715+0000] {processor.py:830} INFO - Processing file /home/airflow/.local/lib/python3.8/site-packages/airflow/example_dags/example_skip_dag.py for tasks to queue
[2026-04-21T04:58:00.716+0000] {logging_mixin.py:188} INFO - [2026-04-21T04:58:00.716+0000] {dagbag.py:538} INFO - Filling up the DagBag from /home/airflow/.local/lib/python3.8/site-packages/airflow/example_dags/example_skip_dag.py
[2026-04-21T04:58:00.727+0000] {processor.py:840} INFO - DAG(s) 'example_skip_dag' retrieved from /home/airflow/.local/lib/python3.8/site-packages/airflow/example_dags/example_skip_dag.py
[2026-04-21T04:58:00.760+0000] {logging_mixin.py:188} INFO - [2026-04-21T04:58:00.760+0000] {dag.py:3036} INFO - Sync 1 DAGs
[2026-04-21T04:58:00.791+0000] {logging_mixin.py:188} INFO - [2026-04-21T04:58:00.791+0000] {dag.py:3823} INFO - Setting next_dagrun for example_skip_dag to 2026-04-20 00:00:00+00:00, run_after=2026-04-21 00:00:00+00:00
[2026-04-21T04:58:00.816+0000] {processor.py:183} INFO - Processing /home/airflow/.local/lib/python3.8/site-packages/airflow/example_dags/example_skip_dag.py took 0.108 seconds
[2026-04-21T04:58:31.153+0000] {processor.py:161} INFO - Started process (PID=6251) to work on /home/airflow/.local/lib/python3.8/site-packages/airflow/example_dags/example_skip_dag.py
[2026-04-21T04:58:31.162+0000] {processor.py:830} INFO - Processing file /home/airflow/.local/lib/python3.8/site-packages/airflow/example_dags/example_skip_dag.py for tasks to queue
[2026-04-21T04:58:31.163+0000] {logging_mixin.py:188} INFO - [2026-04-21T04:58:31.163+0000] {dagbag.py:538} INFO - Filling up the DagBag from /home/airflow/.local/lib/python3.8/site-packages/airflow/example_dags/example_skip_dag.py
[2026-04-21T04:58:31.172+0000] {processor.py:840} INFO - DAG(s) 'example_skip_dag' retrieved from /home/airflow/.local/lib/python3.8/site-packages/airflow/example_dags/example_skip_dag.py
[2026-04-21T04:58:31.201+0000] {logging_mixin.py:188} INFO - [2026-04-21T04:58:31.201+0000] {dag.py:3036} INFO - Sync 1 DAGs
[2026-04-21T04:58:31.230+0000] {logging_mixin.py:188} INFO - [2026-04-21T04:58:31.230+0000] {dag.py:3823} INFO - Setting next_dagrun for example_skip_dag to 2026-04-20 00:00:00+00:00, run_after=2026-04-21 00:00:00+00:00
[2026-04-21T04:58:31.253+0000] {processor.py:183} INFO - Processing /home/airflow/.local/lib/python3.8/site-packages/airflow/example_dags/example_skip_dag.py took 0.106 seconds
[2026-04-21T04:59:01.694+0000] {processor.py:161} INFO - Started process (PID=6306) to work on /home/airflow/.local/lib/python3.8/site-packages/airflow/example_dags/example_skip_dag.py
[2026-04-21T04:59:01.703+0000] {processor.py:830} INFO - Processing file /home/airflow/.local/lib/python3.8/site-packages/airflow/example_dags/example_skip_dag.py for tasks to queue
[2026-04-21T04:59:01.705+0000] {logging_mixin.py:188} INFO - [2026-04-21T04:59:01.704+0000] {dagbag.py:538} INFO - Filling up the DagBag from /home/airflow/.local/lib/python3.8/site-packages/airflow/example_dags/example_skip_dag.py
[2026-04-21T04:59:01.716+0000] {processor.py:840} INFO - DAG(s) 'example_skip_dag' retrieved from /home/airflow/.local/lib/python3.8/site-packages/airflow/example_dags/example_skip_dag.py
[2026-04-21T04:59:01.751+0000] {logging_mixin.py:188} INFO - [2026-04-21T04:59:01.750+0000] {dag.py:3036} INFO - Sync 1 DAGs
[2026-04-21T04:59:01.782+0000] {logging_mixin.py:188} INFO - [2026-04-21T04:59:01.782+0000] {dag.py:3823} INFO - Setting next_dagrun for example_skip_dag to 2026-04-20 00:00:00+00:00, run_after=2026-04-21 00:00:00+00:00
[2026-04-21T04:59:01.806+0000] {processor.py:183} INFO - Processing /home/airflow/.local/lib/python3.8/site-packages/airflow/example_dags/example_skip_dag.py took 0.117 seconds
[2026-04-21T04:59:31.987+0000] {processor.py:161} INFO - Started process (PID=6361) to work on /home/airflow/.local/lib/python3.8/site-packages/airflow/example_dags/example_skip_dag.py
[2026-04-21T04:59:31.996+0000] {processor.py:830} INFO - Processing file /home/airflow/.local/lib/python3.8/site-packages/airflow/example_dags/example_skip_dag.py for tasks to queue
[2026-04-21T04:59:31.998+0000] {logging_mixin.py:188} INFO - [2026-04-21T04:59:31.997+0000] {dagbag.py:538} INFO - Filling up the DagBag from /home/airflow/.local/lib/python3.8/site-packages/airflow/example_dags/example_skip_dag.py
[2026-04-21T04:59:32.007+0000] {processor.py:840} INFO - DAG(s) 'example_skip_dag' retrieved from /home/airflow/.local/lib/python3.8/site-packages/airflow/example_dags/example_skip_dag.py
[2026-04-21T04:59:32.038+0000] {logging_mixin.py:188} INFO - [2026-04-21T04:59:32.038+0000] {dag.py:3036} INFO - Sync 1 DAGs
[2026-04-21T04:59:32.067+0000] {logging_mixin.py:188} INFO - [2026-04-21T04:59:32.067+0000] {dag.py:3823} INFO - Setting next_dagrun for example_skip_dag to 2026-04-20 00:00:00+00:00, run_after=2026-04-21 00:00:00+00:00
[2026-04-21T04:59:32.090+0000] {processor.py:183} INFO - Processing /home/airflow/.local/lib/python3.8/site-packages/airflow/example_dags/example_skip_dag.py took 0.107 seconds
[2026-04-21T05:00:02.342+0000] {processor.py:161} INFO - Started process (PID=6416) to work on /home/airflow/.local/lib/python3.8/site-packages/airflow/example_dags/example_skip_dag.py
[2026-04-21T05:00:02.352+0000] {processor.py:830} INFO - Processing file /home/airflow/.local/lib/python3.8/site-packages/airflow/example_dags/example_skip_dag.py for tasks to queue
[2026-04-21T05:00:02.353+0000] {logging_mixin.py:188} INFO - [2026-04-21T05:00:02.353+0000] {dagbag.py:538} INFO - Filling up the DagBag from /home/airflow/.local/lib/python3.8/site-packages/airflow/example_dags/example_skip_dag.py
[2026-04-21T05:00:02.363+0000] {processor.py:840} INFO - DAG(s) 'example_skip_dag' retrieved from /home/airflow/.local/lib/python3.8/site-packages/airflow/example_dags/example_skip_dag.py
[2026-04-21T05:00:02.394+0000] {logging_mixin.py:188} INFO - [2026-04-21T05:00:02.393+0000] {dag.py:3036} INFO - Sync 1 DAGs
[2026-04-21T05:00:02.422+0000] {logging_mixin.py:188} INFO - [2026-04-21T05:00:02.421+0000] {dag.py:3823} INFO - Setting next_dagrun for example_skip_dag to 2026-04-20 00:00:00+00:00, run_after=2026-04-21 00:00:00+00:00
[2026-04-21T05:00:02.446+0000] {processor.py:183} INFO - Processing /home/airflow/.local/lib/python3.8/site-packages/airflow/example_dags/example_skip_dag.py took 0.108 seconds
[2026-04-21T05:00:32.703+0000] {processor.py:161} INFO - Started process (PID=6471) to work on /home/airflow/.local/lib/python3.8/site-packages/airflow/example_dags/example_skip_dag.py
[2026-04-21T05:00:32.704+0000] {processor.py:830} INFO - Processing file /home/airflow/.local/lib/python3.8/site-packages/airflow/example_dags/example_skip_dag.py for tasks to queue
[2026-04-21T05:00:32.705+0000] {logging_mixin.py:188} INFO - [2026-04-21T05:00:32.705+0000] {dagbag.py:538} INFO - Filling up the DagBag from /home/airflow/.local/lib/python3.8/site-packages/airflow/example_dags/example_skip_dag.py
[2026-04-21T05:00:32.714+0000] {processor.py:840} INFO - DAG(s) 'example_skip_dag' retrieved from /home/airflow/.local/lib/python3.8/site-packages/airflow/example_dags/example_skip_dag.py
[2026-04-21T05:00:32.744+0000] {logging_mixin.py:188} INFO - [2026-04-21T05:00:32.744+0000] {dag.py:3036} INFO - Sync 1 DAGs
[2026-04-21T05:00:32.773+0000] {logging_mixin.py:188} INFO - [2026-04-21T05:00:32.773+0000] {dag.py:3823} INFO - Setting next_dagrun for example_skip_dag to 2026-04-20 00:00:00+00:00, run_after=2026-04-21 00:00:00+00:00
[2026-04-21T05:00:32.795+0000] {processor.py:183} INFO - Processing /home/airflow/.local/lib/python3.8/site-packages/airflow/example_dags/example_skip_dag.py took 0.097 seconds
[2026-04-21T05:01:03.159+0000] {processor.py:161} INFO - Started process (PID=6526) to work on /home/airflow/.local/lib/python3.8/site-packages/airflow/example_dags/example_skip_dag.py
[2026-04-21T05:01:03.160+0000] {processor.py:830} INFO - Processing file /home/airflow/.local/lib/python3.8/site-packages/airflow/example_dags/example_skip_dag.py for tasks to queue
[2026-04-21T05:01:03.162+0000] {logging_mixin.py:188} INFO - [2026-04-21T05:01:03.161+0000] {dagbag.py:538} INFO - Filling up the DagBag from /home/airflow/.local/lib/python3.8/site-packages/airflow/example_dags/example_skip_dag.py
[2026-04-21T05:01:03.171+0000] {processor.py:840} INFO - DAG(s) 'example_skip_dag' retrieved from /home/airflow/.local/lib/python3.8/site-packages/airflow/example_dags/example_skip_dag.py
[2026-04-21T05:01:03.201+0000] {logging_mixin.py:188} INFO - [2026-04-21T05:01:03.200+0000] {dag.py:3036} INFO - Sync 1 DAGs
[2026-04-21T05:01:03.230+0000] {logging_mixin.py:188} INFO - [2026-04-21T05:01:03.230+0000] {dag.py:3823} INFO - Setting next_dagrun for example_skip_dag to 2026-04-20 00:00:00+00:00, run_after=2026-04-21 00:00:00+00:00
[2026-04-21T05:01:03.253+0000] {processor.py:183} INFO - Processing /home/airflow/.local/lib/python3.8/site-packages/airflow/example_dags/example_skip_dag.py took 0.098 seconds
[2026-04-21T05:01:33.971+0000] {processor.py:161} INFO - Started process (PID=6581) to work on /home/airflow/.local/lib/python3.8/site-packages/airflow/example_dags/example_skip_dag.py
[2026-04-21T05:01:33.980+0000] {processor.py:830} INFO - Processing file /home/airflow/.local/lib/python3.8/site-packages/airflow/example_dags/example_skip_dag.py for tasks to queue
[2026-04-21T05:01:33.981+0000] {logging_mixin.py:188} INFO - [2026-04-21T05:01:33.981+0000] {dagbag.py:538} INFO - Filling up the DagBag from /home/airflow/.local/lib/python3.8/site-packages/airflow/example_dags/example_skip_dag.py
[2026-04-21T05:01:33.991+0000] {processor.py:840} INFO - DAG(s) 'example_skip_dag' retrieved from /home/airflow/.local/lib/python3.8/site-packages/airflow/example_dags/example_skip_dag.py
[2026-04-21T05:01:34.021+0000] {logging_mixin.py:188} INFO - [2026-04-21T05:01:34.021+0000] {dag.py:3036} INFO - Sync 1 DAGs
[2026-04-21T05:01:34.050+0000] {logging_mixin.py:188} INFO - [2026-04-21T05:01:34.050+0000] {dag.py:3823} INFO - Setting next_dagrun for example_skip_dag to 2026-04-20 00:00:00+00:00, run_after=2026-04-21 00:00:00+00:00
[2026-04-21T05:01:34.075+0000] {processor.py:183} INFO - Processing /home/airflow/.local/lib/python3.8/site-packages/airflow/example_dags/example_skip_dag.py took 0.108 seconds
[2026-04-21T05:02:04.746+0000] {processor.py:161} INFO - Started process (PID=6636) to work on /home/airflow/.local/lib/python3.8/site-packages/airflow/example_dags/example_skip_dag.py
[2026-04-21T05:02:04.755+0000] {processor.py:830} INFO - Processing file /home/airflow/.local/lib/python3.8/site-packages/airflow/example_dags/example_skip_dag.py for tasks to queue
[2026-04-21T05:02:04.757+0000] {logging_mixin.py:188} INFO - [2026-04-21T05:02:04.757+0000] {dagbag.py:538} INFO - Filling up the DagBag from /home/airflow/.local/lib/python3.8/site-packages/airflow/example_dags/example_skip_dag.py
[2026-04-21T05:02:04.769+0000] {processor.py:840} INFO - DAG(s) 'example_skip_dag' retrieved from /home/airflow/.local/lib/python3.8/site-packages/airflow/example_dags/example_skip_dag.py
[2026-04-21T05:02:04.800+0000] {logging_mixin.py:188} INFO - [2026-04-21T05:02:04.800+0000] {dag.py:3036} INFO - Sync 1 DAGs
[2026-04-21T05:02:04.832+0000] {logging_mixin.py:188} INFO - [2026-04-21T05:02:04.832+0000] {dag.py:3823} INFO - Setting next_dagrun for example_skip_dag to 2026-04-20 00:00:00+00:00, run_after=2026-04-21 00:00:00+00:00
[2026-04-21T05:02:04.857+0000] {processor.py:183} INFO - Processing /home/airflow/.local/lib/python3.8/site-packages/airflow/example_dags/example_skip_dag.py took 0.117 seconds
[2026-04-21T05:02:35.081+0000] {processor.py:161} INFO - Started process (PID=6691) to work on /home/airflow/.local/lib/python3.8/site-packages/airflow/example_dags/example_skip_dag.py
[2026-04-21T05:02:35.090+0000] {processor.py:830} INFO - Processing file /home/airflow/.local/lib/python3.8/site-packages/airflow/example_dags/example_skip_dag.py for tasks to queue
[2026-04-21T05:02:35.091+0000] {logging_mixin.py:188} INFO - [2026-04-21T05:02:35.091+0000] {dagbag.py:538} INFO - Filling up the DagBag from /home/airflow/.local/lib/python3.8/site-packages/airflow/example_dags/example_skip_dag.py
[2026-04-21T05:02:35.103+0000] {processor.py:840} INFO - DAG(s) 'example_skip_dag' retrieved from /home/airflow/.local/lib/python3.8/site-packages/airflow/example_dags/example_skip_dag.py
[2026-04-21T05:02:35.137+0000] {logging_mixin.py:188} INFO - [2026-04-21T05:02:35.136+0000] {dag.py:3036} INFO - Sync 1 DAGs
[2026-04-21T05:02:35.171+0000] {logging_mixin.py:188} INFO - [2026-04-21T05:02:35.170+0000] {dag.py:3823} INFO - Setting next_dagrun for example_skip_dag to 2026-04-20 00:00:00+00:00, run_after=2026-04-21 00:00:00+00:00
[2026-04-21T05:02:35.195+0000] {processor.py:183} INFO - Processing /home/airflow/.local/lib/python3.8/site-packages/airflow/example_dags/example_skip_dag.py took 0.121 seconds
[2026-04-21T05:03:05.637+0000] {processor.py:161} INFO - Started process (PID=6746) to work on /home/airflow/.local/lib/python3.8/site-packages/airflow/example_dags/example_skip_dag.py
[2026-04-21T05:03:05.647+0000] {processor.py:830} INFO - Processing file /home/airflow/.local/lib/python3.8/site-packages/airflow/example_dags/example_skip_dag.py for tasks to queue
[2026-04-21T05:03:05.648+0000] {logging_mixin.py:188} INFO - [2026-04-21T05:03:05.648+0000] {dagbag.py:538} INFO - Filling up the DagBag from /home/airflow/.local/lib/python3.8/site-packages/airflow/example_dags/example_skip_dag.py
[2026-04-21T05:03:05.658+0000] {processor.py:840} INFO - DAG(s) 'example_skip_dag' retrieved from /home/airflow/.local/lib/python3.8/site-packages/airflow/example_dags/example_skip_dag.py
[2026-04-21T05:03:05.687+0000] {logging_mixin.py:188} INFO - [2026-04-21T05:03:05.687+0000] {dag.py:3036} INFO - Sync 1 DAGs
[2026-04-21T05:03:05.716+0000] {logging_mixin.py:188} INFO - [2026-04-21T05:03:05.716+0000] {dag.py:3823} INFO - Setting next_dagrun for example_skip_dag to 2026-04-20 00:00:00+00:00, run_after=2026-04-21 00:00:00+00:00
[2026-04-21T05:03:05.739+0000] {processor.py:183} INFO - Processing /home/airflow/.local/lib/python3.8/site-packages/airflow/example_dags/example_skip_dag.py took 0.107 seconds
[2026-04-21T05:03:36.321+0000] {processor.py:161} INFO - Started process (PID=6801) to work on /home/airflow/.local/lib/python3.8/site-packages/airflow/example_dags/example_skip_dag.py
[2026-04-21T05:03:36.330+0000] {processor.py:830} INFO - Processing file /home/airflow/.local/lib/python3.8/site-packages/airflow/example_dags/example_skip_dag.py for tasks to queue
[2026-04-21T05:03:36.331+0000] {logging_mixin.py:188} INFO - [2026-04-21T05:03:36.331+0000] {dagbag.py:538} INFO - Filling up the DagBag from /home/airflow/.local/lib/python3.8/site-packages/airflow/example_dags/example_skip_dag.py
[2026-04-21T05:03:36.341+0000] {processor.py:840} INFO - DAG(s) 'example_skip_dag' retrieved from /home/airflow/.local/lib/python3.8/site-packages/airflow/example_dags/example_skip_dag.py
[2026-04-21T05:03:36.371+0000] {logging_mixin.py:188} INFO - [2026-04-21T05:03:36.371+0000] {dag.py:3036} INFO - Sync 1 DAGs
[2026-04-21T05:03:36.401+0000] {logging_mixin.py:188} INFO - [2026-04-21T05:03:36.400+0000] {dag.py:3823} INFO - Setting next_dagrun for example_skip_dag to 2026-04-20 00:00:00+00:00, run_after=2026-04-21 00:00:00+00:00
[2026-04-21T05:03:36.425+0000] {processor.py:183} INFO - Processing /home/airflow/.local/lib/python3.8/site-packages/airflow/example_dags/example_skip_dag.py took 0.109 seconds
[2026-04-21T05:04:07.023+0000] {processor.py:161} INFO - Started process (PID=6856) to work on /home/airflow/.local/lib/python3.8/site-packages/airflow/example_dags/example_skip_dag.py
[2026-04-21T05:04:07.032+0000] {processor.py:830} INFO - Processing file /home/airflow/.local/lib/python3.8/site-packages/airflow/example_dags/example_skip_dag.py for tasks to queue
[2026-04-21T05:04:07.034+0000] {logging_mixin.py:188} INFO - [2026-04-21T05:04:07.033+0000] {dagbag.py:538} INFO - Filling up the DagBag from /home/airflow/.local/lib/python3.8/site-packages/airflow/example_dags/example_skip_dag.py
[2026-04-21T05:04:07.043+0000] {processor.py:840} INFO - DAG(s) 'example_skip_dag' retrieved from /home/airflow/.local/lib/python3.8/site-packages/airflow/example_dags/example_skip_dag.py
[2026-04-21T05:04:07.073+0000] {logging_mixin.py:188} INFO - [2026-04-21T05:04:07.073+0000] {dag.py:3036} INFO - Sync 1 DAGs
[2026-04-21T05:04:07.102+0000] {logging_mixin.py:188} INFO - [2026-04-21T05:04:07.102+0000] {dag.py:3823} INFO - Setting next_dagrun for example_skip_dag to 2026-04-20 00:00:00+00:00, run_after=2026-04-21 00:00:00+00:00
[2026-04-21T05:04:07.125+0000] {processor.py:183} INFO - Processing /home/airflow/.local/lib/python3.8/site-packages/airflow/example_dags/example_skip_dag.py took 0.107 seconds
[2026-04-21T05:04:37.354+0000] {processor.py:161} INFO - Started process (PID=6911) to work on /home/airflow/.local/lib/python3.8/site-packages/airflow/example_dags/example_skip_dag.py
[2026-04-21T05:04:37.356+0000] {processor.py:830} INFO - Processing file /home/airflow/.local/lib/python3.8/site-packages/airflow/example_dags/example_skip_dag.py for tasks to queue
[2026-04-21T05:04:37.357+0000] {logging_mixin.py:188} INFO - [2026-04-21T05:04:37.356+0000] {dagbag.py:538} INFO - Filling up the DagBag from /home/airflow/.local/lib/python3.8/site-packages/airflow/example_dags/example_skip_dag.py
[2026-04-21T05:04:37.367+0000] {processor.py:840} INFO - DAG(s) 'example_skip_dag' retrieved from /home/airflow/.local/lib/python3.8/site-packages/airflow/example_dags/example_skip_dag.py
[2026-04-21T05:04:37.401+0000] {logging_mixin.py:188} INFO - [2026-04-21T05:04:37.400+0000] {dag.py:3036} INFO - Sync 1 DAGs
[2026-04-21T05:04:37.432+0000] {logging_mixin.py:188} INFO - [2026-04-21T05:04:37.431+0000] {dag.py:3823} INFO - Setting next_dagrun for example_skip_dag to 2026-04-20 00:00:00+00:00, run_after=2026-04-21 00:00:00+00:00
[2026-04-21T05:04:37.456+0000] {processor.py:183} INFO - Processing /home/airflow/.local/lib/python3.8/site-packages/airflow/example_dags/example_skip_dag.py took 0.106 seconds
[2026-04-21T05:05:08.137+0000] {processor.py:161} INFO - Started process (PID=6966) to work on /home/airflow/.local/lib/python3.8/site-packages/airflow/example_dags/example_skip_dag.py
[2026-04-21T05:05:08.139+0000] {processor.py:830} INFO - Processing file /home/airflow/.local/lib/python3.8/site-packages/airflow/example_dags/example_skip_dag.py for tasks to queue
[2026-04-21T05:05:08.140+0000] {logging_mixin.py:188} INFO - [2026-04-21T05:05:08.139+0000] {dagbag.py:538} INFO - Filling up the DagBag from /home/airflow/.local/lib/python3.8/site-packages/airflow/example_dags/example_skip_dag.py
[2026-04-21T05:05:08.149+0000] {processor.py:840} INFO - DAG(s) 'example_skip_dag' retrieved from /home/airflow/.local/lib/python3.8/site-packages/airflow/example_dags/example_skip_dag.py
[2026-04-21T05:05:08.179+0000] {logging_mixin.py:188} INFO - [2026-04-21T05:05:08.179+0000] {dag.py:3036} INFO - Sync 1 DAGs
[2026-04-21T05:05:08.209+0000] {logging_mixin.py:188} INFO - [2026-04-21T05:05:08.209+0000] {dag.py:3823} INFO - Setting next_dagrun for example_skip_dag to 2026-04-20 00:00:00+00:00, run_after=2026-04-21 00:00:00+00:00
[2026-04-21T05:05:08.233+0000] {processor.py:183} INFO - Processing /home/airflow/.local/lib/python3.8/site-packages/airflow/example_dags/example_skip_dag.py took 0.100 seconds
[2026-04-21T05:05:38.745+0000] {processor.py:161} INFO - Started process (PID=7022) to work on /home/airflow/.local/lib/python3.8/site-packages/airflow/example_dags/example_skip_dag.py
[2026-04-21T05:05:38.755+0000] {processor.py:830} INFO - Processing file /home/airflow/.local/lib/python3.8/site-packages/airflow/example_dags/example_skip_dag.py for tasks to queue
[2026-04-21T05:05:38.756+0000] {logging_mixin.py:188} INFO - [2026-04-21T05:05:38.756+0000] {dagbag.py:538} INFO - Filling up the DagBag from /home/airflow/.local/lib/python3.8/site-packages/airflow/example_dags/example_skip_dag.py
[2026-04-21T05:05:38.765+0000] {processor.py:840} INFO - DAG(s) 'example_skip_dag' retrieved from /home/airflow/.local/lib/python3.8/site-packages/airflow/example_dags/example_skip_dag.py
[2026-04-21T05:05:38.795+0000] {logging_mixin.py:188} INFO - [2026-04-21T05:05:38.795+0000] {dag.py:3036} INFO - Sync 1 DAGs
[2026-04-21T05:05:38.825+0000] {logging_mixin.py:188} INFO - [2026-04-21T05:05:38.824+0000] {dag.py:3823} INFO - Setting next_dagrun for example_skip_dag to 2026-04-20 00:00:00+00:00, run_after=2026-04-21 00:00:00+00:00
[2026-04-21T05:05:38.849+0000] {processor.py:183} INFO - Processing /home/airflow/.local/lib/python3.8/site-packages/airflow/example_dags/example_skip_dag.py took 0.108 seconds
[2026-04-21T05:06:09.234+0000] {processor.py:161} INFO - Started process (PID=7077) to work on /home/airflow/.local/lib/python3.8/site-packages/airflow/example_dags/example_skip_dag.py
[2026-04-21T05:06:09.243+0000] {processor.py:830} INFO - Processing file /home/airflow/.local/lib/python3.8/site-packages/airflow/example_dags/example_skip_dag.py for tasks to queue
[2026-04-21T05:06:09.245+0000] {logging_mixin.py:188} INFO - [2026-04-21T05:06:09.244+0000] {dagbag.py:538} INFO - Filling up the DagBag from /home/airflow/.local/lib/python3.8/site-packages/airflow/example_dags/example_skip_dag.py
[2026-04-21T05:06:09.254+0000] {processor.py:840} INFO - DAG(s) 'example_skip_dag' retrieved from /home/airflow/.local/lib/python3.8/site-packages/airflow/example_dags/example_skip_dag.py
[2026-04-21T05:06:09.286+0000] {logging_mixin.py:188} INFO - [2026-04-21T05:06:09.286+0000] {dag.py:3036} INFO - Sync 1 DAGs
[2026-04-21T05:06:09.317+0000] {logging_mixin.py:188} INFO - [2026-04-21T05:06:09.317+0000] {dag.py:3823} INFO - Setting next_dagrun for example_skip_dag to 2026-04-20 00:00:00+00:00, run_after=2026-04-21 00:00:00+00:00
[2026-04-21T05:06:09.342+0000] {processor.py:183} INFO - Processing /home/airflow/.local/lib/python3.8/site-packages/airflow/example_dags/example_skip_dag.py took 0.112 seconds
[2026-04-21T05:06:39.415+0000] {processor.py:161} INFO - Started process (PID=7132) to work on /home/airflow/.local/lib/python3.8/site-packages/airflow/example_dags/example_skip_dag.py
[2026-04-21T05:06:39.417+0000] {processor.py:830} INFO - Processing file /home/airflow/.local/lib/python3.8/site-packages/airflow/example_dags/example_skip_dag.py for tasks to queue
[2026-04-21T05:06:39.418+0000] {logging_mixin.py:188} INFO - [2026-04-21T05:06:39.417+0000] {dagbag.py:538} INFO - Filling up the DagBag from /home/airflow/.local/lib/python3.8/site-packages/airflow/example_dags/example_skip_dag.py
[2026-04-21T05:06:39.428+0000] {processor.py:840} INFO - DAG(s) 'example_skip_dag' retrieved from /home/airflow/.local/lib/python3.8/site-packages/airflow/example_dags/example_skip_dag.py
[2026-04-21T05:06:39.461+0000] {logging_mixin.py:188} INFO - [2026-04-21T05:06:39.460+0000] {dag.py:3036} INFO - Sync 1 DAGs
[2026-04-21T05:06:39.492+0000] {logging_mixin.py:188} INFO - [2026-04-21T05:06:39.492+0000] {dag.py:3823} INFO - Setting next_dagrun for example_skip_dag to 2026-04-20 00:00:00+00:00, run_after=2026-04-21 00:00:00+00:00
[2026-04-21T05:06:39.519+0000] {processor.py:183} INFO - Processing /home/airflow/.local/lib/python3.8/site-packages/airflow/example_dags/example_skip_dag.py took 0.108 seconds
[2026-04-21T05:07:09.631+0000] {processor.py:161} INFO - Started process (PID=7187) to work on /home/airflow/.local/lib/python3.8/site-packages/airflow/example_dags/example_skip_dag.py
[2026-04-21T05:07:09.640+0000] {processor.py:830} INFO - Processing file /home/airflow/.local/lib/python3.8/site-packages/airflow/example_dags/example_skip_dag.py for tasks to queue
[2026-04-21T05:07:09.641+0000] {logging_mixin.py:188} INFO - [2026-04-21T05:07:09.641+0000] {dagbag.py:538} INFO - Filling up the DagBag from /home/airflow/.local/lib/python3.8/site-packages/airflow/example_dags/example_skip_dag.py
[2026-04-21T05:07:09.653+0000] {processor.py:840} INFO - DAG(s) 'example_skip_dag' retrieved from /home/airflow/.local/lib/python3.8/site-packages/airflow/example_dags/example_skip_dag.py
[2026-04-21T05:07:09.689+0000] {logging_mixin.py:188} INFO - [2026-04-21T05:07:09.688+0000] {dag.py:3036} INFO - Sync 1 DAGs
[2026-04-21T05:07:09.720+0000] {logging_mixin.py:188} INFO - [2026-04-21T05:07:09.720+0000] {dag.py:3823} INFO - Setting next_dagrun for example_skip_dag to 2026-04-20 00:00:00+00:00, run_after=2026-04-21 00:00:00+00:00
[2026-04-21T05:07:09.744+0000] {processor.py:183} INFO - Processing /home/airflow/.local/lib/python3.8/site-packages/airflow/example_dags/example_skip_dag.py took 0.118 seconds
[2026-04-21T05:07:39.960+0000] {processor.py:161} INFO - Started process (PID=7242) to work on /home/airflow/.local/lib/python3.8/site-packages/airflow/example_dags/example_skip_dag.py
[2026-04-21T05:07:39.970+0000] {processor.py:830} INFO - Processing file /home/airflow/.local/lib/python3.8/site-packages/airflow/example_dags/example_skip_dag.py for tasks to queue
[2026-04-21T05:07:39.971+0000] {logging_mixin.py:188} INFO - [2026-04-21T05:07:39.970+0000] {dagbag.py:538} INFO - Filling up the DagBag from /home/airflow/.local/lib/python3.8/site-packages/airflow/example_dags/example_skip_dag.py
[2026-04-21T05:07:39.980+0000] {processor.py:840} INFO - DAG(s) 'example_skip_dag' retrieved from /home/airflow/.local/lib/python3.8/site-packages/airflow/example_dags/example_skip_dag.py
[2026-04-21T05:07:40.009+0000] {logging_mixin.py:188} INFO - [2026-04-21T05:07:40.009+0000] {dag.py:3036} INFO - Sync 1 DAGs
[2026-04-21T05:07:40.040+0000] {logging_mixin.py:188} INFO - [2026-04-21T05:07:40.040+0000] {dag.py:3823} INFO - Setting next_dagrun for example_skip_dag to 2026-04-20 00:00:00+00:00, run_after=2026-04-21 00:00:00+00:00
[2026-04-21T05:07:40.065+0000] {processor.py:183} INFO - Processing /home/airflow/.local/lib/python3.8/site-packages/airflow/example_dags/example_skip_dag.py took 0.110 seconds
[2026-04-21T05:08:10.567+0000] {processor.py:161} INFO - Started process (PID=7297) to work on /home/airflow/.local/lib/python3.8/site-packages/airflow/example_dags/example_skip_dag.py
[2026-04-21T05:08:10.576+0000] {processor.py:830} INFO - Processing file /home/airflow/.local/lib/python3.8/site-packages/airflow/example_dags/example_skip_dag.py for tasks to queue
[2026-04-21T05:08:10.578+0000] {logging_mixin.py:188} INFO - [2026-04-21T05:08:10.577+0000] {dagbag.py:538} INFO - Filling up the DagBag from /home/airflow/.local/lib/python3.8/site-packages/airflow/example_dags/example_skip_dag.py
[2026-04-21T05:08:10.588+0000] {processor.py:840} INFO - DAG(s) 'example_skip_dag' retrieved from /home/airflow/.local/lib/python3.8/site-packages/airflow/example_dags/example_skip_dag.py
[2026-04-21T05:08:10.621+0000] {logging_mixin.py:188} INFO - [2026-04-21T05:08:10.621+0000] {dag.py:3036} INFO - Sync 1 DAGs
[2026-04-21T05:08:10.651+0000] {logging_mixin.py:188} INFO - [2026-04-21T05:08:10.650+0000] {dag.py:3823} INFO - Setting next_dagrun for example_skip_dag to 2026-04-20 00:00:00+00:00, run_after=2026-04-21 00:00:00+00:00
[2026-04-21T05:08:10.675+0000] {processor.py:183} INFO - Processing /home/airflow/.local/lib/python3.8/site-packages/airflow/example_dags/example_skip_dag.py took 0.113 seconds
[2026-04-21T05:08:41.037+0000] {processor.py:161} INFO - Started process (PID=7352) to work on /home/airflow/.local/lib/python3.8/site-packages/airflow/example_dags/example_skip_dag.py
[2026-04-21T05:08:41.046+0000] {processor.py:830} INFO - Processing file /home/airflow/.local/lib/python3.8/site-packages/airflow/example_dags/example_skip_dag.py for tasks to queue
[2026-04-21T05:08:41.048+0000] {logging_mixin.py:188} INFO - [2026-04-21T05:08:41.047+0000] {dagbag.py:538} INFO - Filling up the DagBag from /home/airflow/.local/lib/python3.8/site-packages/airflow/example_dags/example_skip_dag.py
[2026-04-21T05:08:41.057+0000] {processor.py:840} INFO - DAG(s) 'example_skip_dag' retrieved from /home/airflow/.local/lib/python3.8/site-packages/airflow/example_dags/example_skip_dag.py
[2026-04-21T05:08:41.088+0000] {logging_mixin.py:188} INFO - [2026-04-21T05:08:41.087+0000] {dag.py:3036} INFO - Sync 1 DAGs
[2026-04-21T05:08:41.119+0000] {logging_mixin.py:188} INFO - [2026-04-21T05:08:41.118+0000] {dag.py:3823} INFO - Setting next_dagrun for example_skip_dag to 2026-04-20 00:00:00+00:00, run_after=2026-04-21 00:00:00+00:00
[2026-04-21T05:08:41.143+0000] {processor.py:183} INFO - Processing /home/airflow/.local/lib/python3.8/site-packages/airflow/example_dags/example_skip_dag.py took 0.111 seconds
[2026-04-21T05:09:11.634+0000] {processor.py:161} INFO - Started process (PID=7407) to work on /home/airflow/.local/lib/python3.8/site-packages/airflow/example_dags/example_skip_dag.py
[2026-04-21T05:09:11.644+0000] {processor.py:830} INFO - Processing file /home/airflow/.local/lib/python3.8/site-packages/airflow/example_dags/example_skip_dag.py for tasks to queue
[2026-04-21T05:09:11.645+0000] {logging_mixin.py:188} INFO - [2026-04-21T05:09:11.645+0000] {dagbag.py:538} INFO - Filling up the DagBag from /home/airflow/.local/lib/python3.8/site-packages/airflow/example_dags/example_skip_dag.py
[2026-04-21T05:09:11.656+0000] {processor.py:840} INFO - DAG(s) 'example_skip_dag' retrieved from /home/airflow/.local/lib/python3.8/site-packages/airflow/example_dags/example_skip_dag.py
[2026-04-21T05:09:11.689+0000] {logging_mixin.py:188} INFO - [2026-04-21T05:09:11.689+0000] {dag.py:3036} INFO - Sync 1 DAGs
[2026-04-21T05:09:11.720+0000] {logging_mixin.py:188} INFO - [2026-04-21T05:09:11.720+0000] {dag.py:3823} INFO - Setting next_dagrun for example_skip_dag to 2026-04-20 00:00:00+00:00, run_after=2026-04-21 00:00:00+00:00
[2026-04-21T05:09:11.744+0000] {processor.py:183} INFO - Processing /home/airflow/.local/lib/python3.8/site-packages/airflow/example_dags/example_skip_dag.py took 0.115 seconds
[2026-04-21T05:09:41.830+0000] {processor.py:161} INFO - Started process (PID=7462) to work on /home/airflow/.local/lib/python3.8/site-packages/airflow/example_dags/example_skip_dag.py
[2026-04-21T05:09:41.839+0000] {processor.py:830} INFO - Processing file /home/airflow/.local/lib/python3.8/site-packages/airflow/example_dags/example_skip_dag.py for tasks to queue
[2026-04-21T05:09:41.840+0000] {logging_mixin.py:188} INFO - [2026-04-21T05:09:41.840+0000] {dagbag.py:538} INFO - Filling up the DagBag from /home/airflow/.local/lib/python3.8/site-packages/airflow/example_dags/example_skip_dag.py
[2026-04-21T05:09:41.849+0000] {processor.py:840} INFO - DAG(s) 'example_skip_dag' retrieved from /home/airflow/.local/lib/python3.8/site-packages/airflow/example_dags/example_skip_dag.py
[2026-04-21T05:09:41.880+0000] {logging_mixin.py:188} INFO - [2026-04-21T05:09:41.879+0000] {dag.py:3036} INFO - Sync 1 DAGs
[2026-04-21T05:09:41.908+0000] {logging_mixin.py:188} INFO - [2026-04-21T05:09:41.908+0000] {dag.py:3823} INFO - Setting next_dagrun for example_skip_dag to 2026-04-20 00:00:00+00:00, run_after=2026-04-21 00:00:00+00:00
[2026-04-21T05:09:41.932+0000] {processor.py:183} INFO - Processing /home/airflow/.local/lib/python3.8/site-packages/airflow/example_dags/example_skip_dag.py took 0.106 seconds
[2026-04-21T05:10:12.255+0000] {processor.py:161} INFO - Started process (PID=7517) to work on /home/airflow/.local/lib/python3.8/site-packages/airflow/example_dags/example_skip_dag.py
[2026-04-21T05:10:12.264+0000] {processor.py:830} INFO - Processing file /home/airflow/.local/lib/python3.8/site-packages/airflow/example_dags/example_skip_dag.py for tasks to queue
[2026-04-21T05:10:12.266+0000] {logging_mixin.py:188} INFO - [2026-04-21T05:10:12.265+0000] {dagbag.py:538} INFO - Filling up the DagBag from /home/airflow/.local/lib/python3.8/site-packages/airflow/example_dags/example_skip_dag.py
[2026-04-21T05:10:12.275+0000] {processor.py:840} INFO - DAG(s) 'example_skip_dag' retrieved from /home/airflow/.local/lib/python3.8/site-packages/airflow/example_dags/example_skip_dag.py
[2026-04-21T05:10:12.308+0000] {logging_mixin.py:188} INFO - [2026-04-21T05:10:12.308+0000] {dag.py:3036} INFO - Sync 1 DAGs
[2026-04-21T05:10:12.340+0000] {logging_mixin.py:188} INFO - [2026-04-21T05:10:12.339+0000] {dag.py:3823} INFO - Setting next_dagrun for example_skip_dag to 2026-04-20 00:00:00+00:00, run_after=2026-04-21 00:00:00+00:00
[2026-04-21T05:10:12.365+0000] {processor.py:183} INFO - Processing /home/airflow/.local/lib/python3.8/site-packages/airflow/example_dags/example_skip_dag.py took 0.115 seconds
[2026-04-21T05:10:42.705+0000] {processor.py:161} INFO - Started process (PID=7572) to work on /home/airflow/.local/lib/python3.8/site-packages/airflow/example_dags/example_skip_dag.py
[2026-04-21T05:10:42.714+0000] {processor.py:830} INFO - Processing file /home/airflow/.local/lib/python3.8/site-packages/airflow/example_dags/example_skip_dag.py for tasks to queue
[2026-04-21T05:10:42.716+0000] {logging_mixin.py:188} INFO - [2026-04-21T05:10:42.715+0000] {dagbag.py:538} INFO - Filling up the DagBag from /home/airflow/.local/lib/python3.8/site-packages/airflow/example_dags/example_skip_dag.py
[2026-04-21T05:10:42.727+0000] {processor.py:840} INFO - DAG(s) 'example_skip_dag' retrieved from /home/airflow/.local/lib/python3.8/site-packages/airflow/example_dags/example_skip_dag.py
[2026-04-21T05:10:42.759+0000] {logging_mixin.py:188} INFO - [2026-04-21T05:10:42.759+0000] {dag.py:3036} INFO - Sync 1 DAGs
[2026-04-21T05:10:42.790+0000] {logging_mixin.py:188} INFO - [2026-04-21T05:10:42.790+0000] {dag.py:3823} INFO - Setting next_dagrun for example_skip_dag to 2026-04-20 00:00:00+00:00, run_after=2026-04-21 00:00:00+00:00
[2026-04-21T05:10:42.818+0000] {processor.py:183} INFO - Processing /home/airflow/.local/lib/python3.8/site-packages/airflow/example_dags/example_skip_dag.py took 0.118 seconds
[2026-04-21T05:11:13.041+0000] {processor.py:161} INFO - Started process (PID=7627) to work on /home/airflow/.local/lib/python3.8/site-packages/airflow/example_dags/example_skip_dag.py
[2026-04-21T05:11:13.050+0000] {processor.py:830} INFO - Processing file /home/airflow/.local/lib/python3.8/site-packages/airflow/example_dags/example_skip_dag.py for tasks to queue
[2026-04-21T05:11:13.051+0000] {logging_mixin.py:188} INFO - [2026-04-21T05:11:13.051+0000] {dagbag.py:538} INFO - Filling up the DagBag from /home/airflow/.local/lib/python3.8/site-packages/airflow/example_dags/example_skip_dag.py
[2026-04-21T05:11:13.061+0000] {processor.py:840} INFO - DAG(s) 'example_skip_dag' retrieved from /home/airflow/.local/lib/python3.8/site-packages/airflow/example_dags/example_skip_dag.py
[2026-04-21T05:11:13.092+0000] {logging_mixin.py:188} INFO - [2026-04-21T05:11:13.092+0000] {dag.py:3036} INFO - Sync 1 DAGs
[2026-04-21T05:11:13.122+0000] {logging_mixin.py:188} INFO - [2026-04-21T05:11:13.122+0000] {dag.py:3823} INFO - Setting next_dagrun for example_skip_dag to 2026-04-20 00:00:00+00:00, run_after=2026-04-21 00:00:00+00:00
[2026-04-21T05:11:13.145+0000] {processor.py:183} INFO - Processing /home/airflow/.local/lib/python3.8/site-packages/airflow/example_dags/example_skip_dag.py took 0.109 seconds
[2026-04-21T05:11:43.389+0000] {processor.py:161} INFO - Started process (PID=7682) to work on /home/airflow/.local/lib/python3.8/site-packages/airflow/example_dags/example_skip_dag.py
[2026-04-21T05:11:43.391+0000] {processor.py:830} INFO - Processing file /home/airflow/.local/lib/python3.8/site-packages/airflow/example_dags/example_skip_dag.py for tasks to queue
[2026-04-21T05:11:43.392+0000] {logging_mixin.py:188} INFO - [2026-04-21T05:11:43.392+0000] {dagbag.py:538} INFO - Filling up the DagBag from /home/airflow/.local/lib/python3.8/site-packages/airflow/example_dags/example_skip_dag.py
[2026-04-21T05:11:43.402+0000] {processor.py:840} INFO - DAG(s) 'example_skip_dag' retrieved from /home/airflow/.local/lib/python3.8/site-packages/airflow/example_dags/example_skip_dag.py
[2026-04-21T05:11:43.436+0000] {logging_mixin.py:188} INFO - [2026-04-21T05:11:43.436+0000] {dag.py:3036} INFO - Sync 1 DAGs
[2026-04-21T05:11:43.466+0000] {logging_mixin.py:188} INFO - [2026-04-21T05:11:43.466+0000] {dag.py:3823} INFO - Setting next_dagrun for example_skip_dag to 2026-04-20 00:00:00+00:00, run_after=2026-04-21 00:00:00+00:00
[2026-04-21T05:11:43.489+0000] {processor.py:183} INFO - Processing /home/airflow/.local/lib/python3.8/site-packages/airflow/example_dags/example_skip_dag.py took 0.105 seconds
[2026-04-21T05:12:13.663+0000] {processor.py:161} INFO - Started process (PID=7737) to work on /home/airflow/.local/lib/python3.8/site-packages/airflow/example_dags/example_skip_dag.py
[2026-04-21T05:12:13.672+0000] {processor.py:830} INFO - Processing file /home/airflow/.local/lib/python3.8/site-packages/airflow/example_dags/example_skip_dag.py for tasks to queue
[2026-04-21T05:12:13.674+0000] {logging_mixin.py:188} INFO - [2026-04-21T05:12:13.673+0000] {dagbag.py:538} INFO - Filling up the DagBag from /home/airflow/.local/lib/python3.8/site-packages/airflow/example_dags/example_skip_dag.py
[2026-04-21T05:12:13.685+0000] {processor.py:840} INFO - DAG(s) 'example_skip_dag' retrieved from /home/airflow/.local/lib/python3.8/site-packages/airflow/example_dags/example_skip_dag.py
[2026-04-21T05:12:13.719+0000] {logging_mixin.py:188} INFO - [2026-04-21T05:12:13.719+0000] {dag.py:3036} INFO - Sync 1 DAGs
[2026-04-21T05:12:13.751+0000] {logging_mixin.py:188} INFO - [2026-04-21T05:12:13.751+0000] {dag.py:3823} INFO - Setting next_dagrun for example_skip_dag to 2026-04-20 00:00:00+00:00, run_after=2026-04-21 00:00:00+00:00
[2026-04-21T05:12:13.776+0000] {processor.py:183} INFO - Processing /home/airflow/.local/lib/python3.8/site-packages/airflow/example_dags/example_skip_dag.py took 0.118 seconds
[2026-04-21T05:12:44.067+0000] {processor.py:161} INFO - Started process (PID=7792) to work on /home/airflow/.local/lib/python3.8/site-packages/airflow/example_dags/example_skip_dag.py
[2026-04-21T05:12:44.076+0000] {processor.py:830} INFO - Processing file /home/airflow/.local/lib/python3.8/site-packages/airflow/example_dags/example_skip_dag.py for tasks to queue
[2026-04-21T05:12:44.077+0000] {logging_mixin.py:188} INFO - [2026-04-21T05:12:44.077+0000] {dagbag.py:538} INFO - Filling up the DagBag from /home/airflow/.local/lib/python3.8/site-packages/airflow/example_dags/example_skip_dag.py
[2026-04-21T05:12:44.086+0000] {processor.py:840} INFO - DAG(s) 'example_skip_dag' retrieved from /home/airflow/.local/lib/python3.8/site-packages/airflow/example_dags/example_skip_dag.py
[2026-04-21T05:12:44.116+0000] {logging_mixin.py:188} INFO - [2026-04-21T05:12:44.116+0000] {dag.py:3036} INFO - Sync 1 DAGs
[2026-04-21T05:12:44.145+0000] {logging_mixin.py:188} INFO - [2026-04-21T05:12:44.145+0000] {dag.py:3823} INFO - Setting next_dagrun for example_skip_dag to 2026-04-20 00:00:00+00:00, run_after=2026-04-21 00:00:00+00:00
[2026-04-21T05:12:44.169+0000] {processor.py:183} INFO - Processing /home/airflow/.local/lib/python3.8/site-packages/airflow/example_dags/example_skip_dag.py took 0.106 seconds
[2026-04-21T05:13:14.354+0000] {processor.py:161} INFO - Started process (PID=7847) to work on /home/airflow/.local/lib/python3.8/site-packages/airflow/example_dags/example_skip_dag.py
[2026-04-21T05:13:14.363+0000] {processor.py:830} INFO - Processing file /home/airflow/.local/lib/python3.8/site-packages/airflow/example_dags/example_skip_dag.py for tasks to queue
[2026-04-21T05:13:14.365+0000] {logging_mixin.py:188} INFO - [2026-04-21T05:13:14.364+0000] {dagbag.py:538} INFO - Filling up the DagBag from /home/airflow/.local/lib/python3.8/site-packages/airflow/example_dags/example_skip_dag.py
[2026-04-21T05:13:14.374+0000] {processor.py:840} INFO - DAG(s) 'example_skip_dag' retrieved from /home/airflow/.local/lib/python3.8/site-packages/airflow/example_dags/example_skip_dag.py
[2026-04-21T05:13:14.408+0000] {logging_mixin.py:188} INFO - [2026-04-21T05:13:14.408+0000] {dag.py:3036} INFO - Sync 1 DAGs
[2026-04-21T05:13:14.440+0000] {logging_mixin.py:188} INFO - [2026-04-21T05:13:14.440+0000] {dag.py:3823} INFO - Setting next_dagrun for example_skip_dag to 2026-04-20 00:00:00+00:00, run_after=2026-04-21 00:00:00+00:00
[2026-04-21T05:13:14.465+0000] {processor.py:183} INFO - Processing /home/airflow/.local/lib/python3.8/site-packages/airflow/example_dags/example_skip_dag.py took 0.116 seconds
[2026-04-21T05:13:44.919+0000] {processor.py:161} INFO - Started process (PID=7902) to work on /home/airflow/.local/lib/python3.8/site-packages/airflow/example_dags/example_skip_dag.py
[2026-04-21T05:13:44.929+0000] {processor.py:830} INFO - Processing file /home/airflow/.local/lib/python3.8/site-packages/airflow/example_dags/example_skip_dag.py for tasks to queue
[2026-04-21T05:13:44.930+0000] {logging_mixin.py:188} INFO - [2026-04-21T05:13:44.930+0000] {dagbag.py:538} INFO - Filling up the DagBag from /home/airflow/.local/lib/python3.8/site-packages/airflow/example_dags/example_skip_dag.py
[2026-04-21T05:13:44.940+0000] {processor.py:840} INFO - DAG(s) 'example_skip_dag' retrieved from /home/airflow/.local/lib/python3.8/site-packages/airflow/example_dags/example_skip_dag.py
[2026-04-21T05:13:44.974+0000] {logging_mixin.py:188} INFO - [2026-04-21T05:13:44.973+0000] {dag.py:3036} INFO - Sync 1 DAGs
[2026-04-21T05:13:45.005+0000] {logging_mixin.py:188} INFO - [2026-04-21T05:13:45.005+0000] {dag.py:3823} INFO - Setting next_dagrun for example_skip_dag to 2026-04-20 00:00:00+00:00, run_after=2026-04-21 00:00:00+00:00
[2026-04-21T05:13:45.029+0000] {processor.py:183} INFO - Processing /home/airflow/.local/lib/python3.8/site-packages/airflow/example_dags/example_skip_dag.py took 0.115 seconds
[2026-04-21T05:14:15.355+0000] {processor.py:161} INFO - Started process (PID=7957) to work on /home/airflow/.local/lib/python3.8/site-packages/airflow/example_dags/example_skip_dag.py
[2026-04-21T05:14:15.365+0000] {processor.py:830} INFO - Processing file /home/airflow/.local/lib/python3.8/site-packages/airflow/example_dags/example_skip_dag.py for tasks to queue
[2026-04-21T05:14:15.366+0000] {logging_mixin.py:188} INFO - [2026-04-21T05:14:15.366+0000] {dagbag.py:538} INFO - Filling up the DagBag from /home/airflow/.local/lib/python3.8/site-packages/airflow/example_dags/example_skip_dag.py
[2026-04-21T05:14:15.378+0000] {processor.py:840} INFO - DAG(s) 'example_skip_dag' retrieved from /home/airflow/.local/lib/python3.8/site-packages/airflow/example_dags/example_skip_dag.py
[2026-04-21T05:14:15.414+0000] {logging_mixin.py:188} INFO - [2026-04-21T05:14:15.414+0000] {dag.py:3036} INFO - Sync 1 DAGs
[2026-04-21T05:14:15.448+0000] {logging_mixin.py:188} INFO - [2026-04-21T05:14:15.448+0000] {dag.py:3823} INFO - Setting next_dagrun for example_skip_dag to 2026-04-20 00:00:00+00:00, run_after=2026-04-21 00:00:00+00:00
[2026-04-21T05:14:15.473+0000] {processor.py:183} INFO - Processing /home/airflow/.local/lib/python3.8/site-packages/airflow/example_dags/example_skip_dag.py took 0.123 seconds
[2026-04-21T05:14:45.678+0000] {processor.py:161} INFO - Started process (PID=8012) to work on /home/airflow/.local/lib/python3.8/site-packages/airflow/example_dags/example_skip_dag.py
[2026-04-21T05:14:45.687+0000] {processor.py:830} INFO - Processing file /home/airflow/.local/lib/python3.8/site-packages/airflow/example_dags/example_skip_dag.py for tasks to queue
[2026-04-21T05:14:45.688+0000] {logging_mixin.py:188} INFO - [2026-04-21T05:14:45.688+0000] {dagbag.py:538} INFO - Filling up the DagBag from /home/airflow/.local/lib/python3.8/site-packages/airflow/example_dags/example_skip_dag.py
[2026-04-21T05:14:45.698+0000] {processor.py:840} INFO - DAG(s) 'example_skip_dag' retrieved from /home/airflow/.local/lib/python3.8/site-packages/airflow/example_dags/example_skip_dag.py
[2026-04-21T05:14:45.727+0000] {logging_mixin.py:188} INFO - [2026-04-21T05:14:45.727+0000] {dag.py:3036} INFO - Sync 1 DAGs
[2026-04-21T05:14:45.756+0000] {logging_mixin.py:188} INFO - [2026-04-21T05:14:45.756+0000] {dag.py:3823} INFO - Setting next_dagrun for example_skip_dag to 2026-04-20 00:00:00+00:00, run_after=2026-04-21 00:00:00+00:00
[2026-04-21T05:14:45.779+0000] {processor.py:183} INFO - Processing /home/airflow/.local/lib/python3.8/site-packages/airflow/example_dags/example_skip_dag.py took 0.105 seconds
[2026-04-21T05:15:16.056+0000] {processor.py:161} INFO - Started process (PID=8067) to work on /home/airflow/.local/lib/python3.8/site-packages/airflow/example_dags/example_skip_dag.py
[2026-04-21T05:15:16.058+0000] {processor.py:830} INFO - Processing file /home/airflow/.local/lib/python3.8/site-packages/airflow/example_dags/example_skip_dag.py for tasks to queue
[2026-04-21T05:15:16.059+0000] {logging_mixin.py:188} INFO - [2026-04-21T05:15:16.058+0000] {dagbag.py:538} INFO - Filling up the DagBag from /home/airflow/.local/lib/python3.8/site-packages/airflow/example_dags/example_skip_dag.py
[2026-04-21T05:15:16.068+0000] {processor.py:840} INFO - DAG(s) 'example_skip_dag' retrieved from /home/airflow/.local/lib/python3.8/site-packages/airflow/example_dags/example_skip_dag.py
[2026-04-21T05:15:16.098+0000] {logging_mixin.py:188} INFO - [2026-04-21T05:15:16.097+0000] {dag.py:3036} INFO - Sync 1 DAGs
[2026-04-21T05:15:16.127+0000] {logging_mixin.py:188} INFO - [2026-04-21T05:15:16.127+0000] {dag.py:3823} INFO - Setting next_dagrun for example_skip_dag to 2026-04-20 00:00:00+00:00, run_after=2026-04-21 00:00:00+00:00
[2026-04-21T05:15:16.149+0000] {processor.py:183} INFO - Processing /home/airflow/.local/lib/python3.8/site-packages/airflow/example_dags/example_skip_dag.py took 0.097 seconds
[2026-04-21T05:15:46.589+0000] {processor.py:161} INFO - Started process (PID=8122) to work on /home/airflow/.local/lib/python3.8/site-packages/airflow/example_dags/example_skip_dag.py
[2026-04-21T05:15:46.591+0000] {processor.py:830} INFO - Processing file /home/airflow/.local/lib/python3.8/site-packages/airflow/example_dags/example_skip_dag.py for tasks to queue
[2026-04-21T05:15:46.592+0000] {logging_mixin.py:188} INFO - [2026-04-21T05:15:46.591+0000] {dagbag.py:538} INFO - Filling up the DagBag from /home/airflow/.local/lib/python3.8/site-packages/airflow/example_dags/example_skip_dag.py
[2026-04-21T05:15:46.601+0000] {processor.py:840} INFO - DAG(s) 'example_skip_dag' retrieved from /home/airflow/.local/lib/python3.8/site-packages/airflow/example_dags/example_skip_dag.py
[2026-04-21T05:15:46.630+0000] {logging_mixin.py:188} INFO - [2026-04-21T05:15:46.630+0000] {dag.py:3036} INFO - Sync 1 DAGs
[2026-04-21T05:15:46.657+0000] {logging_mixin.py:188} INFO - [2026-04-21T05:15:46.657+0000] {dag.py:3823} INFO - Setting next_dagrun for example_skip_dag to 2026-04-20 00:00:00+00:00, run_after=2026-04-21 00:00:00+00:00
[2026-04-21T05:15:46.682+0000] {processor.py:183} INFO - Processing /home/airflow/.local/lib/python3.8/site-packages/airflow/example_dags/example_skip_dag.py took 0.096 seconds
[2026-04-21T05:16:17.117+0000] {processor.py:161} INFO - Started process (PID=8177) to work on /home/airflow/.local/lib/python3.8/site-packages/airflow/example_dags/example_skip_dag.py
[2026-04-21T05:16:17.118+0000] {processor.py:830} INFO - Processing file /home/airflow/.local/lib/python3.8/site-packages/airflow/example_dags/example_skip_dag.py for tasks to queue
[2026-04-21T05:16:17.120+0000] {logging_mixin.py:188} INFO - [2026-04-21T05:16:17.119+0000] {dagbag.py:538} INFO - Filling up the DagBag from /home/airflow/.local/lib/python3.8/site-packages/airflow/example_dags/example_skip_dag.py
[2026-04-21T05:16:17.129+0000] {processor.py:840} INFO - DAG(s) 'example_skip_dag' retrieved from /home/airflow/.local/lib/python3.8/site-packages/airflow/example_dags/example_skip_dag.py
[2026-04-21T05:16:17.160+0000] {logging_mixin.py:188} INFO - [2026-04-21T05:16:17.159+0000] {dag.py:3036} INFO - Sync 1 DAGs
[2026-04-21T05:16:17.187+0000] {logging_mixin.py:188} INFO - [2026-04-21T05:16:17.187+0000] {dag.py:3823} INFO - Setting next_dagrun for example_skip_dag to 2026-04-20 00:00:00+00:00, run_after=2026-04-21 00:00:00+00:00
[2026-04-21T05:16:17.210+0000] {processor.py:183} INFO - Processing /home/airflow/.local/lib/python3.8/site-packages/airflow/example_dags/example_skip_dag.py took 0.098 seconds
[2026-04-21T05:16:47.594+0000] {processor.py:161} INFO - Started process (PID=8232) to work on /home/airflow/.local/lib/python3.8/site-packages/airflow/example_dags/example_skip_dag.py
[2026-04-21T05:16:47.603+0000] {processor.py:830} INFO - Processing file /home/airflow/.local/lib/python3.8/site-packages/airflow/example_dags/example_skip_dag.py for tasks to queue
[2026-04-21T05:16:47.605+0000] {logging_mixin.py:188} INFO - [2026-04-21T05:16:47.604+0000] {dagbag.py:538} INFO - Filling up the DagBag from /home/airflow/.local/lib/python3.8/site-packages/airflow/example_dags/example_skip_dag.py
[2026-04-21T05:16:47.615+0000] {processor.py:840} INFO - DAG(s) 'example_skip_dag' retrieved from /home/airflow/.local/lib/python3.8/site-packages/airflow/example_dags/example_skip_dag.py
[2026-04-21T05:16:47.645+0000] {logging_mixin.py:188} INFO - [2026-04-21T05:16:47.645+0000] {dag.py:3036} INFO - Sync 1 DAGs
[2026-04-21T05:16:47.674+0000] {logging_mixin.py:188} INFO - [2026-04-21T05:16:47.674+0000] {dag.py:3823} INFO - Setting next_dagrun for example_skip_dag to 2026-04-20 00:00:00+00:00, run_after=2026-04-21 00:00:00+00:00
[2026-04-21T05:16:47.697+0000] {processor.py:183} INFO - Processing /home/airflow/.local/lib/python3.8/site-packages/airflow/example_dags/example_skip_dag.py took 0.108 seconds
[2026-04-21T05:17:18.127+0000] {processor.py:161} INFO - Started process (PID=8287) to work on /home/airflow/.local/lib/python3.8/site-packages/airflow/example_dags/example_skip_dag.py
[2026-04-21T05:17:18.136+0000] {processor.py:830} INFO - Processing file /home/airflow/.local/lib/python3.8/site-packages/airflow/example_dags/example_skip_dag.py for tasks to queue
[2026-04-21T05:17:18.137+0000] {logging_mixin.py:188} INFO - [2026-04-21T05:17:18.137+0000] {dagbag.py:538} INFO - Filling up the DagBag from /home/airflow/.local/lib/python3.8/site-packages/airflow/example_dags/example_skip_dag.py
[2026-04-21T05:17:18.147+0000] {processor.py:840} INFO - DAG(s) 'example_skip_dag' retrieved from /home/airflow/.local/lib/python3.8/site-packages/airflow/example_dags/example_skip_dag.py
[2026-04-21T05:17:18.178+0000] {logging_mixin.py:188} INFO - [2026-04-21T05:17:18.178+0000] {dag.py:3036} INFO - Sync 1 DAGs
[2026-04-21T05:17:18.209+0000] {logging_mixin.py:188} INFO - [2026-04-21T05:17:18.208+0000] {dag.py:3823} INFO - Setting next_dagrun for example_skip_dag to 2026-04-20 00:00:00+00:00, run_after=2026-04-21 00:00:00+00:00
[2026-04-21T05:17:18.235+0000] {processor.py:183} INFO - Processing /home/airflow/.local/lib/python3.8/site-packages/airflow/example_dags/example_skip_dag.py took 0.113 seconds
[2026-04-21T05:17:48.505+0000] {processor.py:161} INFO - Started process (PID=8342) to work on /home/airflow/.local/lib/python3.8/site-packages/airflow/example_dags/example_skip_dag.py
[2026-04-21T05:17:48.507+0000] {processor.py:830} INFO - Processing file /home/airflow/.local/lib/python3.8/site-packages/airflow/example_dags/example_skip_dag.py for tasks to queue
[2026-04-21T05:17:48.508+0000] {logging_mixin.py:188} INFO - [2026-04-21T05:17:48.508+0000] {dagbag.py:538} INFO - Filling up the DagBag from /home/airflow/.local/lib/python3.8/site-packages/airflow/example_dags/example_skip_dag.py
[2026-04-21T05:17:48.519+0000] {processor.py:840} INFO - DAG(s) 'example_skip_dag' retrieved from /home/airflow/.local/lib/python3.8/site-packages/airflow/example_dags/example_skip_dag.py
[2026-04-21T05:17:48.551+0000] {logging_mixin.py:188} INFO - [2026-04-21T05:17:48.551+0000] {dag.py:3036} INFO - Sync 1 DAGs
[2026-04-21T05:17:48.582+0000] {logging_mixin.py:188} INFO - [2026-04-21T05:17:48.581+0000] {dag.py:3823} INFO - Setting next_dagrun for example_skip_dag to 2026-04-20 00:00:00+00:00, run_after=2026-04-21 00:00:00+00:00
[2026-04-21T05:17:48.607+0000] {processor.py:183} INFO - Processing /home/airflow/.local/lib/python3.8/site-packages/airflow/example_dags/example_skip_dag.py took 0.108 seconds
[2026-04-21T05:18:18.956+0000] {processor.py:161} INFO - Started process (PID=8397) to work on /home/airflow/.local/lib/python3.8/site-packages/airflow/example_dags/example_skip_dag.py
[2026-04-21T05:18:18.957+0000] {processor.py:830} INFO - Processing file /home/airflow/.local/lib/python3.8/site-packages/airflow/example_dags/example_skip_dag.py for tasks to queue
[2026-04-21T05:18:18.958+0000] {logging_mixin.py:188} INFO - [2026-04-21T05:18:18.958+0000] {dagbag.py:538} INFO - Filling up the DagBag from /home/airflow/.local/lib/python3.8/site-packages/airflow/example_dags/example_skip_dag.py
[2026-04-21T05:18:18.967+0000] {processor.py:840} INFO - DAG(s) 'example_skip_dag' retrieved from /home/airflow/.local/lib/python3.8/site-packages/airflow/example_dags/example_skip_dag.py
[2026-04-21T05:18:18.997+0000] {logging_mixin.py:188} INFO - [2026-04-21T05:18:18.997+0000] {dag.py:3036} INFO - Sync 1 DAGs
[2026-04-21T05:18:19.026+0000] {logging_mixin.py:188} INFO - [2026-04-21T05:18:19.026+0000] {dag.py:3823} INFO - Setting next_dagrun for example_skip_dag to 2026-04-20 00:00:00+00:00, run_after=2026-04-21 00:00:00+00:00
[2026-04-21T05:18:19.050+0000] {processor.py:183} INFO - Processing /home/airflow/.local/lib/python3.8/site-packages/airflow/example_dags/example_skip_dag.py took 0.098 seconds
[2026-04-21T05:18:49.175+0000] {processor.py:161} INFO - Started process (PID=8452) to work on /home/airflow/.local/lib/python3.8/site-packages/airflow/example_dags/example_skip_dag.py
[2026-04-21T05:18:49.176+0000] {processor.py:830} INFO - Processing file /home/airflow/.local/lib/python3.8/site-packages/airflow/example_dags/example_skip_dag.py for tasks to queue
[2026-04-21T05:18:49.177+0000] {logging_mixin.py:188} INFO - [2026-04-21T05:18:49.177+0000] {dagbag.py:538} INFO - Filling up the DagBag from /home/airflow/.local/lib/python3.8/site-packages/airflow/example_dags/example_skip_dag.py
[2026-04-21T05:18:49.186+0000] {processor.py:840} INFO - DAG(s) 'example_skip_dag' retrieved from /home/airflow/.local/lib/python3.8/site-packages/airflow/example_dags/example_skip_dag.py
[2026-04-21T05:18:49.216+0000] {logging_mixin.py:188} INFO - [2026-04-21T05:18:49.216+0000] {dag.py:3036} INFO - Sync 1 DAGs
[2026-04-21T05:18:49.245+0000] {logging_mixin.py:188} INFO - [2026-04-21T05:18:49.244+0000] {dag.py:3823} INFO - Setting next_dagrun for example_skip_dag to 2026-04-20 00:00:00+00:00, run_after=2026-04-21 00:00:00+00:00
[2026-04-21T05:18:49.270+0000] {processor.py:183} INFO - Processing /home/airflow/.local/lib/python3.8/site-packages/airflow/example_dags/example_skip_dag.py took 0.099 seconds
[2026-04-21T05:19:19.821+0000] {processor.py:161} INFO - Started process (PID=8507) to work on /home/airflow/.local/lib/python3.8/site-packages/airflow/example_dags/example_skip_dag.py
[2026-04-21T05:19:19.830+0000] {processor.py:830} INFO - Processing file /home/airflow/.local/lib/python3.8/site-packages/airflow/example_dags/example_skip_dag.py for tasks to queue
[2026-04-21T05:19:19.831+0000] {logging_mixin.py:188} INFO - [2026-04-21T05:19:19.831+0000] {dagbag.py:538} INFO - Filling up the DagBag from /home/airflow/.local/lib/python3.8/site-packages/airflow/example_dags/example_skip_dag.py
[2026-04-21T05:19:19.841+0000] {processor.py:840} INFO - DAG(s) 'example_skip_dag' retrieved from /home/airflow/.local/lib/python3.8/site-packages/airflow/example_dags/example_skip_dag.py
[2026-04-21T05:19:19.871+0000] {logging_mixin.py:188} INFO - [2026-04-21T05:19:19.871+0000] {dag.py:3036} INFO - Sync 1 DAGs
[2026-04-21T05:19:19.900+0000] {logging_mixin.py:188} INFO - [2026-04-21T05:19:19.900+0000] {dag.py:3823} INFO - Setting next_dagrun for example_skip_dag to 2026-04-20 00:00:00+00:00, run_after=2026-04-21 00:00:00+00:00
[2026-04-21T05:19:19.923+0000] {processor.py:183} INFO - Processing /home/airflow/.local/lib/python3.8/site-packages/airflow/example_dags/example_skip_dag.py took 0.108 seconds
[2026-04-21T05:19:50.118+0000] {processor.py:161} INFO - Started process (PID=8559) to work on /home/airflow/.local/lib/python3.8/site-packages/airflow/example_dags/example_skip_dag.py
[2026-04-21T05:19:50.127+0000] {processor.py:830} INFO - Processing file /home/airflow/.local/lib/python3.8/site-packages/airflow/example_dags/example_skip_dag.py for tasks to queue
[2026-04-21T05:19:50.128+0000] {logging_mixin.py:188} INFO - [2026-04-21T05:19:50.128+0000] {dagbag.py:538} INFO - Filling up the DagBag from /home/airflow/.local/lib/python3.8/site-packages/airflow/example_dags/example_skip_dag.py
[2026-04-21T05:19:50.138+0000] {processor.py:840} INFO - DAG(s) 'example_skip_dag' retrieved from /home/airflow/.local/lib/python3.8/site-packages/airflow/example_dags/example_skip_dag.py
[2026-04-21T05:19:50.167+0000] {logging_mixin.py:188} INFO - [2026-04-21T05:19:50.167+0000] {dag.py:3036} INFO - Sync 1 DAGs
[2026-04-21T05:19:50.198+0000] {logging_mixin.py:188} INFO - [2026-04-21T05:19:50.197+0000] {dag.py:3823} INFO - Setting next_dagrun for example_skip_dag to 2026-04-20 00:00:00+00:00, run_after=2026-04-21 00:00:00+00:00
[2026-04-21T05:19:50.220+0000] {processor.py:183} INFO - Processing /home/airflow/.local/lib/python3.8/site-packages/airflow/example_dags/example_skip_dag.py took 0.106 seconds
[2026-04-21T05:20:20.889+0000] {processor.py:161} INFO - Started process (PID=8614) to work on /home/airflow/.local/lib/python3.8/site-packages/airflow/example_dags/example_skip_dag.py
[2026-04-21T05:20:20.899+0000] {processor.py:830} INFO - Processing file /home/airflow/.local/lib/python3.8/site-packages/airflow/example_dags/example_skip_dag.py for tasks to queue
[2026-04-21T05:20:20.900+0000] {logging_mixin.py:188} INFO - [2026-04-21T05:20:20.900+0000] {dagbag.py:538} INFO - Filling up the DagBag from /home/airflow/.local/lib/python3.8/site-packages/airflow/example_dags/example_skip_dag.py
[2026-04-21T05:20:20.911+0000] {processor.py:840} INFO - DAG(s) 'example_skip_dag' retrieved from /home/airflow/.local/lib/python3.8/site-packages/airflow/example_dags/example_skip_dag.py
[2026-04-21T05:20:20.944+0000] {logging_mixin.py:188} INFO - [2026-04-21T05:20:20.943+0000] {dag.py:3036} INFO - Sync 1 DAGs
[2026-04-21T05:20:20.975+0000] {logging_mixin.py:188} INFO - [2026-04-21T05:20:20.974+0000] {dag.py:3823} INFO - Setting next_dagrun for example_skip_dag to 2026-04-20 00:00:00+00:00, run_after=2026-04-21 00:00:00+00:00
[2026-04-21T05:20:20.999+0000] {processor.py:183} INFO - Processing /home/airflow/.local/lib/python3.8/site-packages/airflow/example_dags/example_skip_dag.py took 0.114 seconds
[2026-04-21T05:20:51.287+0000] {processor.py:161} INFO - Started process (PID=8669) to work on /home/airflow/.local/lib/python3.8/site-packages/airflow/example_dags/example_skip_dag.py
[2026-04-21T05:20:51.296+0000] {processor.py:830} INFO - Processing file /home/airflow/.local/lib/python3.8/site-packages/airflow/example_dags/example_skip_dag.py for tasks to queue
[2026-04-21T05:20:51.297+0000] {logging_mixin.py:188} INFO - [2026-04-21T05:20:51.297+0000] {dagbag.py:538} INFO - Filling up the DagBag from /home/airflow/.local/lib/python3.8/site-packages/airflow/example_dags/example_skip_dag.py
[2026-04-21T05:20:51.308+0000] {processor.py:840} INFO - DAG(s) 'example_skip_dag' retrieved from /home/airflow/.local/lib/python3.8/site-packages/airflow/example_dags/example_skip_dag.py
[2026-04-21T05:20:51.341+0000] {logging_mixin.py:188} INFO - [2026-04-21T05:20:51.341+0000] {dag.py:3036} INFO - Sync 1 DAGs
[2026-04-21T05:20:51.375+0000] {logging_mixin.py:188} INFO - [2026-04-21T05:20:51.373+0000] {dag.py:3823} INFO - Setting next_dagrun for example_skip_dag to 2026-04-20 00:00:00+00:00, run_after=2026-04-21 00:00:00+00:00
[2026-04-21T05:20:51.400+0000] {processor.py:183} INFO - Processing /home/airflow/.local/lib/python3.8/site-packages/airflow/example_dags/example_skip_dag.py took 0.118 seconds
[2026-04-21T05:21:21.714+0000] {processor.py:161} INFO - Started process (PID=8724) to work on /home/airflow/.local/lib/python3.8/site-packages/airflow/example_dags/example_skip_dag.py
[2026-04-21T05:21:21.723+0000] {processor.py:830} INFO - Processing file /home/airflow/.local/lib/python3.8/site-packages/airflow/example_dags/example_skip_dag.py for tasks to queue
[2026-04-21T05:21:21.725+0000] {logging_mixin.py:188} INFO - [2026-04-21T05:21:21.724+0000] {dagbag.py:538} INFO - Filling up the DagBag from /home/airflow/.local/lib/python3.8/site-packages/airflow/example_dags/example_skip_dag.py
[2026-04-21T05:21:21.737+0000] {processor.py:840} INFO - DAG(s) 'example_skip_dag' retrieved from /home/airflow/.local/lib/python3.8/site-packages/airflow/example_dags/example_skip_dag.py
[2026-04-21T05:21:21.771+0000] {logging_mixin.py:188} INFO - [2026-04-21T05:21:21.770+0000] {dag.py:3036} INFO - Sync 1 DAGs
[2026-04-21T05:21:21.804+0000] {logging_mixin.py:188} INFO - [2026-04-21T05:21:21.804+0000] {dag.py:3823} INFO - Setting next_dagrun for example_skip_dag to 2026-04-20 00:00:00+00:00, run_after=2026-04-21 00:00:00+00:00
[2026-04-21T05:21:21.831+0000] {processor.py:183} INFO - Processing /home/airflow/.local/lib/python3.8/site-packages/airflow/example_dags/example_skip_dag.py took 0.123 seconds
[2026-04-21T05:21:52.246+0000] {processor.py:161} INFO - Started process (PID=8785) to work on /home/airflow/.local/lib/python3.8/site-packages/airflow/example_dags/example_skip_dag.py
[2026-04-21T05:21:52.256+0000] {processor.py:830} INFO - Processing file /home/airflow/.local/lib/python3.8/site-packages/airflow/example_dags/example_skip_dag.py for tasks to queue
[2026-04-21T05:21:52.257+0000] {logging_mixin.py:188} INFO - [2026-04-21T05:21:52.257+0000] {dagbag.py:538} INFO - Filling up the DagBag from /home/airflow/.local/lib/python3.8/site-packages/airflow/example_dags/example_skip_dag.py
[2026-04-21T05:21:52.267+0000] {processor.py:840} INFO - DAG(s) 'example_skip_dag' retrieved from /home/airflow/.local/lib/python3.8/site-packages/airflow/example_dags/example_skip_dag.py
[2026-04-21T05:21:52.296+0000] {logging_mixin.py:188} INFO - [2026-04-21T05:21:52.296+0000] {dag.py:3036} INFO - Sync 1 DAGs
[2026-04-21T05:21:52.324+0000] {logging_mixin.py:188} INFO - [2026-04-21T05:21:52.324+0000] {dag.py:3823} INFO - Setting next_dagrun for example_skip_dag to 2026-04-20 00:00:00+00:00, run_after=2026-04-21 00:00:00+00:00
[2026-04-21T05:21:52.347+0000] {processor.py:183} INFO - Processing /home/airflow/.local/lib/python3.8/site-packages/airflow/example_dags/example_skip_dag.py took 0.105 seconds
[2026-04-21T05:22:22.402+0000] {processor.py:161} INFO - Started process (PID=8840) to work on /home/airflow/.local/lib/python3.8/site-packages/airflow/example_dags/example_skip_dag.py
[2026-04-21T05:22:22.411+0000] {processor.py:830} INFO - Processing file /home/airflow/.local/lib/python3.8/site-packages/airflow/example_dags/example_skip_dag.py for tasks to queue
[2026-04-21T05:22:22.412+0000] {logging_mixin.py:188} INFO - [2026-04-21T05:22:22.412+0000] {dagbag.py:538} INFO - Filling up the DagBag from /home/airflow/.local/lib/python3.8/site-packages/airflow/example_dags/example_skip_dag.py
[2026-04-21T05:22:22.422+0000] {processor.py:840} INFO - DAG(s) 'example_skip_dag' retrieved from /home/airflow/.local/lib/python3.8/site-packages/airflow/example_dags/example_skip_dag.py
[2026-04-21T05:22:22.452+0000] {logging_mixin.py:188} INFO - [2026-04-21T05:22:22.452+0000] {dag.py:3036} INFO - Sync 1 DAGs
[2026-04-21T05:22:22.484+0000] {logging_mixin.py:188} INFO - [2026-04-21T05:22:22.483+0000] {dag.py:3823} INFO - Setting next_dagrun for example_skip_dag to 2026-04-20 00:00:00+00:00, run_after=2026-04-21 00:00:00+00:00
[2026-04-21T05:22:22.509+0000] {processor.py:183} INFO - Processing /home/airflow/.local/lib/python3.8/site-packages/airflow/example_dags/example_skip_dag.py took 0.111 seconds
[2026-04-21T05:22:52.644+0000] {processor.py:161} INFO - Started process (PID=8895) to work on /home/airflow/.local/lib/python3.8/site-packages/airflow/example_dags/example_skip_dag.py
[2026-04-21T05:22:52.646+0000] {processor.py:830} INFO - Processing file /home/airflow/.local/lib/python3.8/site-packages/airflow/example_dags/example_skip_dag.py for tasks to queue
[2026-04-21T05:22:52.647+0000] {logging_mixin.py:188} INFO - [2026-04-21T05:22:52.647+0000] {dagbag.py:538} INFO - Filling up the DagBag from /home/airflow/.local/lib/python3.8/site-packages/airflow/example_dags/example_skip_dag.py
[2026-04-21T05:22:52.657+0000] {processor.py:840} INFO - DAG(s) 'example_skip_dag' retrieved from /home/airflow/.local/lib/python3.8/site-packages/airflow/example_dags/example_skip_dag.py
[2026-04-21T05:22:52.690+0000] {logging_mixin.py:188} INFO - [2026-04-21T05:22:52.689+0000] {dag.py:3036} INFO - Sync 1 DAGs
[2026-04-21T05:22:52.720+0000] {logging_mixin.py:188} INFO - [2026-04-21T05:22:52.719+0000] {dag.py:3823} INFO - Setting next_dagrun for example_skip_dag to 2026-04-20 00:00:00+00:00, run_after=2026-04-21 00:00:00+00:00
[2026-04-21T05:22:52.743+0000] {processor.py:183} INFO - Processing /home/airflow/.local/lib/python3.8/site-packages/airflow/example_dags/example_skip_dag.py took 0.104 seconds
[2026-04-21T05:23:22.828+0000] {processor.py:161} INFO - Started process (PID=8950) to work on /home/airflow/.local/lib/python3.8/site-packages/airflow/example_dags/example_skip_dag.py
[2026-04-21T05:23:22.830+0000] {processor.py:830} INFO - Processing file /home/airflow/.local/lib/python3.8/site-packages/airflow/example_dags/example_skip_dag.py for tasks to queue
[2026-04-21T05:23:22.831+0000] {logging_mixin.py:188} INFO - [2026-04-21T05:23:22.831+0000] {dagbag.py:538} INFO - Filling up the DagBag from /home/airflow/.local/lib/python3.8/site-packages/airflow/example_dags/example_skip_dag.py
[2026-04-21T05:23:22.841+0000] {processor.py:840} INFO - DAG(s) 'example_skip_dag' retrieved from /home/airflow/.local/lib/python3.8/site-packages/airflow/example_dags/example_skip_dag.py
[2026-04-21T05:23:22.875+0000] {logging_mixin.py:188} INFO - [2026-04-21T05:23:22.874+0000] {dag.py:3036} INFO - Sync 1 DAGs
[2026-04-21T05:23:22.906+0000] {logging_mixin.py:188} INFO - [2026-04-21T05:23:22.906+0000] {dag.py:3823} INFO - Setting next_dagrun for example_skip_dag to 2026-04-20 00:00:00+00:00, run_after=2026-04-21 00:00:00+00:00
[2026-04-21T05:23:22.930+0000] {processor.py:183} INFO - Processing /home/airflow/.local/lib/python3.8/site-packages/airflow/example_dags/example_skip_dag.py took 0.106 seconds
[2026-04-21T05:23:53.250+0000] {processor.py:161} INFO - Started process (PID=9005) to work on /home/airflow/.local/lib/python3.8/site-packages/airflow/example_dags/example_skip_dag.py
[2026-04-21T05:23:53.259+0000] {processor.py:830} INFO - Processing file /home/airflow/.local/lib/python3.8/site-packages/airflow/example_dags/example_skip_dag.py for tasks to queue
[2026-04-21T05:23:53.261+0000] {logging_mixin.py:188} INFO - [2026-04-21T05:23:53.260+0000] {dagbag.py:538} INFO - Filling up the DagBag from /home/airflow/.local/lib/python3.8/site-packages/airflow/example_dags/example_skip_dag.py
[2026-04-21T05:23:53.271+0000] {processor.py:840} INFO - DAG(s) 'example_skip_dag' retrieved from /home/airflow/.local/lib/python3.8/site-packages/airflow/example_dags/example_skip_dag.py
[2026-04-21T05:23:53.304+0000] {logging_mixin.py:188} INFO - [2026-04-21T05:23:53.303+0000] {dag.py:3036} INFO - Sync 1 DAGs
[2026-04-21T05:23:53.333+0000] {logging_mixin.py:188} INFO - [2026-04-21T05:23:53.333+0000] {dag.py:3823} INFO - Setting next_dagrun for example_skip_dag to 2026-04-20 00:00:00+00:00, run_after=2026-04-21 00:00:00+00:00
[2026-04-21T05:23:53.358+0000] {processor.py:183} INFO - Processing /home/airflow/.local/lib/python3.8/site-packages/airflow/example_dags/example_skip_dag.py took 0.113 seconds
[2026-04-21T05:24:23.519+0000] {processor.py:161} INFO - Started process (PID=9060) to work on /home/airflow/.local/lib/python3.8/site-packages/airflow/example_dags/example_skip_dag.py
[2026-04-21T05:24:23.528+0000] {processor.py:830} INFO - Processing file /home/airflow/.local/lib/python3.8/site-packages/airflow/example_dags/example_skip_dag.py for tasks to queue
[2026-04-21T05:24:23.529+0000] {logging_mixin.py:188} INFO - [2026-04-21T05:24:23.529+0000] {dagbag.py:538} INFO - Filling up the DagBag from /home/airflow/.local/lib/python3.8/site-packages/airflow/example_dags/example_skip_dag.py
[2026-04-21T05:24:23.539+0000] {processor.py:840} INFO - DAG(s) 'example_skip_dag' retrieved from /home/airflow/.local/lib/python3.8/site-packages/airflow/example_dags/example_skip_dag.py
[2026-04-21T05:24:23.568+0000] {logging_mixin.py:188} INFO - [2026-04-21T05:24:23.568+0000] {dag.py:3036} INFO - Sync 1 DAGs
[2026-04-21T05:24:23.596+0000] {logging_mixin.py:188} INFO - [2026-04-21T05:24:23.596+0000] {dag.py:3823} INFO - Setting next_dagrun for example_skip_dag to 2026-04-20 00:00:00+00:00, run_after=2026-04-21 00:00:00+00:00
[2026-04-21T05:24:23.620+0000] {processor.py:183} INFO - Processing /home/airflow/.local/lib/python3.8/site-packages/airflow/example_dags/example_skip_dag.py took 0.106 seconds
[2026-04-21T05:24:53.837+0000] {processor.py:161} INFO - Started process (PID=9115) to work on /home/airflow/.local/lib/python3.8/site-packages/airflow/example_dags/example_skip_dag.py
[2026-04-21T05:24:53.846+0000] {processor.py:830} INFO - Processing file /home/airflow/.local/lib/python3.8/site-packages/airflow/example_dags/example_skip_dag.py for tasks to queue
[2026-04-21T05:24:53.848+0000] {logging_mixin.py:188} INFO - [2026-04-21T05:24:53.847+0000] {dagbag.py:538} INFO - Filling up the DagBag from /home/airflow/.local/lib/python3.8/site-packages/airflow/example_dags/example_skip_dag.py
[2026-04-21T05:24:53.858+0000] {processor.py:840} INFO - DAG(s) 'example_skip_dag' retrieved from /home/airflow/.local/lib/python3.8/site-packages/airflow/example_dags/example_skip_dag.py
[2026-04-21T05:24:53.891+0000] {logging_mixin.py:188} INFO - [2026-04-21T05:24:53.891+0000] {dag.py:3036} INFO - Sync 1 DAGs
[2026-04-21T05:24:53.921+0000] {logging_mixin.py:188} INFO - [2026-04-21T05:24:53.921+0000] {dag.py:3823} INFO - Setting next_dagrun for example_skip_dag to 2026-04-20 00:00:00+00:00, run_after=2026-04-21 00:00:00+00:00
[2026-04-21T05:24:53.945+0000] {processor.py:183} INFO - Processing /home/airflow/.local/lib/python3.8/site-packages/airflow/example_dags/example_skip_dag.py took 0.113 seconds
[2026-04-21T05:25:24.144+0000] {processor.py:161} INFO - Started process (PID=9170) to work on /home/airflow/.local/lib/python3.8/site-packages/airflow/example_dags/example_skip_dag.py
[2026-04-21T05:25:24.154+0000] {processor.py:830} INFO - Processing file /home/airflow/.local/lib/python3.8/site-packages/airflow/example_dags/example_skip_dag.py for tasks to queue
[2026-04-21T05:25:24.155+0000] {logging_mixin.py:188} INFO - [2026-04-21T05:25:24.155+0000] {dagbag.py:538} INFO - Filling up the DagBag from /home/airflow/.local/lib/python3.8/site-packages/airflow/example_dags/example_skip_dag.py
[2026-04-21T05:25:24.166+0000] {processor.py:840} INFO - DAG(s) 'example_skip_dag' retrieved from /home/airflow/.local/lib/python3.8/site-packages/airflow/example_dags/example_skip_dag.py
[2026-04-21T05:25:24.200+0000] {logging_mixin.py:188} INFO - [2026-04-21T05:25:24.199+0000] {dag.py:3036} INFO - Sync 1 DAGs
[2026-04-21T05:25:24.231+0000] {logging_mixin.py:188} INFO - [2026-04-21T05:25:24.230+0000] {dag.py:3823} INFO - Setting next_dagrun for example_skip_dag to 2026-04-20 00:00:00+00:00, run_after=2026-04-21 00:00:00+00:00
[2026-04-21T05:25:24.255+0000] {processor.py:183} INFO - Processing /home/airflow/.local/lib/python3.8/site-packages/airflow/example_dags/example_skip_dag.py took 0.116 seconds
[2026-04-21T05:25:54.540+0000] {processor.py:161} INFO - Started process (PID=9225) to work on /home/airflow/.local/lib/python3.8/site-packages/airflow/example_dags/example_skip_dag.py
[2026-04-21T05:25:54.541+0000] {processor.py:830} INFO - Processing file /home/airflow/.local/lib/python3.8/site-packages/airflow/example_dags/example_skip_dag.py for tasks to queue
[2026-04-21T05:25:54.542+0000] {logging_mixin.py:188} INFO - [2026-04-21T05:25:54.542+0000] {dagbag.py:538} INFO - Filling up the DagBag from /home/airflow/.local/lib/python3.8/site-packages/airflow/example_dags/example_skip_dag.py
[2026-04-21T05:25:54.551+0000] {processor.py:840} INFO - DAG(s) 'example_skip_dag' retrieved from /home/airflow/.local/lib/python3.8/site-packages/airflow/example_dags/example_skip_dag.py
[2026-04-21T05:25:54.581+0000] {logging_mixin.py:188} INFO - [2026-04-21T05:25:54.581+0000] {dag.py:3036} INFO - Sync 1 DAGs
[2026-04-21T05:25:54.610+0000] {logging_mixin.py:188} INFO - [2026-04-21T05:25:54.610+0000] {dag.py:3823} INFO - Setting next_dagrun for example_skip_dag to 2026-04-20 00:00:00+00:00, run_after=2026-04-21 00:00:00+00:00
[2026-04-21T05:25:54.633+0000] {processor.py:183} INFO - Processing /home/airflow/.local/lib/python3.8/site-packages/airflow/example_dags/example_skip_dag.py took 0.098 seconds
[2026-04-21T05:26:24.799+0000] {processor.py:161} INFO - Started process (PID=9280) to work on /home/airflow/.local/lib/python3.8/site-packages/airflow/example_dags/example_skip_dag.py
[2026-04-21T05:26:24.809+0000] {processor.py:830} INFO - Processing file /home/airflow/.local/lib/python3.8/site-packages/airflow/example_dags/example_skip_dag.py for tasks to queue
[2026-04-21T05:26:24.810+0000] {logging_mixin.py:188} INFO - [2026-04-21T05:26:24.809+0000] {dagbag.py:538} INFO - Filling up the DagBag from /home/airflow/.local/lib/python3.8/site-packages/airflow/example_dags/example_skip_dag.py
[2026-04-21T05:26:24.821+0000] {processor.py:840} INFO - DAG(s) 'example_skip_dag' retrieved from /home/airflow/.local/lib/python3.8/site-packages/airflow/example_dags/example_skip_dag.py
[2026-04-21T05:26:24.854+0000] {logging_mixin.py:188} INFO - [2026-04-21T05:26:24.854+0000] {dag.py:3036} INFO - Sync 1 DAGs
[2026-04-21T05:26:24.883+0000] {logging_mixin.py:188} INFO - [2026-04-21T05:26:24.883+0000] {dag.py:3823} INFO - Setting next_dagrun for example_skip_dag to 2026-04-20 00:00:00+00:00, run_after=2026-04-21 00:00:00+00:00
[2026-04-21T05:26:24.906+0000] {processor.py:183} INFO - Processing /home/airflow/.local/lib/python3.8/site-packages/airflow/example_dags/example_skip_dag.py took 0.112 seconds
[2026-04-21T05:26:55.089+0000] {processor.py:161} INFO - Started process (PID=9335) to work on /home/airflow/.local/lib/python3.8/site-packages/airflow/example_dags/example_skip_dag.py
[2026-04-21T05:26:55.099+0000] {processor.py:830} INFO - Processing file /home/airflow/.local/lib/python3.8/site-packages/airflow/example_dags/example_skip_dag.py for tasks to queue
[2026-04-21T05:26:55.100+0000] {logging_mixin.py:188} INFO - [2026-04-21T05:26:55.100+0000] {dagbag.py:538} INFO - Filling up the DagBag from /home/airflow/.local/lib/python3.8/site-packages/airflow/example_dags/example_skip_dag.py
[2026-04-21T05:26:55.110+0000] {processor.py:840} INFO - DAG(s) 'example_skip_dag' retrieved from /home/airflow/.local/lib/python3.8/site-packages/airflow/example_dags/example_skip_dag.py
[2026-04-21T05:26:55.139+0000] {logging_mixin.py:188} INFO - [2026-04-21T05:26:55.139+0000] {dag.py:3036} INFO - Sync 1 DAGs
[2026-04-21T05:26:55.167+0000] {logging_mixin.py:188} INFO - [2026-04-21T05:26:55.167+0000] {dag.py:3823} INFO - Setting next_dagrun for example_skip_dag to 2026-04-20 00:00:00+00:00, run_after=2026-04-21 00:00:00+00:00
[2026-04-21T05:26:55.189+0000] {processor.py:183} INFO - Processing /home/airflow/.local/lib/python3.8/site-packages/airflow/example_dags/example_skip_dag.py took 0.105 seconds
[2026-04-21T05:27:25.696+0000] {processor.py:161} INFO - Started process (PID=9390) to work on /home/airflow/.local/lib/python3.8/site-packages/airflow/example_dags/example_skip_dag.py
[2026-04-21T05:27:25.706+0000] {processor.py:830} INFO - Processing file /home/airflow/.local/lib/python3.8/site-packages/airflow/example_dags/example_skip_dag.py for tasks to queue
[2026-04-21T05:27:25.707+0000] {logging_mixin.py:188} INFO - [2026-04-21T05:27:25.707+0000] {dagbag.py:538} INFO - Filling up the DagBag from /home/airflow/.local/lib/python3.8/site-packages/airflow/example_dags/example_skip_dag.py
[2026-04-21T05:27:25.719+0000] {processor.py:840} INFO - DAG(s) 'example_skip_dag' retrieved from /home/airflow/.local/lib/python3.8/site-packages/airflow/example_dags/example_skip_dag.py
[2026-04-21T05:27:25.752+0000] {logging_mixin.py:188} INFO - [2026-04-21T05:27:25.752+0000] {dag.py:3036} INFO - Sync 1 DAGs
[2026-04-21T05:27:25.782+0000] {logging_mixin.py:188} INFO - [2026-04-21T05:27:25.782+0000] {dag.py:3823} INFO - Setting next_dagrun for example_skip_dag to 2026-04-20 00:00:00+00:00, run_after=2026-04-21 00:00:00+00:00
[2026-04-21T05:27:25.806+0000] {processor.py:183} INFO - Processing /home/airflow/.local/lib/python3.8/site-packages/airflow/example_dags/example_skip_dag.py took 0.115 seconds
[2026-04-21T05:27:55.838+0000] {processor.py:161} INFO - Started process (PID=9445) to work on /home/airflow/.local/lib/python3.8/site-packages/airflow/example_dags/example_skip_dag.py
[2026-04-21T05:27:55.848+0000] {processor.py:830} INFO - Processing file /home/airflow/.local/lib/python3.8/site-packages/airflow/example_dags/example_skip_dag.py for tasks to queue
[2026-04-21T05:27:55.850+0000] {logging_mixin.py:188} INFO - [2026-04-21T05:27:55.849+0000] {dagbag.py:538} INFO - Filling up the DagBag from /home/airflow/.local/lib/python3.8/site-packages/airflow/example_dags/example_skip_dag.py
[2026-04-21T05:27:55.860+0000] {processor.py:840} INFO - DAG(s) 'example_skip_dag' retrieved from /home/airflow/.local/lib/python3.8/site-packages/airflow/example_dags/example_skip_dag.py
[2026-04-21T05:27:55.890+0000] {logging_mixin.py:188} INFO - [2026-04-21T05:27:55.889+0000] {dag.py:3036} INFO - Sync 1 DAGs
[2026-04-21T05:27:55.918+0000] {logging_mixin.py:188} INFO - [2026-04-21T05:27:55.917+0000] {dag.py:3823} INFO - Setting next_dagrun for example_skip_dag to 2026-04-20 00:00:00+00:00, run_after=2026-04-21 00:00:00+00:00
[2026-04-21T05:27:55.940+0000] {processor.py:183} INFO - Processing /home/airflow/.local/lib/python3.8/site-packages/airflow/example_dags/example_skip_dag.py took 0.106 seconds
[2026-04-21T06:31:29.292+0000] {processor.py:161} INFO - Started process (PID=9493) to work on /home/airflow/.local/lib/python3.8/site-packages/airflow/example_dags/example_skip_dag.py
[2026-04-21T06:31:29.296+0000] {processor.py:830} INFO - Processing file /home/airflow/.local/lib/python3.8/site-packages/airflow/example_dags/example_skip_dag.py for tasks to queue
[2026-04-21T06:31:29.302+0000] {logging_mixin.py:188} INFO - [2026-04-21T06:31:29.299+0000] {dagbag.py:538} INFO - Filling up the DagBag from /home/airflow/.local/lib/python3.8/site-packages/airflow/example_dags/example_skip_dag.py
[2026-04-21T06:31:29.333+0000] {processor.py:840} INFO - DAG(s) 'example_skip_dag' retrieved from /home/airflow/.local/lib/python3.8/site-packages/airflow/example_dags/example_skip_dag.py
[2026-04-21T06:31:29.406+0000] {logging_mixin.py:188} INFO - [2026-04-21T06:31:29.405+0000] {dag.py:3036} INFO - Sync 1 DAGs
[2026-04-21T06:31:29.480+0000] {logging_mixin.py:188} INFO - [2026-04-21T06:31:29.479+0000] {dag.py:3823} INFO - Setting next_dagrun for example_skip_dag to 2026-04-20 00:00:00+00:00, run_after=2026-04-21 00:00:00+00:00
[2026-04-21T06:31:29.551+0000] {processor.py:183} INFO - Processing /home/airflow/.local/lib/python3.8/site-packages/airflow/example_dags/example_skip_dag.py took 0.275 seconds
[2026-04-21T06:32:00.359+0000] {processor.py:161} INFO - Started process (PID=9548) to work on /home/airflow/.local/lib/python3.8/site-packages/airflow/example_dags/example_skip_dag.py
[2026-04-21T06:32:00.368+0000] {processor.py:830} INFO - Processing file /home/airflow/.local/lib/python3.8/site-packages/airflow/example_dags/example_skip_dag.py for tasks to queue
[2026-04-21T06:32:00.370+0000] {logging_mixin.py:188} INFO - [2026-04-21T06:32:00.369+0000] {dagbag.py:538} INFO - Filling up the DagBag from /home/airflow/.local/lib/python3.8/site-packages/airflow/example_dags/example_skip_dag.py
[2026-04-21T06:32:00.381+0000] {processor.py:840} INFO - DAG(s) 'example_skip_dag' retrieved from /home/airflow/.local/lib/python3.8/site-packages/airflow/example_dags/example_skip_dag.py
[2026-04-21T06:32:00.415+0000] {logging_mixin.py:188} INFO - [2026-04-21T06:32:00.415+0000] {dag.py:3036} INFO - Sync 1 DAGs
[2026-04-21T06:32:00.451+0000] {logging_mixin.py:188} INFO - [2026-04-21T06:32:00.451+0000] {dag.py:3823} INFO - Setting next_dagrun for example_skip_dag to 2026-04-20 00:00:00+00:00, run_after=2026-04-21 00:00:00+00:00
[2026-04-21T06:32:00.708+0000] {processor.py:183} INFO - Processing /home/airflow/.local/lib/python3.8/site-packages/airflow/example_dags/example_skip_dag.py took 0.354 seconds
[2026-04-21T06:32:31.149+0000] {processor.py:161} INFO - Started process (PID=9603) to work on /home/airflow/.local/lib/python3.8/site-packages/airflow/example_dags/example_skip_dag.py
[2026-04-21T06:32:31.158+0000] {processor.py:830} INFO - Processing file /home/airflow/.local/lib/python3.8/site-packages/airflow/example_dags/example_skip_dag.py for tasks to queue
[2026-04-21T06:32:31.160+0000] {logging_mixin.py:188} INFO - [2026-04-21T06:32:31.159+0000] {dagbag.py:538} INFO - Filling up the DagBag from /home/airflow/.local/lib/python3.8/site-packages/airflow/example_dags/example_skip_dag.py
[2026-04-21T06:32:31.170+0000] {processor.py:840} INFO - DAG(s) 'example_skip_dag' retrieved from /home/airflow/.local/lib/python3.8/site-packages/airflow/example_dags/example_skip_dag.py
[2026-04-21T06:32:31.203+0000] {logging_mixin.py:188} INFO - [2026-04-21T06:32:31.203+0000] {dag.py:3036} INFO - Sync 1 DAGs
[2026-04-21T06:32:31.233+0000] {logging_mixin.py:188} INFO - [2026-04-21T06:32:31.232+0000] {dag.py:3823} INFO - Setting next_dagrun for example_skip_dag to 2026-04-20 00:00:00+00:00, run_after=2026-04-21 00:00:00+00:00
[2026-04-21T06:32:31.258+0000] {processor.py:183} INFO - Processing /home/airflow/.local/lib/python3.8/site-packages/airflow/example_dags/example_skip_dag.py took 0.114 seconds
[2026-04-21T06:33:01.750+0000] {processor.py:161} INFO - Started process (PID=9658) to work on /home/airflow/.local/lib/python3.8/site-packages/airflow/example_dags/example_skip_dag.py
[2026-04-21T06:33:01.751+0000] {processor.py:830} INFO - Processing file /home/airflow/.local/lib/python3.8/site-packages/airflow/example_dags/example_skip_dag.py for tasks to queue
[2026-04-21T06:33:01.752+0000] {logging_mixin.py:188} INFO - [2026-04-21T06:33:01.751+0000] {dagbag.py:538} INFO - Filling up the DagBag from /home/airflow/.local/lib/python3.8/site-packages/airflow/example_dags/example_skip_dag.py
[2026-04-21T06:33:01.756+0000] {processor.py:840} INFO - DAG(s) 'example_skip_dag' retrieved from /home/airflow/.local/lib/python3.8/site-packages/airflow/example_dags/example_skip_dag.py
[2026-04-21T06:33:01.770+0000] {logging_mixin.py:188} INFO - [2026-04-21T06:33:01.770+0000] {dag.py:3036} INFO - Sync 1 DAGs
[2026-04-21T06:33:01.784+0000] {logging_mixin.py:188} INFO - [2026-04-21T06:33:01.784+0000] {dag.py:3823} INFO - Setting next_dagrun for example_skip_dag to 2026-04-20 00:00:00+00:00, run_after=2026-04-21 00:00:00+00:00
[2026-04-21T06:33:01.793+0000] {processor.py:183} INFO - Processing /home/airflow/.local/lib/python3.8/site-packages/airflow/example_dags/example_skip_dag.py took 0.046 seconds
[2026-04-21T06:33:32.136+0000] {processor.py:161} INFO - Started process (PID=9713) to work on /home/airflow/.local/lib/python3.8/site-packages/airflow/example_dags/example_skip_dag.py
[2026-04-21T06:33:32.145+0000] {processor.py:830} INFO - Processing file /home/airflow/.local/lib/python3.8/site-packages/airflow/example_dags/example_skip_dag.py for tasks to queue
[2026-04-21T06:33:32.146+0000] {logging_mixin.py:188} INFO - [2026-04-21T06:33:32.145+0000] {dagbag.py:538} INFO - Filling up the DagBag from /home/airflow/.local/lib/python3.8/site-packages/airflow/example_dags/example_skip_dag.py
[2026-04-21T06:33:32.150+0000] {processor.py:840} INFO - DAG(s) 'example_skip_dag' retrieved from /home/airflow/.local/lib/python3.8/site-packages/airflow/example_dags/example_skip_dag.py
[2026-04-21T06:33:32.165+0000] {logging_mixin.py:188} INFO - [2026-04-21T06:33:32.165+0000] {dag.py:3036} INFO - Sync 1 DAGs
[2026-04-21T06:33:32.179+0000] {logging_mixin.py:188} INFO - [2026-04-21T06:33:32.179+0000] {dag.py:3823} INFO - Setting next_dagrun for example_skip_dag to 2026-04-20 00:00:00+00:00, run_after=2026-04-21 00:00:00+00:00
[2026-04-21T06:33:32.188+0000] {processor.py:183} INFO - Processing /home/airflow/.local/lib/python3.8/site-packages/airflow/example_dags/example_skip_dag.py took 0.055 seconds
[2026-04-21T06:34:02.407+0000] {processor.py:161} INFO - Started process (PID=9768) to work on /home/airflow/.local/lib/python3.8/site-packages/airflow/example_dags/example_skip_dag.py
[2026-04-21T06:34:02.415+0000] {processor.py:830} INFO - Processing file /home/airflow/.local/lib/python3.8/site-packages/airflow/example_dags/example_skip_dag.py for tasks to queue
[2026-04-21T06:34:02.416+0000] {logging_mixin.py:188} INFO - [2026-04-21T06:34:02.416+0000] {dagbag.py:538} INFO - Filling up the DagBag from /home/airflow/.local/lib/python3.8/site-packages/airflow/example_dags/example_skip_dag.py
[2026-04-21T06:34:02.421+0000] {processor.py:840} INFO - DAG(s) 'example_skip_dag' retrieved from /home/airflow/.local/lib/python3.8/site-packages/airflow/example_dags/example_skip_dag.py
[2026-04-21T06:34:02.542+0000] {logging_mixin.py:188} INFO - [2026-04-21T06:34:02.542+0000] {dag.py:3036} INFO - Sync 1 DAGs
[2026-04-21T06:34:02.554+0000] {logging_mixin.py:188} INFO - [2026-04-21T06:34:02.554+0000] {dag.py:3823} INFO - Setting next_dagrun for example_skip_dag to 2026-04-20 00:00:00+00:00, run_after=2026-04-21 00:00:00+00:00
[2026-04-21T06:34:02.563+0000] {processor.py:183} INFO - Processing /home/airflow/.local/lib/python3.8/site-packages/airflow/example_dags/example_skip_dag.py took 0.160 seconds
[2026-04-21T06:34:32.809+0000] {processor.py:161} INFO - Started process (PID=9823) to work on /home/airflow/.local/lib/python3.8/site-packages/airflow/example_dags/example_skip_dag.py
[2026-04-21T06:34:32.818+0000] {processor.py:830} INFO - Processing file /home/airflow/.local/lib/python3.8/site-packages/airflow/example_dags/example_skip_dag.py for tasks to queue
[2026-04-21T06:34:32.819+0000] {logging_mixin.py:188} INFO - [2026-04-21T06:34:32.819+0000] {dagbag.py:538} INFO - Filling up the DagBag from /home/airflow/.local/lib/python3.8/site-packages/airflow/example_dags/example_skip_dag.py
[2026-04-21T06:34:32.824+0000] {processor.py:840} INFO - DAG(s) 'example_skip_dag' retrieved from /home/airflow/.local/lib/python3.8/site-packages/airflow/example_dags/example_skip_dag.py
[2026-04-21T06:34:32.838+0000] {logging_mixin.py:188} INFO - [2026-04-21T06:34:32.838+0000] {dag.py:3036} INFO - Sync 1 DAGs
[2026-04-21T06:34:32.957+0000] {logging_mixin.py:188} INFO - [2026-04-21T06:34:32.957+0000] {dag.py:3823} INFO - Setting next_dagrun for example_skip_dag to 2026-04-20 00:00:00+00:00, run_after=2026-04-21 00:00:00+00:00
[2026-04-21T06:34:32.975+0000] {processor.py:183} INFO - Processing /home/airflow/.local/lib/python3.8/site-packages/airflow/example_dags/example_skip_dag.py took 0.168 seconds
[2026-04-21T06:35:03.835+0000] {processor.py:161} INFO - Started process (PID=9878) to work on /home/airflow/.local/lib/python3.8/site-packages/airflow/example_dags/example_skip_dag.py
[2026-04-21T06:35:03.836+0000] {processor.py:830} INFO - Processing file /home/airflow/.local/lib/python3.8/site-packages/airflow/example_dags/example_skip_dag.py for tasks to queue
[2026-04-21T06:35:03.837+0000] {logging_mixin.py:188} INFO - [2026-04-21T06:35:03.837+0000] {dagbag.py:538} INFO - Filling up the DagBag from /home/airflow/.local/lib/python3.8/site-packages/airflow/example_dags/example_skip_dag.py
[2026-04-21T06:35:03.842+0000] {processor.py:840} INFO - DAG(s) 'example_skip_dag' retrieved from /home/airflow/.local/lib/python3.8/site-packages/airflow/example_dags/example_skip_dag.py
[2026-04-21T06:35:03.856+0000] {logging_mixin.py:188} INFO - [2026-04-21T06:35:03.856+0000] {dag.py:3036} INFO - Sync 1 DAGs
[2026-04-21T06:35:03.870+0000] {logging_mixin.py:188} INFO - [2026-04-21T06:35:03.869+0000] {dag.py:3823} INFO - Setting next_dagrun for example_skip_dag to 2026-04-20 00:00:00+00:00, run_after=2026-04-21 00:00:00+00:00
[2026-04-21T06:35:03.879+0000] {processor.py:183} INFO - Processing /home/airflow/.local/lib/python3.8/site-packages/airflow/example_dags/example_skip_dag.py took 0.047 seconds
[2026-04-21T06:35:34.468+0000] {processor.py:161} INFO - Started process (PID=9933) to work on /home/airflow/.local/lib/python3.8/site-packages/airflow/example_dags/example_skip_dag.py
[2026-04-21T06:35:34.477+0000] {processor.py:830} INFO - Processing file /home/airflow/.local/lib/python3.8/site-packages/airflow/example_dags/example_skip_dag.py for tasks to queue
[2026-04-21T06:35:34.478+0000] {logging_mixin.py:188} INFO - [2026-04-21T06:35:34.477+0000] {dagbag.py:538} INFO - Filling up the DagBag from /home/airflow/.local/lib/python3.8/site-packages/airflow/example_dags/example_skip_dag.py
[2026-04-21T06:35:34.482+0000] {processor.py:840} INFO - DAG(s) 'example_skip_dag' retrieved from /home/airflow/.local/lib/python3.8/site-packages/airflow/example_dags/example_skip_dag.py
[2026-04-21T06:35:34.497+0000] {logging_mixin.py:188} INFO - [2026-04-21T06:35:34.497+0000] {dag.py:3036} INFO - Sync 1 DAGs
[2026-04-21T06:35:34.511+0000] {logging_mixin.py:188} INFO - [2026-04-21T06:35:34.510+0000] {dag.py:3823} INFO - Setting next_dagrun for example_skip_dag to 2026-04-20 00:00:00+00:00, run_after=2026-04-21 00:00:00+00:00
[2026-04-21T06:35:34.521+0000] {processor.py:183} INFO - Processing /home/airflow/.local/lib/python3.8/site-packages/airflow/example_dags/example_skip_dag.py took 0.056 seconds
[2026-04-21T06:36:05.109+0000] {processor.py:161} INFO - Started process (PID=9988) to work on /home/airflow/.local/lib/python3.8/site-packages/airflow/example_dags/example_skip_dag.py
[2026-04-21T06:36:05.110+0000] {processor.py:830} INFO - Processing file /home/airflow/.local/lib/python3.8/site-packages/airflow/example_dags/example_skip_dag.py for tasks to queue
[2026-04-21T06:36:05.110+0000] {logging_mixin.py:188} INFO - [2026-04-21T06:36:05.110+0000] {dagbag.py:538} INFO - Filling up the DagBag from /home/airflow/.local/lib/python3.8/site-packages/airflow/example_dags/example_skip_dag.py
[2026-04-21T06:36:05.115+0000] {processor.py:840} INFO - DAG(s) 'example_skip_dag' retrieved from /home/airflow/.local/lib/python3.8/site-packages/airflow/example_dags/example_skip_dag.py
[2026-04-21T06:36:05.129+0000] {logging_mixin.py:188} INFO - [2026-04-21T06:36:05.129+0000] {dag.py:3036} INFO - Sync 1 DAGs
[2026-04-21T06:36:05.143+0000] {logging_mixin.py:188} INFO - [2026-04-21T06:36:05.142+0000] {dag.py:3823} INFO - Setting next_dagrun for example_skip_dag to 2026-04-20 00:00:00+00:00, run_after=2026-04-21 00:00:00+00:00
[2026-04-21T06:36:05.153+0000] {processor.py:183} INFO - Processing /home/airflow/.local/lib/python3.8/site-packages/airflow/example_dags/example_skip_dag.py took 0.047 seconds
[2026-04-21T06:36:35.760+0000] {processor.py:161} INFO - Started process (PID=10043) to work on /home/airflow/.local/lib/python3.8/site-packages/airflow/example_dags/example_skip_dag.py
[2026-04-21T06:36:35.768+0000] {processor.py:830} INFO - Processing file /home/airflow/.local/lib/python3.8/site-packages/airflow/example_dags/example_skip_dag.py for tasks to queue
[2026-04-21T06:36:35.769+0000] {logging_mixin.py:188} INFO - [2026-04-21T06:36:35.769+0000] {dagbag.py:538} INFO - Filling up the DagBag from /home/airflow/.local/lib/python3.8/site-packages/airflow/example_dags/example_skip_dag.py
[2026-04-21T06:36:35.774+0000] {processor.py:840} INFO - DAG(s) 'example_skip_dag' retrieved from /home/airflow/.local/lib/python3.8/site-packages/airflow/example_dags/example_skip_dag.py
[2026-04-21T06:36:35.788+0000] {logging_mixin.py:188} INFO - [2026-04-21T06:36:35.788+0000] {dag.py:3036} INFO - Sync 1 DAGs
[2026-04-21T06:36:35.803+0000] {logging_mixin.py:188} INFO - [2026-04-21T06:36:35.802+0000] {dag.py:3823} INFO - Setting next_dagrun for example_skip_dag to 2026-04-20 00:00:00+00:00, run_after=2026-04-21 00:00:00+00:00
[2026-04-21T06:36:35.813+0000] {processor.py:183} INFO - Processing /home/airflow/.local/lib/python3.8/site-packages/airflow/example_dags/example_skip_dag.py took 0.057 seconds
[2026-04-21T06:37:06.498+0000] {processor.py:161} INFO - Started process (PID=10098) to work on /home/airflow/.local/lib/python3.8/site-packages/airflow/example_dags/example_skip_dag.py
[2026-04-21T06:37:06.507+0000] {processor.py:830} INFO - Processing file /home/airflow/.local/lib/python3.8/site-packages/airflow/example_dags/example_skip_dag.py for tasks to queue
[2026-04-21T06:37:06.508+0000] {logging_mixin.py:188} INFO - [2026-04-21T06:37:06.507+0000] {dagbag.py:538} INFO - Filling up the DagBag from /home/airflow/.local/lib/python3.8/site-packages/airflow/example_dags/example_skip_dag.py
[2026-04-21T06:37:06.512+0000] {processor.py:840} INFO - DAG(s) 'example_skip_dag' retrieved from /home/airflow/.local/lib/python3.8/site-packages/airflow/example_dags/example_skip_dag.py
[2026-04-21T06:37:06.527+0000] {logging_mixin.py:188} INFO - [2026-04-21T06:37:06.527+0000] {dag.py:3036} INFO - Sync 1 DAGs
[2026-04-21T06:37:06.541+0000] {logging_mixin.py:188} INFO - [2026-04-21T06:37:06.541+0000] {dag.py:3823} INFO - Setting next_dagrun for example_skip_dag to 2026-04-20 00:00:00+00:00, run_after=2026-04-21 00:00:00+00:00
[2026-04-21T06:37:06.551+0000] {processor.py:183} INFO - Processing /home/airflow/.local/lib/python3.8/site-packages/airflow/example_dags/example_skip_dag.py took 0.056 seconds
[2026-04-21T06:37:37.183+0000] {processor.py:161} INFO - Started process (PID=10153) to work on /home/airflow/.local/lib/python3.8/site-packages/airflow/example_dags/example_skip_dag.py
[2026-04-21T06:37:37.192+0000] {processor.py:830} INFO - Processing file /home/airflow/.local/lib/python3.8/site-packages/airflow/example_dags/example_skip_dag.py for tasks to queue
[2026-04-21T06:37:37.193+0000] {logging_mixin.py:188} INFO - [2026-04-21T06:37:37.192+0000] {dagbag.py:538} INFO - Filling up the DagBag from /home/airflow/.local/lib/python3.8/site-packages/airflow/example_dags/example_skip_dag.py
[2026-04-21T06:37:37.197+0000] {processor.py:840} INFO - DAG(s) 'example_skip_dag' retrieved from /home/airflow/.local/lib/python3.8/site-packages/airflow/example_dags/example_skip_dag.py
[2026-04-21T06:37:37.211+0000] {logging_mixin.py:188} INFO - [2026-04-21T06:37:37.211+0000] {dag.py:3036} INFO - Sync 1 DAGs
[2026-04-21T06:37:37.225+0000] {logging_mixin.py:188} INFO - [2026-04-21T06:37:37.225+0000] {dag.py:3823} INFO - Setting next_dagrun for example_skip_dag to 2026-04-20 00:00:00+00:00, run_after=2026-04-21 00:00:00+00:00
[2026-04-21T06:37:37.235+0000] {processor.py:183} INFO - Processing /home/airflow/.local/lib/python3.8/site-packages/airflow/example_dags/example_skip_dag.py took 0.054 seconds
[2026-04-21T06:38:07.882+0000] {processor.py:161} INFO - Started process (PID=10208) to work on /home/airflow/.local/lib/python3.8/site-packages/airflow/example_dags/example_skip_dag.py
[2026-04-21T06:38:07.883+0000] {processor.py:830} INFO - Processing file /home/airflow/.local/lib/python3.8/site-packages/airflow/example_dags/example_skip_dag.py for tasks to queue
[2026-04-21T06:38:07.883+0000] {logging_mixin.py:188} INFO - [2026-04-21T06:38:07.883+0000] {dagbag.py:538} INFO - Filling up the DagBag from /home/airflow/.local/lib/python3.8/site-packages/airflow/example_dags/example_skip_dag.py
[2026-04-21T06:38:07.888+0000] {processor.py:840} INFO - DAG(s) 'example_skip_dag' retrieved from /home/airflow/.local/lib/python3.8/site-packages/airflow/example_dags/example_skip_dag.py
[2026-04-21T06:38:07.902+0000] {logging_mixin.py:188} INFO - [2026-04-21T06:38:07.902+0000] {dag.py:3036} INFO - Sync 1 DAGs
[2026-04-21T06:38:07.916+0000] {logging_mixin.py:188} INFO - [2026-04-21T06:38:07.916+0000] {dag.py:3823} INFO - Setting next_dagrun for example_skip_dag to 2026-04-20 00:00:00+00:00, run_after=2026-04-21 00:00:00+00:00
[2026-04-21T06:38:07.926+0000] {processor.py:183} INFO - Processing /home/airflow/.local/lib/python3.8/site-packages/airflow/example_dags/example_skip_dag.py took 0.047 seconds
[2026-04-21T06:38:38.470+0000] {processor.py:161} INFO - Started process (PID=10269) to work on /home/airflow/.local/lib/python3.8/site-packages/airflow/example_dags/example_skip_dag.py
[2026-04-21T06:38:38.479+0000] {processor.py:830} INFO - Processing file /home/airflow/.local/lib/python3.8/site-packages/airflow/example_dags/example_skip_dag.py for tasks to queue
[2026-04-21T06:38:38.479+0000] {logging_mixin.py:188} INFO - [2026-04-21T06:38:38.479+0000] {dagbag.py:538} INFO - Filling up the DagBag from /home/airflow/.local/lib/python3.8/site-packages/airflow/example_dags/example_skip_dag.py
[2026-04-21T06:38:38.484+0000] {processor.py:840} INFO - DAG(s) 'example_skip_dag' retrieved from /home/airflow/.local/lib/python3.8/site-packages/airflow/example_dags/example_skip_dag.py
[2026-04-21T06:38:38.498+0000] {logging_mixin.py:188} INFO - [2026-04-21T06:38:38.498+0000] {dag.py:3036} INFO - Sync 1 DAGs
[2026-04-21T06:38:38.512+0000] {logging_mixin.py:188} INFO - [2026-04-21T06:38:38.512+0000] {dag.py:3823} INFO - Setting next_dagrun for example_skip_dag to 2026-04-20 00:00:00+00:00, run_after=2026-04-21 00:00:00+00:00
[2026-04-21T06:38:38.523+0000] {processor.py:183} INFO - Processing /home/airflow/.local/lib/python3.8/site-packages/airflow/example_dags/example_skip_dag.py took 0.055 seconds
[2026-04-21T06:39:09.197+0000] {processor.py:161} INFO - Started process (PID=10324) to work on /home/airflow/.local/lib/python3.8/site-packages/airflow/example_dags/example_skip_dag.py
[2026-04-21T06:39:09.206+0000] {processor.py:830} INFO - Processing file /home/airflow/.local/lib/python3.8/site-packages/airflow/example_dags/example_skip_dag.py for tasks to queue
[2026-04-21T06:39:09.206+0000] {logging_mixin.py:188} INFO - [2026-04-21T06:39:09.206+0000] {dagbag.py:538} INFO - Filling up the DagBag from /home/airflow/.local/lib/python3.8/site-packages/airflow/example_dags/example_skip_dag.py
[2026-04-21T06:39:09.211+0000] {processor.py:840} INFO - DAG(s) 'example_skip_dag' retrieved from /home/airflow/.local/lib/python3.8/site-packages/airflow/example_dags/example_skip_dag.py
[2026-04-21T06:39:09.228+0000] {logging_mixin.py:188} INFO - [2026-04-21T06:39:09.228+0000] {dag.py:3036} INFO - Sync 1 DAGs
[2026-04-21T06:39:09.247+0000] {logging_mixin.py:188} INFO - [2026-04-21T06:39:09.246+0000] {dag.py:3823} INFO - Setting next_dagrun for example_skip_dag to 2026-04-20 00:00:00+00:00, run_after=2026-04-21 00:00:00+00:00
[2026-04-21T06:39:09.259+0000] {processor.py:183} INFO - Processing /home/airflow/.local/lib/python3.8/site-packages/airflow/example_dags/example_skip_dag.py took 0.065 seconds
[2026-04-21T06:39:39.975+0000] {processor.py:161} INFO - Started process (PID=10379) to work on /home/airflow/.local/lib/python3.8/site-packages/airflow/example_dags/example_skip_dag.py
[2026-04-21T06:39:39.983+0000] {processor.py:830} INFO - Processing file /home/airflow/.local/lib/python3.8/site-packages/airflow/example_dags/example_skip_dag.py for tasks to queue
[2026-04-21T06:39:39.984+0000] {logging_mixin.py:188} INFO - [2026-04-21T06:39:39.984+0000] {dagbag.py:538} INFO - Filling up the DagBag from /home/airflow/.local/lib/python3.8/site-packages/airflow/example_dags/example_skip_dag.py
[2026-04-21T06:39:39.989+0000] {processor.py:840} INFO - DAG(s) 'example_skip_dag' retrieved from /home/airflow/.local/lib/python3.8/site-packages/airflow/example_dags/example_skip_dag.py
[2026-04-21T06:39:40.003+0000] {logging_mixin.py:188} INFO - [2026-04-21T06:39:40.003+0000] {dag.py:3036} INFO - Sync 1 DAGs
[2026-04-21T06:39:40.018+0000] {logging_mixin.py:188} INFO - [2026-04-21T06:39:40.017+0000] {dag.py:3823} INFO - Setting next_dagrun for example_skip_dag to 2026-04-20 00:00:00+00:00, run_after=2026-04-21 00:00:00+00:00
[2026-04-21T06:39:40.027+0000] {processor.py:183} INFO - Processing /home/airflow/.local/lib/python3.8/site-packages/airflow/example_dags/example_skip_dag.py took 0.055 seconds
[2026-04-21T06:40:10.713+0000] {processor.py:161} INFO - Started process (PID=10434) to work on /home/airflow/.local/lib/python3.8/site-packages/airflow/example_dags/example_skip_dag.py
[2026-04-21T06:40:10.722+0000] {processor.py:830} INFO - Processing file /home/airflow/.local/lib/python3.8/site-packages/airflow/example_dags/example_skip_dag.py for tasks to queue
[2026-04-21T06:40:10.723+0000] {logging_mixin.py:188} INFO - [2026-04-21T06:40:10.723+0000] {dagbag.py:538} INFO - Filling up the DagBag from /home/airflow/.local/lib/python3.8/site-packages/airflow/example_dags/example_skip_dag.py
[2026-04-21T06:40:10.727+0000] {processor.py:840} INFO - DAG(s) 'example_skip_dag' retrieved from /home/airflow/.local/lib/python3.8/site-packages/airflow/example_dags/example_skip_dag.py
[2026-04-21T06:40:10.742+0000] {logging_mixin.py:188} INFO - [2026-04-21T06:40:10.742+0000] {dag.py:3036} INFO - Sync 1 DAGs
[2026-04-21T06:40:10.755+0000] {logging_mixin.py:188} INFO - [2026-04-21T06:40:10.755+0000] {dag.py:3823} INFO - Setting next_dagrun for example_skip_dag to 2026-04-20 00:00:00+00:00, run_after=2026-04-21 00:00:00+00:00
[2026-04-21T06:40:10.765+0000] {processor.py:183} INFO - Processing /home/airflow/.local/lib/python3.8/site-packages/airflow/example_dags/example_skip_dag.py took 0.055 seconds
[2026-04-21T06:40:41.431+0000] {processor.py:161} INFO - Started process (PID=10489) to work on /home/airflow/.local/lib/python3.8/site-packages/airflow/example_dags/example_skip_dag.py
[2026-04-21T06:40:41.432+0000] {processor.py:830} INFO - Processing file /home/airflow/.local/lib/python3.8/site-packages/airflow/example_dags/example_skip_dag.py for tasks to queue
[2026-04-21T06:40:41.433+0000] {logging_mixin.py:188} INFO - [2026-04-21T06:40:41.433+0000] {dagbag.py:538} INFO - Filling up the DagBag from /home/airflow/.local/lib/python3.8/site-packages/airflow/example_dags/example_skip_dag.py
[2026-04-21T06:40:41.441+0000] {processor.py:840} INFO - DAG(s) 'example_skip_dag' retrieved from /home/airflow/.local/lib/python3.8/site-packages/airflow/example_dags/example_skip_dag.py
[2026-04-21T06:40:41.468+0000] {logging_mixin.py:188} INFO - [2026-04-21T06:40:41.467+0000] {dag.py:3036} INFO - Sync 1 DAGs
[2026-04-21T06:40:41.492+0000] {logging_mixin.py:188} INFO - [2026-04-21T06:40:41.492+0000] {dag.py:3823} INFO - Setting next_dagrun for example_skip_dag to 2026-04-20 00:00:00+00:00, run_after=2026-04-21 00:00:00+00:00
[2026-04-21T06:40:41.512+0000] {processor.py:183} INFO - Processing /home/airflow/.local/lib/python3.8/site-packages/airflow/example_dags/example_skip_dag.py took 0.086 seconds
[2026-04-21T06:41:11.662+0000] {processor.py:161} INFO - Started process (PID=10544) to work on /home/airflow/.local/lib/python3.8/site-packages/airflow/example_dags/example_skip_dag.py
[2026-04-21T06:41:11.672+0000] {processor.py:830} INFO - Processing file /home/airflow/.local/lib/python3.8/site-packages/airflow/example_dags/example_skip_dag.py for tasks to queue
[2026-04-21T06:41:11.673+0000] {logging_mixin.py:188} INFO - [2026-04-21T06:41:11.673+0000] {dagbag.py:538} INFO - Filling up the DagBag from /home/airflow/.local/lib/python3.8/site-packages/airflow/example_dags/example_skip_dag.py
[2026-04-21T06:41:11.678+0000] {processor.py:840} INFO - DAG(s) 'example_skip_dag' retrieved from /home/airflow/.local/lib/python3.8/site-packages/airflow/example_dags/example_skip_dag.py
[2026-04-21T06:41:11.696+0000] {logging_mixin.py:188} INFO - [2026-04-21T06:41:11.696+0000] {dag.py:3036} INFO - Sync 1 DAGs
[2026-04-21T06:41:11.713+0000] {logging_mixin.py:188} INFO - [2026-04-21T06:41:11.713+0000] {dag.py:3823} INFO - Setting next_dagrun for example_skip_dag to 2026-04-20 00:00:00+00:00, run_after=2026-04-21 00:00:00+00:00
[2026-04-21T06:41:11.724+0000] {processor.py:183} INFO - Processing /home/airflow/.local/lib/python3.8/site-packages/airflow/example_dags/example_skip_dag.py took 0.064 seconds
[2026-04-21T06:41:41.987+0000] {processor.py:161} INFO - Started process (PID=10599) to work on /home/airflow/.local/lib/python3.8/site-packages/airflow/example_dags/example_skip_dag.py
[2026-04-21T06:41:41.996+0000] {processor.py:830} INFO - Processing file /home/airflow/.local/lib/python3.8/site-packages/airflow/example_dags/example_skip_dag.py for tasks to queue
[2026-04-21T06:41:41.997+0000] {logging_mixin.py:188} INFO - [2026-04-21T06:41:41.996+0000] {dagbag.py:538} INFO - Filling up the DagBag from /home/airflow/.local/lib/python3.8/site-packages/airflow/example_dags/example_skip_dag.py
[2026-04-21T06:41:42.002+0000] {processor.py:840} INFO - DAG(s) 'example_skip_dag' retrieved from /home/airflow/.local/lib/python3.8/site-packages/airflow/example_dags/example_skip_dag.py
[2026-04-21T06:41:42.019+0000] {logging_mixin.py:188} INFO - [2026-04-21T06:41:42.019+0000] {dag.py:3036} INFO - Sync 1 DAGs
[2026-04-21T06:41:42.035+0000] {logging_mixin.py:188} INFO - [2026-04-21T06:41:42.035+0000] {dag.py:3823} INFO - Setting next_dagrun for example_skip_dag to 2026-04-20 00:00:00+00:00, run_after=2026-04-21 00:00:00+00:00
[2026-04-21T06:41:42.048+0000] {processor.py:183} INFO - Processing /home/airflow/.local/lib/python3.8/site-packages/airflow/example_dags/example_skip_dag.py took 0.063 seconds
[2026-04-21T06:42:12.147+0000] {processor.py:161} INFO - Started process (PID=10654) to work on /home/airflow/.local/lib/python3.8/site-packages/airflow/example_dags/example_skip_dag.py
[2026-04-21T06:42:12.148+0000] {processor.py:830} INFO - Processing file /home/airflow/.local/lib/python3.8/site-packages/airflow/example_dags/example_skip_dag.py for tasks to queue
[2026-04-21T06:42:12.149+0000] {logging_mixin.py:188} INFO - [2026-04-21T06:42:12.148+0000] {dagbag.py:538} INFO - Filling up the DagBag from /home/airflow/.local/lib/python3.8/site-packages/airflow/example_dags/example_skip_dag.py
[2026-04-21T06:42:12.154+0000] {processor.py:840} INFO - DAG(s) 'example_skip_dag' retrieved from /home/airflow/.local/lib/python3.8/site-packages/airflow/example_dags/example_skip_dag.py
[2026-04-21T06:42:12.170+0000] {logging_mixin.py:188} INFO - [2026-04-21T06:42:12.170+0000] {dag.py:3036} INFO - Sync 1 DAGs
[2026-04-21T06:42:12.186+0000] {logging_mixin.py:188} INFO - [2026-04-21T06:42:12.186+0000] {dag.py:3823} INFO - Setting next_dagrun for example_skip_dag to 2026-04-20 00:00:00+00:00, run_after=2026-04-21 00:00:00+00:00
[2026-04-21T06:42:12.197+0000] {processor.py:183} INFO - Processing /home/airflow/.local/lib/python3.8/site-packages/airflow/example_dags/example_skip_dag.py took 0.052 seconds
[2026-04-21T06:42:42.752+0000] {processor.py:161} INFO - Started process (PID=10709) to work on /home/airflow/.local/lib/python3.8/site-packages/airflow/example_dags/example_skip_dag.py
[2026-04-21T06:42:42.753+0000] {processor.py:830} INFO - Processing file /home/airflow/.local/lib/python3.8/site-packages/airflow/example_dags/example_skip_dag.py for tasks to queue
[2026-04-21T06:42:42.754+0000] {logging_mixin.py:188} INFO - [2026-04-21T06:42:42.754+0000] {dagbag.py:538} INFO - Filling up the DagBag from /home/airflow/.local/lib/python3.8/site-packages/airflow/example_dags/example_skip_dag.py
[2026-04-21T06:42:42.768+0000] {processor.py:840} INFO - DAG(s) 'example_skip_dag' retrieved from /home/airflow/.local/lib/python3.8/site-packages/airflow/example_dags/example_skip_dag.py
[2026-04-21T06:42:42.788+0000] {logging_mixin.py:188} INFO - [2026-04-21T06:42:42.788+0000] {dag.py:3036} INFO - Sync 1 DAGs
[2026-04-21T06:42:42.803+0000] {logging_mixin.py:188} INFO - [2026-04-21T06:42:42.803+0000] {dag.py:3823} INFO - Setting next_dagrun for example_skip_dag to 2026-04-20 00:00:00+00:00, run_after=2026-04-21 00:00:00+00:00
[2026-04-21T06:42:42.839+0000] {processor.py:183} INFO - Processing /home/airflow/.local/lib/python3.8/site-packages/airflow/example_dags/example_skip_dag.py took 0.108 seconds
[2026-04-21T06:43:12.945+0000] {processor.py:161} INFO - Started process (PID=10764) to work on /home/airflow/.local/lib/python3.8/site-packages/airflow/example_dags/example_skip_dag.py
[2026-04-21T06:43:12.954+0000] {processor.py:830} INFO - Processing file /home/airflow/.local/lib/python3.8/site-packages/airflow/example_dags/example_skip_dag.py for tasks to queue
[2026-04-21T06:43:12.955+0000] {logging_mixin.py:188} INFO - [2026-04-21T06:43:12.955+0000] {dagbag.py:538} INFO - Filling up the DagBag from /home/airflow/.local/lib/python3.8/site-packages/airflow/example_dags/example_skip_dag.py
[2026-04-21T06:43:12.961+0000] {processor.py:840} INFO - DAG(s) 'example_skip_dag' retrieved from /home/airflow/.local/lib/python3.8/site-packages/airflow/example_dags/example_skip_dag.py
[2026-04-21T06:43:12.977+0000] {logging_mixin.py:188} INFO - [2026-04-21T06:43:12.977+0000] {dag.py:3036} INFO - Sync 1 DAGs
[2026-04-21T06:43:12.995+0000] {logging_mixin.py:188} INFO - [2026-04-21T06:43:12.994+0000] {dag.py:3823} INFO - Setting next_dagrun for example_skip_dag to 2026-04-20 00:00:00+00:00, run_after=2026-04-21 00:00:00+00:00
[2026-04-21T06:43:13.006+0000] {processor.py:183} INFO - Processing /home/airflow/.local/lib/python3.8/site-packages/airflow/example_dags/example_skip_dag.py took 0.064 seconds
[2026-04-21T06:43:43.032+0000] {processor.py:161} INFO - Started process (PID=10819) to work on /home/airflow/.local/lib/python3.8/site-packages/airflow/example_dags/example_skip_dag.py
[2026-04-21T06:43:43.033+0000] {processor.py:830} INFO - Processing file /home/airflow/.local/lib/python3.8/site-packages/airflow/example_dags/example_skip_dag.py for tasks to queue
[2026-04-21T06:43:43.033+0000] {logging_mixin.py:188} INFO - [2026-04-21T06:43:43.033+0000] {dagbag.py:538} INFO - Filling up the DagBag from /home/airflow/.local/lib/python3.8/site-packages/airflow/example_dags/example_skip_dag.py
[2026-04-21T06:43:43.039+0000] {processor.py:840} INFO - DAG(s) 'example_skip_dag' retrieved from /home/airflow/.local/lib/python3.8/site-packages/airflow/example_dags/example_skip_dag.py
[2026-04-21T06:43:43.056+0000] {logging_mixin.py:188} INFO - [2026-04-21T06:43:43.055+0000] {dag.py:3036} INFO - Sync 1 DAGs
[2026-04-21T06:43:43.071+0000] {logging_mixin.py:188} INFO - [2026-04-21T06:43:43.071+0000] {dag.py:3823} INFO - Setting next_dagrun for example_skip_dag to 2026-04-20 00:00:00+00:00, run_after=2026-04-21 00:00:00+00:00
[2026-04-21T06:43:43.084+0000] {processor.py:183} INFO - Processing /home/airflow/.local/lib/python3.8/site-packages/airflow/example_dags/example_skip_dag.py took 0.055 seconds
[2026-04-21T06:44:13.161+0000] {processor.py:161} INFO - Started process (PID=10874) to work on /home/airflow/.local/lib/python3.8/site-packages/airflow/example_dags/example_skip_dag.py
[2026-04-21T06:44:13.170+0000] {processor.py:830} INFO - Processing file /home/airflow/.local/lib/python3.8/site-packages/airflow/example_dags/example_skip_dag.py for tasks to queue
[2026-04-21T06:44:13.171+0000] {logging_mixin.py:188} INFO - [2026-04-21T06:44:13.171+0000] {dagbag.py:538} INFO - Filling up the DagBag from /home/airflow/.local/lib/python3.8/site-packages/airflow/example_dags/example_skip_dag.py
[2026-04-21T06:44:13.176+0000] {processor.py:840} INFO - DAG(s) 'example_skip_dag' retrieved from /home/airflow/.local/lib/python3.8/site-packages/airflow/example_dags/example_skip_dag.py
[2026-04-21T06:44:13.191+0000] {logging_mixin.py:188} INFO - [2026-04-21T06:44:13.191+0000] {dag.py:3036} INFO - Sync 1 DAGs
[2026-04-21T06:44:13.205+0000] {logging_mixin.py:188} INFO - [2026-04-21T06:44:13.205+0000] {dag.py:3823} INFO - Setting next_dagrun for example_skip_dag to 2026-04-20 00:00:00+00:00, run_after=2026-04-21 00:00:00+00:00
[2026-04-21T06:44:13.215+0000] {processor.py:183} INFO - Processing /home/airflow/.local/lib/python3.8/site-packages/airflow/example_dags/example_skip_dag.py took 0.057 seconds
[2026-04-21T06:44:43.238+0000] {processor.py:161} INFO - Started process (PID=10929) to work on /home/airflow/.local/lib/python3.8/site-packages/airflow/example_dags/example_skip_dag.py
[2026-04-21T06:44:43.239+0000] {processor.py:830} INFO - Processing file /home/airflow/.local/lib/python3.8/site-packages/airflow/example_dags/example_skip_dag.py for tasks to queue
[2026-04-21T06:44:43.239+0000] {logging_mixin.py:188} INFO - [2026-04-21T06:44:43.239+0000] {dagbag.py:538} INFO - Filling up the DagBag from /home/airflow/.local/lib/python3.8/site-packages/airflow/example_dags/example_skip_dag.py
[2026-04-21T06:44:43.244+0000] {processor.py:840} INFO - DAG(s) 'example_skip_dag' retrieved from /home/airflow/.local/lib/python3.8/site-packages/airflow/example_dags/example_skip_dag.py
[2026-04-21T06:44:43.258+0000] {logging_mixin.py:188} INFO - [2026-04-21T06:44:43.258+0000] {dag.py:3036} INFO - Sync 1 DAGs
[2026-04-21T06:44:43.274+0000] {logging_mixin.py:188} INFO - [2026-04-21T06:44:43.274+0000] {dag.py:3823} INFO - Setting next_dagrun for example_skip_dag to 2026-04-20 00:00:00+00:00, run_after=2026-04-21 00:00:00+00:00
[2026-04-21T06:44:43.284+0000] {processor.py:183} INFO - Processing /home/airflow/.local/lib/python3.8/site-packages/airflow/example_dags/example_skip_dag.py took 0.049 seconds
[2026-04-21T06:45:13.325+0000] {processor.py:161} INFO - Started process (PID=10984) to work on /home/airflow/.local/lib/python3.8/site-packages/airflow/example_dags/example_skip_dag.py
[2026-04-21T06:45:13.334+0000] {processor.py:830} INFO - Processing file /home/airflow/.local/lib/python3.8/site-packages/airflow/example_dags/example_skip_dag.py for tasks to queue
[2026-04-21T06:45:13.335+0000] {logging_mixin.py:188} INFO - [2026-04-21T06:45:13.335+0000] {dagbag.py:538} INFO - Filling up the DagBag from /home/airflow/.local/lib/python3.8/site-packages/airflow/example_dags/example_skip_dag.py
[2026-04-21T06:45:13.340+0000] {processor.py:840} INFO - DAG(s) 'example_skip_dag' retrieved from /home/airflow/.local/lib/python3.8/site-packages/airflow/example_dags/example_skip_dag.py
[2026-04-21T06:45:13.355+0000] {logging_mixin.py:188} INFO - [2026-04-21T06:45:13.355+0000] {dag.py:3036} INFO - Sync 1 DAGs
[2026-04-21T06:45:13.369+0000] {logging_mixin.py:188} INFO - [2026-04-21T06:45:13.369+0000] {dag.py:3823} INFO - Setting next_dagrun for example_skip_dag to 2026-04-20 00:00:00+00:00, run_after=2026-04-21 00:00:00+00:00
[2026-04-21T06:45:13.380+0000] {processor.py:183} INFO - Processing /home/airflow/.local/lib/python3.8/site-packages/airflow/example_dags/example_skip_dag.py took 0.058 seconds
[2026-04-21T06:45:43.418+0000] {processor.py:161} INFO - Started process (PID=11039) to work on /home/airflow/.local/lib/python3.8/site-packages/airflow/example_dags/example_skip_dag.py
[2026-04-21T06:45:43.428+0000] {processor.py:830} INFO - Processing file /home/airflow/.local/lib/python3.8/site-packages/airflow/example_dags/example_skip_dag.py for tasks to queue
[2026-04-21T06:45:43.428+0000] {logging_mixin.py:188} INFO - [2026-04-21T06:45:43.428+0000] {dagbag.py:538} INFO - Filling up the DagBag from /home/airflow/.local/lib/python3.8/site-packages/airflow/example_dags/example_skip_dag.py
[2026-04-21T06:45:43.433+0000] {processor.py:840} INFO - DAG(s) 'example_skip_dag' retrieved from /home/airflow/.local/lib/python3.8/site-packages/airflow/example_dags/example_skip_dag.py
[2026-04-21T06:45:43.447+0000] {logging_mixin.py:188} INFO - [2026-04-21T06:45:43.447+0000] {dag.py:3036} INFO - Sync 1 DAGs
[2026-04-21T06:45:43.463+0000] {logging_mixin.py:188} INFO - [2026-04-21T06:45:43.463+0000] {dag.py:3823} INFO - Setting next_dagrun for example_skip_dag to 2026-04-20 00:00:00+00:00, run_after=2026-04-21 00:00:00+00:00
[2026-04-21T06:45:43.475+0000] {processor.py:183} INFO - Processing /home/airflow/.local/lib/python3.8/site-packages/airflow/example_dags/example_skip_dag.py took 0.059 seconds
[2026-04-21T06:46:13.591+0000] {processor.py:161} INFO - Started process (PID=11094) to work on /home/airflow/.local/lib/python3.8/site-packages/airflow/example_dags/example_skip_dag.py
[2026-04-21T06:46:13.600+0000] {processor.py:830} INFO - Processing file /home/airflow/.local/lib/python3.8/site-packages/airflow/example_dags/example_skip_dag.py for tasks to queue
[2026-04-21T06:46:13.601+0000] {logging_mixin.py:188} INFO - [2026-04-21T06:46:13.601+0000] {dagbag.py:538} INFO - Filling up the DagBag from /home/airflow/.local/lib/python3.8/site-packages/airflow/example_dags/example_skip_dag.py
[2026-04-21T06:46:13.605+0000] {processor.py:840} INFO - DAG(s) 'example_skip_dag' retrieved from /home/airflow/.local/lib/python3.8/site-packages/airflow/example_dags/example_skip_dag.py
[2026-04-21T06:46:13.619+0000] {logging_mixin.py:188} INFO - [2026-04-21T06:46:13.619+0000] {dag.py:3036} INFO - Sync 1 DAGs
[2026-04-21T06:46:13.633+0000] {logging_mixin.py:188} INFO - [2026-04-21T06:46:13.633+0000] {dag.py:3823} INFO - Setting next_dagrun for example_skip_dag to 2026-04-20 00:00:00+00:00, run_after=2026-04-21 00:00:00+00:00
[2026-04-21T06:46:13.643+0000] {processor.py:183} INFO - Processing /home/airflow/.local/lib/python3.8/site-packages/airflow/example_dags/example_skip_dag.py took 0.056 seconds
[2026-04-21T06:46:43.722+0000] {processor.py:161} INFO - Started process (PID=11149) to work on /home/airflow/.local/lib/python3.8/site-packages/airflow/example_dags/example_skip_dag.py
[2026-04-21T06:46:43.731+0000] {processor.py:830} INFO - Processing file /home/airflow/.local/lib/python3.8/site-packages/airflow/example_dags/example_skip_dag.py for tasks to queue
[2026-04-21T06:46:43.732+0000] {logging_mixin.py:188} INFO - [2026-04-21T06:46:43.732+0000] {dagbag.py:538} INFO - Filling up the DagBag from /home/airflow/.local/lib/python3.8/site-packages/airflow/example_dags/example_skip_dag.py
[2026-04-21T06:46:43.736+0000] {processor.py:840} INFO - DAG(s) 'example_skip_dag' retrieved from /home/airflow/.local/lib/python3.8/site-packages/airflow/example_dags/example_skip_dag.py
[2026-04-21T06:46:43.751+0000] {logging_mixin.py:188} INFO - [2026-04-21T06:46:43.751+0000] {dag.py:3036} INFO - Sync 1 DAGs
[2026-04-21T06:46:43.765+0000] {logging_mixin.py:188} INFO - [2026-04-21T06:46:43.765+0000] {dag.py:3823} INFO - Setting next_dagrun for example_skip_dag to 2026-04-20 00:00:00+00:00, run_after=2026-04-21 00:00:00+00:00
[2026-04-21T06:46:43.775+0000] {processor.py:183} INFO - Processing /home/airflow/.local/lib/python3.8/site-packages/airflow/example_dags/example_skip_dag.py took 0.056 seconds
[2026-04-21T06:47:13.883+0000] {processor.py:161} INFO - Started process (PID=11204) to work on /home/airflow/.local/lib/python3.8/site-packages/airflow/example_dags/example_skip_dag.py
[2026-04-21T06:47:13.892+0000] {processor.py:830} INFO - Processing file /home/airflow/.local/lib/python3.8/site-packages/airflow/example_dags/example_skip_dag.py for tasks to queue
[2026-04-21T06:47:13.892+0000] {logging_mixin.py:188} INFO - [2026-04-21T06:47:13.892+0000] {dagbag.py:538} INFO - Filling up the DagBag from /home/airflow/.local/lib/python3.8/site-packages/airflow/example_dags/example_skip_dag.py
[2026-04-21T06:47:13.897+0000] {processor.py:840} INFO - DAG(s) 'example_skip_dag' retrieved from /home/airflow/.local/lib/python3.8/site-packages/airflow/example_dags/example_skip_dag.py
[2026-04-21T06:47:13.911+0000] {logging_mixin.py:188} INFO - [2026-04-21T06:47:13.911+0000] {dag.py:3036} INFO - Sync 1 DAGs
[2026-04-21T06:47:13.925+0000] {logging_mixin.py:188} INFO - [2026-04-21T06:47:13.925+0000] {dag.py:3823} INFO - Setting next_dagrun for example_skip_dag to 2026-04-20 00:00:00+00:00, run_after=2026-04-21 00:00:00+00:00
[2026-04-21T06:47:13.935+0000] {processor.py:183} INFO - Processing /home/airflow/.local/lib/python3.8/site-packages/airflow/example_dags/example_skip_dag.py took 0.055 seconds
[2026-04-21T06:47:44.665+0000] {processor.py:161} INFO - Started process (PID=11259) to work on /home/airflow/.local/lib/python3.8/site-packages/airflow/example_dags/example_skip_dag.py
[2026-04-21T06:47:44.665+0000] {processor.py:830} INFO - Processing file /home/airflow/.local/lib/python3.8/site-packages/airflow/example_dags/example_skip_dag.py for tasks to queue
[2026-04-21T06:47:44.666+0000] {logging_mixin.py:188} INFO - [2026-04-21T06:47:44.666+0000] {dagbag.py:538} INFO - Filling up the DagBag from /home/airflow/.local/lib/python3.8/site-packages/airflow/example_dags/example_skip_dag.py
[2026-04-21T06:47:44.671+0000] {processor.py:840} INFO - DAG(s) 'example_skip_dag' retrieved from /home/airflow/.local/lib/python3.8/site-packages/airflow/example_dags/example_skip_dag.py
[2026-04-21T06:47:44.688+0000] {logging_mixin.py:188} INFO - [2026-04-21T06:47:44.688+0000] {dag.py:3036} INFO - Sync 1 DAGs
[2026-04-21T06:47:44.705+0000] {logging_mixin.py:188} INFO - [2026-04-21T06:47:44.705+0000] {dag.py:3823} INFO - Setting next_dagrun for example_skip_dag to 2026-04-20 00:00:00+00:00, run_after=2026-04-21 00:00:00+00:00
[2026-04-21T06:47:44.716+0000] {processor.py:183} INFO - Processing /home/airflow/.local/lib/python3.8/site-packages/airflow/example_dags/example_skip_dag.py took 0.054 seconds
[2026-04-21T06:48:15.357+0000] {processor.py:161} INFO - Started process (PID=11314) to work on /home/airflow/.local/lib/python3.8/site-packages/airflow/example_dags/example_skip_dag.py
[2026-04-21T06:48:15.358+0000] {processor.py:830} INFO - Processing file /home/airflow/.local/lib/python3.8/site-packages/airflow/example_dags/example_skip_dag.py for tasks to queue
[2026-04-21T06:48:15.359+0000] {logging_mixin.py:188} INFO - [2026-04-21T06:48:15.359+0000] {dagbag.py:538} INFO - Filling up the DagBag from /home/airflow/.local/lib/python3.8/site-packages/airflow/example_dags/example_skip_dag.py
[2026-04-21T06:48:15.364+0000] {processor.py:840} INFO - DAG(s) 'example_skip_dag' retrieved from /home/airflow/.local/lib/python3.8/site-packages/airflow/example_dags/example_skip_dag.py
[2026-04-21T06:48:15.378+0000] {logging_mixin.py:188} INFO - [2026-04-21T06:48:15.378+0000] {dag.py:3036} INFO - Sync 1 DAGs
[2026-04-21T06:48:15.391+0000] {logging_mixin.py:188} INFO - [2026-04-21T06:48:15.391+0000] {dag.py:3823} INFO - Setting next_dagrun for example_skip_dag to 2026-04-20 00:00:00+00:00, run_after=2026-04-21 00:00:00+00:00
[2026-04-21T06:48:15.402+0000] {processor.py:183} INFO - Processing /home/airflow/.local/lib/python3.8/site-packages/airflow/example_dags/example_skip_dag.py took 0.048 seconds
[2026-04-21T06:48:45.984+0000] {processor.py:161} INFO - Started process (PID=11369) to work on /home/airflow/.local/lib/python3.8/site-packages/airflow/example_dags/example_skip_dag.py
[2026-04-21T06:48:45.993+0000] {processor.py:830} INFO - Processing file /home/airflow/.local/lib/python3.8/site-packages/airflow/example_dags/example_skip_dag.py for tasks to queue
[2026-04-21T06:48:45.994+0000] {logging_mixin.py:188} INFO - [2026-04-21T06:48:45.994+0000] {dagbag.py:538} INFO - Filling up the DagBag from /home/airflow/.local/lib/python3.8/site-packages/airflow/example_dags/example_skip_dag.py
[2026-04-21T06:48:45.999+0000] {processor.py:840} INFO - DAG(s) 'example_skip_dag' retrieved from /home/airflow/.local/lib/python3.8/site-packages/airflow/example_dags/example_skip_dag.py
[2026-04-21T06:48:46.013+0000] {logging_mixin.py:188} INFO - [2026-04-21T06:48:46.012+0000] {dag.py:3036} INFO - Sync 1 DAGs
[2026-04-21T06:48:46.030+0000] {logging_mixin.py:188} INFO - [2026-04-21T06:48:46.030+0000] {dag.py:3823} INFO - Setting next_dagrun for example_skip_dag to 2026-04-20 00:00:00+00:00, run_after=2026-04-21 00:00:00+00:00
[2026-04-21T06:48:46.040+0000] {processor.py:183} INFO - Processing /home/airflow/.local/lib/python3.8/site-packages/airflow/example_dags/example_skip_dag.py took 0.058 seconds
[2026-04-21T06:49:16.624+0000] {processor.py:161} INFO - Started process (PID=11424) to work on /home/airflow/.local/lib/python3.8/site-packages/airflow/example_dags/example_skip_dag.py
[2026-04-21T06:49:16.632+0000] {processor.py:830} INFO - Processing file /home/airflow/.local/lib/python3.8/site-packages/airflow/example_dags/example_skip_dag.py for tasks to queue
[2026-04-21T06:49:16.633+0000] {logging_mixin.py:188} INFO - [2026-04-21T06:49:16.633+0000] {dagbag.py:538} INFO - Filling up the DagBag from /home/airflow/.local/lib/python3.8/site-packages/airflow/example_dags/example_skip_dag.py
[2026-04-21T06:49:16.638+0000] {processor.py:840} INFO - DAG(s) 'example_skip_dag' retrieved from /home/airflow/.local/lib/python3.8/site-packages/airflow/example_dags/example_skip_dag.py
[2026-04-21T06:49:16.653+0000] {logging_mixin.py:188} INFO - [2026-04-21T06:49:16.653+0000] {dag.py:3036} INFO - Sync 1 DAGs
[2026-04-21T06:49:16.666+0000] {logging_mixin.py:188} INFO - [2026-04-21T06:49:16.666+0000] {dag.py:3823} INFO - Setting next_dagrun for example_skip_dag to 2026-04-20 00:00:00+00:00, run_after=2026-04-21 00:00:00+00:00
[2026-04-21T06:49:16.676+0000] {processor.py:183} INFO - Processing /home/airflow/.local/lib/python3.8/site-packages/airflow/example_dags/example_skip_dag.py took 0.055 seconds
[2026-04-21T06:49:47.292+0000] {processor.py:161} INFO - Started process (PID=11479) to work on /home/airflow/.local/lib/python3.8/site-packages/airflow/example_dags/example_skip_dag.py
[2026-04-21T06:49:47.301+0000] {processor.py:830} INFO - Processing file /home/airflow/.local/lib/python3.8/site-packages/airflow/example_dags/example_skip_dag.py for tasks to queue
[2026-04-21T06:49:47.302+0000] {logging_mixin.py:188} INFO - [2026-04-21T06:49:47.302+0000] {dagbag.py:538} INFO - Filling up the DagBag from /home/airflow/.local/lib/python3.8/site-packages/airflow/example_dags/example_skip_dag.py
[2026-04-21T06:49:47.306+0000] {processor.py:840} INFO - DAG(s) 'example_skip_dag' retrieved from /home/airflow/.local/lib/python3.8/site-packages/airflow/example_dags/example_skip_dag.py
[2026-04-21T06:49:47.321+0000] {logging_mixin.py:188} INFO - [2026-04-21T06:49:47.321+0000] {dag.py:3036} INFO - Sync 1 DAGs
[2026-04-21T06:49:47.335+0000] {logging_mixin.py:188} INFO - [2026-04-21T06:49:47.335+0000] {dag.py:3823} INFO - Setting next_dagrun for example_skip_dag to 2026-04-20 00:00:00+00:00, run_after=2026-04-21 00:00:00+00:00
[2026-04-21T06:49:47.345+0000] {processor.py:183} INFO - Processing /home/airflow/.local/lib/python3.8/site-packages/airflow/example_dags/example_skip_dag.py took 0.057 seconds
[2026-04-21T06:50:17.951+0000] {processor.py:161} INFO - Started process (PID=11534) to work on /home/airflow/.local/lib/python3.8/site-packages/airflow/example_dags/example_skip_dag.py
[2026-04-21T06:50:17.959+0000] {processor.py:830} INFO - Processing file /home/airflow/.local/lib/python3.8/site-packages/airflow/example_dags/example_skip_dag.py for tasks to queue
[2026-04-21T06:50:17.960+0000] {logging_mixin.py:188} INFO - [2026-04-21T06:50:17.960+0000] {dagbag.py:538} INFO - Filling up the DagBag from /home/airflow/.local/lib/python3.8/site-packages/airflow/example_dags/example_skip_dag.py
[2026-04-21T06:50:17.965+0000] {processor.py:840} INFO - DAG(s) 'example_skip_dag' retrieved from /home/airflow/.local/lib/python3.8/site-packages/airflow/example_dags/example_skip_dag.py
[2026-04-21T06:50:17.983+0000] {logging_mixin.py:188} INFO - [2026-04-21T06:50:17.983+0000] {dag.py:3036} INFO - Sync 1 DAGs
[2026-04-21T06:50:17.998+0000] {logging_mixin.py:188} INFO - [2026-04-21T06:50:17.998+0000] {dag.py:3823} INFO - Setting next_dagrun for example_skip_dag to 2026-04-20 00:00:00+00:00, run_after=2026-04-21 00:00:00+00:00
[2026-04-21T06:50:18.010+0000] {processor.py:183} INFO - Processing /home/airflow/.local/lib/python3.8/site-packages/airflow/example_dags/example_skip_dag.py took 0.062 seconds
[2026-04-21T06:50:48.749+0000] {processor.py:161} INFO - Started process (PID=11589) to work on /home/airflow/.local/lib/python3.8/site-packages/airflow/example_dags/example_skip_dag.py
[2026-04-21T06:50:48.757+0000] {processor.py:830} INFO - Processing file /home/airflow/.local/lib/python3.8/site-packages/airflow/example_dags/example_skip_dag.py for tasks to queue
[2026-04-21T06:50:48.758+0000] {logging_mixin.py:188} INFO - [2026-04-21T06:50:48.758+0000] {dagbag.py:538} INFO - Filling up the DagBag from /home/airflow/.local/lib/python3.8/site-packages/airflow/example_dags/example_skip_dag.py
[2026-04-21T06:50:48.762+0000] {processor.py:840} INFO - DAG(s) 'example_skip_dag' retrieved from /home/airflow/.local/lib/python3.8/site-packages/airflow/example_dags/example_skip_dag.py
[2026-04-21T06:50:48.779+0000] {logging_mixin.py:188} INFO - [2026-04-21T06:50:48.779+0000] {dag.py:3036} INFO - Sync 1 DAGs
[2026-04-21T06:50:48.794+0000] {logging_mixin.py:188} INFO - [2026-04-21T06:50:48.794+0000] {dag.py:3823} INFO - Setting next_dagrun for example_skip_dag to 2026-04-20 00:00:00+00:00, run_after=2026-04-21 00:00:00+00:00
[2026-04-21T06:50:48.805+0000] {processor.py:183} INFO - Processing /home/airflow/.local/lib/python3.8/site-packages/airflow/example_dags/example_skip_dag.py took 0.058 seconds
[2026-04-21T06:51:19.506+0000] {processor.py:161} INFO - Started process (PID=11644) to work on /home/airflow/.local/lib/python3.8/site-packages/airflow/example_dags/example_skip_dag.py
[2026-04-21T06:51:19.516+0000] {processor.py:830} INFO - Processing file /home/airflow/.local/lib/python3.8/site-packages/airflow/example_dags/example_skip_dag.py for tasks to queue
[2026-04-21T06:51:19.516+0000] {logging_mixin.py:188} INFO - [2026-04-21T06:51:19.516+0000] {dagbag.py:538} INFO - Filling up the DagBag from /home/airflow/.local/lib/python3.8/site-packages/airflow/example_dags/example_skip_dag.py
[2026-04-21T06:51:19.521+0000] {processor.py:840} INFO - DAG(s) 'example_skip_dag' retrieved from /home/airflow/.local/lib/python3.8/site-packages/airflow/example_dags/example_skip_dag.py
[2026-04-21T06:51:19.535+0000] {logging_mixin.py:188} INFO - [2026-04-21T06:51:19.535+0000] {dag.py:3036} INFO - Sync 1 DAGs
[2026-04-21T06:51:19.549+0000] {logging_mixin.py:188} INFO - [2026-04-21T06:51:19.549+0000] {dag.py:3823} INFO - Setting next_dagrun for example_skip_dag to 2026-04-20 00:00:00+00:00, run_after=2026-04-21 00:00:00+00:00
[2026-04-21T06:51:19.559+0000] {processor.py:183} INFO - Processing /home/airflow/.local/lib/python3.8/site-packages/airflow/example_dags/example_skip_dag.py took 0.056 seconds
[2026-04-21T06:51:50.190+0000] {processor.py:161} INFO - Started process (PID=11699) to work on /home/airflow/.local/lib/python3.8/site-packages/airflow/example_dags/example_skip_dag.py
[2026-04-21T06:51:50.199+0000] {processor.py:830} INFO - Processing file /home/airflow/.local/lib/python3.8/site-packages/airflow/example_dags/example_skip_dag.py for tasks to queue
[2026-04-21T06:51:50.200+0000] {logging_mixin.py:188} INFO - [2026-04-21T06:51:50.199+0000] {dagbag.py:538} INFO - Filling up the DagBag from /home/airflow/.local/lib/python3.8/site-packages/airflow/example_dags/example_skip_dag.py
[2026-04-21T06:51:50.204+0000] {processor.py:840} INFO - DAG(s) 'example_skip_dag' retrieved from /home/airflow/.local/lib/python3.8/site-packages/airflow/example_dags/example_skip_dag.py
[2026-04-21T06:51:50.218+0000] {logging_mixin.py:188} INFO - [2026-04-21T06:51:50.218+0000] {dag.py:3036} INFO - Sync 1 DAGs
[2026-04-21T06:51:50.232+0000] {logging_mixin.py:188} INFO - [2026-04-21T06:51:50.232+0000] {dag.py:3823} INFO - Setting next_dagrun for example_skip_dag to 2026-04-20 00:00:00+00:00, run_after=2026-04-21 00:00:00+00:00
[2026-04-21T06:51:50.242+0000] {processor.py:183} INFO - Processing /home/airflow/.local/lib/python3.8/site-packages/airflow/example_dags/example_skip_dag.py took 0.055 seconds
[2026-04-21T06:52:20.836+0000] {processor.py:161} INFO - Started process (PID=11754) to work on /home/airflow/.local/lib/python3.8/site-packages/airflow/example_dags/example_skip_dag.py
[2026-04-21T06:52:20.845+0000] {processor.py:830} INFO - Processing file /home/airflow/.local/lib/python3.8/site-packages/airflow/example_dags/example_skip_dag.py for tasks to queue
[2026-04-21T06:52:20.845+0000] {logging_mixin.py:188} INFO - [2026-04-21T06:52:20.845+0000] {dagbag.py:538} INFO - Filling up the DagBag from /home/airflow/.local/lib/python3.8/site-packages/airflow/example_dags/example_skip_dag.py
[2026-04-21T06:52:20.850+0000] {processor.py:840} INFO - DAG(s) 'example_skip_dag' retrieved from /home/airflow/.local/lib/python3.8/site-packages/airflow/example_dags/example_skip_dag.py
[2026-04-21T06:52:20.864+0000] {logging_mixin.py:188} INFO - [2026-04-21T06:52:20.864+0000] {dag.py:3036} INFO - Sync 1 DAGs
[2026-04-21T06:52:20.878+0000] {logging_mixin.py:188} INFO - [2026-04-21T06:52:20.878+0000] {dag.py:3823} INFO - Setting next_dagrun for example_skip_dag to 2026-04-20 00:00:00+00:00, run_after=2026-04-21 00:00:00+00:00
[2026-04-21T06:52:20.888+0000] {processor.py:183} INFO - Processing /home/airflow/.local/lib/python3.8/site-packages/airflow/example_dags/example_skip_dag.py took 0.055 seconds
[2026-04-21T06:52:51.506+0000] {processor.py:161} INFO - Started process (PID=11809) to work on /home/airflow/.local/lib/python3.8/site-packages/airflow/example_dags/example_skip_dag.py
[2026-04-21T06:52:51.507+0000] {processor.py:830} INFO - Processing file /home/airflow/.local/lib/python3.8/site-packages/airflow/example_dags/example_skip_dag.py for tasks to queue
[2026-04-21T06:52:51.508+0000] {logging_mixin.py:188} INFO - [2026-04-21T06:52:51.508+0000] {dagbag.py:538} INFO - Filling up the DagBag from /home/airflow/.local/lib/python3.8/site-packages/airflow/example_dags/example_skip_dag.py
[2026-04-21T06:52:51.513+0000] {processor.py:840} INFO - DAG(s) 'example_skip_dag' retrieved from /home/airflow/.local/lib/python3.8/site-packages/airflow/example_dags/example_skip_dag.py
[2026-04-21T06:52:51.527+0000] {logging_mixin.py:188} INFO - [2026-04-21T06:52:51.526+0000] {dag.py:3036} INFO - Sync 1 DAGs
[2026-04-21T06:52:51.541+0000] {logging_mixin.py:188} INFO - [2026-04-21T06:52:51.540+0000] {dag.py:3823} INFO - Setting next_dagrun for example_skip_dag to 2026-04-20 00:00:00+00:00, run_after=2026-04-21 00:00:00+00:00
[2026-04-21T06:52:51.550+0000] {processor.py:183} INFO - Processing /home/airflow/.local/lib/python3.8/site-packages/airflow/example_dags/example_skip_dag.py took 0.047 seconds
[2026-04-21T06:53:21.577+0000] {processor.py:161} INFO - Started process (PID=11864) to work on /home/airflow/.local/lib/python3.8/site-packages/airflow/example_dags/example_skip_dag.py
[2026-04-21T06:53:21.578+0000] {processor.py:830} INFO - Processing file /home/airflow/.local/lib/python3.8/site-packages/airflow/example_dags/example_skip_dag.py for tasks to queue
[2026-04-21T06:53:21.579+0000] {logging_mixin.py:188} INFO - [2026-04-21T06:53:21.579+0000] {dagbag.py:538} INFO - Filling up the DagBag from /home/airflow/.local/lib/python3.8/site-packages/airflow/example_dags/example_skip_dag.py
[2026-04-21T06:53:21.584+0000] {processor.py:840} INFO - DAG(s) 'example_skip_dag' retrieved from /home/airflow/.local/lib/python3.8/site-packages/airflow/example_dags/example_skip_dag.py
[2026-04-21T06:53:21.599+0000] {logging_mixin.py:188} INFO - [2026-04-21T06:53:21.598+0000] {dag.py:3036} INFO - Sync 1 DAGs
[2026-04-21T06:53:21.613+0000] {logging_mixin.py:188} INFO - [2026-04-21T06:53:21.612+0000] {dag.py:3823} INFO - Setting next_dagrun for example_skip_dag to 2026-04-20 00:00:00+00:00, run_after=2026-04-21 00:00:00+00:00
[2026-04-21T06:53:21.623+0000] {processor.py:183} INFO - Processing /home/airflow/.local/lib/python3.8/site-packages/airflow/example_dags/example_skip_dag.py took 0.048 seconds
[2026-04-21T06:53:51.733+0000] {processor.py:161} INFO - Started process (PID=11919) to work on /home/airflow/.local/lib/python3.8/site-packages/airflow/example_dags/example_skip_dag.py
[2026-04-21T06:53:51.734+0000] {processor.py:830} INFO - Processing file /home/airflow/.local/lib/python3.8/site-packages/airflow/example_dags/example_skip_dag.py for tasks to queue
[2026-04-21T06:53:51.734+0000] {logging_mixin.py:188} INFO - [2026-04-21T06:53:51.734+0000] {dagbag.py:538} INFO - Filling up the DagBag from /home/airflow/.local/lib/python3.8/site-packages/airflow/example_dags/example_skip_dag.py
[2026-04-21T06:53:51.739+0000] {processor.py:840} INFO - DAG(s) 'example_skip_dag' retrieved from /home/airflow/.local/lib/python3.8/site-packages/airflow/example_dags/example_skip_dag.py
[2026-04-21T06:53:51.753+0000] {logging_mixin.py:188} INFO - [2026-04-21T06:53:51.753+0000] {dag.py:3036} INFO - Sync 1 DAGs
[2026-04-21T06:53:51.767+0000] {logging_mixin.py:188} INFO - [2026-04-21T06:53:51.767+0000] {dag.py:3823} INFO - Setting next_dagrun for example_skip_dag to 2026-04-20 00:00:00+00:00, run_after=2026-04-21 00:00:00+00:00
[2026-04-21T06:53:51.778+0000] {processor.py:183} INFO - Processing /home/airflow/.local/lib/python3.8/site-packages/airflow/example_dags/example_skip_dag.py took 0.048 seconds
[2026-04-21T06:54:22.614+0000] {processor.py:161} INFO - Started process (PID=11974) to work on /home/airflow/.local/lib/python3.8/site-packages/airflow/example_dags/example_skip_dag.py
[2026-04-21T06:54:22.622+0000] {processor.py:830} INFO - Processing file /home/airflow/.local/lib/python3.8/site-packages/airflow/example_dags/example_skip_dag.py for tasks to queue
[2026-04-21T06:54:22.623+0000] {logging_mixin.py:188} INFO - [2026-04-21T06:54:22.623+0000] {dagbag.py:538} INFO - Filling up the DagBag from /home/airflow/.local/lib/python3.8/site-packages/airflow/example_dags/example_skip_dag.py
[2026-04-21T06:54:22.629+0000] {processor.py:840} INFO - DAG(s) 'example_skip_dag' retrieved from /home/airflow/.local/lib/python3.8/site-packages/airflow/example_dags/example_skip_dag.py
[2026-04-21T06:54:22.644+0000] {logging_mixin.py:188} INFO - [2026-04-21T06:54:22.644+0000] {dag.py:3036} INFO - Sync 1 DAGs
[2026-04-21T06:54:22.659+0000] {logging_mixin.py:188} INFO - [2026-04-21T06:54:22.659+0000] {dag.py:3823} INFO - Setting next_dagrun for example_skip_dag to 2026-04-20 00:00:00+00:00, run_after=2026-04-21 00:00:00+00:00
[2026-04-21T06:54:22.670+0000] {processor.py:183} INFO - Processing /home/airflow/.local/lib/python3.8/site-packages/airflow/example_dags/example_skip_dag.py took 0.059 seconds
[2026-04-21T06:54:53.282+0000] {processor.py:161} INFO - Started process (PID=12029) to work on /home/airflow/.local/lib/python3.8/site-packages/airflow/example_dags/example_skip_dag.py
[2026-04-21T06:54:53.291+0000] {processor.py:830} INFO - Processing file /home/airflow/.local/lib/python3.8/site-packages/airflow/example_dags/example_skip_dag.py for tasks to queue
[2026-04-21T06:54:53.292+0000] {logging_mixin.py:188} INFO - [2026-04-21T06:54:53.291+0000] {dagbag.py:538} INFO - Filling up the DagBag from /home/airflow/.local/lib/python3.8/site-packages/airflow/example_dags/example_skip_dag.py
[2026-04-21T06:54:53.296+0000] {processor.py:840} INFO - DAG(s) 'example_skip_dag' retrieved from /home/airflow/.local/lib/python3.8/site-packages/airflow/example_dags/example_skip_dag.py
[2026-04-21T06:54:53.310+0000] {logging_mixin.py:188} INFO - [2026-04-21T06:54:53.310+0000] {dag.py:3036} INFO - Sync 1 DAGs
[2026-04-21T06:54:53.325+0000] {logging_mixin.py:188} INFO - [2026-04-21T06:54:53.324+0000] {dag.py:3823} INFO - Setting next_dagrun for example_skip_dag to 2026-04-20 00:00:00+00:00, run_after=2026-04-21 00:00:00+00:00
[2026-04-21T06:54:53.335+0000] {processor.py:183} INFO - Processing /home/airflow/.local/lib/python3.8/site-packages/airflow/example_dags/example_skip_dag.py took 0.056 seconds
[2026-04-21T06:55:23.962+0000] {processor.py:161} INFO - Started process (PID=12084) to work on /home/airflow/.local/lib/python3.8/site-packages/airflow/example_dags/example_skip_dag.py
[2026-04-21T06:55:23.971+0000] {processor.py:830} INFO - Processing file /home/airflow/.local/lib/python3.8/site-packages/airflow/example_dags/example_skip_dag.py for tasks to queue
[2026-04-21T06:55:23.972+0000] {logging_mixin.py:188} INFO - [2026-04-21T06:55:23.972+0000] {dagbag.py:538} INFO - Filling up the DagBag from /home/airflow/.local/lib/python3.8/site-packages/airflow/example_dags/example_skip_dag.py
[2026-04-21T06:55:23.977+0000] {processor.py:840} INFO - DAG(s) 'example_skip_dag' retrieved from /home/airflow/.local/lib/python3.8/site-packages/airflow/example_dags/example_skip_dag.py
[2026-04-21T06:55:23.991+0000] {logging_mixin.py:188} INFO - [2026-04-21T06:55:23.991+0000] {dag.py:3036} INFO - Sync 1 DAGs
[2026-04-21T06:55:24.006+0000] {logging_mixin.py:188} INFO - [2026-04-21T06:55:24.006+0000] {dag.py:3823} INFO - Setting next_dagrun for example_skip_dag to 2026-04-20 00:00:00+00:00, run_after=2026-04-21 00:00:00+00:00
[2026-04-21T06:55:24.016+0000] {processor.py:183} INFO - Processing /home/airflow/.local/lib/python3.8/site-packages/airflow/example_dags/example_skip_dag.py took 0.057 seconds
[2026-04-21T06:55:54.657+0000] {processor.py:161} INFO - Started process (PID=12139) to work on /home/airflow/.local/lib/python3.8/site-packages/airflow/example_dags/example_skip_dag.py
[2026-04-21T06:55:54.657+0000] {processor.py:830} INFO - Processing file /home/airflow/.local/lib/python3.8/site-packages/airflow/example_dags/example_skip_dag.py for tasks to queue
[2026-04-21T06:55:54.658+0000] {logging_mixin.py:188} INFO - [2026-04-21T06:55:54.658+0000] {dagbag.py:538} INFO - Filling up the DagBag from /home/airflow/.local/lib/python3.8/site-packages/airflow/example_dags/example_skip_dag.py
[2026-04-21T06:55:54.663+0000] {processor.py:840} INFO - DAG(s) 'example_skip_dag' retrieved from /home/airflow/.local/lib/python3.8/site-packages/airflow/example_dags/example_skip_dag.py
[2026-04-21T06:55:54.678+0000] {logging_mixin.py:188} INFO - [2026-04-21T06:55:54.678+0000] {dag.py:3036} INFO - Sync 1 DAGs
[2026-04-21T06:55:54.691+0000] {logging_mixin.py:188} INFO - [2026-04-21T06:55:54.691+0000] {dag.py:3823} INFO - Setting next_dagrun for example_skip_dag to 2026-04-20 00:00:00+00:00, run_after=2026-04-21 00:00:00+00:00
[2026-04-21T06:55:54.701+0000] {processor.py:183} INFO - Processing /home/airflow/.local/lib/python3.8/site-packages/airflow/example_dags/example_skip_dag.py took 0.048 seconds
[2026-04-21T06:56:25.400+0000] {processor.py:161} INFO - Started process (PID=12194) to work on /home/airflow/.local/lib/python3.8/site-packages/airflow/example_dags/example_skip_dag.py
[2026-04-21T06:56:25.409+0000] {processor.py:830} INFO - Processing file /home/airflow/.local/lib/python3.8/site-packages/airflow/example_dags/example_skip_dag.py for tasks to queue
[2026-04-21T06:56:25.410+0000] {logging_mixin.py:188} INFO - [2026-04-21T06:56:25.409+0000] {dagbag.py:538} INFO - Filling up the DagBag from /home/airflow/.local/lib/python3.8/site-packages/airflow/example_dags/example_skip_dag.py
[2026-04-21T06:56:25.414+0000] {processor.py:840} INFO - DAG(s) 'example_skip_dag' retrieved from /home/airflow/.local/lib/python3.8/site-packages/airflow/example_dags/example_skip_dag.py
[2026-04-21T06:56:25.431+0000] {logging_mixin.py:188} INFO - [2026-04-21T06:56:25.430+0000] {dag.py:3036} INFO - Sync 1 DAGs
[2026-04-21T06:56:25.445+0000] {logging_mixin.py:188} INFO - [2026-04-21T06:56:25.445+0000] {dag.py:3823} INFO - Setting next_dagrun for example_skip_dag to 2026-04-20 00:00:00+00:00, run_after=2026-04-21 00:00:00+00:00
[2026-04-21T06:56:25.455+0000] {processor.py:183} INFO - Processing /home/airflow/.local/lib/python3.8/site-packages/airflow/example_dags/example_skip_dag.py took 0.058 seconds
[2026-04-21T06:56:56.089+0000] {processor.py:161} INFO - Started process (PID=12249) to work on /home/airflow/.local/lib/python3.8/site-packages/airflow/example_dags/example_skip_dag.py
[2026-04-21T06:56:56.098+0000] {processor.py:830} INFO - Processing file /home/airflow/.local/lib/python3.8/site-packages/airflow/example_dags/example_skip_dag.py for tasks to queue
[2026-04-21T06:56:56.099+0000] {logging_mixin.py:188} INFO - [2026-04-21T06:56:56.099+0000] {dagbag.py:538} INFO - Filling up the DagBag from /home/airflow/.local/lib/python3.8/site-packages/airflow/example_dags/example_skip_dag.py
[2026-04-21T06:56:56.104+0000] {processor.py:840} INFO - DAG(s) 'example_skip_dag' retrieved from /home/airflow/.local/lib/python3.8/site-packages/airflow/example_dags/example_skip_dag.py
[2026-04-21T06:56:56.118+0000] {logging_mixin.py:188} INFO - [2026-04-21T06:56:56.118+0000] {dag.py:3036} INFO - Sync 1 DAGs
[2026-04-21T06:56:56.132+0000] {logging_mixin.py:188} INFO - [2026-04-21T06:56:56.132+0000] {dag.py:3823} INFO - Setting next_dagrun for example_skip_dag to 2026-04-20 00:00:00+00:00, run_after=2026-04-21 00:00:00+00:00
[2026-04-21T06:56:56.143+0000] {processor.py:183} INFO - Processing /home/airflow/.local/lib/python3.8/site-packages/airflow/example_dags/example_skip_dag.py took 0.057 seconds
[2026-04-21T06:57:26.739+0000] {processor.py:161} INFO - Started process (PID=12304) to work on /home/airflow/.local/lib/python3.8/site-packages/airflow/example_dags/example_skip_dag.py
[2026-04-21T06:57:26.748+0000] {processor.py:830} INFO - Processing file /home/airflow/.local/lib/python3.8/site-packages/airflow/example_dags/example_skip_dag.py for tasks to queue
[2026-04-21T06:57:26.749+0000] {logging_mixin.py:188} INFO - [2026-04-21T06:57:26.749+0000] {dagbag.py:538} INFO - Filling up the DagBag from /home/airflow/.local/lib/python3.8/site-packages/airflow/example_dags/example_skip_dag.py
[2026-04-21T06:57:26.754+0000] {processor.py:840} INFO - DAG(s) 'example_skip_dag' retrieved from /home/airflow/.local/lib/python3.8/site-packages/airflow/example_dags/example_skip_dag.py
[2026-04-21T06:57:26.769+0000] {logging_mixin.py:188} INFO - [2026-04-21T06:57:26.769+0000] {dag.py:3036} INFO - Sync 1 DAGs
[2026-04-21T06:57:26.783+0000] {logging_mixin.py:188} INFO - [2026-04-21T06:57:26.783+0000] {dag.py:3823} INFO - Setting next_dagrun for example_skip_dag to 2026-04-20 00:00:00+00:00, run_after=2026-04-21 00:00:00+00:00
[2026-04-21T06:57:26.793+0000] {processor.py:183} INFO - Processing /home/airflow/.local/lib/python3.8/site-packages/airflow/example_dags/example_skip_dag.py took 0.057 seconds
[2026-04-21T06:57:57.392+0000] {processor.py:161} INFO - Started process (PID=12359) to work on /home/airflow/.local/lib/python3.8/site-packages/airflow/example_dags/example_skip_dag.py
[2026-04-21T06:57:57.393+0000] {processor.py:830} INFO - Processing file /home/airflow/.local/lib/python3.8/site-packages/airflow/example_dags/example_skip_dag.py for tasks to queue
[2026-04-21T06:57:57.394+0000] {logging_mixin.py:188} INFO - [2026-04-21T06:57:57.394+0000] {dagbag.py:538} INFO - Filling up the DagBag from /home/airflow/.local/lib/python3.8/site-packages/airflow/example_dags/example_skip_dag.py
[2026-04-21T06:57:57.398+0000] {processor.py:840} INFO - DAG(s) 'example_skip_dag' retrieved from /home/airflow/.local/lib/python3.8/site-packages/airflow/example_dags/example_skip_dag.py
[2026-04-21T06:57:57.413+0000] {logging_mixin.py:188} INFO - [2026-04-21T06:57:57.413+0000] {dag.py:3036} INFO - Sync 1 DAGs
[2026-04-21T06:57:57.426+0000] {logging_mixin.py:188} INFO - [2026-04-21T06:57:57.426+0000] {dag.py:3823} INFO - Setting next_dagrun for example_skip_dag to 2026-04-20 00:00:00+00:00, run_after=2026-04-21 00:00:00+00:00
[2026-04-21T06:57:57.437+0000] {processor.py:183} INFO - Processing /home/airflow/.local/lib/python3.8/site-packages/airflow/example_dags/example_skip_dag.py took 0.048 seconds
[2026-04-21T06:58:28.062+0000] {processor.py:161} INFO - Started process (PID=12414) to work on /home/airflow/.local/lib/python3.8/site-packages/airflow/example_dags/example_skip_dag.py
[2026-04-21T06:58:28.071+0000] {processor.py:830} INFO - Processing file /home/airflow/.local/lib/python3.8/site-packages/airflow/example_dags/example_skip_dag.py for tasks to queue
[2026-04-21T06:58:28.072+0000] {logging_mixin.py:188} INFO - [2026-04-21T06:58:28.071+0000] {dagbag.py:538} INFO - Filling up the DagBag from /home/airflow/.local/lib/python3.8/site-packages/airflow/example_dags/example_skip_dag.py
[2026-04-21T06:58:28.076+0000] {processor.py:840} INFO - DAG(s) 'example_skip_dag' retrieved from /home/airflow/.local/lib/python3.8/site-packages/airflow/example_dags/example_skip_dag.py
[2026-04-21T06:58:28.091+0000] {logging_mixin.py:188} INFO - [2026-04-21T06:58:28.091+0000] {dag.py:3036} INFO - Sync 1 DAGs
[2026-04-21T06:58:28.104+0000] {logging_mixin.py:188} INFO - [2026-04-21T06:58:28.104+0000] {dag.py:3823} INFO - Setting next_dagrun for example_skip_dag to 2026-04-20 00:00:00+00:00, run_after=2026-04-21 00:00:00+00:00
[2026-04-21T06:58:28.115+0000] {processor.py:183} INFO - Processing /home/airflow/.local/lib/python3.8/site-packages/airflow/example_dags/example_skip_dag.py took 0.056 seconds
[2026-04-21T06:58:58.868+0000] {processor.py:161} INFO - Started process (PID=12469) to work on /home/airflow/.local/lib/python3.8/site-packages/airflow/example_dags/example_skip_dag.py
[2026-04-21T06:58:58.868+0000] {processor.py:830} INFO - Processing file /home/airflow/.local/lib/python3.8/site-packages/airflow/example_dags/example_skip_dag.py for tasks to queue
[2026-04-21T06:58:58.869+0000] {logging_mixin.py:188} INFO - [2026-04-21T06:58:58.869+0000] {dagbag.py:538} INFO - Filling up the DagBag from /home/airflow/.local/lib/python3.8/site-packages/airflow/example_dags/example_skip_dag.py
[2026-04-21T06:58:58.874+0000] {processor.py:840} INFO - DAG(s) 'example_skip_dag' retrieved from /home/airflow/.local/lib/python3.8/site-packages/airflow/example_dags/example_skip_dag.py
[2026-04-21T06:58:58.890+0000] {logging_mixin.py:188} INFO - [2026-04-21T06:58:58.890+0000] {dag.py:3036} INFO - Sync 1 DAGs
[2026-04-21T06:58:58.906+0000] {logging_mixin.py:188} INFO - [2026-04-21T06:58:58.906+0000] {dag.py:3823} INFO - Setting next_dagrun for example_skip_dag to 2026-04-20 00:00:00+00:00, run_after=2026-04-21 00:00:00+00:00
[2026-04-21T06:58:58.918+0000] {processor.py:183} INFO - Processing /home/airflow/.local/lib/python3.8/site-packages/airflow/example_dags/example_skip_dag.py took 0.053 seconds
[2026-04-21T06:59:28.964+0000] {processor.py:161} INFO - Started process (PID=12524) to work on /home/airflow/.local/lib/python3.8/site-packages/airflow/example_dags/example_skip_dag.py
[2026-04-21T06:59:28.965+0000] {processor.py:830} INFO - Processing file /home/airflow/.local/lib/python3.8/site-packages/airflow/example_dags/example_skip_dag.py for tasks to queue
[2026-04-21T06:59:28.966+0000] {logging_mixin.py:188} INFO - [2026-04-21T06:59:28.966+0000] {dagbag.py:538} INFO - Filling up the DagBag from /home/airflow/.local/lib/python3.8/site-packages/airflow/example_dags/example_skip_dag.py
[2026-04-21T06:59:28.971+0000] {processor.py:840} INFO - DAG(s) 'example_skip_dag' retrieved from /home/airflow/.local/lib/python3.8/site-packages/airflow/example_dags/example_skip_dag.py
[2026-04-21T06:59:28.987+0000] {logging_mixin.py:188} INFO - [2026-04-21T06:59:28.987+0000] {dag.py:3036} INFO - Sync 1 DAGs
[2026-04-21T06:59:29.004+0000] {logging_mixin.py:188} INFO - [2026-04-21T06:59:29.004+0000] {dag.py:3823} INFO - Setting next_dagrun for example_skip_dag to 2026-04-20 00:00:00+00:00, run_after=2026-04-21 00:00:00+00:00
[2026-04-21T06:59:29.017+0000] {processor.py:183} INFO - Processing /home/airflow/.local/lib/python3.8/site-packages/airflow/example_dags/example_skip_dag.py took 0.055 seconds
[2026-04-21T06:59:59.106+0000] {processor.py:161} INFO - Started process (PID=12579) to work on /home/airflow/.local/lib/python3.8/site-packages/airflow/example_dags/example_skip_dag.py
[2026-04-21T06:59:59.115+0000] {processor.py:830} INFO - Processing file /home/airflow/.local/lib/python3.8/site-packages/airflow/example_dags/example_skip_dag.py for tasks to queue
[2026-04-21T06:59:59.115+0000] {logging_mixin.py:188} INFO - [2026-04-21T06:59:59.115+0000] {dagbag.py:538} INFO - Filling up the DagBag from /home/airflow/.local/lib/python3.8/site-packages/airflow/example_dags/example_skip_dag.py
[2026-04-21T06:59:59.121+0000] {processor.py:840} INFO - DAG(s) 'example_skip_dag' retrieved from /home/airflow/.local/lib/python3.8/site-packages/airflow/example_dags/example_skip_dag.py
[2026-04-21T06:59:59.140+0000] {logging_mixin.py:188} INFO - [2026-04-21T06:59:59.139+0000] {dag.py:3036} INFO - Sync 1 DAGs
[2026-04-21T06:59:59.156+0000] {logging_mixin.py:188} INFO - [2026-04-21T06:59:59.156+0000] {dag.py:3823} INFO - Setting next_dagrun for example_skip_dag to 2026-04-20 00:00:00+00:00, run_after=2026-04-21 00:00:00+00:00
[2026-04-21T06:59:59.170+0000] {processor.py:183} INFO - Processing /home/airflow/.local/lib/python3.8/site-packages/airflow/example_dags/example_skip_dag.py took 0.067 seconds
[2026-04-21T07:00:29.264+0000] {processor.py:161} INFO - Started process (PID=12634) to work on /home/airflow/.local/lib/python3.8/site-packages/airflow/example_dags/example_skip_dag.py
[2026-04-21T07:00:29.272+0000] {processor.py:830} INFO - Processing file /home/airflow/.local/lib/python3.8/site-packages/airflow/example_dags/example_skip_dag.py for tasks to queue
[2026-04-21T07:00:29.273+0000] {logging_mixin.py:188} INFO - [2026-04-21T07:00:29.273+0000] {dagbag.py:538} INFO - Filling up the DagBag from /home/airflow/.local/lib/python3.8/site-packages/airflow/example_dags/example_skip_dag.py
[2026-04-21T07:00:29.278+0000] {processor.py:840} INFO - DAG(s) 'example_skip_dag' retrieved from /home/airflow/.local/lib/python3.8/site-packages/airflow/example_dags/example_skip_dag.py
[2026-04-21T07:00:29.294+0000] {logging_mixin.py:188} INFO - [2026-04-21T07:00:29.294+0000] {dag.py:3036} INFO - Sync 1 DAGs
[2026-04-21T07:00:29.312+0000] {logging_mixin.py:188} INFO - [2026-04-21T07:00:29.312+0000] {dag.py:3823} INFO - Setting next_dagrun for example_skip_dag to 2026-04-20 00:00:00+00:00, run_after=2026-04-21 00:00:00+00:00
[2026-04-21T07:00:29.324+0000] {processor.py:183} INFO - Processing /home/airflow/.local/lib/python3.8/site-packages/airflow/example_dags/example_skip_dag.py took 0.063 seconds
[2026-04-21T07:00:59.489+0000] {processor.py:161} INFO - Started process (PID=12689) to work on /home/airflow/.local/lib/python3.8/site-packages/airflow/example_dags/example_skip_dag.py
[2026-04-21T07:00:59.497+0000] {processor.py:830} INFO - Processing file /home/airflow/.local/lib/python3.8/site-packages/airflow/example_dags/example_skip_dag.py for tasks to queue
[2026-04-21T07:00:59.498+0000] {logging_mixin.py:188} INFO - [2026-04-21T07:00:59.498+0000] {dagbag.py:538} INFO - Filling up the DagBag from /home/airflow/.local/lib/python3.8/site-packages/airflow/example_dags/example_skip_dag.py
[2026-04-21T07:00:59.503+0000] {processor.py:840} INFO - DAG(s) 'example_skip_dag' retrieved from /home/airflow/.local/lib/python3.8/site-packages/airflow/example_dags/example_skip_dag.py
[2026-04-21T07:00:59.519+0000] {logging_mixin.py:188} INFO - [2026-04-21T07:00:59.519+0000] {dag.py:3036} INFO - Sync 1 DAGs
[2026-04-21T07:00:59.537+0000] {logging_mixin.py:188} INFO - [2026-04-21T07:00:59.537+0000] {dag.py:3823} INFO - Setting next_dagrun for example_skip_dag to 2026-04-20 00:00:00+00:00, run_after=2026-04-21 00:00:00+00:00
[2026-04-21T07:00:59.549+0000] {processor.py:183} INFO - Processing /home/airflow/.local/lib/python3.8/site-packages/airflow/example_dags/example_skip_dag.py took 0.064 seconds
[2026-04-21T07:01:29.711+0000] {processor.py:161} INFO - Started process (PID=12744) to work on /home/airflow/.local/lib/python3.8/site-packages/airflow/example_dags/example_skip_dag.py
[2026-04-21T07:01:29.720+0000] {processor.py:830} INFO - Processing file /home/airflow/.local/lib/python3.8/site-packages/airflow/example_dags/example_skip_dag.py for tasks to queue
[2026-04-21T07:01:29.720+0000] {logging_mixin.py:188} INFO - [2026-04-21T07:01:29.720+0000] {dagbag.py:538} INFO - Filling up the DagBag from /home/airflow/.local/lib/python3.8/site-packages/airflow/example_dags/example_skip_dag.py
[2026-04-21T07:01:29.726+0000] {processor.py:840} INFO - DAG(s) 'example_skip_dag' retrieved from /home/airflow/.local/lib/python3.8/site-packages/airflow/example_dags/example_skip_dag.py
[2026-04-21T07:01:29.744+0000] {logging_mixin.py:188} INFO - [2026-04-21T07:01:29.744+0000] {dag.py:3036} INFO - Sync 1 DAGs
[2026-04-21T07:01:29.760+0000] {logging_mixin.py:188} INFO - [2026-04-21T07:01:29.760+0000] {dag.py:3823} INFO - Setting next_dagrun for example_skip_dag to 2026-04-20 00:00:00+00:00, run_after=2026-04-21 00:00:00+00:00
[2026-04-21T07:01:29.772+0000] {processor.py:183} INFO - Processing /home/airflow/.local/lib/python3.8/site-packages/airflow/example_dags/example_skip_dag.py took 0.064 seconds
[2026-04-21T07:01:59.794+0000] {processor.py:161} INFO - Started process (PID=12799) to work on /home/airflow/.local/lib/python3.8/site-packages/airflow/example_dags/example_skip_dag.py
[2026-04-21T07:01:59.803+0000] {processor.py:830} INFO - Processing file /home/airflow/.local/lib/python3.8/site-packages/airflow/example_dags/example_skip_dag.py for tasks to queue
[2026-04-21T07:01:59.804+0000] {logging_mixin.py:188} INFO - [2026-04-21T07:01:59.804+0000] {dagbag.py:538} INFO - Filling up the DagBag from /home/airflow/.local/lib/python3.8/site-packages/airflow/example_dags/example_skip_dag.py
[2026-04-21T07:01:59.809+0000] {processor.py:840} INFO - DAG(s) 'example_skip_dag' retrieved from /home/airflow/.local/lib/python3.8/site-packages/airflow/example_dags/example_skip_dag.py
[2026-04-21T07:01:59.824+0000] {logging_mixin.py:188} INFO - [2026-04-21T07:01:59.824+0000] {dag.py:3036} INFO - Sync 1 DAGs
[2026-04-21T07:01:59.838+0000] {logging_mixin.py:188} INFO - [2026-04-21T07:01:59.838+0000] {dag.py:3823} INFO - Setting next_dagrun for example_skip_dag to 2026-04-20 00:00:00+00:00, run_after=2026-04-21 00:00:00+00:00
[2026-04-21T07:01:59.848+0000] {processor.py:183} INFO - Processing /home/airflow/.local/lib/python3.8/site-packages/airflow/example_dags/example_skip_dag.py took 0.057 seconds
[2026-04-21T07:02:30.486+0000] {processor.py:161} INFO - Started process (PID=12854) to work on /home/airflow/.local/lib/python3.8/site-packages/airflow/example_dags/example_skip_dag.py
[2026-04-21T07:02:30.495+0000] {processor.py:830} INFO - Processing file /home/airflow/.local/lib/python3.8/site-packages/airflow/example_dags/example_skip_dag.py for tasks to queue
[2026-04-21T07:02:30.496+0000] {logging_mixin.py:188} INFO - [2026-04-21T07:02:30.496+0000] {dagbag.py:538} INFO - Filling up the DagBag from /home/airflow/.local/lib/python3.8/site-packages/airflow/example_dags/example_skip_dag.py
[2026-04-21T07:02:30.501+0000] {processor.py:840} INFO - DAG(s) 'example_skip_dag' retrieved from /home/airflow/.local/lib/python3.8/site-packages/airflow/example_dags/example_skip_dag.py
[2026-04-21T07:02:30.516+0000] {logging_mixin.py:188} INFO - [2026-04-21T07:02:30.515+0000] {dag.py:3036} INFO - Sync 1 DAGs
[2026-04-21T07:02:30.534+0000] {logging_mixin.py:188} INFO - [2026-04-21T07:02:30.533+0000] {dag.py:3823} INFO - Setting next_dagrun for example_skip_dag to 2026-04-20 00:00:00+00:00, run_after=2026-04-21 00:00:00+00:00
[2026-04-21T07:02:30.544+0000] {processor.py:183} INFO - Processing /home/airflow/.local/lib/python3.8/site-packages/airflow/example_dags/example_skip_dag.py took 0.061 seconds
[2026-04-21T07:03:01.056+0000] {processor.py:161} INFO - Started process (PID=12909) to work on /home/airflow/.local/lib/python3.8/site-packages/airflow/example_dags/example_skip_dag.py
[2026-04-21T07:03:01.064+0000] {processor.py:830} INFO - Processing file /home/airflow/.local/lib/python3.8/site-packages/airflow/example_dags/example_skip_dag.py for tasks to queue
[2026-04-21T07:03:01.065+0000] {logging_mixin.py:188} INFO - [2026-04-21T07:03:01.065+0000] {dagbag.py:538} INFO - Filling up the DagBag from /home/airflow/.local/lib/python3.8/site-packages/airflow/example_dags/example_skip_dag.py
[2026-04-21T07:03:01.070+0000] {processor.py:840} INFO - DAG(s) 'example_skip_dag' retrieved from /home/airflow/.local/lib/python3.8/site-packages/airflow/example_dags/example_skip_dag.py
[2026-04-21T07:03:01.089+0000] {logging_mixin.py:188} INFO - [2026-04-21T07:03:01.089+0000] {dag.py:3036} INFO - Sync 1 DAGs
[2026-04-21T07:03:01.110+0000] {logging_mixin.py:188} INFO - [2026-04-21T07:03:01.110+0000] {dag.py:3823} INFO - Setting next_dagrun for example_skip_dag to 2026-04-20 00:00:00+00:00, run_after=2026-04-21 00:00:00+00:00
[2026-04-21T07:03:01.122+0000] {processor.py:183} INFO - Processing /home/airflow/.local/lib/python3.8/site-packages/airflow/example_dags/example_skip_dag.py took 0.070 seconds
[2026-04-21T07:03:31.911+0000] {processor.py:161} INFO - Started process (PID=12964) to work on /home/airflow/.local/lib/python3.8/site-packages/airflow/example_dags/example_skip_dag.py
[2026-04-21T07:03:31.912+0000] {processor.py:830} INFO - Processing file /home/airflow/.local/lib/python3.8/site-packages/airflow/example_dags/example_skip_dag.py for tasks to queue
[2026-04-21T07:03:31.913+0000] {logging_mixin.py:188} INFO - [2026-04-21T07:03:31.912+0000] {dagbag.py:538} INFO - Filling up the DagBag from /home/airflow/.local/lib/python3.8/site-packages/airflow/example_dags/example_skip_dag.py
[2026-04-21T07:03:31.918+0000] {processor.py:840} INFO - DAG(s) 'example_skip_dag' retrieved from /home/airflow/.local/lib/python3.8/site-packages/airflow/example_dags/example_skip_dag.py
[2026-04-21T07:03:31.932+0000] {logging_mixin.py:188} INFO - [2026-04-21T07:03:31.932+0000] {dag.py:3036} INFO - Sync 1 DAGs
[2026-04-21T07:03:31.946+0000] {logging_mixin.py:188} INFO - [2026-04-21T07:03:31.946+0000] {dag.py:3823} INFO - Setting next_dagrun for example_skip_dag to 2026-04-20 00:00:00+00:00, run_after=2026-04-21 00:00:00+00:00
[2026-04-21T07:03:31.956+0000] {processor.py:183} INFO - Processing /home/airflow/.local/lib/python3.8/site-packages/airflow/example_dags/example_skip_dag.py took 0.047 seconds
[2026-04-21T07:04:02.504+0000] {processor.py:161} INFO - Started process (PID=13019) to work on /home/airflow/.local/lib/python3.8/site-packages/airflow/example_dags/example_skip_dag.py
[2026-04-21T07:04:02.513+0000] {processor.py:830} INFO - Processing file /home/airflow/.local/lib/python3.8/site-packages/airflow/example_dags/example_skip_dag.py for tasks to queue
[2026-04-21T07:04:02.514+0000] {logging_mixin.py:188} INFO - [2026-04-21T07:04:02.513+0000] {dagbag.py:538} INFO - Filling up the DagBag from /home/airflow/.local/lib/python3.8/site-packages/airflow/example_dags/example_skip_dag.py
[2026-04-21T07:04:02.518+0000] {processor.py:840} INFO - DAG(s) 'example_skip_dag' retrieved from /home/airflow/.local/lib/python3.8/site-packages/airflow/example_dags/example_skip_dag.py
[2026-04-21T07:04:02.532+0000] {logging_mixin.py:188} INFO - [2026-04-21T07:04:02.532+0000] {dag.py:3036} INFO - Sync 1 DAGs
[2026-04-21T07:04:02.547+0000] {logging_mixin.py:188} INFO - [2026-04-21T07:04:02.547+0000] {dag.py:3823} INFO - Setting next_dagrun for example_skip_dag to 2026-04-20 00:00:00+00:00, run_after=2026-04-21 00:00:00+00:00
[2026-04-21T07:04:02.557+0000] {processor.py:183} INFO - Processing /home/airflow/.local/lib/python3.8/site-packages/airflow/example_dags/example_skip_dag.py took 0.055 seconds
[2026-04-21T07:04:33.353+0000] {processor.py:161} INFO - Started process (PID=13074) to work on /home/airflow/.local/lib/python3.8/site-packages/airflow/example_dags/example_skip_dag.py
[2026-04-21T07:04:33.354+0000] {processor.py:830} INFO - Processing file /home/airflow/.local/lib/python3.8/site-packages/airflow/example_dags/example_skip_dag.py for tasks to queue
[2026-04-21T07:04:33.354+0000] {logging_mixin.py:188} INFO - [2026-04-21T07:04:33.354+0000] {dagbag.py:538} INFO - Filling up the DagBag from /home/airflow/.local/lib/python3.8/site-packages/airflow/example_dags/example_skip_dag.py
[2026-04-21T07:04:33.360+0000] {processor.py:840} INFO - DAG(s) 'example_skip_dag' retrieved from /home/airflow/.local/lib/python3.8/site-packages/airflow/example_dags/example_skip_dag.py
[2026-04-21T07:04:33.378+0000] {logging_mixin.py:188} INFO - [2026-04-21T07:04:33.377+0000] {dag.py:3036} INFO - Sync 1 DAGs
[2026-04-21T07:04:33.394+0000] {logging_mixin.py:188} INFO - [2026-04-21T07:04:33.394+0000] {dag.py:3823} INFO - Setting next_dagrun for example_skip_dag to 2026-04-20 00:00:00+00:00, run_after=2026-04-21 00:00:00+00:00
[2026-04-21T07:04:33.405+0000] {processor.py:183} INFO - Processing /home/airflow/.local/lib/python3.8/site-packages/airflow/example_dags/example_skip_dag.py took 0.054 seconds
[2026-04-21T07:05:04.123+0000] {processor.py:161} INFO - Started process (PID=13129) to work on /home/airflow/.local/lib/python3.8/site-packages/airflow/example_dags/example_skip_dag.py
[2026-04-21T07:05:04.124+0000] {processor.py:830} INFO - Processing file /home/airflow/.local/lib/python3.8/site-packages/airflow/example_dags/example_skip_dag.py for tasks to queue
[2026-04-21T07:05:04.125+0000] {logging_mixin.py:188} INFO - [2026-04-21T07:05:04.125+0000] {dagbag.py:538} INFO - Filling up the DagBag from /home/airflow/.local/lib/python3.8/site-packages/airflow/example_dags/example_skip_dag.py
[2026-04-21T07:05:04.130+0000] {processor.py:840} INFO - DAG(s) 'example_skip_dag' retrieved from /home/airflow/.local/lib/python3.8/site-packages/airflow/example_dags/example_skip_dag.py
[2026-04-21T07:05:04.144+0000] {logging_mixin.py:188} INFO - [2026-04-21T07:05:04.144+0000] {dag.py:3036} INFO - Sync 1 DAGs
[2026-04-21T07:05:04.159+0000] {logging_mixin.py:188} INFO - [2026-04-21T07:05:04.158+0000] {dag.py:3823} INFO - Setting next_dagrun for example_skip_dag to 2026-04-20 00:00:00+00:00, run_after=2026-04-21 00:00:00+00:00
[2026-04-21T07:05:04.169+0000] {processor.py:183} INFO - Processing /home/airflow/.local/lib/python3.8/site-packages/airflow/example_dags/example_skip_dag.py took 0.048 seconds
[2026-04-21T07:05:34.785+0000] {processor.py:161} INFO - Started process (PID=13184) to work on /home/airflow/.local/lib/python3.8/site-packages/airflow/example_dags/example_skip_dag.py
[2026-04-21T07:05:34.794+0000] {processor.py:830} INFO - Processing file /home/airflow/.local/lib/python3.8/site-packages/airflow/example_dags/example_skip_dag.py for tasks to queue
[2026-04-21T07:05:34.795+0000] {logging_mixin.py:188} INFO - [2026-04-21T07:05:34.794+0000] {dagbag.py:538} INFO - Filling up the DagBag from /home/airflow/.local/lib/python3.8/site-packages/airflow/example_dags/example_skip_dag.py
[2026-04-21T07:05:34.799+0000] {processor.py:840} INFO - DAG(s) 'example_skip_dag' retrieved from /home/airflow/.local/lib/python3.8/site-packages/airflow/example_dags/example_skip_dag.py
[2026-04-21T07:05:34.814+0000] {logging_mixin.py:188} INFO - [2026-04-21T07:05:34.814+0000] {dag.py:3036} INFO - Sync 1 DAGs
[2026-04-21T07:05:34.829+0000] {logging_mixin.py:188} INFO - [2026-04-21T07:05:34.829+0000] {dag.py:3823} INFO - Setting next_dagrun for example_skip_dag to 2026-04-20 00:00:00+00:00, run_after=2026-04-21 00:00:00+00:00
[2026-04-21T07:05:34.839+0000] {processor.py:183} INFO - Processing /home/airflow/.local/lib/python3.8/site-packages/airflow/example_dags/example_skip_dag.py took 0.058 seconds
[2026-04-21T07:06:05.386+0000] {processor.py:161} INFO - Started process (PID=13239) to work on /home/airflow/.local/lib/python3.8/site-packages/airflow/example_dags/example_skip_dag.py
[2026-04-21T07:06:05.387+0000] {processor.py:830} INFO - Processing file /home/airflow/.local/lib/python3.8/site-packages/airflow/example_dags/example_skip_dag.py for tasks to queue
[2026-04-21T07:06:05.388+0000] {logging_mixin.py:188} INFO - [2026-04-21T07:06:05.388+0000] {dagbag.py:538} INFO - Filling up the DagBag from /home/airflow/.local/lib/python3.8/site-packages/airflow/example_dags/example_skip_dag.py
[2026-04-21T07:06:05.394+0000] {processor.py:840} INFO - DAG(s) 'example_skip_dag' retrieved from /home/airflow/.local/lib/python3.8/site-packages/airflow/example_dags/example_skip_dag.py
[2026-04-21T07:06:05.408+0000] {logging_mixin.py:188} INFO - [2026-04-21T07:06:05.408+0000] {dag.py:3036} INFO - Sync 1 DAGs
[2026-04-21T07:06:05.422+0000] {logging_mixin.py:188} INFO - [2026-04-21T07:06:05.422+0000] {dag.py:3823} INFO - Setting next_dagrun for example_skip_dag to 2026-04-20 00:00:00+00:00, run_after=2026-04-21 00:00:00+00:00
[2026-04-21T07:06:05.432+0000] {processor.py:183} INFO - Processing /home/airflow/.local/lib/python3.8/site-packages/airflow/example_dags/example_skip_dag.py took 0.050 seconds
[2026-04-21T07:06:36.253+0000] {processor.py:161} INFO - Started process (PID=13294) to work on /home/airflow/.local/lib/python3.8/site-packages/airflow/example_dags/example_skip_dag.py
[2026-04-21T07:06:36.254+0000] {processor.py:830} INFO - Processing file /home/airflow/.local/lib/python3.8/site-packages/airflow/example_dags/example_skip_dag.py for tasks to queue
[2026-04-21T07:06:36.254+0000] {logging_mixin.py:188} INFO - [2026-04-21T07:06:36.254+0000] {dagbag.py:538} INFO - Filling up the DagBag from /home/airflow/.local/lib/python3.8/site-packages/airflow/example_dags/example_skip_dag.py
[2026-04-21T07:06:36.259+0000] {processor.py:840} INFO - DAG(s) 'example_skip_dag' retrieved from /home/airflow/.local/lib/python3.8/site-packages/airflow/example_dags/example_skip_dag.py
[2026-04-21T07:06:36.276+0000] {logging_mixin.py:188} INFO - [2026-04-21T07:06:36.276+0000] {dag.py:3036} INFO - Sync 1 DAGs
[2026-04-21T07:06:36.292+0000] {logging_mixin.py:188} INFO - [2026-04-21T07:06:36.292+0000] {dag.py:3823} INFO - Setting next_dagrun for example_skip_dag to 2026-04-20 00:00:00+00:00, run_after=2026-04-21 00:00:00+00:00
[2026-04-21T07:06:36.302+0000] {processor.py:183} INFO - Processing /home/airflow/.local/lib/python3.8/site-packages/airflow/example_dags/example_skip_dag.py took 0.051 seconds
[2026-04-21T07:07:06.905+0000] {processor.py:161} INFO - Started process (PID=13349) to work on /home/airflow/.local/lib/python3.8/site-packages/airflow/example_dags/example_skip_dag.py
[2026-04-21T07:07:06.906+0000] {processor.py:830} INFO - Processing file /home/airflow/.local/lib/python3.8/site-packages/airflow/example_dags/example_skip_dag.py for tasks to queue
[2026-04-21T07:07:06.906+0000] {logging_mixin.py:188} INFO - [2026-04-21T07:07:06.906+0000] {dagbag.py:538} INFO - Filling up the DagBag from /home/airflow/.local/lib/python3.8/site-packages/airflow/example_dags/example_skip_dag.py
[2026-04-21T07:07:06.911+0000] {processor.py:840} INFO - DAG(s) 'example_skip_dag' retrieved from /home/airflow/.local/lib/python3.8/site-packages/airflow/example_dags/example_skip_dag.py
[2026-04-21T07:07:06.927+0000] {logging_mixin.py:188} INFO - [2026-04-21T07:07:06.927+0000] {dag.py:3036} INFO - Sync 1 DAGs
[2026-04-21T07:07:06.944+0000] {logging_mixin.py:188} INFO - [2026-04-21T07:07:06.944+0000] {dag.py:3823} INFO - Setting next_dagrun for example_skip_dag to 2026-04-20 00:00:00+00:00, run_after=2026-04-21 00:00:00+00:00
[2026-04-21T07:07:06.954+0000] {processor.py:183} INFO - Processing /home/airflow/.local/lib/python3.8/site-packages/airflow/example_dags/example_skip_dag.py took 0.052 seconds
[2026-04-21T07:07:37.621+0000] {processor.py:161} INFO - Started process (PID=13404) to work on /home/airflow/.local/lib/python3.8/site-packages/airflow/example_dags/example_skip_dag.py
[2026-04-21T07:07:37.622+0000] {processor.py:830} INFO - Processing file /home/airflow/.local/lib/python3.8/site-packages/airflow/example_dags/example_skip_dag.py for tasks to queue
[2026-04-21T07:07:37.622+0000] {logging_mixin.py:188} INFO - [2026-04-21T07:07:37.622+0000] {dagbag.py:538} INFO - Filling up the DagBag from /home/airflow/.local/lib/python3.8/site-packages/airflow/example_dags/example_skip_dag.py
[2026-04-21T07:07:37.627+0000] {processor.py:840} INFO - DAG(s) 'example_skip_dag' retrieved from /home/airflow/.local/lib/python3.8/site-packages/airflow/example_dags/example_skip_dag.py
[2026-04-21T07:07:37.642+0000] {logging_mixin.py:188} INFO - [2026-04-21T07:07:37.642+0000] {dag.py:3036} INFO - Sync 1 DAGs
[2026-04-21T07:07:37.656+0000] {logging_mixin.py:188} INFO - [2026-04-21T07:07:37.656+0000] {dag.py:3823} INFO - Setting next_dagrun for example_skip_dag to 2026-04-20 00:00:00+00:00, run_after=2026-04-21 00:00:00+00:00
[2026-04-21T07:07:37.666+0000] {processor.py:183} INFO - Processing /home/airflow/.local/lib/python3.8/site-packages/airflow/example_dags/example_skip_dag.py took 0.048 seconds
[2026-04-21T07:08:08.319+0000] {processor.py:161} INFO - Started process (PID=13459) to work on /home/airflow/.local/lib/python3.8/site-packages/airflow/example_dags/example_skip_dag.py
[2026-04-21T07:08:08.327+0000] {processor.py:830} INFO - Processing file /home/airflow/.local/lib/python3.8/site-packages/airflow/example_dags/example_skip_dag.py for tasks to queue
[2026-04-21T07:08:08.328+0000] {logging_mixin.py:188} INFO - [2026-04-21T07:08:08.328+0000] {dagbag.py:538} INFO - Filling up the DagBag from /home/airflow/.local/lib/python3.8/site-packages/airflow/example_dags/example_skip_dag.py
[2026-04-21T07:08:08.333+0000] {processor.py:840} INFO - DAG(s) 'example_skip_dag' retrieved from /home/airflow/.local/lib/python3.8/site-packages/airflow/example_dags/example_skip_dag.py
[2026-04-21T07:08:08.348+0000] {logging_mixin.py:188} INFO - [2026-04-21T07:08:08.348+0000] {dag.py:3036} INFO - Sync 1 DAGs
[2026-04-21T07:08:08.365+0000] {logging_mixin.py:188} INFO - [2026-04-21T07:08:08.365+0000] {dag.py:3823} INFO - Setting next_dagrun for example_skip_dag to 2026-04-20 00:00:00+00:00, run_after=2026-04-21 00:00:00+00:00
[2026-04-21T07:08:08.377+0000] {processor.py:183} INFO - Processing /home/airflow/.local/lib/python3.8/site-packages/airflow/example_dags/example_skip_dag.py took 0.061 seconds
[2026-04-21T07:08:38.941+0000] {processor.py:161} INFO - Started process (PID=13514) to work on /home/airflow/.local/lib/python3.8/site-packages/airflow/example_dags/example_skip_dag.py
[2026-04-21T07:08:38.950+0000] {processor.py:830} INFO - Processing file /home/airflow/.local/lib/python3.8/site-packages/airflow/example_dags/example_skip_dag.py for tasks to queue
[2026-04-21T07:08:38.951+0000] {logging_mixin.py:188} INFO - [2026-04-21T07:08:38.951+0000] {dagbag.py:538} INFO - Filling up the DagBag from /home/airflow/.local/lib/python3.8/site-packages/airflow/example_dags/example_skip_dag.py
[2026-04-21T07:08:38.956+0000] {processor.py:840} INFO - DAG(s) 'example_skip_dag' retrieved from /home/airflow/.local/lib/python3.8/site-packages/airflow/example_dags/example_skip_dag.py
[2026-04-21T07:08:38.972+0000] {logging_mixin.py:188} INFO - [2026-04-21T07:08:38.971+0000] {dag.py:3036} INFO - Sync 1 DAGs
[2026-04-21T07:08:38.987+0000] {logging_mixin.py:188} INFO - [2026-04-21T07:08:38.987+0000] {dag.py:3823} INFO - Setting next_dagrun for example_skip_dag to 2026-04-20 00:00:00+00:00, run_after=2026-04-21 00:00:00+00:00
[2026-04-21T07:08:38.998+0000] {processor.py:183} INFO - Processing /home/airflow/.local/lib/python3.8/site-packages/airflow/example_dags/example_skip_dag.py took 0.059 seconds
[2026-04-21T07:09:09.575+0000] {processor.py:161} INFO - Started process (PID=13569) to work on /home/airflow/.local/lib/python3.8/site-packages/airflow/example_dags/example_skip_dag.py
[2026-04-21T07:09:09.582+0000] {processor.py:830} INFO - Processing file /home/airflow/.local/lib/python3.8/site-packages/airflow/example_dags/example_skip_dag.py for tasks to queue
[2026-04-21T07:09:09.583+0000] {logging_mixin.py:188} INFO - [2026-04-21T07:09:09.582+0000] {dagbag.py:538} INFO - Filling up the DagBag from /home/airflow/.local/lib/python3.8/site-packages/airflow/example_dags/example_skip_dag.py
[2026-04-21T07:09:09.588+0000] {processor.py:840} INFO - DAG(s) 'example_skip_dag' retrieved from /home/airflow/.local/lib/python3.8/site-packages/airflow/example_dags/example_skip_dag.py
[2026-04-21T07:09:09.604+0000] {logging_mixin.py:188} INFO - [2026-04-21T07:09:09.604+0000] {dag.py:3036} INFO - Sync 1 DAGs
[2026-04-21T07:09:09.622+0000] {logging_mixin.py:188} INFO - [2026-04-21T07:09:09.621+0000] {dag.py:3823} INFO - Setting next_dagrun for example_skip_dag to 2026-04-20 00:00:00+00:00, run_after=2026-04-21 00:00:00+00:00
[2026-04-21T07:09:09.634+0000] {processor.py:183} INFO - Processing /home/airflow/.local/lib/python3.8/site-packages/airflow/example_dags/example_skip_dag.py took 0.061 seconds
[2026-04-21T07:09:40.393+0000] {processor.py:161} INFO - Started process (PID=13624) to work on /home/airflow/.local/lib/python3.8/site-packages/airflow/example_dags/example_skip_dag.py
[2026-04-21T07:09:40.396+0000] {processor.py:830} INFO - Processing file /home/airflow/.local/lib/python3.8/site-packages/airflow/example_dags/example_skip_dag.py for tasks to queue
[2026-04-21T07:09:40.397+0000] {logging_mixin.py:188} INFO - [2026-04-21T07:09:40.397+0000] {dagbag.py:538} INFO - Filling up the DagBag from /home/airflow/.local/lib/python3.8/site-packages/airflow/example_dags/example_skip_dag.py
[2026-04-21T07:09:40.402+0000] {processor.py:840} INFO - DAG(s) 'example_skip_dag' retrieved from /home/airflow/.local/lib/python3.8/site-packages/airflow/example_dags/example_skip_dag.py
[2026-04-21T07:09:40.418+0000] {logging_mixin.py:188} INFO - [2026-04-21T07:09:40.418+0000] {dag.py:3036} INFO - Sync 1 DAGs
[2026-04-21T07:09:40.435+0000] {logging_mixin.py:188} INFO - [2026-04-21T07:09:40.435+0000] {dag.py:3823} INFO - Setting next_dagrun for example_skip_dag to 2026-04-20 00:00:00+00:00, run_after=2026-04-21 00:00:00+00:00
[2026-04-21T07:09:40.449+0000] {processor.py:183} INFO - Processing /home/airflow/.local/lib/python3.8/site-packages/airflow/example_dags/example_skip_dag.py took 0.059 seconds
[2026-04-21T07:10:10.526+0000] {processor.py:161} INFO - Started process (PID=13679) to work on /home/airflow/.local/lib/python3.8/site-packages/airflow/example_dags/example_skip_dag.py
[2026-04-21T07:10:10.527+0000] {processor.py:830} INFO - Processing file /home/airflow/.local/lib/python3.8/site-packages/airflow/example_dags/example_skip_dag.py for tasks to queue
[2026-04-21T07:10:10.528+0000] {logging_mixin.py:188} INFO - [2026-04-21T07:10:10.527+0000] {dagbag.py:538} INFO - Filling up the DagBag from /home/airflow/.local/lib/python3.8/site-packages/airflow/example_dags/example_skip_dag.py
[2026-04-21T07:10:10.533+0000] {processor.py:840} INFO - DAG(s) 'example_skip_dag' retrieved from /home/airflow/.local/lib/python3.8/site-packages/airflow/example_dags/example_skip_dag.py
[2026-04-21T07:10:10.550+0000] {logging_mixin.py:188} INFO - [2026-04-21T07:10:10.550+0000] {dag.py:3036} INFO - Sync 1 DAGs
[2026-04-21T07:10:10.566+0000] {logging_mixin.py:188} INFO - [2026-04-21T07:10:10.566+0000] {dag.py:3823} INFO - Setting next_dagrun for example_skip_dag to 2026-04-20 00:00:00+00:00, run_after=2026-04-21 00:00:00+00:00
[2026-04-21T07:10:10.578+0000] {processor.py:183} INFO - Processing /home/airflow/.local/lib/python3.8/site-packages/airflow/example_dags/example_skip_dag.py took 0.054 seconds
[2026-04-21T07:10:40.661+0000] {processor.py:161} INFO - Started process (PID=13734) to work on /home/airflow/.local/lib/python3.8/site-packages/airflow/example_dags/example_skip_dag.py
[2026-04-21T07:10:40.662+0000] {processor.py:830} INFO - Processing file /home/airflow/.local/lib/python3.8/site-packages/airflow/example_dags/example_skip_dag.py for tasks to queue
[2026-04-21T07:10:40.662+0000] {logging_mixin.py:188} INFO - [2026-04-21T07:10:40.662+0000] {dagbag.py:538} INFO - Filling up the DagBag from /home/airflow/.local/lib/python3.8/site-packages/airflow/example_dags/example_skip_dag.py
[2026-04-21T07:10:40.667+0000] {processor.py:840} INFO - DAG(s) 'example_skip_dag' retrieved from /home/airflow/.local/lib/python3.8/site-packages/airflow/example_dags/example_skip_dag.py
[2026-04-21T07:10:40.685+0000] {logging_mixin.py:188} INFO - [2026-04-21T07:10:40.685+0000] {dag.py:3036} INFO - Sync 1 DAGs
[2026-04-21T07:10:40.702+0000] {logging_mixin.py:188} INFO - [2026-04-21T07:10:40.701+0000] {dag.py:3823} INFO - Setting next_dagrun for example_skip_dag to 2026-04-20 00:00:00+00:00, run_after=2026-04-21 00:00:00+00:00
[2026-04-21T07:10:40.715+0000] {processor.py:183} INFO - Processing /home/airflow/.local/lib/python3.8/site-packages/airflow/example_dags/example_skip_dag.py took 0.057 seconds
[2026-04-21T07:11:10.743+0000] {processor.py:161} INFO - Started process (PID=13789) to work on /home/airflow/.local/lib/python3.8/site-packages/airflow/example_dags/example_skip_dag.py
[2026-04-21T07:11:10.744+0000] {processor.py:830} INFO - Processing file /home/airflow/.local/lib/python3.8/site-packages/airflow/example_dags/example_skip_dag.py for tasks to queue
[2026-04-21T07:11:10.745+0000] {logging_mixin.py:188} INFO - [2026-04-21T07:11:10.745+0000] {dagbag.py:538} INFO - Filling up the DagBag from /home/airflow/.local/lib/python3.8/site-packages/airflow/example_dags/example_skip_dag.py
[2026-04-21T07:11:10.750+0000] {processor.py:840} INFO - DAG(s) 'example_skip_dag' retrieved from /home/airflow/.local/lib/python3.8/site-packages/airflow/example_dags/example_skip_dag.py
[2026-04-21T07:11:10.765+0000] {logging_mixin.py:188} INFO - [2026-04-21T07:11:10.764+0000] {dag.py:3036} INFO - Sync 1 DAGs
[2026-04-21T07:11:10.779+0000] {logging_mixin.py:188} INFO - [2026-04-21T07:11:10.778+0000] {dag.py:3823} INFO - Setting next_dagrun for example_skip_dag to 2026-04-20 00:00:00+00:00, run_after=2026-04-21 00:00:00+00:00
[2026-04-21T07:11:10.789+0000] {processor.py:183} INFO - Processing /home/airflow/.local/lib/python3.8/site-packages/airflow/example_dags/example_skip_dag.py took 0.048 seconds
[2026-04-21T07:11:41.019+0000] {processor.py:161} INFO - Started process (PID=13844) to work on /home/airflow/.local/lib/python3.8/site-packages/airflow/example_dags/example_skip_dag.py
[2026-04-21T07:11:41.028+0000] {processor.py:830} INFO - Processing file /home/airflow/.local/lib/python3.8/site-packages/airflow/example_dags/example_skip_dag.py for tasks to queue
[2026-04-21T07:11:41.029+0000] {logging_mixin.py:188} INFO - [2026-04-21T07:11:41.029+0000] {dagbag.py:538} INFO - Filling up the DagBag from /home/airflow/.local/lib/python3.8/site-packages/airflow/example_dags/example_skip_dag.py
[2026-04-21T07:11:41.034+0000] {processor.py:840} INFO - DAG(s) 'example_skip_dag' retrieved from /home/airflow/.local/lib/python3.8/site-packages/airflow/example_dags/example_skip_dag.py
[2026-04-21T07:11:41.049+0000] {logging_mixin.py:188} INFO - [2026-04-21T07:11:41.049+0000] {dag.py:3036} INFO - Sync 1 DAGs
[2026-04-21T07:11:41.063+0000] {logging_mixin.py:188} INFO - [2026-04-21T07:11:41.063+0000] {dag.py:3823} INFO - Setting next_dagrun for example_skip_dag to 2026-04-20 00:00:00+00:00, run_after=2026-04-21 00:00:00+00:00
[2026-04-21T07:11:41.074+0000] {processor.py:183} INFO - Processing /home/airflow/.local/lib/python3.8/site-packages/airflow/example_dags/example_skip_dag.py took 0.058 seconds
[2026-04-21T07:12:11.191+0000] {processor.py:161} INFO - Started process (PID=13899) to work on /home/airflow/.local/lib/python3.8/site-packages/airflow/example_dags/example_skip_dag.py
[2026-04-21T07:12:11.200+0000] {processor.py:830} INFO - Processing file /home/airflow/.local/lib/python3.8/site-packages/airflow/example_dags/example_skip_dag.py for tasks to queue
[2026-04-21T07:12:11.201+0000] {logging_mixin.py:188} INFO - [2026-04-21T07:12:11.200+0000] {dagbag.py:538} INFO - Filling up the DagBag from /home/airflow/.local/lib/python3.8/site-packages/airflow/example_dags/example_skip_dag.py
[2026-04-21T07:12:11.205+0000] {processor.py:840} INFO - DAG(s) 'example_skip_dag' retrieved from /home/airflow/.local/lib/python3.8/site-packages/airflow/example_dags/example_skip_dag.py
[2026-04-21T07:12:11.220+0000] {logging_mixin.py:188} INFO - [2026-04-21T07:12:11.220+0000] {dag.py:3036} INFO - Sync 1 DAGs
[2026-04-21T07:12:11.235+0000] {logging_mixin.py:188} INFO - [2026-04-21T07:12:11.234+0000] {dag.py:3823} INFO - Setting next_dagrun for example_skip_dag to 2026-04-20 00:00:00+00:00, run_after=2026-04-21 00:00:00+00:00
[2026-04-21T07:12:11.245+0000] {processor.py:183} INFO - Processing /home/airflow/.local/lib/python3.8/site-packages/airflow/example_dags/example_skip_dag.py took 0.057 seconds
[2026-04-21T07:12:41.820+0000] {processor.py:161} INFO - Started process (PID=13954) to work on /home/airflow/.local/lib/python3.8/site-packages/airflow/example_dags/example_skip_dag.py
[2026-04-21T07:12:41.829+0000] {processor.py:830} INFO - Processing file /home/airflow/.local/lib/python3.8/site-packages/airflow/example_dags/example_skip_dag.py for tasks to queue
[2026-04-21T07:12:41.830+0000] {logging_mixin.py:188} INFO - [2026-04-21T07:12:41.830+0000] {dagbag.py:538} INFO - Filling up the DagBag from /home/airflow/.local/lib/python3.8/site-packages/airflow/example_dags/example_skip_dag.py
[2026-04-21T07:12:41.835+0000] {processor.py:840} INFO - DAG(s) 'example_skip_dag' retrieved from /home/airflow/.local/lib/python3.8/site-packages/airflow/example_dags/example_skip_dag.py
[2026-04-21T07:12:41.849+0000] {logging_mixin.py:188} INFO - [2026-04-21T07:12:41.849+0000] {dag.py:3036} INFO - Sync 1 DAGs
[2026-04-21T07:12:41.863+0000] {logging_mixin.py:188} INFO - [2026-04-21T07:12:41.862+0000] {dag.py:3823} INFO - Setting next_dagrun for example_skip_dag to 2026-04-20 00:00:00+00:00, run_after=2026-04-21 00:00:00+00:00
[2026-04-21T07:12:41.872+0000] {processor.py:183} INFO - Processing /home/airflow/.local/lib/python3.8/site-packages/airflow/example_dags/example_skip_dag.py took 0.055 seconds
[2026-04-21T07:13:12.406+0000] {processor.py:161} INFO - Started process (PID=14015) to work on /home/airflow/.local/lib/python3.8/site-packages/airflow/example_dags/example_skip_dag.py
[2026-04-21T07:13:12.415+0000] {processor.py:830} INFO - Processing file /home/airflow/.local/lib/python3.8/site-packages/airflow/example_dags/example_skip_dag.py for tasks to queue
[2026-04-21T07:13:12.416+0000] {logging_mixin.py:188} INFO - [2026-04-21T07:13:12.416+0000] {dagbag.py:538} INFO - Filling up the DagBag from /home/airflow/.local/lib/python3.8/site-packages/airflow/example_dags/example_skip_dag.py
[2026-04-21T07:13:12.421+0000] {processor.py:840} INFO - DAG(s) 'example_skip_dag' retrieved from /home/airflow/.local/lib/python3.8/site-packages/airflow/example_dags/example_skip_dag.py
[2026-04-21T07:13:12.436+0000] {logging_mixin.py:188} INFO - [2026-04-21T07:13:12.435+0000] {dag.py:3036} INFO - Sync 1 DAGs
[2026-04-21T07:13:12.449+0000] {logging_mixin.py:188} INFO - [2026-04-21T07:13:12.449+0000] {dag.py:3823} INFO - Setting next_dagrun for example_skip_dag to 2026-04-20 00:00:00+00:00, run_after=2026-04-21 00:00:00+00:00
[2026-04-21T07:13:12.459+0000] {processor.py:183} INFO - Processing /home/airflow/.local/lib/python3.8/site-packages/airflow/example_dags/example_skip_dag.py took 0.056 seconds
[2026-04-21T07:13:42.968+0000] {processor.py:161} INFO - Started process (PID=14070) to work on /home/airflow/.local/lib/python3.8/site-packages/airflow/example_dags/example_skip_dag.py
[2026-04-21T07:13:42.969+0000] {processor.py:830} INFO - Processing file /home/airflow/.local/lib/python3.8/site-packages/airflow/example_dags/example_skip_dag.py for tasks to queue
[2026-04-21T07:13:42.970+0000] {logging_mixin.py:188} INFO - [2026-04-21T07:13:42.970+0000] {dagbag.py:538} INFO - Filling up the DagBag from /home/airflow/.local/lib/python3.8/site-packages/airflow/example_dags/example_skip_dag.py
[2026-04-21T07:13:42.975+0000] {processor.py:840} INFO - DAG(s) 'example_skip_dag' retrieved from /home/airflow/.local/lib/python3.8/site-packages/airflow/example_dags/example_skip_dag.py
[2026-04-21T07:13:42.989+0000] {logging_mixin.py:188} INFO - [2026-04-21T07:13:42.989+0000] {dag.py:3036} INFO - Sync 1 DAGs
[2026-04-21T07:13:43.003+0000] {logging_mixin.py:188} INFO - [2026-04-21T07:13:43.003+0000] {dag.py:3823} INFO - Setting next_dagrun for example_skip_dag to 2026-04-20 00:00:00+00:00, run_after=2026-04-21 00:00:00+00:00
[2026-04-21T07:13:43.013+0000] {processor.py:183} INFO - Processing /home/airflow/.local/lib/python3.8/site-packages/airflow/example_dags/example_skip_dag.py took 0.047 seconds
[2026-04-21T07:14:13.626+0000] {processor.py:161} INFO - Started process (PID=14125) to work on /home/airflow/.local/lib/python3.8/site-packages/airflow/example_dags/example_skip_dag.py
[2026-04-21T07:14:13.627+0000] {processor.py:830} INFO - Processing file /home/airflow/.local/lib/python3.8/site-packages/airflow/example_dags/example_skip_dag.py for tasks to queue
[2026-04-21T07:14:13.628+0000] {logging_mixin.py:188} INFO - [2026-04-21T07:14:13.628+0000] {dagbag.py:538} INFO - Filling up the DagBag from /home/airflow/.local/lib/python3.8/site-packages/airflow/example_dags/example_skip_dag.py
[2026-04-21T07:14:13.633+0000] {processor.py:840} INFO - DAG(s) 'example_skip_dag' retrieved from /home/airflow/.local/lib/python3.8/site-packages/airflow/example_dags/example_skip_dag.py
[2026-04-21T07:14:13.647+0000] {logging_mixin.py:188} INFO - [2026-04-21T07:14:13.647+0000] {dag.py:3036} INFO - Sync 1 DAGs
[2026-04-21T07:14:13.665+0000] {logging_mixin.py:188} INFO - [2026-04-21T07:14:13.665+0000] {dag.py:3823} INFO - Setting next_dagrun for example_skip_dag to 2026-04-20 00:00:00+00:00, run_after=2026-04-21 00:00:00+00:00
[2026-04-21T07:14:13.675+0000] {processor.py:183} INFO - Processing /home/airflow/.local/lib/python3.8/site-packages/airflow/example_dags/example_skip_dag.py took 0.051 seconds
[2026-04-21T07:14:44.342+0000] {processor.py:161} INFO - Started process (PID=14180) to work on /home/airflow/.local/lib/python3.8/site-packages/airflow/example_dags/example_skip_dag.py
[2026-04-21T07:14:44.350+0000] {processor.py:830} INFO - Processing file /home/airflow/.local/lib/python3.8/site-packages/airflow/example_dags/example_skip_dag.py for tasks to queue
[2026-04-21T07:14:44.351+0000] {logging_mixin.py:188} INFO - [2026-04-21T07:14:44.350+0000] {dagbag.py:538} INFO - Filling up the DagBag from /home/airflow/.local/lib/python3.8/site-packages/airflow/example_dags/example_skip_dag.py
[2026-04-21T07:14:44.356+0000] {processor.py:840} INFO - DAG(s) 'example_skip_dag' retrieved from /home/airflow/.local/lib/python3.8/site-packages/airflow/example_dags/example_skip_dag.py
[2026-04-21T07:14:44.373+0000] {logging_mixin.py:188} INFO - [2026-04-21T07:14:44.373+0000] {dag.py:3036} INFO - Sync 1 DAGs
[2026-04-21T07:14:44.390+0000] {logging_mixin.py:188} INFO - [2026-04-21T07:14:44.390+0000] {dag.py:3823} INFO - Setting next_dagrun for example_skip_dag to 2026-04-20 00:00:00+00:00, run_after=2026-04-21 00:00:00+00:00
[2026-04-21T07:14:44.401+0000] {processor.py:183} INFO - Processing /home/airflow/.local/lib/python3.8/site-packages/airflow/example_dags/example_skip_dag.py took 0.062 seconds
[2026-04-21T07:15:14.549+0000] {processor.py:161} INFO - Started process (PID=14235) to work on /home/airflow/.local/lib/python3.8/site-packages/airflow/example_dags/example_skip_dag.py
[2026-04-21T07:15:14.558+0000] {processor.py:830} INFO - Processing file /home/airflow/.local/lib/python3.8/site-packages/airflow/example_dags/example_skip_dag.py for tasks to queue
[2026-04-21T07:15:14.559+0000] {logging_mixin.py:188} INFO - [2026-04-21T07:15:14.559+0000] {dagbag.py:538} INFO - Filling up the DagBag from /home/airflow/.local/lib/python3.8/site-packages/airflow/example_dags/example_skip_dag.py
[2026-04-21T07:15:14.563+0000] {processor.py:840} INFO - DAG(s) 'example_skip_dag' retrieved from /home/airflow/.local/lib/python3.8/site-packages/airflow/example_dags/example_skip_dag.py
[2026-04-21T07:15:14.579+0000] {logging_mixin.py:188} INFO - [2026-04-21T07:15:14.578+0000] {dag.py:3036} INFO - Sync 1 DAGs
[2026-04-21T07:15:14.593+0000] {logging_mixin.py:188} INFO - [2026-04-21T07:15:14.593+0000] {dag.py:3823} INFO - Setting next_dagrun for example_skip_dag to 2026-04-20 00:00:00+00:00, run_after=2026-04-21 00:00:00+00:00
[2026-04-21T07:15:14.603+0000] {processor.py:183} INFO - Processing /home/airflow/.local/lib/python3.8/site-packages/airflow/example_dags/example_skip_dag.py took 0.058 seconds
[2026-04-21T07:15:45.133+0000] {processor.py:161} INFO - Started process (PID=14290) to work on /home/airflow/.local/lib/python3.8/site-packages/airflow/example_dags/example_skip_dag.py
[2026-04-21T07:15:45.141+0000] {processor.py:830} INFO - Processing file /home/airflow/.local/lib/python3.8/site-packages/airflow/example_dags/example_skip_dag.py for tasks to queue
[2026-04-21T07:15:45.142+0000] {logging_mixin.py:188} INFO - [2026-04-21T07:15:45.142+0000] {dagbag.py:538} INFO - Filling up the DagBag from /home/airflow/.local/lib/python3.8/site-packages/airflow/example_dags/example_skip_dag.py
[2026-04-21T07:15:45.147+0000] {processor.py:840} INFO - DAG(s) 'example_skip_dag' retrieved from /home/airflow/.local/lib/python3.8/site-packages/airflow/example_dags/example_skip_dag.py
[2026-04-21T07:15:45.165+0000] {logging_mixin.py:188} INFO - [2026-04-21T07:15:45.164+0000] {dag.py:3036} INFO - Sync 1 DAGs
[2026-04-21T07:15:45.183+0000] {logging_mixin.py:188} INFO - [2026-04-21T07:15:45.183+0000] {dag.py:3823} INFO - Setting next_dagrun for example_skip_dag to 2026-04-20 00:00:00+00:00, run_after=2026-04-21 00:00:00+00:00
[2026-04-21T07:15:45.199+0000] {processor.py:183} INFO - Processing /home/airflow/.local/lib/python3.8/site-packages/airflow/example_dags/example_skip_dag.py took 0.069 seconds
[2026-04-21T07:16:15.876+0000] {processor.py:161} INFO - Started process (PID=14345) to work on /home/airflow/.local/lib/python3.8/site-packages/airflow/example_dags/example_skip_dag.py
[2026-04-21T07:16:15.885+0000] {processor.py:830} INFO - Processing file /home/airflow/.local/lib/python3.8/site-packages/airflow/example_dags/example_skip_dag.py for tasks to queue
[2026-04-21T07:16:15.886+0000] {logging_mixin.py:188} INFO - [2026-04-21T07:16:15.885+0000] {dagbag.py:538} INFO - Filling up the DagBag from /home/airflow/.local/lib/python3.8/site-packages/airflow/example_dags/example_skip_dag.py
[2026-04-21T07:16:15.892+0000] {processor.py:840} INFO - DAG(s) 'example_skip_dag' retrieved from /home/airflow/.local/lib/python3.8/site-packages/airflow/example_dags/example_skip_dag.py
[2026-04-21T07:16:15.909+0000] {logging_mixin.py:188} INFO - [2026-04-21T07:16:15.909+0000] {dag.py:3036} INFO - Sync 1 DAGs
[2026-04-21T07:16:15.927+0000] {logging_mixin.py:188} INFO - [2026-04-21T07:16:15.926+0000] {dag.py:3823} INFO - Setting next_dagrun for example_skip_dag to 2026-04-20 00:00:00+00:00, run_after=2026-04-21 00:00:00+00:00
[2026-04-21T07:16:15.940+0000] {processor.py:183} INFO - Processing /home/airflow/.local/lib/python3.8/site-packages/airflow/example_dags/example_skip_dag.py took 0.067 seconds
[2026-04-21T07:16:45.976+0000] {processor.py:161} INFO - Started process (PID=14400) to work on /home/airflow/.local/lib/python3.8/site-packages/airflow/example_dags/example_skip_dag.py
[2026-04-21T07:16:45.976+0000] {processor.py:830} INFO - Processing file /home/airflow/.local/lib/python3.8/site-packages/airflow/example_dags/example_skip_dag.py for tasks to queue
[2026-04-21T07:16:45.977+0000] {logging_mixin.py:188} INFO - [2026-04-21T07:16:45.977+0000] {dagbag.py:538} INFO - Filling up the DagBag from /home/airflow/.local/lib/python3.8/site-packages/airflow/example_dags/example_skip_dag.py
[2026-04-21T07:16:45.982+0000] {processor.py:840} INFO - DAG(s) 'example_skip_dag' retrieved from /home/airflow/.local/lib/python3.8/site-packages/airflow/example_dags/example_skip_dag.py
[2026-04-21T07:16:45.998+0000] {logging_mixin.py:188} INFO - [2026-04-21T07:16:45.998+0000] {dag.py:3036} INFO - Sync 1 DAGs
[2026-04-21T07:16:46.015+0000] {logging_mixin.py:188} INFO - [2026-04-21T07:16:46.015+0000] {dag.py:3823} INFO - Setting next_dagrun for example_skip_dag to 2026-04-20 00:00:00+00:00, run_after=2026-04-21 00:00:00+00:00
[2026-04-21T07:16:46.027+0000] {processor.py:183} INFO - Processing /home/airflow/.local/lib/python3.8/site-packages/airflow/example_dags/example_skip_dag.py took 0.054 seconds
[2026-04-21T07:17:16.109+0000] {processor.py:161} INFO - Started process (PID=14455) to work on /home/airflow/.local/lib/python3.8/site-packages/airflow/example_dags/example_skip_dag.py
[2026-04-21T07:17:16.117+0000] {processor.py:830} INFO - Processing file /home/airflow/.local/lib/python3.8/site-packages/airflow/example_dags/example_skip_dag.py for tasks to queue
[2026-04-21T07:17:16.119+0000] {logging_mixin.py:188} INFO - [2026-04-21T07:17:16.118+0000] {dagbag.py:538} INFO - Filling up the DagBag from /home/airflow/.local/lib/python3.8/site-packages/airflow/example_dags/example_skip_dag.py
[2026-04-21T07:17:16.123+0000] {processor.py:840} INFO - DAG(s) 'example_skip_dag' retrieved from /home/airflow/.local/lib/python3.8/site-packages/airflow/example_dags/example_skip_dag.py
[2026-04-21T07:17:16.138+0000] {logging_mixin.py:188} INFO - [2026-04-21T07:17:16.138+0000] {dag.py:3036} INFO - Sync 1 DAGs
[2026-04-21T07:17:16.152+0000] {logging_mixin.py:188} INFO - [2026-04-21T07:17:16.152+0000] {dag.py:3823} INFO - Setting next_dagrun for example_skip_dag to 2026-04-20 00:00:00+00:00, run_after=2026-04-21 00:00:00+00:00
[2026-04-21T07:17:16.162+0000] {processor.py:183} INFO - Processing /home/airflow/.local/lib/python3.8/site-packages/airflow/example_dags/example_skip_dag.py took 0.056 seconds
[2026-04-21T07:17:46.801+0000] {processor.py:161} INFO - Started process (PID=14508) to work on /home/airflow/.local/lib/python3.8/site-packages/airflow/example_dags/example_skip_dag.py
[2026-04-21T07:17:46.802+0000] {processor.py:830} INFO - Processing file /home/airflow/.local/lib/python3.8/site-packages/airflow/example_dags/example_skip_dag.py for tasks to queue
[2026-04-21T07:17:46.802+0000] {logging_mixin.py:188} INFO - [2026-04-21T07:17:46.802+0000] {dagbag.py:538} INFO - Filling up the DagBag from /home/airflow/.local/lib/python3.8/site-packages/airflow/example_dags/example_skip_dag.py
[2026-04-21T07:17:46.807+0000] {processor.py:840} INFO - DAG(s) 'example_skip_dag' retrieved from /home/airflow/.local/lib/python3.8/site-packages/airflow/example_dags/example_skip_dag.py
[2026-04-21T07:17:46.822+0000] {logging_mixin.py:188} INFO - [2026-04-21T07:17:46.821+0000] {dag.py:3036} INFO - Sync 1 DAGs
[2026-04-21T07:17:46.835+0000] {logging_mixin.py:188} INFO - [2026-04-21T07:17:46.835+0000] {dag.py:3823} INFO - Setting next_dagrun for example_skip_dag to 2026-04-20 00:00:00+00:00, run_after=2026-04-21 00:00:00+00:00
[2026-04-21T07:17:46.846+0000] {processor.py:183} INFO - Processing /home/airflow/.local/lib/python3.8/site-packages/airflow/example_dags/example_skip_dag.py took 0.049 seconds
[2026-04-21T07:18:17.344+0000] {processor.py:161} INFO - Started process (PID=14563) to work on /home/airflow/.local/lib/python3.8/site-packages/airflow/example_dags/example_skip_dag.py
[2026-04-21T07:18:17.353+0000] {processor.py:830} INFO - Processing file /home/airflow/.local/lib/python3.8/site-packages/airflow/example_dags/example_skip_dag.py for tasks to queue
[2026-04-21T07:18:17.354+0000] {logging_mixin.py:188} INFO - [2026-04-21T07:18:17.354+0000] {dagbag.py:538} INFO - Filling up the DagBag from /home/airflow/.local/lib/python3.8/site-packages/airflow/example_dags/example_skip_dag.py
[2026-04-21T07:18:17.359+0000] {processor.py:840} INFO - DAG(s) 'example_skip_dag' retrieved from /home/airflow/.local/lib/python3.8/site-packages/airflow/example_dags/example_skip_dag.py
[2026-04-21T07:18:17.373+0000] {logging_mixin.py:188} INFO - [2026-04-21T07:18:17.372+0000] {dag.py:3036} INFO - Sync 1 DAGs
[2026-04-21T07:18:17.387+0000] {logging_mixin.py:188} INFO - [2026-04-21T07:18:17.387+0000] {dag.py:3823} INFO - Setting next_dagrun for example_skip_dag to 2026-04-20 00:00:00+00:00, run_after=2026-04-21 00:00:00+00:00
[2026-04-21T07:18:17.397+0000] {processor.py:183} INFO - Processing /home/airflow/.local/lib/python3.8/site-packages/airflow/example_dags/example_skip_dag.py took 0.055 seconds
[2026-04-21T07:18:47.982+0000] {processor.py:161} INFO - Started process (PID=14618) to work on /home/airflow/.local/lib/python3.8/site-packages/airflow/example_dags/example_skip_dag.py
[2026-04-21T07:18:47.990+0000] {processor.py:830} INFO - Processing file /home/airflow/.local/lib/python3.8/site-packages/airflow/example_dags/example_skip_dag.py for tasks to queue
[2026-04-21T07:18:47.991+0000] {logging_mixin.py:188} INFO - [2026-04-21T07:18:47.991+0000] {dagbag.py:538} INFO - Filling up the DagBag from /home/airflow/.local/lib/python3.8/site-packages/airflow/example_dags/example_skip_dag.py
[2026-04-21T07:18:47.996+0000] {processor.py:840} INFO - DAG(s) 'example_skip_dag' retrieved from /home/airflow/.local/lib/python3.8/site-packages/airflow/example_dags/example_skip_dag.py
[2026-04-21T07:18:48.010+0000] {logging_mixin.py:188} INFO - [2026-04-21T07:18:48.010+0000] {dag.py:3036} INFO - Sync 1 DAGs
[2026-04-21T07:18:48.025+0000] {logging_mixin.py:188} INFO - [2026-04-21T07:18:48.025+0000] {dag.py:3823} INFO - Setting next_dagrun for example_skip_dag to 2026-04-20 00:00:00+00:00, run_after=2026-04-21 00:00:00+00:00
[2026-04-21T07:18:48.036+0000] {processor.py:183} INFO - Processing /home/airflow/.local/lib/python3.8/site-packages/airflow/example_dags/example_skip_dag.py took 0.057 seconds
[2026-04-21T07:19:18.605+0000] {processor.py:161} INFO - Started process (PID=14673) to work on /home/airflow/.local/lib/python3.8/site-packages/airflow/example_dags/example_skip_dag.py
[2026-04-21T07:19:18.606+0000] {processor.py:830} INFO - Processing file /home/airflow/.local/lib/python3.8/site-packages/airflow/example_dags/example_skip_dag.py for tasks to queue
[2026-04-21T07:19:18.606+0000] {logging_mixin.py:188} INFO - [2026-04-21T07:19:18.606+0000] {dagbag.py:538} INFO - Filling up the DagBag from /home/airflow/.local/lib/python3.8/site-packages/airflow/example_dags/example_skip_dag.py
[2026-04-21T07:19:18.612+0000] {processor.py:840} INFO - DAG(s) 'example_skip_dag' retrieved from /home/airflow/.local/lib/python3.8/site-packages/airflow/example_dags/example_skip_dag.py
[2026-04-21T07:19:18.626+0000] {logging_mixin.py:188} INFO - [2026-04-21T07:19:18.626+0000] {dag.py:3036} INFO - Sync 1 DAGs
[2026-04-21T07:19:18.641+0000] {logging_mixin.py:188} INFO - [2026-04-21T07:19:18.640+0000] {dag.py:3823} INFO - Setting next_dagrun for example_skip_dag to 2026-04-20 00:00:00+00:00, run_after=2026-04-21 00:00:00+00:00
[2026-04-21T07:19:18.651+0000] {processor.py:183} INFO - Processing /home/airflow/.local/lib/python3.8/site-packages/airflow/example_dags/example_skip_dag.py took 0.049 seconds
[2026-04-21T07:19:49.141+0000] {processor.py:161} INFO - Started process (PID=14728) to work on /home/airflow/.local/lib/python3.8/site-packages/airflow/example_dags/example_skip_dag.py
[2026-04-21T07:19:49.150+0000] {processor.py:830} INFO - Processing file /home/airflow/.local/lib/python3.8/site-packages/airflow/example_dags/example_skip_dag.py for tasks to queue
[2026-04-21T07:19:49.150+0000] {logging_mixin.py:188} INFO - [2026-04-21T07:19:49.150+0000] {dagbag.py:538} INFO - Filling up the DagBag from /home/airflow/.local/lib/python3.8/site-packages/airflow/example_dags/example_skip_dag.py
[2026-04-21T07:19:49.155+0000] {processor.py:840} INFO - DAG(s) 'example_skip_dag' retrieved from /home/airflow/.local/lib/python3.8/site-packages/airflow/example_dags/example_skip_dag.py
[2026-04-21T07:19:49.169+0000] {logging_mixin.py:188} INFO - [2026-04-21T07:19:49.169+0000] {dag.py:3036} INFO - Sync 1 DAGs
[2026-04-21T07:19:49.183+0000] {logging_mixin.py:188} INFO - [2026-04-21T07:19:49.183+0000] {dag.py:3823} INFO - Setting next_dagrun for example_skip_dag to 2026-04-20 00:00:00+00:00, run_after=2026-04-21 00:00:00+00:00
[2026-04-21T07:19:49.194+0000] {processor.py:183} INFO - Processing /home/airflow/.local/lib/python3.8/site-packages/airflow/example_dags/example_skip_dag.py took 0.055 seconds
[2026-04-21T07:20:19.712+0000] {processor.py:161} INFO - Started process (PID=14783) to work on /home/airflow/.local/lib/python3.8/site-packages/airflow/example_dags/example_skip_dag.py
[2026-04-21T07:20:19.721+0000] {processor.py:830} INFO - Processing file /home/airflow/.local/lib/python3.8/site-packages/airflow/example_dags/example_skip_dag.py for tasks to queue
[2026-04-21T07:20:19.722+0000] {logging_mixin.py:188} INFO - [2026-04-21T07:20:19.721+0000] {dagbag.py:538} INFO - Filling up the DagBag from /home/airflow/.local/lib/python3.8/site-packages/airflow/example_dags/example_skip_dag.py
[2026-04-21T07:20:19.727+0000] {processor.py:840} INFO - DAG(s) 'example_skip_dag' retrieved from /home/airflow/.local/lib/python3.8/site-packages/airflow/example_dags/example_skip_dag.py
[2026-04-21T07:20:19.744+0000] {logging_mixin.py:188} INFO - [2026-04-21T07:20:19.743+0000] {dag.py:3036} INFO - Sync 1 DAGs
[2026-04-21T07:20:19.761+0000] {logging_mixin.py:188} INFO - [2026-04-21T07:20:19.761+0000] {dag.py:3823} INFO - Setting next_dagrun for example_skip_dag to 2026-04-20 00:00:00+00:00, run_after=2026-04-21 00:00:00+00:00
[2026-04-21T07:20:19.773+0000] {processor.py:183} INFO - Processing /home/airflow/.local/lib/python3.8/site-packages/airflow/example_dags/example_skip_dag.py took 0.063 seconds
[2026-04-21T07:20:50.490+0000] {processor.py:161} INFO - Started process (PID=14838) to work on /home/airflow/.local/lib/python3.8/site-packages/airflow/example_dags/example_skip_dag.py
[2026-04-21T07:20:50.499+0000] {processor.py:830} INFO - Processing file /home/airflow/.local/lib/python3.8/site-packages/airflow/example_dags/example_skip_dag.py for tasks to queue
[2026-04-21T07:20:50.500+0000] {logging_mixin.py:188} INFO - [2026-04-21T07:20:50.500+0000] {dagbag.py:538} INFO - Filling up the DagBag from /home/airflow/.local/lib/python3.8/site-packages/airflow/example_dags/example_skip_dag.py
[2026-04-21T07:20:50.505+0000] {processor.py:840} INFO - DAG(s) 'example_skip_dag' retrieved from /home/airflow/.local/lib/python3.8/site-packages/airflow/example_dags/example_skip_dag.py
[2026-04-21T07:20:50.519+0000] {logging_mixin.py:188} INFO - [2026-04-21T07:20:50.519+0000] {dag.py:3036} INFO - Sync 1 DAGs
[2026-04-21T07:20:50.533+0000] {logging_mixin.py:188} INFO - [2026-04-21T07:20:50.533+0000] {dag.py:3823} INFO - Setting next_dagrun for example_skip_dag to 2026-04-20 00:00:00+00:00, run_after=2026-04-21 00:00:00+00:00
[2026-04-21T07:20:50.544+0000] {processor.py:183} INFO - Processing /home/airflow/.local/lib/python3.8/site-packages/airflow/example_dags/example_skip_dag.py took 0.056 seconds
[2026-04-21T07:21:21.048+0000] {processor.py:161} INFO - Started process (PID=14893) to work on /home/airflow/.local/lib/python3.8/site-packages/airflow/example_dags/example_skip_dag.py
[2026-04-21T07:21:21.057+0000] {processor.py:830} INFO - Processing file /home/airflow/.local/lib/python3.8/site-packages/airflow/example_dags/example_skip_dag.py for tasks to queue
[2026-04-21T07:21:21.057+0000] {logging_mixin.py:188} INFO - [2026-04-21T07:21:21.057+0000] {dagbag.py:538} INFO - Filling up the DagBag from /home/airflow/.local/lib/python3.8/site-packages/airflow/example_dags/example_skip_dag.py
[2026-04-21T07:21:21.062+0000] {processor.py:840} INFO - DAG(s) 'example_skip_dag' retrieved from /home/airflow/.local/lib/python3.8/site-packages/airflow/example_dags/example_skip_dag.py
[2026-04-21T07:21:21.077+0000] {logging_mixin.py:188} INFO - [2026-04-21T07:21:21.077+0000] {dag.py:3036} INFO - Sync 1 DAGs
[2026-04-21T07:21:21.091+0000] {logging_mixin.py:188} INFO - [2026-04-21T07:21:21.091+0000] {dag.py:3823} INFO - Setting next_dagrun for example_skip_dag to 2026-04-20 00:00:00+00:00, run_after=2026-04-21 00:00:00+00:00
[2026-04-21T07:21:21.102+0000] {processor.py:183} INFO - Processing /home/airflow/.local/lib/python3.8/site-packages/airflow/example_dags/example_skip_dag.py took 0.056 seconds
[2026-04-21T07:21:51.600+0000] {processor.py:161} INFO - Started process (PID=14948) to work on /home/airflow/.local/lib/python3.8/site-packages/airflow/example_dags/example_skip_dag.py
[2026-04-21T07:21:51.608+0000] {processor.py:830} INFO - Processing file /home/airflow/.local/lib/python3.8/site-packages/airflow/example_dags/example_skip_dag.py for tasks to queue
[2026-04-21T07:21:51.609+0000] {logging_mixin.py:188} INFO - [2026-04-21T07:21:51.609+0000] {dagbag.py:538} INFO - Filling up the DagBag from /home/airflow/.local/lib/python3.8/site-packages/airflow/example_dags/example_skip_dag.py
[2026-04-21T07:21:51.614+0000] {processor.py:840} INFO - DAG(s) 'example_skip_dag' retrieved from /home/airflow/.local/lib/python3.8/site-packages/airflow/example_dags/example_skip_dag.py
[2026-04-21T07:21:51.629+0000] {logging_mixin.py:188} INFO - [2026-04-21T07:21:51.629+0000] {dag.py:3036} INFO - Sync 1 DAGs
[2026-04-21T07:21:51.643+0000] {logging_mixin.py:188} INFO - [2026-04-21T07:21:51.643+0000] {dag.py:3823} INFO - Setting next_dagrun for example_skip_dag to 2026-04-20 00:00:00+00:00, run_after=2026-04-21 00:00:00+00:00
[2026-04-21T07:21:51.654+0000] {processor.py:183} INFO - Processing /home/airflow/.local/lib/python3.8/site-packages/airflow/example_dags/example_skip_dag.py took 0.057 seconds
[2026-04-21T07:22:22.172+0000] {processor.py:161} INFO - Started process (PID=15003) to work on /home/airflow/.local/lib/python3.8/site-packages/airflow/example_dags/example_skip_dag.py
[2026-04-21T07:22:22.181+0000] {processor.py:830} INFO - Processing file /home/airflow/.local/lib/python3.8/site-packages/airflow/example_dags/example_skip_dag.py for tasks to queue
[2026-04-21T07:22:22.182+0000] {logging_mixin.py:188} INFO - [2026-04-21T07:22:22.181+0000] {dagbag.py:538} INFO - Filling up the DagBag from /home/airflow/.local/lib/python3.8/site-packages/airflow/example_dags/example_skip_dag.py
[2026-04-21T07:22:22.186+0000] {processor.py:840} INFO - DAG(s) 'example_skip_dag' retrieved from /home/airflow/.local/lib/python3.8/site-packages/airflow/example_dags/example_skip_dag.py
[2026-04-21T07:22:22.201+0000] {logging_mixin.py:188} INFO - [2026-04-21T07:22:22.201+0000] {dag.py:3036} INFO - Sync 1 DAGs
[2026-04-21T07:22:22.217+0000] {logging_mixin.py:188} INFO - [2026-04-21T07:22:22.216+0000] {dag.py:3823} INFO - Setting next_dagrun for example_skip_dag to 2026-04-20 00:00:00+00:00, run_after=2026-04-21 00:00:00+00:00
[2026-04-21T07:22:22.227+0000] {processor.py:183} INFO - Processing /home/airflow/.local/lib/python3.8/site-packages/airflow/example_dags/example_skip_dag.py took 0.057 seconds
[2026-04-21T07:22:52.847+0000] {processor.py:161} INFO - Started process (PID=15058) to work on /home/airflow/.local/lib/python3.8/site-packages/airflow/example_dags/example_skip_dag.py
[2026-04-21T07:22:52.847+0000] {processor.py:830} INFO - Processing file /home/airflow/.local/lib/python3.8/site-packages/airflow/example_dags/example_skip_dag.py for tasks to queue
[2026-04-21T07:22:52.848+0000] {logging_mixin.py:188} INFO - [2026-04-21T07:22:52.848+0000] {dagbag.py:538} INFO - Filling up the DagBag from /home/airflow/.local/lib/python3.8/site-packages/airflow/example_dags/example_skip_dag.py
[2026-04-21T07:22:52.853+0000] {processor.py:840} INFO - DAG(s) 'example_skip_dag' retrieved from /home/airflow/.local/lib/python3.8/site-packages/airflow/example_dags/example_skip_dag.py
[2026-04-21T07:22:52.867+0000] {logging_mixin.py:188} INFO - [2026-04-21T07:22:52.867+0000] {dag.py:3036} INFO - Sync 1 DAGs
[2026-04-21T07:22:52.882+0000] {logging_mixin.py:188} INFO - [2026-04-21T07:22:52.882+0000] {dag.py:3823} INFO - Setting next_dagrun for example_skip_dag to 2026-04-20 00:00:00+00:00, run_after=2026-04-21 00:00:00+00:00
[2026-04-21T07:22:52.892+0000] {processor.py:183} INFO - Processing /home/airflow/.local/lib/python3.8/site-packages/airflow/example_dags/example_skip_dag.py took 0.048 seconds
[2026-04-21T07:23:23.422+0000] {processor.py:161} INFO - Started process (PID=15113) to work on /home/airflow/.local/lib/python3.8/site-packages/airflow/example_dags/example_skip_dag.py
[2026-04-21T07:23:23.431+0000] {processor.py:830} INFO - Processing file /home/airflow/.local/lib/python3.8/site-packages/airflow/example_dags/example_skip_dag.py for tasks to queue
[2026-04-21T07:23:23.432+0000] {logging_mixin.py:188} INFO - [2026-04-21T07:23:23.431+0000] {dagbag.py:538} INFO - Filling up the DagBag from /home/airflow/.local/lib/python3.8/site-packages/airflow/example_dags/example_skip_dag.py
[2026-04-21T07:23:23.437+0000] {processor.py:840} INFO - DAG(s) 'example_skip_dag' retrieved from /home/airflow/.local/lib/python3.8/site-packages/airflow/example_dags/example_skip_dag.py
[2026-04-21T07:23:23.451+0000] {logging_mixin.py:188} INFO - [2026-04-21T07:23:23.451+0000] {dag.py:3036} INFO - Sync 1 DAGs
[2026-04-21T07:23:23.466+0000] {logging_mixin.py:188} INFO - [2026-04-21T07:23:23.466+0000] {dag.py:3823} INFO - Setting next_dagrun for example_skip_dag to 2026-04-20 00:00:00+00:00, run_after=2026-04-21 00:00:00+00:00
[2026-04-21T07:23:23.476+0000] {processor.py:183} INFO - Processing /home/airflow/.local/lib/python3.8/site-packages/airflow/example_dags/example_skip_dag.py took 0.058 seconds
[2026-04-21T07:23:54.024+0000] {processor.py:161} INFO - Started process (PID=15168) to work on /home/airflow/.local/lib/python3.8/site-packages/airflow/example_dags/example_skip_dag.py
[2026-04-21T07:23:54.033+0000] {processor.py:830} INFO - Processing file /home/airflow/.local/lib/python3.8/site-packages/airflow/example_dags/example_skip_dag.py for tasks to queue
[2026-04-21T07:23:54.033+0000] {logging_mixin.py:188} INFO - [2026-04-21T07:23:54.033+0000] {dagbag.py:538} INFO - Filling up the DagBag from /home/airflow/.local/lib/python3.8/site-packages/airflow/example_dags/example_skip_dag.py
[2026-04-21T07:23:54.038+0000] {processor.py:840} INFO - DAG(s) 'example_skip_dag' retrieved from /home/airflow/.local/lib/python3.8/site-packages/airflow/example_dags/example_skip_dag.py
[2026-04-21T07:23:54.053+0000] {logging_mixin.py:188} INFO - [2026-04-21T07:23:54.052+0000] {dag.py:3036} INFO - Sync 1 DAGs
[2026-04-21T07:23:54.067+0000] {logging_mixin.py:188} INFO - [2026-04-21T07:23:54.067+0000] {dag.py:3823} INFO - Setting next_dagrun for example_skip_dag to 2026-04-20 00:00:00+00:00, run_after=2026-04-21 00:00:00+00:00
[2026-04-21T07:23:54.078+0000] {processor.py:183} INFO - Processing /home/airflow/.local/lib/python3.8/site-packages/airflow/example_dags/example_skip_dag.py took 0.057 seconds
[2026-04-21T07:24:24.588+0000] {processor.py:161} INFO - Started process (PID=15223) to work on /home/airflow/.local/lib/python3.8/site-packages/airflow/example_dags/example_skip_dag.py
[2026-04-21T07:24:24.589+0000] {processor.py:830} INFO - Processing file /home/airflow/.local/lib/python3.8/site-packages/airflow/example_dags/example_skip_dag.py for tasks to queue
[2026-04-21T07:24:24.589+0000] {logging_mixin.py:188} INFO - [2026-04-21T07:24:24.589+0000] {dagbag.py:538} INFO - Filling up the DagBag from /home/airflow/.local/lib/python3.8/site-packages/airflow/example_dags/example_skip_dag.py
[2026-04-21T07:24:24.594+0000] {processor.py:840} INFO - DAG(s) 'example_skip_dag' retrieved from /home/airflow/.local/lib/python3.8/site-packages/airflow/example_dags/example_skip_dag.py
[2026-04-21T07:24:24.609+0000] {logging_mixin.py:188} INFO - [2026-04-21T07:24:24.609+0000] {dag.py:3036} INFO - Sync 1 DAGs
[2026-04-21T07:24:24.623+0000] {logging_mixin.py:188} INFO - [2026-04-21T07:24:24.623+0000] {dag.py:3823} INFO - Setting next_dagrun for example_skip_dag to 2026-04-20 00:00:00+00:00, run_after=2026-04-21 00:00:00+00:00
[2026-04-21T07:24:24.633+0000] {processor.py:183} INFO - Processing /home/airflow/.local/lib/python3.8/site-packages/airflow/example_dags/example_skip_dag.py took 0.049 seconds
[2026-04-21T07:24:55.208+0000] {processor.py:161} INFO - Started process (PID=15278) to work on /home/airflow/.local/lib/python3.8/site-packages/airflow/example_dags/example_skip_dag.py
[2026-04-21T07:24:55.217+0000] {processor.py:830} INFO - Processing file /home/airflow/.local/lib/python3.8/site-packages/airflow/example_dags/example_skip_dag.py for tasks to queue
[2026-04-21T07:24:55.218+0000] {logging_mixin.py:188} INFO - [2026-04-21T07:24:55.218+0000] {dagbag.py:538} INFO - Filling up the DagBag from /home/airflow/.local/lib/python3.8/site-packages/airflow/example_dags/example_skip_dag.py
[2026-04-21T07:24:55.223+0000] {processor.py:840} INFO - DAG(s) 'example_skip_dag' retrieved from /home/airflow/.local/lib/python3.8/site-packages/airflow/example_dags/example_skip_dag.py
[2026-04-21T07:24:55.238+0000] {logging_mixin.py:188} INFO - [2026-04-21T07:24:55.238+0000] {dag.py:3036} INFO - Sync 1 DAGs
[2026-04-21T07:24:55.253+0000] {logging_mixin.py:188} INFO - [2026-04-21T07:24:55.253+0000] {dag.py:3823} INFO - Setting next_dagrun for example_skip_dag to 2026-04-20 00:00:00+00:00, run_after=2026-04-21 00:00:00+00:00
[2026-04-21T07:24:55.263+0000] {processor.py:183} INFO - Processing /home/airflow/.local/lib/python3.8/site-packages/airflow/example_dags/example_skip_dag.py took 0.058 seconds
[2026-04-21T07:25:25.732+0000] {processor.py:161} INFO - Started process (PID=15333) to work on /home/airflow/.local/lib/python3.8/site-packages/airflow/example_dags/example_skip_dag.py
[2026-04-21T07:25:25.741+0000] {processor.py:830} INFO - Processing file /home/airflow/.local/lib/python3.8/site-packages/airflow/example_dags/example_skip_dag.py for tasks to queue
[2026-04-21T07:25:25.742+0000] {logging_mixin.py:188} INFO - [2026-04-21T07:25:25.742+0000] {dagbag.py:538} INFO - Filling up the DagBag from /home/airflow/.local/lib/python3.8/site-packages/airflow/example_dags/example_skip_dag.py
[2026-04-21T07:25:25.747+0000] {processor.py:840} INFO - DAG(s) 'example_skip_dag' retrieved from /home/airflow/.local/lib/python3.8/site-packages/airflow/example_dags/example_skip_dag.py
[2026-04-21T07:25:25.762+0000] {logging_mixin.py:188} INFO - [2026-04-21T07:25:25.762+0000] {dag.py:3036} INFO - Sync 1 DAGs
[2026-04-21T07:25:25.776+0000] {logging_mixin.py:188} INFO - [2026-04-21T07:25:25.776+0000] {dag.py:3823} INFO - Setting next_dagrun for example_skip_dag to 2026-04-20 00:00:00+00:00, run_after=2026-04-21 00:00:00+00:00
[2026-04-21T07:25:25.786+0000] {processor.py:183} INFO - Processing /home/airflow/.local/lib/python3.8/site-packages/airflow/example_dags/example_skip_dag.py took 0.057 seconds
[2026-04-21T07:25:56.274+0000] {processor.py:161} INFO - Started process (PID=15388) to work on /home/airflow/.local/lib/python3.8/site-packages/airflow/example_dags/example_skip_dag.py
[2026-04-21T07:25:56.275+0000] {processor.py:830} INFO - Processing file /home/airflow/.local/lib/python3.8/site-packages/airflow/example_dags/example_skip_dag.py for tasks to queue
[2026-04-21T07:25:56.275+0000] {logging_mixin.py:188} INFO - [2026-04-21T07:25:56.275+0000] {dagbag.py:538} INFO - Filling up the DagBag from /home/airflow/.local/lib/python3.8/site-packages/airflow/example_dags/example_skip_dag.py
[2026-04-21T07:25:56.281+0000] {processor.py:840} INFO - DAG(s) 'example_skip_dag' retrieved from /home/airflow/.local/lib/python3.8/site-packages/airflow/example_dags/example_skip_dag.py
[2026-04-21T07:25:56.295+0000] {logging_mixin.py:188} INFO - [2026-04-21T07:25:56.295+0000] {dag.py:3036} INFO - Sync 1 DAGs
[2026-04-21T07:25:56.309+0000] {logging_mixin.py:188} INFO - [2026-04-21T07:25:56.309+0000] {dag.py:3823} INFO - Setting next_dagrun for example_skip_dag to 2026-04-20 00:00:00+00:00, run_after=2026-04-21 00:00:00+00:00
[2026-04-21T07:25:56.320+0000] {processor.py:183} INFO - Processing /home/airflow/.local/lib/python3.8/site-packages/airflow/example_dags/example_skip_dag.py took 0.049 seconds
[2026-04-21T07:26:26.833+0000] {processor.py:161} INFO - Started process (PID=15443) to work on /home/airflow/.local/lib/python3.8/site-packages/airflow/example_dags/example_skip_dag.py
[2026-04-21T07:26:26.842+0000] {processor.py:830} INFO - Processing file /home/airflow/.local/lib/python3.8/site-packages/airflow/example_dags/example_skip_dag.py for tasks to queue
[2026-04-21T07:26:26.843+0000] {logging_mixin.py:188} INFO - [2026-04-21T07:26:26.843+0000] {dagbag.py:538} INFO - Filling up the DagBag from /home/airflow/.local/lib/python3.8/site-packages/airflow/example_dags/example_skip_dag.py
[2026-04-21T07:26:26.850+0000] {processor.py:840} INFO - DAG(s) 'example_skip_dag' retrieved from /home/airflow/.local/lib/python3.8/site-packages/airflow/example_dags/example_skip_dag.py
[2026-04-21T07:26:26.870+0000] {logging_mixin.py:188} INFO - [2026-04-21T07:26:26.870+0000] {dag.py:3036} INFO - Sync 1 DAGs
[2026-04-21T07:26:26.892+0000] {logging_mixin.py:188} INFO - [2026-04-21T07:26:26.892+0000] {dag.py:3823} INFO - Setting next_dagrun for example_skip_dag to 2026-04-20 00:00:00+00:00, run_after=2026-04-21 00:00:00+00:00
[2026-04-21T07:26:26.908+0000] {processor.py:183} INFO - Processing /home/airflow/.local/lib/python3.8/site-packages/airflow/example_dags/example_skip_dag.py took 0.078 seconds
[2026-04-21T07:26:57.485+0000] {processor.py:161} INFO - Started process (PID=15498) to work on /home/airflow/.local/lib/python3.8/site-packages/airflow/example_dags/example_skip_dag.py
[2026-04-21T07:26:57.493+0000] {processor.py:830} INFO - Processing file /home/airflow/.local/lib/python3.8/site-packages/airflow/example_dags/example_skip_dag.py for tasks to queue
[2026-04-21T07:26:57.495+0000] {logging_mixin.py:188} INFO - [2026-04-21T07:26:57.494+0000] {dagbag.py:538} INFO - Filling up the DagBag from /home/airflow/.local/lib/python3.8/site-packages/airflow/example_dags/example_skip_dag.py
[2026-04-21T07:26:57.499+0000] {processor.py:840} INFO - DAG(s) 'example_skip_dag' retrieved from /home/airflow/.local/lib/python3.8/site-packages/airflow/example_dags/example_skip_dag.py
[2026-04-21T07:26:57.513+0000] {logging_mixin.py:188} INFO - [2026-04-21T07:26:57.513+0000] {dag.py:3036} INFO - Sync 1 DAGs
[2026-04-21T07:26:57.528+0000] {logging_mixin.py:188} INFO - [2026-04-21T07:26:57.527+0000] {dag.py:3823} INFO - Setting next_dagrun for example_skip_dag to 2026-04-20 00:00:00+00:00, run_after=2026-04-21 00:00:00+00:00
[2026-04-21T07:26:57.538+0000] {processor.py:183} INFO - Processing /home/airflow/.local/lib/python3.8/site-packages/airflow/example_dags/example_skip_dag.py took 0.057 seconds
[2026-04-21T07:27:28.119+0000] {processor.py:161} INFO - Started process (PID=15553) to work on /home/airflow/.local/lib/python3.8/site-packages/airflow/example_dags/example_skip_dag.py
[2026-04-21T07:27:28.119+0000] {processor.py:830} INFO - Processing file /home/airflow/.local/lib/python3.8/site-packages/airflow/example_dags/example_skip_dag.py for tasks to queue
[2026-04-21T07:27:28.120+0000] {logging_mixin.py:188} INFO - [2026-04-21T07:27:28.120+0000] {dagbag.py:538} INFO - Filling up the DagBag from /home/airflow/.local/lib/python3.8/site-packages/airflow/example_dags/example_skip_dag.py
[2026-04-21T07:27:28.125+0000] {processor.py:840} INFO - DAG(s) 'example_skip_dag' retrieved from /home/airflow/.local/lib/python3.8/site-packages/airflow/example_dags/example_skip_dag.py
[2026-04-21T07:27:28.140+0000] {logging_mixin.py:188} INFO - [2026-04-21T07:27:28.140+0000] {dag.py:3036} INFO - Sync 1 DAGs
[2026-04-21T07:27:28.155+0000] {logging_mixin.py:188} INFO - [2026-04-21T07:27:28.154+0000] {dag.py:3823} INFO - Setting next_dagrun for example_skip_dag to 2026-04-20 00:00:00+00:00, run_after=2026-04-21 00:00:00+00:00
[2026-04-21T07:27:28.165+0000] {processor.py:183} INFO - Processing /home/airflow/.local/lib/python3.8/site-packages/airflow/example_dags/example_skip_dag.py took 0.049 seconds
[2026-04-21T07:27:58.663+0000] {processor.py:161} INFO - Started process (PID=15608) to work on /home/airflow/.local/lib/python3.8/site-packages/airflow/example_dags/example_skip_dag.py
[2026-04-21T07:27:58.664+0000] {processor.py:830} INFO - Processing file /home/airflow/.local/lib/python3.8/site-packages/airflow/example_dags/example_skip_dag.py for tasks to queue
[2026-04-21T07:27:58.664+0000] {logging_mixin.py:188} INFO - [2026-04-21T07:27:58.664+0000] {dagbag.py:538} INFO - Filling up the DagBag from /home/airflow/.local/lib/python3.8/site-packages/airflow/example_dags/example_skip_dag.py
[2026-04-21T07:27:58.670+0000] {processor.py:840} INFO - DAG(s) 'example_skip_dag' retrieved from /home/airflow/.local/lib/python3.8/site-packages/airflow/example_dags/example_skip_dag.py
[2026-04-21T07:27:58.685+0000] {logging_mixin.py:188} INFO - [2026-04-21T07:27:58.684+0000] {dag.py:3036} INFO - Sync 1 DAGs
[2026-04-21T07:27:58.699+0000] {logging_mixin.py:188} INFO - [2026-04-21T07:27:58.699+0000] {dag.py:3823} INFO - Setting next_dagrun for example_skip_dag to 2026-04-20 00:00:00+00:00, run_after=2026-04-21 00:00:00+00:00
[2026-04-21T07:27:58.709+0000] {processor.py:183} INFO - Processing /home/airflow/.local/lib/python3.8/site-packages/airflow/example_dags/example_skip_dag.py took 0.050 seconds
[2026-04-21T07:28:29.221+0000] {processor.py:161} INFO - Started process (PID=15663) to work on /home/airflow/.local/lib/python3.8/site-packages/airflow/example_dags/example_skip_dag.py
[2026-04-21T07:28:29.222+0000] {processor.py:830} INFO - Processing file /home/airflow/.local/lib/python3.8/site-packages/airflow/example_dags/example_skip_dag.py for tasks to queue
[2026-04-21T07:28:29.223+0000] {logging_mixin.py:188} INFO - [2026-04-21T07:28:29.222+0000] {dagbag.py:538} INFO - Filling up the DagBag from /home/airflow/.local/lib/python3.8/site-packages/airflow/example_dags/example_skip_dag.py
[2026-04-21T07:28:29.228+0000] {processor.py:840} INFO - DAG(s) 'example_skip_dag' retrieved from /home/airflow/.local/lib/python3.8/site-packages/airflow/example_dags/example_skip_dag.py
[2026-04-21T07:28:29.242+0000] {logging_mixin.py:188} INFO - [2026-04-21T07:28:29.242+0000] {dag.py:3036} INFO - Sync 1 DAGs
[2026-04-21T07:28:29.257+0000] {logging_mixin.py:188} INFO - [2026-04-21T07:28:29.256+0000] {dag.py:3823} INFO - Setting next_dagrun for example_skip_dag to 2026-04-20 00:00:00+00:00, run_after=2026-04-21 00:00:00+00:00
[2026-04-21T07:28:29.267+0000] {processor.py:183} INFO - Processing /home/airflow/.local/lib/python3.8/site-packages/airflow/example_dags/example_skip_dag.py took 0.048 seconds
[2026-04-21T07:28:59.827+0000] {processor.py:161} INFO - Started process (PID=15718) to work on /home/airflow/.local/lib/python3.8/site-packages/airflow/example_dags/example_skip_dag.py
[2026-04-21T07:28:59.836+0000] {processor.py:830} INFO - Processing file /home/airflow/.local/lib/python3.8/site-packages/airflow/example_dags/example_skip_dag.py for tasks to queue
[2026-04-21T07:28:59.837+0000] {logging_mixin.py:188} INFO - [2026-04-21T07:28:59.837+0000] {dagbag.py:538} INFO - Filling up the DagBag from /home/airflow/.local/lib/python3.8/site-packages/airflow/example_dags/example_skip_dag.py
[2026-04-21T07:28:59.842+0000] {processor.py:840} INFO - DAG(s) 'example_skip_dag' retrieved from /home/airflow/.local/lib/python3.8/site-packages/airflow/example_dags/example_skip_dag.py
[2026-04-21T07:28:59.856+0000] {logging_mixin.py:188} INFO - [2026-04-21T07:28:59.856+0000] {dag.py:3036} INFO - Sync 1 DAGs
[2026-04-21T07:28:59.870+0000] {logging_mixin.py:188} INFO - [2026-04-21T07:28:59.870+0000] {dag.py:3823} INFO - Setting next_dagrun for example_skip_dag to 2026-04-20 00:00:00+00:00, run_after=2026-04-21 00:00:00+00:00
[2026-04-21T07:28:59.880+0000] {processor.py:183} INFO - Processing /home/airflow/.local/lib/python3.8/site-packages/airflow/example_dags/example_skip_dag.py took 0.056 seconds
[2026-04-21T07:29:30.481+0000] {processor.py:161} INFO - Started process (PID=15773) to work on /home/airflow/.local/lib/python3.8/site-packages/airflow/example_dags/example_skip_dag.py
[2026-04-21T07:29:30.489+0000] {processor.py:830} INFO - Processing file /home/airflow/.local/lib/python3.8/site-packages/airflow/example_dags/example_skip_dag.py for tasks to queue
[2026-04-21T07:29:30.490+0000] {logging_mixin.py:188} INFO - [2026-04-21T07:29:30.490+0000] {dagbag.py:538} INFO - Filling up the DagBag from /home/airflow/.local/lib/python3.8/site-packages/airflow/example_dags/example_skip_dag.py
[2026-04-21T07:29:30.495+0000] {processor.py:840} INFO - DAG(s) 'example_skip_dag' retrieved from /home/airflow/.local/lib/python3.8/site-packages/airflow/example_dags/example_skip_dag.py
[2026-04-21T07:29:30.509+0000] {logging_mixin.py:188} INFO - [2026-04-21T07:29:30.509+0000] {dag.py:3036} INFO - Sync 1 DAGs
[2026-04-21T07:29:30.524+0000] {logging_mixin.py:188} INFO - [2026-04-21T07:29:30.524+0000] {dag.py:3823} INFO - Setting next_dagrun for example_skip_dag to 2026-04-20 00:00:00+00:00, run_after=2026-04-21 00:00:00+00:00
[2026-04-21T07:29:30.535+0000] {processor.py:183} INFO - Processing /home/airflow/.local/lib/python3.8/site-packages/airflow/example_dags/example_skip_dag.py took 0.057 seconds
[2026-04-21T07:30:01.119+0000] {processor.py:161} INFO - Started process (PID=15828) to work on /home/airflow/.local/lib/python3.8/site-packages/airflow/example_dags/example_skip_dag.py
[2026-04-21T07:30:01.128+0000] {processor.py:830} INFO - Processing file /home/airflow/.local/lib/python3.8/site-packages/airflow/example_dags/example_skip_dag.py for tasks to queue
[2026-04-21T07:30:01.129+0000] {logging_mixin.py:188} INFO - [2026-04-21T07:30:01.129+0000] {dagbag.py:538} INFO - Filling up the DagBag from /home/airflow/.local/lib/python3.8/site-packages/airflow/example_dags/example_skip_dag.py
[2026-04-21T07:30:01.134+0000] {processor.py:840} INFO - DAG(s) 'example_skip_dag' retrieved from /home/airflow/.local/lib/python3.8/site-packages/airflow/example_dags/example_skip_dag.py
[2026-04-21T07:30:01.149+0000] {logging_mixin.py:188} INFO - [2026-04-21T07:30:01.149+0000] {dag.py:3036} INFO - Sync 1 DAGs
[2026-04-21T07:30:01.164+0000] {logging_mixin.py:188} INFO - [2026-04-21T07:30:01.164+0000] {dag.py:3823} INFO - Setting next_dagrun for example_skip_dag to 2026-04-20 00:00:00+00:00, run_after=2026-04-21 00:00:00+00:00
[2026-04-21T07:30:01.175+0000] {processor.py:183} INFO - Processing /home/airflow/.local/lib/python3.8/site-packages/airflow/example_dags/example_skip_dag.py took 0.058 seconds
[2026-04-21T07:30:31.794+0000] {processor.py:161} INFO - Started process (PID=15883) to work on /home/airflow/.local/lib/python3.8/site-packages/airflow/example_dags/example_skip_dag.py
[2026-04-21T07:30:31.802+0000] {processor.py:830} INFO - Processing file /home/airflow/.local/lib/python3.8/site-packages/airflow/example_dags/example_skip_dag.py for tasks to queue
[2026-04-21T07:30:31.803+0000] {logging_mixin.py:188} INFO - [2026-04-21T07:30:31.803+0000] {dagbag.py:538} INFO - Filling up the DagBag from /home/airflow/.local/lib/python3.8/site-packages/airflow/example_dags/example_skip_dag.py
[2026-04-21T07:30:31.808+0000] {processor.py:840} INFO - DAG(s) 'example_skip_dag' retrieved from /home/airflow/.local/lib/python3.8/site-packages/airflow/example_dags/example_skip_dag.py
[2026-04-21T07:30:31.823+0000] {logging_mixin.py:188} INFO - [2026-04-21T07:30:31.822+0000] {dag.py:3036} INFO - Sync 1 DAGs
[2026-04-21T07:30:31.836+0000] {logging_mixin.py:188} INFO - [2026-04-21T07:30:31.836+0000] {dag.py:3823} INFO - Setting next_dagrun for example_skip_dag to 2026-04-20 00:00:00+00:00, run_after=2026-04-21 00:00:00+00:00
[2026-04-21T07:30:31.847+0000] {processor.py:183} INFO - Processing /home/airflow/.local/lib/python3.8/site-packages/airflow/example_dags/example_skip_dag.py took 0.056 seconds
[2026-04-21T07:31:02.343+0000] {processor.py:161} INFO - Started process (PID=15938) to work on /home/airflow/.local/lib/python3.8/site-packages/airflow/example_dags/example_skip_dag.py
[2026-04-21T07:31:02.352+0000] {processor.py:830} INFO - Processing file /home/airflow/.local/lib/python3.8/site-packages/airflow/example_dags/example_skip_dag.py for tasks to queue
[2026-04-21T07:31:02.353+0000] {logging_mixin.py:188} INFO - [2026-04-21T07:31:02.352+0000] {dagbag.py:538} INFO - Filling up the DagBag from /home/airflow/.local/lib/python3.8/site-packages/airflow/example_dags/example_skip_dag.py
[2026-04-21T07:31:02.357+0000] {processor.py:840} INFO - DAG(s) 'example_skip_dag' retrieved from /home/airflow/.local/lib/python3.8/site-packages/airflow/example_dags/example_skip_dag.py
[2026-04-21T07:31:02.372+0000] {logging_mixin.py:188} INFO - [2026-04-21T07:31:02.372+0000] {dag.py:3036} INFO - Sync 1 DAGs
[2026-04-21T07:31:02.386+0000] {logging_mixin.py:188} INFO - [2026-04-21T07:31:02.386+0000] {dag.py:3823} INFO - Setting next_dagrun for example_skip_dag to 2026-04-20 00:00:00+00:00, run_after=2026-04-21 00:00:00+00:00
[2026-04-21T07:31:02.396+0000] {processor.py:183} INFO - Processing /home/airflow/.local/lib/python3.8/site-packages/airflow/example_dags/example_skip_dag.py took 0.057 seconds
[2026-04-21T07:31:32.996+0000] {processor.py:161} INFO - Started process (PID=15993) to work on /home/airflow/.local/lib/python3.8/site-packages/airflow/example_dags/example_skip_dag.py
[2026-04-21T07:31:33.005+0000] {processor.py:830} INFO - Processing file /home/airflow/.local/lib/python3.8/site-packages/airflow/example_dags/example_skip_dag.py for tasks to queue
[2026-04-21T07:31:33.006+0000] {logging_mixin.py:188} INFO - [2026-04-21T07:31:33.006+0000] {dagbag.py:538} INFO - Filling up the DagBag from /home/airflow/.local/lib/python3.8/site-packages/airflow/example_dags/example_skip_dag.py
[2026-04-21T07:31:33.011+0000] {processor.py:840} INFO - DAG(s) 'example_skip_dag' retrieved from /home/airflow/.local/lib/python3.8/site-packages/airflow/example_dags/example_skip_dag.py
[2026-04-21T07:31:33.025+0000] {logging_mixin.py:188} INFO - [2026-04-21T07:31:33.025+0000] {dag.py:3036} INFO - Sync 1 DAGs
[2026-04-21T07:31:33.040+0000] {logging_mixin.py:188} INFO - [2026-04-21T07:31:33.040+0000] {dag.py:3823} INFO - Setting next_dagrun for example_skip_dag to 2026-04-20 00:00:00+00:00, run_after=2026-04-21 00:00:00+00:00
[2026-04-21T07:31:33.050+0000] {processor.py:183} INFO - Processing /home/airflow/.local/lib/python3.8/site-packages/airflow/example_dags/example_skip_dag.py took 0.057 seconds
[2026-04-21T07:32:03.649+0000] {processor.py:161} INFO - Started process (PID=16048) to work on /home/airflow/.local/lib/python3.8/site-packages/airflow/example_dags/example_skip_dag.py
[2026-04-21T07:32:03.658+0000] {processor.py:830} INFO - Processing file /home/airflow/.local/lib/python3.8/site-packages/airflow/example_dags/example_skip_dag.py for tasks to queue
[2026-04-21T07:32:03.659+0000] {logging_mixin.py:188} INFO - [2026-04-21T07:32:03.659+0000] {dagbag.py:538} INFO - Filling up the DagBag from /home/airflow/.local/lib/python3.8/site-packages/airflow/example_dags/example_skip_dag.py
[2026-04-21T07:32:03.664+0000] {processor.py:840} INFO - DAG(s) 'example_skip_dag' retrieved from /home/airflow/.local/lib/python3.8/site-packages/airflow/example_dags/example_skip_dag.py
[2026-04-21T07:32:03.678+0000] {logging_mixin.py:188} INFO - [2026-04-21T07:32:03.678+0000] {dag.py:3036} INFO - Sync 1 DAGs
[2026-04-21T07:32:03.693+0000] {logging_mixin.py:188} INFO - [2026-04-21T07:32:03.693+0000] {dag.py:3823} INFO - Setting next_dagrun for example_skip_dag to 2026-04-20 00:00:00+00:00, run_after=2026-04-21 00:00:00+00:00
[2026-04-21T07:32:03.703+0000] {processor.py:183} INFO - Processing /home/airflow/.local/lib/python3.8/site-packages/airflow/example_dags/example_skip_dag.py took 0.057 seconds
[2026-04-21T07:32:34.259+0000] {processor.py:161} INFO - Started process (PID=16103) to work on /home/airflow/.local/lib/python3.8/site-packages/airflow/example_dags/example_skip_dag.py
[2026-04-21T07:32:34.260+0000] {processor.py:830} INFO - Processing file /home/airflow/.local/lib/python3.8/site-packages/airflow/example_dags/example_skip_dag.py for tasks to queue
[2026-04-21T07:32:34.260+0000] {logging_mixin.py:188} INFO - [2026-04-21T07:32:34.260+0000] {dagbag.py:538} INFO - Filling up the DagBag from /home/airflow/.local/lib/python3.8/site-packages/airflow/example_dags/example_skip_dag.py
[2026-04-21T07:32:34.265+0000] {processor.py:840} INFO - DAG(s) 'example_skip_dag' retrieved from /home/airflow/.local/lib/python3.8/site-packages/airflow/example_dags/example_skip_dag.py
[2026-04-21T07:32:34.280+0000] {logging_mixin.py:188} INFO - [2026-04-21T07:32:34.280+0000] {dag.py:3036} INFO - Sync 1 DAGs
[2026-04-21T07:32:34.294+0000] {logging_mixin.py:188} INFO - [2026-04-21T07:32:34.294+0000] {dag.py:3823} INFO - Setting next_dagrun for example_skip_dag to 2026-04-20 00:00:00+00:00, run_after=2026-04-21 00:00:00+00:00
[2026-04-21T07:32:34.304+0000] {processor.py:183} INFO - Processing /home/airflow/.local/lib/python3.8/site-packages/airflow/example_dags/example_skip_dag.py took 0.048 seconds
[2026-04-21T07:33:04.896+0000] {processor.py:161} INFO - Started process (PID=16158) to work on /home/airflow/.local/lib/python3.8/site-packages/airflow/example_dags/example_skip_dag.py
[2026-04-21T07:33:04.905+0000] {processor.py:830} INFO - Processing file /home/airflow/.local/lib/python3.8/site-packages/airflow/example_dags/example_skip_dag.py for tasks to queue
[2026-04-21T07:33:04.906+0000] {logging_mixin.py:188} INFO - [2026-04-21T07:33:04.906+0000] {dagbag.py:538} INFO - Filling up the DagBag from /home/airflow/.local/lib/python3.8/site-packages/airflow/example_dags/example_skip_dag.py
[2026-04-21T07:33:04.911+0000] {processor.py:840} INFO - DAG(s) 'example_skip_dag' retrieved from /home/airflow/.local/lib/python3.8/site-packages/airflow/example_dags/example_skip_dag.py
[2026-04-21T07:33:04.925+0000] {logging_mixin.py:188} INFO - [2026-04-21T07:33:04.925+0000] {dag.py:3036} INFO - Sync 1 DAGs
[2026-04-21T07:33:04.940+0000] {logging_mixin.py:188} INFO - [2026-04-21T07:33:04.940+0000] {dag.py:3823} INFO - Setting next_dagrun for example_skip_dag to 2026-04-20 00:00:00+00:00, run_after=2026-04-21 00:00:00+00:00
[2026-04-21T07:33:04.950+0000] {processor.py:183} INFO - Processing /home/airflow/.local/lib/python3.8/site-packages/airflow/example_dags/example_skip_dag.py took 0.057 seconds
[2026-04-21T07:33:35.546+0000] {processor.py:161} INFO - Started process (PID=16213) to work on /home/airflow/.local/lib/python3.8/site-packages/airflow/example_dags/example_skip_dag.py
[2026-04-21T07:33:35.547+0000] {processor.py:830} INFO - Processing file /home/airflow/.local/lib/python3.8/site-packages/airflow/example_dags/example_skip_dag.py for tasks to queue
[2026-04-21T07:33:35.547+0000] {logging_mixin.py:188} INFO - [2026-04-21T07:33:35.547+0000] {dagbag.py:538} INFO - Filling up the DagBag from /home/airflow/.local/lib/python3.8/site-packages/airflow/example_dags/example_skip_dag.py
[2026-04-21T07:33:35.553+0000] {processor.py:840} INFO - DAG(s) 'example_skip_dag' retrieved from /home/airflow/.local/lib/python3.8/site-packages/airflow/example_dags/example_skip_dag.py
[2026-04-21T07:33:35.567+0000] {logging_mixin.py:188} INFO - [2026-04-21T07:33:35.567+0000] {dag.py:3036} INFO - Sync 1 DAGs
[2026-04-21T07:33:35.581+0000] {logging_mixin.py:188} INFO - [2026-04-21T07:33:35.581+0000] {dag.py:3823} INFO - Setting next_dagrun for example_skip_dag to 2026-04-20 00:00:00+00:00, run_after=2026-04-21 00:00:00+00:00
[2026-04-21T07:33:35.591+0000] {processor.py:183} INFO - Processing /home/airflow/.local/lib/python3.8/site-packages/airflow/example_dags/example_skip_dag.py took 0.048 seconds
[2026-04-21T07:34:06.173+0000] {processor.py:161} INFO - Started process (PID=16268) to work on /home/airflow/.local/lib/python3.8/site-packages/airflow/example_dags/example_skip_dag.py
[2026-04-21T07:34:06.182+0000] {processor.py:830} INFO - Processing file /home/airflow/.local/lib/python3.8/site-packages/airflow/example_dags/example_skip_dag.py for tasks to queue
[2026-04-21T07:34:06.182+0000] {logging_mixin.py:188} INFO - [2026-04-21T07:34:06.182+0000] {dagbag.py:538} INFO - Filling up the DagBag from /home/airflow/.local/lib/python3.8/site-packages/airflow/example_dags/example_skip_dag.py
[2026-04-21T07:34:06.187+0000] {processor.py:840} INFO - DAG(s) 'example_skip_dag' retrieved from /home/airflow/.local/lib/python3.8/site-packages/airflow/example_dags/example_skip_dag.py
[2026-04-21T07:34:06.202+0000] {logging_mixin.py:188} INFO - [2026-04-21T07:34:06.201+0000] {dag.py:3036} INFO - Sync 1 DAGs
[2026-04-21T07:34:06.216+0000] {logging_mixin.py:188} INFO - [2026-04-21T07:34:06.216+0000] {dag.py:3823} INFO - Setting next_dagrun for example_skip_dag to 2026-04-20 00:00:00+00:00, run_after=2026-04-21 00:00:00+00:00
[2026-04-21T07:34:06.227+0000] {processor.py:183} INFO - Processing /home/airflow/.local/lib/python3.8/site-packages/airflow/example_dags/example_skip_dag.py took 0.057 seconds
[2026-04-21T07:34:36.781+0000] {processor.py:161} INFO - Started process (PID=16323) to work on /home/airflow/.local/lib/python3.8/site-packages/airflow/example_dags/example_skip_dag.py
[2026-04-21T07:34:36.790+0000] {processor.py:830} INFO - Processing file /home/airflow/.local/lib/python3.8/site-packages/airflow/example_dags/example_skip_dag.py for tasks to queue
[2026-04-21T07:34:36.791+0000] {logging_mixin.py:188} INFO - [2026-04-21T07:34:36.790+0000] {dagbag.py:538} INFO - Filling up the DagBag from /home/airflow/.local/lib/python3.8/site-packages/airflow/example_dags/example_skip_dag.py
[2026-04-21T07:34:36.795+0000] {processor.py:840} INFO - DAG(s) 'example_skip_dag' retrieved from /home/airflow/.local/lib/python3.8/site-packages/airflow/example_dags/example_skip_dag.py
[2026-04-21T07:34:36.810+0000] {logging_mixin.py:188} INFO - [2026-04-21T07:34:36.810+0000] {dag.py:3036} INFO - Sync 1 DAGs
[2026-04-21T07:34:36.824+0000] {logging_mixin.py:188} INFO - [2026-04-21T07:34:36.824+0000] {dag.py:3823} INFO - Setting next_dagrun for example_skip_dag to 2026-04-20 00:00:00+00:00, run_after=2026-04-21 00:00:00+00:00
[2026-04-21T07:34:36.834+0000] {processor.py:183} INFO - Processing /home/airflow/.local/lib/python3.8/site-packages/airflow/example_dags/example_skip_dag.py took 0.056 seconds
[2026-04-21T07:35:07.398+0000] {processor.py:161} INFO - Started process (PID=16378) to work on /home/airflow/.local/lib/python3.8/site-packages/airflow/example_dags/example_skip_dag.py
[2026-04-21T07:35:07.407+0000] {processor.py:830} INFO - Processing file /home/airflow/.local/lib/python3.8/site-packages/airflow/example_dags/example_skip_dag.py for tasks to queue
[2026-04-21T07:35:07.408+0000] {logging_mixin.py:188} INFO - [2026-04-21T07:35:07.407+0000] {dagbag.py:538} INFO - Filling up the DagBag from /home/airflow/.local/lib/python3.8/site-packages/airflow/example_dags/example_skip_dag.py
[2026-04-21T07:35:07.412+0000] {processor.py:840} INFO - DAG(s) 'example_skip_dag' retrieved from /home/airflow/.local/lib/python3.8/site-packages/airflow/example_dags/example_skip_dag.py
[2026-04-21T07:35:07.427+0000] {logging_mixin.py:188} INFO - [2026-04-21T07:35:07.427+0000] {dag.py:3036} INFO - Sync 1 DAGs
[2026-04-21T07:35:07.441+0000] {logging_mixin.py:188} INFO - [2026-04-21T07:35:07.441+0000] {dag.py:3823} INFO - Setting next_dagrun for example_skip_dag to 2026-04-20 00:00:00+00:00, run_after=2026-04-21 00:00:00+00:00
[2026-04-21T07:35:07.452+0000] {processor.py:183} INFO - Processing /home/airflow/.local/lib/python3.8/site-packages/airflow/example_dags/example_skip_dag.py took 0.056 seconds
[2026-04-21T07:35:38.068+0000] {processor.py:161} INFO - Started process (PID=16433) to work on /home/airflow/.local/lib/python3.8/site-packages/airflow/example_dags/example_skip_dag.py
[2026-04-21T07:35:38.077+0000] {processor.py:830} INFO - Processing file /home/airflow/.local/lib/python3.8/site-packages/airflow/example_dags/example_skip_dag.py for tasks to queue
[2026-04-21T07:35:38.078+0000] {logging_mixin.py:188} INFO - [2026-04-21T07:35:38.078+0000] {dagbag.py:538} INFO - Filling up the DagBag from /home/airflow/.local/lib/python3.8/site-packages/airflow/example_dags/example_skip_dag.py
[2026-04-21T07:35:38.082+0000] {processor.py:840} INFO - DAG(s) 'example_skip_dag' retrieved from /home/airflow/.local/lib/python3.8/site-packages/airflow/example_dags/example_skip_dag.py
[2026-04-21T07:35:38.098+0000] {logging_mixin.py:188} INFO - [2026-04-21T07:35:38.098+0000] {dag.py:3036} INFO - Sync 1 DAGs
[2026-04-21T07:35:38.112+0000] {logging_mixin.py:188} INFO - [2026-04-21T07:35:38.112+0000] {dag.py:3823} INFO - Setting next_dagrun for example_skip_dag to 2026-04-20 00:00:00+00:00, run_after=2026-04-21 00:00:00+00:00
[2026-04-21T07:35:38.122+0000] {processor.py:183} INFO - Processing /home/airflow/.local/lib/python3.8/site-packages/airflow/example_dags/example_skip_dag.py took 0.057 seconds
[2026-04-21T07:36:08.654+0000] {processor.py:161} INFO - Started process (PID=16488) to work on /home/airflow/.local/lib/python3.8/site-packages/airflow/example_dags/example_skip_dag.py
[2026-04-21T07:36:08.662+0000] {processor.py:830} INFO - Processing file /home/airflow/.local/lib/python3.8/site-packages/airflow/example_dags/example_skip_dag.py for tasks to queue
[2026-04-21T07:36:08.664+0000] {logging_mixin.py:188} INFO - [2026-04-21T07:36:08.663+0000] {dagbag.py:538} INFO - Filling up the DagBag from /home/airflow/.local/lib/python3.8/site-packages/airflow/example_dags/example_skip_dag.py
[2026-04-21T07:36:08.669+0000] {processor.py:840} INFO - DAG(s) 'example_skip_dag' retrieved from /home/airflow/.local/lib/python3.8/site-packages/airflow/example_dags/example_skip_dag.py
[2026-04-21T07:36:08.683+0000] {logging_mixin.py:188} INFO - [2026-04-21T07:36:08.683+0000] {dag.py:3036} INFO - Sync 1 DAGs
[2026-04-21T07:36:08.698+0000] {logging_mixin.py:188} INFO - [2026-04-21T07:36:08.698+0000] {dag.py:3823} INFO - Setting next_dagrun for example_skip_dag to 2026-04-20 00:00:00+00:00, run_after=2026-04-21 00:00:00+00:00
[2026-04-21T07:36:08.708+0000] {processor.py:183} INFO - Processing /home/airflow/.local/lib/python3.8/site-packages/airflow/example_dags/example_skip_dag.py took 0.059 seconds
[2026-04-21T07:36:39.278+0000] {processor.py:161} INFO - Started process (PID=16543) to work on /home/airflow/.local/lib/python3.8/site-packages/airflow/example_dags/example_skip_dag.py
[2026-04-21T07:36:39.286+0000] {processor.py:830} INFO - Processing file /home/airflow/.local/lib/python3.8/site-packages/airflow/example_dags/example_skip_dag.py for tasks to queue
[2026-04-21T07:36:39.287+0000] {logging_mixin.py:188} INFO - [2026-04-21T07:36:39.287+0000] {dagbag.py:538} INFO - Filling up the DagBag from /home/airflow/.local/lib/python3.8/site-packages/airflow/example_dags/example_skip_dag.py
[2026-04-21T07:36:39.292+0000] {processor.py:840} INFO - DAG(s) 'example_skip_dag' retrieved from /home/airflow/.local/lib/python3.8/site-packages/airflow/example_dags/example_skip_dag.py
[2026-04-21T07:36:39.306+0000] {logging_mixin.py:188} INFO - [2026-04-21T07:36:39.306+0000] {dag.py:3036} INFO - Sync 1 DAGs
[2026-04-21T07:36:39.321+0000] {logging_mixin.py:188} INFO - [2026-04-21T07:36:39.320+0000] {dag.py:3823} INFO - Setting next_dagrun for example_skip_dag to 2026-04-20 00:00:00+00:00, run_after=2026-04-21 00:00:00+00:00
[2026-04-21T07:36:39.331+0000] {processor.py:183} INFO - Processing /home/airflow/.local/lib/python3.8/site-packages/airflow/example_dags/example_skip_dag.py took 0.057 seconds
[2026-04-21T07:37:09.934+0000] {processor.py:161} INFO - Started process (PID=16598) to work on /home/airflow/.local/lib/python3.8/site-packages/airflow/example_dags/example_skip_dag.py
[2026-04-21T07:37:09.942+0000] {processor.py:830} INFO - Processing file /home/airflow/.local/lib/python3.8/site-packages/airflow/example_dags/example_skip_dag.py for tasks to queue
[2026-04-21T07:37:09.943+0000] {logging_mixin.py:188} INFO - [2026-04-21T07:37:09.943+0000] {dagbag.py:538} INFO - Filling up the DagBag from /home/airflow/.local/lib/python3.8/site-packages/airflow/example_dags/example_skip_dag.py
[2026-04-21T07:37:09.948+0000] {processor.py:840} INFO - DAG(s) 'example_skip_dag' retrieved from /home/airflow/.local/lib/python3.8/site-packages/airflow/example_dags/example_skip_dag.py
[2026-04-21T07:37:09.963+0000] {logging_mixin.py:188} INFO - [2026-04-21T07:37:09.962+0000] {dag.py:3036} INFO - Sync 1 DAGs
[2026-04-21T07:37:09.976+0000] {logging_mixin.py:188} INFO - [2026-04-21T07:37:09.976+0000] {dag.py:3823} INFO - Setting next_dagrun for example_skip_dag to 2026-04-20 00:00:00+00:00, run_after=2026-04-21 00:00:00+00:00
[2026-04-21T07:37:09.986+0000] {processor.py:183} INFO - Processing /home/airflow/.local/lib/python3.8/site-packages/airflow/example_dags/example_skip_dag.py took 0.056 seconds
[2026-04-21T07:37:40.666+0000] {processor.py:161} INFO - Started process (PID=16653) to work on /home/airflow/.local/lib/python3.8/site-packages/airflow/example_dags/example_skip_dag.py
[2026-04-21T07:37:40.667+0000] {processor.py:830} INFO - Processing file /home/airflow/.local/lib/python3.8/site-packages/airflow/example_dags/example_skip_dag.py for tasks to queue
[2026-04-21T07:37:40.668+0000] {logging_mixin.py:188} INFO - [2026-04-21T07:37:40.668+0000] {dagbag.py:538} INFO - Filling up the DagBag from /home/airflow/.local/lib/python3.8/site-packages/airflow/example_dags/example_skip_dag.py
[2026-04-21T07:37:40.673+0000] {processor.py:840} INFO - DAG(s) 'example_skip_dag' retrieved from /home/airflow/.local/lib/python3.8/site-packages/airflow/example_dags/example_skip_dag.py
[2026-04-21T07:37:40.688+0000] {logging_mixin.py:188} INFO - [2026-04-21T07:37:40.687+0000] {dag.py:3036} INFO - Sync 1 DAGs
[2026-04-21T07:37:40.702+0000] {logging_mixin.py:188} INFO - [2026-04-21T07:37:40.701+0000] {dag.py:3823} INFO - Setting next_dagrun for example_skip_dag to 2026-04-20 00:00:00+00:00, run_after=2026-04-21 00:00:00+00:00
[2026-04-21T07:37:40.712+0000] {processor.py:183} INFO - Processing /home/airflow/.local/lib/python3.8/site-packages/airflow/example_dags/example_skip_dag.py took 0.048 seconds
[2026-04-21T07:38:11.710+0000] {processor.py:161} INFO - Started process (PID=16708) to work on /home/airflow/.local/lib/python3.8/site-packages/airflow/example_dags/example_skip_dag.py
[2026-04-21T07:38:11.718+0000] {processor.py:830} INFO - Processing file /home/airflow/.local/lib/python3.8/site-packages/airflow/example_dags/example_skip_dag.py for tasks to queue
[2026-04-21T07:38:11.719+0000] {logging_mixin.py:188} INFO - [2026-04-21T07:38:11.719+0000] {dagbag.py:538} INFO - Filling up the DagBag from /home/airflow/.local/lib/python3.8/site-packages/airflow/example_dags/example_skip_dag.py
[2026-04-21T07:38:11.724+0000] {processor.py:840} INFO - DAG(s) 'example_skip_dag' retrieved from /home/airflow/.local/lib/python3.8/site-packages/airflow/example_dags/example_skip_dag.py
[2026-04-21T07:38:11.739+0000] {logging_mixin.py:188} INFO - [2026-04-21T07:38:11.738+0000] {dag.py:3036} INFO - Sync 1 DAGs
[2026-04-21T07:38:11.754+0000] {logging_mixin.py:188} INFO - [2026-04-21T07:38:11.753+0000] {dag.py:3823} INFO - Setting next_dagrun for example_skip_dag to 2026-04-20 00:00:00+00:00, run_after=2026-04-21 00:00:00+00:00
[2026-04-21T07:38:11.764+0000] {processor.py:183} INFO - Processing /home/airflow/.local/lib/python3.8/site-packages/airflow/example_dags/example_skip_dag.py took 0.057 seconds
[2026-04-21T07:38:41.810+0000] {processor.py:161} INFO - Started process (PID=16763) to work on /home/airflow/.local/lib/python3.8/site-packages/airflow/example_dags/example_skip_dag.py
[2026-04-21T07:38:41.819+0000] {processor.py:830} INFO - Processing file /home/airflow/.local/lib/python3.8/site-packages/airflow/example_dags/example_skip_dag.py for tasks to queue
[2026-04-21T07:38:41.820+0000] {logging_mixin.py:188} INFO - [2026-04-21T07:38:41.820+0000] {dagbag.py:538} INFO - Filling up the DagBag from /home/airflow/.local/lib/python3.8/site-packages/airflow/example_dags/example_skip_dag.py
[2026-04-21T07:38:41.825+0000] {processor.py:840} INFO - DAG(s) 'example_skip_dag' retrieved from /home/airflow/.local/lib/python3.8/site-packages/airflow/example_dags/example_skip_dag.py
[2026-04-21T07:38:41.839+0000] {logging_mixin.py:188} INFO - [2026-04-21T07:38:41.839+0000] {dag.py:3036} INFO - Sync 1 DAGs
[2026-04-21T07:38:41.853+0000] {logging_mixin.py:188} INFO - [2026-04-21T07:38:41.853+0000] {dag.py:3823} INFO - Setting next_dagrun for example_skip_dag to 2026-04-20 00:00:00+00:00, run_after=2026-04-21 00:00:00+00:00
[2026-04-21T07:38:41.864+0000] {processor.py:183} INFO - Processing /home/airflow/.local/lib/python3.8/site-packages/airflow/example_dags/example_skip_dag.py took 0.057 seconds
[2026-04-21T07:39:12.810+0000] {processor.py:161} INFO - Started process (PID=16818) to work on /home/airflow/.local/lib/python3.8/site-packages/airflow/example_dags/example_skip_dag.py
[2026-04-21T07:39:12.819+0000] {processor.py:830} INFO - Processing file /home/airflow/.local/lib/python3.8/site-packages/airflow/example_dags/example_skip_dag.py for tasks to queue
[2026-04-21T07:39:12.820+0000] {logging_mixin.py:188} INFO - [2026-04-21T07:39:12.820+0000] {dagbag.py:538} INFO - Filling up the DagBag from /home/airflow/.local/lib/python3.8/site-packages/airflow/example_dags/example_skip_dag.py
[2026-04-21T07:39:12.825+0000] {processor.py:840} INFO - DAG(s) 'example_skip_dag' retrieved from /home/airflow/.local/lib/python3.8/site-packages/airflow/example_dags/example_skip_dag.py
[2026-04-21T07:39:12.839+0000] {logging_mixin.py:188} INFO - [2026-04-21T07:39:12.839+0000] {dag.py:3036} INFO - Sync 1 DAGs
[2026-04-21T07:39:12.853+0000] {logging_mixin.py:188} INFO - [2026-04-21T07:39:12.852+0000] {dag.py:3823} INFO - Setting next_dagrun for example_skip_dag to 2026-04-20 00:00:00+00:00, run_after=2026-04-21 00:00:00+00:00
[2026-04-21T07:39:12.863+0000] {processor.py:183} INFO - Processing /home/airflow/.local/lib/python3.8/site-packages/airflow/example_dags/example_skip_dag.py took 0.056 seconds
[2026-04-21T07:39:42.995+0000] {processor.py:161} INFO - Started process (PID=16873) to work on /home/airflow/.local/lib/python3.8/site-packages/airflow/example_dags/example_skip_dag.py
[2026-04-21T07:39:43.004+0000] {processor.py:830} INFO - Processing file /home/airflow/.local/lib/python3.8/site-packages/airflow/example_dags/example_skip_dag.py for tasks to queue
[2026-04-21T07:39:43.004+0000] {logging_mixin.py:188} INFO - [2026-04-21T07:39:43.004+0000] {dagbag.py:538} INFO - Filling up the DagBag from /home/airflow/.local/lib/python3.8/site-packages/airflow/example_dags/example_skip_dag.py
[2026-04-21T07:39:43.009+0000] {processor.py:840} INFO - DAG(s) 'example_skip_dag' retrieved from /home/airflow/.local/lib/python3.8/site-packages/airflow/example_dags/example_skip_dag.py
[2026-04-21T07:39:43.023+0000] {logging_mixin.py:188} INFO - [2026-04-21T07:39:43.023+0000] {dag.py:3036} INFO - Sync 1 DAGs
[2026-04-21T07:39:43.037+0000] {logging_mixin.py:188} INFO - [2026-04-21T07:39:43.037+0000] {dag.py:3823} INFO - Setting next_dagrun for example_skip_dag to 2026-04-20 00:00:00+00:00, run_after=2026-04-21 00:00:00+00:00
[2026-04-21T07:39:43.047+0000] {processor.py:183} INFO - Processing /home/airflow/.local/lib/python3.8/site-packages/airflow/example_dags/example_skip_dag.py took 0.056 seconds
[2026-04-21T07:40:13.106+0000] {processor.py:161} INFO - Started process (PID=16928) to work on /home/airflow/.local/lib/python3.8/site-packages/airflow/example_dags/example_skip_dag.py
[2026-04-21T07:40:13.115+0000] {processor.py:830} INFO - Processing file /home/airflow/.local/lib/python3.8/site-packages/airflow/example_dags/example_skip_dag.py for tasks to queue
[2026-04-21T07:40:13.116+0000] {logging_mixin.py:188} INFO - [2026-04-21T07:40:13.116+0000] {dagbag.py:538} INFO - Filling up the DagBag from /home/airflow/.local/lib/python3.8/site-packages/airflow/example_dags/example_skip_dag.py
[2026-04-21T07:40:13.121+0000] {processor.py:840} INFO - DAG(s) 'example_skip_dag' retrieved from /home/airflow/.local/lib/python3.8/site-packages/airflow/example_dags/example_skip_dag.py
[2026-04-21T07:40:13.135+0000] {logging_mixin.py:188} INFO - [2026-04-21T07:40:13.135+0000] {dag.py:3036} INFO - Sync 1 DAGs
[2026-04-21T07:40:13.150+0000] {logging_mixin.py:188} INFO - [2026-04-21T07:40:13.150+0000] {dag.py:3823} INFO - Setting next_dagrun for example_skip_dag to 2026-04-20 00:00:00+00:00, run_after=2026-04-21 00:00:00+00:00
[2026-04-21T07:40:13.161+0000] {processor.py:183} INFO - Processing /home/airflow/.local/lib/python3.8/site-packages/airflow/example_dags/example_skip_dag.py took 0.058 seconds
[2026-04-21T07:40:43.722+0000] {processor.py:161} INFO - Started process (PID=16983) to work on /home/airflow/.local/lib/python3.8/site-packages/airflow/example_dags/example_skip_dag.py
[2026-04-21T07:40:43.731+0000] {processor.py:830} INFO - Processing file /home/airflow/.local/lib/python3.8/site-packages/airflow/example_dags/example_skip_dag.py for tasks to queue
[2026-04-21T07:40:43.731+0000] {logging_mixin.py:188} INFO - [2026-04-21T07:40:43.731+0000] {dagbag.py:538} INFO - Filling up the DagBag from /home/airflow/.local/lib/python3.8/site-packages/airflow/example_dags/example_skip_dag.py
[2026-04-21T07:40:43.736+0000] {processor.py:840} INFO - DAG(s) 'example_skip_dag' retrieved from /home/airflow/.local/lib/python3.8/site-packages/airflow/example_dags/example_skip_dag.py
[2026-04-21T07:40:43.751+0000] {logging_mixin.py:188} INFO - [2026-04-21T07:40:43.750+0000] {dag.py:3036} INFO - Sync 1 DAGs
[2026-04-21T07:40:43.871+0000] {logging_mixin.py:188} INFO - [2026-04-21T07:40:43.871+0000] {dag.py:3823} INFO - Setting next_dagrun for example_skip_dag to 2026-04-20 00:00:00+00:00, run_after=2026-04-21 00:00:00+00:00
[2026-04-21T07:40:43.881+0000] {processor.py:183} INFO - Processing /home/airflow/.local/lib/python3.8/site-packages/airflow/example_dags/example_skip_dag.py took 0.162 seconds
[2026-04-21T07:41:14.052+0000] {processor.py:161} INFO - Started process (PID=17038) to work on /home/airflow/.local/lib/python3.8/site-packages/airflow/example_dags/example_skip_dag.py
[2026-04-21T07:41:14.061+0000] {processor.py:830} INFO - Processing file /home/airflow/.local/lib/python3.8/site-packages/airflow/example_dags/example_skip_dag.py for tasks to queue
[2026-04-21T07:41:14.062+0000] {logging_mixin.py:188} INFO - [2026-04-21T07:41:14.062+0000] {dagbag.py:538} INFO - Filling up the DagBag from /home/airflow/.local/lib/python3.8/site-packages/airflow/example_dags/example_skip_dag.py
[2026-04-21T07:41:14.067+0000] {processor.py:840} INFO - DAG(s) 'example_skip_dag' retrieved from /home/airflow/.local/lib/python3.8/site-packages/airflow/example_dags/example_skip_dag.py
[2026-04-21T07:41:14.082+0000] {logging_mixin.py:188} INFO - [2026-04-21T07:41:14.082+0000] {dag.py:3036} INFO - Sync 1 DAGs
[2026-04-21T07:41:14.096+0000] {logging_mixin.py:188} INFO - [2026-04-21T07:41:14.095+0000] {dag.py:3823} INFO - Setting next_dagrun for example_skip_dag to 2026-04-20 00:00:00+00:00, run_after=2026-04-21 00:00:00+00:00
[2026-04-21T07:41:14.106+0000] {processor.py:183} INFO - Processing /home/airflow/.local/lib/python3.8/site-packages/airflow/example_dags/example_skip_dag.py took 0.057 seconds
[2026-04-21T07:41:44.529+0000] {processor.py:161} INFO - Started process (PID=17093) to work on /home/airflow/.local/lib/python3.8/site-packages/airflow/example_dags/example_skip_dag.py
[2026-04-21T07:41:44.538+0000] {processor.py:830} INFO - Processing file /home/airflow/.local/lib/python3.8/site-packages/airflow/example_dags/example_skip_dag.py for tasks to queue
[2026-04-21T07:41:44.539+0000] {logging_mixin.py:188} INFO - [2026-04-21T07:41:44.539+0000] {dagbag.py:538} INFO - Filling up the DagBag from /home/airflow/.local/lib/python3.8/site-packages/airflow/example_dags/example_skip_dag.py
[2026-04-21T07:41:44.543+0000] {processor.py:840} INFO - DAG(s) 'example_skip_dag' retrieved from /home/airflow/.local/lib/python3.8/site-packages/airflow/example_dags/example_skip_dag.py
[2026-04-21T07:41:44.559+0000] {logging_mixin.py:188} INFO - [2026-04-21T07:41:44.559+0000] {dag.py:3036} INFO - Sync 1 DAGs
[2026-04-21T07:41:44.574+0000] {logging_mixin.py:188} INFO - [2026-04-21T07:41:44.574+0000] {dag.py:3823} INFO - Setting next_dagrun for example_skip_dag to 2026-04-20 00:00:00+00:00, run_after=2026-04-21 00:00:00+00:00
[2026-04-21T07:41:44.586+0000] {processor.py:183} INFO - Processing /home/airflow/.local/lib/python3.8/site-packages/airflow/example_dags/example_skip_dag.py took 0.060 seconds
[2026-04-21T07:42:14.706+0000] {processor.py:161} INFO - Started process (PID=17148) to work on /home/airflow/.local/lib/python3.8/site-packages/airflow/example_dags/example_skip_dag.py
[2026-04-21T07:42:14.707+0000] {processor.py:830} INFO - Processing file /home/airflow/.local/lib/python3.8/site-packages/airflow/example_dags/example_skip_dag.py for tasks to queue
[2026-04-21T07:42:14.707+0000] {logging_mixin.py:188} INFO - [2026-04-21T07:42:14.707+0000] {dagbag.py:538} INFO - Filling up the DagBag from /home/airflow/.local/lib/python3.8/site-packages/airflow/example_dags/example_skip_dag.py
[2026-04-21T07:42:14.712+0000] {processor.py:840} INFO - DAG(s) 'example_skip_dag' retrieved from /home/airflow/.local/lib/python3.8/site-packages/airflow/example_dags/example_skip_dag.py
[2026-04-21T07:42:14.727+0000] {logging_mixin.py:188} INFO - [2026-04-21T07:42:14.727+0000] {dag.py:3036} INFO - Sync 1 DAGs
[2026-04-21T07:42:14.741+0000] {logging_mixin.py:188} INFO - [2026-04-21T07:42:14.741+0000] {dag.py:3823} INFO - Setting next_dagrun for example_skip_dag to 2026-04-20 00:00:00+00:00, run_after=2026-04-21 00:00:00+00:00
[2026-04-21T07:42:14.751+0000] {processor.py:183} INFO - Processing /home/airflow/.local/lib/python3.8/site-packages/airflow/example_dags/example_skip_dag.py took 0.049 seconds
[2026-04-21T07:42:45.536+0000] {processor.py:161} INFO - Started process (PID=17209) to work on /home/airflow/.local/lib/python3.8/site-packages/airflow/example_dags/example_skip_dag.py
[2026-04-21T07:42:45.537+0000] {processor.py:830} INFO - Processing file /home/airflow/.local/lib/python3.8/site-packages/airflow/example_dags/example_skip_dag.py for tasks to queue
[2026-04-21T07:42:45.537+0000] {logging_mixin.py:188} INFO - [2026-04-21T07:42:45.537+0000] {dagbag.py:538} INFO - Filling up the DagBag from /home/airflow/.local/lib/python3.8/site-packages/airflow/example_dags/example_skip_dag.py
[2026-04-21T07:42:45.542+0000] {processor.py:840} INFO - DAG(s) 'example_skip_dag' retrieved from /home/airflow/.local/lib/python3.8/site-packages/airflow/example_dags/example_skip_dag.py
[2026-04-21T07:42:45.673+0000] {logging_mixin.py:188} INFO - [2026-04-21T07:42:45.673+0000] {dag.py:3036} INFO - Sync 1 DAGs
[2026-04-21T07:42:45.687+0000] {logging_mixin.py:188} INFO - [2026-04-21T07:42:45.687+0000] {dag.py:3823} INFO - Setting next_dagrun for example_skip_dag to 2026-04-20 00:00:00+00:00, run_after=2026-04-21 00:00:00+00:00
[2026-04-21T07:42:45.707+0000] {processor.py:183} INFO - Processing /home/airflow/.local/lib/python3.8/site-packages/airflow/example_dags/example_skip_dag.py took 0.173 seconds
[2026-04-21T07:43:15.994+0000] {processor.py:161} INFO - Started process (PID=17264) to work on /home/airflow/.local/lib/python3.8/site-packages/airflow/example_dags/example_skip_dag.py
[2026-04-21T07:43:16.003+0000] {processor.py:830} INFO - Processing file /home/airflow/.local/lib/python3.8/site-packages/airflow/example_dags/example_skip_dag.py for tasks to queue
[2026-04-21T07:43:16.004+0000] {logging_mixin.py:188} INFO - [2026-04-21T07:43:16.004+0000] {dagbag.py:538} INFO - Filling up the DagBag from /home/airflow/.local/lib/python3.8/site-packages/airflow/example_dags/example_skip_dag.py
[2026-04-21T07:43:16.009+0000] {processor.py:840} INFO - DAG(s) 'example_skip_dag' retrieved from /home/airflow/.local/lib/python3.8/site-packages/airflow/example_dags/example_skip_dag.py
[2026-04-21T07:43:16.024+0000] {logging_mixin.py:188} INFO - [2026-04-21T07:43:16.023+0000] {dag.py:3036} INFO - Sync 1 DAGs
[2026-04-21T07:43:16.038+0000] {logging_mixin.py:188} INFO - [2026-04-21T07:43:16.038+0000] {dag.py:3823} INFO - Setting next_dagrun for example_skip_dag to 2026-04-20 00:00:00+00:00, run_after=2026-04-21 00:00:00+00:00
[2026-04-21T07:43:16.049+0000] {processor.py:183} INFO - Processing /home/airflow/.local/lib/python3.8/site-packages/airflow/example_dags/example_skip_dag.py took 0.057 seconds
[2026-04-21T07:43:46.617+0000] {processor.py:161} INFO - Started process (PID=17319) to work on /home/airflow/.local/lib/python3.8/site-packages/airflow/example_dags/example_skip_dag.py
[2026-04-21T07:43:46.618+0000] {processor.py:830} INFO - Processing file /home/airflow/.local/lib/python3.8/site-packages/airflow/example_dags/example_skip_dag.py for tasks to queue
[2026-04-21T07:43:46.619+0000] {logging_mixin.py:188} INFO - [2026-04-21T07:43:46.619+0000] {dagbag.py:538} INFO - Filling up the DagBag from /home/airflow/.local/lib/python3.8/site-packages/airflow/example_dags/example_skip_dag.py
[2026-04-21T07:43:46.624+0000] {processor.py:840} INFO - DAG(s) 'example_skip_dag' retrieved from /home/airflow/.local/lib/python3.8/site-packages/airflow/example_dags/example_skip_dag.py
[2026-04-21T07:43:46.638+0000] {logging_mixin.py:188} INFO - [2026-04-21T07:43:46.638+0000] {dag.py:3036} INFO - Sync 1 DAGs
[2026-04-21T07:43:46.654+0000] {logging_mixin.py:188} INFO - [2026-04-21T07:43:46.654+0000] {dag.py:3823} INFO - Setting next_dagrun for example_skip_dag to 2026-04-20 00:00:00+00:00, run_after=2026-04-21 00:00:00+00:00
[2026-04-21T07:43:46.665+0000] {processor.py:183} INFO - Processing /home/airflow/.local/lib/python3.8/site-packages/airflow/example_dags/example_skip_dag.py took 0.051 seconds
[2026-04-21T07:44:17.330+0000] {processor.py:161} INFO - Started process (PID=17374) to work on /home/airflow/.local/lib/python3.8/site-packages/airflow/example_dags/example_skip_dag.py
[2026-04-21T07:44:17.339+0000] {processor.py:830} INFO - Processing file /home/airflow/.local/lib/python3.8/site-packages/airflow/example_dags/example_skip_dag.py for tasks to queue
[2026-04-21T07:44:17.339+0000] {logging_mixin.py:188} INFO - [2026-04-21T07:44:17.339+0000] {dagbag.py:538} INFO - Filling up the DagBag from /home/airflow/.local/lib/python3.8/site-packages/airflow/example_dags/example_skip_dag.py
[2026-04-21T07:44:17.344+0000] {processor.py:840} INFO - DAG(s) 'example_skip_dag' retrieved from /home/airflow/.local/lib/python3.8/site-packages/airflow/example_dags/example_skip_dag.py
[2026-04-21T07:44:17.359+0000] {logging_mixin.py:188} INFO - [2026-04-21T07:44:17.358+0000] {dag.py:3036} INFO - Sync 1 DAGs
[2026-04-21T07:44:17.373+0000] {logging_mixin.py:188} INFO - [2026-04-21T07:44:17.373+0000] {dag.py:3823} INFO - Setting next_dagrun for example_skip_dag to 2026-04-20 00:00:00+00:00, run_after=2026-04-21 00:00:00+00:00
[2026-04-21T07:44:17.383+0000] {processor.py:183} INFO - Processing /home/airflow/.local/lib/python3.8/site-packages/airflow/example_dags/example_skip_dag.py took 0.055 seconds
[2026-04-21T07:44:48.099+0000] {processor.py:161} INFO - Started process (PID=17429) to work on /home/airflow/.local/lib/python3.8/site-packages/airflow/example_dags/example_skip_dag.py
[2026-04-21T07:44:48.108+0000] {processor.py:830} INFO - Processing file /home/airflow/.local/lib/python3.8/site-packages/airflow/example_dags/example_skip_dag.py for tasks to queue
[2026-04-21T07:44:48.109+0000] {logging_mixin.py:188} INFO - [2026-04-21T07:44:48.109+0000] {dagbag.py:538} INFO - Filling up the DagBag from /home/airflow/.local/lib/python3.8/site-packages/airflow/example_dags/example_skip_dag.py
[2026-04-21T07:44:48.115+0000] {processor.py:840} INFO - DAG(s) 'example_skip_dag' retrieved from /home/airflow/.local/lib/python3.8/site-packages/airflow/example_dags/example_skip_dag.py
[2026-04-21T07:44:48.133+0000] {logging_mixin.py:188} INFO - [2026-04-21T07:44:48.133+0000] {dag.py:3036} INFO - Sync 1 DAGs
[2026-04-21T07:44:48.153+0000] {logging_mixin.py:188} INFO - [2026-04-21T07:44:48.152+0000] {dag.py:3823} INFO - Setting next_dagrun for example_skip_dag to 2026-04-20 00:00:00+00:00, run_after=2026-04-21 00:00:00+00:00
[2026-04-21T07:44:48.167+0000] {processor.py:183} INFO - Processing /home/airflow/.local/lib/python3.8/site-packages/airflow/example_dags/example_skip_dag.py took 0.071 seconds
[2026-04-21T07:45:18.780+0000] {processor.py:161} INFO - Started process (PID=17484) to work on /home/airflow/.local/lib/python3.8/site-packages/airflow/example_dags/example_skip_dag.py
[2026-04-21T07:45:18.789+0000] {processor.py:830} INFO - Processing file /home/airflow/.local/lib/python3.8/site-packages/airflow/example_dags/example_skip_dag.py for tasks to queue
[2026-04-21T07:45:18.790+0000] {logging_mixin.py:188} INFO - [2026-04-21T07:45:18.790+0000] {dagbag.py:538} INFO - Filling up the DagBag from /home/airflow/.local/lib/python3.8/site-packages/airflow/example_dags/example_skip_dag.py
[2026-04-21T07:45:18.795+0000] {processor.py:840} INFO - DAG(s) 'example_skip_dag' retrieved from /home/airflow/.local/lib/python3.8/site-packages/airflow/example_dags/example_skip_dag.py
[2026-04-21T07:45:18.811+0000] {logging_mixin.py:188} INFO - [2026-04-21T07:45:18.811+0000] {dag.py:3036} INFO - Sync 1 DAGs
[2026-04-21T07:45:18.828+0000] {logging_mixin.py:188} INFO - [2026-04-21T07:45:18.827+0000] {dag.py:3823} INFO - Setting next_dagrun for example_skip_dag to 2026-04-20 00:00:00+00:00, run_after=2026-04-21 00:00:00+00:00
[2026-04-21T07:45:18.839+0000] {processor.py:183} INFO - Processing /home/airflow/.local/lib/python3.8/site-packages/airflow/example_dags/example_skip_dag.py took 0.062 seconds
[2026-04-21T07:45:49.082+0000] {processor.py:161} INFO - Started process (PID=17539) to work on /home/airflow/.local/lib/python3.8/site-packages/airflow/example_dags/example_skip_dag.py
[2026-04-21T07:45:49.091+0000] {processor.py:830} INFO - Processing file /home/airflow/.local/lib/python3.8/site-packages/airflow/example_dags/example_skip_dag.py for tasks to queue
[2026-04-21T07:45:49.091+0000] {logging_mixin.py:188} INFO - [2026-04-21T07:45:49.091+0000] {dagbag.py:538} INFO - Filling up the DagBag from /home/airflow/.local/lib/python3.8/site-packages/airflow/example_dags/example_skip_dag.py
[2026-04-21T07:45:49.096+0000] {processor.py:840} INFO - DAG(s) 'example_skip_dag' retrieved from /home/airflow/.local/lib/python3.8/site-packages/airflow/example_dags/example_skip_dag.py
[2026-04-21T07:45:49.111+0000] {logging_mixin.py:188} INFO - [2026-04-21T07:45:49.111+0000] {dag.py:3036} INFO - Sync 1 DAGs
[2026-04-21T07:45:49.125+0000] {logging_mixin.py:188} INFO - [2026-04-21T07:45:49.125+0000] {dag.py:3823} INFO - Setting next_dagrun for example_skip_dag to 2026-04-20 00:00:00+00:00, run_after=2026-04-21 00:00:00+00:00
[2026-04-21T07:45:49.136+0000] {processor.py:183} INFO - Processing /home/airflow/.local/lib/python3.8/site-packages/airflow/example_dags/example_skip_dag.py took 0.057 seconds
[2026-04-21T07:46:19.826+0000] {processor.py:161} INFO - Started process (PID=17594) to work on /home/airflow/.local/lib/python3.8/site-packages/airflow/example_dags/example_skip_dag.py
[2026-04-21T07:46:19.827+0000] {processor.py:830} INFO - Processing file /home/airflow/.local/lib/python3.8/site-packages/airflow/example_dags/example_skip_dag.py for tasks to queue
[2026-04-21T07:46:19.827+0000] {logging_mixin.py:188} INFO - [2026-04-21T07:46:19.827+0000] {dagbag.py:538} INFO - Filling up the DagBag from /home/airflow/.local/lib/python3.8/site-packages/airflow/example_dags/example_skip_dag.py
[2026-04-21T07:46:19.833+0000] {processor.py:840} INFO - DAG(s) 'example_skip_dag' retrieved from /home/airflow/.local/lib/python3.8/site-packages/airflow/example_dags/example_skip_dag.py
[2026-04-21T07:46:19.847+0000] {logging_mixin.py:188} INFO - [2026-04-21T07:46:19.847+0000] {dag.py:3036} INFO - Sync 1 DAGs
[2026-04-21T07:46:19.861+0000] {logging_mixin.py:188} INFO - [2026-04-21T07:46:19.861+0000] {dag.py:3823} INFO - Setting next_dagrun for example_skip_dag to 2026-04-20 00:00:00+00:00, run_after=2026-04-21 00:00:00+00:00
[2026-04-21T07:46:19.871+0000] {processor.py:183} INFO - Processing /home/airflow/.local/lib/python3.8/site-packages/airflow/example_dags/example_skip_dag.py took 0.047 seconds
[2026-04-21T07:46:50.644+0000] {processor.py:161} INFO - Started process (PID=17649) to work on /home/airflow/.local/lib/python3.8/site-packages/airflow/example_dags/example_skip_dag.py
[2026-04-21T07:46:50.653+0000] {processor.py:830} INFO - Processing file /home/airflow/.local/lib/python3.8/site-packages/airflow/example_dags/example_skip_dag.py for tasks to queue
[2026-04-21T07:46:50.654+0000] {logging_mixin.py:188} INFO - [2026-04-21T07:46:50.654+0000] {dagbag.py:538} INFO - Filling up the DagBag from /home/airflow/.local/lib/python3.8/site-packages/airflow/example_dags/example_skip_dag.py
[2026-04-21T07:46:50.660+0000] {processor.py:840} INFO - DAG(s) 'example_skip_dag' retrieved from /home/airflow/.local/lib/python3.8/site-packages/airflow/example_dags/example_skip_dag.py
[2026-04-21T07:46:50.681+0000] {logging_mixin.py:188} INFO - [2026-04-21T07:46:50.680+0000] {dag.py:3036} INFO - Sync 1 DAGs
[2026-04-21T07:46:50.701+0000] {logging_mixin.py:188} INFO - [2026-04-21T07:46:50.701+0000] {dag.py:3823} INFO - Setting next_dagrun for example_skip_dag to 2026-04-20 00:00:00+00:00, run_after=2026-04-21 00:00:00+00:00
[2026-04-21T07:46:50.717+0000] {processor.py:183} INFO - Processing /home/airflow/.local/lib/python3.8/site-packages/airflow/example_dags/example_skip_dag.py took 0.077 seconds
[2026-04-21T07:47:20.859+0000] {processor.py:161} INFO - Started process (PID=17704) to work on /home/airflow/.local/lib/python3.8/site-packages/airflow/example_dags/example_skip_dag.py
[2026-04-21T07:47:20.868+0000] {processor.py:830} INFO - Processing file /home/airflow/.local/lib/python3.8/site-packages/airflow/example_dags/example_skip_dag.py for tasks to queue
[2026-04-21T07:47:20.869+0000] {logging_mixin.py:188} INFO - [2026-04-21T07:47:20.868+0000] {dagbag.py:538} INFO - Filling up the DagBag from /home/airflow/.local/lib/python3.8/site-packages/airflow/example_dags/example_skip_dag.py
[2026-04-21T07:47:20.875+0000] {processor.py:840} INFO - DAG(s) 'example_skip_dag' retrieved from /home/airflow/.local/lib/python3.8/site-packages/airflow/example_dags/example_skip_dag.py
[2026-04-21T07:47:20.892+0000] {logging_mixin.py:188} INFO - [2026-04-21T07:47:20.892+0000] {dag.py:3036} INFO - Sync 1 DAGs
[2026-04-21T07:47:20.911+0000] {logging_mixin.py:188} INFO - [2026-04-21T07:47:20.911+0000] {dag.py:3823} INFO - Setting next_dagrun for example_skip_dag to 2026-04-20 00:00:00+00:00, run_after=2026-04-21 00:00:00+00:00
[2026-04-21T07:47:20.923+0000] {processor.py:183} INFO - Processing /home/airflow/.local/lib/python3.8/site-packages/airflow/example_dags/example_skip_dag.py took 0.067 seconds
[2026-04-21T07:47:51.737+0000] {processor.py:161} INFO - Started process (PID=17759) to work on /home/airflow/.local/lib/python3.8/site-packages/airflow/example_dags/example_skip_dag.py
[2026-04-21T07:47:51.746+0000] {processor.py:830} INFO - Processing file /home/airflow/.local/lib/python3.8/site-packages/airflow/example_dags/example_skip_dag.py for tasks to queue
[2026-04-21T07:47:51.747+0000] {logging_mixin.py:188} INFO - [2026-04-21T07:47:51.747+0000] {dagbag.py:538} INFO - Filling up the DagBag from /home/airflow/.local/lib/python3.8/site-packages/airflow/example_dags/example_skip_dag.py
[2026-04-21T07:47:51.753+0000] {processor.py:840} INFO - DAG(s) 'example_skip_dag' retrieved from /home/airflow/.local/lib/python3.8/site-packages/airflow/example_dags/example_skip_dag.py
[2026-04-21T07:47:51.773+0000] {logging_mixin.py:188} INFO - [2026-04-21T07:47:51.773+0000] {dag.py:3036} INFO - Sync 1 DAGs
[2026-04-21T07:47:51.792+0000] {logging_mixin.py:188} INFO - [2026-04-21T07:47:51.792+0000] {dag.py:3823} INFO - Setting next_dagrun for example_skip_dag to 2026-04-20 00:00:00+00:00, run_after=2026-04-21 00:00:00+00:00
[2026-04-21T07:47:51.807+0000] {processor.py:183} INFO - Processing /home/airflow/.local/lib/python3.8/site-packages/airflow/example_dags/example_skip_dag.py took 0.072 seconds
[2026-04-21T07:48:21.846+0000] {processor.py:161} INFO - Started process (PID=17814) to work on /home/airflow/.local/lib/python3.8/site-packages/airflow/example_dags/example_skip_dag.py
[2026-04-21T07:48:21.854+0000] {processor.py:830} INFO - Processing file /home/airflow/.local/lib/python3.8/site-packages/airflow/example_dags/example_skip_dag.py for tasks to queue
[2026-04-21T07:48:21.855+0000] {logging_mixin.py:188} INFO - [2026-04-21T07:48:21.855+0000] {dagbag.py:538} INFO - Filling up the DagBag from /home/airflow/.local/lib/python3.8/site-packages/airflow/example_dags/example_skip_dag.py
[2026-04-21T07:48:21.860+0000] {processor.py:840} INFO - DAG(s) 'example_skip_dag' retrieved from /home/airflow/.local/lib/python3.8/site-packages/airflow/example_dags/example_skip_dag.py
[2026-04-21T07:48:21.874+0000] {logging_mixin.py:188} INFO - [2026-04-21T07:48:21.874+0000] {dag.py:3036} INFO - Sync 1 DAGs
[2026-04-21T07:48:21.888+0000] {logging_mixin.py:188} INFO - [2026-04-21T07:48:21.888+0000] {dag.py:3823} INFO - Setting next_dagrun for example_skip_dag to 2026-04-20 00:00:00+00:00, run_after=2026-04-21 00:00:00+00:00
[2026-04-21T07:48:21.898+0000] {processor.py:183} INFO - Processing /home/airflow/.local/lib/python3.8/site-packages/airflow/example_dags/example_skip_dag.py took 0.055 seconds
[2026-04-21T07:48:52.637+0000] {processor.py:161} INFO - Started process (PID=17869) to work on /home/airflow/.local/lib/python3.8/site-packages/airflow/example_dags/example_skip_dag.py
[2026-04-21T07:48:52.637+0000] {processor.py:830} INFO - Processing file /home/airflow/.local/lib/python3.8/site-packages/airflow/example_dags/example_skip_dag.py for tasks to queue
[2026-04-21T07:48:52.638+0000] {logging_mixin.py:188} INFO - [2026-04-21T07:48:52.638+0000] {dagbag.py:538} INFO - Filling up the DagBag from /home/airflow/.local/lib/python3.8/site-packages/airflow/example_dags/example_skip_dag.py
[2026-04-21T07:48:52.644+0000] {processor.py:840} INFO - DAG(s) 'example_skip_dag' retrieved from /home/airflow/.local/lib/python3.8/site-packages/airflow/example_dags/example_skip_dag.py
[2026-04-21T07:48:52.660+0000] {logging_mixin.py:188} INFO - [2026-04-21T07:48:52.660+0000] {dag.py:3036} INFO - Sync 1 DAGs
[2026-04-21T07:48:52.677+0000] {logging_mixin.py:188} INFO - [2026-04-21T07:48:52.677+0000] {dag.py:3823} INFO - Setting next_dagrun for example_skip_dag to 2026-04-20 00:00:00+00:00, run_after=2026-04-21 00:00:00+00:00
[2026-04-21T07:48:52.689+0000] {processor.py:183} INFO - Processing /home/airflow/.local/lib/python3.8/site-packages/airflow/example_dags/example_skip_dag.py took 0.055 seconds
[2026-04-21T07:49:23.424+0000] {processor.py:161} INFO - Started process (PID=17924) to work on /home/airflow/.local/lib/python3.8/site-packages/airflow/example_dags/example_skip_dag.py
[2026-04-21T07:49:23.433+0000] {processor.py:830} INFO - Processing file /home/airflow/.local/lib/python3.8/site-packages/airflow/example_dags/example_skip_dag.py for tasks to queue
[2026-04-21T07:49:23.433+0000] {logging_mixin.py:188} INFO - [2026-04-21T07:49:23.433+0000] {dagbag.py:538} INFO - Filling up the DagBag from /home/airflow/.local/lib/python3.8/site-packages/airflow/example_dags/example_skip_dag.py
[2026-04-21T07:49:23.438+0000] {processor.py:840} INFO - DAG(s) 'example_skip_dag' retrieved from /home/airflow/.local/lib/python3.8/site-packages/airflow/example_dags/example_skip_dag.py
[2026-04-21T07:49:23.453+0000] {logging_mixin.py:188} INFO - [2026-04-21T07:49:23.453+0000] {dag.py:3036} INFO - Sync 1 DAGs
[2026-04-21T07:49:23.468+0000] {logging_mixin.py:188} INFO - [2026-04-21T07:49:23.468+0000] {dag.py:3823} INFO - Setting next_dagrun for example_skip_dag to 2026-04-20 00:00:00+00:00, run_after=2026-04-21 00:00:00+00:00
[2026-04-21T07:49:23.478+0000] {processor.py:183} INFO - Processing /home/airflow/.local/lib/python3.8/site-packages/airflow/example_dags/example_skip_dag.py took 0.058 seconds
[2026-04-21T07:49:54.155+0000] {processor.py:161} INFO - Started process (PID=17979) to work on /home/airflow/.local/lib/python3.8/site-packages/airflow/example_dags/example_skip_dag.py
[2026-04-21T07:49:54.164+0000] {processor.py:830} INFO - Processing file /home/airflow/.local/lib/python3.8/site-packages/airflow/example_dags/example_skip_dag.py for tasks to queue
[2026-04-21T07:49:54.165+0000] {logging_mixin.py:188} INFO - [2026-04-21T07:49:54.164+0000] {dagbag.py:538} INFO - Filling up the DagBag from /home/airflow/.local/lib/python3.8/site-packages/airflow/example_dags/example_skip_dag.py
[2026-04-21T07:49:54.170+0000] {processor.py:840} INFO - DAG(s) 'example_skip_dag' retrieved from /home/airflow/.local/lib/python3.8/site-packages/airflow/example_dags/example_skip_dag.py
[2026-04-21T07:49:54.188+0000] {logging_mixin.py:188} INFO - [2026-04-21T07:49:54.187+0000] {dag.py:3036} INFO - Sync 1 DAGs
[2026-04-21T07:49:54.206+0000] {logging_mixin.py:188} INFO - [2026-04-21T07:49:54.206+0000] {dag.py:3823} INFO - Setting next_dagrun for example_skip_dag to 2026-04-20 00:00:00+00:00, run_after=2026-04-21 00:00:00+00:00
[2026-04-21T07:49:54.219+0000] {processor.py:183} INFO - Processing /home/airflow/.local/lib/python3.8/site-packages/airflow/example_dags/example_skip_dag.py took 0.068 seconds
[2026-04-21T07:50:24.822+0000] {processor.py:161} INFO - Started process (PID=18034) to work on /home/airflow/.local/lib/python3.8/site-packages/airflow/example_dags/example_skip_dag.py
[2026-04-21T07:50:24.823+0000] {processor.py:830} INFO - Processing file /home/airflow/.local/lib/python3.8/site-packages/airflow/example_dags/example_skip_dag.py for tasks to queue
[2026-04-21T07:50:24.824+0000] {logging_mixin.py:188} INFO - [2026-04-21T07:50:24.823+0000] {dagbag.py:538} INFO - Filling up the DagBag from /home/airflow/.local/lib/python3.8/site-packages/airflow/example_dags/example_skip_dag.py
[2026-04-21T07:50:24.829+0000] {processor.py:840} INFO - DAG(s) 'example_skip_dag' retrieved from /home/airflow/.local/lib/python3.8/site-packages/airflow/example_dags/example_skip_dag.py
[2026-04-21T07:50:24.845+0000] {logging_mixin.py:188} INFO - [2026-04-21T07:50:24.845+0000] {dag.py:3036} INFO - Sync 1 DAGs
[2026-04-21T07:50:24.861+0000] {logging_mixin.py:188} INFO - [2026-04-21T07:50:24.861+0000] {dag.py:3823} INFO - Setting next_dagrun for example_skip_dag to 2026-04-20 00:00:00+00:00, run_after=2026-04-21 00:00:00+00:00
[2026-04-21T07:50:24.874+0000] {processor.py:183} INFO - Processing /home/airflow/.local/lib/python3.8/site-packages/airflow/example_dags/example_skip_dag.py took 0.055 seconds
[2026-04-21T07:50:55.708+0000] {processor.py:161} INFO - Started process (PID=18089) to work on /home/airflow/.local/lib/python3.8/site-packages/airflow/example_dags/example_skip_dag.py
[2026-04-21T07:50:55.717+0000] {processor.py:830} INFO - Processing file /home/airflow/.local/lib/python3.8/site-packages/airflow/example_dags/example_skip_dag.py for tasks to queue
[2026-04-21T07:50:55.718+0000] {logging_mixin.py:188} INFO - [2026-04-21T07:50:55.718+0000] {dagbag.py:538} INFO - Filling up the DagBag from /home/airflow/.local/lib/python3.8/site-packages/airflow/example_dags/example_skip_dag.py
[2026-04-21T07:50:55.723+0000] {processor.py:840} INFO - DAG(s) 'example_skip_dag' retrieved from /home/airflow/.local/lib/python3.8/site-packages/airflow/example_dags/example_skip_dag.py
[2026-04-21T07:50:55.737+0000] {logging_mixin.py:188} INFO - [2026-04-21T07:50:55.737+0000] {dag.py:3036} INFO - Sync 1 DAGs
[2026-04-21T07:50:55.752+0000] {logging_mixin.py:188} INFO - [2026-04-21T07:50:55.751+0000] {dag.py:3823} INFO - Setting next_dagrun for example_skip_dag to 2026-04-20 00:00:00+00:00, run_after=2026-04-21 00:00:00+00:00
[2026-04-21T07:50:55.762+0000] {processor.py:183} INFO - Processing /home/airflow/.local/lib/python3.8/site-packages/airflow/example_dags/example_skip_dag.py took 0.057 seconds
[2026-04-21T07:51:26.532+0000] {processor.py:161} INFO - Started process (PID=18144) to work on /home/airflow/.local/lib/python3.8/site-packages/airflow/example_dags/example_skip_dag.py
[2026-04-21T07:51:26.541+0000] {processor.py:830} INFO - Processing file /home/airflow/.local/lib/python3.8/site-packages/airflow/example_dags/example_skip_dag.py for tasks to queue
[2026-04-21T07:51:26.541+0000] {logging_mixin.py:188} INFO - [2026-04-21T07:51:26.541+0000] {dagbag.py:538} INFO - Filling up the DagBag from /home/airflow/.local/lib/python3.8/site-packages/airflow/example_dags/example_skip_dag.py
[2026-04-21T07:51:26.546+0000] {processor.py:840} INFO - DAG(s) 'example_skip_dag' retrieved from /home/airflow/.local/lib/python3.8/site-packages/airflow/example_dags/example_skip_dag.py
[2026-04-21T07:51:26.561+0000] {logging_mixin.py:188} INFO - [2026-04-21T07:51:26.560+0000] {dag.py:3036} INFO - Sync 1 DAGs
[2026-04-21T07:51:26.576+0000] {logging_mixin.py:188} INFO - [2026-04-21T07:51:26.575+0000] {dag.py:3823} INFO - Setting next_dagrun for example_skip_dag to 2026-04-20 00:00:00+00:00, run_after=2026-04-21 00:00:00+00:00
[2026-04-21T07:51:26.587+0000] {processor.py:183} INFO - Processing /home/airflow/.local/lib/python3.8/site-packages/airflow/example_dags/example_skip_dag.py took 0.057 seconds
[2026-04-21T07:51:57.131+0000] {processor.py:161} INFO - Started process (PID=18199) to work on /home/airflow/.local/lib/python3.8/site-packages/airflow/example_dags/example_skip_dag.py
[2026-04-21T07:51:57.140+0000] {processor.py:830} INFO - Processing file /home/airflow/.local/lib/python3.8/site-packages/airflow/example_dags/example_skip_dag.py for tasks to queue
[2026-04-21T07:51:57.141+0000] {logging_mixin.py:188} INFO - [2026-04-21T07:51:57.140+0000] {dagbag.py:538} INFO - Filling up the DagBag from /home/airflow/.local/lib/python3.8/site-packages/airflow/example_dags/example_skip_dag.py
[2026-04-21T07:51:57.145+0000] {processor.py:840} INFO - DAG(s) 'example_skip_dag' retrieved from /home/airflow/.local/lib/python3.8/site-packages/airflow/example_dags/example_skip_dag.py
[2026-04-21T07:51:57.160+0000] {logging_mixin.py:188} INFO - [2026-04-21T07:51:57.160+0000] {dag.py:3036} INFO - Sync 1 DAGs
[2026-04-21T07:51:57.174+0000] {logging_mixin.py:188} INFO - [2026-04-21T07:51:57.174+0000] {dag.py:3823} INFO - Setting next_dagrun for example_skip_dag to 2026-04-20 00:00:00+00:00, run_after=2026-04-21 00:00:00+00:00
[2026-04-21T07:51:57.184+0000] {processor.py:183} INFO - Processing /home/airflow/.local/lib/python3.8/site-packages/airflow/example_dags/example_skip_dag.py took 0.056 seconds
[2026-04-21T07:52:27.758+0000] {processor.py:161} INFO - Started process (PID=18254) to work on /home/airflow/.local/lib/python3.8/site-packages/airflow/example_dags/example_skip_dag.py
[2026-04-21T07:52:27.767+0000] {processor.py:830} INFO - Processing file /home/airflow/.local/lib/python3.8/site-packages/airflow/example_dags/example_skip_dag.py for tasks to queue
[2026-04-21T07:52:27.768+0000] {logging_mixin.py:188} INFO - [2026-04-21T07:52:27.768+0000] {dagbag.py:538} INFO - Filling up the DagBag from /home/airflow/.local/lib/python3.8/site-packages/airflow/example_dags/example_skip_dag.py
[2026-04-21T07:52:27.773+0000] {processor.py:840} INFO - DAG(s) 'example_skip_dag' retrieved from /home/airflow/.local/lib/python3.8/site-packages/airflow/example_dags/example_skip_dag.py
[2026-04-21T07:52:27.787+0000] {logging_mixin.py:188} INFO - [2026-04-21T07:52:27.787+0000] {dag.py:3036} INFO - Sync 1 DAGs
[2026-04-21T07:52:27.801+0000] {logging_mixin.py:188} INFO - [2026-04-21T07:52:27.801+0000] {dag.py:3823} INFO - Setting next_dagrun for example_skip_dag to 2026-04-20 00:00:00+00:00, run_after=2026-04-21 00:00:00+00:00
[2026-04-21T07:52:27.811+0000] {processor.py:183} INFO - Processing /home/airflow/.local/lib/python3.8/site-packages/airflow/example_dags/example_skip_dag.py took 0.055 seconds
[2026-04-21T07:52:58.348+0000] {processor.py:161} INFO - Started process (PID=18309) to work on /home/airflow/.local/lib/python3.8/site-packages/airflow/example_dags/example_skip_dag.py
[2026-04-21T07:52:58.353+0000] {processor.py:830} INFO - Processing file /home/airflow/.local/lib/python3.8/site-packages/airflow/example_dags/example_skip_dag.py for tasks to queue
[2026-04-21T07:52:58.354+0000] {logging_mixin.py:188} INFO - [2026-04-21T07:52:58.354+0000] {dagbag.py:538} INFO - Filling up the DagBag from /home/airflow/.local/lib/python3.8/site-packages/airflow/example_dags/example_skip_dag.py
[2026-04-21T07:52:58.359+0000] {processor.py:840} INFO - DAG(s) 'example_skip_dag' retrieved from /home/airflow/.local/lib/python3.8/site-packages/airflow/example_dags/example_skip_dag.py
[2026-04-21T07:52:58.373+0000] {logging_mixin.py:188} INFO - [2026-04-21T07:52:58.372+0000] {dag.py:3036} INFO - Sync 1 DAGs
[2026-04-21T07:52:58.387+0000] {logging_mixin.py:188} INFO - [2026-04-21T07:52:58.387+0000] {dag.py:3823} INFO - Setting next_dagrun for example_skip_dag to 2026-04-20 00:00:00+00:00, run_after=2026-04-21 00:00:00+00:00
[2026-04-21T07:52:58.396+0000] {processor.py:183} INFO - Processing /home/airflow/.local/lib/python3.8/site-packages/airflow/example_dags/example_skip_dag.py took 0.051 seconds
[2026-04-21T07:53:28.999+0000] {processor.py:161} INFO - Started process (PID=18364) to work on /home/airflow/.local/lib/python3.8/site-packages/airflow/example_dags/example_skip_dag.py
[2026-04-21T07:53:29.000+0000] {processor.py:830} INFO - Processing file /home/airflow/.local/lib/python3.8/site-packages/airflow/example_dags/example_skip_dag.py for tasks to queue
[2026-04-21T07:53:29.001+0000] {logging_mixin.py:188} INFO - [2026-04-21T07:53:29.001+0000] {dagbag.py:538} INFO - Filling up the DagBag from /home/airflow/.local/lib/python3.8/site-packages/airflow/example_dags/example_skip_dag.py
[2026-04-21T07:53:29.006+0000] {processor.py:840} INFO - DAG(s) 'example_skip_dag' retrieved from /home/airflow/.local/lib/python3.8/site-packages/airflow/example_dags/example_skip_dag.py
[2026-04-21T07:53:29.020+0000] {logging_mixin.py:188} INFO - [2026-04-21T07:53:29.020+0000] {dag.py:3036} INFO - Sync 1 DAGs
[2026-04-21T07:53:29.035+0000] {logging_mixin.py:188} INFO - [2026-04-21T07:53:29.035+0000] {dag.py:3823} INFO - Setting next_dagrun for example_skip_dag to 2026-04-20 00:00:00+00:00, run_after=2026-04-21 00:00:00+00:00
[2026-04-21T07:53:29.046+0000] {processor.py:183} INFO - Processing /home/airflow/.local/lib/python3.8/site-packages/airflow/example_dags/example_skip_dag.py took 0.050 seconds
[2026-04-21T07:53:59.709+0000] {processor.py:161} INFO - Started process (PID=18419) to work on /home/airflow/.local/lib/python3.8/site-packages/airflow/example_dags/example_skip_dag.py
[2026-04-21T07:53:59.717+0000] {processor.py:830} INFO - Processing file /home/airflow/.local/lib/python3.8/site-packages/airflow/example_dags/example_skip_dag.py for tasks to queue
[2026-04-21T07:53:59.718+0000] {logging_mixin.py:188} INFO - [2026-04-21T07:53:59.718+0000] {dagbag.py:538} INFO - Filling up the DagBag from /home/airflow/.local/lib/python3.8/site-packages/airflow/example_dags/example_skip_dag.py
[2026-04-21T07:53:59.723+0000] {processor.py:840} INFO - DAG(s) 'example_skip_dag' retrieved from /home/airflow/.local/lib/python3.8/site-packages/airflow/example_dags/example_skip_dag.py
[2026-04-21T07:53:59.737+0000] {logging_mixin.py:188} INFO - [2026-04-21T07:53:59.737+0000] {dag.py:3036} INFO - Sync 1 DAGs
[2026-04-21T07:53:59.751+0000] {logging_mixin.py:188} INFO - [2026-04-21T07:53:59.750+0000] {dag.py:3823} INFO - Setting next_dagrun for example_skip_dag to 2026-04-20 00:00:00+00:00, run_after=2026-04-21 00:00:00+00:00
[2026-04-21T07:53:59.761+0000] {processor.py:183} INFO - Processing /home/airflow/.local/lib/python3.8/site-packages/airflow/example_dags/example_skip_dag.py took 0.055 seconds
[2026-04-21T07:54:30.343+0000] {processor.py:161} INFO - Started process (PID=18474) to work on /home/airflow/.local/lib/python3.8/site-packages/airflow/example_dags/example_skip_dag.py
[2026-04-21T07:54:30.352+0000] {processor.py:830} INFO - Processing file /home/airflow/.local/lib/python3.8/site-packages/airflow/example_dags/example_skip_dag.py for tasks to queue
[2026-04-21T07:54:30.353+0000] {logging_mixin.py:188} INFO - [2026-04-21T07:54:30.353+0000] {dagbag.py:538} INFO - Filling up the DagBag from /home/airflow/.local/lib/python3.8/site-packages/airflow/example_dags/example_skip_dag.py
[2026-04-21T07:54:30.358+0000] {processor.py:840} INFO - DAG(s) 'example_skip_dag' retrieved from /home/airflow/.local/lib/python3.8/site-packages/airflow/example_dags/example_skip_dag.py
[2026-04-21T07:54:30.372+0000] {logging_mixin.py:188} INFO - [2026-04-21T07:54:30.372+0000] {dag.py:3036} INFO - Sync 1 DAGs
[2026-04-21T07:54:30.386+0000] {logging_mixin.py:188} INFO - [2026-04-21T07:54:30.386+0000] {dag.py:3823} INFO - Setting next_dagrun for example_skip_dag to 2026-04-20 00:00:00+00:00, run_after=2026-04-21 00:00:00+00:00
[2026-04-21T07:54:30.398+0000] {processor.py:183} INFO - Processing /home/airflow/.local/lib/python3.8/site-packages/airflow/example_dags/example_skip_dag.py took 0.058 seconds
[2026-04-21T07:55:00.949+0000] {processor.py:161} INFO - Started process (PID=18529) to work on /home/airflow/.local/lib/python3.8/site-packages/airflow/example_dags/example_skip_dag.py
[2026-04-21T07:55:00.957+0000] {processor.py:830} INFO - Processing file /home/airflow/.local/lib/python3.8/site-packages/airflow/example_dags/example_skip_dag.py for tasks to queue
[2026-04-21T07:55:00.958+0000] {logging_mixin.py:188} INFO - [2026-04-21T07:55:00.958+0000] {dagbag.py:538} INFO - Filling up the DagBag from /home/airflow/.local/lib/python3.8/site-packages/airflow/example_dags/example_skip_dag.py
[2026-04-21T07:55:00.964+0000] {processor.py:840} INFO - DAG(s) 'example_skip_dag' retrieved from /home/airflow/.local/lib/python3.8/site-packages/airflow/example_dags/example_skip_dag.py
[2026-04-21T07:55:00.981+0000] {logging_mixin.py:188} INFO - [2026-04-21T07:55:00.981+0000] {dag.py:3036} INFO - Sync 1 DAGs
[2026-04-21T07:55:00.997+0000] {logging_mixin.py:188} INFO - [2026-04-21T07:55:00.997+0000] {dag.py:3823} INFO - Setting next_dagrun for example_skip_dag to 2026-04-20 00:00:00+00:00, run_after=2026-04-21 00:00:00+00:00
[2026-04-21T07:55:01.008+0000] {processor.py:183} INFO - Processing /home/airflow/.local/lib/python3.8/site-packages/airflow/example_dags/example_skip_dag.py took 0.063 seconds
[2026-04-21T07:55:31.741+0000] {processor.py:161} INFO - Started process (PID=18584) to work on /home/airflow/.local/lib/python3.8/site-packages/airflow/example_dags/example_skip_dag.py
[2026-04-21T07:55:31.742+0000] {processor.py:830} INFO - Processing file /home/airflow/.local/lib/python3.8/site-packages/airflow/example_dags/example_skip_dag.py for tasks to queue
[2026-04-21T07:55:31.743+0000] {logging_mixin.py:188} INFO - [2026-04-21T07:55:31.743+0000] {dagbag.py:538} INFO - Filling up the DagBag from /home/airflow/.local/lib/python3.8/site-packages/airflow/example_dags/example_skip_dag.py
[2026-04-21T07:55:31.748+0000] {processor.py:840} INFO - DAG(s) 'example_skip_dag' retrieved from /home/airflow/.local/lib/python3.8/site-packages/airflow/example_dags/example_skip_dag.py
[2026-04-21T07:55:31.762+0000] {logging_mixin.py:188} INFO - [2026-04-21T07:55:31.762+0000] {dag.py:3036} INFO - Sync 1 DAGs
[2026-04-21T07:55:31.776+0000] {logging_mixin.py:188} INFO - [2026-04-21T07:55:31.776+0000] {dag.py:3823} INFO - Setting next_dagrun for example_skip_dag to 2026-04-20 00:00:00+00:00, run_after=2026-04-21 00:00:00+00:00
[2026-04-21T07:55:31.786+0000] {processor.py:183} INFO - Processing /home/airflow/.local/lib/python3.8/site-packages/airflow/example_dags/example_skip_dag.py took 0.048 seconds
[2026-04-21T07:56:02.428+0000] {processor.py:161} INFO - Started process (PID=18639) to work on /home/airflow/.local/lib/python3.8/site-packages/airflow/example_dags/example_skip_dag.py
[2026-04-21T07:56:02.437+0000] {processor.py:830} INFO - Processing file /home/airflow/.local/lib/python3.8/site-packages/airflow/example_dags/example_skip_dag.py for tasks to queue
[2026-04-21T07:56:02.438+0000] {logging_mixin.py:188} INFO - [2026-04-21T07:56:02.438+0000] {dagbag.py:538} INFO - Filling up the DagBag from /home/airflow/.local/lib/python3.8/site-packages/airflow/example_dags/example_skip_dag.py
[2026-04-21T07:56:02.443+0000] {processor.py:840} INFO - DAG(s) 'example_skip_dag' retrieved from /home/airflow/.local/lib/python3.8/site-packages/airflow/example_dags/example_skip_dag.py
[2026-04-21T07:56:02.457+0000] {logging_mixin.py:188} INFO - [2026-04-21T07:56:02.457+0000] {dag.py:3036} INFO - Sync 1 DAGs
[2026-04-21T07:56:02.472+0000] {logging_mixin.py:188} INFO - [2026-04-21T07:56:02.472+0000] {dag.py:3823} INFO - Setting next_dagrun for example_skip_dag to 2026-04-20 00:00:00+00:00, run_after=2026-04-21 00:00:00+00:00
[2026-04-21T07:56:02.482+0000] {processor.py:183} INFO - Processing /home/airflow/.local/lib/python3.8/site-packages/airflow/example_dags/example_skip_dag.py took 0.056 seconds
[2026-04-21T07:56:33.013+0000] {processor.py:161} INFO - Started process (PID=18694) to work on /home/airflow/.local/lib/python3.8/site-packages/airflow/example_dags/example_skip_dag.py
[2026-04-21T07:56:33.021+0000] {processor.py:830} INFO - Processing file /home/airflow/.local/lib/python3.8/site-packages/airflow/example_dags/example_skip_dag.py for tasks to queue
[2026-04-21T07:56:33.022+0000] {logging_mixin.py:188} INFO - [2026-04-21T07:56:33.022+0000] {dagbag.py:538} INFO - Filling up the DagBag from /home/airflow/.local/lib/python3.8/site-packages/airflow/example_dags/example_skip_dag.py
[2026-04-21T07:56:33.027+0000] {processor.py:840} INFO - DAG(s) 'example_skip_dag' retrieved from /home/airflow/.local/lib/python3.8/site-packages/airflow/example_dags/example_skip_dag.py
[2026-04-21T07:56:33.041+0000] {logging_mixin.py:188} INFO - [2026-04-21T07:56:33.041+0000] {dag.py:3036} INFO - Sync 1 DAGs
[2026-04-21T07:56:33.056+0000] {logging_mixin.py:188} INFO - [2026-04-21T07:56:33.056+0000] {dag.py:3823} INFO - Setting next_dagrun for example_skip_dag to 2026-04-20 00:00:00+00:00, run_after=2026-04-21 00:00:00+00:00
[2026-04-21T07:56:33.067+0000] {processor.py:183} INFO - Processing /home/airflow/.local/lib/python3.8/site-packages/airflow/example_dags/example_skip_dag.py took 0.056 seconds
[2026-04-21T07:57:03.555+0000] {processor.py:161} INFO - Started process (PID=18749) to work on /home/airflow/.local/lib/python3.8/site-packages/airflow/example_dags/example_skip_dag.py
[2026-04-21T07:57:03.556+0000] {processor.py:830} INFO - Processing file /home/airflow/.local/lib/python3.8/site-packages/airflow/example_dags/example_skip_dag.py for tasks to queue
[2026-04-21T07:57:03.557+0000] {logging_mixin.py:188} INFO - [2026-04-21T07:57:03.557+0000] {dagbag.py:538} INFO - Filling up the DagBag from /home/airflow/.local/lib/python3.8/site-packages/airflow/example_dags/example_skip_dag.py
[2026-04-21T07:57:03.562+0000] {processor.py:840} INFO - DAG(s) 'example_skip_dag' retrieved from /home/airflow/.local/lib/python3.8/site-packages/airflow/example_dags/example_skip_dag.py
[2026-04-21T07:57:03.577+0000] {logging_mixin.py:188} INFO - [2026-04-21T07:57:03.577+0000] {dag.py:3036} INFO - Sync 1 DAGs
[2026-04-21T07:57:03.591+0000] {logging_mixin.py:188} INFO - [2026-04-21T07:57:03.591+0000] {dag.py:3823} INFO - Setting next_dagrun for example_skip_dag to 2026-04-20 00:00:00+00:00, run_after=2026-04-21 00:00:00+00:00
[2026-04-21T07:57:03.601+0000] {processor.py:183} INFO - Processing /home/airflow/.local/lib/python3.8/site-packages/airflow/example_dags/example_skip_dag.py took 0.049 seconds
[2026-04-21T07:57:34.106+0000] {processor.py:161} INFO - Started process (PID=18804) to work on /home/airflow/.local/lib/python3.8/site-packages/airflow/example_dags/example_skip_dag.py
[2026-04-21T07:57:34.115+0000] {processor.py:830} INFO - Processing file /home/airflow/.local/lib/python3.8/site-packages/airflow/example_dags/example_skip_dag.py for tasks to queue
[2026-04-21T07:57:34.116+0000] {logging_mixin.py:188} INFO - [2026-04-21T07:57:34.115+0000] {dagbag.py:538} INFO - Filling up the DagBag from /home/airflow/.local/lib/python3.8/site-packages/airflow/example_dags/example_skip_dag.py
[2026-04-21T07:57:34.120+0000] {processor.py:840} INFO - DAG(s) 'example_skip_dag' retrieved from /home/airflow/.local/lib/python3.8/site-packages/airflow/example_dags/example_skip_dag.py
[2026-04-21T07:57:34.135+0000] {logging_mixin.py:188} INFO - [2026-04-21T07:57:34.135+0000] {dag.py:3036} INFO - Sync 1 DAGs
[2026-04-21T07:57:34.149+0000] {logging_mixin.py:188} INFO - [2026-04-21T07:57:34.148+0000] {dag.py:3823} INFO - Setting next_dagrun for example_skip_dag to 2026-04-20 00:00:00+00:00, run_after=2026-04-21 00:00:00+00:00
[2026-04-21T07:57:34.158+0000] {processor.py:183} INFO - Processing /home/airflow/.local/lib/python3.8/site-packages/airflow/example_dags/example_skip_dag.py took 0.056 seconds
[2026-04-21T07:58:04.768+0000] {processor.py:161} INFO - Started process (PID=18859) to work on /home/airflow/.local/lib/python3.8/site-packages/airflow/example_dags/example_skip_dag.py
[2026-04-21T07:58:04.769+0000] {processor.py:830} INFO - Processing file /home/airflow/.local/lib/python3.8/site-packages/airflow/example_dags/example_skip_dag.py for tasks to queue
[2026-04-21T07:58:04.770+0000] {logging_mixin.py:188} INFO - [2026-04-21T07:58:04.769+0000] {dagbag.py:538} INFO - Filling up the DagBag from /home/airflow/.local/lib/python3.8/site-packages/airflow/example_dags/example_skip_dag.py
[2026-04-21T07:58:04.775+0000] {processor.py:840} INFO - DAG(s) 'example_skip_dag' retrieved from /home/airflow/.local/lib/python3.8/site-packages/airflow/example_dags/example_skip_dag.py
[2026-04-21T07:58:04.789+0000] {logging_mixin.py:188} INFO - [2026-04-21T07:58:04.789+0000] {dag.py:3036} INFO - Sync 1 DAGs
[2026-04-21T07:58:04.803+0000] {logging_mixin.py:188} INFO - [2026-04-21T07:58:04.803+0000] {dag.py:3823} INFO - Setting next_dagrun for example_skip_dag to 2026-04-20 00:00:00+00:00, run_after=2026-04-21 00:00:00+00:00
[2026-04-21T07:58:04.813+0000] {processor.py:183} INFO - Processing /home/airflow/.local/lib/python3.8/site-packages/airflow/example_dags/example_skip_dag.py took 0.048 seconds
[2026-04-21T07:58:35.392+0000] {processor.py:161} INFO - Started process (PID=18914) to work on /home/airflow/.local/lib/python3.8/site-packages/airflow/example_dags/example_skip_dag.py
[2026-04-21T07:58:35.401+0000] {processor.py:830} INFO - Processing file /home/airflow/.local/lib/python3.8/site-packages/airflow/example_dags/example_skip_dag.py for tasks to queue
[2026-04-21T07:58:35.402+0000] {logging_mixin.py:188} INFO - [2026-04-21T07:58:35.401+0000] {dagbag.py:538} INFO - Filling up the DagBag from /home/airflow/.local/lib/python3.8/site-packages/airflow/example_dags/example_skip_dag.py
[2026-04-21T07:58:35.406+0000] {processor.py:840} INFO - DAG(s) 'example_skip_dag' retrieved from /home/airflow/.local/lib/python3.8/site-packages/airflow/example_dags/example_skip_dag.py
[2026-04-21T07:58:35.420+0000] {logging_mixin.py:188} INFO - [2026-04-21T07:58:35.420+0000] {dag.py:3036} INFO - Sync 1 DAGs
[2026-04-21T07:58:35.434+0000] {logging_mixin.py:188} INFO - [2026-04-21T07:58:35.434+0000] {dag.py:3823} INFO - Setting next_dagrun for example_skip_dag to 2026-04-20 00:00:00+00:00, run_after=2026-04-21 00:00:00+00:00
[2026-04-21T07:58:35.444+0000] {processor.py:183} INFO - Processing /home/airflow/.local/lib/python3.8/site-packages/airflow/example_dags/example_skip_dag.py took 0.055 seconds
[2026-04-21T07:59:05.976+0000] {processor.py:161} INFO - Started process (PID=18969) to work on /home/airflow/.local/lib/python3.8/site-packages/airflow/example_dags/example_skip_dag.py
[2026-04-21T07:59:05.976+0000] {processor.py:830} INFO - Processing file /home/airflow/.local/lib/python3.8/site-packages/airflow/example_dags/example_skip_dag.py for tasks to queue
[2026-04-21T07:59:05.977+0000] {logging_mixin.py:188} INFO - [2026-04-21T07:59:05.977+0000] {dagbag.py:538} INFO - Filling up the DagBag from /home/airflow/.local/lib/python3.8/site-packages/airflow/example_dags/example_skip_dag.py
[2026-04-21T07:59:05.982+0000] {processor.py:840} INFO - DAG(s) 'example_skip_dag' retrieved from /home/airflow/.local/lib/python3.8/site-packages/airflow/example_dags/example_skip_dag.py
[2026-04-21T07:59:05.996+0000] {logging_mixin.py:188} INFO - [2026-04-21T07:59:05.996+0000] {dag.py:3036} INFO - Sync 1 DAGs
[2026-04-21T07:59:06.010+0000] {logging_mixin.py:188} INFO - [2026-04-21T07:59:06.010+0000] {dag.py:3823} INFO - Setting next_dagrun for example_skip_dag to 2026-04-20 00:00:00+00:00, run_after=2026-04-21 00:00:00+00:00
[2026-04-21T07:59:06.019+0000] {processor.py:183} INFO - Processing /home/airflow/.local/lib/python3.8/site-packages/airflow/example_dags/example_skip_dag.py took 0.046 seconds
[2026-04-21T07:59:36.615+0000] {processor.py:161} INFO - Started process (PID=19024) to work on /home/airflow/.local/lib/python3.8/site-packages/airflow/example_dags/example_skip_dag.py
[2026-04-21T07:59:36.624+0000] {processor.py:830} INFO - Processing file /home/airflow/.local/lib/python3.8/site-packages/airflow/example_dags/example_skip_dag.py for tasks to queue
[2026-04-21T07:59:36.625+0000] {logging_mixin.py:188} INFO - [2026-04-21T07:59:36.624+0000] {dagbag.py:538} INFO - Filling up the DagBag from /home/airflow/.local/lib/python3.8/site-packages/airflow/example_dags/example_skip_dag.py
[2026-04-21T07:59:36.630+0000] {processor.py:840} INFO - DAG(s) 'example_skip_dag' retrieved from /home/airflow/.local/lib/python3.8/site-packages/airflow/example_dags/example_skip_dag.py
[2026-04-21T07:59:36.644+0000] {logging_mixin.py:188} INFO - [2026-04-21T07:59:36.644+0000] {dag.py:3036} INFO - Sync 1 DAGs
[2026-04-21T07:59:36.659+0000] {logging_mixin.py:188} INFO - [2026-04-21T07:59:36.659+0000] {dag.py:3823} INFO - Setting next_dagrun for example_skip_dag to 2026-04-20 00:00:00+00:00, run_after=2026-04-21 00:00:00+00:00
[2026-04-21T07:59:36.669+0000] {processor.py:183} INFO - Processing /home/airflow/.local/lib/python3.8/site-packages/airflow/example_dags/example_skip_dag.py took 0.057 seconds
[2026-04-21T08:00:07.208+0000] {processor.py:161} INFO - Started process (PID=19079) to work on /home/airflow/.local/lib/python3.8/site-packages/airflow/example_dags/example_skip_dag.py
[2026-04-21T08:00:07.209+0000] {processor.py:830} INFO - Processing file /home/airflow/.local/lib/python3.8/site-packages/airflow/example_dags/example_skip_dag.py for tasks to queue
[2026-04-21T08:00:07.209+0000] {logging_mixin.py:188} INFO - [2026-04-21T08:00:07.209+0000] {dagbag.py:538} INFO - Filling up the DagBag from /home/airflow/.local/lib/python3.8/site-packages/airflow/example_dags/example_skip_dag.py
[2026-04-21T08:00:07.214+0000] {processor.py:840} INFO - DAG(s) 'example_skip_dag' retrieved from /home/airflow/.local/lib/python3.8/site-packages/airflow/example_dags/example_skip_dag.py
[2026-04-21T08:00:07.228+0000] {logging_mixin.py:188} INFO - [2026-04-21T08:00:07.228+0000] {dag.py:3036} INFO - Sync 1 DAGs
[2026-04-21T08:00:07.242+0000] {logging_mixin.py:188} INFO - [2026-04-21T08:00:07.242+0000] {dag.py:3823} INFO - Setting next_dagrun for example_skip_dag to 2026-04-20 00:00:00+00:00, run_after=2026-04-21 00:00:00+00:00
[2026-04-21T08:00:07.253+0000] {processor.py:183} INFO - Processing /home/airflow/.local/lib/python3.8/site-packages/airflow/example_dags/example_skip_dag.py took 0.047 seconds
[2026-04-21T08:00:37.811+0000] {processor.py:161} INFO - Started process (PID=19134) to work on /home/airflow/.local/lib/python3.8/site-packages/airflow/example_dags/example_skip_dag.py
[2026-04-21T08:00:37.812+0000] {processor.py:830} INFO - Processing file /home/airflow/.local/lib/python3.8/site-packages/airflow/example_dags/example_skip_dag.py for tasks to queue
[2026-04-21T08:00:37.813+0000] {logging_mixin.py:188} INFO - [2026-04-21T08:00:37.812+0000] {dagbag.py:538} INFO - Filling up the DagBag from /home/airflow/.local/lib/python3.8/site-packages/airflow/example_dags/example_skip_dag.py
[2026-04-21T08:00:37.818+0000] {processor.py:840} INFO - DAG(s) 'example_skip_dag' retrieved from /home/airflow/.local/lib/python3.8/site-packages/airflow/example_dags/example_skip_dag.py
[2026-04-21T08:00:37.833+0000] {logging_mixin.py:188} INFO - [2026-04-21T08:00:37.833+0000] {dag.py:3036} INFO - Sync 1 DAGs
[2026-04-21T08:00:37.848+0000] {logging_mixin.py:188} INFO - [2026-04-21T08:00:37.847+0000] {dag.py:3823} INFO - Setting next_dagrun for example_skip_dag to 2026-04-20 00:00:00+00:00, run_after=2026-04-21 00:00:00+00:00
[2026-04-21T08:00:37.859+0000] {processor.py:183} INFO - Processing /home/airflow/.local/lib/python3.8/site-packages/airflow/example_dags/example_skip_dag.py took 0.050 seconds
[2026-04-21T08:01:08.499+0000] {processor.py:161} INFO - Started process (PID=19189) to work on /home/airflow/.local/lib/python3.8/site-packages/airflow/example_dags/example_skip_dag.py
[2026-04-21T08:01:08.508+0000] {processor.py:830} INFO - Processing file /home/airflow/.local/lib/python3.8/site-packages/airflow/example_dags/example_skip_dag.py for tasks to queue
[2026-04-21T08:01:08.509+0000] {logging_mixin.py:188} INFO - [2026-04-21T08:01:08.509+0000] {dagbag.py:538} INFO - Filling up the DagBag from /home/airflow/.local/lib/python3.8/site-packages/airflow/example_dags/example_skip_dag.py
[2026-04-21T08:01:08.514+0000] {processor.py:840} INFO - DAG(s) 'example_skip_dag' retrieved from /home/airflow/.local/lib/python3.8/site-packages/airflow/example_dags/example_skip_dag.py
[2026-04-21T08:01:08.529+0000] {logging_mixin.py:188} INFO - [2026-04-21T08:01:08.529+0000] {dag.py:3036} INFO - Sync 1 DAGs
[2026-04-21T08:01:08.544+0000] {logging_mixin.py:188} INFO - [2026-04-21T08:01:08.543+0000] {dag.py:3823} INFO - Setting next_dagrun for example_skip_dag to 2026-04-20 00:00:00+00:00, run_after=2026-04-21 00:00:00+00:00
[2026-04-21T08:01:08.554+0000] {processor.py:183} INFO - Processing /home/airflow/.local/lib/python3.8/site-packages/airflow/example_dags/example_skip_dag.py took 0.057 seconds
[2026-04-21T08:01:39.038+0000] {processor.py:161} INFO - Started process (PID=19244) to work on /home/airflow/.local/lib/python3.8/site-packages/airflow/example_dags/example_skip_dag.py
[2026-04-21T08:01:39.044+0000] {processor.py:830} INFO - Processing file /home/airflow/.local/lib/python3.8/site-packages/airflow/example_dags/example_skip_dag.py for tasks to queue
[2026-04-21T08:01:39.044+0000] {logging_mixin.py:188} INFO - [2026-04-21T08:01:39.044+0000] {dagbag.py:538} INFO - Filling up the DagBag from /home/airflow/.local/lib/python3.8/site-packages/airflow/example_dags/example_skip_dag.py
[2026-04-21T08:01:39.049+0000] {processor.py:840} INFO - DAG(s) 'example_skip_dag' retrieved from /home/airflow/.local/lib/python3.8/site-packages/airflow/example_dags/example_skip_dag.py
[2026-04-21T08:01:39.064+0000] {logging_mixin.py:188} INFO - [2026-04-21T08:01:39.064+0000] {dag.py:3036} INFO - Sync 1 DAGs
[2026-04-21T08:01:39.082+0000] {logging_mixin.py:188} INFO - [2026-04-21T08:01:39.082+0000] {dag.py:3823} INFO - Setting next_dagrun for example_skip_dag to 2026-04-20 00:00:00+00:00, run_after=2026-04-21 00:00:00+00:00
[2026-04-21T08:01:39.160+0000] {processor.py:183} INFO - Processing /home/airflow/.local/lib/python3.8/site-packages/airflow/example_dags/example_skip_dag.py took 0.124 seconds
[2026-04-21T08:02:09.368+0000] {processor.py:161} INFO - Started process (PID=19299) to work on /home/airflow/.local/lib/python3.8/site-packages/airflow/example_dags/example_skip_dag.py
[2026-04-21T08:02:09.369+0000] {processor.py:830} INFO - Processing file /home/airflow/.local/lib/python3.8/site-packages/airflow/example_dags/example_skip_dag.py for tasks to queue
[2026-04-21T08:02:09.370+0000] {logging_mixin.py:188} INFO - [2026-04-21T08:02:09.370+0000] {dagbag.py:538} INFO - Filling up the DagBag from /home/airflow/.local/lib/python3.8/site-packages/airflow/example_dags/example_skip_dag.py
[2026-04-21T08:02:09.375+0000] {processor.py:840} INFO - DAG(s) 'example_skip_dag' retrieved from /home/airflow/.local/lib/python3.8/site-packages/airflow/example_dags/example_skip_dag.py
[2026-04-21T08:02:09.389+0000] {logging_mixin.py:188} INFO - [2026-04-21T08:02:09.389+0000] {dag.py:3036} INFO - Sync 1 DAGs
[2026-04-21T08:02:09.403+0000] {logging_mixin.py:188} INFO - [2026-04-21T08:02:09.402+0000] {dag.py:3823} INFO - Setting next_dagrun for example_skip_dag to 2026-04-20 00:00:00+00:00, run_after=2026-04-21 00:00:00+00:00
[2026-04-21T08:02:09.413+0000] {processor.py:183} INFO - Processing /home/airflow/.local/lib/python3.8/site-packages/airflow/example_dags/example_skip_dag.py took 0.048 seconds
[2026-04-21T08:02:40.119+0000] {processor.py:161} INFO - Started process (PID=19354) to work on /home/airflow/.local/lib/python3.8/site-packages/airflow/example_dags/example_skip_dag.py
[2026-04-21T08:02:40.128+0000] {processor.py:830} INFO - Processing file /home/airflow/.local/lib/python3.8/site-packages/airflow/example_dags/example_skip_dag.py for tasks to queue
[2026-04-21T08:02:40.129+0000] {logging_mixin.py:188} INFO - [2026-04-21T08:02:40.129+0000] {dagbag.py:538} INFO - Filling up the DagBag from /home/airflow/.local/lib/python3.8/site-packages/airflow/example_dags/example_skip_dag.py
[2026-04-21T08:02:40.133+0000] {processor.py:840} INFO - DAG(s) 'example_skip_dag' retrieved from /home/airflow/.local/lib/python3.8/site-packages/airflow/example_dags/example_skip_dag.py
[2026-04-21T08:02:40.147+0000] {logging_mixin.py:188} INFO - [2026-04-21T08:02:40.147+0000] {dag.py:3036} INFO - Sync 1 DAGs
[2026-04-21T08:02:40.162+0000] {logging_mixin.py:188} INFO - [2026-04-21T08:02:40.162+0000] {dag.py:3823} INFO - Setting next_dagrun for example_skip_dag to 2026-04-20 00:00:00+00:00, run_after=2026-04-21 00:00:00+00:00
[2026-04-21T08:02:40.172+0000] {processor.py:183} INFO - Processing /home/airflow/.local/lib/python3.8/site-packages/airflow/example_dags/example_skip_dag.py took 0.056 seconds
[2026-04-21T08:03:10.749+0000] {processor.py:161} INFO - Started process (PID=19409) to work on /home/airflow/.local/lib/python3.8/site-packages/airflow/example_dags/example_skip_dag.py
[2026-04-21T08:03:10.750+0000] {processor.py:830} INFO - Processing file /home/airflow/.local/lib/python3.8/site-packages/airflow/example_dags/example_skip_dag.py for tasks to queue
[2026-04-21T08:03:10.750+0000] {logging_mixin.py:188} INFO - [2026-04-21T08:03:10.750+0000] {dagbag.py:538} INFO - Filling up the DagBag from /home/airflow/.local/lib/python3.8/site-packages/airflow/example_dags/example_skip_dag.py
[2026-04-21T08:03:10.755+0000] {processor.py:840} INFO - DAG(s) 'example_skip_dag' retrieved from /home/airflow/.local/lib/python3.8/site-packages/airflow/example_dags/example_skip_dag.py
[2026-04-21T08:03:10.770+0000] {logging_mixin.py:188} INFO - [2026-04-21T08:03:10.769+0000] {dag.py:3036} INFO - Sync 1 DAGs
[2026-04-21T08:03:10.783+0000] {logging_mixin.py:188} INFO - [2026-04-21T08:03:10.783+0000] {dag.py:3823} INFO - Setting next_dagrun for example_skip_dag to 2026-04-20 00:00:00+00:00, run_after=2026-04-21 00:00:00+00:00
[2026-04-21T08:03:10.793+0000] {processor.py:183} INFO - Processing /home/airflow/.local/lib/python3.8/site-packages/airflow/example_dags/example_skip_dag.py took 0.047 seconds
[2026-04-21T08:03:41.442+0000] {processor.py:161} INFO - Started process (PID=19464) to work on /home/airflow/.local/lib/python3.8/site-packages/airflow/example_dags/example_skip_dag.py
[2026-04-21T08:03:41.451+0000] {processor.py:830} INFO - Processing file /home/airflow/.local/lib/python3.8/site-packages/airflow/example_dags/example_skip_dag.py for tasks to queue
[2026-04-21T08:03:41.453+0000] {logging_mixin.py:188} INFO - [2026-04-21T08:03:41.452+0000] {dagbag.py:538} INFO - Filling up the DagBag from /home/airflow/.local/lib/python3.8/site-packages/airflow/example_dags/example_skip_dag.py
[2026-04-21T08:03:41.457+0000] {processor.py:840} INFO - DAG(s) 'example_skip_dag' retrieved from /home/airflow/.local/lib/python3.8/site-packages/airflow/example_dags/example_skip_dag.py
[2026-04-21T08:03:41.472+0000] {logging_mixin.py:188} INFO - [2026-04-21T08:03:41.472+0000] {dag.py:3036} INFO - Sync 1 DAGs
[2026-04-21T08:03:41.486+0000] {logging_mixin.py:188} INFO - [2026-04-21T08:03:41.486+0000] {dag.py:3823} INFO - Setting next_dagrun for example_skip_dag to 2026-04-20 00:00:00+00:00, run_after=2026-04-21 00:00:00+00:00
[2026-04-21T08:03:41.497+0000] {processor.py:183} INFO - Processing /home/airflow/.local/lib/python3.8/site-packages/airflow/example_dags/example_skip_dag.py took 0.058 seconds
[2026-04-21T08:04:12.061+0000] {processor.py:161} INFO - Started process (PID=19519) to work on /home/airflow/.local/lib/python3.8/site-packages/airflow/example_dags/example_skip_dag.py
[2026-04-21T08:04:12.070+0000] {processor.py:830} INFO - Processing file /home/airflow/.local/lib/python3.8/site-packages/airflow/example_dags/example_skip_dag.py for tasks to queue
[2026-04-21T08:04:12.071+0000] {logging_mixin.py:188} INFO - [2026-04-21T08:04:12.071+0000] {dagbag.py:538} INFO - Filling up the DagBag from /home/airflow/.local/lib/python3.8/site-packages/airflow/example_dags/example_skip_dag.py
[2026-04-21T08:04:12.076+0000] {processor.py:840} INFO - DAG(s) 'example_skip_dag' retrieved from /home/airflow/.local/lib/python3.8/site-packages/airflow/example_dags/example_skip_dag.py
[2026-04-21T08:04:12.090+0000] {logging_mixin.py:188} INFO - [2026-04-21T08:04:12.090+0000] {dag.py:3036} INFO - Sync 1 DAGs
[2026-04-21T08:04:12.104+0000] {logging_mixin.py:188} INFO - [2026-04-21T08:04:12.104+0000] {dag.py:3823} INFO - Setting next_dagrun for example_skip_dag to 2026-04-20 00:00:00+00:00, run_after=2026-04-21 00:00:00+00:00
[2026-04-21T08:04:12.115+0000] {processor.py:183} INFO - Processing /home/airflow/.local/lib/python3.8/site-packages/airflow/example_dags/example_skip_dag.py took 0.057 seconds
[2026-04-21T08:04:42.715+0000] {processor.py:161} INFO - Started process (PID=19574) to work on /home/airflow/.local/lib/python3.8/site-packages/airflow/example_dags/example_skip_dag.py
[2026-04-21T08:04:42.716+0000] {processor.py:830} INFO - Processing file /home/airflow/.local/lib/python3.8/site-packages/airflow/example_dags/example_skip_dag.py for tasks to queue
[2026-04-21T08:04:42.717+0000] {logging_mixin.py:188} INFO - [2026-04-21T08:04:42.717+0000] {dagbag.py:538} INFO - Filling up the DagBag from /home/airflow/.local/lib/python3.8/site-packages/airflow/example_dags/example_skip_dag.py
[2026-04-21T08:04:42.722+0000] {processor.py:840} INFO - DAG(s) 'example_skip_dag' retrieved from /home/airflow/.local/lib/python3.8/site-packages/airflow/example_dags/example_skip_dag.py
[2026-04-21T08:04:42.737+0000] {logging_mixin.py:188} INFO - [2026-04-21T08:04:42.736+0000] {dag.py:3036} INFO - Sync 1 DAGs
[2026-04-21T08:04:42.751+0000] {logging_mixin.py:188} INFO - [2026-04-21T08:04:42.750+0000] {dag.py:3823} INFO - Setting next_dagrun for example_skip_dag to 2026-04-20 00:00:00+00:00, run_after=2026-04-21 00:00:00+00:00
[2026-04-21T08:04:42.761+0000] {processor.py:183} INFO - Processing /home/airflow/.local/lib/python3.8/site-packages/airflow/example_dags/example_skip_dag.py took 0.048 seconds
[2026-04-21T08:05:13.387+0000] {processor.py:161} INFO - Started process (PID=19629) to work on /home/airflow/.local/lib/python3.8/site-packages/airflow/example_dags/example_skip_dag.py
[2026-04-21T08:05:13.388+0000] {processor.py:830} INFO - Processing file /home/airflow/.local/lib/python3.8/site-packages/airflow/example_dags/example_skip_dag.py for tasks to queue
[2026-04-21T08:05:13.389+0000] {logging_mixin.py:188} INFO - [2026-04-21T08:05:13.388+0000] {dagbag.py:538} INFO - Filling up the DagBag from /home/airflow/.local/lib/python3.8/site-packages/airflow/example_dags/example_skip_dag.py
[2026-04-21T08:05:13.394+0000] {processor.py:840} INFO - DAG(s) 'example_skip_dag' retrieved from /home/airflow/.local/lib/python3.8/site-packages/airflow/example_dags/example_skip_dag.py
[2026-04-21T08:05:13.409+0000] {logging_mixin.py:188} INFO - [2026-04-21T08:05:13.409+0000] {dag.py:3036} INFO - Sync 1 DAGs
[2026-04-21T08:05:13.424+0000] {logging_mixin.py:188} INFO - [2026-04-21T08:05:13.423+0000] {dag.py:3823} INFO - Setting next_dagrun for example_skip_dag to 2026-04-20 00:00:00+00:00, run_after=2026-04-21 00:00:00+00:00
[2026-04-21T08:05:13.433+0000] {processor.py:183} INFO - Processing /home/airflow/.local/lib/python3.8/site-packages/airflow/example_dags/example_skip_dag.py took 0.050 seconds
[2026-04-21T08:05:44.125+0000] {processor.py:161} INFO - Started process (PID=19684) to work on /home/airflow/.local/lib/python3.8/site-packages/airflow/example_dags/example_skip_dag.py
[2026-04-21T08:05:44.134+0000] {processor.py:830} INFO - Processing file /home/airflow/.local/lib/python3.8/site-packages/airflow/example_dags/example_skip_dag.py for tasks to queue
[2026-04-21T08:05:44.134+0000] {logging_mixin.py:188} INFO - [2026-04-21T08:05:44.134+0000] {dagbag.py:538} INFO - Filling up the DagBag from /home/airflow/.local/lib/python3.8/site-packages/airflow/example_dags/example_skip_dag.py
[2026-04-21T08:05:44.139+0000] {processor.py:840} INFO - DAG(s) 'example_skip_dag' retrieved from /home/airflow/.local/lib/python3.8/site-packages/airflow/example_dags/example_skip_dag.py
[2026-04-21T08:05:44.153+0000] {logging_mixin.py:188} INFO - [2026-04-21T08:05:44.153+0000] {dag.py:3036} INFO - Sync 1 DAGs
[2026-04-21T08:05:44.167+0000] {logging_mixin.py:188} INFO - [2026-04-21T08:05:44.167+0000] {dag.py:3823} INFO - Setting next_dagrun for example_skip_dag to 2026-04-20 00:00:00+00:00, run_after=2026-04-21 00:00:00+00:00
[2026-04-21T08:05:44.178+0000] {processor.py:183} INFO - Processing /home/airflow/.local/lib/python3.8/site-packages/airflow/example_dags/example_skip_dag.py took 0.056 seconds
[2026-04-21T08:06:14.865+0000] {processor.py:161} INFO - Started process (PID=19739) to work on /home/airflow/.local/lib/python3.8/site-packages/airflow/example_dags/example_skip_dag.py
[2026-04-21T08:06:14.873+0000] {processor.py:830} INFO - Processing file /home/airflow/.local/lib/python3.8/site-packages/airflow/example_dags/example_skip_dag.py for tasks to queue
[2026-04-21T08:06:14.874+0000] {logging_mixin.py:188} INFO - [2026-04-21T08:06:14.874+0000] {dagbag.py:538} INFO - Filling up the DagBag from /home/airflow/.local/lib/python3.8/site-packages/airflow/example_dags/example_skip_dag.py
[2026-04-21T08:06:14.879+0000] {processor.py:840} INFO - DAG(s) 'example_skip_dag' retrieved from /home/airflow/.local/lib/python3.8/site-packages/airflow/example_dags/example_skip_dag.py
[2026-04-21T08:06:14.893+0000] {logging_mixin.py:188} INFO - [2026-04-21T08:06:14.893+0000] {dag.py:3036} INFO - Sync 1 DAGs
[2026-04-21T08:06:14.907+0000] {logging_mixin.py:188} INFO - [2026-04-21T08:06:14.907+0000] {dag.py:3823} INFO - Setting next_dagrun for example_skip_dag to 2026-04-20 00:00:00+00:00, run_after=2026-04-21 00:00:00+00:00
[2026-04-21T08:06:14.918+0000] {processor.py:183} INFO - Processing /home/airflow/.local/lib/python3.8/site-packages/airflow/example_dags/example_skip_dag.py took 0.056 seconds
[2026-04-21T08:06:45.601+0000] {processor.py:161} INFO - Started process (PID=19794) to work on /home/airflow/.local/lib/python3.8/site-packages/airflow/example_dags/example_skip_dag.py
[2026-04-21T08:06:45.610+0000] {processor.py:830} INFO - Processing file /home/airflow/.local/lib/python3.8/site-packages/airflow/example_dags/example_skip_dag.py for tasks to queue
[2026-04-21T08:06:45.611+0000] {logging_mixin.py:188} INFO - [2026-04-21T08:06:45.610+0000] {dagbag.py:538} INFO - Filling up the DagBag from /home/airflow/.local/lib/python3.8/site-packages/airflow/example_dags/example_skip_dag.py
[2026-04-21T08:06:45.615+0000] {processor.py:840} INFO - DAG(s) 'example_skip_dag' retrieved from /home/airflow/.local/lib/python3.8/site-packages/airflow/example_dags/example_skip_dag.py
[2026-04-21T08:06:45.631+0000] {logging_mixin.py:188} INFO - [2026-04-21T08:06:45.631+0000] {dag.py:3036} INFO - Sync 1 DAGs
[2026-04-21T08:06:45.646+0000] {logging_mixin.py:188} INFO - [2026-04-21T08:06:45.645+0000] {dag.py:3823} INFO - Setting next_dagrun for example_skip_dag to 2026-04-20 00:00:00+00:00, run_after=2026-04-21 00:00:00+00:00
[2026-04-21T08:06:45.656+0000] {processor.py:183} INFO - Processing /home/airflow/.local/lib/python3.8/site-packages/airflow/example_dags/example_skip_dag.py took 0.058 seconds
[2026-04-21T08:07:16.282+0000] {processor.py:161} INFO - Started process (PID=19849) to work on /home/airflow/.local/lib/python3.8/site-packages/airflow/example_dags/example_skip_dag.py
[2026-04-21T08:07:16.290+0000] {processor.py:830} INFO - Processing file /home/airflow/.local/lib/python3.8/site-packages/airflow/example_dags/example_skip_dag.py for tasks to queue
[2026-04-21T08:07:16.291+0000] {logging_mixin.py:188} INFO - [2026-04-21T08:07:16.291+0000] {dagbag.py:538} INFO - Filling up the DagBag from /home/airflow/.local/lib/python3.8/site-packages/airflow/example_dags/example_skip_dag.py
[2026-04-21T08:07:16.296+0000] {processor.py:840} INFO - DAG(s) 'example_skip_dag' retrieved from /home/airflow/.local/lib/python3.8/site-packages/airflow/example_dags/example_skip_dag.py
[2026-04-21T08:07:16.311+0000] {logging_mixin.py:188} INFO - [2026-04-21T08:07:16.311+0000] {dag.py:3036} INFO - Sync 1 DAGs
[2026-04-21T08:07:16.326+0000] {logging_mixin.py:188} INFO - [2026-04-21T08:07:16.326+0000] {dag.py:3823} INFO - Setting next_dagrun for example_skip_dag to 2026-04-20 00:00:00+00:00, run_after=2026-04-21 00:00:00+00:00
[2026-04-21T08:07:16.337+0000] {processor.py:183} INFO - Processing /home/airflow/.local/lib/python3.8/site-packages/airflow/example_dags/example_skip_dag.py took 0.058 seconds
[2026-04-21T08:07:46.986+0000] {processor.py:161} INFO - Started process (PID=19904) to work on /home/airflow/.local/lib/python3.8/site-packages/airflow/example_dags/example_skip_dag.py
[2026-04-21T08:07:46.992+0000] {processor.py:830} INFO - Processing file /home/airflow/.local/lib/python3.8/site-packages/airflow/example_dags/example_skip_dag.py for tasks to queue
[2026-04-21T08:07:46.993+0000] {logging_mixin.py:188} INFO - [2026-04-21T08:07:46.993+0000] {dagbag.py:538} INFO - Filling up the DagBag from /home/airflow/.local/lib/python3.8/site-packages/airflow/example_dags/example_skip_dag.py
[2026-04-21T08:07:46.998+0000] {processor.py:840} INFO - DAG(s) 'example_skip_dag' retrieved from /home/airflow/.local/lib/python3.8/site-packages/airflow/example_dags/example_skip_dag.py
[2026-04-21T08:07:47.012+0000] {logging_mixin.py:188} INFO - [2026-04-21T08:07:47.012+0000] {dag.py:3036} INFO - Sync 1 DAGs
[2026-04-21T08:07:47.026+0000] {logging_mixin.py:188} INFO - [2026-04-21T08:07:47.026+0000] {dag.py:3823} INFO - Setting next_dagrun for example_skip_dag to 2026-04-20 00:00:00+00:00, run_after=2026-04-21 00:00:00+00:00
[2026-04-21T08:07:47.036+0000] {processor.py:183} INFO - Processing /home/airflow/.local/lib/python3.8/site-packages/airflow/example_dags/example_skip_dag.py took 0.053 seconds
[2026-04-21T08:08:17.791+0000] {processor.py:161} INFO - Started process (PID=19959) to work on /home/airflow/.local/lib/python3.8/site-packages/airflow/example_dags/example_skip_dag.py
[2026-04-21T08:08:17.799+0000] {processor.py:830} INFO - Processing file /home/airflow/.local/lib/python3.8/site-packages/airflow/example_dags/example_skip_dag.py for tasks to queue
[2026-04-21T08:08:17.800+0000] {logging_mixin.py:188} INFO - [2026-04-21T08:08:17.800+0000] {dagbag.py:538} INFO - Filling up the DagBag from /home/airflow/.local/lib/python3.8/site-packages/airflow/example_dags/example_skip_dag.py
[2026-04-21T08:08:17.805+0000] {processor.py:840} INFO - DAG(s) 'example_skip_dag' retrieved from /home/airflow/.local/lib/python3.8/site-packages/airflow/example_dags/example_skip_dag.py
[2026-04-21T08:08:17.819+0000] {logging_mixin.py:188} INFO - [2026-04-21T08:08:17.819+0000] {dag.py:3036} INFO - Sync 1 DAGs
[2026-04-21T08:08:17.833+0000] {logging_mixin.py:188} INFO - [2026-04-21T08:08:17.833+0000] {dag.py:3823} INFO - Setting next_dagrun for example_skip_dag to 2026-04-20 00:00:00+00:00, run_after=2026-04-21 00:00:00+00:00
[2026-04-21T08:08:17.843+0000] {processor.py:183} INFO - Processing /home/airflow/.local/lib/python3.8/site-packages/airflow/example_dags/example_skip_dag.py took 0.055 seconds
[2026-04-21T08:08:48.608+0000] {processor.py:161} INFO - Started process (PID=20020) to work on /home/airflow/.local/lib/python3.8/site-packages/airflow/example_dags/example_skip_dag.py
[2026-04-21T08:08:48.617+0000] {processor.py:830} INFO - Processing file /home/airflow/.local/lib/python3.8/site-packages/airflow/example_dags/example_skip_dag.py for tasks to queue
[2026-04-21T08:08:48.617+0000] {logging_mixin.py:188} INFO - [2026-04-21T08:08:48.617+0000] {dagbag.py:538} INFO - Filling up the DagBag from /home/airflow/.local/lib/python3.8/site-packages/airflow/example_dags/example_skip_dag.py
[2026-04-21T08:08:48.622+0000] {processor.py:840} INFO - DAG(s) 'example_skip_dag' retrieved from /home/airflow/.local/lib/python3.8/site-packages/airflow/example_dags/example_skip_dag.py
[2026-04-21T08:08:48.640+0000] {logging_mixin.py:188} INFO - [2026-04-21T08:08:48.639+0000] {dag.py:3036} INFO - Sync 1 DAGs
[2026-04-21T08:08:48.656+0000] {logging_mixin.py:188} INFO - [2026-04-21T08:08:48.656+0000] {dag.py:3823} INFO - Setting next_dagrun for example_skip_dag to 2026-04-20 00:00:00+00:00, run_after=2026-04-21 00:00:00+00:00
[2026-04-21T08:08:48.669+0000] {processor.py:183} INFO - Processing /home/airflow/.local/lib/python3.8/site-packages/airflow/example_dags/example_skip_dag.py took 0.064 seconds
[2026-04-21T08:09:19.169+0000] {processor.py:161} INFO - Started process (PID=20075) to work on /home/airflow/.local/lib/python3.8/site-packages/airflow/example_dags/example_skip_dag.py
[2026-04-21T08:09:19.178+0000] {processor.py:830} INFO - Processing file /home/airflow/.local/lib/python3.8/site-packages/airflow/example_dags/example_skip_dag.py for tasks to queue
[2026-04-21T08:09:19.179+0000] {logging_mixin.py:188} INFO - [2026-04-21T08:09:19.179+0000] {dagbag.py:538} INFO - Filling up the DagBag from /home/airflow/.local/lib/python3.8/site-packages/airflow/example_dags/example_skip_dag.py
[2026-04-21T08:09:19.184+0000] {processor.py:840} INFO - DAG(s) 'example_skip_dag' retrieved from /home/airflow/.local/lib/python3.8/site-packages/airflow/example_dags/example_skip_dag.py
[2026-04-21T08:09:19.198+0000] {logging_mixin.py:188} INFO - [2026-04-21T08:09:19.197+0000] {dag.py:3036} INFO - Sync 1 DAGs
[2026-04-21T08:09:19.212+0000] {logging_mixin.py:188} INFO - [2026-04-21T08:09:19.212+0000] {dag.py:3823} INFO - Setting next_dagrun for example_skip_dag to 2026-04-20 00:00:00+00:00, run_after=2026-04-21 00:00:00+00:00
[2026-04-21T08:09:19.222+0000] {processor.py:183} INFO - Processing /home/airflow/.local/lib/python3.8/site-packages/airflow/example_dags/example_skip_dag.py took 0.055 seconds
[2026-04-21T08:09:49.759+0000] {processor.py:161} INFO - Started process (PID=20130) to work on /home/airflow/.local/lib/python3.8/site-packages/airflow/example_dags/example_skip_dag.py
[2026-04-21T08:09:49.760+0000] {processor.py:830} INFO - Processing file /home/airflow/.local/lib/python3.8/site-packages/airflow/example_dags/example_skip_dag.py for tasks to queue
[2026-04-21T08:09:49.760+0000] {logging_mixin.py:188} INFO - [2026-04-21T08:09:49.760+0000] {dagbag.py:538} INFO - Filling up the DagBag from /home/airflow/.local/lib/python3.8/site-packages/airflow/example_dags/example_skip_dag.py
[2026-04-21T08:09:49.765+0000] {processor.py:840} INFO - DAG(s) 'example_skip_dag' retrieved from /home/airflow/.local/lib/python3.8/site-packages/airflow/example_dags/example_skip_dag.py
[2026-04-21T08:09:49.780+0000] {logging_mixin.py:188} INFO - [2026-04-21T08:09:49.779+0000] {dag.py:3036} INFO - Sync 1 DAGs
[2026-04-21T08:09:49.794+0000] {logging_mixin.py:188} INFO - [2026-04-21T08:09:49.793+0000] {dag.py:3823} INFO - Setting next_dagrun for example_skip_dag to 2026-04-20 00:00:00+00:00, run_after=2026-04-21 00:00:00+00:00
[2026-04-21T08:09:49.804+0000] {processor.py:183} INFO - Processing /home/airflow/.local/lib/python3.8/site-packages/airflow/example_dags/example_skip_dag.py took 0.048 seconds
[2026-04-21T08:10:20.499+0000] {processor.py:161} INFO - Started process (PID=20185) to work on /home/airflow/.local/lib/python3.8/site-packages/airflow/example_dags/example_skip_dag.py
[2026-04-21T08:10:20.508+0000] {processor.py:830} INFO - Processing file /home/airflow/.local/lib/python3.8/site-packages/airflow/example_dags/example_skip_dag.py for tasks to queue
[2026-04-21T08:10:20.509+0000] {logging_mixin.py:188} INFO - [2026-04-21T08:10:20.509+0000] {dagbag.py:538} INFO - Filling up the DagBag from /home/airflow/.local/lib/python3.8/site-packages/airflow/example_dags/example_skip_dag.py
[2026-04-21T08:10:20.514+0000] {processor.py:840} INFO - DAG(s) 'example_skip_dag' retrieved from /home/airflow/.local/lib/python3.8/site-packages/airflow/example_dags/example_skip_dag.py
[2026-04-21T08:10:20.528+0000] {logging_mixin.py:188} INFO - [2026-04-21T08:10:20.528+0000] {dag.py:3036} INFO - Sync 1 DAGs
[2026-04-21T08:10:20.542+0000] {logging_mixin.py:188} INFO - [2026-04-21T08:10:20.542+0000] {dag.py:3823} INFO - Setting next_dagrun for example_skip_dag to 2026-04-20 00:00:00+00:00, run_after=2026-04-21 00:00:00+00:00
[2026-04-21T08:10:20.552+0000] {processor.py:183} INFO - Processing /home/airflow/.local/lib/python3.8/site-packages/airflow/example_dags/example_skip_dag.py took 0.056 seconds
[2026-04-21T08:10:51.210+0000] {processor.py:161} INFO - Started process (PID=20240) to work on /home/airflow/.local/lib/python3.8/site-packages/airflow/example_dags/example_skip_dag.py
[2026-04-21T08:10:51.219+0000] {processor.py:830} INFO - Processing file /home/airflow/.local/lib/python3.8/site-packages/airflow/example_dags/example_skip_dag.py for tasks to queue
[2026-04-21T08:10:51.219+0000] {logging_mixin.py:188} INFO - [2026-04-21T08:10:51.219+0000] {dagbag.py:538} INFO - Filling up the DagBag from /home/airflow/.local/lib/python3.8/site-packages/airflow/example_dags/example_skip_dag.py
[2026-04-21T08:10:51.224+0000] {processor.py:840} INFO - DAG(s) 'example_skip_dag' retrieved from /home/airflow/.local/lib/python3.8/site-packages/airflow/example_dags/example_skip_dag.py
[2026-04-21T08:10:51.238+0000] {logging_mixin.py:188} INFO - [2026-04-21T08:10:51.238+0000] {dag.py:3036} INFO - Sync 1 DAGs
[2026-04-21T08:10:51.253+0000] {logging_mixin.py:188} INFO - [2026-04-21T08:10:51.253+0000] {dag.py:3823} INFO - Setting next_dagrun for example_skip_dag to 2026-04-20 00:00:00+00:00, run_after=2026-04-21 00:00:00+00:00
[2026-04-21T08:10:51.265+0000] {processor.py:183} INFO - Processing /home/airflow/.local/lib/python3.8/site-packages/airflow/example_dags/example_skip_dag.py took 0.057 seconds
[2026-04-21T08:11:21.889+0000] {processor.py:161} INFO - Started process (PID=20295) to work on /home/airflow/.local/lib/python3.8/site-packages/airflow/example_dags/example_skip_dag.py
[2026-04-21T08:11:21.890+0000] {processor.py:830} INFO - Processing file /home/airflow/.local/lib/python3.8/site-packages/airflow/example_dags/example_skip_dag.py for tasks to queue
[2026-04-21T08:11:21.891+0000] {logging_mixin.py:188} INFO - [2026-04-21T08:11:21.890+0000] {dagbag.py:538} INFO - Filling up the DagBag from /home/airflow/.local/lib/python3.8/site-packages/airflow/example_dags/example_skip_dag.py
[2026-04-21T08:11:21.896+0000] {processor.py:840} INFO - DAG(s) 'example_skip_dag' retrieved from /home/airflow/.local/lib/python3.8/site-packages/airflow/example_dags/example_skip_dag.py
[2026-04-21T08:11:21.913+0000] {logging_mixin.py:188} INFO - [2026-04-21T08:11:21.913+0000] {dag.py:3036} INFO - Sync 1 DAGs
[2026-04-21T08:11:21.935+0000] {logging_mixin.py:188} INFO - [2026-04-21T08:11:21.934+0000] {dag.py:3823} INFO - Setting next_dagrun for example_skip_dag to 2026-04-20 00:00:00+00:00, run_after=2026-04-21 00:00:00+00:00
[2026-04-21T08:11:21.953+0000] {processor.py:183} INFO - Processing /home/airflow/.local/lib/python3.8/site-packages/airflow/example_dags/example_skip_dag.py took 0.066 seconds
[2026-04-21T08:11:52.603+0000] {processor.py:161} INFO - Started process (PID=20350) to work on /home/airflow/.local/lib/python3.8/site-packages/airflow/example_dags/example_skip_dag.py
[2026-04-21T08:11:52.612+0000] {processor.py:830} INFO - Processing file /home/airflow/.local/lib/python3.8/site-packages/airflow/example_dags/example_skip_dag.py for tasks to queue
[2026-04-21T08:11:52.613+0000] {logging_mixin.py:188} INFO - [2026-04-21T08:11:52.612+0000] {dagbag.py:538} INFO - Filling up the DagBag from /home/airflow/.local/lib/python3.8/site-packages/airflow/example_dags/example_skip_dag.py
[2026-04-21T08:11:52.617+0000] {processor.py:840} INFO - DAG(s) 'example_skip_dag' retrieved from /home/airflow/.local/lib/python3.8/site-packages/airflow/example_dags/example_skip_dag.py
[2026-04-21T08:11:52.634+0000] {logging_mixin.py:188} INFO - [2026-04-21T08:11:52.633+0000] {dag.py:3036} INFO - Sync 1 DAGs
[2026-04-21T08:11:52.652+0000] {logging_mixin.py:188} INFO - [2026-04-21T08:11:52.652+0000] {dag.py:3823} INFO - Setting next_dagrun for example_skip_dag to 2026-04-20 00:00:00+00:00, run_after=2026-04-21 00:00:00+00:00
[2026-04-21T08:11:52.665+0000] {processor.py:183} INFO - Processing /home/airflow/.local/lib/python3.8/site-packages/airflow/example_dags/example_skip_dag.py took 0.063 seconds
[2026-04-21T08:12:23.294+0000] {processor.py:161} INFO - Started process (PID=20405) to work on /home/airflow/.local/lib/python3.8/site-packages/airflow/example_dags/example_skip_dag.py
[2026-04-21T08:12:23.303+0000] {processor.py:830} INFO - Processing file /home/airflow/.local/lib/python3.8/site-packages/airflow/example_dags/example_skip_dag.py for tasks to queue
[2026-04-21T08:12:23.304+0000] {logging_mixin.py:188} INFO - [2026-04-21T08:12:23.304+0000] {dagbag.py:538} INFO - Filling up the DagBag from /home/airflow/.local/lib/python3.8/site-packages/airflow/example_dags/example_skip_dag.py
[2026-04-21T08:12:23.309+0000] {processor.py:840} INFO - DAG(s) 'example_skip_dag' retrieved from /home/airflow/.local/lib/python3.8/site-packages/airflow/example_dags/example_skip_dag.py
[2026-04-21T08:12:23.324+0000] {logging_mixin.py:188} INFO - [2026-04-21T08:12:23.324+0000] {dag.py:3036} INFO - Sync 1 DAGs
[2026-04-21T08:12:23.342+0000] {logging_mixin.py:188} INFO - [2026-04-21T08:12:23.342+0000] {dag.py:3823} INFO - Setting next_dagrun for example_skip_dag to 2026-04-20 00:00:00+00:00, run_after=2026-04-21 00:00:00+00:00
[2026-04-21T08:12:23.356+0000] {processor.py:183} INFO - Processing /home/airflow/.local/lib/python3.8/site-packages/airflow/example_dags/example_skip_dag.py took 0.064 seconds
[2026-04-21T08:12:54.137+0000] {processor.py:161} INFO - Started process (PID=20460) to work on /home/airflow/.local/lib/python3.8/site-packages/airflow/example_dags/example_skip_dag.py
[2026-04-21T08:12:54.138+0000] {processor.py:830} INFO - Processing file /home/airflow/.local/lib/python3.8/site-packages/airflow/example_dags/example_skip_dag.py for tasks to queue
[2026-04-21T08:12:54.138+0000] {logging_mixin.py:188} INFO - [2026-04-21T08:12:54.138+0000] {dagbag.py:538} INFO - Filling up the DagBag from /home/airflow/.local/lib/python3.8/site-packages/airflow/example_dags/example_skip_dag.py
[2026-04-21T08:12:54.144+0000] {processor.py:840} INFO - DAG(s) 'example_skip_dag' retrieved from /home/airflow/.local/lib/python3.8/site-packages/airflow/example_dags/example_skip_dag.py
[2026-04-21T08:12:54.158+0000] {logging_mixin.py:188} INFO - [2026-04-21T08:12:54.158+0000] {dag.py:3036} INFO - Sync 1 DAGs
[2026-04-21T08:12:54.171+0000] {logging_mixin.py:188} INFO - [2026-04-21T08:12:54.171+0000] {dag.py:3823} INFO - Setting next_dagrun for example_skip_dag to 2026-04-20 00:00:00+00:00, run_after=2026-04-21 00:00:00+00:00
[2026-04-21T08:12:54.181+0000] {processor.py:183} INFO - Processing /home/airflow/.local/lib/python3.8/site-packages/airflow/example_dags/example_skip_dag.py took 0.047 seconds
[2026-04-21T08:13:24.816+0000] {processor.py:161} INFO - Started process (PID=20515) to work on /home/airflow/.local/lib/python3.8/site-packages/airflow/example_dags/example_skip_dag.py
[2026-04-21T08:13:24.825+0000] {processor.py:830} INFO - Processing file /home/airflow/.local/lib/python3.8/site-packages/airflow/example_dags/example_skip_dag.py for tasks to queue
[2026-04-21T08:13:24.826+0000] {logging_mixin.py:188} INFO - [2026-04-21T08:13:24.825+0000] {dagbag.py:538} INFO - Filling up the DagBag from /home/airflow/.local/lib/python3.8/site-packages/airflow/example_dags/example_skip_dag.py
[2026-04-21T08:13:24.831+0000] {processor.py:840} INFO - DAG(s) 'example_skip_dag' retrieved from /home/airflow/.local/lib/python3.8/site-packages/airflow/example_dags/example_skip_dag.py
[2026-04-21T08:13:24.845+0000] {logging_mixin.py:188} INFO - [2026-04-21T08:13:24.845+0000] {dag.py:3036} INFO - Sync 1 DAGs
[2026-04-21T08:13:24.859+0000] {logging_mixin.py:188} INFO - [2026-04-21T08:13:24.859+0000] {dag.py:3823} INFO - Setting next_dagrun for example_skip_dag to 2026-04-20 00:00:00+00:00, run_after=2026-04-21 00:00:00+00:00
[2026-04-21T08:13:24.869+0000] {processor.py:183} INFO - Processing /home/airflow/.local/lib/python3.8/site-packages/airflow/example_dags/example_skip_dag.py took 0.056 seconds
[2026-04-21T08:13:55.462+0000] {processor.py:161} INFO - Started process (PID=20570) to work on /home/airflow/.local/lib/python3.8/site-packages/airflow/example_dags/example_skip_dag.py
[2026-04-21T08:13:55.471+0000] {processor.py:830} INFO - Processing file /home/airflow/.local/lib/python3.8/site-packages/airflow/example_dags/example_skip_dag.py for tasks to queue
[2026-04-21T08:13:55.471+0000] {logging_mixin.py:188} INFO - [2026-04-21T08:13:55.471+0000] {dagbag.py:538} INFO - Filling up the DagBag from /home/airflow/.local/lib/python3.8/site-packages/airflow/example_dags/example_skip_dag.py
[2026-04-21T08:13:55.476+0000] {processor.py:840} INFO - DAG(s) 'example_skip_dag' retrieved from /home/airflow/.local/lib/python3.8/site-packages/airflow/example_dags/example_skip_dag.py
[2026-04-21T08:13:55.490+0000] {logging_mixin.py:188} INFO - [2026-04-21T08:13:55.490+0000] {dag.py:3036} INFO - Sync 1 DAGs
[2026-04-21T08:13:55.503+0000] {logging_mixin.py:188} INFO - [2026-04-21T08:13:55.503+0000] {dag.py:3823} INFO - Setting next_dagrun for example_skip_dag to 2026-04-20 00:00:00+00:00, run_after=2026-04-21 00:00:00+00:00
[2026-04-21T08:13:55.513+0000] {processor.py:183} INFO - Processing /home/airflow/.local/lib/python3.8/site-packages/airflow/example_dags/example_skip_dag.py took 0.054 seconds
[2026-04-21T08:14:26.142+0000] {processor.py:161} INFO - Started process (PID=20625) to work on /home/airflow/.local/lib/python3.8/site-packages/airflow/example_dags/example_skip_dag.py
[2026-04-21T08:14:26.150+0000] {processor.py:830} INFO - Processing file /home/airflow/.local/lib/python3.8/site-packages/airflow/example_dags/example_skip_dag.py for tasks to queue
[2026-04-21T08:14:26.152+0000] {logging_mixin.py:188} INFO - [2026-04-21T08:14:26.151+0000] {dagbag.py:538} INFO - Filling up the DagBag from /home/airflow/.local/lib/python3.8/site-packages/airflow/example_dags/example_skip_dag.py
[2026-04-21T08:14:26.157+0000] {processor.py:840} INFO - DAG(s) 'example_skip_dag' retrieved from /home/airflow/.local/lib/python3.8/site-packages/airflow/example_dags/example_skip_dag.py
[2026-04-21T08:14:26.171+0000] {logging_mixin.py:188} INFO - [2026-04-21T08:14:26.171+0000] {dag.py:3036} INFO - Sync 1 DAGs
[2026-04-21T08:14:26.185+0000] {logging_mixin.py:188} INFO - [2026-04-21T08:14:26.184+0000] {dag.py:3823} INFO - Setting next_dagrun for example_skip_dag to 2026-04-20 00:00:00+00:00, run_after=2026-04-21 00:00:00+00:00
[2026-04-21T08:14:26.195+0000] {processor.py:183} INFO - Processing /home/airflow/.local/lib/python3.8/site-packages/airflow/example_dags/example_skip_dag.py took 0.056 seconds
[2026-04-21T08:14:56.821+0000] {processor.py:161} INFO - Started process (PID=20680) to work on /home/airflow/.local/lib/python3.8/site-packages/airflow/example_dags/example_skip_dag.py
[2026-04-21T08:14:56.829+0000] {processor.py:830} INFO - Processing file /home/airflow/.local/lib/python3.8/site-packages/airflow/example_dags/example_skip_dag.py for tasks to queue
[2026-04-21T08:14:56.830+0000] {logging_mixin.py:188} INFO - [2026-04-21T08:14:56.830+0000] {dagbag.py:538} INFO - Filling up the DagBag from /home/airflow/.local/lib/python3.8/site-packages/airflow/example_dags/example_skip_dag.py
[2026-04-21T08:14:56.835+0000] {processor.py:840} INFO - DAG(s) 'example_skip_dag' retrieved from /home/airflow/.local/lib/python3.8/site-packages/airflow/example_dags/example_skip_dag.py
[2026-04-21T08:14:56.851+0000] {logging_mixin.py:188} INFO - [2026-04-21T08:14:56.851+0000] {dag.py:3036} INFO - Sync 1 DAGs
[2026-04-21T08:14:56.865+0000] {logging_mixin.py:188} INFO - [2026-04-21T08:14:56.865+0000] {dag.py:3823} INFO - Setting next_dagrun for example_skip_dag to 2026-04-20 00:00:00+00:00, run_after=2026-04-21 00:00:00+00:00
[2026-04-21T08:14:56.876+0000] {processor.py:183} INFO - Processing /home/airflow/.local/lib/python3.8/site-packages/airflow/example_dags/example_skip_dag.py took 0.058 seconds
[2026-04-21T08:15:27.089+0000] {processor.py:161} INFO - Started process (PID=20735) to work on /home/airflow/.local/lib/python3.8/site-packages/airflow/example_dags/example_skip_dag.py
[2026-04-21T08:15:27.090+0000] {processor.py:830} INFO - Processing file /home/airflow/.local/lib/python3.8/site-packages/airflow/example_dags/example_skip_dag.py for tasks to queue
[2026-04-21T08:15:27.091+0000] {logging_mixin.py:188} INFO - [2026-04-21T08:15:27.091+0000] {dagbag.py:538} INFO - Filling up the DagBag from /home/airflow/.local/lib/python3.8/site-packages/airflow/example_dags/example_skip_dag.py
[2026-04-21T08:15:27.096+0000] {processor.py:840} INFO - DAG(s) 'example_skip_dag' retrieved from /home/airflow/.local/lib/python3.8/site-packages/airflow/example_dags/example_skip_dag.py
[2026-04-21T08:15:27.111+0000] {logging_mixin.py:188} INFO - [2026-04-21T08:15:27.111+0000] {dag.py:3036} INFO - Sync 1 DAGs
[2026-04-21T08:15:27.128+0000] {logging_mixin.py:188} INFO - [2026-04-21T08:15:27.127+0000] {dag.py:3823} INFO - Setting next_dagrun for example_skip_dag to 2026-04-20 00:00:00+00:00, run_after=2026-04-21 00:00:00+00:00
[2026-04-21T08:15:27.139+0000] {processor.py:183} INFO - Processing /home/airflow/.local/lib/python3.8/site-packages/airflow/example_dags/example_skip_dag.py took 0.053 seconds
[2026-04-21T08:15:57.869+0000] {processor.py:161} INFO - Started process (PID=20790) to work on /home/airflow/.local/lib/python3.8/site-packages/airflow/example_dags/example_skip_dag.py
[2026-04-21T08:15:57.878+0000] {processor.py:830} INFO - Processing file /home/airflow/.local/lib/python3.8/site-packages/airflow/example_dags/example_skip_dag.py for tasks to queue
[2026-04-21T08:15:57.878+0000] {logging_mixin.py:188} INFO - [2026-04-21T08:15:57.878+0000] {dagbag.py:538} INFO - Filling up the DagBag from /home/airflow/.local/lib/python3.8/site-packages/airflow/example_dags/example_skip_dag.py
[2026-04-21T08:15:57.883+0000] {processor.py:840} INFO - DAG(s) 'example_skip_dag' retrieved from /home/airflow/.local/lib/python3.8/site-packages/airflow/example_dags/example_skip_dag.py
[2026-04-21T08:15:57.898+0000] {logging_mixin.py:188} INFO - [2026-04-21T08:15:57.898+0000] {dag.py:3036} INFO - Sync 1 DAGs
[2026-04-21T08:15:57.912+0000] {logging_mixin.py:188} INFO - [2026-04-21T08:15:57.912+0000] {dag.py:3823} INFO - Setting next_dagrun for example_skip_dag to 2026-04-20 00:00:00+00:00, run_after=2026-04-21 00:00:00+00:00
[2026-04-21T08:15:57.922+0000] {processor.py:183} INFO - Processing /home/airflow/.local/lib/python3.8/site-packages/airflow/example_dags/example_skip_dag.py took 0.056 seconds
[2026-04-21T08:16:28.465+0000] {processor.py:161} INFO - Started process (PID=20845) to work on /home/airflow/.local/lib/python3.8/site-packages/airflow/example_dags/example_skip_dag.py
[2026-04-21T08:16:28.474+0000] {processor.py:830} INFO - Processing file /home/airflow/.local/lib/python3.8/site-packages/airflow/example_dags/example_skip_dag.py for tasks to queue
[2026-04-21T08:16:28.474+0000] {logging_mixin.py:188} INFO - [2026-04-21T08:16:28.474+0000] {dagbag.py:538} INFO - Filling up the DagBag from /home/airflow/.local/lib/python3.8/site-packages/airflow/example_dags/example_skip_dag.py
[2026-04-21T08:16:28.480+0000] {processor.py:840} INFO - DAG(s) 'example_skip_dag' retrieved from /home/airflow/.local/lib/python3.8/site-packages/airflow/example_dags/example_skip_dag.py
[2026-04-21T08:16:28.498+0000] {logging_mixin.py:188} INFO - [2026-04-21T08:16:28.497+0000] {dag.py:3036} INFO - Sync 1 DAGs
[2026-04-21T08:16:28.515+0000] {logging_mixin.py:188} INFO - [2026-04-21T08:16:28.515+0000] {dag.py:3823} INFO - Setting next_dagrun for example_skip_dag to 2026-04-20 00:00:00+00:00, run_after=2026-04-21 00:00:00+00:00
[2026-04-21T08:16:28.529+0000] {processor.py:183} INFO - Processing /home/airflow/.local/lib/python3.8/site-packages/airflow/example_dags/example_skip_dag.py took 0.067 seconds
[2026-04-21T08:16:59.477+0000] {processor.py:161} INFO - Started process (PID=20900) to work on /home/airflow/.local/lib/python3.8/site-packages/airflow/example_dags/example_skip_dag.py
[2026-04-21T08:16:59.485+0000] {processor.py:830} INFO - Processing file /home/airflow/.local/lib/python3.8/site-packages/airflow/example_dags/example_skip_dag.py for tasks to queue
[2026-04-21T08:16:59.486+0000] {logging_mixin.py:188} INFO - [2026-04-21T08:16:59.486+0000] {dagbag.py:538} INFO - Filling up the DagBag from /home/airflow/.local/lib/python3.8/site-packages/airflow/example_dags/example_skip_dag.py
[2026-04-21T08:16:59.491+0000] {processor.py:840} INFO - DAG(s) 'example_skip_dag' retrieved from /home/airflow/.local/lib/python3.8/site-packages/airflow/example_dags/example_skip_dag.py
[2026-04-21T08:16:59.509+0000] {logging_mixin.py:188} INFO - [2026-04-21T08:16:59.509+0000] {dag.py:3036} INFO - Sync 1 DAGs
[2026-04-21T08:16:59.526+0000] {logging_mixin.py:188} INFO - [2026-04-21T08:16:59.526+0000] {dag.py:3823} INFO - Setting next_dagrun for example_skip_dag to 2026-04-20 00:00:00+00:00, run_after=2026-04-21 00:00:00+00:00
[2026-04-21T08:16:59.539+0000] {processor.py:183} INFO - Processing /home/airflow/.local/lib/python3.8/site-packages/airflow/example_dags/example_skip_dag.py took 0.065 seconds
[2026-04-21T08:17:30.423+0000] {processor.py:161} INFO - Started process (PID=20955) to work on /home/airflow/.local/lib/python3.8/site-packages/airflow/example_dags/example_skip_dag.py
[2026-04-21T08:17:30.431+0000] {processor.py:830} INFO - Processing file /home/airflow/.local/lib/python3.8/site-packages/airflow/example_dags/example_skip_dag.py for tasks to queue
[2026-04-21T08:17:30.433+0000] {logging_mixin.py:188} INFO - [2026-04-21T08:17:30.432+0000] {dagbag.py:538} INFO - Filling up the DagBag from /home/airflow/.local/lib/python3.8/site-packages/airflow/example_dags/example_skip_dag.py
[2026-04-21T08:17:30.437+0000] {processor.py:840} INFO - DAG(s) 'example_skip_dag' retrieved from /home/airflow/.local/lib/python3.8/site-packages/airflow/example_dags/example_skip_dag.py
[2026-04-21T08:17:30.451+0000] {logging_mixin.py:188} INFO - [2026-04-21T08:17:30.451+0000] {dag.py:3036} INFO - Sync 1 DAGs
[2026-04-21T08:17:30.465+0000] {logging_mixin.py:188} INFO - [2026-04-21T08:17:30.465+0000] {dag.py:3823} INFO - Setting next_dagrun for example_skip_dag to 2026-04-20 00:00:00+00:00, run_after=2026-04-21 00:00:00+00:00
[2026-04-21T08:17:30.475+0000] {processor.py:183} INFO - Processing /home/airflow/.local/lib/python3.8/site-packages/airflow/example_dags/example_skip_dag.py took 0.055 seconds
[2026-04-21T08:18:01.025+0000] {processor.py:161} INFO - Started process (PID=21010) to work on /home/airflow/.local/lib/python3.8/site-packages/airflow/example_dags/example_skip_dag.py
[2026-04-21T08:18:01.034+0000] {processor.py:830} INFO - Processing file /home/airflow/.local/lib/python3.8/site-packages/airflow/example_dags/example_skip_dag.py for tasks to queue
[2026-04-21T08:18:01.035+0000] {logging_mixin.py:188} INFO - [2026-04-21T08:18:01.035+0000] {dagbag.py:538} INFO - Filling up the DagBag from /home/airflow/.local/lib/python3.8/site-packages/airflow/example_dags/example_skip_dag.py
[2026-04-21T08:18:01.040+0000] {processor.py:840} INFO - DAG(s) 'example_skip_dag' retrieved from /home/airflow/.local/lib/python3.8/site-packages/airflow/example_dags/example_skip_dag.py
[2026-04-21T08:18:01.054+0000] {logging_mixin.py:188} INFO - [2026-04-21T08:18:01.054+0000] {dag.py:3036} INFO - Sync 1 DAGs
[2026-04-21T08:18:01.069+0000] {logging_mixin.py:188} INFO - [2026-04-21T08:18:01.069+0000] {dag.py:3823} INFO - Setting next_dagrun for example_skip_dag to 2026-04-20 00:00:00+00:00, run_after=2026-04-21 00:00:00+00:00
[2026-04-21T08:18:01.079+0000] {processor.py:183} INFO - Processing /home/airflow/.local/lib/python3.8/site-packages/airflow/example_dags/example_skip_dag.py took 0.057 seconds
[2026-04-21T08:18:31.659+0000] {processor.py:161} INFO - Started process (PID=21065) to work on /home/airflow/.local/lib/python3.8/site-packages/airflow/example_dags/example_skip_dag.py
[2026-04-21T08:18:31.660+0000] {processor.py:830} INFO - Processing file /home/airflow/.local/lib/python3.8/site-packages/airflow/example_dags/example_skip_dag.py for tasks to queue
[2026-04-21T08:18:31.661+0000] {logging_mixin.py:188} INFO - [2026-04-21T08:18:31.661+0000] {dagbag.py:538} INFO - Filling up the DagBag from /home/airflow/.local/lib/python3.8/site-packages/airflow/example_dags/example_skip_dag.py
[2026-04-21T08:18:31.669+0000] {processor.py:840} INFO - DAG(s) 'example_skip_dag' retrieved from /home/airflow/.local/lib/python3.8/site-packages/airflow/example_dags/example_skip_dag.py
[2026-04-21T08:18:31.685+0000] {logging_mixin.py:188} INFO - [2026-04-21T08:18:31.685+0000] {dag.py:3036} INFO - Sync 1 DAGs
[2026-04-21T08:18:31.702+0000] {logging_mixin.py:188} INFO - [2026-04-21T08:18:31.702+0000] {dag.py:3823} INFO - Setting next_dagrun for example_skip_dag to 2026-04-20 00:00:00+00:00, run_after=2026-04-21 00:00:00+00:00
[2026-04-21T08:18:31.715+0000] {processor.py:183} INFO - Processing /home/airflow/.local/lib/python3.8/site-packages/airflow/example_dags/example_skip_dag.py took 0.059 seconds
[2026-04-21T08:19:02.371+0000] {processor.py:161} INFO - Started process (PID=21120) to work on /home/airflow/.local/lib/python3.8/site-packages/airflow/example_dags/example_skip_dag.py
[2026-04-21T08:19:02.380+0000] {processor.py:830} INFO - Processing file /home/airflow/.local/lib/python3.8/site-packages/airflow/example_dags/example_skip_dag.py for tasks to queue
[2026-04-21T08:19:02.381+0000] {logging_mixin.py:188} INFO - [2026-04-21T08:19:02.380+0000] {dagbag.py:538} INFO - Filling up the DagBag from /home/airflow/.local/lib/python3.8/site-packages/airflow/example_dags/example_skip_dag.py
[2026-04-21T08:19:02.385+0000] {processor.py:840} INFO - DAG(s) 'example_skip_dag' retrieved from /home/airflow/.local/lib/python3.8/site-packages/airflow/example_dags/example_skip_dag.py
[2026-04-21T08:19:02.400+0000] {logging_mixin.py:188} INFO - [2026-04-21T08:19:02.400+0000] {dag.py:3036} INFO - Sync 1 DAGs
[2026-04-21T08:19:02.415+0000] {logging_mixin.py:188} INFO - [2026-04-21T08:19:02.415+0000] {dag.py:3823} INFO - Setting next_dagrun for example_skip_dag to 2026-04-20 00:00:00+00:00, run_after=2026-04-21 00:00:00+00:00
[2026-04-21T08:19:02.425+0000] {processor.py:183} INFO - Processing /home/airflow/.local/lib/python3.8/site-packages/airflow/example_dags/example_skip_dag.py took 0.057 seconds
[2026-04-21T08:19:33.399+0000] {processor.py:161} INFO - Started process (PID=21175) to work on /home/airflow/.local/lib/python3.8/site-packages/airflow/example_dags/example_skip_dag.py
[2026-04-21T08:19:33.400+0000] {processor.py:830} INFO - Processing file /home/airflow/.local/lib/python3.8/site-packages/airflow/example_dags/example_skip_dag.py for tasks to queue
[2026-04-21T08:19:33.401+0000] {logging_mixin.py:188} INFO - [2026-04-21T08:19:33.401+0000] {dagbag.py:538} INFO - Filling up the DagBag from /home/airflow/.local/lib/python3.8/site-packages/airflow/example_dags/example_skip_dag.py
[2026-04-21T08:19:33.406+0000] {processor.py:840} INFO - DAG(s) 'example_skip_dag' retrieved from /home/airflow/.local/lib/python3.8/site-packages/airflow/example_dags/example_skip_dag.py
[2026-04-21T08:19:33.422+0000] {logging_mixin.py:188} INFO - [2026-04-21T08:19:33.421+0000] {dag.py:3036} INFO - Sync 1 DAGs
[2026-04-21T08:19:33.436+0000] {logging_mixin.py:188} INFO - [2026-04-21T08:19:33.436+0000] {dag.py:3823} INFO - Setting next_dagrun for example_skip_dag to 2026-04-20 00:00:00+00:00, run_after=2026-04-21 00:00:00+00:00
[2026-04-21T08:19:33.448+0000] {processor.py:183} INFO - Processing /home/airflow/.local/lib/python3.8/site-packages/airflow/example_dags/example_skip_dag.py took 0.052 seconds
[2026-04-21T08:20:04.327+0000] {processor.py:161} INFO - Started process (PID=21230) to work on /home/airflow/.local/lib/python3.8/site-packages/airflow/example_dags/example_skip_dag.py
[2026-04-21T08:20:04.328+0000] {processor.py:830} INFO - Processing file /home/airflow/.local/lib/python3.8/site-packages/airflow/example_dags/example_skip_dag.py for tasks to queue
[2026-04-21T08:20:04.329+0000] {logging_mixin.py:188} INFO - [2026-04-21T08:20:04.329+0000] {dagbag.py:538} INFO - Filling up the DagBag from /home/airflow/.local/lib/python3.8/site-packages/airflow/example_dags/example_skip_dag.py
[2026-04-21T08:20:04.336+0000] {processor.py:840} INFO - DAG(s) 'example_skip_dag' retrieved from /home/airflow/.local/lib/python3.8/site-packages/airflow/example_dags/example_skip_dag.py
[2026-04-21T08:20:04.353+0000] {logging_mixin.py:188} INFO - [2026-04-21T08:20:04.353+0000] {dag.py:3036} INFO - Sync 1 DAGs
[2026-04-21T08:20:04.374+0000] {logging_mixin.py:188} INFO - [2026-04-21T08:20:04.374+0000] {dag.py:3823} INFO - Setting next_dagrun for example_skip_dag to 2026-04-20 00:00:00+00:00, run_after=2026-04-21 00:00:00+00:00
[2026-04-21T08:20:04.387+0000] {processor.py:183} INFO - Processing /home/airflow/.local/lib/python3.8/site-packages/airflow/example_dags/example_skip_dag.py took 0.063 seconds
[2026-04-21T08:20:35.058+0000] {processor.py:161} INFO - Started process (PID=21285) to work on /home/airflow/.local/lib/python3.8/site-packages/airflow/example_dags/example_skip_dag.py
[2026-04-21T08:20:35.067+0000] {processor.py:830} INFO - Processing file /home/airflow/.local/lib/python3.8/site-packages/airflow/example_dags/example_skip_dag.py for tasks to queue
[2026-04-21T08:20:35.067+0000] {logging_mixin.py:188} INFO - [2026-04-21T08:20:35.067+0000] {dagbag.py:538} INFO - Filling up the DagBag from /home/airflow/.local/lib/python3.8/site-packages/airflow/example_dags/example_skip_dag.py
[2026-04-21T08:20:35.072+0000] {processor.py:840} INFO - DAG(s) 'example_skip_dag' retrieved from /home/airflow/.local/lib/python3.8/site-packages/airflow/example_dags/example_skip_dag.py
[2026-04-21T08:20:35.087+0000] {logging_mixin.py:188} INFO - [2026-04-21T08:20:35.087+0000] {dag.py:3036} INFO - Sync 1 DAGs
[2026-04-21T08:20:35.100+0000] {logging_mixin.py:188} INFO - [2026-04-21T08:20:35.100+0000] {dag.py:3823} INFO - Setting next_dagrun for example_skip_dag to 2026-04-20 00:00:00+00:00, run_after=2026-04-21 00:00:00+00:00
[2026-04-21T08:20:35.111+0000] {processor.py:183} INFO - Processing /home/airflow/.local/lib/python3.8/site-packages/airflow/example_dags/example_skip_dag.py took 0.056 seconds
[2026-04-21T08:21:05.685+0000] {processor.py:161} INFO - Started process (PID=21340) to work on /home/airflow/.local/lib/python3.8/site-packages/airflow/example_dags/example_skip_dag.py
[2026-04-21T08:21:05.694+0000] {processor.py:830} INFO - Processing file /home/airflow/.local/lib/python3.8/site-packages/airflow/example_dags/example_skip_dag.py for tasks to queue
[2026-04-21T08:21:05.694+0000] {logging_mixin.py:188} INFO - [2026-04-21T08:21:05.694+0000] {dagbag.py:538} INFO - Filling up the DagBag from /home/airflow/.local/lib/python3.8/site-packages/airflow/example_dags/example_skip_dag.py
[2026-04-21T08:21:05.699+0000] {processor.py:840} INFO - DAG(s) 'example_skip_dag' retrieved from /home/airflow/.local/lib/python3.8/site-packages/airflow/example_dags/example_skip_dag.py
[2026-04-21T08:21:05.714+0000] {logging_mixin.py:188} INFO - [2026-04-21T08:21:05.714+0000] {dag.py:3036} INFO - Sync 1 DAGs
[2026-04-21T08:21:05.728+0000] {logging_mixin.py:188} INFO - [2026-04-21T08:21:05.728+0000] {dag.py:3823} INFO - Setting next_dagrun for example_skip_dag to 2026-04-20 00:00:00+00:00, run_after=2026-04-21 00:00:00+00:00
[2026-04-21T08:21:05.738+0000] {processor.py:183} INFO - Processing /home/airflow/.local/lib/python3.8/site-packages/airflow/example_dags/example_skip_dag.py took 0.055 seconds
[2026-04-21T08:21:35.933+0000] {processor.py:161} INFO - Started process (PID=21395) to work on /home/airflow/.local/lib/python3.8/site-packages/airflow/example_dags/example_skip_dag.py
[2026-04-21T08:21:35.934+0000] {processor.py:830} INFO - Processing file /home/airflow/.local/lib/python3.8/site-packages/airflow/example_dags/example_skip_dag.py for tasks to queue
[2026-04-21T08:21:35.935+0000] {logging_mixin.py:188} INFO - [2026-04-21T08:21:35.935+0000] {dagbag.py:538} INFO - Filling up the DagBag from /home/airflow/.local/lib/python3.8/site-packages/airflow/example_dags/example_skip_dag.py
[2026-04-21T08:21:35.940+0000] {processor.py:840} INFO - DAG(s) 'example_skip_dag' retrieved from /home/airflow/.local/lib/python3.8/site-packages/airflow/example_dags/example_skip_dag.py
[2026-04-21T08:21:35.955+0000] {logging_mixin.py:188} INFO - [2026-04-21T08:21:35.954+0000] {dag.py:3036} INFO - Sync 1 DAGs
[2026-04-21T08:21:35.969+0000] {logging_mixin.py:188} INFO - [2026-04-21T08:21:35.969+0000] {dag.py:3823} INFO - Setting next_dagrun for example_skip_dag to 2026-04-20 00:00:00+00:00, run_after=2026-04-21 00:00:00+00:00
[2026-04-21T08:21:35.981+0000] {processor.py:183} INFO - Processing /home/airflow/.local/lib/python3.8/site-packages/airflow/example_dags/example_skip_dag.py took 0.051 seconds
[2026-04-21T08:22:06.057+0000] {processor.py:161} INFO - Started process (PID=21450) to work on /home/airflow/.local/lib/python3.8/site-packages/airflow/example_dags/example_skip_dag.py
[2026-04-21T08:22:06.066+0000] {processor.py:830} INFO - Processing file /home/airflow/.local/lib/python3.8/site-packages/airflow/example_dags/example_skip_dag.py for tasks to queue
[2026-04-21T08:22:06.068+0000] {logging_mixin.py:188} INFO - [2026-04-21T08:22:06.067+0000] {dagbag.py:538} INFO - Filling up the DagBag from /home/airflow/.local/lib/python3.8/site-packages/airflow/example_dags/example_skip_dag.py
[2026-04-21T08:22:06.072+0000] {processor.py:840} INFO - DAG(s) 'example_skip_dag' retrieved from /home/airflow/.local/lib/python3.8/site-packages/airflow/example_dags/example_skip_dag.py
[2026-04-21T08:22:06.087+0000] {logging_mixin.py:188} INFO - [2026-04-21T08:22:06.087+0000] {dag.py:3036} INFO - Sync 1 DAGs
[2026-04-21T08:22:06.102+0000] {logging_mixin.py:188} INFO - [2026-04-21T08:22:06.102+0000] {dag.py:3823} INFO - Setting next_dagrun for example_skip_dag to 2026-04-20 00:00:00+00:00, run_after=2026-04-21 00:00:00+00:00
[2026-04-21T08:22:06.115+0000] {processor.py:183} INFO - Processing /home/airflow/.local/lib/python3.8/site-packages/airflow/example_dags/example_skip_dag.py took 0.061 seconds
[2026-04-21T08:22:36.290+0000] {processor.py:161} INFO - Started process (PID=21505) to work on /home/airflow/.local/lib/python3.8/site-packages/airflow/example_dags/example_skip_dag.py
[2026-04-21T08:22:36.299+0000] {processor.py:830} INFO - Processing file /home/airflow/.local/lib/python3.8/site-packages/airflow/example_dags/example_skip_dag.py for tasks to queue
[2026-04-21T08:22:36.299+0000] {logging_mixin.py:188} INFO - [2026-04-21T08:22:36.299+0000] {dagbag.py:538} INFO - Filling up the DagBag from /home/airflow/.local/lib/python3.8/site-packages/airflow/example_dags/example_skip_dag.py
[2026-04-21T08:22:36.304+0000] {processor.py:840} INFO - DAG(s) 'example_skip_dag' retrieved from /home/airflow/.local/lib/python3.8/site-packages/airflow/example_dags/example_skip_dag.py
[2026-04-21T08:22:36.322+0000] {logging_mixin.py:188} INFO - [2026-04-21T08:22:36.322+0000] {dag.py:3036} INFO - Sync 1 DAGs
[2026-04-21T08:22:36.336+0000] {logging_mixin.py:188} INFO - [2026-04-21T08:22:36.336+0000] {dag.py:3823} INFO - Setting next_dagrun for example_skip_dag to 2026-04-20 00:00:00+00:00, run_after=2026-04-21 00:00:00+00:00
[2026-04-21T08:22:36.348+0000] {processor.py:183} INFO - Processing /home/airflow/.local/lib/python3.8/site-packages/airflow/example_dags/example_skip_dag.py took 0.062 seconds
[2026-04-21T08:23:06.960+0000] {processor.py:161} INFO - Started process (PID=21560) to work on /home/airflow/.local/lib/python3.8/site-packages/airflow/example_dags/example_skip_dag.py
[2026-04-21T08:23:06.968+0000] {processor.py:830} INFO - Processing file /home/airflow/.local/lib/python3.8/site-packages/airflow/example_dags/example_skip_dag.py for tasks to queue
[2026-04-21T08:23:06.969+0000] {logging_mixin.py:188} INFO - [2026-04-21T08:23:06.969+0000] {dagbag.py:538} INFO - Filling up the DagBag from /home/airflow/.local/lib/python3.8/site-packages/airflow/example_dags/example_skip_dag.py
[2026-04-21T08:23:06.973+0000] {processor.py:840} INFO - DAG(s) 'example_skip_dag' retrieved from /home/airflow/.local/lib/python3.8/site-packages/airflow/example_dags/example_skip_dag.py
[2026-04-21T08:23:06.989+0000] {logging_mixin.py:188} INFO - [2026-04-21T08:23:06.988+0000] {dag.py:3036} INFO - Sync 1 DAGs
[2026-04-21T08:23:07.004+0000] {logging_mixin.py:188} INFO - [2026-04-21T08:23:07.003+0000] {dag.py:3823} INFO - Setting next_dagrun for example_skip_dag to 2026-04-20 00:00:00+00:00, run_after=2026-04-21 00:00:00+00:00
[2026-04-21T08:23:07.015+0000] {processor.py:183} INFO - Processing /home/airflow/.local/lib/python3.8/site-packages/airflow/example_dags/example_skip_dag.py took 0.058 seconds
[2026-04-21T08:23:37.692+0000] {processor.py:161} INFO - Started process (PID=21615) to work on /home/airflow/.local/lib/python3.8/site-packages/airflow/example_dags/example_skip_dag.py
[2026-04-21T08:23:37.693+0000] {processor.py:830} INFO - Processing file /home/airflow/.local/lib/python3.8/site-packages/airflow/example_dags/example_skip_dag.py for tasks to queue
[2026-04-21T08:23:37.694+0000] {logging_mixin.py:188} INFO - [2026-04-21T08:23:37.694+0000] {dagbag.py:538} INFO - Filling up the DagBag from /home/airflow/.local/lib/python3.8/site-packages/airflow/example_dags/example_skip_dag.py
[2026-04-21T08:23:37.699+0000] {processor.py:840} INFO - DAG(s) 'example_skip_dag' retrieved from /home/airflow/.local/lib/python3.8/site-packages/airflow/example_dags/example_skip_dag.py
[2026-04-21T08:23:37.714+0000] {logging_mixin.py:188} INFO - [2026-04-21T08:23:37.714+0000] {dag.py:3036} INFO - Sync 1 DAGs
[2026-04-21T08:23:37.729+0000] {logging_mixin.py:188} INFO - [2026-04-21T08:23:37.729+0000] {dag.py:3823} INFO - Setting next_dagrun for example_skip_dag to 2026-04-20 00:00:00+00:00, run_after=2026-04-21 00:00:00+00:00
[2026-04-21T08:23:37.740+0000] {processor.py:183} INFO - Processing /home/airflow/.local/lib/python3.8/site-packages/airflow/example_dags/example_skip_dag.py took 0.050 seconds
[2026-04-21T08:24:08.293+0000] {processor.py:161} INFO - Started process (PID=21670) to work on /home/airflow/.local/lib/python3.8/site-packages/airflow/example_dags/example_skip_dag.py
[2026-04-21T08:24:08.302+0000] {processor.py:830} INFO - Processing file /home/airflow/.local/lib/python3.8/site-packages/airflow/example_dags/example_skip_dag.py for tasks to queue
[2026-04-21T08:24:08.303+0000] {logging_mixin.py:188} INFO - [2026-04-21T08:24:08.303+0000] {dagbag.py:538} INFO - Filling up the DagBag from /home/airflow/.local/lib/python3.8/site-packages/airflow/example_dags/example_skip_dag.py
[2026-04-21T08:24:08.308+0000] {processor.py:840} INFO - DAG(s) 'example_skip_dag' retrieved from /home/airflow/.local/lib/python3.8/site-packages/airflow/example_dags/example_skip_dag.py
[2026-04-21T08:24:08.325+0000] {logging_mixin.py:188} INFO - [2026-04-21T08:24:08.325+0000] {dag.py:3036} INFO - Sync 1 DAGs
[2026-04-21T08:24:08.341+0000] {logging_mixin.py:188} INFO - [2026-04-21T08:24:08.341+0000] {dag.py:3823} INFO - Setting next_dagrun for example_skip_dag to 2026-04-20 00:00:00+00:00, run_after=2026-04-21 00:00:00+00:00
[2026-04-21T08:24:08.353+0000] {processor.py:183} INFO - Processing /home/airflow/.local/lib/python3.8/site-packages/airflow/example_dags/example_skip_dag.py took 0.062 seconds
[2026-04-21T08:24:38.372+0000] {processor.py:161} INFO - Started process (PID=21725) to work on /home/airflow/.local/lib/python3.8/site-packages/airflow/example_dags/example_skip_dag.py
[2026-04-21T08:24:38.381+0000] {processor.py:830} INFO - Processing file /home/airflow/.local/lib/python3.8/site-packages/airflow/example_dags/example_skip_dag.py for tasks to queue
[2026-04-21T08:24:38.382+0000] {logging_mixin.py:188} INFO - [2026-04-21T08:24:38.382+0000] {dagbag.py:538} INFO - Filling up the DagBag from /home/airflow/.local/lib/python3.8/site-packages/airflow/example_dags/example_skip_dag.py
[2026-04-21T08:24:38.387+0000] {processor.py:840} INFO - DAG(s) 'example_skip_dag' retrieved from /home/airflow/.local/lib/python3.8/site-packages/airflow/example_dags/example_skip_dag.py
[2026-04-21T08:24:38.401+0000] {logging_mixin.py:188} INFO - [2026-04-21T08:24:38.401+0000] {dag.py:3036} INFO - Sync 1 DAGs
[2026-04-21T08:24:38.416+0000] {logging_mixin.py:188} INFO - [2026-04-21T08:24:38.415+0000] {dag.py:3823} INFO - Setting next_dagrun for example_skip_dag to 2026-04-20 00:00:00+00:00, run_after=2026-04-21 00:00:00+00:00
[2026-04-21T08:24:38.426+0000] {processor.py:183} INFO - Processing /home/airflow/.local/lib/python3.8/site-packages/airflow/example_dags/example_skip_dag.py took 0.057 seconds
[2026-04-21T08:25:08.656+0000] {processor.py:161} INFO - Started process (PID=21780) to work on /home/airflow/.local/lib/python3.8/site-packages/airflow/example_dags/example_skip_dag.py
[2026-04-21T08:25:08.657+0000] {processor.py:830} INFO - Processing file /home/airflow/.local/lib/python3.8/site-packages/airflow/example_dags/example_skip_dag.py for tasks to queue
[2026-04-21T08:25:08.657+0000] {logging_mixin.py:188} INFO - [2026-04-21T08:25:08.657+0000] {dagbag.py:538} INFO - Filling up the DagBag from /home/airflow/.local/lib/python3.8/site-packages/airflow/example_dags/example_skip_dag.py
[2026-04-21T08:25:08.663+0000] {processor.py:840} INFO - DAG(s) 'example_skip_dag' retrieved from /home/airflow/.local/lib/python3.8/site-packages/airflow/example_dags/example_skip_dag.py
[2026-04-21T08:25:08.680+0000] {logging_mixin.py:188} INFO - [2026-04-21T08:25:08.680+0000] {dag.py:3036} INFO - Sync 1 DAGs
[2026-04-21T08:25:08.696+0000] {logging_mixin.py:188} INFO - [2026-04-21T08:25:08.696+0000] {dag.py:3823} INFO - Setting next_dagrun for example_skip_dag to 2026-04-20 00:00:00+00:00, run_after=2026-04-21 00:00:00+00:00
[2026-04-21T08:25:08.708+0000] {processor.py:183} INFO - Processing /home/airflow/.local/lib/python3.8/site-packages/airflow/example_dags/example_skip_dag.py took 0.055 seconds
[2026-04-21T08:25:38.764+0000] {processor.py:161} INFO - Started process (PID=21835) to work on /home/airflow/.local/lib/python3.8/site-packages/airflow/example_dags/example_skip_dag.py
[2026-04-21T08:25:38.765+0000] {processor.py:830} INFO - Processing file /home/airflow/.local/lib/python3.8/site-packages/airflow/example_dags/example_skip_dag.py for tasks to queue
[2026-04-21T08:25:38.765+0000] {logging_mixin.py:188} INFO - [2026-04-21T08:25:38.765+0000] {dagbag.py:538} INFO - Filling up the DagBag from /home/airflow/.local/lib/python3.8/site-packages/airflow/example_dags/example_skip_dag.py
[2026-04-21T08:25:38.770+0000] {processor.py:840} INFO - DAG(s) 'example_skip_dag' retrieved from /home/airflow/.local/lib/python3.8/site-packages/airflow/example_dags/example_skip_dag.py
[2026-04-21T08:25:38.785+0000] {logging_mixin.py:188} INFO - [2026-04-21T08:25:38.785+0000] {dag.py:3036} INFO - Sync 1 DAGs
[2026-04-21T08:25:38.799+0000] {logging_mixin.py:188} INFO - [2026-04-21T08:25:38.798+0000] {dag.py:3823} INFO - Setting next_dagrun for example_skip_dag to 2026-04-20 00:00:00+00:00, run_after=2026-04-21 00:00:00+00:00
[2026-04-21T08:25:38.808+0000] {processor.py:183} INFO - Processing /home/airflow/.local/lib/python3.8/site-packages/airflow/example_dags/example_skip_dag.py took 0.047 seconds
[2026-04-21T08:26:09.322+0000] {processor.py:161} INFO - Started process (PID=21890) to work on /home/airflow/.local/lib/python3.8/site-packages/airflow/example_dags/example_skip_dag.py
[2026-04-21T08:26:09.332+0000] {processor.py:830} INFO - Processing file /home/airflow/.local/lib/python3.8/site-packages/airflow/example_dags/example_skip_dag.py for tasks to queue
[2026-04-21T08:26:09.332+0000] {logging_mixin.py:188} INFO - [2026-04-21T08:26:09.332+0000] {dagbag.py:538} INFO - Filling up the DagBag from /home/airflow/.local/lib/python3.8/site-packages/airflow/example_dags/example_skip_dag.py
[2026-04-21T08:26:09.337+0000] {processor.py:840} INFO - DAG(s) 'example_skip_dag' retrieved from /home/airflow/.local/lib/python3.8/site-packages/airflow/example_dags/example_skip_dag.py
[2026-04-21T08:26:09.353+0000] {logging_mixin.py:188} INFO - [2026-04-21T08:26:09.353+0000] {dag.py:3036} INFO - Sync 1 DAGs
[2026-04-21T08:26:09.370+0000] {logging_mixin.py:188} INFO - [2026-04-21T08:26:09.370+0000] {dag.py:3823} INFO - Setting next_dagrun for example_skip_dag to 2026-04-20 00:00:00+00:00, run_after=2026-04-21 00:00:00+00:00
[2026-04-21T08:26:09.380+0000] {processor.py:183} INFO - Processing /home/airflow/.local/lib/python3.8/site-packages/airflow/example_dags/example_skip_dag.py took 0.061 seconds
[2026-04-21T08:26:39.935+0000] {processor.py:161} INFO - Started process (PID=21945) to work on /home/airflow/.local/lib/python3.8/site-packages/airflow/example_dags/example_skip_dag.py
[2026-04-21T08:26:39.938+0000] {processor.py:830} INFO - Processing file /home/airflow/.local/lib/python3.8/site-packages/airflow/example_dags/example_skip_dag.py for tasks to queue
[2026-04-21T08:26:39.938+0000] {logging_mixin.py:188} INFO - [2026-04-21T08:26:39.938+0000] {dagbag.py:538} INFO - Filling up the DagBag from /home/airflow/.local/lib/python3.8/site-packages/airflow/example_dags/example_skip_dag.py
[2026-04-21T08:26:39.943+0000] {processor.py:840} INFO - DAG(s) 'example_skip_dag' retrieved from /home/airflow/.local/lib/python3.8/site-packages/airflow/example_dags/example_skip_dag.py
[2026-04-21T08:26:39.958+0000] {logging_mixin.py:188} INFO - [2026-04-21T08:26:39.957+0000] {dag.py:3036} INFO - Sync 1 DAGs
[2026-04-21T08:26:39.971+0000] {logging_mixin.py:188} INFO - [2026-04-21T08:26:39.971+0000] {dag.py:3823} INFO - Setting next_dagrun for example_skip_dag to 2026-04-20 00:00:00+00:00, run_after=2026-04-21 00:00:00+00:00
[2026-04-21T08:26:39.981+0000] {processor.py:183} INFO - Processing /home/airflow/.local/lib/python3.8/site-packages/airflow/example_dags/example_skip_dag.py took 0.048 seconds
[2026-04-21T08:27:10.516+0000] {processor.py:161} INFO - Started process (PID=22000) to work on /home/airflow/.local/lib/python3.8/site-packages/airflow/example_dags/example_skip_dag.py
[2026-04-21T08:27:10.525+0000] {processor.py:830} INFO - Processing file /home/airflow/.local/lib/python3.8/site-packages/airflow/example_dags/example_skip_dag.py for tasks to queue
[2026-04-21T08:27:10.526+0000] {logging_mixin.py:188} INFO - [2026-04-21T08:27:10.526+0000] {dagbag.py:538} INFO - Filling up the DagBag from /home/airflow/.local/lib/python3.8/site-packages/airflow/example_dags/example_skip_dag.py
[2026-04-21T08:27:10.531+0000] {processor.py:840} INFO - DAG(s) 'example_skip_dag' retrieved from /home/airflow/.local/lib/python3.8/site-packages/airflow/example_dags/example_skip_dag.py
[2026-04-21T08:27:10.545+0000] {logging_mixin.py:188} INFO - [2026-04-21T08:27:10.545+0000] {dag.py:3036} INFO - Sync 1 DAGs
[2026-04-21T08:27:10.559+0000] {logging_mixin.py:188} INFO - [2026-04-21T08:27:10.559+0000] {dag.py:3823} INFO - Setting next_dagrun for example_skip_dag to 2026-04-20 00:00:00+00:00, run_after=2026-04-21 00:00:00+00:00
[2026-04-21T08:27:10.569+0000] {processor.py:183} INFO - Processing /home/airflow/.local/lib/python3.8/site-packages/airflow/example_dags/example_skip_dag.py took 0.056 seconds
[2026-04-21T08:27:41.091+0000] {processor.py:161} INFO - Started process (PID=22055) to work on /home/airflow/.local/lib/python3.8/site-packages/airflow/example_dags/example_skip_dag.py
[2026-04-21T08:27:41.100+0000] {processor.py:830} INFO - Processing file /home/airflow/.local/lib/python3.8/site-packages/airflow/example_dags/example_skip_dag.py for tasks to queue
[2026-04-21T08:27:41.100+0000] {logging_mixin.py:188} INFO - [2026-04-21T08:27:41.100+0000] {dagbag.py:538} INFO - Filling up the DagBag from /home/airflow/.local/lib/python3.8/site-packages/airflow/example_dags/example_skip_dag.py
[2026-04-21T08:27:41.105+0000] {processor.py:840} INFO - DAG(s) 'example_skip_dag' retrieved from /home/airflow/.local/lib/python3.8/site-packages/airflow/example_dags/example_skip_dag.py
[2026-04-21T08:27:41.119+0000] {logging_mixin.py:188} INFO - [2026-04-21T08:27:41.119+0000] {dag.py:3036} INFO - Sync 1 DAGs
[2026-04-21T08:27:41.133+0000] {logging_mixin.py:188} INFO - [2026-04-21T08:27:41.132+0000] {dag.py:3823} INFO - Setting next_dagrun for example_skip_dag to 2026-04-20 00:00:00+00:00, run_after=2026-04-21 00:00:00+00:00
[2026-04-21T08:27:41.142+0000] {processor.py:183} INFO - Processing /home/airflow/.local/lib/python3.8/site-packages/airflow/example_dags/example_skip_dag.py took 0.055 seconds
[2026-04-21T08:28:11.683+0000] {processor.py:161} INFO - Started process (PID=22110) to work on /home/airflow/.local/lib/python3.8/site-packages/airflow/example_dags/example_skip_dag.py
[2026-04-21T08:28:11.692+0000] {processor.py:830} INFO - Processing file /home/airflow/.local/lib/python3.8/site-packages/airflow/example_dags/example_skip_dag.py for tasks to queue
[2026-04-21T08:28:11.693+0000] {logging_mixin.py:188} INFO - [2026-04-21T08:28:11.692+0000] {dagbag.py:538} INFO - Filling up the DagBag from /home/airflow/.local/lib/python3.8/site-packages/airflow/example_dags/example_skip_dag.py
[2026-04-21T08:28:11.697+0000] {processor.py:840} INFO - DAG(s) 'example_skip_dag' retrieved from /home/airflow/.local/lib/python3.8/site-packages/airflow/example_dags/example_skip_dag.py
[2026-04-21T08:28:11.712+0000] {logging_mixin.py:188} INFO - [2026-04-21T08:28:11.711+0000] {dag.py:3036} INFO - Sync 1 DAGs
[2026-04-21T08:28:11.725+0000] {logging_mixin.py:188} INFO - [2026-04-21T08:28:11.725+0000] {dag.py:3823} INFO - Setting next_dagrun for example_skip_dag to 2026-04-20 00:00:00+00:00, run_after=2026-04-21 00:00:00+00:00
[2026-04-21T08:28:11.735+0000] {processor.py:183} INFO - Processing /home/airflow/.local/lib/python3.8/site-packages/airflow/example_dags/example_skip_dag.py took 0.055 seconds
[2026-04-21T08:28:42.230+0000] {processor.py:161} INFO - Started process (PID=22165) to work on /home/airflow/.local/lib/python3.8/site-packages/airflow/example_dags/example_skip_dag.py
[2026-04-21T08:28:42.239+0000] {processor.py:830} INFO - Processing file /home/airflow/.local/lib/python3.8/site-packages/airflow/example_dags/example_skip_dag.py for tasks to queue
[2026-04-21T08:28:42.240+0000] {logging_mixin.py:188} INFO - [2026-04-21T08:28:42.239+0000] {dagbag.py:538} INFO - Filling up the DagBag from /home/airflow/.local/lib/python3.8/site-packages/airflow/example_dags/example_skip_dag.py
[2026-04-21T08:28:42.244+0000] {processor.py:840} INFO - DAG(s) 'example_skip_dag' retrieved from /home/airflow/.local/lib/python3.8/site-packages/airflow/example_dags/example_skip_dag.py
[2026-04-21T08:28:42.259+0000] {logging_mixin.py:188} INFO - [2026-04-21T08:28:42.259+0000] {dag.py:3036} INFO - Sync 1 DAGs
[2026-04-21T08:28:42.273+0000] {logging_mixin.py:188} INFO - [2026-04-21T08:28:42.273+0000] {dag.py:3823} INFO - Setting next_dagrun for example_skip_dag to 2026-04-20 00:00:00+00:00, run_after=2026-04-21 00:00:00+00:00
[2026-04-21T08:28:42.284+0000] {processor.py:183} INFO - Processing /home/airflow/.local/lib/python3.8/site-packages/airflow/example_dags/example_skip_dag.py took 0.057 seconds
[2026-04-21T08:29:12.805+0000] {processor.py:161} INFO - Started process (PID=22220) to work on /home/airflow/.local/lib/python3.8/site-packages/airflow/example_dags/example_skip_dag.py
[2026-04-21T08:29:12.806+0000] {processor.py:830} INFO - Processing file /home/airflow/.local/lib/python3.8/site-packages/airflow/example_dags/example_skip_dag.py for tasks to queue
[2026-04-21T08:29:12.806+0000] {logging_mixin.py:188} INFO - [2026-04-21T08:29:12.806+0000] {dagbag.py:538} INFO - Filling up the DagBag from /home/airflow/.local/lib/python3.8/site-packages/airflow/example_dags/example_skip_dag.py
[2026-04-21T08:29:12.811+0000] {processor.py:840} INFO - DAG(s) 'example_skip_dag' retrieved from /home/airflow/.local/lib/python3.8/site-packages/airflow/example_dags/example_skip_dag.py
[2026-04-21T08:29:12.825+0000] {logging_mixin.py:188} INFO - [2026-04-21T08:29:12.825+0000] {dag.py:3036} INFO - Sync 1 DAGs
[2026-04-21T08:29:12.839+0000] {logging_mixin.py:188} INFO - [2026-04-21T08:29:12.839+0000] {dag.py:3823} INFO - Setting next_dagrun for example_skip_dag to 2026-04-20 00:00:00+00:00, run_after=2026-04-21 00:00:00+00:00
[2026-04-21T08:29:12.848+0000] {processor.py:183} INFO - Processing /home/airflow/.local/lib/python3.8/site-packages/airflow/example_dags/example_skip_dag.py took 0.047 seconds
[2026-04-21T08:29:43.395+0000] {processor.py:161} INFO - Started process (PID=22275) to work on /home/airflow/.local/lib/python3.8/site-packages/airflow/example_dags/example_skip_dag.py
[2026-04-21T08:29:43.404+0000] {processor.py:830} INFO - Processing file /home/airflow/.local/lib/python3.8/site-packages/airflow/example_dags/example_skip_dag.py for tasks to queue
[2026-04-21T08:29:43.404+0000] {logging_mixin.py:188} INFO - [2026-04-21T08:29:43.404+0000] {dagbag.py:538} INFO - Filling up the DagBag from /home/airflow/.local/lib/python3.8/site-packages/airflow/example_dags/example_skip_dag.py
[2026-04-21T08:29:43.409+0000] {processor.py:840} INFO - DAG(s) 'example_skip_dag' retrieved from /home/airflow/.local/lib/python3.8/site-packages/airflow/example_dags/example_skip_dag.py
[2026-04-21T08:29:43.424+0000] {logging_mixin.py:188} INFO - [2026-04-21T08:29:43.424+0000] {dag.py:3036} INFO - Sync 1 DAGs
[2026-04-21T08:29:43.438+0000] {logging_mixin.py:188} INFO - [2026-04-21T08:29:43.437+0000] {dag.py:3823} INFO - Setting next_dagrun for example_skip_dag to 2026-04-20 00:00:00+00:00, run_after=2026-04-21 00:00:00+00:00
[2026-04-21T08:29:43.448+0000] {processor.py:183} INFO - Processing /home/airflow/.local/lib/python3.8/site-packages/airflow/example_dags/example_skip_dag.py took 0.056 seconds
[2026-04-21T08:30:14.002+0000] {processor.py:161} INFO - Started process (PID=22330) to work on /home/airflow/.local/lib/python3.8/site-packages/airflow/example_dags/example_skip_dag.py
[2026-04-21T08:30:14.011+0000] {processor.py:830} INFO - Processing file /home/airflow/.local/lib/python3.8/site-packages/airflow/example_dags/example_skip_dag.py for tasks to queue
[2026-04-21T08:30:14.012+0000] {logging_mixin.py:188} INFO - [2026-04-21T08:30:14.012+0000] {dagbag.py:538} INFO - Filling up the DagBag from /home/airflow/.local/lib/python3.8/site-packages/airflow/example_dags/example_skip_dag.py
[2026-04-21T08:30:14.017+0000] {processor.py:840} INFO - DAG(s) 'example_skip_dag' retrieved from /home/airflow/.local/lib/python3.8/site-packages/airflow/example_dags/example_skip_dag.py
[2026-04-21T08:30:14.031+0000] {logging_mixin.py:188} INFO - [2026-04-21T08:30:14.031+0000] {dag.py:3036} INFO - Sync 1 DAGs
[2026-04-21T08:30:14.045+0000] {logging_mixin.py:188} INFO - [2026-04-21T08:30:14.045+0000] {dag.py:3823} INFO - Setting next_dagrun for example_skip_dag to 2026-04-20 00:00:00+00:00, run_after=2026-04-21 00:00:00+00:00
[2026-04-21T08:30:14.055+0000] {processor.py:183} INFO - Processing /home/airflow/.local/lib/python3.8/site-packages/airflow/example_dags/example_skip_dag.py took 0.056 seconds
[2026-04-21T08:30:44.633+0000] {processor.py:161} INFO - Started process (PID=22385) to work on /home/airflow/.local/lib/python3.8/site-packages/airflow/example_dags/example_skip_dag.py
[2026-04-21T08:30:44.634+0000] {processor.py:830} INFO - Processing file /home/airflow/.local/lib/python3.8/site-packages/airflow/example_dags/example_skip_dag.py for tasks to queue
[2026-04-21T08:30:44.635+0000] {logging_mixin.py:188} INFO - [2026-04-21T08:30:44.634+0000] {dagbag.py:538} INFO - Filling up the DagBag from /home/airflow/.local/lib/python3.8/site-packages/airflow/example_dags/example_skip_dag.py
[2026-04-21T08:30:44.639+0000] {processor.py:840} INFO - DAG(s) 'example_skip_dag' retrieved from /home/airflow/.local/lib/python3.8/site-packages/airflow/example_dags/example_skip_dag.py
[2026-04-21T08:30:44.654+0000] {logging_mixin.py:188} INFO - [2026-04-21T08:30:44.654+0000] {dag.py:3036} INFO - Sync 1 DAGs
[2026-04-21T08:30:44.668+0000] {logging_mixin.py:188} INFO - [2026-04-21T08:30:44.668+0000] {dag.py:3823} INFO - Setting next_dagrun for example_skip_dag to 2026-04-20 00:00:00+00:00, run_after=2026-04-21 00:00:00+00:00
[2026-04-21T08:30:44.678+0000] {processor.py:183} INFO - Processing /home/airflow/.local/lib/python3.8/site-packages/airflow/example_dags/example_skip_dag.py took 0.047 seconds
[2026-04-21T08:31:15.170+0000] {processor.py:161} INFO - Started process (PID=22440) to work on /home/airflow/.local/lib/python3.8/site-packages/airflow/example_dags/example_skip_dag.py
[2026-04-21T08:31:15.171+0000] {processor.py:830} INFO - Processing file /home/airflow/.local/lib/python3.8/site-packages/airflow/example_dags/example_skip_dag.py for tasks to queue
[2026-04-21T08:31:15.172+0000] {logging_mixin.py:188} INFO - [2026-04-21T08:31:15.172+0000] {dagbag.py:538} INFO - Filling up the DagBag from /home/airflow/.local/lib/python3.8/site-packages/airflow/example_dags/example_skip_dag.py
[2026-04-21T08:31:15.177+0000] {processor.py:840} INFO - DAG(s) 'example_skip_dag' retrieved from /home/airflow/.local/lib/python3.8/site-packages/airflow/example_dags/example_skip_dag.py
[2026-04-21T08:31:15.192+0000] {logging_mixin.py:188} INFO - [2026-04-21T08:31:15.191+0000] {dag.py:3036} INFO - Sync 1 DAGs
[2026-04-21T08:31:15.205+0000] {logging_mixin.py:188} INFO - [2026-04-21T08:31:15.205+0000] {dag.py:3823} INFO - Setting next_dagrun for example_skip_dag to 2026-04-20 00:00:00+00:00, run_after=2026-04-21 00:00:00+00:00
[2026-04-21T08:31:15.215+0000] {processor.py:183} INFO - Processing /home/airflow/.local/lib/python3.8/site-packages/airflow/example_dags/example_skip_dag.py took 0.048 seconds
[2026-04-21T08:31:45.798+0000] {processor.py:161} INFO - Started process (PID=22495) to work on /home/airflow/.local/lib/python3.8/site-packages/airflow/example_dags/example_skip_dag.py
[2026-04-21T08:31:45.807+0000] {processor.py:830} INFO - Processing file /home/airflow/.local/lib/python3.8/site-packages/airflow/example_dags/example_skip_dag.py for tasks to queue
[2026-04-21T08:31:45.808+0000] {logging_mixin.py:188} INFO - [2026-04-21T08:31:45.808+0000] {dagbag.py:538} INFO - Filling up the DagBag from /home/airflow/.local/lib/python3.8/site-packages/airflow/example_dags/example_skip_dag.py
[2026-04-21T08:31:45.813+0000] {processor.py:840} INFO - DAG(s) 'example_skip_dag' retrieved from /home/airflow/.local/lib/python3.8/site-packages/airflow/example_dags/example_skip_dag.py
[2026-04-21T08:31:45.827+0000] {logging_mixin.py:188} INFO - [2026-04-21T08:31:45.827+0000] {dag.py:3036} INFO - Sync 1 DAGs
[2026-04-21T08:31:45.841+0000] {logging_mixin.py:188} INFO - [2026-04-21T08:31:45.841+0000] {dag.py:3823} INFO - Setting next_dagrun for example_skip_dag to 2026-04-20 00:00:00+00:00, run_after=2026-04-21 00:00:00+00:00
[2026-04-21T08:31:45.851+0000] {processor.py:183} INFO - Processing /home/airflow/.local/lib/python3.8/site-packages/airflow/example_dags/example_skip_dag.py took 0.056 seconds
[2026-04-21T08:32:16.373+0000] {processor.py:161} INFO - Started process (PID=22550) to work on /home/airflow/.local/lib/python3.8/site-packages/airflow/example_dags/example_skip_dag.py
[2026-04-21T08:32:16.382+0000] {processor.py:830} INFO - Processing file /home/airflow/.local/lib/python3.8/site-packages/airflow/example_dags/example_skip_dag.py for tasks to queue
[2026-04-21T08:32:16.383+0000] {logging_mixin.py:188} INFO - [2026-04-21T08:32:16.383+0000] {dagbag.py:538} INFO - Filling up the DagBag from /home/airflow/.local/lib/python3.8/site-packages/airflow/example_dags/example_skip_dag.py
[2026-04-21T08:32:16.387+0000] {processor.py:840} INFO - DAG(s) 'example_skip_dag' retrieved from /home/airflow/.local/lib/python3.8/site-packages/airflow/example_dags/example_skip_dag.py
[2026-04-21T08:32:16.402+0000] {logging_mixin.py:188} INFO - [2026-04-21T08:32:16.402+0000] {dag.py:3036} INFO - Sync 1 DAGs
[2026-04-21T08:32:16.416+0000] {logging_mixin.py:188} INFO - [2026-04-21T08:32:16.416+0000] {dag.py:3823} INFO - Setting next_dagrun for example_skip_dag to 2026-04-20 00:00:00+00:00, run_after=2026-04-21 00:00:00+00:00
[2026-04-21T08:32:16.426+0000] {processor.py:183} INFO - Processing /home/airflow/.local/lib/python3.8/site-packages/airflow/example_dags/example_skip_dag.py took 0.056 seconds
[2026-04-21T08:32:46.974+0000] {processor.py:161} INFO - Started process (PID=22605) to work on /home/airflow/.local/lib/python3.8/site-packages/airflow/example_dags/example_skip_dag.py
[2026-04-21T08:32:46.983+0000] {processor.py:830} INFO - Processing file /home/airflow/.local/lib/python3.8/site-packages/airflow/example_dags/example_skip_dag.py for tasks to queue
[2026-04-21T08:32:46.983+0000] {logging_mixin.py:188} INFO - [2026-04-21T08:32:46.983+0000] {dagbag.py:538} INFO - Filling up the DagBag from /home/airflow/.local/lib/python3.8/site-packages/airflow/example_dags/example_skip_dag.py
[2026-04-21T08:32:46.988+0000] {processor.py:840} INFO - DAG(s) 'example_skip_dag' retrieved from /home/airflow/.local/lib/python3.8/site-packages/airflow/example_dags/example_skip_dag.py
[2026-04-21T08:32:47.003+0000] {logging_mixin.py:188} INFO - [2026-04-21T08:32:47.002+0000] {dag.py:3036} INFO - Sync 1 DAGs
[2026-04-21T08:32:47.016+0000] {logging_mixin.py:188} INFO - [2026-04-21T08:32:47.016+0000] {dag.py:3823} INFO - Setting next_dagrun for example_skip_dag to 2026-04-20 00:00:00+00:00, run_after=2026-04-21 00:00:00+00:00
[2026-04-21T08:32:47.027+0000] {processor.py:183} INFO - Processing /home/airflow/.local/lib/python3.8/site-packages/airflow/example_dags/example_skip_dag.py took 0.056 seconds
[2026-04-21T08:33:17.547+0000] {processor.py:161} INFO - Started process (PID=22660) to work on /home/airflow/.local/lib/python3.8/site-packages/airflow/example_dags/example_skip_dag.py
[2026-04-21T08:33:17.548+0000] {processor.py:830} INFO - Processing file /home/airflow/.local/lib/python3.8/site-packages/airflow/example_dags/example_skip_dag.py for tasks to queue
[2026-04-21T08:33:17.548+0000] {logging_mixin.py:188} INFO - [2026-04-21T08:33:17.548+0000] {dagbag.py:538} INFO - Filling up the DagBag from /home/airflow/.local/lib/python3.8/site-packages/airflow/example_dags/example_skip_dag.py
[2026-04-21T08:33:17.553+0000] {processor.py:840} INFO - DAG(s) 'example_skip_dag' retrieved from /home/airflow/.local/lib/python3.8/site-packages/airflow/example_dags/example_skip_dag.py
[2026-04-21T08:33:17.567+0000] {logging_mixin.py:188} INFO - [2026-04-21T08:33:17.567+0000] {dag.py:3036} INFO - Sync 1 DAGs
[2026-04-21T08:33:17.581+0000] {logging_mixin.py:188} INFO - [2026-04-21T08:33:17.581+0000] {dag.py:3823} INFO - Setting next_dagrun for example_skip_dag to 2026-04-20 00:00:00+00:00, run_after=2026-04-21 00:00:00+00:00
[2026-04-21T08:33:17.591+0000] {processor.py:183} INFO - Processing /home/airflow/.local/lib/python3.8/site-packages/airflow/example_dags/example_skip_dag.py took 0.047 seconds
[2026-04-21T08:33:48.131+0000] {processor.py:161} INFO - Started process (PID=22715) to work on /home/airflow/.local/lib/python3.8/site-packages/airflow/example_dags/example_skip_dag.py
[2026-04-21T08:33:48.140+0000] {processor.py:830} INFO - Processing file /home/airflow/.local/lib/python3.8/site-packages/airflow/example_dags/example_skip_dag.py for tasks to queue
[2026-04-21T08:33:48.141+0000] {logging_mixin.py:188} INFO - [2026-04-21T08:33:48.141+0000] {dagbag.py:538} INFO - Filling up the DagBag from /home/airflow/.local/lib/python3.8/site-packages/airflow/example_dags/example_skip_dag.py
[2026-04-21T08:33:48.146+0000] {processor.py:840} INFO - DAG(s) 'example_skip_dag' retrieved from /home/airflow/.local/lib/python3.8/site-packages/airflow/example_dags/example_skip_dag.py
[2026-04-21T08:33:48.161+0000] {logging_mixin.py:188} INFO - [2026-04-21T08:33:48.160+0000] {dag.py:3036} INFO - Sync 1 DAGs
[2026-04-21T08:33:48.174+0000] {logging_mixin.py:188} INFO - [2026-04-21T08:33:48.174+0000] {dag.py:3823} INFO - Setting next_dagrun for example_skip_dag to 2026-04-20 00:00:00+00:00, run_after=2026-04-21 00:00:00+00:00
[2026-04-21T08:33:48.184+0000] {processor.py:183} INFO - Processing /home/airflow/.local/lib/python3.8/site-packages/airflow/example_dags/example_skip_dag.py took 0.056 seconds
[2026-04-21T08:34:18.730+0000] {processor.py:161} INFO - Started process (PID=22770) to work on /home/airflow/.local/lib/python3.8/site-packages/airflow/example_dags/example_skip_dag.py
[2026-04-21T08:34:18.739+0000] {processor.py:830} INFO - Processing file /home/airflow/.local/lib/python3.8/site-packages/airflow/example_dags/example_skip_dag.py for tasks to queue
[2026-04-21T08:34:18.740+0000] {logging_mixin.py:188} INFO - [2026-04-21T08:34:18.740+0000] {dagbag.py:538} INFO - Filling up the DagBag from /home/airflow/.local/lib/python3.8/site-packages/airflow/example_dags/example_skip_dag.py
[2026-04-21T08:34:18.744+0000] {processor.py:840} INFO - DAG(s) 'example_skip_dag' retrieved from /home/airflow/.local/lib/python3.8/site-packages/airflow/example_dags/example_skip_dag.py
[2026-04-21T08:34:18.759+0000] {logging_mixin.py:188} INFO - [2026-04-21T08:34:18.759+0000] {dag.py:3036} INFO - Sync 1 DAGs
[2026-04-21T08:34:18.774+0000] {logging_mixin.py:188} INFO - [2026-04-21T08:34:18.774+0000] {dag.py:3823} INFO - Setting next_dagrun for example_skip_dag to 2026-04-20 00:00:00+00:00, run_after=2026-04-21 00:00:00+00:00
[2026-04-21T08:34:18.783+0000] {processor.py:183} INFO - Processing /home/airflow/.local/lib/python3.8/site-packages/airflow/example_dags/example_skip_dag.py took 0.057 seconds
[2026-04-21T08:34:49.265+0000] {processor.py:161} INFO - Started process (PID=22825) to work on /home/airflow/.local/lib/python3.8/site-packages/airflow/example_dags/example_skip_dag.py
[2026-04-21T08:34:49.266+0000] {processor.py:830} INFO - Processing file /home/airflow/.local/lib/python3.8/site-packages/airflow/example_dags/example_skip_dag.py for tasks to queue
[2026-04-21T08:34:49.267+0000] {logging_mixin.py:188} INFO - [2026-04-21T08:34:49.266+0000] {dagbag.py:538} INFO - Filling up the DagBag from /home/airflow/.local/lib/python3.8/site-packages/airflow/example_dags/example_skip_dag.py
[2026-04-21T08:34:49.272+0000] {processor.py:840} INFO - DAG(s) 'example_skip_dag' retrieved from /home/airflow/.local/lib/python3.8/site-packages/airflow/example_dags/example_skip_dag.py
[2026-04-21T08:34:49.286+0000] {logging_mixin.py:188} INFO - [2026-04-21T08:34:49.286+0000] {dag.py:3036} INFO - Sync 1 DAGs
[2026-04-21T08:34:49.301+0000] {logging_mixin.py:188} INFO - [2026-04-21T08:34:49.301+0000] {dag.py:3823} INFO - Setting next_dagrun for example_skip_dag to 2026-04-20 00:00:00+00:00, run_after=2026-04-21 00:00:00+00:00
[2026-04-21T08:34:49.311+0000] {processor.py:183} INFO - Processing /home/airflow/.local/lib/python3.8/site-packages/airflow/example_dags/example_skip_dag.py took 0.048 seconds
[2026-04-21T08:35:19.843+0000] {processor.py:161} INFO - Started process (PID=22880) to work on /home/airflow/.local/lib/python3.8/site-packages/airflow/example_dags/example_skip_dag.py
[2026-04-21T08:35:19.852+0000] {processor.py:830} INFO - Processing file /home/airflow/.local/lib/python3.8/site-packages/airflow/example_dags/example_skip_dag.py for tasks to queue
[2026-04-21T08:35:19.853+0000] {logging_mixin.py:188} INFO - [2026-04-21T08:35:19.853+0000] {dagbag.py:538} INFO - Filling up the DagBag from /home/airflow/.local/lib/python3.8/site-packages/airflow/example_dags/example_skip_dag.py
[2026-04-21T08:35:19.857+0000] {processor.py:840} INFO - DAG(s) 'example_skip_dag' retrieved from /home/airflow/.local/lib/python3.8/site-packages/airflow/example_dags/example_skip_dag.py
[2026-04-21T08:35:19.872+0000] {logging_mixin.py:188} INFO - [2026-04-21T08:35:19.871+0000] {dag.py:3036} INFO - Sync 1 DAGs
[2026-04-21T08:35:19.886+0000] {logging_mixin.py:188} INFO - [2026-04-21T08:35:19.885+0000] {dag.py:3823} INFO - Setting next_dagrun for example_skip_dag to 2026-04-20 00:00:00+00:00, run_after=2026-04-21 00:00:00+00:00
[2026-04-21T08:35:19.896+0000] {processor.py:183} INFO - Processing /home/airflow/.local/lib/python3.8/site-packages/airflow/example_dags/example_skip_dag.py took 0.056 seconds
[2026-04-21T08:35:50.427+0000] {processor.py:161} INFO - Started process (PID=22935) to work on /home/airflow/.local/lib/python3.8/site-packages/airflow/example_dags/example_skip_dag.py
[2026-04-21T08:35:50.435+0000] {processor.py:830} INFO - Processing file /home/airflow/.local/lib/python3.8/site-packages/airflow/example_dags/example_skip_dag.py for tasks to queue
[2026-04-21T08:35:50.436+0000] {logging_mixin.py:188} INFO - [2026-04-21T08:35:50.436+0000] {dagbag.py:538} INFO - Filling up the DagBag from /home/airflow/.local/lib/python3.8/site-packages/airflow/example_dags/example_skip_dag.py
[2026-04-21T08:35:50.441+0000] {processor.py:840} INFO - DAG(s) 'example_skip_dag' retrieved from /home/airflow/.local/lib/python3.8/site-packages/airflow/example_dags/example_skip_dag.py
[2026-04-21T08:35:50.455+0000] {logging_mixin.py:188} INFO - [2026-04-21T08:35:50.455+0000] {dag.py:3036} INFO - Sync 1 DAGs
[2026-04-21T08:35:50.469+0000] {logging_mixin.py:188} INFO - [2026-04-21T08:35:50.469+0000] {dag.py:3823} INFO - Setting next_dagrun for example_skip_dag to 2026-04-20 00:00:00+00:00, run_after=2026-04-21 00:00:00+00:00
[2026-04-21T08:35:50.480+0000] {processor.py:183} INFO - Processing /home/airflow/.local/lib/python3.8/site-packages/airflow/example_dags/example_skip_dag.py took 0.056 seconds
[2026-04-21T08:36:21.020+0000] {processor.py:161} INFO - Started process (PID=22990) to work on /home/airflow/.local/lib/python3.8/site-packages/airflow/example_dags/example_skip_dag.py
[2026-04-21T08:36:21.029+0000] {processor.py:830} INFO - Processing file /home/airflow/.local/lib/python3.8/site-packages/airflow/example_dags/example_skip_dag.py for tasks to queue
[2026-04-21T08:36:21.030+0000] {logging_mixin.py:188} INFO - [2026-04-21T08:36:21.030+0000] {dagbag.py:538} INFO - Filling up the DagBag from /home/airflow/.local/lib/python3.8/site-packages/airflow/example_dags/example_skip_dag.py
[2026-04-21T08:36:21.035+0000] {processor.py:840} INFO - DAG(s) 'example_skip_dag' retrieved from /home/airflow/.local/lib/python3.8/site-packages/airflow/example_dags/example_skip_dag.py
[2026-04-21T08:36:21.049+0000] {logging_mixin.py:188} INFO - [2026-04-21T08:36:21.049+0000] {dag.py:3036} INFO - Sync 1 DAGs
[2026-04-21T08:36:21.063+0000] {logging_mixin.py:188} INFO - [2026-04-21T08:36:21.063+0000] {dag.py:3823} INFO - Setting next_dagrun for example_skip_dag to 2026-04-20 00:00:00+00:00, run_after=2026-04-21 00:00:00+00:00
[2026-04-21T08:36:21.074+0000] {processor.py:183} INFO - Processing /home/airflow/.local/lib/python3.8/site-packages/airflow/example_dags/example_skip_dag.py took 0.057 seconds
[2026-04-21T08:36:51.670+0000] {processor.py:161} INFO - Started process (PID=23051) to work on /home/airflow/.local/lib/python3.8/site-packages/airflow/example_dags/example_skip_dag.py
[2026-04-21T08:36:51.680+0000] {processor.py:830} INFO - Processing file /home/airflow/.local/lib/python3.8/site-packages/airflow/example_dags/example_skip_dag.py for tasks to queue
[2026-04-21T08:36:51.680+0000] {logging_mixin.py:188} INFO - [2026-04-21T08:36:51.680+0000] {dagbag.py:538} INFO - Filling up the DagBag from /home/airflow/.local/lib/python3.8/site-packages/airflow/example_dags/example_skip_dag.py
[2026-04-21T08:36:51.685+0000] {processor.py:840} INFO - DAG(s) 'example_skip_dag' retrieved from /home/airflow/.local/lib/python3.8/site-packages/airflow/example_dags/example_skip_dag.py
[2026-04-21T08:36:51.700+0000] {logging_mixin.py:188} INFO - [2026-04-21T08:36:51.700+0000] {dag.py:3036} INFO - Sync 1 DAGs
[2026-04-21T08:36:51.713+0000] {logging_mixin.py:188} INFO - [2026-04-21T08:36:51.713+0000] {dag.py:3823} INFO - Setting next_dagrun for example_skip_dag to 2026-04-20 00:00:00+00:00, run_after=2026-04-21 00:00:00+00:00
[2026-04-21T08:36:51.724+0000] {processor.py:183} INFO - Processing /home/airflow/.local/lib/python3.8/site-packages/airflow/example_dags/example_skip_dag.py took 0.057 seconds
[2026-04-21T08:37:22.267+0000] {processor.py:161} INFO - Started process (PID=23106) to work on /home/airflow/.local/lib/python3.8/site-packages/airflow/example_dags/example_skip_dag.py
[2026-04-21T08:37:22.276+0000] {processor.py:830} INFO - Processing file /home/airflow/.local/lib/python3.8/site-packages/airflow/example_dags/example_skip_dag.py for tasks to queue
[2026-04-21T08:37:22.277+0000] {logging_mixin.py:188} INFO - [2026-04-21T08:37:22.277+0000] {dagbag.py:538} INFO - Filling up the DagBag from /home/airflow/.local/lib/python3.8/site-packages/airflow/example_dags/example_skip_dag.py
[2026-04-21T08:37:22.282+0000] {processor.py:840} INFO - DAG(s) 'example_skip_dag' retrieved from /home/airflow/.local/lib/python3.8/site-packages/airflow/example_dags/example_skip_dag.py
[2026-04-21T08:37:22.297+0000] {logging_mixin.py:188} INFO - [2026-04-21T08:37:22.296+0000] {dag.py:3036} INFO - Sync 1 DAGs
[2026-04-21T08:37:22.311+0000] {logging_mixin.py:188} INFO - [2026-04-21T08:37:22.310+0000] {dag.py:3823} INFO - Setting next_dagrun for example_skip_dag to 2026-04-20 00:00:00+00:00, run_after=2026-04-21 00:00:00+00:00
[2026-04-21T08:37:22.321+0000] {processor.py:183} INFO - Processing /home/airflow/.local/lib/python3.8/site-packages/airflow/example_dags/example_skip_dag.py took 0.056 seconds
[2026-04-21T08:37:52.860+0000] {processor.py:161} INFO - Started process (PID=23161) to work on /home/airflow/.local/lib/python3.8/site-packages/airflow/example_dags/example_skip_dag.py
[2026-04-21T08:37:52.861+0000] {processor.py:830} INFO - Processing file /home/airflow/.local/lib/python3.8/site-packages/airflow/example_dags/example_skip_dag.py for tasks to queue
[2026-04-21T08:37:52.862+0000] {logging_mixin.py:188} INFO - [2026-04-21T08:37:52.861+0000] {dagbag.py:538} INFO - Filling up the DagBag from /home/airflow/.local/lib/python3.8/site-packages/airflow/example_dags/example_skip_dag.py
[2026-04-21T08:37:52.866+0000] {processor.py:840} INFO - DAG(s) 'example_skip_dag' retrieved from /home/airflow/.local/lib/python3.8/site-packages/airflow/example_dags/example_skip_dag.py
[2026-04-21T08:37:52.881+0000] {logging_mixin.py:188} INFO - [2026-04-21T08:37:52.881+0000] {dag.py:3036} INFO - Sync 1 DAGs
[2026-04-21T08:37:52.895+0000] {logging_mixin.py:188} INFO - [2026-04-21T08:37:52.894+0000] {dag.py:3823} INFO - Setting next_dagrun for example_skip_dag to 2026-04-20 00:00:00+00:00, run_after=2026-04-21 00:00:00+00:00
[2026-04-21T08:37:52.905+0000] {processor.py:183} INFO - Processing /home/airflow/.local/lib/python3.8/site-packages/airflow/example_dags/example_skip_dag.py took 0.047 seconds
[2026-04-21T08:38:23.363+0000] {processor.py:161} INFO - Started process (PID=23216) to work on /home/airflow/.local/lib/python3.8/site-packages/airflow/example_dags/example_skip_dag.py
[2026-04-21T08:38:23.364+0000] {processor.py:830} INFO - Processing file /home/airflow/.local/lib/python3.8/site-packages/airflow/example_dags/example_skip_dag.py for tasks to queue
[2026-04-21T08:38:23.364+0000] {logging_mixin.py:188} INFO - [2026-04-21T08:38:23.364+0000] {dagbag.py:538} INFO - Filling up the DagBag from /home/airflow/.local/lib/python3.8/site-packages/airflow/example_dags/example_skip_dag.py
[2026-04-21T08:38:23.370+0000] {processor.py:840} INFO - DAG(s) 'example_skip_dag' retrieved from /home/airflow/.local/lib/python3.8/site-packages/airflow/example_dags/example_skip_dag.py
[2026-04-21T08:38:23.384+0000] {logging_mixin.py:188} INFO - [2026-04-21T08:38:23.384+0000] {dag.py:3036} INFO - Sync 1 DAGs
[2026-04-21T08:38:23.398+0000] {logging_mixin.py:188} INFO - [2026-04-21T08:38:23.398+0000] {dag.py:3823} INFO - Setting next_dagrun for example_skip_dag to 2026-04-20 00:00:00+00:00, run_after=2026-04-21 00:00:00+00:00
[2026-04-21T08:38:23.407+0000] {processor.py:183} INFO - Processing /home/airflow/.local/lib/python3.8/site-packages/airflow/example_dags/example_skip_dag.py took 0.047 seconds
[2026-04-21T08:38:53.871+0000] {processor.py:161} INFO - Started process (PID=23271) to work on /home/airflow/.local/lib/python3.8/site-packages/airflow/example_dags/example_skip_dag.py
[2026-04-21T08:38:53.880+0000] {processor.py:830} INFO - Processing file /home/airflow/.local/lib/python3.8/site-packages/airflow/example_dags/example_skip_dag.py for tasks to queue
[2026-04-21T08:38:53.881+0000] {logging_mixin.py:188} INFO - [2026-04-21T08:38:53.880+0000] {dagbag.py:538} INFO - Filling up the DagBag from /home/airflow/.local/lib/python3.8/site-packages/airflow/example_dags/example_skip_dag.py
[2026-04-21T08:38:53.885+0000] {processor.py:840} INFO - DAG(s) 'example_skip_dag' retrieved from /home/airflow/.local/lib/python3.8/site-packages/airflow/example_dags/example_skip_dag.py
[2026-04-21T08:38:53.900+0000] {logging_mixin.py:188} INFO - [2026-04-21T08:38:53.900+0000] {dag.py:3036} INFO - Sync 1 DAGs
[2026-04-21T08:38:53.917+0000] {logging_mixin.py:188} INFO - [2026-04-21T08:38:53.916+0000] {dag.py:3823} INFO - Setting next_dagrun for example_skip_dag to 2026-04-20 00:00:00+00:00, run_after=2026-04-21 00:00:00+00:00
[2026-04-21T08:38:53.927+0000] {processor.py:183} INFO - Processing /home/airflow/.local/lib/python3.8/site-packages/airflow/example_dags/example_skip_dag.py took 0.060 seconds
[2026-04-21T08:39:24.463+0000] {processor.py:161} INFO - Started process (PID=23326) to work on /home/airflow/.local/lib/python3.8/site-packages/airflow/example_dags/example_skip_dag.py
[2026-04-21T08:39:24.464+0000] {processor.py:830} INFO - Processing file /home/airflow/.local/lib/python3.8/site-packages/airflow/example_dags/example_skip_dag.py for tasks to queue
[2026-04-21T08:39:24.464+0000] {logging_mixin.py:188} INFO - [2026-04-21T08:39:24.464+0000] {dagbag.py:538} INFO - Filling up the DagBag from /home/airflow/.local/lib/python3.8/site-packages/airflow/example_dags/example_skip_dag.py
[2026-04-21T08:39:24.469+0000] {processor.py:840} INFO - DAG(s) 'example_skip_dag' retrieved from /home/airflow/.local/lib/python3.8/site-packages/airflow/example_dags/example_skip_dag.py
[2026-04-21T08:39:24.483+0000] {logging_mixin.py:188} INFO - [2026-04-21T08:39:24.483+0000] {dag.py:3036} INFO - Sync 1 DAGs
[2026-04-21T08:39:24.496+0000] {logging_mixin.py:188} INFO - [2026-04-21T08:39:24.496+0000] {dag.py:3823} INFO - Setting next_dagrun for example_skip_dag to 2026-04-20 00:00:00+00:00, run_after=2026-04-21 00:00:00+00:00
[2026-04-21T08:39:24.506+0000] {processor.py:183} INFO - Processing /home/airflow/.local/lib/python3.8/site-packages/airflow/example_dags/example_skip_dag.py took 0.047 seconds
[2026-04-21T08:39:55.119+0000] {processor.py:161} INFO - Started process (PID=23381) to work on /home/airflow/.local/lib/python3.8/site-packages/airflow/example_dags/example_skip_dag.py
[2026-04-21T08:39:55.128+0000] {processor.py:830} INFO - Processing file /home/airflow/.local/lib/python3.8/site-packages/airflow/example_dags/example_skip_dag.py for tasks to queue
[2026-04-21T08:39:55.128+0000] {logging_mixin.py:188} INFO - [2026-04-21T08:39:55.128+0000] {dagbag.py:538} INFO - Filling up the DagBag from /home/airflow/.local/lib/python3.8/site-packages/airflow/example_dags/example_skip_dag.py
[2026-04-21T08:39:55.133+0000] {processor.py:840} INFO - DAG(s) 'example_skip_dag' retrieved from /home/airflow/.local/lib/python3.8/site-packages/airflow/example_dags/example_skip_dag.py
[2026-04-21T08:39:55.149+0000] {logging_mixin.py:188} INFO - [2026-04-21T08:39:55.148+0000] {dag.py:3036} INFO - Sync 1 DAGs
[2026-04-21T08:39:55.162+0000] {logging_mixin.py:188} INFO - [2026-04-21T08:39:55.162+0000] {dag.py:3823} INFO - Setting next_dagrun for example_skip_dag to 2026-04-20 00:00:00+00:00, run_after=2026-04-21 00:00:00+00:00
[2026-04-21T08:39:55.174+0000] {processor.py:183} INFO - Processing /home/airflow/.local/lib/python3.8/site-packages/airflow/example_dags/example_skip_dag.py took 0.057 seconds
[2026-04-21T08:40:25.747+0000] {processor.py:161} INFO - Started process (PID=23436) to work on /home/airflow/.local/lib/python3.8/site-packages/airflow/example_dags/example_skip_dag.py
[2026-04-21T08:40:25.755+0000] {processor.py:830} INFO - Processing file /home/airflow/.local/lib/python3.8/site-packages/airflow/example_dags/example_skip_dag.py for tasks to queue
[2026-04-21T08:40:25.756+0000] {logging_mixin.py:188} INFO - [2026-04-21T08:40:25.756+0000] {dagbag.py:538} INFO - Filling up the DagBag from /home/airflow/.local/lib/python3.8/site-packages/airflow/example_dags/example_skip_dag.py
[2026-04-21T08:40:25.760+0000] {processor.py:840} INFO - DAG(s) 'example_skip_dag' retrieved from /home/airflow/.local/lib/python3.8/site-packages/airflow/example_dags/example_skip_dag.py
[2026-04-21T08:40:25.776+0000] {logging_mixin.py:188} INFO - [2026-04-21T08:40:25.775+0000] {dag.py:3036} INFO - Sync 1 DAGs
[2026-04-21T08:40:25.790+0000] {logging_mixin.py:188} INFO - [2026-04-21T08:40:25.790+0000] {dag.py:3823} INFO - Setting next_dagrun for example_skip_dag to 2026-04-20 00:00:00+00:00, run_after=2026-04-21 00:00:00+00:00
[2026-04-21T08:40:25.800+0000] {processor.py:183} INFO - Processing /home/airflow/.local/lib/python3.8/site-packages/airflow/example_dags/example_skip_dag.py took 0.057 seconds
[2026-04-21T08:40:56.429+0000] {processor.py:161} INFO - Started process (PID=23491) to work on /home/airflow/.local/lib/python3.8/site-packages/airflow/example_dags/example_skip_dag.py
[2026-04-21T08:40:56.430+0000] {processor.py:830} INFO - Processing file /home/airflow/.local/lib/python3.8/site-packages/airflow/example_dags/example_skip_dag.py for tasks to queue
[2026-04-21T08:40:56.431+0000] {logging_mixin.py:188} INFO - [2026-04-21T08:40:56.430+0000] {dagbag.py:538} INFO - Filling up the DagBag from /home/airflow/.local/lib/python3.8/site-packages/airflow/example_dags/example_skip_dag.py
[2026-04-21T08:40:56.435+0000] {processor.py:840} INFO - DAG(s) 'example_skip_dag' retrieved from /home/airflow/.local/lib/python3.8/site-packages/airflow/example_dags/example_skip_dag.py
[2026-04-21T08:40:56.450+0000] {logging_mixin.py:188} INFO - [2026-04-21T08:40:56.450+0000] {dag.py:3036} INFO - Sync 1 DAGs
[2026-04-21T08:40:56.464+0000] {logging_mixin.py:188} INFO - [2026-04-21T08:40:56.464+0000] {dag.py:3823} INFO - Setting next_dagrun for example_skip_dag to 2026-04-20 00:00:00+00:00, run_after=2026-04-21 00:00:00+00:00
[2026-04-21T08:40:56.474+0000] {processor.py:183} INFO - Processing /home/airflow/.local/lib/python3.8/site-packages/airflow/example_dags/example_skip_dag.py took 0.048 seconds
[2026-04-21T08:41:26.953+0000] {processor.py:161} INFO - Started process (PID=23546) to work on /home/airflow/.local/lib/python3.8/site-packages/airflow/example_dags/example_skip_dag.py
[2026-04-21T08:41:26.954+0000] {processor.py:830} INFO - Processing file /home/airflow/.local/lib/python3.8/site-packages/airflow/example_dags/example_skip_dag.py for tasks to queue
[2026-04-21T08:41:26.955+0000] {logging_mixin.py:188} INFO - [2026-04-21T08:41:26.955+0000] {dagbag.py:538} INFO - Filling up the DagBag from /home/airflow/.local/lib/python3.8/site-packages/airflow/example_dags/example_skip_dag.py
[2026-04-21T08:41:26.959+0000] {processor.py:840} INFO - DAG(s) 'example_skip_dag' retrieved from /home/airflow/.local/lib/python3.8/site-packages/airflow/example_dags/example_skip_dag.py
[2026-04-21T08:41:26.975+0000] {logging_mixin.py:188} INFO - [2026-04-21T08:41:26.974+0000] {dag.py:3036} INFO - Sync 1 DAGs
[2026-04-21T08:41:26.988+0000] {logging_mixin.py:188} INFO - [2026-04-21T08:41:26.988+0000] {dag.py:3823} INFO - Setting next_dagrun for example_skip_dag to 2026-04-20 00:00:00+00:00, run_after=2026-04-21 00:00:00+00:00
[2026-04-21T08:41:26.998+0000] {processor.py:183} INFO - Processing /home/airflow/.local/lib/python3.8/site-packages/airflow/example_dags/example_skip_dag.py took 0.049 seconds
[2026-04-21T08:41:57.507+0000] {processor.py:161} INFO - Started process (PID=23601) to work on /home/airflow/.local/lib/python3.8/site-packages/airflow/example_dags/example_skip_dag.py
[2026-04-21T08:41:57.515+0000] {processor.py:830} INFO - Processing file /home/airflow/.local/lib/python3.8/site-packages/airflow/example_dags/example_skip_dag.py for tasks to queue
[2026-04-21T08:41:57.517+0000] {logging_mixin.py:188} INFO - [2026-04-21T08:41:57.517+0000] {dagbag.py:538} INFO - Filling up the DagBag from /home/airflow/.local/lib/python3.8/site-packages/airflow/example_dags/example_skip_dag.py
[2026-04-21T08:41:57.521+0000] {processor.py:840} INFO - DAG(s) 'example_skip_dag' retrieved from /home/airflow/.local/lib/python3.8/site-packages/airflow/example_dags/example_skip_dag.py
[2026-04-21T08:41:57.536+0000] {logging_mixin.py:188} INFO - [2026-04-21T08:41:57.536+0000] {dag.py:3036} INFO - Sync 1 DAGs
[2026-04-21T08:41:57.550+0000] {logging_mixin.py:188} INFO - [2026-04-21T08:41:57.549+0000] {dag.py:3823} INFO - Setting next_dagrun for example_skip_dag to 2026-04-20 00:00:00+00:00, run_after=2026-04-21 00:00:00+00:00
[2026-04-21T08:41:57.559+0000] {processor.py:183} INFO - Processing /home/airflow/.local/lib/python3.8/site-packages/airflow/example_dags/example_skip_dag.py took 0.056 seconds
[2026-04-21T08:42:28.157+0000] {processor.py:161} INFO - Started process (PID=23656) to work on /home/airflow/.local/lib/python3.8/site-packages/airflow/example_dags/example_skip_dag.py
[2026-04-21T08:42:28.167+0000] {processor.py:830} INFO - Processing file /home/airflow/.local/lib/python3.8/site-packages/airflow/example_dags/example_skip_dag.py for tasks to queue
[2026-04-21T08:42:28.167+0000] {logging_mixin.py:188} INFO - [2026-04-21T08:42:28.167+0000] {dagbag.py:538} INFO - Filling up the DagBag from /home/airflow/.local/lib/python3.8/site-packages/airflow/example_dags/example_skip_dag.py
[2026-04-21T08:42:28.172+0000] {processor.py:840} INFO - DAG(s) 'example_skip_dag' retrieved from /home/airflow/.local/lib/python3.8/site-packages/airflow/example_dags/example_skip_dag.py
[2026-04-21T08:42:28.187+0000] {logging_mixin.py:188} INFO - [2026-04-21T08:42:28.187+0000] {dag.py:3036} INFO - Sync 1 DAGs
[2026-04-21T08:42:28.201+0000] {logging_mixin.py:188} INFO - [2026-04-21T08:42:28.201+0000] {dag.py:3823} INFO - Setting next_dagrun for example_skip_dag to 2026-04-20 00:00:00+00:00, run_after=2026-04-21 00:00:00+00:00
[2026-04-21T08:42:28.212+0000] {processor.py:183} INFO - Processing /home/airflow/.local/lib/python3.8/site-packages/airflow/example_dags/example_skip_dag.py took 0.058 seconds
[2026-04-21T08:42:58.325+0000] {processor.py:161} INFO - Started process (PID=23711) to work on /home/airflow/.local/lib/python3.8/site-packages/airflow/example_dags/example_skip_dag.py
[2026-04-21T08:42:58.333+0000] {processor.py:830} INFO - Processing file /home/airflow/.local/lib/python3.8/site-packages/airflow/example_dags/example_skip_dag.py for tasks to queue
[2026-04-21T08:42:58.334+0000] {logging_mixin.py:188} INFO - [2026-04-21T08:42:58.334+0000] {dagbag.py:538} INFO - Filling up the DagBag from /home/airflow/.local/lib/python3.8/site-packages/airflow/example_dags/example_skip_dag.py
[2026-04-21T08:42:58.338+0000] {processor.py:840} INFO - DAG(s) 'example_skip_dag' retrieved from /home/airflow/.local/lib/python3.8/site-packages/airflow/example_dags/example_skip_dag.py
[2026-04-21T08:42:58.353+0000] {logging_mixin.py:188} INFO - [2026-04-21T08:42:58.353+0000] {dag.py:3036} INFO - Sync 1 DAGs
[2026-04-21T08:42:58.367+0000] {logging_mixin.py:188} INFO - [2026-04-21T08:42:58.367+0000] {dag.py:3823} INFO - Setting next_dagrun for example_skip_dag to 2026-04-20 00:00:00+00:00, run_after=2026-04-21 00:00:00+00:00
[2026-04-21T08:42:58.377+0000] {processor.py:183} INFO - Processing /home/airflow/.local/lib/python3.8/site-packages/airflow/example_dags/example_skip_dag.py took 0.055 seconds
[2026-04-21T08:43:28.892+0000] {processor.py:161} INFO - Started process (PID=23766) to work on /home/airflow/.local/lib/python3.8/site-packages/airflow/example_dags/example_skip_dag.py
[2026-04-21T08:43:28.893+0000] {processor.py:830} INFO - Processing file /home/airflow/.local/lib/python3.8/site-packages/airflow/example_dags/example_skip_dag.py for tasks to queue
[2026-04-21T08:43:28.893+0000] {logging_mixin.py:188} INFO - [2026-04-21T08:43:28.893+0000] {dagbag.py:538} INFO - Filling up the DagBag from /home/airflow/.local/lib/python3.8/site-packages/airflow/example_dags/example_skip_dag.py
[2026-04-21T08:43:28.898+0000] {processor.py:840} INFO - DAG(s) 'example_skip_dag' retrieved from /home/airflow/.local/lib/python3.8/site-packages/airflow/example_dags/example_skip_dag.py
[2026-04-21T08:43:28.913+0000] {logging_mixin.py:188} INFO - [2026-04-21T08:43:28.912+0000] {dag.py:3036} INFO - Sync 1 DAGs
[2026-04-21T08:43:28.927+0000] {logging_mixin.py:188} INFO - [2026-04-21T08:43:28.926+0000] {dag.py:3823} INFO - Setting next_dagrun for example_skip_dag to 2026-04-20 00:00:00+00:00, run_after=2026-04-21 00:00:00+00:00
[2026-04-21T08:43:28.936+0000] {processor.py:183} INFO - Processing /home/airflow/.local/lib/python3.8/site-packages/airflow/example_dags/example_skip_dag.py took 0.047 seconds
[2026-04-21T08:43:59.631+0000] {processor.py:161} INFO - Started process (PID=23821) to work on /home/airflow/.local/lib/python3.8/site-packages/airflow/example_dags/example_skip_dag.py
[2026-04-21T08:43:59.631+0000] {processor.py:830} INFO - Processing file /home/airflow/.local/lib/python3.8/site-packages/airflow/example_dags/example_skip_dag.py for tasks to queue
[2026-04-21T08:43:59.632+0000] {logging_mixin.py:188} INFO - [2026-04-21T08:43:59.632+0000] {dagbag.py:538} INFO - Filling up the DagBag from /home/airflow/.local/lib/python3.8/site-packages/airflow/example_dags/example_skip_dag.py
[2026-04-21T08:43:59.637+0000] {processor.py:840} INFO - DAG(s) 'example_skip_dag' retrieved from /home/airflow/.local/lib/python3.8/site-packages/airflow/example_dags/example_skip_dag.py
[2026-04-21T08:43:59.652+0000] {logging_mixin.py:188} INFO - [2026-04-21T08:43:59.651+0000] {dag.py:3036} INFO - Sync 1 DAGs
[2026-04-21T08:43:59.775+0000] {logging_mixin.py:188} INFO - [2026-04-21T08:43:59.774+0000] {dag.py:3823} INFO - Setting next_dagrun for example_skip_dag to 2026-04-20 00:00:00+00:00, run_after=2026-04-21 00:00:00+00:00
[2026-04-21T08:43:59.793+0000] {processor.py:183} INFO - Processing /home/airflow/.local/lib/python3.8/site-packages/airflow/example_dags/example_skip_dag.py took 0.165 seconds
[2026-04-21T08:44:30.065+0000] {processor.py:161} INFO - Started process (PID=23876) to work on /home/airflow/.local/lib/python3.8/site-packages/airflow/example_dags/example_skip_dag.py
[2026-04-21T08:44:30.074+0000] {processor.py:830} INFO - Processing file /home/airflow/.local/lib/python3.8/site-packages/airflow/example_dags/example_skip_dag.py for tasks to queue
[2026-04-21T08:44:30.075+0000] {logging_mixin.py:188} INFO - [2026-04-21T08:44:30.074+0000] {dagbag.py:538} INFO - Filling up the DagBag from /home/airflow/.local/lib/python3.8/site-packages/airflow/example_dags/example_skip_dag.py
[2026-04-21T08:44:30.079+0000] {processor.py:840} INFO - DAG(s) 'example_skip_dag' retrieved from /home/airflow/.local/lib/python3.8/site-packages/airflow/example_dags/example_skip_dag.py
[2026-04-21T08:44:30.094+0000] {logging_mixin.py:188} INFO - [2026-04-21T08:44:30.094+0000] {dag.py:3036} INFO - Sync 1 DAGs
[2026-04-21T08:44:30.108+0000] {logging_mixin.py:188} INFO - [2026-04-21T08:44:30.108+0000] {dag.py:3823} INFO - Setting next_dagrun for example_skip_dag to 2026-04-20 00:00:00+00:00, run_after=2026-04-21 00:00:00+00:00
[2026-04-21T08:44:30.224+0000] {processor.py:183} INFO - Processing /home/airflow/.local/lib/python3.8/site-packages/airflow/example_dags/example_skip_dag.py took 0.163 seconds
[2026-04-21T08:45:00.789+0000] {processor.py:161} INFO - Started process (PID=23931) to work on /home/airflow/.local/lib/python3.8/site-packages/airflow/example_dags/example_skip_dag.py
[2026-04-21T08:45:00.798+0000] {processor.py:830} INFO - Processing file /home/airflow/.local/lib/python3.8/site-packages/airflow/example_dags/example_skip_dag.py for tasks to queue
[2026-04-21T08:45:00.799+0000] {logging_mixin.py:188} INFO - [2026-04-21T08:45:00.799+0000] {dagbag.py:538} INFO - Filling up the DagBag from /home/airflow/.local/lib/python3.8/site-packages/airflow/example_dags/example_skip_dag.py
[2026-04-21T08:45:00.803+0000] {processor.py:840} INFO - DAG(s) 'example_skip_dag' retrieved from /home/airflow/.local/lib/python3.8/site-packages/airflow/example_dags/example_skip_dag.py
[2026-04-21T08:45:00.818+0000] {logging_mixin.py:188} INFO - [2026-04-21T08:45:00.818+0000] {dag.py:3036} INFO - Sync 1 DAGs
[2026-04-21T08:45:00.832+0000] {logging_mixin.py:188} INFO - [2026-04-21T08:45:00.832+0000] {dag.py:3823} INFO - Setting next_dagrun for example_skip_dag to 2026-04-20 00:00:00+00:00, run_after=2026-04-21 00:00:00+00:00
[2026-04-21T08:45:00.844+0000] {processor.py:183} INFO - Processing /home/airflow/.local/lib/python3.8/site-packages/airflow/example_dags/example_skip_dag.py took 0.057 seconds
[2026-04-21T08:45:31.376+0000] {processor.py:161} INFO - Started process (PID=23986) to work on /home/airflow/.local/lib/python3.8/site-packages/airflow/example_dags/example_skip_dag.py
[2026-04-21T08:45:31.385+0000] {processor.py:830} INFO - Processing file /home/airflow/.local/lib/python3.8/site-packages/airflow/example_dags/example_skip_dag.py for tasks to queue
[2026-04-21T08:45:31.386+0000] {logging_mixin.py:188} INFO - [2026-04-21T08:45:31.385+0000] {dagbag.py:538} INFO - Filling up the DagBag from /home/airflow/.local/lib/python3.8/site-packages/airflow/example_dags/example_skip_dag.py
[2026-04-21T08:45:31.390+0000] {processor.py:840} INFO - DAG(s) 'example_skip_dag' retrieved from /home/airflow/.local/lib/python3.8/site-packages/airflow/example_dags/example_skip_dag.py
[2026-04-21T08:45:31.405+0000] {logging_mixin.py:188} INFO - [2026-04-21T08:45:31.405+0000] {dag.py:3036} INFO - Sync 1 DAGs
[2026-04-21T08:45:31.419+0000] {logging_mixin.py:188} INFO - [2026-04-21T08:45:31.419+0000] {dag.py:3823} INFO - Setting next_dagrun for example_skip_dag to 2026-04-20 00:00:00+00:00, run_after=2026-04-21 00:00:00+00:00
[2026-04-21T08:45:31.429+0000] {processor.py:183} INFO - Processing /home/airflow/.local/lib/python3.8/site-packages/airflow/example_dags/example_skip_dag.py took 0.057 seconds
[2026-04-21T08:46:01.630+0000] {processor.py:161} INFO - Started process (PID=24041) to work on /home/airflow/.local/lib/python3.8/site-packages/airflow/example_dags/example_skip_dag.py
[2026-04-21T08:46:01.638+0000] {processor.py:830} INFO - Processing file /home/airflow/.local/lib/python3.8/site-packages/airflow/example_dags/example_skip_dag.py for tasks to queue
[2026-04-21T08:46:01.639+0000] {logging_mixin.py:188} INFO - [2026-04-21T08:46:01.639+0000] {dagbag.py:538} INFO - Filling up the DagBag from /home/airflow/.local/lib/python3.8/site-packages/airflow/example_dags/example_skip_dag.py
[2026-04-21T08:46:01.643+0000] {processor.py:840} INFO - DAG(s) 'example_skip_dag' retrieved from /home/airflow/.local/lib/python3.8/site-packages/airflow/example_dags/example_skip_dag.py
[2026-04-21T08:46:01.659+0000] {logging_mixin.py:188} INFO - [2026-04-21T08:46:01.659+0000] {dag.py:3036} INFO - Sync 1 DAGs
[2026-04-21T08:46:01.673+0000] {logging_mixin.py:188} INFO - [2026-04-21T08:46:01.673+0000] {dag.py:3823} INFO - Setting next_dagrun for example_skip_dag to 2026-04-20 00:00:00+00:00, run_after=2026-04-21 00:00:00+00:00
[2026-04-21T08:46:01.683+0000] {processor.py:183} INFO - Processing /home/airflow/.local/lib/python3.8/site-packages/airflow/example_dags/example_skip_dag.py took 0.055 seconds
[2026-04-21T08:46:32.323+0000] {processor.py:161} INFO - Started process (PID=24096) to work on /home/airflow/.local/lib/python3.8/site-packages/airflow/example_dags/example_skip_dag.py
[2026-04-21T08:46:32.324+0000] {processor.py:830} INFO - Processing file /home/airflow/.local/lib/python3.8/site-packages/airflow/example_dags/example_skip_dag.py for tasks to queue
[2026-04-21T08:46:32.325+0000] {logging_mixin.py:188} INFO - [2026-04-21T08:46:32.324+0000] {dagbag.py:538} INFO - Filling up the DagBag from /home/airflow/.local/lib/python3.8/site-packages/airflow/example_dags/example_skip_dag.py
[2026-04-21T08:46:32.329+0000] {processor.py:840} INFO - DAG(s) 'example_skip_dag' retrieved from /home/airflow/.local/lib/python3.8/site-packages/airflow/example_dags/example_skip_dag.py
[2026-04-21T08:46:32.343+0000] {logging_mixin.py:188} INFO - [2026-04-21T08:46:32.343+0000] {dag.py:3036} INFO - Sync 1 DAGs
[2026-04-21T08:46:32.357+0000] {logging_mixin.py:188} INFO - [2026-04-21T08:46:32.357+0000] {dag.py:3823} INFO - Setting next_dagrun for example_skip_dag to 2026-04-20 00:00:00+00:00, run_after=2026-04-21 00:00:00+00:00
[2026-04-21T08:46:32.367+0000] {processor.py:183} INFO - Processing /home/airflow/.local/lib/python3.8/site-packages/airflow/example_dags/example_skip_dag.py took 0.046 seconds
[2026-04-21T08:47:02.973+0000] {processor.py:161} INFO - Started process (PID=24151) to work on /home/airflow/.local/lib/python3.8/site-packages/airflow/example_dags/example_skip_dag.py
[2026-04-21T08:47:02.974+0000] {processor.py:830} INFO - Processing file /home/airflow/.local/lib/python3.8/site-packages/airflow/example_dags/example_skip_dag.py for tasks to queue
[2026-04-21T08:47:02.975+0000] {logging_mixin.py:188} INFO - [2026-04-21T08:47:02.974+0000] {dagbag.py:538} INFO - Filling up the DagBag from /home/airflow/.local/lib/python3.8/site-packages/airflow/example_dags/example_skip_dag.py
[2026-04-21T08:47:02.980+0000] {processor.py:840} INFO - DAG(s) 'example_skip_dag' retrieved from /home/airflow/.local/lib/python3.8/site-packages/airflow/example_dags/example_skip_dag.py
[2026-04-21T08:47:02.995+0000] {logging_mixin.py:188} INFO - [2026-04-21T08:47:02.994+0000] {dag.py:3036} INFO - Sync 1 DAGs
[2026-04-21T08:47:03.008+0000] {logging_mixin.py:188} INFO - [2026-04-21T08:47:03.008+0000] {dag.py:3823} INFO - Setting next_dagrun for example_skip_dag to 2026-04-20 00:00:00+00:00, run_after=2026-04-21 00:00:00+00:00
[2026-04-21T08:47:03.018+0000] {processor.py:183} INFO - Processing /home/airflow/.local/lib/python3.8/site-packages/airflow/example_dags/example_skip_dag.py took 0.048 seconds
[2026-04-21T08:47:33.761+0000] {processor.py:161} INFO - Started process (PID=24206) to work on /home/airflow/.local/lib/python3.8/site-packages/airflow/example_dags/example_skip_dag.py
[2026-04-21T08:47:33.762+0000] {processor.py:830} INFO - Processing file /home/airflow/.local/lib/python3.8/site-packages/airflow/example_dags/example_skip_dag.py for tasks to queue
[2026-04-21T08:47:33.763+0000] {logging_mixin.py:188} INFO - [2026-04-21T08:47:33.763+0000] {dagbag.py:538} INFO - Filling up the DagBag from /home/airflow/.local/lib/python3.8/site-packages/airflow/example_dags/example_skip_dag.py
[2026-04-21T08:47:33.768+0000] {processor.py:840} INFO - DAG(s) 'example_skip_dag' retrieved from /home/airflow/.local/lib/python3.8/site-packages/airflow/example_dags/example_skip_dag.py
[2026-04-21T08:47:33.783+0000] {logging_mixin.py:188} INFO - [2026-04-21T08:47:33.783+0000] {dag.py:3036} INFO - Sync 1 DAGs
[2026-04-21T08:47:33.797+0000] {logging_mixin.py:188} INFO - [2026-04-21T08:47:33.797+0000] {dag.py:3823} INFO - Setting next_dagrun for example_skip_dag to 2026-04-20 00:00:00+00:00, run_after=2026-04-21 00:00:00+00:00
[2026-04-21T08:47:33.807+0000] {processor.py:183} INFO - Processing /home/airflow/.local/lib/python3.8/site-packages/airflow/example_dags/example_skip_dag.py took 0.049 seconds
[2026-04-21T08:48:04.415+0000] {processor.py:161} INFO - Started process (PID=24261) to work on /home/airflow/.local/lib/python3.8/site-packages/airflow/example_dags/example_skip_dag.py
[2026-04-21T08:48:04.416+0000] {processor.py:830} INFO - Processing file /home/airflow/.local/lib/python3.8/site-packages/airflow/example_dags/example_skip_dag.py for tasks to queue
[2026-04-21T08:48:04.417+0000] {logging_mixin.py:188} INFO - [2026-04-21T08:48:04.416+0000] {dagbag.py:538} INFO - Filling up the DagBag from /home/airflow/.local/lib/python3.8/site-packages/airflow/example_dags/example_skip_dag.py
[2026-04-21T08:48:04.421+0000] {processor.py:840} INFO - DAG(s) 'example_skip_dag' retrieved from /home/airflow/.local/lib/python3.8/site-packages/airflow/example_dags/example_skip_dag.py
[2026-04-21T08:48:04.436+0000] {logging_mixin.py:188} INFO - [2026-04-21T08:48:04.436+0000] {dag.py:3036} INFO - Sync 1 DAGs
[2026-04-21T08:48:04.450+0000] {logging_mixin.py:188} INFO - [2026-04-21T08:48:04.449+0000] {dag.py:3823} INFO - Setting next_dagrun for example_skip_dag to 2026-04-20 00:00:00+00:00, run_after=2026-04-21 00:00:00+00:00
[2026-04-21T08:48:04.459+0000] {processor.py:183} INFO - Processing /home/airflow/.local/lib/python3.8/site-packages/airflow/example_dags/example_skip_dag.py took 0.047 seconds
[2026-04-21T08:48:35.073+0000] {processor.py:161} INFO - Started process (PID=24316) to work on /home/airflow/.local/lib/python3.8/site-packages/airflow/example_dags/example_skip_dag.py
[2026-04-21T08:48:35.074+0000] {processor.py:830} INFO - Processing file /home/airflow/.local/lib/python3.8/site-packages/airflow/example_dags/example_skip_dag.py for tasks to queue
[2026-04-21T08:48:35.074+0000] {logging_mixin.py:188} INFO - [2026-04-21T08:48:35.074+0000] {dagbag.py:538} INFO - Filling up the DagBag from /home/airflow/.local/lib/python3.8/site-packages/airflow/example_dags/example_skip_dag.py
[2026-04-21T08:48:35.079+0000] {processor.py:840} INFO - DAG(s) 'example_skip_dag' retrieved from /home/airflow/.local/lib/python3.8/site-packages/airflow/example_dags/example_skip_dag.py
[2026-04-21T08:48:35.093+0000] {logging_mixin.py:188} INFO - [2026-04-21T08:48:35.093+0000] {dag.py:3036} INFO - Sync 1 DAGs
[2026-04-21T08:48:35.107+0000] {logging_mixin.py:188} INFO - [2026-04-21T08:48:35.107+0000] {dag.py:3823} INFO - Setting next_dagrun for example_skip_dag to 2026-04-20 00:00:00+00:00, run_after=2026-04-21 00:00:00+00:00
[2026-04-21T08:48:35.117+0000] {processor.py:183} INFO - Processing /home/airflow/.local/lib/python3.8/site-packages/airflow/example_dags/example_skip_dag.py took 0.047 seconds
[2026-04-21T08:49:05.695+0000] {processor.py:161} INFO - Started process (PID=24371) to work on /home/airflow/.local/lib/python3.8/site-packages/airflow/example_dags/example_skip_dag.py
[2026-04-21T08:49:05.696+0000] {processor.py:830} INFO - Processing file /home/airflow/.local/lib/python3.8/site-packages/airflow/example_dags/example_skip_dag.py for tasks to queue
[2026-04-21T08:49:05.696+0000] {logging_mixin.py:188} INFO - [2026-04-21T08:49:05.696+0000] {dagbag.py:538} INFO - Filling up the DagBag from /home/airflow/.local/lib/python3.8/site-packages/airflow/example_dags/example_skip_dag.py
[2026-04-21T08:49:05.701+0000] {processor.py:840} INFO - DAG(s) 'example_skip_dag' retrieved from /home/airflow/.local/lib/python3.8/site-packages/airflow/example_dags/example_skip_dag.py
[2026-04-21T08:49:05.716+0000] {logging_mixin.py:188} INFO - [2026-04-21T08:49:05.715+0000] {dag.py:3036} INFO - Sync 1 DAGs
[2026-04-21T08:49:05.729+0000] {logging_mixin.py:188} INFO - [2026-04-21T08:49:05.729+0000] {dag.py:3823} INFO - Setting next_dagrun for example_skip_dag to 2026-04-20 00:00:00+00:00, run_after=2026-04-21 00:00:00+00:00
[2026-04-21T08:49:05.739+0000] {processor.py:183} INFO - Processing /home/airflow/.local/lib/python3.8/site-packages/airflow/example_dags/example_skip_dag.py took 0.048 seconds
[2026-04-21T08:49:36.393+0000] {processor.py:161} INFO - Started process (PID=24426) to work on /home/airflow/.local/lib/python3.8/site-packages/airflow/example_dags/example_skip_dag.py
[2026-04-21T08:49:36.402+0000] {processor.py:830} INFO - Processing file /home/airflow/.local/lib/python3.8/site-packages/airflow/example_dags/example_skip_dag.py for tasks to queue
[2026-04-21T08:49:36.403+0000] {logging_mixin.py:188} INFO - [2026-04-21T08:49:36.403+0000] {dagbag.py:538} INFO - Filling up the DagBag from /home/airflow/.local/lib/python3.8/site-packages/airflow/example_dags/example_skip_dag.py
[2026-04-21T08:49:36.407+0000] {processor.py:840} INFO - DAG(s) 'example_skip_dag' retrieved from /home/airflow/.local/lib/python3.8/site-packages/airflow/example_dags/example_skip_dag.py
[2026-04-21T08:49:36.421+0000] {logging_mixin.py:188} INFO - [2026-04-21T08:49:36.421+0000] {dag.py:3036} INFO - Sync 1 DAGs
[2026-04-21T08:49:36.435+0000] {logging_mixin.py:188} INFO - [2026-04-21T08:49:36.435+0000] {dag.py:3823} INFO - Setting next_dagrun for example_skip_dag to 2026-04-20 00:00:00+00:00, run_after=2026-04-21 00:00:00+00:00
[2026-04-21T08:49:36.445+0000] {processor.py:183} INFO - Processing /home/airflow/.local/lib/python3.8/site-packages/airflow/example_dags/example_skip_dag.py took 0.055 seconds
[2026-04-21T08:50:07.024+0000] {processor.py:161} INFO - Started process (PID=24481) to work on /home/airflow/.local/lib/python3.8/site-packages/airflow/example_dags/example_skip_dag.py
[2026-04-21T08:50:07.025+0000] {processor.py:830} INFO - Processing file /home/airflow/.local/lib/python3.8/site-packages/airflow/example_dags/example_skip_dag.py for tasks to queue
[2026-04-21T08:50:07.026+0000] {logging_mixin.py:188} INFO - [2026-04-21T08:50:07.025+0000] {dagbag.py:538} INFO - Filling up the DagBag from /home/airflow/.local/lib/python3.8/site-packages/airflow/example_dags/example_skip_dag.py
[2026-04-21T08:50:07.031+0000] {processor.py:840} INFO - DAG(s) 'example_skip_dag' retrieved from /home/airflow/.local/lib/python3.8/site-packages/airflow/example_dags/example_skip_dag.py
[2026-04-21T08:50:07.045+0000] {logging_mixin.py:188} INFO - [2026-04-21T08:50:07.045+0000] {dag.py:3036} INFO - Sync 1 DAGs
[2026-04-21T08:50:07.061+0000] {logging_mixin.py:188} INFO - [2026-04-21T08:50:07.060+0000] {dag.py:3823} INFO - Setting next_dagrun for example_skip_dag to 2026-04-20 00:00:00+00:00, run_after=2026-04-21 00:00:00+00:00
[2026-04-21T08:50:07.071+0000] {processor.py:183} INFO - Processing /home/airflow/.local/lib/python3.8/site-packages/airflow/example_dags/example_skip_dag.py took 0.050 seconds
[2026-04-21T08:50:37.666+0000] {processor.py:161} INFO - Started process (PID=24536) to work on /home/airflow/.local/lib/python3.8/site-packages/airflow/example_dags/example_skip_dag.py
[2026-04-21T08:50:37.674+0000] {processor.py:830} INFO - Processing file /home/airflow/.local/lib/python3.8/site-packages/airflow/example_dags/example_skip_dag.py for tasks to queue
[2026-04-21T08:50:37.675+0000] {logging_mixin.py:188} INFO - [2026-04-21T08:50:37.674+0000] {dagbag.py:538} INFO - Filling up the DagBag from /home/airflow/.local/lib/python3.8/site-packages/airflow/example_dags/example_skip_dag.py
[2026-04-21T08:50:37.679+0000] {processor.py:840} INFO - DAG(s) 'example_skip_dag' retrieved from /home/airflow/.local/lib/python3.8/site-packages/airflow/example_dags/example_skip_dag.py
[2026-04-21T08:50:37.694+0000] {logging_mixin.py:188} INFO - [2026-04-21T08:50:37.694+0000] {dag.py:3036} INFO - Sync 1 DAGs
[2026-04-21T08:50:37.708+0000] {logging_mixin.py:188} INFO - [2026-04-21T08:50:37.708+0000] {dag.py:3823} INFO - Setting next_dagrun for example_skip_dag to 2026-04-20 00:00:00+00:00, run_after=2026-04-21 00:00:00+00:00
[2026-04-21T08:50:37.718+0000] {processor.py:183} INFO - Processing /home/airflow/.local/lib/python3.8/site-packages/airflow/example_dags/example_skip_dag.py took 0.056 seconds
[2026-04-21T08:51:08.363+0000] {processor.py:161} INFO - Started process (PID=24591) to work on /home/airflow/.local/lib/python3.8/site-packages/airflow/example_dags/example_skip_dag.py
[2026-04-21T08:51:08.364+0000] {processor.py:830} INFO - Processing file /home/airflow/.local/lib/python3.8/site-packages/airflow/example_dags/example_skip_dag.py for tasks to queue
[2026-04-21T08:51:08.365+0000] {logging_mixin.py:188} INFO - [2026-04-21T08:51:08.364+0000] {dagbag.py:538} INFO - Filling up the DagBag from /home/airflow/.local/lib/python3.8/site-packages/airflow/example_dags/example_skip_dag.py
[2026-04-21T08:51:08.369+0000] {processor.py:840} INFO - DAG(s) 'example_skip_dag' retrieved from /home/airflow/.local/lib/python3.8/site-packages/airflow/example_dags/example_skip_dag.py
[2026-04-21T08:51:08.384+0000] {logging_mixin.py:188} INFO - [2026-04-21T08:51:08.384+0000] {dag.py:3036} INFO - Sync 1 DAGs
[2026-04-21T08:51:08.398+0000] {logging_mixin.py:188} INFO - [2026-04-21T08:51:08.397+0000] {dag.py:3823} INFO - Setting next_dagrun for example_skip_dag to 2026-04-20 00:00:00+00:00, run_after=2026-04-21 00:00:00+00:00
[2026-04-21T08:51:08.408+0000] {processor.py:183} INFO - Processing /home/airflow/.local/lib/python3.8/site-packages/airflow/example_dags/example_skip_dag.py took 0.048 seconds
[2026-04-21T08:51:38.993+0000] {processor.py:161} INFO - Started process (PID=24646) to work on /home/airflow/.local/lib/python3.8/site-packages/airflow/example_dags/example_skip_dag.py
[2026-04-21T08:51:39.002+0000] {processor.py:830} INFO - Processing file /home/airflow/.local/lib/python3.8/site-packages/airflow/example_dags/example_skip_dag.py for tasks to queue
[2026-04-21T08:51:39.003+0000] {logging_mixin.py:188} INFO - [2026-04-21T08:51:39.003+0000] {dagbag.py:538} INFO - Filling up the DagBag from /home/airflow/.local/lib/python3.8/site-packages/airflow/example_dags/example_skip_dag.py
[2026-04-21T08:51:39.008+0000] {processor.py:840} INFO - DAG(s) 'example_skip_dag' retrieved from /home/airflow/.local/lib/python3.8/site-packages/airflow/example_dags/example_skip_dag.py
[2026-04-21T08:51:39.023+0000] {logging_mixin.py:188} INFO - [2026-04-21T08:51:39.022+0000] {dag.py:3036} INFO - Sync 1 DAGs
[2026-04-21T08:51:39.038+0000] {logging_mixin.py:188} INFO - [2026-04-21T08:51:39.038+0000] {dag.py:3823} INFO - Setting next_dagrun for example_skip_dag to 2026-04-20 00:00:00+00:00, run_after=2026-04-21 00:00:00+00:00
[2026-04-21T08:51:39.049+0000] {processor.py:183} INFO - Processing /home/airflow/.local/lib/python3.8/site-packages/airflow/example_dags/example_skip_dag.py took 0.058 seconds
[2026-04-21T08:52:09.726+0000] {processor.py:161} INFO - Started process (PID=24701) to work on /home/airflow/.local/lib/python3.8/site-packages/airflow/example_dags/example_skip_dag.py
[2026-04-21T08:52:09.734+0000] {processor.py:830} INFO - Processing file /home/airflow/.local/lib/python3.8/site-packages/airflow/example_dags/example_skip_dag.py for tasks to queue
[2026-04-21T08:52:09.735+0000] {logging_mixin.py:188} INFO - [2026-04-21T08:52:09.735+0000] {dagbag.py:538} INFO - Filling up the DagBag from /home/airflow/.local/lib/python3.8/site-packages/airflow/example_dags/example_skip_dag.py
[2026-04-21T08:52:09.740+0000] {processor.py:840} INFO - DAG(s) 'example_skip_dag' retrieved from /home/airflow/.local/lib/python3.8/site-packages/airflow/example_dags/example_skip_dag.py
[2026-04-21T08:52:09.755+0000] {logging_mixin.py:188} INFO - [2026-04-21T08:52:09.755+0000] {dag.py:3036} INFO - Sync 1 DAGs
[2026-04-21T08:52:09.770+0000] {logging_mixin.py:188} INFO - [2026-04-21T08:52:09.769+0000] {dag.py:3823} INFO - Setting next_dagrun for example_skip_dag to 2026-04-20 00:00:00+00:00, run_after=2026-04-21 00:00:00+00:00
[2026-04-21T08:52:09.780+0000] {processor.py:183} INFO - Processing /home/airflow/.local/lib/python3.8/site-packages/airflow/example_dags/example_skip_dag.py took 0.057 seconds
[2026-04-21T08:52:40.448+0000] {processor.py:161} INFO - Started process (PID=24756) to work on /home/airflow/.local/lib/python3.8/site-packages/airflow/example_dags/example_skip_dag.py
[2026-04-21T08:52:40.457+0000] {processor.py:830} INFO - Processing file /home/airflow/.local/lib/python3.8/site-packages/airflow/example_dags/example_skip_dag.py for tasks to queue
[2026-04-21T08:52:40.457+0000] {logging_mixin.py:188} INFO - [2026-04-21T08:52:40.457+0000] {dagbag.py:538} INFO - Filling up the DagBag from /home/airflow/.local/lib/python3.8/site-packages/airflow/example_dags/example_skip_dag.py
[2026-04-21T08:52:40.462+0000] {processor.py:840} INFO - DAG(s) 'example_skip_dag' retrieved from /home/airflow/.local/lib/python3.8/site-packages/airflow/example_dags/example_skip_dag.py
[2026-04-21T08:52:40.477+0000] {logging_mixin.py:188} INFO - [2026-04-21T08:52:40.477+0000] {dag.py:3036} INFO - Sync 1 DAGs
[2026-04-21T08:52:40.491+0000] {logging_mixin.py:188} INFO - [2026-04-21T08:52:40.491+0000] {dag.py:3823} INFO - Setting next_dagrun for example_skip_dag to 2026-04-20 00:00:00+00:00, run_after=2026-04-21 00:00:00+00:00
[2026-04-21T08:52:40.501+0000] {processor.py:183} INFO - Processing /home/airflow/.local/lib/python3.8/site-packages/airflow/example_dags/example_skip_dag.py took 0.057 seconds
[2026-04-21T08:53:11.266+0000] {processor.py:161} INFO - Started process (PID=24811) to work on /home/airflow/.local/lib/python3.8/site-packages/airflow/example_dags/example_skip_dag.py
[2026-04-21T08:53:11.275+0000] {processor.py:830} INFO - Processing file /home/airflow/.local/lib/python3.8/site-packages/airflow/example_dags/example_skip_dag.py for tasks to queue
[2026-04-21T08:53:11.276+0000] {logging_mixin.py:188} INFO - [2026-04-21T08:53:11.275+0000] {dagbag.py:538} INFO - Filling up the DagBag from /home/airflow/.local/lib/python3.8/site-packages/airflow/example_dags/example_skip_dag.py
[2026-04-21T08:53:11.281+0000] {processor.py:840} INFO - DAG(s) 'example_skip_dag' retrieved from /home/airflow/.local/lib/python3.8/site-packages/airflow/example_dags/example_skip_dag.py
[2026-04-21T08:53:11.298+0000] {logging_mixin.py:188} INFO - [2026-04-21T08:53:11.298+0000] {dag.py:3036} INFO - Sync 1 DAGs
[2026-04-21T08:53:11.313+0000] {logging_mixin.py:188} INFO - [2026-04-21T08:53:11.313+0000] {dag.py:3823} INFO - Setting next_dagrun for example_skip_dag to 2026-04-20 00:00:00+00:00, run_after=2026-04-21 00:00:00+00:00
[2026-04-21T08:53:11.324+0000] {processor.py:183} INFO - Processing /home/airflow/.local/lib/python3.8/site-packages/airflow/example_dags/example_skip_dag.py took 0.060 seconds
[2026-04-21T08:53:42.116+0000] {processor.py:161} INFO - Started process (PID=24866) to work on /home/airflow/.local/lib/python3.8/site-packages/airflow/example_dags/example_skip_dag.py
[2026-04-21T08:53:42.125+0000] {processor.py:830} INFO - Processing file /home/airflow/.local/lib/python3.8/site-packages/airflow/example_dags/example_skip_dag.py for tasks to queue
[2026-04-21T08:53:42.125+0000] {logging_mixin.py:188} INFO - [2026-04-21T08:53:42.125+0000] {dagbag.py:538} INFO - Filling up the DagBag from /home/airflow/.local/lib/python3.8/site-packages/airflow/example_dags/example_skip_dag.py
[2026-04-21T08:53:42.130+0000] {processor.py:840} INFO - DAG(s) 'example_skip_dag' retrieved from /home/airflow/.local/lib/python3.8/site-packages/airflow/example_dags/example_skip_dag.py
[2026-04-21T08:53:42.145+0000] {logging_mixin.py:188} INFO - [2026-04-21T08:53:42.145+0000] {dag.py:3036} INFO - Sync 1 DAGs
[2026-04-21T08:53:42.158+0000] {logging_mixin.py:188} INFO - [2026-04-21T08:53:42.158+0000] {dag.py:3823} INFO - Setting next_dagrun for example_skip_dag to 2026-04-20 00:00:00+00:00, run_after=2026-04-21 00:00:00+00:00
[2026-04-21T08:53:42.169+0000] {processor.py:183} INFO - Processing /home/airflow/.local/lib/python3.8/site-packages/airflow/example_dags/example_skip_dag.py took 0.056 seconds
[2026-04-21T08:54:12.814+0000] {processor.py:161} INFO - Started process (PID=24921) to work on /home/airflow/.local/lib/python3.8/site-packages/airflow/example_dags/example_skip_dag.py
[2026-04-21T08:54:12.823+0000] {processor.py:830} INFO - Processing file /home/airflow/.local/lib/python3.8/site-packages/airflow/example_dags/example_skip_dag.py for tasks to queue
[2026-04-21T08:54:12.825+0000] {logging_mixin.py:188} INFO - [2026-04-21T08:54:12.824+0000] {dagbag.py:538} INFO - Filling up the DagBag from /home/airflow/.local/lib/python3.8/site-packages/airflow/example_dags/example_skip_dag.py
[2026-04-21T08:54:12.829+0000] {processor.py:840} INFO - DAG(s) 'example_skip_dag' retrieved from /home/airflow/.local/lib/python3.8/site-packages/airflow/example_dags/example_skip_dag.py
[2026-04-21T08:54:12.844+0000] {logging_mixin.py:188} INFO - [2026-04-21T08:54:12.844+0000] {dag.py:3036} INFO - Sync 1 DAGs
[2026-04-21T08:54:12.858+0000] {logging_mixin.py:188} INFO - [2026-04-21T08:54:12.858+0000] {dag.py:3823} INFO - Setting next_dagrun for example_skip_dag to 2026-04-20 00:00:00+00:00, run_after=2026-04-21 00:00:00+00:00
[2026-04-21T08:54:12.868+0000] {processor.py:183} INFO - Processing /home/airflow/.local/lib/python3.8/site-packages/airflow/example_dags/example_skip_dag.py took 0.057 seconds
[2026-04-21T08:54:43.508+0000] {processor.py:161} INFO - Started process (PID=24976) to work on /home/airflow/.local/lib/python3.8/site-packages/airflow/example_dags/example_skip_dag.py
[2026-04-21T08:54:43.517+0000] {processor.py:830} INFO - Processing file /home/airflow/.local/lib/python3.8/site-packages/airflow/example_dags/example_skip_dag.py for tasks to queue
[2026-04-21T08:54:43.518+0000] {logging_mixin.py:188} INFO - [2026-04-21T08:54:43.518+0000] {dagbag.py:538} INFO - Filling up the DagBag from /home/airflow/.local/lib/python3.8/site-packages/airflow/example_dags/example_skip_dag.py
[2026-04-21T08:54:43.523+0000] {processor.py:840} INFO - DAG(s) 'example_skip_dag' retrieved from /home/airflow/.local/lib/python3.8/site-packages/airflow/example_dags/example_skip_dag.py
[2026-04-21T08:54:43.538+0000] {logging_mixin.py:188} INFO - [2026-04-21T08:54:43.538+0000] {dag.py:3036} INFO - Sync 1 DAGs
[2026-04-21T08:54:43.552+0000] {logging_mixin.py:188} INFO - [2026-04-21T08:54:43.552+0000] {dag.py:3823} INFO - Setting next_dagrun for example_skip_dag to 2026-04-20 00:00:00+00:00, run_after=2026-04-21 00:00:00+00:00
[2026-04-21T08:54:43.563+0000] {processor.py:183} INFO - Processing /home/airflow/.local/lib/python3.8/site-packages/airflow/example_dags/example_skip_dag.py took 0.058 seconds
[2026-04-21T08:55:14.187+0000] {processor.py:161} INFO - Started process (PID=25031) to work on /home/airflow/.local/lib/python3.8/site-packages/airflow/example_dags/example_skip_dag.py
[2026-04-21T08:55:14.188+0000] {processor.py:830} INFO - Processing file /home/airflow/.local/lib/python3.8/site-packages/airflow/example_dags/example_skip_dag.py for tasks to queue
[2026-04-21T08:55:14.189+0000] {logging_mixin.py:188} INFO - [2026-04-21T08:55:14.189+0000] {dagbag.py:538} INFO - Filling up the DagBag from /home/airflow/.local/lib/python3.8/site-packages/airflow/example_dags/example_skip_dag.py
[2026-04-21T08:55:14.194+0000] {processor.py:840} INFO - DAG(s) 'example_skip_dag' retrieved from /home/airflow/.local/lib/python3.8/site-packages/airflow/example_dags/example_skip_dag.py
[2026-04-21T08:55:14.208+0000] {logging_mixin.py:188} INFO - [2026-04-21T08:55:14.208+0000] {dag.py:3036} INFO - Sync 1 DAGs
[2026-04-21T08:55:14.222+0000] {logging_mixin.py:188} INFO - [2026-04-21T08:55:14.222+0000] {dag.py:3823} INFO - Setting next_dagrun for example_skip_dag to 2026-04-20 00:00:00+00:00, run_after=2026-04-21 00:00:00+00:00
[2026-04-21T08:55:14.232+0000] {processor.py:183} INFO - Processing /home/airflow/.local/lib/python3.8/site-packages/airflow/example_dags/example_skip_dag.py took 0.048 seconds
[2026-04-21T08:55:44.911+0000] {processor.py:161} INFO - Started process (PID=25086) to work on /home/airflow/.local/lib/python3.8/site-packages/airflow/example_dags/example_skip_dag.py
[2026-04-21T08:55:44.920+0000] {processor.py:830} INFO - Processing file /home/airflow/.local/lib/python3.8/site-packages/airflow/example_dags/example_skip_dag.py for tasks to queue
[2026-04-21T08:55:44.921+0000] {logging_mixin.py:188} INFO - [2026-04-21T08:55:44.921+0000] {dagbag.py:538} INFO - Filling up the DagBag from /home/airflow/.local/lib/python3.8/site-packages/airflow/example_dags/example_skip_dag.py
[2026-04-21T08:55:44.926+0000] {processor.py:840} INFO - DAG(s) 'example_skip_dag' retrieved from /home/airflow/.local/lib/python3.8/site-packages/airflow/example_dags/example_skip_dag.py
[2026-04-21T08:55:44.942+0000] {logging_mixin.py:188} INFO - [2026-04-21T08:55:44.942+0000] {dag.py:3036} INFO - Sync 1 DAGs
[2026-04-21T08:55:44.956+0000] {logging_mixin.py:188} INFO - [2026-04-21T08:55:44.956+0000] {dag.py:3823} INFO - Setting next_dagrun for example_skip_dag to 2026-04-20 00:00:00+00:00, run_after=2026-04-21 00:00:00+00:00
[2026-04-21T08:55:44.966+0000] {processor.py:183} INFO - Processing /home/airflow/.local/lib/python3.8/site-packages/airflow/example_dags/example_skip_dag.py took 0.059 seconds
[2026-04-21T08:56:15.630+0000] {processor.py:161} INFO - Started process (PID=25141) to work on /home/airflow/.local/lib/python3.8/site-packages/airflow/example_dags/example_skip_dag.py
[2026-04-21T08:56:15.638+0000] {processor.py:830} INFO - Processing file /home/airflow/.local/lib/python3.8/site-packages/airflow/example_dags/example_skip_dag.py for tasks to queue
[2026-04-21T08:56:15.639+0000] {logging_mixin.py:188} INFO - [2026-04-21T08:56:15.639+0000] {dagbag.py:538} INFO - Filling up the DagBag from /home/airflow/.local/lib/python3.8/site-packages/airflow/example_dags/example_skip_dag.py
[2026-04-21T08:56:15.644+0000] {processor.py:840} INFO - DAG(s) 'example_skip_dag' retrieved from /home/airflow/.local/lib/python3.8/site-packages/airflow/example_dags/example_skip_dag.py
[2026-04-21T08:56:15.658+0000] {logging_mixin.py:188} INFO - [2026-04-21T08:56:15.658+0000] {dag.py:3036} INFO - Sync 1 DAGs
[2026-04-21T08:56:15.673+0000] {logging_mixin.py:188} INFO - [2026-04-21T08:56:15.672+0000] {dag.py:3823} INFO - Setting next_dagrun for example_skip_dag to 2026-04-20 00:00:00+00:00, run_after=2026-04-21 00:00:00+00:00
[2026-04-21T08:56:15.683+0000] {processor.py:183} INFO - Processing /home/airflow/.local/lib/python3.8/site-packages/airflow/example_dags/example_skip_dag.py took 0.056 seconds
[2026-04-21T08:56:46.366+0000] {processor.py:161} INFO - Started process (PID=25196) to work on /home/airflow/.local/lib/python3.8/site-packages/airflow/example_dags/example_skip_dag.py
[2026-04-21T08:56:46.375+0000] {processor.py:830} INFO - Processing file /home/airflow/.local/lib/python3.8/site-packages/airflow/example_dags/example_skip_dag.py for tasks to queue
[2026-04-21T08:56:46.376+0000] {logging_mixin.py:188} INFO - [2026-04-21T08:56:46.375+0000] {dagbag.py:538} INFO - Filling up the DagBag from /home/airflow/.local/lib/python3.8/site-packages/airflow/example_dags/example_skip_dag.py
[2026-04-21T08:56:46.380+0000] {processor.py:840} INFO - DAG(s) 'example_skip_dag' retrieved from /home/airflow/.local/lib/python3.8/site-packages/airflow/example_dags/example_skip_dag.py
[2026-04-21T08:56:46.395+0000] {logging_mixin.py:188} INFO - [2026-04-21T08:56:46.395+0000] {dag.py:3036} INFO - Sync 1 DAGs
[2026-04-21T08:56:46.409+0000] {logging_mixin.py:188} INFO - [2026-04-21T08:56:46.409+0000] {dag.py:3823} INFO - Setting next_dagrun for example_skip_dag to 2026-04-20 00:00:00+00:00, run_after=2026-04-21 00:00:00+00:00
[2026-04-21T08:56:46.420+0000] {processor.py:183} INFO - Processing /home/airflow/.local/lib/python3.8/site-packages/airflow/example_dags/example_skip_dag.py took 0.056 seconds
[2026-04-21T08:57:17.116+0000] {processor.py:161} INFO - Started process (PID=25251) to work on /home/airflow/.local/lib/python3.8/site-packages/airflow/example_dags/example_skip_dag.py
[2026-04-21T08:57:17.125+0000] {processor.py:830} INFO - Processing file /home/airflow/.local/lib/python3.8/site-packages/airflow/example_dags/example_skip_dag.py for tasks to queue
[2026-04-21T08:57:17.126+0000] {logging_mixin.py:188} INFO - [2026-04-21T08:57:17.125+0000] {dagbag.py:538} INFO - Filling up the DagBag from /home/airflow/.local/lib/python3.8/site-packages/airflow/example_dags/example_skip_dag.py
[2026-04-21T08:57:17.131+0000] {processor.py:840} INFO - DAG(s) 'example_skip_dag' retrieved from /home/airflow/.local/lib/python3.8/site-packages/airflow/example_dags/example_skip_dag.py
[2026-04-21T08:57:17.146+0000] {logging_mixin.py:188} INFO - [2026-04-21T08:57:17.146+0000] {dag.py:3036} INFO - Sync 1 DAGs
[2026-04-21T08:57:17.161+0000] {logging_mixin.py:188} INFO - [2026-04-21T08:57:17.161+0000] {dag.py:3823} INFO - Setting next_dagrun for example_skip_dag to 2026-04-20 00:00:00+00:00, run_after=2026-04-21 00:00:00+00:00
[2026-04-21T08:57:17.171+0000] {processor.py:183} INFO - Processing /home/airflow/.local/lib/python3.8/site-packages/airflow/example_dags/example_skip_dag.py took 0.057 seconds
[2026-04-21T08:57:47.815+0000] {processor.py:161} INFO - Started process (PID=25306) to work on /home/airflow/.local/lib/python3.8/site-packages/airflow/example_dags/example_skip_dag.py
[2026-04-21T08:57:47.825+0000] {processor.py:830} INFO - Processing file /home/airflow/.local/lib/python3.8/site-packages/airflow/example_dags/example_skip_dag.py for tasks to queue
[2026-04-21T08:57:47.825+0000] {logging_mixin.py:188} INFO - [2026-04-21T08:57:47.825+0000] {dagbag.py:538} INFO - Filling up the DagBag from /home/airflow/.local/lib/python3.8/site-packages/airflow/example_dags/example_skip_dag.py
[2026-04-21T08:57:47.830+0000] {processor.py:840} INFO - DAG(s) 'example_skip_dag' retrieved from /home/airflow/.local/lib/python3.8/site-packages/airflow/example_dags/example_skip_dag.py
[2026-04-21T08:57:47.845+0000] {logging_mixin.py:188} INFO - [2026-04-21T08:57:47.845+0000] {dag.py:3036} INFO - Sync 1 DAGs
[2026-04-21T08:57:47.859+0000] {logging_mixin.py:188} INFO - [2026-04-21T08:57:47.859+0000] {dag.py:3823} INFO - Setting next_dagrun for example_skip_dag to 2026-04-20 00:00:00+00:00, run_after=2026-04-21 00:00:00+00:00
[2026-04-21T08:57:47.869+0000] {processor.py:183} INFO - Processing /home/airflow/.local/lib/python3.8/site-packages/airflow/example_dags/example_skip_dag.py took 0.057 seconds
[2026-04-21T08:58:18.497+0000] {processor.py:161} INFO - Started process (PID=25361) to work on /home/airflow/.local/lib/python3.8/site-packages/airflow/example_dags/example_skip_dag.py
[2026-04-21T08:58:18.506+0000] {processor.py:830} INFO - Processing file /home/airflow/.local/lib/python3.8/site-packages/airflow/example_dags/example_skip_dag.py for tasks to queue
[2026-04-21T08:58:18.507+0000] {logging_mixin.py:188} INFO - [2026-04-21T08:58:18.506+0000] {dagbag.py:538} INFO - Filling up the DagBag from /home/airflow/.local/lib/python3.8/site-packages/airflow/example_dags/example_skip_dag.py
[2026-04-21T08:58:18.511+0000] {processor.py:840} INFO - DAG(s) 'example_skip_dag' retrieved from /home/airflow/.local/lib/python3.8/site-packages/airflow/example_dags/example_skip_dag.py
[2026-04-21T08:58:18.526+0000] {logging_mixin.py:188} INFO - [2026-04-21T08:58:18.525+0000] {dag.py:3036} INFO - Sync 1 DAGs
[2026-04-21T08:58:18.540+0000] {logging_mixin.py:188} INFO - [2026-04-21T08:58:18.539+0000] {dag.py:3823} INFO - Setting next_dagrun for example_skip_dag to 2026-04-20 00:00:00+00:00, run_after=2026-04-21 00:00:00+00:00
[2026-04-21T08:58:18.549+0000] {processor.py:183} INFO - Processing /home/airflow/.local/lib/python3.8/site-packages/airflow/example_dags/example_skip_dag.py took 0.056 seconds
[2026-04-21T08:58:49.244+0000] {processor.py:161} INFO - Started process (PID=25416) to work on /home/airflow/.local/lib/python3.8/site-packages/airflow/example_dags/example_skip_dag.py
[2026-04-21T08:58:49.251+0000] {processor.py:830} INFO - Processing file /home/airflow/.local/lib/python3.8/site-packages/airflow/example_dags/example_skip_dag.py for tasks to queue
[2026-04-21T08:58:49.252+0000] {logging_mixin.py:188} INFO - [2026-04-21T08:58:49.252+0000] {dagbag.py:538} INFO - Filling up the DagBag from /home/airflow/.local/lib/python3.8/site-packages/airflow/example_dags/example_skip_dag.py
[2026-04-21T08:58:49.257+0000] {processor.py:840} INFO - DAG(s) 'example_skip_dag' retrieved from /home/airflow/.local/lib/python3.8/site-packages/airflow/example_dags/example_skip_dag.py
[2026-04-21T08:58:49.271+0000] {logging_mixin.py:188} INFO - [2026-04-21T08:58:49.271+0000] {dag.py:3036} INFO - Sync 1 DAGs
[2026-04-21T08:58:49.285+0000] {logging_mixin.py:188} INFO - [2026-04-21T08:58:49.284+0000] {dag.py:3823} INFO - Setting next_dagrun for example_skip_dag to 2026-04-20 00:00:00+00:00, run_after=2026-04-21 00:00:00+00:00
[2026-04-21T08:58:49.295+0000] {processor.py:183} INFO - Processing /home/airflow/.local/lib/python3.8/site-packages/airflow/example_dags/example_skip_dag.py took 0.054 seconds
[2026-04-21T08:59:19.925+0000] {processor.py:161} INFO - Started process (PID=25471) to work on /home/airflow/.local/lib/python3.8/site-packages/airflow/example_dags/example_skip_dag.py
[2026-04-21T08:59:19.934+0000] {processor.py:830} INFO - Processing file /home/airflow/.local/lib/python3.8/site-packages/airflow/example_dags/example_skip_dag.py for tasks to queue
[2026-04-21T08:59:19.935+0000] {logging_mixin.py:188} INFO - [2026-04-21T08:59:19.934+0000] {dagbag.py:538} INFO - Filling up the DagBag from /home/airflow/.local/lib/python3.8/site-packages/airflow/example_dags/example_skip_dag.py
[2026-04-21T08:59:19.939+0000] {processor.py:840} INFO - DAG(s) 'example_skip_dag' retrieved from /home/airflow/.local/lib/python3.8/site-packages/airflow/example_dags/example_skip_dag.py
[2026-04-21T08:59:19.954+0000] {logging_mixin.py:188} INFO - [2026-04-21T08:59:19.954+0000] {dag.py:3036} INFO - Sync 1 DAGs
[2026-04-21T08:59:19.968+0000] {logging_mixin.py:188} INFO - [2026-04-21T08:59:19.968+0000] {dag.py:3823} INFO - Setting next_dagrun for example_skip_dag to 2026-04-20 00:00:00+00:00, run_after=2026-04-21 00:00:00+00:00
[2026-04-21T08:59:19.979+0000] {processor.py:183} INFO - Processing /home/airflow/.local/lib/python3.8/site-packages/airflow/example_dags/example_skip_dag.py took 0.057 seconds
[2026-04-21T08:59:50.643+0000] {processor.py:161} INFO - Started process (PID=25526) to work on /home/airflow/.local/lib/python3.8/site-packages/airflow/example_dags/example_skip_dag.py
[2026-04-21T08:59:50.652+0000] {processor.py:830} INFO - Processing file /home/airflow/.local/lib/python3.8/site-packages/airflow/example_dags/example_skip_dag.py for tasks to queue
[2026-04-21T08:59:50.653+0000] {logging_mixin.py:188} INFO - [2026-04-21T08:59:50.652+0000] {dagbag.py:538} INFO - Filling up the DagBag from /home/airflow/.local/lib/python3.8/site-packages/airflow/example_dags/example_skip_dag.py
[2026-04-21T08:59:50.658+0000] {processor.py:840} INFO - DAG(s) 'example_skip_dag' retrieved from /home/airflow/.local/lib/python3.8/site-packages/airflow/example_dags/example_skip_dag.py
[2026-04-21T08:59:50.673+0000] {logging_mixin.py:188} INFO - [2026-04-21T08:59:50.672+0000] {dag.py:3036} INFO - Sync 1 DAGs
[2026-04-21T08:59:50.687+0000] {logging_mixin.py:188} INFO - [2026-04-21T08:59:50.687+0000] {dag.py:3823} INFO - Setting next_dagrun for example_skip_dag to 2026-04-20 00:00:00+00:00, run_after=2026-04-21 00:00:00+00:00
[2026-04-21T08:59:50.697+0000] {processor.py:183} INFO - Processing /home/airflow/.local/lib/python3.8/site-packages/airflow/example_dags/example_skip_dag.py took 0.057 seconds
[2026-04-21T09:00:21.351+0000] {processor.py:161} INFO - Started process (PID=25581) to work on /home/airflow/.local/lib/python3.8/site-packages/airflow/example_dags/example_skip_dag.py
[2026-04-21T09:00:21.360+0000] {processor.py:830} INFO - Processing file /home/airflow/.local/lib/python3.8/site-packages/airflow/example_dags/example_skip_dag.py for tasks to queue
[2026-04-21T09:00:21.361+0000] {logging_mixin.py:188} INFO - [2026-04-21T09:00:21.360+0000] {dagbag.py:538} INFO - Filling up the DagBag from /home/airflow/.local/lib/python3.8/site-packages/airflow/example_dags/example_skip_dag.py
[2026-04-21T09:00:21.365+0000] {processor.py:840} INFO - DAG(s) 'example_skip_dag' retrieved from /home/airflow/.local/lib/python3.8/site-packages/airflow/example_dags/example_skip_dag.py
[2026-04-21T09:00:21.379+0000] {logging_mixin.py:188} INFO - [2026-04-21T09:00:21.379+0000] {dag.py:3036} INFO - Sync 1 DAGs
[2026-04-21T09:00:21.393+0000] {logging_mixin.py:188} INFO - [2026-04-21T09:00:21.393+0000] {dag.py:3823} INFO - Setting next_dagrun for example_skip_dag to 2026-04-20 00:00:00+00:00, run_after=2026-04-21 00:00:00+00:00
[2026-04-21T09:00:21.403+0000] {processor.py:183} INFO - Processing /home/airflow/.local/lib/python3.8/site-packages/airflow/example_dags/example_skip_dag.py took 0.055 seconds
[2026-04-21T09:00:52.051+0000] {processor.py:161} INFO - Started process (PID=25636) to work on /home/airflow/.local/lib/python3.8/site-packages/airflow/example_dags/example_skip_dag.py
[2026-04-21T09:00:52.060+0000] {processor.py:830} INFO - Processing file /home/airflow/.local/lib/python3.8/site-packages/airflow/example_dags/example_skip_dag.py for tasks to queue
[2026-04-21T09:00:52.061+0000] {logging_mixin.py:188} INFO - [2026-04-21T09:00:52.061+0000] {dagbag.py:538} INFO - Filling up the DagBag from /home/airflow/.local/lib/python3.8/site-packages/airflow/example_dags/example_skip_dag.py
[2026-04-21T09:00:52.066+0000] {processor.py:840} INFO - DAG(s) 'example_skip_dag' retrieved from /home/airflow/.local/lib/python3.8/site-packages/airflow/example_dags/example_skip_dag.py
[2026-04-21T09:00:52.081+0000] {logging_mixin.py:188} INFO - [2026-04-21T09:00:52.081+0000] {dag.py:3036} INFO - Sync 1 DAGs
[2026-04-21T09:00:52.095+0000] {logging_mixin.py:188} INFO - [2026-04-21T09:00:52.095+0000] {dag.py:3823} INFO - Setting next_dagrun for example_skip_dag to 2026-04-20 00:00:00+00:00, run_after=2026-04-21 00:00:00+00:00
[2026-04-21T09:00:52.106+0000] {processor.py:183} INFO - Processing /home/airflow/.local/lib/python3.8/site-packages/airflow/example_dags/example_skip_dag.py took 0.058 seconds
[2026-04-21T09:01:22.720+0000] {processor.py:161} INFO - Started process (PID=25691) to work on /home/airflow/.local/lib/python3.8/site-packages/airflow/example_dags/example_skip_dag.py
[2026-04-21T09:01:22.721+0000] {processor.py:830} INFO - Processing file /home/airflow/.local/lib/python3.8/site-packages/airflow/example_dags/example_skip_dag.py for tasks to queue
[2026-04-21T09:01:22.722+0000] {logging_mixin.py:188} INFO - [2026-04-21T09:01:22.721+0000] {dagbag.py:538} INFO - Filling up the DagBag from /home/airflow/.local/lib/python3.8/site-packages/airflow/example_dags/example_skip_dag.py
[2026-04-21T09:01:22.726+0000] {processor.py:840} INFO - DAG(s) 'example_skip_dag' retrieved from /home/airflow/.local/lib/python3.8/site-packages/airflow/example_dags/example_skip_dag.py
[2026-04-21T09:01:22.741+0000] {logging_mixin.py:188} INFO - [2026-04-21T09:01:22.741+0000] {dag.py:3036} INFO - Sync 1 DAGs
[2026-04-21T09:01:22.754+0000] {logging_mixin.py:188} INFO - [2026-04-21T09:01:22.754+0000] {dag.py:3823} INFO - Setting next_dagrun for example_skip_dag to 2026-04-20 00:00:00+00:00, run_after=2026-04-21 00:00:00+00:00
[2026-04-21T09:01:22.764+0000] {processor.py:183} INFO - Processing /home/airflow/.local/lib/python3.8/site-packages/airflow/example_dags/example_skip_dag.py took 0.047 seconds
[2026-04-21T09:01:53.383+0000] {processor.py:161} INFO - Started process (PID=25746) to work on /home/airflow/.local/lib/python3.8/site-packages/airflow/example_dags/example_skip_dag.py
[2026-04-21T09:01:53.392+0000] {processor.py:830} INFO - Processing file /home/airflow/.local/lib/python3.8/site-packages/airflow/example_dags/example_skip_dag.py for tasks to queue
[2026-04-21T09:01:53.393+0000] {logging_mixin.py:188} INFO - [2026-04-21T09:01:53.392+0000] {dagbag.py:538} INFO - Filling up the DagBag from /home/airflow/.local/lib/python3.8/site-packages/airflow/example_dags/example_skip_dag.py
[2026-04-21T09:01:53.397+0000] {processor.py:840} INFO - DAG(s) 'example_skip_dag' retrieved from /home/airflow/.local/lib/python3.8/site-packages/airflow/example_dags/example_skip_dag.py
[2026-04-21T09:01:53.412+0000] {logging_mixin.py:188} INFO - [2026-04-21T09:01:53.412+0000] {dag.py:3036} INFO - Sync 1 DAGs
[2026-04-21T09:01:53.426+0000] {logging_mixin.py:188} INFO - [2026-04-21T09:01:53.426+0000] {dag.py:3823} INFO - Setting next_dagrun for example_skip_dag to 2026-04-20 00:00:00+00:00, run_after=2026-04-21 00:00:00+00:00
[2026-04-21T09:01:53.436+0000] {processor.py:183} INFO - Processing /home/airflow/.local/lib/python3.8/site-packages/airflow/example_dags/example_skip_dag.py took 0.056 seconds
[2026-04-21T09:02:24.134+0000] {processor.py:161} INFO - Started process (PID=25807) to work on /home/airflow/.local/lib/python3.8/site-packages/airflow/example_dags/example_skip_dag.py
[2026-04-21T09:02:24.135+0000] {processor.py:830} INFO - Processing file /home/airflow/.local/lib/python3.8/site-packages/airflow/example_dags/example_skip_dag.py for tasks to queue
[2026-04-21T09:02:24.135+0000] {logging_mixin.py:188} INFO - [2026-04-21T09:02:24.135+0000] {dagbag.py:538} INFO - Filling up the DagBag from /home/airflow/.local/lib/python3.8/site-packages/airflow/example_dags/example_skip_dag.py
[2026-04-21T09:02:24.140+0000] {processor.py:840} INFO - DAG(s) 'example_skip_dag' retrieved from /home/airflow/.local/lib/python3.8/site-packages/airflow/example_dags/example_skip_dag.py
[2026-04-21T09:02:24.155+0000] {logging_mixin.py:188} INFO - [2026-04-21T09:02:24.154+0000] {dag.py:3036} INFO - Sync 1 DAGs
[2026-04-21T09:02:24.169+0000] {logging_mixin.py:188} INFO - [2026-04-21T09:02:24.169+0000] {dag.py:3823} INFO - Setting next_dagrun for example_skip_dag to 2026-04-20 00:00:00+00:00, run_after=2026-04-21 00:00:00+00:00
[2026-04-21T09:02:24.179+0000] {processor.py:183} INFO - Processing /home/airflow/.local/lib/python3.8/site-packages/airflow/example_dags/example_skip_dag.py took 0.049 seconds
[2026-04-21T09:02:54.229+0000] {processor.py:161} INFO - Started process (PID=25862) to work on /home/airflow/.local/lib/python3.8/site-packages/airflow/example_dags/example_skip_dag.py
[2026-04-21T09:02:54.230+0000] {processor.py:830} INFO - Processing file /home/airflow/.local/lib/python3.8/site-packages/airflow/example_dags/example_skip_dag.py for tasks to queue
[2026-04-21T09:02:54.231+0000] {logging_mixin.py:188} INFO - [2026-04-21T09:02:54.230+0000] {dagbag.py:538} INFO - Filling up the DagBag from /home/airflow/.local/lib/python3.8/site-packages/airflow/example_dags/example_skip_dag.py
[2026-04-21T09:02:54.236+0000] {processor.py:840} INFO - DAG(s) 'example_skip_dag' retrieved from /home/airflow/.local/lib/python3.8/site-packages/airflow/example_dags/example_skip_dag.py
[2026-04-21T09:02:54.253+0000] {logging_mixin.py:188} INFO - [2026-04-21T09:02:54.252+0000] {dag.py:3036} INFO - Sync 1 DAGs
[2026-04-21T09:02:54.271+0000] {logging_mixin.py:188} INFO - [2026-04-21T09:02:54.270+0000] {dag.py:3823} INFO - Setting next_dagrun for example_skip_dag to 2026-04-20 00:00:00+00:00, run_after=2026-04-21 00:00:00+00:00
[2026-04-21T09:02:54.283+0000] {processor.py:183} INFO - Processing /home/airflow/.local/lib/python3.8/site-packages/airflow/example_dags/example_skip_dag.py took 0.057 seconds
[2026-04-21T09:03:24.380+0000] {processor.py:161} INFO - Started process (PID=25917) to work on /home/airflow/.local/lib/python3.8/site-packages/airflow/example_dags/example_skip_dag.py
[2026-04-21T09:03:24.381+0000] {processor.py:830} INFO - Processing file /home/airflow/.local/lib/python3.8/site-packages/airflow/example_dags/example_skip_dag.py for tasks to queue
[2026-04-21T09:03:24.382+0000] {logging_mixin.py:188} INFO - [2026-04-21T09:03:24.381+0000] {dagbag.py:538} INFO - Filling up the DagBag from /home/airflow/.local/lib/python3.8/site-packages/airflow/example_dags/example_skip_dag.py
[2026-04-21T09:03:24.386+0000] {processor.py:840} INFO - DAG(s) 'example_skip_dag' retrieved from /home/airflow/.local/lib/python3.8/site-packages/airflow/example_dags/example_skip_dag.py
[2026-04-21T09:03:24.401+0000] {logging_mixin.py:188} INFO - [2026-04-21T09:03:24.401+0000] {dag.py:3036} INFO - Sync 1 DAGs
[2026-04-21T09:03:24.415+0000] {logging_mixin.py:188} INFO - [2026-04-21T09:03:24.415+0000] {dag.py:3823} INFO - Setting next_dagrun for example_skip_dag to 2026-04-20 00:00:00+00:00, run_after=2026-04-21 00:00:00+00:00
[2026-04-21T09:03:24.426+0000] {processor.py:183} INFO - Processing /home/airflow/.local/lib/python3.8/site-packages/airflow/example_dags/example_skip_dag.py took 0.048 seconds
[2026-04-21T09:03:55.127+0000] {processor.py:161} INFO - Started process (PID=25972) to work on /home/airflow/.local/lib/python3.8/site-packages/airflow/example_dags/example_skip_dag.py
[2026-04-21T09:03:55.136+0000] {processor.py:830} INFO - Processing file /home/airflow/.local/lib/python3.8/site-packages/airflow/example_dags/example_skip_dag.py for tasks to queue
[2026-04-21T09:03:55.136+0000] {logging_mixin.py:188} INFO - [2026-04-21T09:03:55.136+0000] {dagbag.py:538} INFO - Filling up the DagBag from /home/airflow/.local/lib/python3.8/site-packages/airflow/example_dags/example_skip_dag.py
[2026-04-21T09:03:55.141+0000] {processor.py:840} INFO - DAG(s) 'example_skip_dag' retrieved from /home/airflow/.local/lib/python3.8/site-packages/airflow/example_dags/example_skip_dag.py
[2026-04-21T09:03:55.155+0000] {logging_mixin.py:188} INFO - [2026-04-21T09:03:55.155+0000] {dag.py:3036} INFO - Sync 1 DAGs
[2026-04-21T09:03:55.168+0000] {logging_mixin.py:188} INFO - [2026-04-21T09:03:55.168+0000] {dag.py:3823} INFO - Setting next_dagrun for example_skip_dag to 2026-04-20 00:00:00+00:00, run_after=2026-04-21 00:00:00+00:00
[2026-04-21T09:03:55.178+0000] {processor.py:183} INFO - Processing /home/airflow/.local/lib/python3.8/site-packages/airflow/example_dags/example_skip_dag.py took 0.053 seconds
[2026-04-21T09:04:25.942+0000] {processor.py:161} INFO - Started process (PID=26027) to work on /home/airflow/.local/lib/python3.8/site-packages/airflow/example_dags/example_skip_dag.py
[2026-04-21T09:04:25.943+0000] {processor.py:830} INFO - Processing file /home/airflow/.local/lib/python3.8/site-packages/airflow/example_dags/example_skip_dag.py for tasks to queue
[2026-04-21T09:04:25.943+0000] {logging_mixin.py:188} INFO - [2026-04-21T09:04:25.943+0000] {dagbag.py:538} INFO - Filling up the DagBag from /home/airflow/.local/lib/python3.8/site-packages/airflow/example_dags/example_skip_dag.py
[2026-04-21T09:04:25.949+0000] {processor.py:840} INFO - DAG(s) 'example_skip_dag' retrieved from /home/airflow/.local/lib/python3.8/site-packages/airflow/example_dags/example_skip_dag.py
[2026-04-21T09:04:25.965+0000] {logging_mixin.py:188} INFO - [2026-04-21T09:04:25.964+0000] {dag.py:3036} INFO - Sync 1 DAGs
[2026-04-21T09:04:25.982+0000] {logging_mixin.py:188} INFO - [2026-04-21T09:04:25.982+0000] {dag.py:3823} INFO - Setting next_dagrun for example_skip_dag to 2026-04-20 00:00:00+00:00, run_after=2026-04-21 00:00:00+00:00
[2026-04-21T09:04:25.998+0000] {processor.py:183} INFO - Processing /home/airflow/.local/lib/python3.8/site-packages/airflow/example_dags/example_skip_dag.py took 0.059 seconds
[2026-04-21T09:04:56.159+0000] {processor.py:161} INFO - Started process (PID=26082) to work on /home/airflow/.local/lib/python3.8/site-packages/airflow/example_dags/example_skip_dag.py
[2026-04-21T09:04:56.160+0000] {processor.py:830} INFO - Processing file /home/airflow/.local/lib/python3.8/site-packages/airflow/example_dags/example_skip_dag.py for tasks to queue
[2026-04-21T09:04:56.160+0000] {logging_mixin.py:188} INFO - [2026-04-21T09:04:56.160+0000] {dagbag.py:538} INFO - Filling up the DagBag from /home/airflow/.local/lib/python3.8/site-packages/airflow/example_dags/example_skip_dag.py
[2026-04-21T09:04:56.165+0000] {processor.py:840} INFO - DAG(s) 'example_skip_dag' retrieved from /home/airflow/.local/lib/python3.8/site-packages/airflow/example_dags/example_skip_dag.py
[2026-04-21T09:04:56.180+0000] {logging_mixin.py:188} INFO - [2026-04-21T09:04:56.180+0000] {dag.py:3036} INFO - Sync 1 DAGs
[2026-04-21T09:04:56.194+0000] {logging_mixin.py:188} INFO - [2026-04-21T09:04:56.194+0000] {dag.py:3823} INFO - Setting next_dagrun for example_skip_dag to 2026-04-20 00:00:00+00:00, run_after=2026-04-21 00:00:00+00:00
[2026-04-21T09:04:56.206+0000] {processor.py:183} INFO - Processing /home/airflow/.local/lib/python3.8/site-packages/airflow/example_dags/example_skip_dag.py took 0.049 seconds
[2026-04-21T09:05:26.246+0000] {processor.py:161} INFO - Started process (PID=26137) to work on /home/airflow/.local/lib/python3.8/site-packages/airflow/example_dags/example_skip_dag.py
[2026-04-21T09:05:26.254+0000] {processor.py:830} INFO - Processing file /home/airflow/.local/lib/python3.8/site-packages/airflow/example_dags/example_skip_dag.py for tasks to queue
[2026-04-21T09:05:26.255+0000] {logging_mixin.py:188} INFO - [2026-04-21T09:05:26.255+0000] {dagbag.py:538} INFO - Filling up the DagBag from /home/airflow/.local/lib/python3.8/site-packages/airflow/example_dags/example_skip_dag.py
[2026-04-21T09:05:26.260+0000] {processor.py:840} INFO - DAG(s) 'example_skip_dag' retrieved from /home/airflow/.local/lib/python3.8/site-packages/airflow/example_dags/example_skip_dag.py
[2026-04-21T09:05:26.276+0000] {logging_mixin.py:188} INFO - [2026-04-21T09:05:26.276+0000] {dag.py:3036} INFO - Sync 1 DAGs
[2026-04-21T09:05:26.293+0000] {logging_mixin.py:188} INFO - [2026-04-21T09:05:26.293+0000] {dag.py:3823} INFO - Setting next_dagrun for example_skip_dag to 2026-04-20 00:00:00+00:00, run_after=2026-04-21 00:00:00+00:00
[2026-04-21T09:05:26.304+0000] {processor.py:183} INFO - Processing /home/airflow/.local/lib/python3.8/site-packages/airflow/example_dags/example_skip_dag.py took 0.061 seconds
[2026-04-21T09:05:56.369+0000] {processor.py:161} INFO - Started process (PID=26192) to work on /home/airflow/.local/lib/python3.8/site-packages/airflow/example_dags/example_skip_dag.py
[2026-04-21T09:05:56.370+0000] {processor.py:830} INFO - Processing file /home/airflow/.local/lib/python3.8/site-packages/airflow/example_dags/example_skip_dag.py for tasks to queue
[2026-04-21T09:05:56.371+0000] {logging_mixin.py:188} INFO - [2026-04-21T09:05:56.370+0000] {dagbag.py:538} INFO - Filling up the DagBag from /home/airflow/.local/lib/python3.8/site-packages/airflow/example_dags/example_skip_dag.py
[2026-04-21T09:05:56.377+0000] {processor.py:840} INFO - DAG(s) 'example_skip_dag' retrieved from /home/airflow/.local/lib/python3.8/site-packages/airflow/example_dags/example_skip_dag.py
[2026-04-21T09:05:56.395+0000] {logging_mixin.py:188} INFO - [2026-04-21T09:05:56.395+0000] {dag.py:3036} INFO - Sync 1 DAGs
[2026-04-21T09:05:56.415+0000] {logging_mixin.py:188} INFO - [2026-04-21T09:05:56.415+0000] {dag.py:3823} INFO - Setting next_dagrun for example_skip_dag to 2026-04-20 00:00:00+00:00, run_after=2026-04-21 00:00:00+00:00
[2026-04-21T09:05:56.435+0000] {processor.py:183} INFO - Processing /home/airflow/.local/lib/python3.8/site-packages/airflow/example_dags/example_skip_dag.py took 0.069 seconds
[2026-04-21T09:06:26.541+0000] {processor.py:161} INFO - Started process (PID=26247) to work on /home/airflow/.local/lib/python3.8/site-packages/airflow/example_dags/example_skip_dag.py
[2026-04-21T09:06:26.549+0000] {processor.py:830} INFO - Processing file /home/airflow/.local/lib/python3.8/site-packages/airflow/example_dags/example_skip_dag.py for tasks to queue
[2026-04-21T09:06:26.550+0000] {logging_mixin.py:188} INFO - [2026-04-21T09:06:26.550+0000] {dagbag.py:538} INFO - Filling up the DagBag from /home/airflow/.local/lib/python3.8/site-packages/airflow/example_dags/example_skip_dag.py
[2026-04-21T09:06:26.556+0000] {processor.py:840} INFO - DAG(s) 'example_skip_dag' retrieved from /home/airflow/.local/lib/python3.8/site-packages/airflow/example_dags/example_skip_dag.py
[2026-04-21T09:06:26.569+0000] {logging_mixin.py:188} INFO - [2026-04-21T09:06:26.569+0000] {dag.py:3036} INFO - Sync 1 DAGs
[2026-04-21T09:06:26.584+0000] {logging_mixin.py:188} INFO - [2026-04-21T09:06:26.584+0000] {dag.py:3823} INFO - Setting next_dagrun for example_skip_dag to 2026-04-20 00:00:00+00:00, run_after=2026-04-21 00:00:00+00:00
[2026-04-21T09:06:26.594+0000] {processor.py:183} INFO - Processing /home/airflow/.local/lib/python3.8/site-packages/airflow/example_dags/example_skip_dag.py took 0.056 seconds
[2026-04-21T09:06:56.657+0000] {processor.py:161} INFO - Started process (PID=26302) to work on /home/airflow/.local/lib/python3.8/site-packages/airflow/example_dags/example_skip_dag.py
[2026-04-21T09:06:56.664+0000] {processor.py:830} INFO - Processing file /home/airflow/.local/lib/python3.8/site-packages/airflow/example_dags/example_skip_dag.py for tasks to queue
[2026-04-21T09:06:56.665+0000] {logging_mixin.py:188} INFO - [2026-04-21T09:06:56.664+0000] {dagbag.py:538} INFO - Filling up the DagBag from /home/airflow/.local/lib/python3.8/site-packages/airflow/example_dags/example_skip_dag.py
[2026-04-21T09:06:56.670+0000] {processor.py:840} INFO - DAG(s) 'example_skip_dag' retrieved from /home/airflow/.local/lib/python3.8/site-packages/airflow/example_dags/example_skip_dag.py
[2026-04-21T09:06:56.684+0000] {logging_mixin.py:188} INFO - [2026-04-21T09:06:56.684+0000] {dag.py:3036} INFO - Sync 1 DAGs
[2026-04-21T09:06:56.698+0000] {logging_mixin.py:188} INFO - [2026-04-21T09:06:56.698+0000] {dag.py:3823} INFO - Setting next_dagrun for example_skip_dag to 2026-04-20 00:00:00+00:00, run_after=2026-04-21 00:00:00+00:00
[2026-04-21T09:06:56.708+0000] {processor.py:183} INFO - Processing /home/airflow/.local/lib/python3.8/site-packages/airflow/example_dags/example_skip_dag.py took 0.054 seconds
[2026-04-21T09:07:26.916+0000] {processor.py:161} INFO - Started process (PID=26357) to work on /home/airflow/.local/lib/python3.8/site-packages/airflow/example_dags/example_skip_dag.py
[2026-04-21T09:07:26.916+0000] {processor.py:830} INFO - Processing file /home/airflow/.local/lib/python3.8/site-packages/airflow/example_dags/example_skip_dag.py for tasks to queue
[2026-04-21T09:07:26.917+0000] {logging_mixin.py:188} INFO - [2026-04-21T09:07:26.917+0000] {dagbag.py:538} INFO - Filling up the DagBag from /home/airflow/.local/lib/python3.8/site-packages/airflow/example_dags/example_skip_dag.py
[2026-04-21T09:07:26.922+0000] {processor.py:840} INFO - DAG(s) 'example_skip_dag' retrieved from /home/airflow/.local/lib/python3.8/site-packages/airflow/example_dags/example_skip_dag.py
[2026-04-21T09:07:26.940+0000] {logging_mixin.py:188} INFO - [2026-04-21T09:07:26.940+0000] {dag.py:3036} INFO - Sync 1 DAGs
[2026-04-21T09:07:26.960+0000] {logging_mixin.py:188} INFO - [2026-04-21T09:07:26.959+0000] {dag.py:3823} INFO - Setting next_dagrun for example_skip_dag to 2026-04-20 00:00:00+00:00, run_after=2026-04-21 00:00:00+00:00
[2026-04-21T09:07:26.973+0000] {processor.py:183} INFO - Processing /home/airflow/.local/lib/python3.8/site-packages/airflow/example_dags/example_skip_dag.py took 0.060 seconds
[2026-04-21T09:07:57.123+0000] {processor.py:161} INFO - Started process (PID=26412) to work on /home/airflow/.local/lib/python3.8/site-packages/airflow/example_dags/example_skip_dag.py
[2026-04-21T09:07:57.131+0000] {processor.py:830} INFO - Processing file /home/airflow/.local/lib/python3.8/site-packages/airflow/example_dags/example_skip_dag.py for tasks to queue
[2026-04-21T09:07:57.132+0000] {logging_mixin.py:188} INFO - [2026-04-21T09:07:57.132+0000] {dagbag.py:538} INFO - Filling up the DagBag from /home/airflow/.local/lib/python3.8/site-packages/airflow/example_dags/example_skip_dag.py
[2026-04-21T09:07:57.137+0000] {processor.py:840} INFO - DAG(s) 'example_skip_dag' retrieved from /home/airflow/.local/lib/python3.8/site-packages/airflow/example_dags/example_skip_dag.py
[2026-04-21T09:07:57.151+0000] {logging_mixin.py:188} INFO - [2026-04-21T09:07:57.151+0000] {dag.py:3036} INFO - Sync 1 DAGs
[2026-04-21T09:07:57.166+0000] {logging_mixin.py:188} INFO - [2026-04-21T09:07:57.166+0000] {dag.py:3823} INFO - Setting next_dagrun for example_skip_dag to 2026-04-20 00:00:00+00:00, run_after=2026-04-21 00:00:00+00:00
[2026-04-21T09:07:57.176+0000] {processor.py:183} INFO - Processing /home/airflow/.local/lib/python3.8/site-packages/airflow/example_dags/example_skip_dag.py took 0.056 seconds
[2026-04-21T09:08:27.339+0000] {processor.py:161} INFO - Started process (PID=26467) to work on /home/airflow/.local/lib/python3.8/site-packages/airflow/example_dags/example_skip_dag.py
[2026-04-21T09:08:27.348+0000] {processor.py:830} INFO - Processing file /home/airflow/.local/lib/python3.8/site-packages/airflow/example_dags/example_skip_dag.py for tasks to queue
[2026-04-21T09:08:27.349+0000] {logging_mixin.py:188} INFO - [2026-04-21T09:08:27.349+0000] {dagbag.py:538} INFO - Filling up the DagBag from /home/airflow/.local/lib/python3.8/site-packages/airflow/example_dags/example_skip_dag.py
[2026-04-21T09:08:27.354+0000] {processor.py:840} INFO - DAG(s) 'example_skip_dag' retrieved from /home/airflow/.local/lib/python3.8/site-packages/airflow/example_dags/example_skip_dag.py
[2026-04-21T09:08:27.368+0000] {logging_mixin.py:188} INFO - [2026-04-21T09:08:27.368+0000] {dag.py:3036} INFO - Sync 1 DAGs
[2026-04-21T09:08:27.382+0000] {logging_mixin.py:188} INFO - [2026-04-21T09:08:27.382+0000] {dag.py:3823} INFO - Setting next_dagrun for example_skip_dag to 2026-04-20 00:00:00+00:00, run_after=2026-04-21 00:00:00+00:00
[2026-04-21T09:08:27.394+0000] {processor.py:183} INFO - Processing /home/airflow/.local/lib/python3.8/site-packages/airflow/example_dags/example_skip_dag.py took 0.058 seconds
[2026-04-21T09:08:57.435+0000] {processor.py:161} INFO - Started process (PID=26522) to work on /home/airflow/.local/lib/python3.8/site-packages/airflow/example_dags/example_skip_dag.py
[2026-04-21T09:08:57.444+0000] {processor.py:830} INFO - Processing file /home/airflow/.local/lib/python3.8/site-packages/airflow/example_dags/example_skip_dag.py for tasks to queue
[2026-04-21T09:08:57.445+0000] {logging_mixin.py:188} INFO - [2026-04-21T09:08:57.445+0000] {dagbag.py:538} INFO - Filling up the DagBag from /home/airflow/.local/lib/python3.8/site-packages/airflow/example_dags/example_skip_dag.py
[2026-04-21T09:08:57.450+0000] {processor.py:840} INFO - DAG(s) 'example_skip_dag' retrieved from /home/airflow/.local/lib/python3.8/site-packages/airflow/example_dags/example_skip_dag.py
[2026-04-21T09:08:57.464+0000] {logging_mixin.py:188} INFO - [2026-04-21T09:08:57.464+0000] {dag.py:3036} INFO - Sync 1 DAGs
[2026-04-21T09:08:57.478+0000] {logging_mixin.py:188} INFO - [2026-04-21T09:08:57.478+0000] {dag.py:3823} INFO - Setting next_dagrun for example_skip_dag to 2026-04-20 00:00:00+00:00, run_after=2026-04-21 00:00:00+00:00
[2026-04-21T09:08:57.488+0000] {processor.py:183} INFO - Processing /home/airflow/.local/lib/python3.8/site-packages/airflow/example_dags/example_skip_dag.py took 0.056 seconds
[2026-04-21T09:09:27.514+0000] {processor.py:161} INFO - Started process (PID=26577) to work on /home/airflow/.local/lib/python3.8/site-packages/airflow/example_dags/example_skip_dag.py
[2026-04-21T09:09:27.523+0000] {processor.py:830} INFO - Processing file /home/airflow/.local/lib/python3.8/site-packages/airflow/example_dags/example_skip_dag.py for tasks to queue
[2026-04-21T09:09:27.524+0000] {logging_mixin.py:188} INFO - [2026-04-21T09:09:27.524+0000] {dagbag.py:538} INFO - Filling up the DagBag from /home/airflow/.local/lib/python3.8/site-packages/airflow/example_dags/example_skip_dag.py
[2026-04-21T09:09:27.530+0000] {processor.py:840} INFO - DAG(s) 'example_skip_dag' retrieved from /home/airflow/.local/lib/python3.8/site-packages/airflow/example_dags/example_skip_dag.py
[2026-04-21T09:09:27.547+0000] {logging_mixin.py:188} INFO - [2026-04-21T09:09:27.547+0000] {dag.py:3036} INFO - Sync 1 DAGs
[2026-04-21T09:09:27.566+0000] {logging_mixin.py:188} INFO - [2026-04-21T09:09:27.565+0000] {dag.py:3823} INFO - Setting next_dagrun for example_skip_dag to 2026-04-20 00:00:00+00:00, run_after=2026-04-21 00:00:00+00:00
[2026-04-21T09:09:27.578+0000] {processor.py:183} INFO - Processing /home/airflow/.local/lib/python3.8/site-packages/airflow/example_dags/example_skip_dag.py took 0.067 seconds
[2026-04-21T09:09:57.602+0000] {processor.py:161} INFO - Started process (PID=26632) to work on /home/airflow/.local/lib/python3.8/site-packages/airflow/example_dags/example_skip_dag.py
[2026-04-21T09:09:57.603+0000] {processor.py:830} INFO - Processing file /home/airflow/.local/lib/python3.8/site-packages/airflow/example_dags/example_skip_dag.py for tasks to queue
[2026-04-21T09:09:57.603+0000] {logging_mixin.py:188} INFO - [2026-04-21T09:09:57.603+0000] {dagbag.py:538} INFO - Filling up the DagBag from /home/airflow/.local/lib/python3.8/site-packages/airflow/example_dags/example_skip_dag.py
[2026-04-21T09:09:57.608+0000] {processor.py:840} INFO - DAG(s) 'example_skip_dag' retrieved from /home/airflow/.local/lib/python3.8/site-packages/airflow/example_dags/example_skip_dag.py
[2026-04-21T09:09:57.623+0000] {logging_mixin.py:188} INFO - [2026-04-21T09:09:57.623+0000] {dag.py:3036} INFO - Sync 1 DAGs
[2026-04-21T09:09:57.637+0000] {logging_mixin.py:188} INFO - [2026-04-21T09:09:57.637+0000] {dag.py:3823} INFO - Setting next_dagrun for example_skip_dag to 2026-04-20 00:00:00+00:00, run_after=2026-04-21 00:00:00+00:00
[2026-04-21T09:09:57.647+0000] {processor.py:183} INFO - Processing /home/airflow/.local/lib/python3.8/site-packages/airflow/example_dags/example_skip_dag.py took 0.047 seconds
[2026-04-21T09:10:28.354+0000] {processor.py:161} INFO - Started process (PID=26687) to work on /home/airflow/.local/lib/python3.8/site-packages/airflow/example_dags/example_skip_dag.py
[2026-04-21T09:10:28.363+0000] {processor.py:830} INFO - Processing file /home/airflow/.local/lib/python3.8/site-packages/airflow/example_dags/example_skip_dag.py for tasks to queue
[2026-04-21T09:10:28.363+0000] {logging_mixin.py:188} INFO - [2026-04-21T09:10:28.363+0000] {dagbag.py:538} INFO - Filling up the DagBag from /home/airflow/.local/lib/python3.8/site-packages/airflow/example_dags/example_skip_dag.py
[2026-04-21T09:10:28.368+0000] {processor.py:840} INFO - DAG(s) 'example_skip_dag' retrieved from /home/airflow/.local/lib/python3.8/site-packages/airflow/example_dags/example_skip_dag.py
[2026-04-21T09:10:28.383+0000] {logging_mixin.py:188} INFO - [2026-04-21T09:10:28.383+0000] {dag.py:3036} INFO - Sync 1 DAGs
[2026-04-21T09:10:28.400+0000] {logging_mixin.py:188} INFO - [2026-04-21T09:10:28.399+0000] {dag.py:3823} INFO - Setting next_dagrun for example_skip_dag to 2026-04-20 00:00:00+00:00, run_after=2026-04-21 00:00:00+00:00
[2026-04-21T09:10:28.409+0000] {processor.py:183} INFO - Processing /home/airflow/.local/lib/python3.8/site-packages/airflow/example_dags/example_skip_dag.py took 0.058 seconds
[2026-04-21T09:10:59.090+0000] {processor.py:161} INFO - Started process (PID=26742) to work on /home/airflow/.local/lib/python3.8/site-packages/airflow/example_dags/example_skip_dag.py
[2026-04-21T09:10:59.099+0000] {processor.py:830} INFO - Processing file /home/airflow/.local/lib/python3.8/site-packages/airflow/example_dags/example_skip_dag.py for tasks to queue
[2026-04-21T09:10:59.100+0000] {logging_mixin.py:188} INFO - [2026-04-21T09:10:59.100+0000] {dagbag.py:538} INFO - Filling up the DagBag from /home/airflow/.local/lib/python3.8/site-packages/airflow/example_dags/example_skip_dag.py
[2026-04-21T09:10:59.105+0000] {processor.py:840} INFO - DAG(s) 'example_skip_dag' retrieved from /home/airflow/.local/lib/python3.8/site-packages/airflow/example_dags/example_skip_dag.py
[2026-04-21T09:10:59.120+0000] {logging_mixin.py:188} INFO - [2026-04-21T09:10:59.120+0000] {dag.py:3036} INFO - Sync 1 DAGs
[2026-04-21T09:10:59.134+0000] {logging_mixin.py:188} INFO - [2026-04-21T09:10:59.134+0000] {dag.py:3823} INFO - Setting next_dagrun for example_skip_dag to 2026-04-20 00:00:00+00:00, run_after=2026-04-21 00:00:00+00:00
[2026-04-21T09:10:59.144+0000] {processor.py:183} INFO - Processing /home/airflow/.local/lib/python3.8/site-packages/airflow/example_dags/example_skip_dag.py took 0.058 seconds
[2026-04-21T09:11:29.849+0000] {processor.py:161} INFO - Started process (PID=26797) to work on /home/airflow/.local/lib/python3.8/site-packages/airflow/example_dags/example_skip_dag.py
[2026-04-21T09:11:29.854+0000] {processor.py:830} INFO - Processing file /home/airflow/.local/lib/python3.8/site-packages/airflow/example_dags/example_skip_dag.py for tasks to queue
[2026-04-21T09:11:29.855+0000] {logging_mixin.py:188} INFO - [2026-04-21T09:11:29.854+0000] {dagbag.py:538} INFO - Filling up the DagBag from /home/airflow/.local/lib/python3.8/site-packages/airflow/example_dags/example_skip_dag.py
[2026-04-21T09:11:29.860+0000] {processor.py:840} INFO - DAG(s) 'example_skip_dag' retrieved from /home/airflow/.local/lib/python3.8/site-packages/airflow/example_dags/example_skip_dag.py
[2026-04-21T09:11:29.873+0000] {logging_mixin.py:188} INFO - [2026-04-21T09:11:29.873+0000] {dag.py:3036} INFO - Sync 1 DAGs
[2026-04-21T09:11:29.887+0000] {logging_mixin.py:188} INFO - [2026-04-21T09:11:29.887+0000] {dag.py:3823} INFO - Setting next_dagrun for example_skip_dag to 2026-04-20 00:00:00+00:00, run_after=2026-04-21 00:00:00+00:00
[2026-04-21T09:11:29.897+0000] {processor.py:183} INFO - Processing /home/airflow/.local/lib/python3.8/site-packages/airflow/example_dags/example_skip_dag.py took 0.051 seconds
[2026-04-21T09:12:00.673+0000] {processor.py:161} INFO - Started process (PID=26852) to work on /home/airflow/.local/lib/python3.8/site-packages/airflow/example_dags/example_skip_dag.py
[2026-04-21T09:12:00.681+0000] {processor.py:830} INFO - Processing file /home/airflow/.local/lib/python3.8/site-packages/airflow/example_dags/example_skip_dag.py for tasks to queue
[2026-04-21T09:12:00.682+0000] {logging_mixin.py:188} INFO - [2026-04-21T09:12:00.682+0000] {dagbag.py:538} INFO - Filling up the DagBag from /home/airflow/.local/lib/python3.8/site-packages/airflow/example_dags/example_skip_dag.py
[2026-04-21T09:12:00.687+0000] {processor.py:840} INFO - DAG(s) 'example_skip_dag' retrieved from /home/airflow/.local/lib/python3.8/site-packages/airflow/example_dags/example_skip_dag.py
[2026-04-21T09:12:00.705+0000] {logging_mixin.py:188} INFO - [2026-04-21T09:12:00.705+0000] {dag.py:3036} INFO - Sync 1 DAGs
[2026-04-21T09:12:00.725+0000] {logging_mixin.py:188} INFO - [2026-04-21T09:12:00.725+0000] {dag.py:3823} INFO - Setting next_dagrun for example_skip_dag to 2026-04-20 00:00:00+00:00, run_after=2026-04-21 00:00:00+00:00
[2026-04-21T09:12:00.738+0000] {processor.py:183} INFO - Processing /home/airflow/.local/lib/python3.8/site-packages/airflow/example_dags/example_skip_dag.py took 0.067 seconds
[2026-04-21T09:12:31.399+0000] {processor.py:161} INFO - Started process (PID=26907) to work on /home/airflow/.local/lib/python3.8/site-packages/airflow/example_dags/example_skip_dag.py
[2026-04-21T09:12:31.399+0000] {processor.py:830} INFO - Processing file /home/airflow/.local/lib/python3.8/site-packages/airflow/example_dags/example_skip_dag.py for tasks to queue
[2026-04-21T09:12:31.400+0000] {logging_mixin.py:188} INFO - [2026-04-21T09:12:31.400+0000] {dagbag.py:538} INFO - Filling up the DagBag from /home/airflow/.local/lib/python3.8/site-packages/airflow/example_dags/example_skip_dag.py
[2026-04-21T09:12:31.406+0000] {processor.py:840} INFO - DAG(s) 'example_skip_dag' retrieved from /home/airflow/.local/lib/python3.8/site-packages/airflow/example_dags/example_skip_dag.py
[2026-04-21T09:12:31.421+0000] {logging_mixin.py:188} INFO - [2026-04-21T09:12:31.421+0000] {dag.py:3036} INFO - Sync 1 DAGs
[2026-04-21T09:12:31.436+0000] {logging_mixin.py:188} INFO - [2026-04-21T09:12:31.436+0000] {dag.py:3823} INFO - Setting next_dagrun for example_skip_dag to 2026-04-20 00:00:00+00:00, run_after=2026-04-21 00:00:00+00:00
[2026-04-21T09:12:31.446+0000] {processor.py:183} INFO - Processing /home/airflow/.local/lib/python3.8/site-packages/airflow/example_dags/example_skip_dag.py took 0.049 seconds
[2026-04-21T09:13:02.127+0000] {processor.py:161} INFO - Started process (PID=26962) to work on /home/airflow/.local/lib/python3.8/site-packages/airflow/example_dags/example_skip_dag.py
[2026-04-21T09:13:02.135+0000] {processor.py:830} INFO - Processing file /home/airflow/.local/lib/python3.8/site-packages/airflow/example_dags/example_skip_dag.py for tasks to queue
[2026-04-21T09:13:02.136+0000] {logging_mixin.py:188} INFO - [2026-04-21T09:13:02.136+0000] {dagbag.py:538} INFO - Filling up the DagBag from /home/airflow/.local/lib/python3.8/site-packages/airflow/example_dags/example_skip_dag.py
[2026-04-21T09:13:02.141+0000] {processor.py:840} INFO - DAG(s) 'example_skip_dag' retrieved from /home/airflow/.local/lib/python3.8/site-packages/airflow/example_dags/example_skip_dag.py
[2026-04-21T09:13:02.155+0000] {logging_mixin.py:188} INFO - [2026-04-21T09:13:02.155+0000] {dag.py:3036} INFO - Sync 1 DAGs
[2026-04-21T09:13:02.169+0000] {logging_mixin.py:188} INFO - [2026-04-21T09:13:02.169+0000] {dag.py:3823} INFO - Setting next_dagrun for example_skip_dag to 2026-04-20 00:00:00+00:00, run_after=2026-04-21 00:00:00+00:00
[2026-04-21T09:13:02.181+0000] {processor.py:183} INFO - Processing /home/airflow/.local/lib/python3.8/site-packages/airflow/example_dags/example_skip_dag.py took 0.057 seconds
[2026-04-21T09:13:32.813+0000] {processor.py:161} INFO - Started process (PID=27017) to work on /home/airflow/.local/lib/python3.8/site-packages/airflow/example_dags/example_skip_dag.py
[2026-04-21T09:13:32.814+0000] {processor.py:830} INFO - Processing file /home/airflow/.local/lib/python3.8/site-packages/airflow/example_dags/example_skip_dag.py for tasks to queue
[2026-04-21T09:13:32.815+0000] {logging_mixin.py:188} INFO - [2026-04-21T09:13:32.815+0000] {dagbag.py:538} INFO - Filling up the DagBag from /home/airflow/.local/lib/python3.8/site-packages/airflow/example_dags/example_skip_dag.py
[2026-04-21T09:13:32.820+0000] {processor.py:840} INFO - DAG(s) 'example_skip_dag' retrieved from /home/airflow/.local/lib/python3.8/site-packages/airflow/example_dags/example_skip_dag.py
[2026-04-21T09:13:32.834+0000] {logging_mixin.py:188} INFO - [2026-04-21T09:13:32.834+0000] {dag.py:3036} INFO - Sync 1 DAGs
[2026-04-21T09:13:32.848+0000] {logging_mixin.py:188} INFO - [2026-04-21T09:13:32.847+0000] {dag.py:3823} INFO - Setting next_dagrun for example_skip_dag to 2026-04-20 00:00:00+00:00, run_after=2026-04-21 00:00:00+00:00
[2026-04-21T09:13:32.858+0000] {processor.py:183} INFO - Processing /home/airflow/.local/lib/python3.8/site-packages/airflow/example_dags/example_skip_dag.py took 0.047 seconds
[2026-04-21T09:14:03.458+0000] {processor.py:161} INFO - Started process (PID=27072) to work on /home/airflow/.local/lib/python3.8/site-packages/airflow/example_dags/example_skip_dag.py
[2026-04-21T09:14:03.459+0000] {processor.py:830} INFO - Processing file /home/airflow/.local/lib/python3.8/site-packages/airflow/example_dags/example_skip_dag.py for tasks to queue
[2026-04-21T09:14:03.460+0000] {logging_mixin.py:188} INFO - [2026-04-21T09:14:03.459+0000] {dagbag.py:538} INFO - Filling up the DagBag from /home/airflow/.local/lib/python3.8/site-packages/airflow/example_dags/example_skip_dag.py
[2026-04-21T09:14:03.465+0000] {processor.py:840} INFO - DAG(s) 'example_skip_dag' retrieved from /home/airflow/.local/lib/python3.8/site-packages/airflow/example_dags/example_skip_dag.py
[2026-04-21T09:14:03.479+0000] {logging_mixin.py:188} INFO - [2026-04-21T09:14:03.479+0000] {dag.py:3036} INFO - Sync 1 DAGs
[2026-04-21T09:14:03.493+0000] {logging_mixin.py:188} INFO - [2026-04-21T09:14:03.493+0000] {dag.py:3823} INFO - Setting next_dagrun for example_skip_dag to 2026-04-20 00:00:00+00:00, run_after=2026-04-21 00:00:00+00:00
[2026-04-21T09:14:03.503+0000] {processor.py:183} INFO - Processing /home/airflow/.local/lib/python3.8/site-packages/airflow/example_dags/example_skip_dag.py took 0.048 seconds
[2026-04-21T09:14:34.103+0000] {processor.py:161} INFO - Started process (PID=27127) to work on /home/airflow/.local/lib/python3.8/site-packages/airflow/example_dags/example_skip_dag.py
[2026-04-21T09:14:34.104+0000] {processor.py:830} INFO - Processing file /home/airflow/.local/lib/python3.8/site-packages/airflow/example_dags/example_skip_dag.py for tasks to queue
[2026-04-21T09:14:34.105+0000] {logging_mixin.py:188} INFO - [2026-04-21T09:14:34.104+0000] {dagbag.py:538} INFO - Filling up the DagBag from /home/airflow/.local/lib/python3.8/site-packages/airflow/example_dags/example_skip_dag.py
[2026-04-21T09:14:34.109+0000] {processor.py:840} INFO - DAG(s) 'example_skip_dag' retrieved from /home/airflow/.local/lib/python3.8/site-packages/airflow/example_dags/example_skip_dag.py
[2026-04-21T09:14:34.123+0000] {logging_mixin.py:188} INFO - [2026-04-21T09:14:34.123+0000] {dag.py:3036} INFO - Sync 1 DAGs
[2026-04-21T09:14:34.137+0000] {logging_mixin.py:188} INFO - [2026-04-21T09:14:34.137+0000] {dag.py:3823} INFO - Setting next_dagrun for example_skip_dag to 2026-04-20 00:00:00+00:00, run_after=2026-04-21 00:00:00+00:00
[2026-04-21T09:14:34.147+0000] {processor.py:183} INFO - Processing /home/airflow/.local/lib/python3.8/site-packages/airflow/example_dags/example_skip_dag.py took 0.047 seconds
[2026-04-21T09:15:04.767+0000] {processor.py:161} INFO - Started process (PID=27182) to work on /home/airflow/.local/lib/python3.8/site-packages/airflow/example_dags/example_skip_dag.py
[2026-04-21T09:15:04.776+0000] {processor.py:830} INFO - Processing file /home/airflow/.local/lib/python3.8/site-packages/airflow/example_dags/example_skip_dag.py for tasks to queue
[2026-04-21T09:15:04.777+0000] {logging_mixin.py:188} INFO - [2026-04-21T09:15:04.776+0000] {dagbag.py:538} INFO - Filling up the DagBag from /home/airflow/.local/lib/python3.8/site-packages/airflow/example_dags/example_skip_dag.py
[2026-04-21T09:15:04.781+0000] {processor.py:840} INFO - DAG(s) 'example_skip_dag' retrieved from /home/airflow/.local/lib/python3.8/site-packages/airflow/example_dags/example_skip_dag.py
[2026-04-21T09:15:04.797+0000] {logging_mixin.py:188} INFO - [2026-04-21T09:15:04.796+0000] {dag.py:3036} INFO - Sync 1 DAGs
[2026-04-21T09:15:04.810+0000] {logging_mixin.py:188} INFO - [2026-04-21T09:15:04.810+0000] {dag.py:3823} INFO - Setting next_dagrun for example_skip_dag to 2026-04-20 00:00:00+00:00, run_after=2026-04-21 00:00:00+00:00
[2026-04-21T09:15:04.820+0000] {processor.py:183} INFO - Processing /home/airflow/.local/lib/python3.8/site-packages/airflow/example_dags/example_skip_dag.py took 0.056 seconds
[2026-04-21T09:15:34.858+0000] {processor.py:161} INFO - Started process (PID=27237) to work on /home/airflow/.local/lib/python3.8/site-packages/airflow/example_dags/example_skip_dag.py
[2026-04-21T09:15:34.859+0000] {processor.py:830} INFO - Processing file /home/airflow/.local/lib/python3.8/site-packages/airflow/example_dags/example_skip_dag.py for tasks to queue
[2026-04-21T09:15:34.859+0000] {logging_mixin.py:188} INFO - [2026-04-21T09:15:34.859+0000] {dagbag.py:538} INFO - Filling up the DagBag from /home/airflow/.local/lib/python3.8/site-packages/airflow/example_dags/example_skip_dag.py
[2026-04-21T09:15:34.865+0000] {processor.py:840} INFO - DAG(s) 'example_skip_dag' retrieved from /home/airflow/.local/lib/python3.8/site-packages/airflow/example_dags/example_skip_dag.py
[2026-04-21T09:15:34.879+0000] {logging_mixin.py:188} INFO - [2026-04-21T09:15:34.879+0000] {dag.py:3036} INFO - Sync 1 DAGs
[2026-04-21T09:15:34.893+0000] {logging_mixin.py:188} INFO - [2026-04-21T09:15:34.893+0000] {dag.py:3823} INFO - Setting next_dagrun for example_skip_dag to 2026-04-20 00:00:00+00:00, run_after=2026-04-21 00:00:00+00:00
[2026-04-21T09:15:34.903+0000] {processor.py:183} INFO - Processing /home/airflow/.local/lib/python3.8/site-packages/airflow/example_dags/example_skip_dag.py took 0.047 seconds
[2026-04-21T09:16:05.645+0000] {processor.py:161} INFO - Started process (PID=27290) to work on /home/airflow/.local/lib/python3.8/site-packages/airflow/example_dags/example_skip_dag.py
[2026-04-21T09:16:05.648+0000] {processor.py:830} INFO - Processing file /home/airflow/.local/lib/python3.8/site-packages/airflow/example_dags/example_skip_dag.py for tasks to queue
[2026-04-21T09:16:05.649+0000] {logging_mixin.py:188} INFO - [2026-04-21T09:16:05.649+0000] {dagbag.py:538} INFO - Filling up the DagBag from /home/airflow/.local/lib/python3.8/site-packages/airflow/example_dags/example_skip_dag.py
[2026-04-21T09:16:05.655+0000] {processor.py:840} INFO - DAG(s) 'example_skip_dag' retrieved from /home/airflow/.local/lib/python3.8/site-packages/airflow/example_dags/example_skip_dag.py
[2026-04-21T09:16:05.670+0000] {logging_mixin.py:188} INFO - [2026-04-21T09:16:05.669+0000] {dag.py:3036} INFO - Sync 1 DAGs
[2026-04-21T09:16:05.684+0000] {logging_mixin.py:188} INFO - [2026-04-21T09:16:05.683+0000] {dag.py:3823} INFO - Setting next_dagrun for example_skip_dag to 2026-04-20 00:00:00+00:00, run_after=2026-04-21 00:00:00+00:00
[2026-04-21T09:16:05.694+0000] {processor.py:183} INFO - Processing /home/airflow/.local/lib/python3.8/site-packages/airflow/example_dags/example_skip_dag.py took 0.052 seconds
[2026-04-21T09:16:35.748+0000] {processor.py:161} INFO - Started process (PID=27345) to work on /home/airflow/.local/lib/python3.8/site-packages/airflow/example_dags/example_skip_dag.py
[2026-04-21T09:16:35.749+0000] {processor.py:830} INFO - Processing file /home/airflow/.local/lib/python3.8/site-packages/airflow/example_dags/example_skip_dag.py for tasks to queue
[2026-04-21T09:16:35.749+0000] {logging_mixin.py:188} INFO - [2026-04-21T09:16:35.749+0000] {dagbag.py:538} INFO - Filling up the DagBag from /home/airflow/.local/lib/python3.8/site-packages/airflow/example_dags/example_skip_dag.py
[2026-04-21T09:16:35.756+0000] {processor.py:840} INFO - DAG(s) 'example_skip_dag' retrieved from /home/airflow/.local/lib/python3.8/site-packages/airflow/example_dags/example_skip_dag.py
[2026-04-21T09:16:35.776+0000] {logging_mixin.py:188} INFO - [2026-04-21T09:16:35.776+0000] {dag.py:3036} INFO - Sync 1 DAGs
[2026-04-21T09:16:35.792+0000] {logging_mixin.py:188} INFO - [2026-04-21T09:16:35.792+0000] {dag.py:3823} INFO - Setting next_dagrun for example_skip_dag to 2026-04-20 00:00:00+00:00, run_after=2026-04-21 00:00:00+00:00
[2026-04-21T09:16:35.804+0000] {processor.py:183} INFO - Processing /home/airflow/.local/lib/python3.8/site-packages/airflow/example_dags/example_skip_dag.py took 0.059 seconds
[2026-04-21T09:17:06.015+0000] {processor.py:161} INFO - Started process (PID=27400) to work on /home/airflow/.local/lib/python3.8/site-packages/airflow/example_dags/example_skip_dag.py
[2026-04-21T09:17:06.016+0000] {processor.py:830} INFO - Processing file /home/airflow/.local/lib/python3.8/site-packages/airflow/example_dags/example_skip_dag.py for tasks to queue
[2026-04-21T09:17:06.018+0000] {logging_mixin.py:188} INFO - [2026-04-21T09:17:06.017+0000] {dagbag.py:538} INFO - Filling up the DagBag from /home/airflow/.local/lib/python3.8/site-packages/airflow/example_dags/example_skip_dag.py
[2026-04-21T09:17:06.029+0000] {processor.py:840} INFO - DAG(s) 'example_skip_dag' retrieved from /home/airflow/.local/lib/python3.8/site-packages/airflow/example_dags/example_skip_dag.py
[2026-04-21T09:17:06.051+0000] {logging_mixin.py:188} INFO - [2026-04-21T09:17:06.051+0000] {dag.py:3036} INFO - Sync 1 DAGs
[2026-04-21T09:17:06.073+0000] {logging_mixin.py:188} INFO - [2026-04-21T09:17:06.073+0000] {dag.py:3823} INFO - Setting next_dagrun for example_skip_dag to 2026-04-20 00:00:00+00:00, run_after=2026-04-21 00:00:00+00:00
[2026-04-21T09:17:06.087+0000] {processor.py:183} INFO - Processing /home/airflow/.local/lib/python3.8/site-packages/airflow/example_dags/example_skip_dag.py took 0.076 seconds
[2026-04-21T09:17:36.590+0000] {processor.py:161} INFO - Started process (PID=27455) to work on /home/airflow/.local/lib/python3.8/site-packages/airflow/example_dags/example_skip_dag.py
[2026-04-21T09:17:36.594+0000] {processor.py:830} INFO - Processing file /home/airflow/.local/lib/python3.8/site-packages/airflow/example_dags/example_skip_dag.py for tasks to queue
[2026-04-21T09:17:36.597+0000] {logging_mixin.py:188} INFO - [2026-04-21T09:17:36.595+0000] {dagbag.py:538} INFO - Filling up the DagBag from /home/airflow/.local/lib/python3.8/site-packages/airflow/example_dags/example_skip_dag.py
[2026-04-21T09:17:36.623+0000] {processor.py:840} INFO - DAG(s) 'example_skip_dag' retrieved from /home/airflow/.local/lib/python3.8/site-packages/airflow/example_dags/example_skip_dag.py
[2026-04-21T09:17:36.965+0000] {logging_mixin.py:188} INFO - [2026-04-21T09:17:36.959+0000] {dag.py:3036} INFO - Sync 1 DAGs
[2026-04-21T09:17:37.041+0000] {logging_mixin.py:188} INFO - [2026-04-21T09:17:37.041+0000] {dag.py:3823} INFO - Setting next_dagrun for example_skip_dag to 2026-04-20 00:00:00+00:00, run_after=2026-04-21 00:00:00+00:00
[2026-04-21T09:17:37.071+0000] {processor.py:183} INFO - Processing /home/airflow/.local/lib/python3.8/site-packages/airflow/example_dags/example_skip_dag.py took 0.489 seconds
[2026-04-21T09:18:07.824+0000] {processor.py:161} INFO - Started process (PID=27510) to work on /home/airflow/.local/lib/python3.8/site-packages/airflow/example_dags/example_skip_dag.py
[2026-04-21T09:18:07.825+0000] {processor.py:830} INFO - Processing file /home/airflow/.local/lib/python3.8/site-packages/airflow/example_dags/example_skip_dag.py for tasks to queue
[2026-04-21T09:18:07.826+0000] {logging_mixin.py:188} INFO - [2026-04-21T09:18:07.825+0000] {dagbag.py:538} INFO - Filling up the DagBag from /home/airflow/.local/lib/python3.8/site-packages/airflow/example_dags/example_skip_dag.py
[2026-04-21T09:18:07.832+0000] {processor.py:840} INFO - DAG(s) 'example_skip_dag' retrieved from /home/airflow/.local/lib/python3.8/site-packages/airflow/example_dags/example_skip_dag.py
[2026-04-21T09:18:07.849+0000] {logging_mixin.py:188} INFO - [2026-04-21T09:18:07.849+0000] {dag.py:3036} INFO - Sync 1 DAGs
[2026-04-21T09:18:07.866+0000] {logging_mixin.py:188} INFO - [2026-04-21T09:18:07.865+0000] {dag.py:3823} INFO - Setting next_dagrun for example_skip_dag to 2026-04-20 00:00:00+00:00, run_after=2026-04-21 00:00:00+00:00
[2026-04-21T09:18:07.880+0000] {processor.py:183} INFO - Processing /home/airflow/.local/lib/python3.8/site-packages/airflow/example_dags/example_skip_dag.py took 0.058 seconds
[2026-04-21T09:18:38.197+0000] {processor.py:161} INFO - Started process (PID=27565) to work on /home/airflow/.local/lib/python3.8/site-packages/airflow/example_dags/example_skip_dag.py
[2026-04-21T09:18:38.198+0000] {processor.py:830} INFO - Processing file /home/airflow/.local/lib/python3.8/site-packages/airflow/example_dags/example_skip_dag.py for tasks to queue
[2026-04-21T09:18:38.198+0000] {logging_mixin.py:188} INFO - [2026-04-21T09:18:38.198+0000] {dagbag.py:538} INFO - Filling up the DagBag from /home/airflow/.local/lib/python3.8/site-packages/airflow/example_dags/example_skip_dag.py
[2026-04-21T09:18:38.204+0000] {processor.py:840} INFO - DAG(s) 'example_skip_dag' retrieved from /home/airflow/.local/lib/python3.8/site-packages/airflow/example_dags/example_skip_dag.py
[2026-04-21T09:18:38.218+0000] {logging_mixin.py:188} INFO - [2026-04-21T09:18:38.218+0000] {dag.py:3036} INFO - Sync 1 DAGs
[2026-04-21T09:18:38.232+0000] {logging_mixin.py:188} INFO - [2026-04-21T09:18:38.232+0000] {dag.py:3823} INFO - Setting next_dagrun for example_skip_dag to 2026-04-20 00:00:00+00:00, run_after=2026-04-21 00:00:00+00:00
[2026-04-21T09:18:38.242+0000] {processor.py:183} INFO - Processing /home/airflow/.local/lib/python3.8/site-packages/airflow/example_dags/example_skip_dag.py took 0.048 seconds
[2026-04-21T09:19:08.946+0000] {processor.py:161} INFO - Started process (PID=27620) to work on /home/airflow/.local/lib/python3.8/site-packages/airflow/example_dags/example_skip_dag.py
[2026-04-21T09:19:08.954+0000] {processor.py:830} INFO - Processing file /home/airflow/.local/lib/python3.8/site-packages/airflow/example_dags/example_skip_dag.py for tasks to queue
[2026-04-21T09:19:08.955+0000] {logging_mixin.py:188} INFO - [2026-04-21T09:19:08.955+0000] {dagbag.py:538} INFO - Filling up the DagBag from /home/airflow/.local/lib/python3.8/site-packages/airflow/example_dags/example_skip_dag.py
[2026-04-21T09:19:08.960+0000] {processor.py:840} INFO - DAG(s) 'example_skip_dag' retrieved from /home/airflow/.local/lib/python3.8/site-packages/airflow/example_dags/example_skip_dag.py
[2026-04-21T09:19:08.976+0000] {logging_mixin.py:188} INFO - [2026-04-21T09:19:08.975+0000] {dag.py:3036} INFO - Sync 1 DAGs
[2026-04-21T09:19:08.994+0000] {logging_mixin.py:188} INFO - [2026-04-21T09:19:08.993+0000] {dag.py:3823} INFO - Setting next_dagrun for example_skip_dag to 2026-04-20 00:00:00+00:00, run_after=2026-04-21 00:00:00+00:00
[2026-04-21T09:19:09.005+0000] {processor.py:183} INFO - Processing /home/airflow/.local/lib/python3.8/site-packages/airflow/example_dags/example_skip_dag.py took 0.061 seconds
[2026-04-21T09:19:39.716+0000] {processor.py:161} INFO - Started process (PID=27675) to work on /home/airflow/.local/lib/python3.8/site-packages/airflow/example_dags/example_skip_dag.py
[2026-04-21T09:19:39.717+0000] {processor.py:830} INFO - Processing file /home/airflow/.local/lib/python3.8/site-packages/airflow/example_dags/example_skip_dag.py for tasks to queue
[2026-04-21T09:19:39.718+0000] {logging_mixin.py:188} INFO - [2026-04-21T09:19:39.717+0000] {dagbag.py:538} INFO - Filling up the DagBag from /home/airflow/.local/lib/python3.8/site-packages/airflow/example_dags/example_skip_dag.py
[2026-04-21T09:19:39.724+0000] {processor.py:840} INFO - DAG(s) 'example_skip_dag' retrieved from /home/airflow/.local/lib/python3.8/site-packages/airflow/example_dags/example_skip_dag.py
[2026-04-21T09:19:39.741+0000] {logging_mixin.py:188} INFO - [2026-04-21T09:19:39.741+0000] {dag.py:3036} INFO - Sync 1 DAGs
[2026-04-21T09:19:39.760+0000] {logging_mixin.py:188} INFO - [2026-04-21T09:19:39.760+0000] {dag.py:3823} INFO - Setting next_dagrun for example_skip_dag to 2026-04-20 00:00:00+00:00, run_after=2026-04-21 00:00:00+00:00
[2026-04-21T09:19:39.774+0000] {processor.py:183} INFO - Processing /home/airflow/.local/lib/python3.8/site-packages/airflow/example_dags/example_skip_dag.py took 0.060 seconds
[2026-04-21T09:20:09.925+0000] {processor.py:161} INFO - Started process (PID=27730) to work on /home/airflow/.local/lib/python3.8/site-packages/airflow/example_dags/example_skip_dag.py
[2026-04-21T09:20:09.927+0000] {processor.py:830} INFO - Processing file /home/airflow/.local/lib/python3.8/site-packages/airflow/example_dags/example_skip_dag.py for tasks to queue
[2026-04-21T09:20:09.928+0000] {logging_mixin.py:188} INFO - [2026-04-21T09:20:09.928+0000] {dagbag.py:538} INFO - Filling up the DagBag from /home/airflow/.local/lib/python3.8/site-packages/airflow/example_dags/example_skip_dag.py
[2026-04-21T09:20:09.933+0000] {processor.py:840} INFO - DAG(s) 'example_skip_dag' retrieved from /home/airflow/.local/lib/python3.8/site-packages/airflow/example_dags/example_skip_dag.py
[2026-04-21T09:20:09.948+0000] {logging_mixin.py:188} INFO - [2026-04-21T09:20:09.948+0000] {dag.py:3036} INFO - Sync 1 DAGs
[2026-04-21T09:20:09.964+0000] {logging_mixin.py:188} INFO - [2026-04-21T09:20:09.964+0000] {dag.py:3823} INFO - Setting next_dagrun for example_skip_dag to 2026-04-20 00:00:00+00:00, run_after=2026-04-21 00:00:00+00:00
[2026-04-21T09:20:09.975+0000] {processor.py:183} INFO - Processing /home/airflow/.local/lib/python3.8/site-packages/airflow/example_dags/example_skip_dag.py took 0.053 seconds
[2026-04-21T09:20:40.646+0000] {processor.py:161} INFO - Started process (PID=27785) to work on /home/airflow/.local/lib/python3.8/site-packages/airflow/example_dags/example_skip_dag.py
[2026-04-21T09:20:40.655+0000] {processor.py:830} INFO - Processing file /home/airflow/.local/lib/python3.8/site-packages/airflow/example_dags/example_skip_dag.py for tasks to queue
[2026-04-21T09:20:40.655+0000] {logging_mixin.py:188} INFO - [2026-04-21T09:20:40.655+0000] {dagbag.py:538} INFO - Filling up the DagBag from /home/airflow/.local/lib/python3.8/site-packages/airflow/example_dags/example_skip_dag.py
[2026-04-21T09:20:40.660+0000] {processor.py:840} INFO - DAG(s) 'example_skip_dag' retrieved from /home/airflow/.local/lib/python3.8/site-packages/airflow/example_dags/example_skip_dag.py
[2026-04-21T09:20:40.675+0000] {logging_mixin.py:188} INFO - [2026-04-21T09:20:40.675+0000] {dag.py:3036} INFO - Sync 1 DAGs
[2026-04-21T09:20:40.690+0000] {logging_mixin.py:188} INFO - [2026-04-21T09:20:40.690+0000] {dag.py:3823} INFO - Setting next_dagrun for example_skip_dag to 2026-04-20 00:00:00+00:00, run_after=2026-04-21 00:00:00+00:00
[2026-04-21T09:20:40.701+0000] {processor.py:183} INFO - Processing /home/airflow/.local/lib/python3.8/site-packages/airflow/example_dags/example_skip_dag.py took 0.058 seconds
[2026-04-21T09:21:11.272+0000] {processor.py:161} INFO - Started process (PID=27840) to work on /home/airflow/.local/lib/python3.8/site-packages/airflow/example_dags/example_skip_dag.py
[2026-04-21T09:21:11.272+0000] {processor.py:830} INFO - Processing file /home/airflow/.local/lib/python3.8/site-packages/airflow/example_dags/example_skip_dag.py for tasks to queue
[2026-04-21T09:21:11.273+0000] {logging_mixin.py:188} INFO - [2026-04-21T09:21:11.273+0000] {dagbag.py:538} INFO - Filling up the DagBag from /home/airflow/.local/lib/python3.8/site-packages/airflow/example_dags/example_skip_dag.py
[2026-04-21T09:21:11.278+0000] {processor.py:840} INFO - DAG(s) 'example_skip_dag' retrieved from /home/airflow/.local/lib/python3.8/site-packages/airflow/example_dags/example_skip_dag.py
[2026-04-21T09:21:11.293+0000] {logging_mixin.py:188} INFO - [2026-04-21T09:21:11.293+0000] {dag.py:3036} INFO - Sync 1 DAGs
[2026-04-21T09:21:11.308+0000] {logging_mixin.py:188} INFO - [2026-04-21T09:21:11.308+0000] {dag.py:3823} INFO - Setting next_dagrun for example_skip_dag to 2026-04-20 00:00:00+00:00, run_after=2026-04-21 00:00:00+00:00
[2026-04-21T09:21:11.318+0000] {processor.py:183} INFO - Processing /home/airflow/.local/lib/python3.8/site-packages/airflow/example_dags/example_skip_dag.py took 0.049 seconds
[2026-04-21T09:21:42.088+0000] {processor.py:161} INFO - Started process (PID=27895) to work on /home/airflow/.local/lib/python3.8/site-packages/airflow/example_dags/example_skip_dag.py
[2026-04-21T09:21:42.097+0000] {processor.py:830} INFO - Processing file /home/airflow/.local/lib/python3.8/site-packages/airflow/example_dags/example_skip_dag.py for tasks to queue
[2026-04-21T09:21:42.097+0000] {logging_mixin.py:188} INFO - [2026-04-21T09:21:42.097+0000] {dagbag.py:538} INFO - Filling up the DagBag from /home/airflow/.local/lib/python3.8/site-packages/airflow/example_dags/example_skip_dag.py
[2026-04-21T09:21:42.102+0000] {processor.py:840} INFO - DAG(s) 'example_skip_dag' retrieved from /home/airflow/.local/lib/python3.8/site-packages/airflow/example_dags/example_skip_dag.py
[2026-04-21T09:21:42.117+0000] {logging_mixin.py:188} INFO - [2026-04-21T09:21:42.117+0000] {dag.py:3036} INFO - Sync 1 DAGs
[2026-04-21T09:21:42.130+0000] {logging_mixin.py:188} INFO - [2026-04-21T09:21:42.130+0000] {dag.py:3823} INFO - Setting next_dagrun for example_skip_dag to 2026-04-20 00:00:00+00:00, run_after=2026-04-21 00:00:00+00:00
[2026-04-21T09:21:42.141+0000] {processor.py:183} INFO - Processing /home/airflow/.local/lib/python3.8/site-packages/airflow/example_dags/example_skip_dag.py took 0.056 seconds
[2026-04-21T09:22:12.787+0000] {processor.py:161} INFO - Started process (PID=27950) to work on /home/airflow/.local/lib/python3.8/site-packages/airflow/example_dags/example_skip_dag.py
[2026-04-21T09:22:12.788+0000] {processor.py:830} INFO - Processing file /home/airflow/.local/lib/python3.8/site-packages/airflow/example_dags/example_skip_dag.py for tasks to queue
[2026-04-21T09:22:12.788+0000] {logging_mixin.py:188} INFO - [2026-04-21T09:22:12.788+0000] {dagbag.py:538} INFO - Filling up the DagBag from /home/airflow/.local/lib/python3.8/site-packages/airflow/example_dags/example_skip_dag.py
[2026-04-21T09:22:12.793+0000] {processor.py:840} INFO - DAG(s) 'example_skip_dag' retrieved from /home/airflow/.local/lib/python3.8/site-packages/airflow/example_dags/example_skip_dag.py
[2026-04-21T09:22:12.813+0000] {logging_mixin.py:188} INFO - [2026-04-21T09:22:12.812+0000] {dag.py:3036} INFO - Sync 1 DAGs
[2026-04-21T09:22:12.831+0000] {logging_mixin.py:188} INFO - [2026-04-21T09:22:12.831+0000] {dag.py:3823} INFO - Setting next_dagrun for example_skip_dag to 2026-04-20 00:00:00+00:00, run_after=2026-04-21 00:00:00+00:00
[2026-04-21T09:22:12.846+0000] {processor.py:183} INFO - Processing /home/airflow/.local/lib/python3.8/site-packages/airflow/example_dags/example_skip_dag.py took 0.062 seconds
[2026-04-21T09:22:43.049+0000] {processor.py:161} INFO - Started process (PID=28005) to work on /home/airflow/.local/lib/python3.8/site-packages/airflow/example_dags/example_skip_dag.py
[2026-04-21T09:22:43.050+0000] {processor.py:830} INFO - Processing file /home/airflow/.local/lib/python3.8/site-packages/airflow/example_dags/example_skip_dag.py for tasks to queue
[2026-04-21T09:22:43.050+0000] {logging_mixin.py:188} INFO - [2026-04-21T09:22:43.050+0000] {dagbag.py:538} INFO - Filling up the DagBag from /home/airflow/.local/lib/python3.8/site-packages/airflow/example_dags/example_skip_dag.py
[2026-04-21T09:22:43.055+0000] {processor.py:840} INFO - DAG(s) 'example_skip_dag' retrieved from /home/airflow/.local/lib/python3.8/site-packages/airflow/example_dags/example_skip_dag.py
[2026-04-21T09:22:43.069+0000] {logging_mixin.py:188} INFO - [2026-04-21T09:22:43.069+0000] {dag.py:3036} INFO - Sync 1 DAGs
[2026-04-21T09:22:43.083+0000] {logging_mixin.py:188} INFO - [2026-04-21T09:22:43.083+0000] {dag.py:3823} INFO - Setting next_dagrun for example_skip_dag to 2026-04-20 00:00:00+00:00, run_after=2026-04-21 00:00:00+00:00
[2026-04-21T09:22:43.094+0000] {processor.py:183} INFO - Processing /home/airflow/.local/lib/python3.8/site-packages/airflow/example_dags/example_skip_dag.py took 0.047 seconds
[2026-04-21T09:23:13.840+0000] {processor.py:161} INFO - Started process (PID=28060) to work on /home/airflow/.local/lib/python3.8/site-packages/airflow/example_dags/example_skip_dag.py
[2026-04-21T09:23:13.841+0000] {processor.py:830} INFO - Processing file /home/airflow/.local/lib/python3.8/site-packages/airflow/example_dags/example_skip_dag.py for tasks to queue
[2026-04-21T09:23:13.842+0000] {logging_mixin.py:188} INFO - [2026-04-21T09:23:13.842+0000] {dagbag.py:538} INFO - Filling up the DagBag from /home/airflow/.local/lib/python3.8/site-packages/airflow/example_dags/example_skip_dag.py
[2026-04-21T09:23:13.847+0000] {processor.py:840} INFO - DAG(s) 'example_skip_dag' retrieved from /home/airflow/.local/lib/python3.8/site-packages/airflow/example_dags/example_skip_dag.py
[2026-04-21T09:23:13.861+0000] {logging_mixin.py:188} INFO - [2026-04-21T09:23:13.861+0000] {dag.py:3036} INFO - Sync 1 DAGs
[2026-04-21T09:23:13.875+0000] {logging_mixin.py:188} INFO - [2026-04-21T09:23:13.875+0000] {dag.py:3823} INFO - Setting next_dagrun for example_skip_dag to 2026-04-20 00:00:00+00:00, run_after=2026-04-21 00:00:00+00:00
[2026-04-21T09:23:13.885+0000] {processor.py:183} INFO - Processing /home/airflow/.local/lib/python3.8/site-packages/airflow/example_dags/example_skip_dag.py took 0.047 seconds
[2026-04-21T09:23:44.472+0000] {processor.py:161} INFO - Started process (PID=28115) to work on /home/airflow/.local/lib/python3.8/site-packages/airflow/example_dags/example_skip_dag.py
[2026-04-21T09:23:44.481+0000] {processor.py:830} INFO - Processing file /home/airflow/.local/lib/python3.8/site-packages/airflow/example_dags/example_skip_dag.py for tasks to queue
[2026-04-21T09:23:44.482+0000] {logging_mixin.py:188} INFO - [2026-04-21T09:23:44.481+0000] {dagbag.py:538} INFO - Filling up the DagBag from /home/airflow/.local/lib/python3.8/site-packages/airflow/example_dags/example_skip_dag.py
[2026-04-21T09:23:44.488+0000] {processor.py:840} INFO - DAG(s) 'example_skip_dag' retrieved from /home/airflow/.local/lib/python3.8/site-packages/airflow/example_dags/example_skip_dag.py
[2026-04-21T09:23:44.505+0000] {logging_mixin.py:188} INFO - [2026-04-21T09:23:44.505+0000] {dag.py:3036} INFO - Sync 1 DAGs
[2026-04-21T09:23:44.523+0000] {logging_mixin.py:188} INFO - [2026-04-21T09:23:44.523+0000] {dag.py:3823} INFO - Setting next_dagrun for example_skip_dag to 2026-04-20 00:00:00+00:00, run_after=2026-04-21 00:00:00+00:00
[2026-04-21T09:23:44.538+0000] {processor.py:183} INFO - Processing /home/airflow/.local/lib/python3.8/site-packages/airflow/example_dags/example_skip_dag.py took 0.068 seconds
[2026-04-21T09:24:14.609+0000] {processor.py:161} INFO - Started process (PID=28170) to work on /home/airflow/.local/lib/python3.8/site-packages/airflow/example_dags/example_skip_dag.py
[2026-04-21T09:24:14.618+0000] {processor.py:830} INFO - Processing file /home/airflow/.local/lib/python3.8/site-packages/airflow/example_dags/example_skip_dag.py for tasks to queue
[2026-04-21T09:24:14.619+0000] {logging_mixin.py:188} INFO - [2026-04-21T09:24:14.619+0000] {dagbag.py:538} INFO - Filling up the DagBag from /home/airflow/.local/lib/python3.8/site-packages/airflow/example_dags/example_skip_dag.py
[2026-04-21T09:24:14.625+0000] {processor.py:840} INFO - DAG(s) 'example_skip_dag' retrieved from /home/airflow/.local/lib/python3.8/site-packages/airflow/example_dags/example_skip_dag.py
[2026-04-21T09:24:14.643+0000] {logging_mixin.py:188} INFO - [2026-04-21T09:24:14.642+0000] {dag.py:3036} INFO - Sync 1 DAGs
[2026-04-21T09:24:14.660+0000] {logging_mixin.py:188} INFO - [2026-04-21T09:24:14.660+0000] {dag.py:3823} INFO - Setting next_dagrun for example_skip_dag to 2026-04-20 00:00:00+00:00, run_after=2026-04-21 00:00:00+00:00
[2026-04-21T09:24:14.672+0000] {processor.py:183} INFO - Processing /home/airflow/.local/lib/python3.8/site-packages/airflow/example_dags/example_skip_dag.py took 0.065 seconds
[2026-04-21T09:24:44.822+0000] {processor.py:161} INFO - Started process (PID=28225) to work on /home/airflow/.local/lib/python3.8/site-packages/airflow/example_dags/example_skip_dag.py
[2026-04-21T09:24:44.823+0000] {processor.py:830} INFO - Processing file /home/airflow/.local/lib/python3.8/site-packages/airflow/example_dags/example_skip_dag.py for tasks to queue
[2026-04-21T09:24:44.824+0000] {logging_mixin.py:188} INFO - [2026-04-21T09:24:44.824+0000] {dagbag.py:538} INFO - Filling up the DagBag from /home/airflow/.local/lib/python3.8/site-packages/airflow/example_dags/example_skip_dag.py
[2026-04-21T09:24:44.830+0000] {processor.py:840} INFO - DAG(s) 'example_skip_dag' retrieved from /home/airflow/.local/lib/python3.8/site-packages/airflow/example_dags/example_skip_dag.py
[2026-04-21T09:24:44.848+0000] {logging_mixin.py:188} INFO - [2026-04-21T09:24:44.847+0000] {dag.py:3036} INFO - Sync 1 DAGs
[2026-04-21T09:24:44.866+0000] {logging_mixin.py:188} INFO - [2026-04-21T09:24:44.866+0000] {dag.py:3823} INFO - Setting next_dagrun for example_skip_dag to 2026-04-20 00:00:00+00:00, run_after=2026-04-21 00:00:00+00:00
[2026-04-21T09:24:44.876+0000] {processor.py:183} INFO - Processing /home/airflow/.local/lib/python3.8/site-packages/airflow/example_dags/example_skip_dag.py took 0.057 seconds
[2026-04-21T09:25:14.942+0000] {processor.py:161} INFO - Started process (PID=28280) to work on /home/airflow/.local/lib/python3.8/site-packages/airflow/example_dags/example_skip_dag.py
[2026-04-21T09:25:14.951+0000] {processor.py:830} INFO - Processing file /home/airflow/.local/lib/python3.8/site-packages/airflow/example_dags/example_skip_dag.py for tasks to queue
[2026-04-21T09:25:14.951+0000] {logging_mixin.py:188} INFO - [2026-04-21T09:25:14.951+0000] {dagbag.py:538} INFO - Filling up the DagBag from /home/airflow/.local/lib/python3.8/site-packages/airflow/example_dags/example_skip_dag.py
[2026-04-21T09:25:14.956+0000] {processor.py:840} INFO - DAG(s) 'example_skip_dag' retrieved from /home/airflow/.local/lib/python3.8/site-packages/airflow/example_dags/example_skip_dag.py
[2026-04-21T09:25:14.970+0000] {logging_mixin.py:188} INFO - [2026-04-21T09:25:14.970+0000] {dag.py:3036} INFO - Sync 1 DAGs
[2026-04-21T09:25:14.984+0000] {logging_mixin.py:188} INFO - [2026-04-21T09:25:14.984+0000] {dag.py:3823} INFO - Setting next_dagrun for example_skip_dag to 2026-04-20 00:00:00+00:00, run_after=2026-04-21 00:00:00+00:00
[2026-04-21T09:25:14.995+0000] {processor.py:183} INFO - Processing /home/airflow/.local/lib/python3.8/site-packages/airflow/example_dags/example_skip_dag.py took 0.056 seconds
[2026-04-21T09:25:45.060+0000] {processor.py:161} INFO - Started process (PID=28335) to work on /home/airflow/.local/lib/python3.8/site-packages/airflow/example_dags/example_skip_dag.py
[2026-04-21T09:25:45.060+0000] {processor.py:830} INFO - Processing file /home/airflow/.local/lib/python3.8/site-packages/airflow/example_dags/example_skip_dag.py for tasks to queue
[2026-04-21T09:25:45.061+0000] {logging_mixin.py:188} INFO - [2026-04-21T09:25:45.060+0000] {dagbag.py:538} INFO - Filling up the DagBag from /home/airflow/.local/lib/python3.8/site-packages/airflow/example_dags/example_skip_dag.py
[2026-04-21T09:25:45.066+0000] {processor.py:840} INFO - DAG(s) 'example_skip_dag' retrieved from /home/airflow/.local/lib/python3.8/site-packages/airflow/example_dags/example_skip_dag.py
[2026-04-21T09:25:45.080+0000] {logging_mixin.py:188} INFO - [2026-04-21T09:25:45.080+0000] {dag.py:3036} INFO - Sync 1 DAGs
[2026-04-21T09:25:45.094+0000] {logging_mixin.py:188} INFO - [2026-04-21T09:25:45.094+0000] {dag.py:3823} INFO - Setting next_dagrun for example_skip_dag to 2026-04-20 00:00:00+00:00, run_after=2026-04-21 00:00:00+00:00
[2026-04-21T09:25:45.105+0000] {processor.py:183} INFO - Processing /home/airflow/.local/lib/python3.8/site-packages/airflow/example_dags/example_skip_dag.py took 0.047 seconds
[2026-04-21T09:26:15.207+0000] {processor.py:161} INFO - Started process (PID=28390) to work on /home/airflow/.local/lib/python3.8/site-packages/airflow/example_dags/example_skip_dag.py
[2026-04-21T09:26:15.208+0000] {processor.py:830} INFO - Processing file /home/airflow/.local/lib/python3.8/site-packages/airflow/example_dags/example_skip_dag.py for tasks to queue
[2026-04-21T09:26:15.208+0000] {logging_mixin.py:188} INFO - [2026-04-21T09:26:15.208+0000] {dagbag.py:538} INFO - Filling up the DagBag from /home/airflow/.local/lib/python3.8/site-packages/airflow/example_dags/example_skip_dag.py
[2026-04-21T09:26:15.213+0000] {processor.py:840} INFO - DAG(s) 'example_skip_dag' retrieved from /home/airflow/.local/lib/python3.8/site-packages/airflow/example_dags/example_skip_dag.py
[2026-04-21T09:26:15.228+0000] {logging_mixin.py:188} INFO - [2026-04-21T09:26:15.228+0000] {dag.py:3036} INFO - Sync 1 DAGs
[2026-04-21T09:26:15.243+0000] {logging_mixin.py:188} INFO - [2026-04-21T09:26:15.243+0000] {dag.py:3823} INFO - Setting next_dagrun for example_skip_dag to 2026-04-20 00:00:00+00:00, run_after=2026-04-21 00:00:00+00:00
[2026-04-21T09:26:15.253+0000] {processor.py:183} INFO - Processing /home/airflow/.local/lib/python3.8/site-packages/airflow/example_dags/example_skip_dag.py took 0.049 seconds
[2026-04-21T09:26:45.289+0000] {processor.py:161} INFO - Started process (PID=28445) to work on /home/airflow/.local/lib/python3.8/site-packages/airflow/example_dags/example_skip_dag.py
[2026-04-21T09:26:45.290+0000] {processor.py:830} INFO - Processing file /home/airflow/.local/lib/python3.8/site-packages/airflow/example_dags/example_skip_dag.py for tasks to queue
[2026-04-21T09:26:45.290+0000] {logging_mixin.py:188} INFO - [2026-04-21T09:26:45.290+0000] {dagbag.py:538} INFO - Filling up the DagBag from /home/airflow/.local/lib/python3.8/site-packages/airflow/example_dags/example_skip_dag.py
[2026-04-21T09:26:45.295+0000] {processor.py:840} INFO - DAG(s) 'example_skip_dag' retrieved from /home/airflow/.local/lib/python3.8/site-packages/airflow/example_dags/example_skip_dag.py
[2026-04-21T09:26:45.310+0000] {logging_mixin.py:188} INFO - [2026-04-21T09:26:45.310+0000] {dag.py:3036} INFO - Sync 1 DAGs
[2026-04-21T09:26:45.324+0000] {logging_mixin.py:188} INFO - [2026-04-21T09:26:45.324+0000] {dag.py:3823} INFO - Setting next_dagrun for example_skip_dag to 2026-04-20 00:00:00+00:00, run_after=2026-04-21 00:00:00+00:00
[2026-04-21T09:26:45.334+0000] {processor.py:183} INFO - Processing /home/airflow/.local/lib/python3.8/site-packages/airflow/example_dags/example_skip_dag.py took 0.047 seconds
[2026-04-21T09:27:15.539+0000] {processor.py:161} INFO - Started process (PID=28500) to work on /home/airflow/.local/lib/python3.8/site-packages/airflow/example_dags/example_skip_dag.py
[2026-04-21T09:27:15.546+0000] {processor.py:830} INFO - Processing file /home/airflow/.local/lib/python3.8/site-packages/airflow/example_dags/example_skip_dag.py for tasks to queue
[2026-04-21T09:27:15.547+0000] {logging_mixin.py:188} INFO - [2026-04-21T09:27:15.547+0000] {dagbag.py:538} INFO - Filling up the DagBag from /home/airflow/.local/lib/python3.8/site-packages/airflow/example_dags/example_skip_dag.py
[2026-04-21T09:27:15.552+0000] {processor.py:840} INFO - DAG(s) 'example_skip_dag' retrieved from /home/airflow/.local/lib/python3.8/site-packages/airflow/example_dags/example_skip_dag.py
[2026-04-21T09:27:15.566+0000] {logging_mixin.py:188} INFO - [2026-04-21T09:27:15.566+0000] {dag.py:3036} INFO - Sync 1 DAGs
[2026-04-21T09:27:15.581+0000] {logging_mixin.py:188} INFO - [2026-04-21T09:27:15.580+0000] {dag.py:3823} INFO - Setting next_dagrun for example_skip_dag to 2026-04-20 00:00:00+00:00, run_after=2026-04-21 00:00:00+00:00
[2026-04-21T09:27:15.591+0000] {processor.py:183} INFO - Processing /home/airflow/.local/lib/python3.8/site-packages/airflow/example_dags/example_skip_dag.py took 0.054 seconds
[2026-04-21T09:27:45.623+0000] {processor.py:161} INFO - Started process (PID=28555) to work on /home/airflow/.local/lib/python3.8/site-packages/airflow/example_dags/example_skip_dag.py
[2026-04-21T09:27:45.631+0000] {processor.py:830} INFO - Processing file /home/airflow/.local/lib/python3.8/site-packages/airflow/example_dags/example_skip_dag.py for tasks to queue
[2026-04-21T09:27:45.632+0000] {logging_mixin.py:188} INFO - [2026-04-21T09:27:45.632+0000] {dagbag.py:538} INFO - Filling up the DagBag from /home/airflow/.local/lib/python3.8/site-packages/airflow/example_dags/example_skip_dag.py
[2026-04-21T09:27:45.638+0000] {processor.py:840} INFO - DAG(s) 'example_skip_dag' retrieved from /home/airflow/.local/lib/python3.8/site-packages/airflow/example_dags/example_skip_dag.py
[2026-04-21T09:27:45.653+0000] {logging_mixin.py:188} INFO - [2026-04-21T09:27:45.653+0000] {dag.py:3036} INFO - Sync 1 DAGs
[2026-04-21T09:27:45.667+0000] {logging_mixin.py:188} INFO - [2026-04-21T09:27:45.667+0000] {dag.py:3823} INFO - Setting next_dagrun for example_skip_dag to 2026-04-20 00:00:00+00:00, run_after=2026-04-21 00:00:00+00:00
[2026-04-21T09:27:45.677+0000] {processor.py:183} INFO - Processing /home/airflow/.local/lib/python3.8/site-packages/airflow/example_dags/example_skip_dag.py took 0.056 seconds
[2026-04-21T09:28:15.725+0000] {processor.py:161} INFO - Started process (PID=28610) to work on /home/airflow/.local/lib/python3.8/site-packages/airflow/example_dags/example_skip_dag.py
[2026-04-21T09:28:15.726+0000] {processor.py:830} INFO - Processing file /home/airflow/.local/lib/python3.8/site-packages/airflow/example_dags/example_skip_dag.py for tasks to queue
[2026-04-21T09:28:15.727+0000] {logging_mixin.py:188} INFO - [2026-04-21T09:28:15.726+0000] {dagbag.py:538} INFO - Filling up the DagBag from /home/airflow/.local/lib/python3.8/site-packages/airflow/example_dags/example_skip_dag.py
[2026-04-21T09:28:15.731+0000] {processor.py:840} INFO - DAG(s) 'example_skip_dag' retrieved from /home/airflow/.local/lib/python3.8/site-packages/airflow/example_dags/example_skip_dag.py
[2026-04-21T09:28:15.746+0000] {logging_mixin.py:188} INFO - [2026-04-21T09:28:15.746+0000] {dag.py:3036} INFO - Sync 1 DAGs
[2026-04-21T09:28:15.760+0000] {logging_mixin.py:188} INFO - [2026-04-21T09:28:15.760+0000] {dag.py:3823} INFO - Setting next_dagrun for example_skip_dag to 2026-04-20 00:00:00+00:00, run_after=2026-04-21 00:00:00+00:00
[2026-04-21T09:28:15.770+0000] {processor.py:183} INFO - Processing /home/airflow/.local/lib/python3.8/site-packages/airflow/example_dags/example_skip_dag.py took 0.048 seconds
[2026-04-21T09:28:45.803+0000] {processor.py:161} INFO - Started process (PID=28665) to work on /home/airflow/.local/lib/python3.8/site-packages/airflow/example_dags/example_skip_dag.py
[2026-04-21T09:28:45.811+0000] {processor.py:830} INFO - Processing file /home/airflow/.local/lib/python3.8/site-packages/airflow/example_dags/example_skip_dag.py for tasks to queue
[2026-04-21T09:28:45.812+0000] {logging_mixin.py:188} INFO - [2026-04-21T09:28:45.812+0000] {dagbag.py:538} INFO - Filling up the DagBag from /home/airflow/.local/lib/python3.8/site-packages/airflow/example_dags/example_skip_dag.py
[2026-04-21T09:28:45.818+0000] {processor.py:840} INFO - DAG(s) 'example_skip_dag' retrieved from /home/airflow/.local/lib/python3.8/site-packages/airflow/example_dags/example_skip_dag.py
[2026-04-21T09:28:45.834+0000] {logging_mixin.py:188} INFO - [2026-04-21T09:28:45.834+0000] {dag.py:3036} INFO - Sync 1 DAGs
[2026-04-21T09:28:45.847+0000] {logging_mixin.py:188} INFO - [2026-04-21T09:28:45.847+0000] {dag.py:3823} INFO - Setting next_dagrun for example_skip_dag to 2026-04-20 00:00:00+00:00, run_after=2026-04-21 00:00:00+00:00
[2026-04-21T09:28:45.857+0000] {processor.py:183} INFO - Processing /home/airflow/.local/lib/python3.8/site-packages/airflow/example_dags/example_skip_dag.py took 0.056 seconds
[2026-04-21T09:29:15.901+0000] {processor.py:161} INFO - Started process (PID=28720) to work on /home/airflow/.local/lib/python3.8/site-packages/airflow/example_dags/example_skip_dag.py
[2026-04-21T09:29:15.910+0000] {processor.py:830} INFO - Processing file /home/airflow/.local/lib/python3.8/site-packages/airflow/example_dags/example_skip_dag.py for tasks to queue
[2026-04-21T09:29:15.911+0000] {logging_mixin.py:188} INFO - [2026-04-21T09:29:15.911+0000] {dagbag.py:538} INFO - Filling up the DagBag from /home/airflow/.local/lib/python3.8/site-packages/airflow/example_dags/example_skip_dag.py
[2026-04-21T09:29:15.917+0000] {processor.py:840} INFO - DAG(s) 'example_skip_dag' retrieved from /home/airflow/.local/lib/python3.8/site-packages/airflow/example_dags/example_skip_dag.py
[2026-04-21T09:29:15.936+0000] {logging_mixin.py:188} INFO - [2026-04-21T09:29:15.936+0000] {dag.py:3036} INFO - Sync 1 DAGs
[2026-04-21T09:29:15.952+0000] {logging_mixin.py:188} INFO - [2026-04-21T09:29:15.951+0000] {dag.py:3823} INFO - Setting next_dagrun for example_skip_dag to 2026-04-20 00:00:00+00:00, run_after=2026-04-21 00:00:00+00:00
[2026-04-21T09:29:15.964+0000] {processor.py:183} INFO - Processing /home/airflow/.local/lib/python3.8/site-packages/airflow/example_dags/example_skip_dag.py took 0.065 seconds
[2026-04-21T09:29:46.816+0000] {processor.py:161} INFO - Started process (PID=28775) to work on /home/airflow/.local/lib/python3.8/site-packages/airflow/example_dags/example_skip_dag.py
[2026-04-21T09:29:46.825+0000] {processor.py:830} INFO - Processing file /home/airflow/.local/lib/python3.8/site-packages/airflow/example_dags/example_skip_dag.py for tasks to queue
[2026-04-21T09:29:46.826+0000] {logging_mixin.py:188} INFO - [2026-04-21T09:29:46.825+0000] {dagbag.py:538} INFO - Filling up the DagBag from /home/airflow/.local/lib/python3.8/site-packages/airflow/example_dags/example_skip_dag.py
[2026-04-21T09:29:46.832+0000] {processor.py:840} INFO - DAG(s) 'example_skip_dag' retrieved from /home/airflow/.local/lib/python3.8/site-packages/airflow/example_dags/example_skip_dag.py
[2026-04-21T09:29:46.848+0000] {logging_mixin.py:188} INFO - [2026-04-21T09:29:46.847+0000] {dag.py:3036} INFO - Sync 1 DAGs
[2026-04-21T09:29:46.865+0000] {logging_mixin.py:188} INFO - [2026-04-21T09:29:46.865+0000] {dag.py:3823} INFO - Setting next_dagrun for example_skip_dag to 2026-04-20 00:00:00+00:00, run_after=2026-04-21 00:00:00+00:00
[2026-04-21T09:29:46.876+0000] {processor.py:183} INFO - Processing /home/airflow/.local/lib/python3.8/site-packages/airflow/example_dags/example_skip_dag.py took 0.062 seconds
[2026-04-21T09:30:17.644+0000] {processor.py:161} INFO - Started process (PID=28830) to work on /home/airflow/.local/lib/python3.8/site-packages/airflow/example_dags/example_skip_dag.py
[2026-04-21T09:30:17.654+0000] {processor.py:830} INFO - Processing file /home/airflow/.local/lib/python3.8/site-packages/airflow/example_dags/example_skip_dag.py for tasks to queue
[2026-04-21T09:30:17.655+0000] {logging_mixin.py:188} INFO - [2026-04-21T09:30:17.654+0000] {dagbag.py:538} INFO - Filling up the DagBag from /home/airflow/.local/lib/python3.8/site-packages/airflow/example_dags/example_skip_dag.py
[2026-04-21T09:30:17.660+0000] {processor.py:840} INFO - DAG(s) 'example_skip_dag' retrieved from /home/airflow/.local/lib/python3.8/site-packages/airflow/example_dags/example_skip_dag.py
[2026-04-21T09:30:17.677+0000] {logging_mixin.py:188} INFO - [2026-04-21T09:30:17.677+0000] {dag.py:3036} INFO - Sync 1 DAGs
[2026-04-21T09:30:17.693+0000] {logging_mixin.py:188} INFO - [2026-04-21T09:30:17.693+0000] {dag.py:3823} INFO - Setting next_dagrun for example_skip_dag to 2026-04-20 00:00:00+00:00, run_after=2026-04-21 00:00:00+00:00
[2026-04-21T09:30:17.704+0000] {processor.py:183} INFO - Processing /home/airflow/.local/lib/python3.8/site-packages/airflow/example_dags/example_skip_dag.py took 0.063 seconds
[2026-04-21T09:30:48.314+0000] {processor.py:161} INFO - Started process (PID=28885) to work on /home/airflow/.local/lib/python3.8/site-packages/airflow/example_dags/example_skip_dag.py
[2026-04-21T09:30:48.315+0000] {processor.py:830} INFO - Processing file /home/airflow/.local/lib/python3.8/site-packages/airflow/example_dags/example_skip_dag.py for tasks to queue
[2026-04-21T09:30:48.316+0000] {logging_mixin.py:188} INFO - [2026-04-21T09:30:48.315+0000] {dagbag.py:538} INFO - Filling up the DagBag from /home/airflow/.local/lib/python3.8/site-packages/airflow/example_dags/example_skip_dag.py
[2026-04-21T09:30:48.322+0000] {processor.py:840} INFO - DAG(s) 'example_skip_dag' retrieved from /home/airflow/.local/lib/python3.8/site-packages/airflow/example_dags/example_skip_dag.py
[2026-04-21T09:30:48.343+0000] {logging_mixin.py:188} INFO - [2026-04-21T09:30:48.342+0000] {dag.py:3036} INFO - Sync 1 DAGs
[2026-04-21T09:30:48.365+0000] {logging_mixin.py:188} INFO - [2026-04-21T09:30:48.365+0000] {dag.py:3823} INFO - Setting next_dagrun for example_skip_dag to 2026-04-20 00:00:00+00:00, run_after=2026-04-21 00:00:00+00:00
[2026-04-21T09:30:48.381+0000] {processor.py:183} INFO - Processing /home/airflow/.local/lib/python3.8/site-packages/airflow/example_dags/example_skip_dag.py took 0.070 seconds
[2026-04-21T09:31:19.042+0000] {processor.py:161} INFO - Started process (PID=28940) to work on /home/airflow/.local/lib/python3.8/site-packages/airflow/example_dags/example_skip_dag.py
[2026-04-21T09:31:19.050+0000] {processor.py:830} INFO - Processing file /home/airflow/.local/lib/python3.8/site-packages/airflow/example_dags/example_skip_dag.py for tasks to queue
[2026-04-21T09:31:19.052+0000] {logging_mixin.py:188} INFO - [2026-04-21T09:31:19.051+0000] {dagbag.py:538} INFO - Filling up the DagBag from /home/airflow/.local/lib/python3.8/site-packages/airflow/example_dags/example_skip_dag.py
[2026-04-21T09:31:19.056+0000] {processor.py:840} INFO - DAG(s) 'example_skip_dag' retrieved from /home/airflow/.local/lib/python3.8/site-packages/airflow/example_dags/example_skip_dag.py
[2026-04-21T09:31:19.071+0000] {logging_mixin.py:188} INFO - [2026-04-21T09:31:19.071+0000] {dag.py:3036} INFO - Sync 1 DAGs
[2026-04-21T09:31:19.085+0000] {logging_mixin.py:188} INFO - [2026-04-21T09:31:19.085+0000] {dag.py:3823} INFO - Setting next_dagrun for example_skip_dag to 2026-04-20 00:00:00+00:00, run_after=2026-04-21 00:00:00+00:00
[2026-04-21T09:31:19.095+0000] {processor.py:183} INFO - Processing /home/airflow/.local/lib/python3.8/site-packages/airflow/example_dags/example_skip_dag.py took 0.057 seconds
[2026-04-21T09:31:49.898+0000] {processor.py:161} INFO - Started process (PID=28995) to work on /home/airflow/.local/lib/python3.8/site-packages/airflow/example_dags/example_skip_dag.py
[2026-04-21T09:31:49.899+0000] {processor.py:830} INFO - Processing file /home/airflow/.local/lib/python3.8/site-packages/airflow/example_dags/example_skip_dag.py for tasks to queue
[2026-04-21T09:31:49.900+0000] {logging_mixin.py:188} INFO - [2026-04-21T09:31:49.899+0000] {dagbag.py:538} INFO - Filling up the DagBag from /home/airflow/.local/lib/python3.8/site-packages/airflow/example_dags/example_skip_dag.py
[2026-04-21T09:31:49.905+0000] {processor.py:840} INFO - DAG(s) 'example_skip_dag' retrieved from /home/airflow/.local/lib/python3.8/site-packages/airflow/example_dags/example_skip_dag.py
[2026-04-21T09:31:49.919+0000] {logging_mixin.py:188} INFO - [2026-04-21T09:31:49.919+0000] {dag.py:3036} INFO - Sync 1 DAGs
[2026-04-21T09:31:49.933+0000] {logging_mixin.py:188} INFO - [2026-04-21T09:31:49.933+0000] {dag.py:3823} INFO - Setting next_dagrun for example_skip_dag to 2026-04-20 00:00:00+00:00, run_after=2026-04-21 00:00:00+00:00
[2026-04-21T09:31:49.944+0000] {processor.py:183} INFO - Processing /home/airflow/.local/lib/python3.8/site-packages/airflow/example_dags/example_skip_dag.py took 0.048 seconds
[2026-04-21T09:32:20.743+0000] {processor.py:161} INFO - Started process (PID=29050) to work on /home/airflow/.local/lib/python3.8/site-packages/airflow/example_dags/example_skip_dag.py
[2026-04-21T09:32:20.751+0000] {processor.py:830} INFO - Processing file /home/airflow/.local/lib/python3.8/site-packages/airflow/example_dags/example_skip_dag.py for tasks to queue
[2026-04-21T09:32:20.752+0000] {logging_mixin.py:188} INFO - [2026-04-21T09:32:20.752+0000] {dagbag.py:538} INFO - Filling up the DagBag from /home/airflow/.local/lib/python3.8/site-packages/airflow/example_dags/example_skip_dag.py
[2026-04-21T09:32:20.757+0000] {processor.py:840} INFO - DAG(s) 'example_skip_dag' retrieved from /home/airflow/.local/lib/python3.8/site-packages/airflow/example_dags/example_skip_dag.py
[2026-04-21T09:32:20.772+0000] {logging_mixin.py:188} INFO - [2026-04-21T09:32:20.771+0000] {dag.py:3036} INFO - Sync 1 DAGs
[2026-04-21T09:32:20.786+0000] {logging_mixin.py:188} INFO - [2026-04-21T09:32:20.785+0000] {dag.py:3823} INFO - Setting next_dagrun for example_skip_dag to 2026-04-20 00:00:00+00:00, run_after=2026-04-21 00:00:00+00:00
[2026-04-21T09:32:20.797+0000] {processor.py:183} INFO - Processing /home/airflow/.local/lib/python3.8/site-packages/airflow/example_dags/example_skip_dag.py took 0.057 seconds
[2026-04-21T09:32:50.867+0000] {processor.py:161} INFO - Started process (PID=29105) to work on /home/airflow/.local/lib/python3.8/site-packages/airflow/example_dags/example_skip_dag.py
[2026-04-21T09:32:50.868+0000] {processor.py:830} INFO - Processing file /home/airflow/.local/lib/python3.8/site-packages/airflow/example_dags/example_skip_dag.py for tasks to queue
[2026-04-21T09:32:50.869+0000] {logging_mixin.py:188} INFO - [2026-04-21T09:32:50.869+0000] {dagbag.py:538} INFO - Filling up the DagBag from /home/airflow/.local/lib/python3.8/site-packages/airflow/example_dags/example_skip_dag.py
[2026-04-21T09:32:50.874+0000] {processor.py:840} INFO - DAG(s) 'example_skip_dag' retrieved from /home/airflow/.local/lib/python3.8/site-packages/airflow/example_dags/example_skip_dag.py
[2026-04-21T09:32:50.889+0000] {logging_mixin.py:188} INFO - [2026-04-21T09:32:50.889+0000] {dag.py:3036} INFO - Sync 1 DAGs
[2026-04-21T09:32:50.903+0000] {logging_mixin.py:188} INFO - [2026-04-21T09:32:50.903+0000] {dag.py:3823} INFO - Setting next_dagrun for example_skip_dag to 2026-04-20 00:00:00+00:00, run_after=2026-04-21 00:00:00+00:00
[2026-04-21T09:32:50.913+0000] {processor.py:183} INFO - Processing /home/airflow/.local/lib/python3.8/site-packages/airflow/example_dags/example_skip_dag.py took 0.049 seconds
[2026-04-21T09:33:20.971+0000] {processor.py:161} INFO - Started process (PID=29160) to work on /home/airflow/.local/lib/python3.8/site-packages/airflow/example_dags/example_skip_dag.py
[2026-04-21T09:33:20.971+0000] {processor.py:830} INFO - Processing file /home/airflow/.local/lib/python3.8/site-packages/airflow/example_dags/example_skip_dag.py for tasks to queue
[2026-04-21T09:33:20.972+0000] {logging_mixin.py:188} INFO - [2026-04-21T09:33:20.972+0000] {dagbag.py:538} INFO - Filling up the DagBag from /home/airflow/.local/lib/python3.8/site-packages/airflow/example_dags/example_skip_dag.py
[2026-04-21T09:33:20.977+0000] {processor.py:840} INFO - DAG(s) 'example_skip_dag' retrieved from /home/airflow/.local/lib/python3.8/site-packages/airflow/example_dags/example_skip_dag.py
[2026-04-21T09:33:20.991+0000] {logging_mixin.py:188} INFO - [2026-04-21T09:33:20.991+0000] {dag.py:3036} INFO - Sync 1 DAGs
[2026-04-21T09:33:21.005+0000] {logging_mixin.py:188} INFO - [2026-04-21T09:33:21.005+0000] {dag.py:3823} INFO - Setting next_dagrun for example_skip_dag to 2026-04-20 00:00:00+00:00, run_after=2026-04-21 00:00:00+00:00
[2026-04-21T09:33:21.015+0000] {processor.py:183} INFO - Processing /home/airflow/.local/lib/python3.8/site-packages/airflow/example_dags/example_skip_dag.py took 0.047 seconds
[2026-04-21T09:33:51.083+0000] {processor.py:161} INFO - Started process (PID=29214) to work on /home/airflow/.local/lib/python3.8/site-packages/airflow/example_dags/example_skip_dag.py
[2026-04-21T09:33:51.084+0000] {processor.py:830} INFO - Processing file /home/airflow/.local/lib/python3.8/site-packages/airflow/example_dags/example_skip_dag.py for tasks to queue
[2026-04-21T09:33:51.085+0000] {logging_mixin.py:188} INFO - [2026-04-21T09:33:51.084+0000] {dagbag.py:538} INFO - Filling up the DagBag from /home/airflow/.local/lib/python3.8/site-packages/airflow/example_dags/example_skip_dag.py
[2026-04-21T09:33:51.091+0000] {processor.py:840} INFO - DAG(s) 'example_skip_dag' retrieved from /home/airflow/.local/lib/python3.8/site-packages/airflow/example_dags/example_skip_dag.py
[2026-04-21T09:33:51.110+0000] {logging_mixin.py:188} INFO - [2026-04-21T09:33:51.110+0000] {dag.py:3036} INFO - Sync 1 DAGs
[2026-04-21T09:33:51.128+0000] {logging_mixin.py:188} INFO - [2026-04-21T09:33:51.128+0000] {dag.py:3823} INFO - Setting next_dagrun for example_skip_dag to 2026-04-20 00:00:00+00:00, run_after=2026-04-21 00:00:00+00:00
[2026-04-21T09:33:51.145+0000] {processor.py:183} INFO - Processing /home/airflow/.local/lib/python3.8/site-packages/airflow/example_dags/example_skip_dag.py took 0.065 seconds
[2026-04-21T09:34:21.219+0000] {processor.py:161} INFO - Started process (PID=29269) to work on /home/airflow/.local/lib/python3.8/site-packages/airflow/example_dags/example_skip_dag.py
[2026-04-21T09:34:21.228+0000] {processor.py:830} INFO - Processing file /home/airflow/.local/lib/python3.8/site-packages/airflow/example_dags/example_skip_dag.py for tasks to queue
[2026-04-21T09:34:21.228+0000] {logging_mixin.py:188} INFO - [2026-04-21T09:34:21.228+0000] {dagbag.py:538} INFO - Filling up the DagBag from /home/airflow/.local/lib/python3.8/site-packages/airflow/example_dags/example_skip_dag.py
[2026-04-21T09:34:21.234+0000] {processor.py:840} INFO - DAG(s) 'example_skip_dag' retrieved from /home/airflow/.local/lib/python3.8/site-packages/airflow/example_dags/example_skip_dag.py
[2026-04-21T09:34:21.251+0000] {logging_mixin.py:188} INFO - [2026-04-21T09:34:21.250+0000] {dag.py:3036} INFO - Sync 1 DAGs
[2026-04-21T09:34:21.269+0000] {logging_mixin.py:188} INFO - [2026-04-21T09:34:21.269+0000] {dag.py:3823} INFO - Setting next_dagrun for example_skip_dag to 2026-04-20 00:00:00+00:00, run_after=2026-04-21 00:00:00+00:00
[2026-04-21T09:34:21.281+0000] {processor.py:183} INFO - Processing /home/airflow/.local/lib/python3.8/site-packages/airflow/example_dags/example_skip_dag.py took 0.064 seconds
[2026-04-21T09:34:51.370+0000] {processor.py:161} INFO - Started process (PID=29324) to work on /home/airflow/.local/lib/python3.8/site-packages/airflow/example_dags/example_skip_dag.py
[2026-04-21T09:34:51.378+0000] {processor.py:830} INFO - Processing file /home/airflow/.local/lib/python3.8/site-packages/airflow/example_dags/example_skip_dag.py for tasks to queue
[2026-04-21T09:34:51.379+0000] {logging_mixin.py:188} INFO - [2026-04-21T09:34:51.379+0000] {dagbag.py:538} INFO - Filling up the DagBag from /home/airflow/.local/lib/python3.8/site-packages/airflow/example_dags/example_skip_dag.py
[2026-04-21T09:34:51.384+0000] {processor.py:840} INFO - DAG(s) 'example_skip_dag' retrieved from /home/airflow/.local/lib/python3.8/site-packages/airflow/example_dags/example_skip_dag.py
[2026-04-21T09:34:51.399+0000] {logging_mixin.py:188} INFO - [2026-04-21T09:34:51.399+0000] {dag.py:3036} INFO - Sync 1 DAGs
[2026-04-21T09:34:51.413+0000] {logging_mixin.py:188} INFO - [2026-04-21T09:34:51.413+0000] {dag.py:3823} INFO - Setting next_dagrun for example_skip_dag to 2026-04-20 00:00:00+00:00, run_after=2026-04-21 00:00:00+00:00
[2026-04-21T09:34:51.423+0000] {processor.py:183} INFO - Processing /home/airflow/.local/lib/python3.8/site-packages/airflow/example_dags/example_skip_dag.py took 0.057 seconds
[2026-04-21T09:35:21.534+0000] {processor.py:161} INFO - Started process (PID=29379) to work on /home/airflow/.local/lib/python3.8/site-packages/airflow/example_dags/example_skip_dag.py
[2026-04-21T09:35:21.543+0000] {processor.py:830} INFO - Processing file /home/airflow/.local/lib/python3.8/site-packages/airflow/example_dags/example_skip_dag.py for tasks to queue
[2026-04-21T09:35:21.543+0000] {logging_mixin.py:188} INFO - [2026-04-21T09:35:21.543+0000] {dagbag.py:538} INFO - Filling up the DagBag from /home/airflow/.local/lib/python3.8/site-packages/airflow/example_dags/example_skip_dag.py
[2026-04-21T09:35:21.548+0000] {processor.py:840} INFO - DAG(s) 'example_skip_dag' retrieved from /home/airflow/.local/lib/python3.8/site-packages/airflow/example_dags/example_skip_dag.py
[2026-04-21T09:35:21.562+0000] {logging_mixin.py:188} INFO - [2026-04-21T09:35:21.562+0000] {dag.py:3036} INFO - Sync 1 DAGs
[2026-04-21T09:35:21.576+0000] {logging_mixin.py:188} INFO - [2026-04-21T09:35:21.576+0000] {dag.py:3823} INFO - Setting next_dagrun for example_skip_dag to 2026-04-20 00:00:00+00:00, run_after=2026-04-21 00:00:00+00:00
[2026-04-21T09:35:21.586+0000] {processor.py:183} INFO - Processing /home/airflow/.local/lib/python3.8/site-packages/airflow/example_dags/example_skip_dag.py took 0.055 seconds
[2026-04-21T09:35:52.177+0000] {processor.py:161} INFO - Started process (PID=29434) to work on /home/airflow/.local/lib/python3.8/site-packages/airflow/example_dags/example_skip_dag.py
[2026-04-21T09:35:52.178+0000] {processor.py:830} INFO - Processing file /home/airflow/.local/lib/python3.8/site-packages/airflow/example_dags/example_skip_dag.py for tasks to queue
[2026-04-21T09:35:52.179+0000] {logging_mixin.py:188} INFO - [2026-04-21T09:35:52.178+0000] {dagbag.py:538} INFO - Filling up the DagBag from /home/airflow/.local/lib/python3.8/site-packages/airflow/example_dags/example_skip_dag.py
[2026-04-21T09:35:52.184+0000] {processor.py:840} INFO - DAG(s) 'example_skip_dag' retrieved from /home/airflow/.local/lib/python3.8/site-packages/airflow/example_dags/example_skip_dag.py
[2026-04-21T09:35:52.199+0000] {logging_mixin.py:188} INFO - [2026-04-21T09:35:52.198+0000] {dag.py:3036} INFO - Sync 1 DAGs
[2026-04-21T09:35:52.212+0000] {logging_mixin.py:188} INFO - [2026-04-21T09:35:52.212+0000] {dag.py:3823} INFO - Setting next_dagrun for example_skip_dag to 2026-04-20 00:00:00+00:00, run_after=2026-04-21 00:00:00+00:00
[2026-04-21T09:35:52.222+0000] {processor.py:183} INFO - Processing /home/airflow/.local/lib/python3.8/site-packages/airflow/example_dags/example_skip_dag.py took 0.047 seconds
[2026-04-21T09:36:22.491+0000] {processor.py:161} INFO - Started process (PID=29489) to work on /home/airflow/.local/lib/python3.8/site-packages/airflow/example_dags/example_skip_dag.py
[2026-04-21T09:36:22.492+0000] {processor.py:830} INFO - Processing file /home/airflow/.local/lib/python3.8/site-packages/airflow/example_dags/example_skip_dag.py for tasks to queue
[2026-04-21T09:36:22.492+0000] {logging_mixin.py:188} INFO - [2026-04-21T09:36:22.492+0000] {dagbag.py:538} INFO - Filling up the DagBag from /home/airflow/.local/lib/python3.8/site-packages/airflow/example_dags/example_skip_dag.py
[2026-04-21T09:36:22.498+0000] {processor.py:840} INFO - DAG(s) 'example_skip_dag' retrieved from /home/airflow/.local/lib/python3.8/site-packages/airflow/example_dags/example_skip_dag.py
[2026-04-21T09:36:22.513+0000] {logging_mixin.py:188} INFO - [2026-04-21T09:36:22.512+0000] {dag.py:3036} INFO - Sync 1 DAGs
[2026-04-21T09:36:22.527+0000] {logging_mixin.py:188} INFO - [2026-04-21T09:36:22.526+0000] {dag.py:3823} INFO - Setting next_dagrun for example_skip_dag to 2026-04-20 00:00:00+00:00, run_after=2026-04-21 00:00:00+00:00
[2026-04-21T09:36:22.537+0000] {processor.py:183} INFO - Processing /home/airflow/.local/lib/python3.8/site-packages/airflow/example_dags/example_skip_dag.py took 0.049 seconds
[2026-04-21T09:36:52.559+0000] {processor.py:161} INFO - Started process (PID=29544) to work on /home/airflow/.local/lib/python3.8/site-packages/airflow/example_dags/example_skip_dag.py
[2026-04-21T09:36:52.559+0000] {processor.py:830} INFO - Processing file /home/airflow/.local/lib/python3.8/site-packages/airflow/example_dags/example_skip_dag.py for tasks to queue
[2026-04-21T09:36:52.560+0000] {logging_mixin.py:188} INFO - [2026-04-21T09:36:52.560+0000] {dagbag.py:538} INFO - Filling up the DagBag from /home/airflow/.local/lib/python3.8/site-packages/airflow/example_dags/example_skip_dag.py
[2026-04-21T09:36:52.566+0000] {processor.py:840} INFO - DAG(s) 'example_skip_dag' retrieved from /home/airflow/.local/lib/python3.8/site-packages/airflow/example_dags/example_skip_dag.py
[2026-04-21T09:36:52.582+0000] {logging_mixin.py:188} INFO - [2026-04-21T09:36:52.582+0000] {dag.py:3036} INFO - Sync 1 DAGs
[2026-04-21T09:36:52.598+0000] {logging_mixin.py:188} INFO - [2026-04-21T09:36:52.598+0000] {dag.py:3823} INFO - Setting next_dagrun for example_skip_dag to 2026-04-20 00:00:00+00:00, run_after=2026-04-21 00:00:00+00:00
[2026-04-21T09:36:52.611+0000] {processor.py:183} INFO - Processing /home/airflow/.local/lib/python3.8/site-packages/airflow/example_dags/example_skip_dag.py took 0.055 seconds
[2026-04-21T09:37:23.340+0000] {processor.py:161} INFO - Started process (PID=29597) to work on /home/airflow/.local/lib/python3.8/site-packages/airflow/example_dags/example_skip_dag.py
[2026-04-21T09:37:23.348+0000] {processor.py:830} INFO - Processing file /home/airflow/.local/lib/python3.8/site-packages/airflow/example_dags/example_skip_dag.py for tasks to queue
[2026-04-21T09:37:23.349+0000] {logging_mixin.py:188} INFO - [2026-04-21T09:37:23.349+0000] {dagbag.py:538} INFO - Filling up the DagBag from /home/airflow/.local/lib/python3.8/site-packages/airflow/example_dags/example_skip_dag.py
[2026-04-21T09:37:23.355+0000] {processor.py:840} INFO - DAG(s) 'example_skip_dag' retrieved from /home/airflow/.local/lib/python3.8/site-packages/airflow/example_dags/example_skip_dag.py
[2026-04-21T09:37:23.371+0000] {logging_mixin.py:188} INFO - [2026-04-21T09:37:23.370+0000] {dag.py:3036} INFO - Sync 1 DAGs
[2026-04-21T09:37:23.386+0000] {logging_mixin.py:188} INFO - [2026-04-21T09:37:23.386+0000] {dag.py:3823} INFO - Setting next_dagrun for example_skip_dag to 2026-04-20 00:00:00+00:00, run_after=2026-04-21 00:00:00+00:00
[2026-04-21T09:37:23.396+0000] {processor.py:183} INFO - Processing /home/airflow/.local/lib/python3.8/site-packages/airflow/example_dags/example_skip_dag.py took 0.059 seconds
[2026-04-21T09:37:53.437+0000] {processor.py:161} INFO - Started process (PID=29652) to work on /home/airflow/.local/lib/python3.8/site-packages/airflow/example_dags/example_skip_dag.py
[2026-04-21T09:37:53.446+0000] {processor.py:830} INFO - Processing file /home/airflow/.local/lib/python3.8/site-packages/airflow/example_dags/example_skip_dag.py for tasks to queue
[2026-04-21T09:37:53.446+0000] {logging_mixin.py:188} INFO - [2026-04-21T09:37:53.446+0000] {dagbag.py:538} INFO - Filling up the DagBag from /home/airflow/.local/lib/python3.8/site-packages/airflow/example_dags/example_skip_dag.py
[2026-04-21T09:37:53.451+0000] {processor.py:840} INFO - DAG(s) 'example_skip_dag' retrieved from /home/airflow/.local/lib/python3.8/site-packages/airflow/example_dags/example_skip_dag.py
[2026-04-21T09:37:53.467+0000] {logging_mixin.py:188} INFO - [2026-04-21T09:37:53.466+0000] {dag.py:3036} INFO - Sync 1 DAGs
[2026-04-21T09:37:53.482+0000] {logging_mixin.py:188} INFO - [2026-04-21T09:37:53.482+0000] {dag.py:3823} INFO - Setting next_dagrun for example_skip_dag to 2026-04-20 00:00:00+00:00, run_after=2026-04-21 00:00:00+00:00
[2026-04-21T09:37:53.492+0000] {processor.py:183} INFO - Processing /home/airflow/.local/lib/python3.8/site-packages/airflow/example_dags/example_skip_dag.py took 0.058 seconds
[2026-04-21T09:38:24.117+0000] {processor.py:161} INFO - Started process (PID=29707) to work on /home/airflow/.local/lib/python3.8/site-packages/airflow/example_dags/example_skip_dag.py
[2026-04-21T09:38:24.126+0000] {processor.py:830} INFO - Processing file /home/airflow/.local/lib/python3.8/site-packages/airflow/example_dags/example_skip_dag.py for tasks to queue
[2026-04-21T09:38:24.127+0000] {logging_mixin.py:188} INFO - [2026-04-21T09:38:24.126+0000] {dagbag.py:538} INFO - Filling up the DagBag from /home/airflow/.local/lib/python3.8/site-packages/airflow/example_dags/example_skip_dag.py
[2026-04-21T09:38:24.131+0000] {processor.py:840} INFO - DAG(s) 'example_skip_dag' retrieved from /home/airflow/.local/lib/python3.8/site-packages/airflow/example_dags/example_skip_dag.py
[2026-04-21T09:38:24.147+0000] {logging_mixin.py:188} INFO - [2026-04-21T09:38:24.146+0000] {dag.py:3036} INFO - Sync 1 DAGs
[2026-04-21T09:38:24.161+0000] {logging_mixin.py:188} INFO - [2026-04-21T09:38:24.161+0000] {dag.py:3823} INFO - Setting next_dagrun for example_skip_dag to 2026-04-20 00:00:00+00:00, run_after=2026-04-21 00:00:00+00:00
[2026-04-21T09:38:24.171+0000] {processor.py:183} INFO - Processing /home/airflow/.local/lib/python3.8/site-packages/airflow/example_dags/example_skip_dag.py took 0.055 seconds
[2026-04-21T09:38:54.760+0000] {processor.py:161} INFO - Started process (PID=29762) to work on /home/airflow/.local/lib/python3.8/site-packages/airflow/example_dags/example_skip_dag.py
[2026-04-21T09:38:54.769+0000] {processor.py:830} INFO - Processing file /home/airflow/.local/lib/python3.8/site-packages/airflow/example_dags/example_skip_dag.py for tasks to queue
[2026-04-21T09:38:54.770+0000] {logging_mixin.py:188} INFO - [2026-04-21T09:38:54.770+0000] {dagbag.py:538} INFO - Filling up the DagBag from /home/airflow/.local/lib/python3.8/site-packages/airflow/example_dags/example_skip_dag.py
[2026-04-21T09:38:54.775+0000] {processor.py:840} INFO - DAG(s) 'example_skip_dag' retrieved from /home/airflow/.local/lib/python3.8/site-packages/airflow/example_dags/example_skip_dag.py
[2026-04-21T09:38:54.789+0000] {logging_mixin.py:188} INFO - [2026-04-21T09:38:54.789+0000] {dag.py:3036} INFO - Sync 1 DAGs
[2026-04-21T09:38:54.803+0000] {logging_mixin.py:188} INFO - [2026-04-21T09:38:54.803+0000] {dag.py:3823} INFO - Setting next_dagrun for example_skip_dag to 2026-04-20 00:00:00+00:00, run_after=2026-04-21 00:00:00+00:00
[2026-04-21T09:38:54.813+0000] {processor.py:183} INFO - Processing /home/airflow/.local/lib/python3.8/site-packages/airflow/example_dags/example_skip_dag.py took 0.056 seconds
[2026-04-21T09:39:25.517+0000] {processor.py:161} INFO - Started process (PID=29817) to work on /home/airflow/.local/lib/python3.8/site-packages/airflow/example_dags/example_skip_dag.py
[2026-04-21T09:39:25.526+0000] {processor.py:830} INFO - Processing file /home/airflow/.local/lib/python3.8/site-packages/airflow/example_dags/example_skip_dag.py for tasks to queue
[2026-04-21T09:39:25.527+0000] {logging_mixin.py:188} INFO - [2026-04-21T09:39:25.527+0000] {dagbag.py:538} INFO - Filling up the DagBag from /home/airflow/.local/lib/python3.8/site-packages/airflow/example_dags/example_skip_dag.py
[2026-04-21T09:39:25.534+0000] {processor.py:840} INFO - DAG(s) 'example_skip_dag' retrieved from /home/airflow/.local/lib/python3.8/site-packages/airflow/example_dags/example_skip_dag.py
[2026-04-21T09:39:25.548+0000] {logging_mixin.py:188} INFO - [2026-04-21T09:39:25.548+0000] {dag.py:3036} INFO - Sync 1 DAGs
[2026-04-21T09:39:25.562+0000] {logging_mixin.py:188} INFO - [2026-04-21T09:39:25.562+0000] {dag.py:3823} INFO - Setting next_dagrun for example_skip_dag to 2026-04-20 00:00:00+00:00, run_after=2026-04-21 00:00:00+00:00
[2026-04-21T09:39:25.572+0000] {processor.py:183} INFO - Processing /home/airflow/.local/lib/python3.8/site-packages/airflow/example_dags/example_skip_dag.py took 0.058 seconds
[2026-04-21T09:39:56.190+0000] {processor.py:161} INFO - Started process (PID=29872) to work on /home/airflow/.local/lib/python3.8/site-packages/airflow/example_dags/example_skip_dag.py
[2026-04-21T09:39:56.198+0000] {processor.py:830} INFO - Processing file /home/airflow/.local/lib/python3.8/site-packages/airflow/example_dags/example_skip_dag.py for tasks to queue
[2026-04-21T09:39:56.199+0000] {logging_mixin.py:188} INFO - [2026-04-21T09:39:56.199+0000] {dagbag.py:538} INFO - Filling up the DagBag from /home/airflow/.local/lib/python3.8/site-packages/airflow/example_dags/example_skip_dag.py
[2026-04-21T09:39:56.204+0000] {processor.py:840} INFO - DAG(s) 'example_skip_dag' retrieved from /home/airflow/.local/lib/python3.8/site-packages/airflow/example_dags/example_skip_dag.py
[2026-04-21T09:39:56.218+0000] {logging_mixin.py:188} INFO - [2026-04-21T09:39:56.218+0000] {dag.py:3036} INFO - Sync 1 DAGs
[2026-04-21T09:39:56.233+0000] {logging_mixin.py:188} INFO - [2026-04-21T09:39:56.233+0000] {dag.py:3823} INFO - Setting next_dagrun for example_skip_dag to 2026-04-20 00:00:00+00:00, run_after=2026-04-21 00:00:00+00:00
[2026-04-21T09:39:56.245+0000] {processor.py:183} INFO - Processing /home/airflow/.local/lib/python3.8/site-packages/airflow/example_dags/example_skip_dag.py took 0.058 seconds
[2026-04-21T09:40:26.811+0000] {processor.py:161} INFO - Started process (PID=29927) to work on /home/airflow/.local/lib/python3.8/site-packages/airflow/example_dags/example_skip_dag.py
[2026-04-21T09:40:26.820+0000] {processor.py:830} INFO - Processing file /home/airflow/.local/lib/python3.8/site-packages/airflow/example_dags/example_skip_dag.py for tasks to queue
[2026-04-21T09:40:26.820+0000] {logging_mixin.py:188} INFO - [2026-04-21T09:40:26.820+0000] {dagbag.py:538} INFO - Filling up the DagBag from /home/airflow/.local/lib/python3.8/site-packages/airflow/example_dags/example_skip_dag.py
[2026-04-21T09:40:26.825+0000] {processor.py:840} INFO - DAG(s) 'example_skip_dag' retrieved from /home/airflow/.local/lib/python3.8/site-packages/airflow/example_dags/example_skip_dag.py
[2026-04-21T09:40:26.839+0000] {logging_mixin.py:188} INFO - [2026-04-21T09:40:26.839+0000] {dag.py:3036} INFO - Sync 1 DAGs
[2026-04-21T09:40:26.853+0000] {logging_mixin.py:188} INFO - [2026-04-21T09:40:26.853+0000] {dag.py:3823} INFO - Setting next_dagrun for example_skip_dag to 2026-04-20 00:00:00+00:00, run_after=2026-04-21 00:00:00+00:00
[2026-04-21T09:40:26.864+0000] {processor.py:183} INFO - Processing /home/airflow/.local/lib/python3.8/site-packages/airflow/example_dags/example_skip_dag.py took 0.055 seconds
[2026-04-21T09:40:57.522+0000] {processor.py:161} INFO - Started process (PID=29982) to work on /home/airflow/.local/lib/python3.8/site-packages/airflow/example_dags/example_skip_dag.py
[2026-04-21T09:40:57.531+0000] {processor.py:830} INFO - Processing file /home/airflow/.local/lib/python3.8/site-packages/airflow/example_dags/example_skip_dag.py for tasks to queue
[2026-04-21T09:40:57.532+0000] {logging_mixin.py:188} INFO - [2026-04-21T09:40:57.531+0000] {dagbag.py:538} INFO - Filling up the DagBag from /home/airflow/.local/lib/python3.8/site-packages/airflow/example_dags/example_skip_dag.py
[2026-04-21T09:40:57.536+0000] {processor.py:840} INFO - DAG(s) 'example_skip_dag' retrieved from /home/airflow/.local/lib/python3.8/site-packages/airflow/example_dags/example_skip_dag.py
[2026-04-21T09:40:57.551+0000] {logging_mixin.py:188} INFO - [2026-04-21T09:40:57.551+0000] {dag.py:3036} INFO - Sync 1 DAGs
[2026-04-21T09:40:57.566+0000] {logging_mixin.py:188} INFO - [2026-04-21T09:40:57.566+0000] {dag.py:3823} INFO - Setting next_dagrun for example_skip_dag to 2026-04-20 00:00:00+00:00, run_after=2026-04-21 00:00:00+00:00
[2026-04-21T09:40:57.576+0000] {processor.py:183} INFO - Processing /home/airflow/.local/lib/python3.8/site-packages/airflow/example_dags/example_skip_dag.py took 0.058 seconds
[2026-04-21T09:41:28.266+0000] {processor.py:161} INFO - Started process (PID=30037) to work on /home/airflow/.local/lib/python3.8/site-packages/airflow/example_dags/example_skip_dag.py
[2026-04-21T09:41:28.275+0000] {processor.py:830} INFO - Processing file /home/airflow/.local/lib/python3.8/site-packages/airflow/example_dags/example_skip_dag.py for tasks to queue
[2026-04-21T09:41:28.276+0000] {logging_mixin.py:188} INFO - [2026-04-21T09:41:28.275+0000] {dagbag.py:538} INFO - Filling up the DagBag from /home/airflow/.local/lib/python3.8/site-packages/airflow/example_dags/example_skip_dag.py
[2026-04-21T09:41:28.282+0000] {processor.py:840} INFO - DAG(s) 'example_skip_dag' retrieved from /home/airflow/.local/lib/python3.8/site-packages/airflow/example_dags/example_skip_dag.py
[2026-04-21T09:41:28.301+0000] {logging_mixin.py:188} INFO - [2026-04-21T09:41:28.301+0000] {dag.py:3036} INFO - Sync 1 DAGs
[2026-04-21T09:41:28.317+0000] {logging_mixin.py:188} INFO - [2026-04-21T09:41:28.317+0000] {dag.py:3823} INFO - Setting next_dagrun for example_skip_dag to 2026-04-20 00:00:00+00:00, run_after=2026-04-21 00:00:00+00:00
[2026-04-21T09:41:28.331+0000] {processor.py:183} INFO - Processing /home/airflow/.local/lib/python3.8/site-packages/airflow/example_dags/example_skip_dag.py took 0.067 seconds
[2026-04-21T09:41:58.934+0000] {processor.py:161} INFO - Started process (PID=30092) to work on /home/airflow/.local/lib/python3.8/site-packages/airflow/example_dags/example_skip_dag.py
[2026-04-21T09:41:58.936+0000] {processor.py:830} INFO - Processing file /home/airflow/.local/lib/python3.8/site-packages/airflow/example_dags/example_skip_dag.py for tasks to queue
[2026-04-21T09:41:58.936+0000] {logging_mixin.py:188} INFO - [2026-04-21T09:41:58.936+0000] {dagbag.py:538} INFO - Filling up the DagBag from /home/airflow/.local/lib/python3.8/site-packages/airflow/example_dags/example_skip_dag.py
[2026-04-21T09:41:58.942+0000] {processor.py:840} INFO - DAG(s) 'example_skip_dag' retrieved from /home/airflow/.local/lib/python3.8/site-packages/airflow/example_dags/example_skip_dag.py
[2026-04-21T09:41:58.973+0000] {logging_mixin.py:188} INFO - [2026-04-21T09:41:58.973+0000] {dag.py:3036} INFO - Sync 1 DAGs
[2026-04-21T09:41:58.992+0000] {logging_mixin.py:188} INFO - [2026-04-21T09:41:58.991+0000] {dag.py:3823} INFO - Setting next_dagrun for example_skip_dag to 2026-04-20 00:00:00+00:00, run_after=2026-04-21 00:00:00+00:00
[2026-04-21T09:41:59.005+0000] {processor.py:183} INFO - Processing /home/airflow/.local/lib/python3.8/site-packages/airflow/example_dags/example_skip_dag.py took 0.075 seconds
[2026-04-21T09:42:29.422+0000] {processor.py:161} INFO - Started process (PID=30147) to work on /home/airflow/.local/lib/python3.8/site-packages/airflow/example_dags/example_skip_dag.py
[2026-04-21T09:42:29.423+0000] {processor.py:830} INFO - Processing file /home/airflow/.local/lib/python3.8/site-packages/airflow/example_dags/example_skip_dag.py for tasks to queue
[2026-04-21T09:42:29.423+0000] {logging_mixin.py:188} INFO - [2026-04-21T09:42:29.423+0000] {dagbag.py:538} INFO - Filling up the DagBag from /home/airflow/.local/lib/python3.8/site-packages/airflow/example_dags/example_skip_dag.py
[2026-04-21T09:42:29.428+0000] {processor.py:840} INFO - DAG(s) 'example_skip_dag' retrieved from /home/airflow/.local/lib/python3.8/site-packages/airflow/example_dags/example_skip_dag.py
[2026-04-21T09:42:29.443+0000] {logging_mixin.py:188} INFO - [2026-04-21T09:42:29.443+0000] {dag.py:3036} INFO - Sync 1 DAGs
[2026-04-21T09:42:29.458+0000] {logging_mixin.py:188} INFO - [2026-04-21T09:42:29.457+0000] {dag.py:3823} INFO - Setting next_dagrun for example_skip_dag to 2026-04-20 00:00:00+00:00, run_after=2026-04-21 00:00:00+00:00
[2026-04-21T09:42:29.469+0000] {processor.py:183} INFO - Processing /home/airflow/.local/lib/python3.8/site-packages/airflow/example_dags/example_skip_dag.py took 0.050 seconds
[2026-04-21T09:43:00.058+0000] {processor.py:161} INFO - Started process (PID=30202) to work on /home/airflow/.local/lib/python3.8/site-packages/airflow/example_dags/example_skip_dag.py
[2026-04-21T09:43:00.060+0000] {processor.py:830} INFO - Processing file /home/airflow/.local/lib/python3.8/site-packages/airflow/example_dags/example_skip_dag.py for tasks to queue
[2026-04-21T09:43:00.061+0000] {logging_mixin.py:188} INFO - [2026-04-21T09:43:00.061+0000] {dagbag.py:538} INFO - Filling up the DagBag from /home/airflow/.local/lib/python3.8/site-packages/airflow/example_dags/example_skip_dag.py
[2026-04-21T09:43:00.067+0000] {processor.py:840} INFO - DAG(s) 'example_skip_dag' retrieved from /home/airflow/.local/lib/python3.8/site-packages/airflow/example_dags/example_skip_dag.py
[2026-04-21T09:43:00.112+0000] {logging_mixin.py:188} INFO - [2026-04-21T09:43:00.112+0000] {dag.py:3036} INFO - Sync 1 DAGs
[2026-04-21T09:43:00.127+0000] {logging_mixin.py:188} INFO - [2026-04-21T09:43:00.127+0000] {dag.py:3823} INFO - Setting next_dagrun for example_skip_dag to 2026-04-20 00:00:00+00:00, run_after=2026-04-21 00:00:00+00:00
[2026-04-21T09:43:00.138+0000] {processor.py:183} INFO - Processing /home/airflow/.local/lib/python3.8/site-packages/airflow/example_dags/example_skip_dag.py took 0.082 seconds
[2026-04-21T09:43:30.801+0000] {processor.py:161} INFO - Started process (PID=30257) to work on /home/airflow/.local/lib/python3.8/site-packages/airflow/example_dags/example_skip_dag.py
[2026-04-21T09:43:30.803+0000] {processor.py:830} INFO - Processing file /home/airflow/.local/lib/python3.8/site-packages/airflow/example_dags/example_skip_dag.py for tasks to queue
[2026-04-21T09:43:30.803+0000] {logging_mixin.py:188} INFO - [2026-04-21T09:43:30.803+0000] {dagbag.py:538} INFO - Filling up the DagBag from /home/airflow/.local/lib/python3.8/site-packages/airflow/example_dags/example_skip_dag.py
[2026-04-21T09:43:30.809+0000] {processor.py:840} INFO - DAG(s) 'example_skip_dag' retrieved from /home/airflow/.local/lib/python3.8/site-packages/airflow/example_dags/example_skip_dag.py
[2026-04-21T09:43:30.828+0000] {logging_mixin.py:188} INFO - [2026-04-21T09:43:30.828+0000] {dag.py:3036} INFO - Sync 1 DAGs
[2026-04-21T09:43:30.957+0000] {logging_mixin.py:188} INFO - [2026-04-21T09:43:30.956+0000] {dag.py:3823} INFO - Setting next_dagrun for example_skip_dag to 2026-04-20 00:00:00+00:00, run_after=2026-04-21 00:00:00+00:00
[2026-04-21T09:43:30.967+0000] {processor.py:183} INFO - Processing /home/airflow/.local/lib/python3.8/site-packages/airflow/example_dags/example_skip_dag.py took 0.169 seconds
[2026-04-21T09:44:01.232+0000] {processor.py:161} INFO - Started process (PID=30312) to work on /home/airflow/.local/lib/python3.8/site-packages/airflow/example_dags/example_skip_dag.py
[2026-04-21T09:44:01.233+0000] {processor.py:830} INFO - Processing file /home/airflow/.local/lib/python3.8/site-packages/airflow/example_dags/example_skip_dag.py for tasks to queue
[2026-04-21T09:44:01.234+0000] {logging_mixin.py:188} INFO - [2026-04-21T09:44:01.233+0000] {dagbag.py:538} INFO - Filling up the DagBag from /home/airflow/.local/lib/python3.8/site-packages/airflow/example_dags/example_skip_dag.py
[2026-04-21T09:44:01.240+0000] {processor.py:840} INFO - DAG(s) 'example_skip_dag' retrieved from /home/airflow/.local/lib/python3.8/site-packages/airflow/example_dags/example_skip_dag.py
[2026-04-21T09:44:01.263+0000] {logging_mixin.py:188} INFO - [2026-04-21T09:44:01.263+0000] {dag.py:3036} INFO - Sync 1 DAGs
[2026-04-21T09:44:01.286+0000] {logging_mixin.py:188} INFO - [2026-04-21T09:44:01.286+0000] {dag.py:3823} INFO - Setting next_dagrun for example_skip_dag to 2026-04-20 00:00:00+00:00, run_after=2026-04-21 00:00:00+00:00
[2026-04-21T09:44:01.304+0000] {processor.py:183} INFO - Processing /home/airflow/.local/lib/python3.8/site-packages/airflow/example_dags/example_skip_dag.py took 0.075 seconds
[2026-04-21T09:44:31.404+0000] {processor.py:161} INFO - Started process (PID=30367) to work on /home/airflow/.local/lib/python3.8/site-packages/airflow/example_dags/example_skip_dag.py
[2026-04-21T09:44:31.407+0000] {processor.py:830} INFO - Processing file /home/airflow/.local/lib/python3.8/site-packages/airflow/example_dags/example_skip_dag.py for tasks to queue
[2026-04-21T09:44:31.412+0000] {logging_mixin.py:188} INFO - [2026-04-21T09:44:31.407+0000] {dagbag.py:538} INFO - Filling up the DagBag from /home/airflow/.local/lib/python3.8/site-packages/airflow/example_dags/example_skip_dag.py
[2026-04-21T09:44:31.428+0000] {processor.py:840} INFO - DAG(s) 'example_skip_dag' retrieved from /home/airflow/.local/lib/python3.8/site-packages/airflow/example_dags/example_skip_dag.py
[2026-04-21T09:44:31.544+0000] {logging_mixin.py:188} INFO - [2026-04-21T09:44:31.544+0000] {dag.py:3036} INFO - Sync 1 DAGs
[2026-04-21T09:44:31.565+0000] {logging_mixin.py:188} INFO - [2026-04-21T09:44:31.565+0000] {dag.py:3823} INFO - Setting next_dagrun for example_skip_dag to 2026-04-20 00:00:00+00:00, run_after=2026-04-21 00:00:00+00:00
[2026-04-21T09:44:31.577+0000] {processor.py:183} INFO - Processing /home/airflow/.local/lib/python3.8/site-packages/airflow/example_dags/example_skip_dag.py took 0.179 seconds
[2026-04-21T09:45:01.719+0000] {processor.py:161} INFO - Started process (PID=30423) to work on /home/airflow/.local/lib/python3.8/site-packages/airflow/example_dags/example_skip_dag.py
[2026-04-21T09:45:01.720+0000] {processor.py:830} INFO - Processing file /home/airflow/.local/lib/python3.8/site-packages/airflow/example_dags/example_skip_dag.py for tasks to queue
[2026-04-21T09:45:01.720+0000] {logging_mixin.py:188} INFO - [2026-04-21T09:45:01.720+0000] {dagbag.py:538} INFO - Filling up the DagBag from /home/airflow/.local/lib/python3.8/site-packages/airflow/example_dags/example_skip_dag.py
[2026-04-21T09:45:01.726+0000] {processor.py:840} INFO - DAG(s) 'example_skip_dag' retrieved from /home/airflow/.local/lib/python3.8/site-packages/airflow/example_dags/example_skip_dag.py
[2026-04-21T09:45:01.741+0000] {logging_mixin.py:188} INFO - [2026-04-21T09:45:01.741+0000] {dag.py:3036} INFO - Sync 1 DAGs
[2026-04-21T09:45:01.758+0000] {logging_mixin.py:188} INFO - [2026-04-21T09:45:01.758+0000] {dag.py:3823} INFO - Setting next_dagrun for example_skip_dag to 2026-04-20 00:00:00+00:00, run_after=2026-04-21 00:00:00+00:00
[2026-04-21T09:45:01.769+0000] {processor.py:183} INFO - Processing /home/airflow/.local/lib/python3.8/site-packages/airflow/example_dags/example_skip_dag.py took 0.052 seconds
[2026-04-21T09:45:31.983+0000] {processor.py:161} INFO - Started process (PID=30477) to work on /home/airflow/.local/lib/python3.8/site-packages/airflow/example_dags/example_skip_dag.py
[2026-04-21T09:45:31.985+0000] {processor.py:830} INFO - Processing file /home/airflow/.local/lib/python3.8/site-packages/airflow/example_dags/example_skip_dag.py for tasks to queue
[2026-04-21T09:45:31.988+0000] {logging_mixin.py:188} INFO - [2026-04-21T09:45:31.986+0000] {dagbag.py:538} INFO - Filling up the DagBag from /home/airflow/.local/lib/python3.8/site-packages/airflow/example_dags/example_skip_dag.py
[2026-04-21T09:45:32.000+0000] {processor.py:840} INFO - DAG(s) 'example_skip_dag' retrieved from /home/airflow/.local/lib/python3.8/site-packages/airflow/example_dags/example_skip_dag.py
[2026-04-21T09:45:32.084+0000] {logging_mixin.py:188} INFO - [2026-04-21T09:45:32.083+0000] {dag.py:3036} INFO - Sync 1 DAGs
[2026-04-21T09:45:32.424+0000] {logging_mixin.py:188} INFO - [2026-04-21T09:45:32.414+0000] {dag.py:3823} INFO - Setting next_dagrun for example_skip_dag to 2026-04-20 00:00:00+00:00, run_after=2026-04-21 00:00:00+00:00
[2026-04-21T09:45:32.577+0000] {processor.py:183} INFO - Processing /home/airflow/.local/lib/python3.8/site-packages/airflow/example_dags/example_skip_dag.py took 0.600 seconds
[2026-04-21T09:46:03.407+0000] {processor.py:161} INFO - Started process (PID=30532) to work on /home/airflow/.local/lib/python3.8/site-packages/airflow/example_dags/example_skip_dag.py
[2026-04-21T09:46:03.409+0000] {processor.py:830} INFO - Processing file /home/airflow/.local/lib/python3.8/site-packages/airflow/example_dags/example_skip_dag.py for tasks to queue
[2026-04-21T09:46:03.409+0000] {logging_mixin.py:188} INFO - [2026-04-21T09:46:03.409+0000] {dagbag.py:538} INFO - Filling up the DagBag from /home/airflow/.local/lib/python3.8/site-packages/airflow/example_dags/example_skip_dag.py
[2026-04-21T09:46:03.415+0000] {processor.py:840} INFO - DAG(s) 'example_skip_dag' retrieved from /home/airflow/.local/lib/python3.8/site-packages/airflow/example_dags/example_skip_dag.py
[2026-04-21T09:46:03.434+0000] {logging_mixin.py:188} INFO - [2026-04-21T09:46:03.434+0000] {dag.py:3036} INFO - Sync 1 DAGs
[2026-04-21T09:46:03.449+0000] {logging_mixin.py:188} INFO - [2026-04-21T09:46:03.449+0000] {dag.py:3823} INFO - Setting next_dagrun for example_skip_dag to 2026-04-20 00:00:00+00:00, run_after=2026-04-21 00:00:00+00:00
[2026-04-21T09:46:03.575+0000] {processor.py:183} INFO - Processing /home/airflow/.local/lib/python3.8/site-packages/airflow/example_dags/example_skip_dag.py took 0.171 seconds
[2026-04-21T09:46:34.431+0000] {processor.py:161} INFO - Started process (PID=30587) to work on /home/airflow/.local/lib/python3.8/site-packages/airflow/example_dags/example_skip_dag.py
[2026-04-21T09:46:34.433+0000] {processor.py:830} INFO - Processing file /home/airflow/.local/lib/python3.8/site-packages/airflow/example_dags/example_skip_dag.py for tasks to queue
[2026-04-21T09:46:34.435+0000] {logging_mixin.py:188} INFO - [2026-04-21T09:46:34.434+0000] {dagbag.py:538} INFO - Filling up the DagBag from /home/airflow/.local/lib/python3.8/site-packages/airflow/example_dags/example_skip_dag.py
[2026-04-21T09:46:34.442+0000] {processor.py:840} INFO - DAG(s) 'example_skip_dag' retrieved from /home/airflow/.local/lib/python3.8/site-packages/airflow/example_dags/example_skip_dag.py
[2026-04-21T09:46:34.488+0000] {logging_mixin.py:188} INFO - [2026-04-21T09:46:34.488+0000] {dag.py:3036} INFO - Sync 1 DAGs
[2026-04-21T09:46:34.506+0000] {logging_mixin.py:188} INFO - [2026-04-21T09:46:34.506+0000] {dag.py:3823} INFO - Setting next_dagrun for example_skip_dag to 2026-04-20 00:00:00+00:00, run_after=2026-04-21 00:00:00+00:00
[2026-04-21T09:46:34.517+0000] {processor.py:183} INFO - Processing /home/airflow/.local/lib/python3.8/site-packages/airflow/example_dags/example_skip_dag.py took 0.090 seconds
[2026-04-21T09:47:05.283+0000] {processor.py:161} INFO - Started process (PID=30642) to work on /home/airflow/.local/lib/python3.8/site-packages/airflow/example_dags/example_skip_dag.py
[2026-04-21T09:47:05.284+0000] {processor.py:830} INFO - Processing file /home/airflow/.local/lib/python3.8/site-packages/airflow/example_dags/example_skip_dag.py for tasks to queue
[2026-04-21T09:47:05.285+0000] {logging_mixin.py:188} INFO - [2026-04-21T09:47:05.285+0000] {dagbag.py:538} INFO - Filling up the DagBag from /home/airflow/.local/lib/python3.8/site-packages/airflow/example_dags/example_skip_dag.py
[2026-04-21T09:47:05.290+0000] {processor.py:840} INFO - DAG(s) 'example_skip_dag' retrieved from /home/airflow/.local/lib/python3.8/site-packages/airflow/example_dags/example_skip_dag.py
[2026-04-21T09:47:05.305+0000] {logging_mixin.py:188} INFO - [2026-04-21T09:47:05.305+0000] {dag.py:3036} INFO - Sync 1 DAGs
[2026-04-21T09:47:05.320+0000] {logging_mixin.py:188} INFO - [2026-04-21T09:47:05.320+0000] {dag.py:3823} INFO - Setting next_dagrun for example_skip_dag to 2026-04-20 00:00:00+00:00, run_after=2026-04-21 00:00:00+00:00
[2026-04-21T09:47:05.331+0000] {processor.py:183} INFO - Processing /home/airflow/.local/lib/python3.8/site-packages/airflow/example_dags/example_skip_dag.py took 0.051 seconds
[2026-04-21T09:47:35.450+0000] {processor.py:161} INFO - Started process (PID=30697) to work on /home/airflow/.local/lib/python3.8/site-packages/airflow/example_dags/example_skip_dag.py
[2026-04-21T09:47:35.451+0000] {processor.py:830} INFO - Processing file /home/airflow/.local/lib/python3.8/site-packages/airflow/example_dags/example_skip_dag.py for tasks to queue
[2026-04-21T09:47:35.452+0000] {logging_mixin.py:188} INFO - [2026-04-21T09:47:35.452+0000] {dagbag.py:538} INFO - Filling up the DagBag from /home/airflow/.local/lib/python3.8/site-packages/airflow/example_dags/example_skip_dag.py
[2026-04-21T09:47:35.457+0000] {processor.py:840} INFO - DAG(s) 'example_skip_dag' retrieved from /home/airflow/.local/lib/python3.8/site-packages/airflow/example_dags/example_skip_dag.py
[2026-04-21T09:47:35.471+0000] {logging_mixin.py:188} INFO - [2026-04-21T09:47:35.471+0000] {dag.py:3036} INFO - Sync 1 DAGs
[2026-04-21T09:47:35.485+0000] {logging_mixin.py:188} INFO - [2026-04-21T09:47:35.485+0000] {dag.py:3823} INFO - Setting next_dagrun for example_skip_dag to 2026-04-20 00:00:00+00:00, run_after=2026-04-21 00:00:00+00:00
[2026-04-21T09:47:35.495+0000] {processor.py:183} INFO - Processing /home/airflow/.local/lib/python3.8/site-packages/airflow/example_dags/example_skip_dag.py took 0.049 seconds
[2026-04-21T09:48:05.620+0000] {processor.py:161} INFO - Started process (PID=30752) to work on /home/airflow/.local/lib/python3.8/site-packages/airflow/example_dags/example_skip_dag.py
[2026-04-21T09:48:05.630+0000] {processor.py:830} INFO - Processing file /home/airflow/.local/lib/python3.8/site-packages/airflow/example_dags/example_skip_dag.py for tasks to queue
[2026-04-21T09:48:05.630+0000] {logging_mixin.py:188} INFO - [2026-04-21T09:48:05.630+0000] {dagbag.py:538} INFO - Filling up the DagBag from /home/airflow/.local/lib/python3.8/site-packages/airflow/example_dags/example_skip_dag.py
[2026-04-21T09:48:05.635+0000] {processor.py:840} INFO - DAG(s) 'example_skip_dag' retrieved from /home/airflow/.local/lib/python3.8/site-packages/airflow/example_dags/example_skip_dag.py
[2026-04-21T09:48:05.650+0000] {logging_mixin.py:188} INFO - [2026-04-21T09:48:05.650+0000] {dag.py:3036} INFO - Sync 1 DAGs
[2026-04-21T09:48:05.664+0000] {logging_mixin.py:188} INFO - [2026-04-21T09:48:05.664+0000] {dag.py:3823} INFO - Setting next_dagrun for example_skip_dag to 2026-04-20 00:00:00+00:00, run_after=2026-04-21 00:00:00+00:00
[2026-04-21T09:48:05.674+0000] {processor.py:183} INFO - Processing /home/airflow/.local/lib/python3.8/site-packages/airflow/example_dags/example_skip_dag.py took 0.057 seconds
[2026-04-21T09:48:36.317+0000] {processor.py:161} INFO - Started process (PID=30807) to work on /home/airflow/.local/lib/python3.8/site-packages/airflow/example_dags/example_skip_dag.py
[2026-04-21T09:48:36.318+0000] {processor.py:830} INFO - Processing file /home/airflow/.local/lib/python3.8/site-packages/airflow/example_dags/example_skip_dag.py for tasks to queue
[2026-04-21T09:48:36.318+0000] {logging_mixin.py:188} INFO - [2026-04-21T09:48:36.318+0000] {dagbag.py:538} INFO - Filling up the DagBag from /home/airflow/.local/lib/python3.8/site-packages/airflow/example_dags/example_skip_dag.py
[2026-04-21T09:48:36.323+0000] {processor.py:840} INFO - DAG(s) 'example_skip_dag' retrieved from /home/airflow/.local/lib/python3.8/site-packages/airflow/example_dags/example_skip_dag.py
[2026-04-21T09:48:36.338+0000] {logging_mixin.py:188} INFO - [2026-04-21T09:48:36.338+0000] {dag.py:3036} INFO - Sync 1 DAGs
[2026-04-21T09:48:36.351+0000] {logging_mixin.py:188} INFO - [2026-04-21T09:48:36.351+0000] {dag.py:3823} INFO - Setting next_dagrun for example_skip_dag to 2026-04-20 00:00:00+00:00, run_after=2026-04-21 00:00:00+00:00
[2026-04-21T09:48:36.361+0000] {processor.py:183} INFO - Processing /home/airflow/.local/lib/python3.8/site-packages/airflow/example_dags/example_skip_dag.py took 0.047 seconds
[2026-04-21T09:49:06.882+0000] {processor.py:161} INFO - Started process (PID=30862) to work on /home/airflow/.local/lib/python3.8/site-packages/airflow/example_dags/example_skip_dag.py
[2026-04-21T09:49:06.891+0000] {processor.py:830} INFO - Processing file /home/airflow/.local/lib/python3.8/site-packages/airflow/example_dags/example_skip_dag.py for tasks to queue
[2026-04-21T09:49:06.892+0000] {logging_mixin.py:188} INFO - [2026-04-21T09:49:06.892+0000] {dagbag.py:538} INFO - Filling up the DagBag from /home/airflow/.local/lib/python3.8/site-packages/airflow/example_dags/example_skip_dag.py
[2026-04-21T09:49:06.897+0000] {processor.py:840} INFO - DAG(s) 'example_skip_dag' retrieved from /home/airflow/.local/lib/python3.8/site-packages/airflow/example_dags/example_skip_dag.py
[2026-04-21T09:49:06.912+0000] {logging_mixin.py:188} INFO - [2026-04-21T09:49:06.912+0000] {dag.py:3036} INFO - Sync 1 DAGs
[2026-04-21T09:49:06.927+0000] {logging_mixin.py:188} INFO - [2026-04-21T09:49:06.927+0000] {dag.py:3823} INFO - Setting next_dagrun for example_skip_dag to 2026-04-20 00:00:00+00:00, run_after=2026-04-21 00:00:00+00:00
[2026-04-21T09:49:06.940+0000] {processor.py:183} INFO - Processing /home/airflow/.local/lib/python3.8/site-packages/airflow/example_dags/example_skip_dag.py took 0.061 seconds
[2026-04-21T09:49:37.851+0000] {processor.py:161} INFO - Started process (PID=30917) to work on /home/airflow/.local/lib/python3.8/site-packages/airflow/example_dags/example_skip_dag.py
[2026-04-21T09:49:37.853+0000] {processor.py:830} INFO - Processing file /home/airflow/.local/lib/python3.8/site-packages/airflow/example_dags/example_skip_dag.py for tasks to queue
[2026-04-21T09:49:37.854+0000] {logging_mixin.py:188} INFO - [2026-04-21T09:49:37.854+0000] {dagbag.py:538} INFO - Filling up the DagBag from /home/airflow/.local/lib/python3.8/site-packages/airflow/example_dags/example_skip_dag.py
[2026-04-21T09:49:37.866+0000] {processor.py:840} INFO - DAG(s) 'example_skip_dag' retrieved from /home/airflow/.local/lib/python3.8/site-packages/airflow/example_dags/example_skip_dag.py
[2026-04-21T09:49:37.906+0000] {logging_mixin.py:188} INFO - [2026-04-21T09:49:37.905+0000] {dag.py:3036} INFO - Sync 1 DAGs
[2026-04-21T09:49:37.930+0000] {logging_mixin.py:188} INFO - [2026-04-21T09:49:37.930+0000] {dag.py:3823} INFO - Setting next_dagrun for example_skip_dag to 2026-04-20 00:00:00+00:00, run_after=2026-04-21 00:00:00+00:00
[2026-04-21T09:49:37.947+0000] {processor.py:183} INFO - Processing /home/airflow/.local/lib/python3.8/site-packages/airflow/example_dags/example_skip_dag.py took 0.100 seconds
[2026-04-21T09:50:08.103+0000] {processor.py:161} INFO - Started process (PID=30972) to work on /home/airflow/.local/lib/python3.8/site-packages/airflow/example_dags/example_skip_dag.py
[2026-04-21T09:50:08.104+0000] {processor.py:830} INFO - Processing file /home/airflow/.local/lib/python3.8/site-packages/airflow/example_dags/example_skip_dag.py for tasks to queue
[2026-04-21T09:50:08.105+0000] {logging_mixin.py:188} INFO - [2026-04-21T09:50:08.105+0000] {dagbag.py:538} INFO - Filling up the DagBag from /home/airflow/.local/lib/python3.8/site-packages/airflow/example_dags/example_skip_dag.py
[2026-04-21T09:50:08.110+0000] {processor.py:840} INFO - DAG(s) 'example_skip_dag' retrieved from /home/airflow/.local/lib/python3.8/site-packages/airflow/example_dags/example_skip_dag.py
[2026-04-21T09:50:08.126+0000] {logging_mixin.py:188} INFO - [2026-04-21T09:50:08.125+0000] {dag.py:3036} INFO - Sync 1 DAGs
[2026-04-21T09:50:08.139+0000] {logging_mixin.py:188} INFO - [2026-04-21T09:50:08.139+0000] {dag.py:3823} INFO - Setting next_dagrun for example_skip_dag to 2026-04-20 00:00:00+00:00, run_after=2026-04-21 00:00:00+00:00
[2026-04-21T09:50:08.149+0000] {processor.py:183} INFO - Processing /home/airflow/.local/lib/python3.8/site-packages/airflow/example_dags/example_skip_dag.py took 0.049 seconds
[2026-04-21T09:50:38.820+0000] {processor.py:161} INFO - Started process (PID=31033) to work on /home/airflow/.local/lib/python3.8/site-packages/airflow/example_dags/example_skip_dag.py
[2026-04-21T09:50:38.822+0000] {processor.py:830} INFO - Processing file /home/airflow/.local/lib/python3.8/site-packages/airflow/example_dags/example_skip_dag.py for tasks to queue
[2026-04-21T09:50:38.823+0000] {logging_mixin.py:188} INFO - [2026-04-21T09:50:38.822+0000] {dagbag.py:538} INFO - Filling up the DagBag from /home/airflow/.local/lib/python3.8/site-packages/airflow/example_dags/example_skip_dag.py
[2026-04-21T09:50:38.828+0000] {processor.py:840} INFO - DAG(s) 'example_skip_dag' retrieved from /home/airflow/.local/lib/python3.8/site-packages/airflow/example_dags/example_skip_dag.py
[2026-04-21T09:50:38.842+0000] {logging_mixin.py:188} INFO - [2026-04-21T09:50:38.842+0000] {dag.py:3036} INFO - Sync 1 DAGs
[2026-04-21T09:50:38.856+0000] {logging_mixin.py:188} INFO - [2026-04-21T09:50:38.856+0000] {dag.py:3823} INFO - Setting next_dagrun for example_skip_dag to 2026-04-20 00:00:00+00:00, run_after=2026-04-21 00:00:00+00:00
[2026-04-21T09:50:38.866+0000] {processor.py:183} INFO - Processing /home/airflow/.local/lib/python3.8/site-packages/airflow/example_dags/example_skip_dag.py took 0.049 seconds
[2026-04-21T09:51:09.024+0000] {processor.py:161} INFO - Started process (PID=31088) to work on /home/airflow/.local/lib/python3.8/site-packages/airflow/example_dags/example_skip_dag.py
[2026-04-21T09:51:09.025+0000] {processor.py:830} INFO - Processing file /home/airflow/.local/lib/python3.8/site-packages/airflow/example_dags/example_skip_dag.py for tasks to queue
[2026-04-21T09:51:09.026+0000] {logging_mixin.py:188} INFO - [2026-04-21T09:51:09.025+0000] {dagbag.py:538} INFO - Filling up the DagBag from /home/airflow/.local/lib/python3.8/site-packages/airflow/example_dags/example_skip_dag.py
[2026-04-21T09:51:09.030+0000] {processor.py:840} INFO - DAG(s) 'example_skip_dag' retrieved from /home/airflow/.local/lib/python3.8/site-packages/airflow/example_dags/example_skip_dag.py
[2026-04-21T09:51:09.045+0000] {logging_mixin.py:188} INFO - [2026-04-21T09:51:09.045+0000] {dag.py:3036} INFO - Sync 1 DAGs
[2026-04-21T09:51:09.058+0000] {logging_mixin.py:188} INFO - [2026-04-21T09:51:09.058+0000] {dag.py:3823} INFO - Setting next_dagrun for example_skip_dag to 2026-04-20 00:00:00+00:00, run_after=2026-04-21 00:00:00+00:00
[2026-04-21T09:51:09.068+0000] {processor.py:183} INFO - Processing /home/airflow/.local/lib/python3.8/site-packages/airflow/example_dags/example_skip_dag.py took 0.047 seconds
[2026-04-21T09:51:39.661+0000] {processor.py:161} INFO - Started process (PID=31143) to work on /home/airflow/.local/lib/python3.8/site-packages/airflow/example_dags/example_skip_dag.py
[2026-04-21T09:51:39.664+0000] {processor.py:830} INFO - Processing file /home/airflow/.local/lib/python3.8/site-packages/airflow/example_dags/example_skip_dag.py for tasks to queue
[2026-04-21T09:51:39.665+0000] {logging_mixin.py:188} INFO - [2026-04-21T09:51:39.664+0000] {dagbag.py:538} INFO - Filling up the DagBag from /home/airflow/.local/lib/python3.8/site-packages/airflow/example_dags/example_skip_dag.py
[2026-04-21T09:51:39.670+0000] {processor.py:840} INFO - DAG(s) 'example_skip_dag' retrieved from /home/airflow/.local/lib/python3.8/site-packages/airflow/example_dags/example_skip_dag.py
[2026-04-21T09:51:39.687+0000] {logging_mixin.py:188} INFO - [2026-04-21T09:51:39.687+0000] {dag.py:3036} INFO - Sync 1 DAGs
[2026-04-21T09:51:39.703+0000] {logging_mixin.py:188} INFO - [2026-04-21T09:51:39.703+0000] {dag.py:3823} INFO - Setting next_dagrun for example_skip_dag to 2026-04-20 00:00:00+00:00, run_after=2026-04-21 00:00:00+00:00
[2026-04-21T09:51:39.715+0000] {processor.py:183} INFO - Processing /home/airflow/.local/lib/python3.8/site-packages/airflow/example_dags/example_skip_dag.py took 0.057 seconds
[2026-04-21T09:52:09.862+0000] {processor.py:161} INFO - Started process (PID=31198) to work on /home/airflow/.local/lib/python3.8/site-packages/airflow/example_dags/example_skip_dag.py
[2026-04-21T09:52:09.871+0000] {processor.py:830} INFO - Processing file /home/airflow/.local/lib/python3.8/site-packages/airflow/example_dags/example_skip_dag.py for tasks to queue
[2026-04-21T09:52:09.872+0000] {logging_mixin.py:188} INFO - [2026-04-21T09:52:09.872+0000] {dagbag.py:538} INFO - Filling up the DagBag from /home/airflow/.local/lib/python3.8/site-packages/airflow/example_dags/example_skip_dag.py
[2026-04-21T09:52:09.877+0000] {processor.py:840} INFO - DAG(s) 'example_skip_dag' retrieved from /home/airflow/.local/lib/python3.8/site-packages/airflow/example_dags/example_skip_dag.py
[2026-04-21T09:52:09.891+0000] {logging_mixin.py:188} INFO - [2026-04-21T09:52:09.891+0000] {dag.py:3036} INFO - Sync 1 DAGs
[2026-04-21T09:52:09.906+0000] {logging_mixin.py:188} INFO - [2026-04-21T09:52:09.906+0000] {dag.py:3823} INFO - Setting next_dagrun for example_skip_dag to 2026-04-20 00:00:00+00:00, run_after=2026-04-21 00:00:00+00:00
[2026-04-21T09:52:09.916+0000] {processor.py:183} INFO - Processing /home/airflow/.local/lib/python3.8/site-packages/airflow/example_dags/example_skip_dag.py took 0.057 seconds
[2026-04-21T09:52:40.515+0000] {processor.py:161} INFO - Started process (PID=31253) to work on /home/airflow/.local/lib/python3.8/site-packages/airflow/example_dags/example_skip_dag.py
[2026-04-21T09:52:40.517+0000] {processor.py:830} INFO - Processing file /home/airflow/.local/lib/python3.8/site-packages/airflow/example_dags/example_skip_dag.py for tasks to queue
[2026-04-21T09:52:40.517+0000] {logging_mixin.py:188} INFO - [2026-04-21T09:52:40.517+0000] {dagbag.py:538} INFO - Filling up the DagBag from /home/airflow/.local/lib/python3.8/site-packages/airflow/example_dags/example_skip_dag.py
[2026-04-21T09:52:40.524+0000] {processor.py:840} INFO - DAG(s) 'example_skip_dag' retrieved from /home/airflow/.local/lib/python3.8/site-packages/airflow/example_dags/example_skip_dag.py
[2026-04-21T09:52:40.549+0000] {logging_mixin.py:188} INFO - [2026-04-21T09:52:40.549+0000] {dag.py:3036} INFO - Sync 1 DAGs
[2026-04-21T09:52:40.566+0000] {logging_mixin.py:188} INFO - [2026-04-21T09:52:40.566+0000] {dag.py:3823} INFO - Setting next_dagrun for example_skip_dag to 2026-04-20 00:00:00+00:00, run_after=2026-04-21 00:00:00+00:00
[2026-04-21T09:52:40.576+0000] {processor.py:183} INFO - Processing /home/airflow/.local/lib/python3.8/site-packages/airflow/example_dags/example_skip_dag.py took 0.063 seconds
[2026-04-21T09:53:10.620+0000] {processor.py:161} INFO - Started process (PID=31308) to work on /home/airflow/.local/lib/python3.8/site-packages/airflow/example_dags/example_skip_dag.py
[2026-04-21T09:53:10.621+0000] {processor.py:830} INFO - Processing file /home/airflow/.local/lib/python3.8/site-packages/airflow/example_dags/example_skip_dag.py for tasks to queue
[2026-04-21T09:53:10.622+0000] {logging_mixin.py:188} INFO - [2026-04-21T09:53:10.621+0000] {dagbag.py:538} INFO - Filling up the DagBag from /home/airflow/.local/lib/python3.8/site-packages/airflow/example_dags/example_skip_dag.py
[2026-04-21T09:53:10.626+0000] {processor.py:840} INFO - DAG(s) 'example_skip_dag' retrieved from /home/airflow/.local/lib/python3.8/site-packages/airflow/example_dags/example_skip_dag.py
[2026-04-21T09:53:10.642+0000] {logging_mixin.py:188} INFO - [2026-04-21T09:53:10.642+0000] {dag.py:3036} INFO - Sync 1 DAGs
[2026-04-21T09:53:10.656+0000] {logging_mixin.py:188} INFO - [2026-04-21T09:53:10.656+0000] {dag.py:3823} INFO - Setting next_dagrun for example_skip_dag to 2026-04-20 00:00:00+00:00, run_after=2026-04-21 00:00:00+00:00
[2026-04-21T09:53:10.666+0000] {processor.py:183} INFO - Processing /home/airflow/.local/lib/python3.8/site-packages/airflow/example_dags/example_skip_dag.py took 0.049 seconds
[2026-04-21T09:53:41.393+0000] {processor.py:161} INFO - Started process (PID=31363) to work on /home/airflow/.local/lib/python3.8/site-packages/airflow/example_dags/example_skip_dag.py
[2026-04-21T09:53:41.395+0000] {processor.py:830} INFO - Processing file /home/airflow/.local/lib/python3.8/site-packages/airflow/example_dags/example_skip_dag.py for tasks to queue
[2026-04-21T09:53:41.396+0000] {logging_mixin.py:188} INFO - [2026-04-21T09:53:41.395+0000] {dagbag.py:538} INFO - Filling up the DagBag from /home/airflow/.local/lib/python3.8/site-packages/airflow/example_dags/example_skip_dag.py
[2026-04-21T09:53:41.401+0000] {processor.py:840} INFO - DAG(s) 'example_skip_dag' retrieved from /home/airflow/.local/lib/python3.8/site-packages/airflow/example_dags/example_skip_dag.py
[2026-04-21T09:53:41.425+0000] {logging_mixin.py:188} INFO - [2026-04-21T09:53:41.425+0000] {dag.py:3036} INFO - Sync 1 DAGs
[2026-04-21T09:53:41.440+0000] {logging_mixin.py:188} INFO - [2026-04-21T09:53:41.440+0000] {dag.py:3823} INFO - Setting next_dagrun for example_skip_dag to 2026-04-20 00:00:00+00:00, run_after=2026-04-21 00:00:00+00:00
[2026-04-21T09:53:41.449+0000] {processor.py:183} INFO - Processing /home/airflow/.local/lib/python3.8/site-packages/airflow/example_dags/example_skip_dag.py took 0.059 seconds
[2026-04-21T09:54:11.597+0000] {processor.py:161} INFO - Started process (PID=31418) to work on /home/airflow/.local/lib/python3.8/site-packages/airflow/example_dags/example_skip_dag.py
[2026-04-21T09:54:11.598+0000] {processor.py:830} INFO - Processing file /home/airflow/.local/lib/python3.8/site-packages/airflow/example_dags/example_skip_dag.py for tasks to queue
[2026-04-21T09:54:11.599+0000] {logging_mixin.py:188} INFO - [2026-04-21T09:54:11.598+0000] {dagbag.py:538} INFO - Filling up the DagBag from /home/airflow/.local/lib/python3.8/site-packages/airflow/example_dags/example_skip_dag.py
[2026-04-21T09:54:11.608+0000] {processor.py:840} INFO - DAG(s) 'example_skip_dag' retrieved from /home/airflow/.local/lib/python3.8/site-packages/airflow/example_dags/example_skip_dag.py
[2026-04-21T09:54:11.641+0000] {logging_mixin.py:188} INFO - [2026-04-21T09:54:11.641+0000] {dag.py:3036} INFO - Sync 1 DAGs
[2026-04-21T09:54:11.657+0000] {logging_mixin.py:188} INFO - [2026-04-21T09:54:11.656+0000] {dag.py:3823} INFO - Setting next_dagrun for example_skip_dag to 2026-04-20 00:00:00+00:00, run_after=2026-04-21 00:00:00+00:00
[2026-04-21T09:54:11.666+0000] {processor.py:183} INFO - Processing /home/airflow/.local/lib/python3.8/site-packages/airflow/example_dags/example_skip_dag.py took 0.072 seconds
[2026-04-21T09:54:41.884+0000] {processor.py:161} INFO - Started process (PID=31473) to work on /home/airflow/.local/lib/python3.8/site-packages/airflow/example_dags/example_skip_dag.py
[2026-04-21T09:54:41.885+0000] {processor.py:830} INFO - Processing file /home/airflow/.local/lib/python3.8/site-packages/airflow/example_dags/example_skip_dag.py for tasks to queue
[2026-04-21T09:54:41.886+0000] {logging_mixin.py:188} INFO - [2026-04-21T09:54:41.886+0000] {dagbag.py:538} INFO - Filling up the DagBag from /home/airflow/.local/lib/python3.8/site-packages/airflow/example_dags/example_skip_dag.py
[2026-04-21T09:54:41.892+0000] {processor.py:840} INFO - DAG(s) 'example_skip_dag' retrieved from /home/airflow/.local/lib/python3.8/site-packages/airflow/example_dags/example_skip_dag.py
[2026-04-21T09:54:41.914+0000] {logging_mixin.py:188} INFO - [2026-04-21T09:54:41.913+0000] {dag.py:3036} INFO - Sync 1 DAGs
[2026-04-21T09:54:41.928+0000] {logging_mixin.py:188} INFO - [2026-04-21T09:54:41.927+0000] {dag.py:3823} INFO - Setting next_dagrun for example_skip_dag to 2026-04-20 00:00:00+00:00, run_after=2026-04-21 00:00:00+00:00
[2026-04-21T09:54:41.939+0000] {processor.py:183} INFO - Processing /home/airflow/.local/lib/python3.8/site-packages/airflow/example_dags/example_skip_dag.py took 0.058 seconds
[2026-04-21T09:55:12.227+0000] {processor.py:161} INFO - Started process (PID=31528) to work on /home/airflow/.local/lib/python3.8/site-packages/airflow/example_dags/example_skip_dag.py
[2026-04-21T09:55:12.229+0000] {processor.py:830} INFO - Processing file /home/airflow/.local/lib/python3.8/site-packages/airflow/example_dags/example_skip_dag.py for tasks to queue
[2026-04-21T09:55:12.230+0000] {logging_mixin.py:188} INFO - [2026-04-21T09:55:12.230+0000] {dagbag.py:538} INFO - Filling up the DagBag from /home/airflow/.local/lib/python3.8/site-packages/airflow/example_dags/example_skip_dag.py
[2026-04-21T09:55:12.236+0000] {processor.py:840} INFO - DAG(s) 'example_skip_dag' retrieved from /home/airflow/.local/lib/python3.8/site-packages/airflow/example_dags/example_skip_dag.py
[2026-04-21T09:55:12.251+0000] {logging_mixin.py:188} INFO - [2026-04-21T09:55:12.251+0000] {dag.py:3036} INFO - Sync 1 DAGs
[2026-04-21T09:55:12.265+0000] {logging_mixin.py:188} INFO - [2026-04-21T09:55:12.265+0000] {dag.py:3823} INFO - Setting next_dagrun for example_skip_dag to 2026-04-20 00:00:00+00:00, run_after=2026-04-21 00:00:00+00:00
[2026-04-21T09:55:12.275+0000] {processor.py:183} INFO - Processing /home/airflow/.local/lib/python3.8/site-packages/airflow/example_dags/example_skip_dag.py took 0.051 seconds
[2026-04-21T09:55:42.592+0000] {processor.py:161} INFO - Started process (PID=31583) to work on /home/airflow/.local/lib/python3.8/site-packages/airflow/example_dags/example_skip_dag.py
[2026-04-21T09:55:42.594+0000] {processor.py:830} INFO - Processing file /home/airflow/.local/lib/python3.8/site-packages/airflow/example_dags/example_skip_dag.py for tasks to queue
[2026-04-21T09:55:42.594+0000] {logging_mixin.py:188} INFO - [2026-04-21T09:55:42.594+0000] {dagbag.py:538} INFO - Filling up the DagBag from /home/airflow/.local/lib/python3.8/site-packages/airflow/example_dags/example_skip_dag.py
[2026-04-21T09:55:42.602+0000] {processor.py:840} INFO - DAG(s) 'example_skip_dag' retrieved from /home/airflow/.local/lib/python3.8/site-packages/airflow/example_dags/example_skip_dag.py
[2026-04-21T09:55:42.669+0000] {logging_mixin.py:188} INFO - [2026-04-21T09:55:42.669+0000] {dag.py:3036} INFO - Sync 1 DAGs
[2026-04-21T09:55:42.688+0000] {logging_mixin.py:188} INFO - [2026-04-21T09:55:42.687+0000] {dag.py:3823} INFO - Setting next_dagrun for example_skip_dag to 2026-04-20 00:00:00+00:00, run_after=2026-04-21 00:00:00+00:00
[2026-04-21T09:55:42.699+0000] {processor.py:183} INFO - Processing /home/airflow/.local/lib/python3.8/site-packages/airflow/example_dags/example_skip_dag.py took 0.111 seconds
[2026-04-21T09:56:12.784+0000] {processor.py:161} INFO - Started process (PID=31638) to work on /home/airflow/.local/lib/python3.8/site-packages/airflow/example_dags/example_skip_dag.py
[2026-04-21T09:56:12.785+0000] {processor.py:830} INFO - Processing file /home/airflow/.local/lib/python3.8/site-packages/airflow/example_dags/example_skip_dag.py for tasks to queue
[2026-04-21T09:56:12.786+0000] {logging_mixin.py:188} INFO - [2026-04-21T09:56:12.786+0000] {dagbag.py:538} INFO - Filling up the DagBag from /home/airflow/.local/lib/python3.8/site-packages/airflow/example_dags/example_skip_dag.py
[2026-04-21T09:56:12.792+0000] {processor.py:840} INFO - DAG(s) 'example_skip_dag' retrieved from /home/airflow/.local/lib/python3.8/site-packages/airflow/example_dags/example_skip_dag.py
[2026-04-21T09:56:12.806+0000] {logging_mixin.py:188} INFO - [2026-04-21T09:56:12.806+0000] {dag.py:3036} INFO - Sync 1 DAGs
[2026-04-21T09:56:12.821+0000] {logging_mixin.py:188} INFO - [2026-04-21T09:56:12.820+0000] {dag.py:3823} INFO - Setting next_dagrun for example_skip_dag to 2026-04-20 00:00:00+00:00, run_after=2026-04-21 00:00:00+00:00
[2026-04-21T09:56:12.831+0000] {processor.py:183} INFO - Processing /home/airflow/.local/lib/python3.8/site-packages/airflow/example_dags/example_skip_dag.py took 0.050 seconds
[2026-04-21T09:56:42.898+0000] {processor.py:161} INFO - Started process (PID=31694) to work on /home/airflow/.local/lib/python3.8/site-packages/airflow/example_dags/example_skip_dag.py
[2026-04-21T09:56:42.899+0000] {processor.py:830} INFO - Processing file /home/airflow/.local/lib/python3.8/site-packages/airflow/example_dags/example_skip_dag.py for tasks to queue
[2026-04-21T09:56:42.899+0000] {logging_mixin.py:188} INFO - [2026-04-21T09:56:42.899+0000] {dagbag.py:538} INFO - Filling up the DagBag from /home/airflow/.local/lib/python3.8/site-packages/airflow/example_dags/example_skip_dag.py
[2026-04-21T09:56:42.904+0000] {processor.py:840} INFO - DAG(s) 'example_skip_dag' retrieved from /home/airflow/.local/lib/python3.8/site-packages/airflow/example_dags/example_skip_dag.py
[2026-04-21T09:56:42.919+0000] {logging_mixin.py:188} INFO - [2026-04-21T09:56:42.919+0000] {dag.py:3036} INFO - Sync 1 DAGs
[2026-04-21T09:56:42.933+0000] {logging_mixin.py:188} INFO - [2026-04-21T09:56:42.933+0000] {dag.py:3823} INFO - Setting next_dagrun for example_skip_dag to 2026-04-20 00:00:00+00:00, run_after=2026-04-21 00:00:00+00:00
[2026-04-21T09:56:42.944+0000] {processor.py:183} INFO - Processing /home/airflow/.local/lib/python3.8/site-packages/airflow/example_dags/example_skip_dag.py took 0.049 seconds
[2026-04-21T09:57:13.141+0000] {processor.py:161} INFO - Started process (PID=31749) to work on /home/airflow/.local/lib/python3.8/site-packages/airflow/example_dags/example_skip_dag.py
[2026-04-21T09:57:13.142+0000] {processor.py:830} INFO - Processing file /home/airflow/.local/lib/python3.8/site-packages/airflow/example_dags/example_skip_dag.py for tasks to queue
[2026-04-21T09:57:13.143+0000] {logging_mixin.py:188} INFO - [2026-04-21T09:57:13.142+0000] {dagbag.py:538} INFO - Filling up the DagBag from /home/airflow/.local/lib/python3.8/site-packages/airflow/example_dags/example_skip_dag.py
[2026-04-21T09:57:13.148+0000] {processor.py:840} INFO - DAG(s) 'example_skip_dag' retrieved from /home/airflow/.local/lib/python3.8/site-packages/airflow/example_dags/example_skip_dag.py
[2026-04-21T09:57:13.162+0000] {logging_mixin.py:188} INFO - [2026-04-21T09:57:13.162+0000] {dag.py:3036} INFO - Sync 1 DAGs
[2026-04-21T09:57:13.176+0000] {logging_mixin.py:188} INFO - [2026-04-21T09:57:13.176+0000] {dag.py:3823} INFO - Setting next_dagrun for example_skip_dag to 2026-04-20 00:00:00+00:00, run_after=2026-04-21 00:00:00+00:00
[2026-04-21T09:57:13.186+0000] {processor.py:183} INFO - Processing /home/airflow/.local/lib/python3.8/site-packages/airflow/example_dags/example_skip_dag.py took 0.048 seconds
[2026-04-21T09:57:43.570+0000] {processor.py:161} INFO - Started process (PID=31804) to work on /home/airflow/.local/lib/python3.8/site-packages/airflow/example_dags/example_skip_dag.py
[2026-04-21T09:57:43.571+0000] {processor.py:830} INFO - Processing file /home/airflow/.local/lib/python3.8/site-packages/airflow/example_dags/example_skip_dag.py for tasks to queue
[2026-04-21T09:57:43.572+0000] {logging_mixin.py:188} INFO - [2026-04-21T09:57:43.572+0000] {dagbag.py:538} INFO - Filling up the DagBag from /home/airflow/.local/lib/python3.8/site-packages/airflow/example_dags/example_skip_dag.py
[2026-04-21T09:57:43.580+0000] {processor.py:840} INFO - DAG(s) 'example_skip_dag' retrieved from /home/airflow/.local/lib/python3.8/site-packages/airflow/example_dags/example_skip_dag.py
[2026-04-21T09:57:43.617+0000] {logging_mixin.py:188} INFO - [2026-04-21T09:57:43.617+0000] {dag.py:3036} INFO - Sync 1 DAGs
[2026-04-21T09:57:43.639+0000] {logging_mixin.py:188} INFO - [2026-04-21T09:57:43.639+0000] {dag.py:3823} INFO - Setting next_dagrun for example_skip_dag to 2026-04-20 00:00:00+00:00, run_after=2026-04-21 00:00:00+00:00
[2026-04-21T09:57:43.649+0000] {processor.py:183} INFO - Processing /home/airflow/.local/lib/python3.8/site-packages/airflow/example_dags/example_skip_dag.py took 0.083 seconds
[2026-04-21T09:58:13.939+0000] {processor.py:161} INFO - Started process (PID=31859) to work on /home/airflow/.local/lib/python3.8/site-packages/airflow/example_dags/example_skip_dag.py
[2026-04-21T09:58:13.940+0000] {processor.py:830} INFO - Processing file /home/airflow/.local/lib/python3.8/site-packages/airflow/example_dags/example_skip_dag.py for tasks to queue
[2026-04-21T09:58:13.941+0000] {logging_mixin.py:188} INFO - [2026-04-21T09:58:13.941+0000] {dagbag.py:538} INFO - Filling up the DagBag from /home/airflow/.local/lib/python3.8/site-packages/airflow/example_dags/example_skip_dag.py
[2026-04-21T09:58:13.947+0000] {processor.py:840} INFO - DAG(s) 'example_skip_dag' retrieved from /home/airflow/.local/lib/python3.8/site-packages/airflow/example_dags/example_skip_dag.py
[2026-04-21T09:58:13.962+0000] {logging_mixin.py:188} INFO - [2026-04-21T09:58:13.962+0000] {dag.py:3036} INFO - Sync 1 DAGs
[2026-04-21T09:58:13.977+0000] {logging_mixin.py:188} INFO - [2026-04-21T09:58:13.977+0000] {dag.py:3823} INFO - Setting next_dagrun for example_skip_dag to 2026-04-20 00:00:00+00:00, run_after=2026-04-21 00:00:00+00:00
[2026-04-21T09:58:13.989+0000] {processor.py:183} INFO - Processing /home/airflow/.local/lib/python3.8/site-packages/airflow/example_dags/example_skip_dag.py took 0.053 seconds
[2026-04-21T09:58:44.159+0000] {processor.py:161} INFO - Started process (PID=31914) to work on /home/airflow/.local/lib/python3.8/site-packages/airflow/example_dags/example_skip_dag.py
[2026-04-21T09:58:44.160+0000] {processor.py:830} INFO - Processing file /home/airflow/.local/lib/python3.8/site-packages/airflow/example_dags/example_skip_dag.py for tasks to queue
[2026-04-21T09:58:44.161+0000] {logging_mixin.py:188} INFO - [2026-04-21T09:58:44.161+0000] {dagbag.py:538} INFO - Filling up the DagBag from /home/airflow/.local/lib/python3.8/site-packages/airflow/example_dags/example_skip_dag.py
[2026-04-21T09:58:44.173+0000] {processor.py:840} INFO - DAG(s) 'example_skip_dag' retrieved from /home/airflow/.local/lib/python3.8/site-packages/airflow/example_dags/example_skip_dag.py
[2026-04-21T09:58:44.275+0000] {logging_mixin.py:188} INFO - [2026-04-21T09:58:44.270+0000] {dag.py:3036} INFO - Sync 1 DAGs
[2026-04-21T09:58:44.302+0000] {logging_mixin.py:188} INFO - [2026-04-21T09:58:44.302+0000] {dag.py:3823} INFO - Setting next_dagrun for example_skip_dag to 2026-04-20 00:00:00+00:00, run_after=2026-04-21 00:00:00+00:00
[2026-04-21T09:58:44.314+0000] {processor.py:183} INFO - Processing /home/airflow/.local/lib/python3.8/site-packages/airflow/example_dags/example_skip_dag.py took 0.159 seconds
[2026-04-21T09:59:14.556+0000] {processor.py:161} INFO - Started process (PID=31969) to work on /home/airflow/.local/lib/python3.8/site-packages/airflow/example_dags/example_skip_dag.py
[2026-04-21T09:59:14.557+0000] {processor.py:830} INFO - Processing file /home/airflow/.local/lib/python3.8/site-packages/airflow/example_dags/example_skip_dag.py for tasks to queue
[2026-04-21T09:59:14.558+0000] {logging_mixin.py:188} INFO - [2026-04-21T09:59:14.558+0000] {dagbag.py:538} INFO - Filling up the DagBag from /home/airflow/.local/lib/python3.8/site-packages/airflow/example_dags/example_skip_dag.py
[2026-04-21T09:59:14.564+0000] {processor.py:840} INFO - DAG(s) 'example_skip_dag' retrieved from /home/airflow/.local/lib/python3.8/site-packages/airflow/example_dags/example_skip_dag.py
[2026-04-21T09:59:14.579+0000] {logging_mixin.py:188} INFO - [2026-04-21T09:59:14.579+0000] {dag.py:3036} INFO - Sync 1 DAGs
[2026-04-21T09:59:14.593+0000] {logging_mixin.py:188} INFO - [2026-04-21T09:59:14.593+0000] {dag.py:3823} INFO - Setting next_dagrun for example_skip_dag to 2026-04-20 00:00:00+00:00, run_after=2026-04-21 00:00:00+00:00
[2026-04-21T09:59:14.603+0000] {processor.py:183} INFO - Processing /home/airflow/.local/lib/python3.8/site-packages/airflow/example_dags/example_skip_dag.py took 0.051 seconds
[2026-04-21T09:59:44.903+0000] {processor.py:161} INFO - Started process (PID=32024) to work on /home/airflow/.local/lib/python3.8/site-packages/airflow/example_dags/example_skip_dag.py
[2026-04-21T09:59:44.904+0000] {processor.py:830} INFO - Processing file /home/airflow/.local/lib/python3.8/site-packages/airflow/example_dags/example_skip_dag.py for tasks to queue
[2026-04-21T09:59:44.905+0000] {logging_mixin.py:188} INFO - [2026-04-21T09:59:44.905+0000] {dagbag.py:538} INFO - Filling up the DagBag from /home/airflow/.local/lib/python3.8/site-packages/airflow/example_dags/example_skip_dag.py
[2026-04-21T09:59:44.910+0000] {processor.py:840} INFO - DAG(s) 'example_skip_dag' retrieved from /home/airflow/.local/lib/python3.8/site-packages/airflow/example_dags/example_skip_dag.py
[2026-04-21T09:59:44.928+0000] {logging_mixin.py:188} INFO - [2026-04-21T09:59:44.928+0000] {dag.py:3036} INFO - Sync 1 DAGs
[2026-04-21T09:59:44.944+0000] {logging_mixin.py:188} INFO - [2026-04-21T09:59:44.944+0000] {dag.py:3823} INFO - Setting next_dagrun for example_skip_dag to 2026-04-20 00:00:00+00:00, run_after=2026-04-21 00:00:00+00:00
[2026-04-21T09:59:44.958+0000] {processor.py:183} INFO - Processing /home/airflow/.local/lib/python3.8/site-packages/airflow/example_dags/example_skip_dag.py took 0.058 seconds
[2026-04-21T10:00:15.146+0000] {processor.py:161} INFO - Started process (PID=32079) to work on /home/airflow/.local/lib/python3.8/site-packages/airflow/example_dags/example_skip_dag.py
[2026-04-21T10:00:15.147+0000] {processor.py:830} INFO - Processing file /home/airflow/.local/lib/python3.8/site-packages/airflow/example_dags/example_skip_dag.py for tasks to queue
[2026-04-21T10:00:15.148+0000] {logging_mixin.py:188} INFO - [2026-04-21T10:00:15.148+0000] {dagbag.py:538} INFO - Filling up the DagBag from /home/airflow/.local/lib/python3.8/site-packages/airflow/example_dags/example_skip_dag.py
[2026-04-21T10:00:15.154+0000] {processor.py:840} INFO - DAG(s) 'example_skip_dag' retrieved from /home/airflow/.local/lib/python3.8/site-packages/airflow/example_dags/example_skip_dag.py
[2026-04-21T10:00:15.170+0000] {logging_mixin.py:188} INFO - [2026-04-21T10:00:15.170+0000] {dag.py:3036} INFO - Sync 1 DAGs
[2026-04-21T10:00:15.187+0000] {logging_mixin.py:188} INFO - [2026-04-21T10:00:15.187+0000] {dag.py:3823} INFO - Setting next_dagrun for example_skip_dag to 2026-04-20 00:00:00+00:00, run_after=2026-04-21 00:00:00+00:00
[2026-04-21T10:00:15.198+0000] {processor.py:183} INFO - Processing /home/airflow/.local/lib/python3.8/site-packages/airflow/example_dags/example_skip_dag.py took 0.056 seconds
[2026-04-21T10:05:02.084+0000] {processor.py:161} INFO - Started process (PID=48) to work on /home/airflow/.local/lib/python3.8/site-packages/airflow/example_dags/example_skip_dag.py
[2026-04-21T10:05:02.085+0000] {processor.py:830} INFO - Processing file /home/airflow/.local/lib/python3.8/site-packages/airflow/example_dags/example_skip_dag.py for tasks to queue
[2026-04-21T10:05:02.086+0000] {logging_mixin.py:188} INFO - [2026-04-21T10:05:02.086+0000] {dagbag.py:538} INFO - Filling up the DagBag from /home/airflow/.local/lib/python3.8/site-packages/airflow/example_dags/example_skip_dag.py
[2026-04-21T10:05:02.099+0000] {processor.py:840} INFO - DAG(s) 'example_skip_dag' retrieved from /home/airflow/.local/lib/python3.8/site-packages/airflow/example_dags/example_skip_dag.py
[2026-04-21T10:05:02.135+0000] {logging_mixin.py:188} INFO - [2026-04-21T10:05:02.135+0000] {dag.py:3036} INFO - Sync 1 DAGs
[2026-04-21T10:05:02.153+0000] {logging_mixin.py:188} INFO - [2026-04-21T10:05:02.153+0000] {dag.py:3823} INFO - Setting next_dagrun for example_skip_dag to 2026-04-20 00:00:00+00:00, run_after=2026-04-21 00:00:00+00:00
[2026-04-21T10:05:02.164+0000] {processor.py:183} INFO - Processing /home/airflow/.local/lib/python3.8/site-packages/airflow/example_dags/example_skip_dag.py took 0.082 seconds
[2026-04-21T10:05:32.509+0000] {processor.py:161} INFO - Started process (PID=109) to work on /home/airflow/.local/lib/python3.8/site-packages/airflow/example_dags/example_skip_dag.py
[2026-04-21T10:05:32.518+0000] {processor.py:830} INFO - Processing file /home/airflow/.local/lib/python3.8/site-packages/airflow/example_dags/example_skip_dag.py for tasks to queue
[2026-04-21T10:05:32.519+0000] {logging_mixin.py:188} INFO - [2026-04-21T10:05:32.519+0000] {dagbag.py:538} INFO - Filling up the DagBag from /home/airflow/.local/lib/python3.8/site-packages/airflow/example_dags/example_skip_dag.py
[2026-04-21T10:05:32.523+0000] {processor.py:840} INFO - DAG(s) 'example_skip_dag' retrieved from /home/airflow/.local/lib/python3.8/site-packages/airflow/example_dags/example_skip_dag.py
[2026-04-21T10:05:32.537+0000] {logging_mixin.py:188} INFO - [2026-04-21T10:05:32.537+0000] {dag.py:3036} INFO - Sync 1 DAGs
[2026-04-21T10:05:32.551+0000] {logging_mixin.py:188} INFO - [2026-04-21T10:05:32.551+0000] {dag.py:3823} INFO - Setting next_dagrun for example_skip_dag to 2026-04-20 00:00:00+00:00, run_after=2026-04-21 00:00:00+00:00
[2026-04-21T10:05:32.561+0000] {processor.py:183} INFO - Processing /home/airflow/.local/lib/python3.8/site-packages/airflow/example_dags/example_skip_dag.py took 0.055 seconds
[2026-04-21T10:06:02.635+0000] {processor.py:161} INFO - Started process (PID=164) to work on /home/airflow/.local/lib/python3.8/site-packages/airflow/example_dags/example_skip_dag.py
[2026-04-21T10:06:02.644+0000] {processor.py:830} INFO - Processing file /home/airflow/.local/lib/python3.8/site-packages/airflow/example_dags/example_skip_dag.py for tasks to queue
[2026-04-21T10:06:02.645+0000] {logging_mixin.py:188} INFO - [2026-04-21T10:06:02.645+0000] {dagbag.py:538} INFO - Filling up the DagBag from /home/airflow/.local/lib/python3.8/site-packages/airflow/example_dags/example_skip_dag.py
[2026-04-21T10:06:02.649+0000] {processor.py:840} INFO - DAG(s) 'example_skip_dag' retrieved from /home/airflow/.local/lib/python3.8/site-packages/airflow/example_dags/example_skip_dag.py
[2026-04-21T10:06:02.664+0000] {logging_mixin.py:188} INFO - [2026-04-21T10:06:02.664+0000] {dag.py:3036} INFO - Sync 1 DAGs
[2026-04-21T10:06:02.679+0000] {logging_mixin.py:188} INFO - [2026-04-21T10:06:02.679+0000] {dag.py:3823} INFO - Setting next_dagrun for example_skip_dag to 2026-04-20 00:00:00+00:00, run_after=2026-04-21 00:00:00+00:00
[2026-04-21T10:06:02.691+0000] {processor.py:183} INFO - Processing /home/airflow/.local/lib/python3.8/site-packages/airflow/example_dags/example_skip_dag.py took 0.058 seconds
[2026-04-21T10:06:32.900+0000] {processor.py:161} INFO - Started process (PID=219) to work on /home/airflow/.local/lib/python3.8/site-packages/airflow/example_dags/example_skip_dag.py
[2026-04-21T10:06:32.909+0000] {processor.py:830} INFO - Processing file /home/airflow/.local/lib/python3.8/site-packages/airflow/example_dags/example_skip_dag.py for tasks to queue
[2026-04-21T10:06:32.910+0000] {logging_mixin.py:188} INFO - [2026-04-21T10:06:32.910+0000] {dagbag.py:538} INFO - Filling up the DagBag from /home/airflow/.local/lib/python3.8/site-packages/airflow/example_dags/example_skip_dag.py
[2026-04-21T10:06:32.914+0000] {processor.py:840} INFO - DAG(s) 'example_skip_dag' retrieved from /home/airflow/.local/lib/python3.8/site-packages/airflow/example_dags/example_skip_dag.py
[2026-04-21T10:06:32.930+0000] {logging_mixin.py:188} INFO - [2026-04-21T10:06:32.930+0000] {dag.py:3036} INFO - Sync 1 DAGs
[2026-04-21T10:06:32.944+0000] {logging_mixin.py:188} INFO - [2026-04-21T10:06:32.944+0000] {dag.py:3823} INFO - Setting next_dagrun for example_skip_dag to 2026-04-20 00:00:00+00:00, run_after=2026-04-21 00:00:00+00:00
[2026-04-21T10:06:32.955+0000] {processor.py:183} INFO - Processing /home/airflow/.local/lib/python3.8/site-packages/airflow/example_dags/example_skip_dag.py took 0.056 seconds
[2026-04-21T10:07:03.071+0000] {processor.py:161} INFO - Started process (PID=274) to work on /home/airflow/.local/lib/python3.8/site-packages/airflow/example_dags/example_skip_dag.py
[2026-04-21T10:07:03.080+0000] {processor.py:830} INFO - Processing file /home/airflow/.local/lib/python3.8/site-packages/airflow/example_dags/example_skip_dag.py for tasks to queue
[2026-04-21T10:07:03.082+0000] {logging_mixin.py:188} INFO - [2026-04-21T10:07:03.081+0000] {dagbag.py:538} INFO - Filling up the DagBag from /home/airflow/.local/lib/python3.8/site-packages/airflow/example_dags/example_skip_dag.py
[2026-04-21T10:07:03.086+0000] {processor.py:840} INFO - DAG(s) 'example_skip_dag' retrieved from /home/airflow/.local/lib/python3.8/site-packages/airflow/example_dags/example_skip_dag.py
[2026-04-21T10:07:03.100+0000] {logging_mixin.py:188} INFO - [2026-04-21T10:07:03.100+0000] {dag.py:3036} INFO - Sync 1 DAGs
[2026-04-21T10:07:03.114+0000] {logging_mixin.py:188} INFO - [2026-04-21T10:07:03.114+0000] {dag.py:3823} INFO - Setting next_dagrun for example_skip_dag to 2026-04-20 00:00:00+00:00, run_after=2026-04-21 00:00:00+00:00
[2026-04-21T10:07:03.124+0000] {processor.py:183} INFO - Processing /home/airflow/.local/lib/python3.8/site-packages/airflow/example_dags/example_skip_dag.py took 0.056 seconds
[2026-04-21T10:07:33.287+0000] {processor.py:161} INFO - Started process (PID=329) to work on /home/airflow/.local/lib/python3.8/site-packages/airflow/example_dags/example_skip_dag.py
[2026-04-21T10:07:33.296+0000] {processor.py:830} INFO - Processing file /home/airflow/.local/lib/python3.8/site-packages/airflow/example_dags/example_skip_dag.py for tasks to queue
[2026-04-21T10:07:33.297+0000] {logging_mixin.py:188} INFO - [2026-04-21T10:07:33.297+0000] {dagbag.py:538} INFO - Filling up the DagBag from /home/airflow/.local/lib/python3.8/site-packages/airflow/example_dags/example_skip_dag.py
[2026-04-21T10:07:33.301+0000] {processor.py:840} INFO - DAG(s) 'example_skip_dag' retrieved from /home/airflow/.local/lib/python3.8/site-packages/airflow/example_dags/example_skip_dag.py
[2026-04-21T10:07:33.316+0000] {logging_mixin.py:188} INFO - [2026-04-21T10:07:33.315+0000] {dag.py:3036} INFO - Sync 1 DAGs
[2026-04-21T10:07:33.330+0000] {logging_mixin.py:188} INFO - [2026-04-21T10:07:33.330+0000] {dag.py:3823} INFO - Setting next_dagrun for example_skip_dag to 2026-04-20 00:00:00+00:00, run_after=2026-04-21 00:00:00+00:00
[2026-04-21T10:07:33.339+0000] {processor.py:183} INFO - Processing /home/airflow/.local/lib/python3.8/site-packages/airflow/example_dags/example_skip_dag.py took 0.055 seconds
[2026-04-21T10:08:03.565+0000] {processor.py:161} INFO - Started process (PID=384) to work on /home/airflow/.local/lib/python3.8/site-packages/airflow/example_dags/example_skip_dag.py
[2026-04-21T10:08:03.566+0000] {processor.py:830} INFO - Processing file /home/airflow/.local/lib/python3.8/site-packages/airflow/example_dags/example_skip_dag.py for tasks to queue
[2026-04-21T10:08:03.567+0000] {logging_mixin.py:188} INFO - [2026-04-21T10:08:03.567+0000] {dagbag.py:538} INFO - Filling up the DagBag from /home/airflow/.local/lib/python3.8/site-packages/airflow/example_dags/example_skip_dag.py
[2026-04-21T10:08:03.573+0000] {processor.py:840} INFO - DAG(s) 'example_skip_dag' retrieved from /home/airflow/.local/lib/python3.8/site-packages/airflow/example_dags/example_skip_dag.py
[2026-04-21T10:08:03.592+0000] {logging_mixin.py:188} INFO - [2026-04-21T10:08:03.592+0000] {dag.py:3036} INFO - Sync 1 DAGs
[2026-04-21T10:08:03.612+0000] {logging_mixin.py:188} INFO - [2026-04-21T10:08:03.612+0000] {dag.py:3823} INFO - Setting next_dagrun for example_skip_dag to 2026-04-20 00:00:00+00:00, run_after=2026-04-21 00:00:00+00:00
[2026-04-21T10:08:03.629+0000] {processor.py:183} INFO - Processing /home/airflow/.local/lib/python3.8/site-packages/airflow/example_dags/example_skip_dag.py took 0.066 seconds
[2026-04-21T10:08:33.962+0000] {processor.py:161} INFO - Started process (PID=439) to work on /home/airflow/.local/lib/python3.8/site-packages/airflow/example_dags/example_skip_dag.py
[2026-04-21T10:08:33.963+0000] {processor.py:830} INFO - Processing file /home/airflow/.local/lib/python3.8/site-packages/airflow/example_dags/example_skip_dag.py for tasks to queue
[2026-04-21T10:08:33.964+0000] {logging_mixin.py:188} INFO - [2026-04-21T10:08:33.964+0000] {dagbag.py:538} INFO - Filling up the DagBag from /home/airflow/.local/lib/python3.8/site-packages/airflow/example_dags/example_skip_dag.py
[2026-04-21T10:08:33.970+0000] {processor.py:840} INFO - DAG(s) 'example_skip_dag' retrieved from /home/airflow/.local/lib/python3.8/site-packages/airflow/example_dags/example_skip_dag.py
[2026-04-21T10:08:33.990+0000] {logging_mixin.py:188} INFO - [2026-04-21T10:08:33.989+0000] {dag.py:3036} INFO - Sync 1 DAGs
[2026-04-21T10:08:34.009+0000] {logging_mixin.py:188} INFO - [2026-04-21T10:08:34.009+0000] {dag.py:3823} INFO - Setting next_dagrun for example_skip_dag to 2026-04-20 00:00:00+00:00, run_after=2026-04-21 00:00:00+00:00
[2026-04-21T10:08:34.023+0000] {processor.py:183} INFO - Processing /home/airflow/.local/lib/python3.8/site-packages/airflow/example_dags/example_skip_dag.py took 0.064 seconds
[2026-04-21T10:09:04.363+0000] {processor.py:161} INFO - Started process (PID=494) to work on /home/airflow/.local/lib/python3.8/site-packages/airflow/example_dags/example_skip_dag.py
[2026-04-21T10:09:04.364+0000] {processor.py:830} INFO - Processing file /home/airflow/.local/lib/python3.8/site-packages/airflow/example_dags/example_skip_dag.py for tasks to queue
[2026-04-21T10:09:04.365+0000] {logging_mixin.py:188} INFO - [2026-04-21T10:09:04.365+0000] {dagbag.py:538} INFO - Filling up the DagBag from /home/airflow/.local/lib/python3.8/site-packages/airflow/example_dags/example_skip_dag.py
[2026-04-21T10:09:04.370+0000] {processor.py:840} INFO - DAG(s) 'example_skip_dag' retrieved from /home/airflow/.local/lib/python3.8/site-packages/airflow/example_dags/example_skip_dag.py
[2026-04-21T10:09:04.384+0000] {logging_mixin.py:188} INFO - [2026-04-21T10:09:04.384+0000] {dag.py:3036} INFO - Sync 1 DAGs
[2026-04-21T10:09:04.398+0000] {logging_mixin.py:188} INFO - [2026-04-21T10:09:04.398+0000] {dag.py:3823} INFO - Setting next_dagrun for example_skip_dag to 2026-04-20 00:00:00+00:00, run_after=2026-04-21 00:00:00+00:00
[2026-04-21T10:09:04.409+0000] {processor.py:183} INFO - Processing /home/airflow/.local/lib/python3.8/site-packages/airflow/example_dags/example_skip_dag.py took 0.047 seconds
[2026-04-21T10:09:34.480+0000] {processor.py:161} INFO - Started process (PID=549) to work on /home/airflow/.local/lib/python3.8/site-packages/airflow/example_dags/example_skip_dag.py
[2026-04-21T10:09:34.486+0000] {processor.py:830} INFO - Processing file /home/airflow/.local/lib/python3.8/site-packages/airflow/example_dags/example_skip_dag.py for tasks to queue
[2026-04-21T10:09:34.487+0000] {logging_mixin.py:188} INFO - [2026-04-21T10:09:34.487+0000] {dagbag.py:538} INFO - Filling up the DagBag from /home/airflow/.local/lib/python3.8/site-packages/airflow/example_dags/example_skip_dag.py
[2026-04-21T10:09:34.491+0000] {processor.py:840} INFO - DAG(s) 'example_skip_dag' retrieved from /home/airflow/.local/lib/python3.8/site-packages/airflow/example_dags/example_skip_dag.py
[2026-04-21T10:09:34.506+0000] {logging_mixin.py:188} INFO - [2026-04-21T10:09:34.505+0000] {dag.py:3036} INFO - Sync 1 DAGs
[2026-04-21T10:09:34.519+0000] {logging_mixin.py:188} INFO - [2026-04-21T10:09:34.519+0000] {dag.py:3823} INFO - Setting next_dagrun for example_skip_dag to 2026-04-20 00:00:00+00:00, run_after=2026-04-21 00:00:00+00:00
[2026-04-21T10:09:34.529+0000] {processor.py:183} INFO - Processing /home/airflow/.local/lib/python3.8/site-packages/airflow/example_dags/example_skip_dag.py took 0.052 seconds
[2026-04-21T10:10:04.682+0000] {processor.py:161} INFO - Started process (PID=604) to work on /home/airflow/.local/lib/python3.8/site-packages/airflow/example_dags/example_skip_dag.py
[2026-04-21T10:10:04.691+0000] {processor.py:830} INFO - Processing file /home/airflow/.local/lib/python3.8/site-packages/airflow/example_dags/example_skip_dag.py for tasks to queue
[2026-04-21T10:10:04.693+0000] {logging_mixin.py:188} INFO - [2026-04-21T10:10:04.693+0000] {dagbag.py:538} INFO - Filling up the DagBag from /home/airflow/.local/lib/python3.8/site-packages/airflow/example_dags/example_skip_dag.py
[2026-04-21T10:10:04.698+0000] {processor.py:840} INFO - DAG(s) 'example_skip_dag' retrieved from /home/airflow/.local/lib/python3.8/site-packages/airflow/example_dags/example_skip_dag.py
[2026-04-21T10:10:04.717+0000] {logging_mixin.py:188} INFO - [2026-04-21T10:10:04.717+0000] {dag.py:3036} INFO - Sync 1 DAGs
[2026-04-21T10:10:04.736+0000] {logging_mixin.py:188} INFO - [2026-04-21T10:10:04.736+0000] {dag.py:3823} INFO - Setting next_dagrun for example_skip_dag to 2026-04-20 00:00:00+00:00, run_after=2026-04-21 00:00:00+00:00
[2026-04-21T10:10:04.752+0000] {processor.py:183} INFO - Processing /home/airflow/.local/lib/python3.8/site-packages/airflow/example_dags/example_skip_dag.py took 0.072 seconds
[2026-04-21T10:10:35.042+0000] {processor.py:161} INFO - Started process (PID=659) to work on /home/airflow/.local/lib/python3.8/site-packages/airflow/example_dags/example_skip_dag.py
[2026-04-21T10:10:35.043+0000] {processor.py:830} INFO - Processing file /home/airflow/.local/lib/python3.8/site-packages/airflow/example_dags/example_skip_dag.py for tasks to queue
[2026-04-21T10:10:35.044+0000] {logging_mixin.py:188} INFO - [2026-04-21T10:10:35.044+0000] {dagbag.py:538} INFO - Filling up the DagBag from /home/airflow/.local/lib/python3.8/site-packages/airflow/example_dags/example_skip_dag.py
[2026-04-21T10:10:35.048+0000] {processor.py:840} INFO - DAG(s) 'example_skip_dag' retrieved from /home/airflow/.local/lib/python3.8/site-packages/airflow/example_dags/example_skip_dag.py
[2026-04-21T10:10:35.063+0000] {logging_mixin.py:188} INFO - [2026-04-21T10:10:35.062+0000] {dag.py:3036} INFO - Sync 1 DAGs
[2026-04-21T10:10:35.077+0000] {logging_mixin.py:188} INFO - [2026-04-21T10:10:35.076+0000] {dag.py:3823} INFO - Setting next_dagrun for example_skip_dag to 2026-04-20 00:00:00+00:00, run_after=2026-04-21 00:00:00+00:00
[2026-04-21T10:10:35.088+0000] {processor.py:183} INFO - Processing /home/airflow/.local/lib/python3.8/site-packages/airflow/example_dags/example_skip_dag.py took 0.049 seconds
[2026-04-21T10:11:05.214+0000] {processor.py:161} INFO - Started process (PID=714) to work on /home/airflow/.local/lib/python3.8/site-packages/airflow/example_dags/example_skip_dag.py
[2026-04-21T10:11:05.223+0000] {processor.py:830} INFO - Processing file /home/airflow/.local/lib/python3.8/site-packages/airflow/example_dags/example_skip_dag.py for tasks to queue
[2026-04-21T10:11:05.224+0000] {logging_mixin.py:188} INFO - [2026-04-21T10:11:05.224+0000] {dagbag.py:538} INFO - Filling up the DagBag from /home/airflow/.local/lib/python3.8/site-packages/airflow/example_dags/example_skip_dag.py
[2026-04-21T10:11:05.228+0000] {processor.py:840} INFO - DAG(s) 'example_skip_dag' retrieved from /home/airflow/.local/lib/python3.8/site-packages/airflow/example_dags/example_skip_dag.py
[2026-04-21T10:11:05.243+0000] {logging_mixin.py:188} INFO - [2026-04-21T10:11:05.243+0000] {dag.py:3036} INFO - Sync 1 DAGs
[2026-04-21T10:11:05.258+0000] {logging_mixin.py:188} INFO - [2026-04-21T10:11:05.257+0000] {dag.py:3823} INFO - Setting next_dagrun for example_skip_dag to 2026-04-20 00:00:00+00:00, run_after=2026-04-21 00:00:00+00:00
[2026-04-21T10:11:05.268+0000] {processor.py:183} INFO - Processing /home/airflow/.local/lib/python3.8/site-packages/airflow/example_dags/example_skip_dag.py took 0.057 seconds
[2026-04-21T10:11:35.326+0000] {processor.py:161} INFO - Started process (PID=769) to work on /home/airflow/.local/lib/python3.8/site-packages/airflow/example_dags/example_skip_dag.py
[2026-04-21T10:11:35.335+0000] {processor.py:830} INFO - Processing file /home/airflow/.local/lib/python3.8/site-packages/airflow/example_dags/example_skip_dag.py for tasks to queue
[2026-04-21T10:11:35.336+0000] {logging_mixin.py:188} INFO - [2026-04-21T10:11:35.336+0000] {dagbag.py:538} INFO - Filling up the DagBag from /home/airflow/.local/lib/python3.8/site-packages/airflow/example_dags/example_skip_dag.py
[2026-04-21T10:11:35.340+0000] {processor.py:840} INFO - DAG(s) 'example_skip_dag' retrieved from /home/airflow/.local/lib/python3.8/site-packages/airflow/example_dags/example_skip_dag.py
[2026-04-21T10:11:35.356+0000] {logging_mixin.py:188} INFO - [2026-04-21T10:11:35.356+0000] {dag.py:3036} INFO - Sync 1 DAGs
[2026-04-21T10:11:35.371+0000] {logging_mixin.py:188} INFO - [2026-04-21T10:11:35.371+0000] {dag.py:3823} INFO - Setting next_dagrun for example_skip_dag to 2026-04-20 00:00:00+00:00, run_after=2026-04-21 00:00:00+00:00
[2026-04-21T10:11:35.383+0000] {processor.py:183} INFO - Processing /home/airflow/.local/lib/python3.8/site-packages/airflow/example_dags/example_skip_dag.py took 0.060 seconds
[2026-04-21T10:12:05.635+0000] {processor.py:161} INFO - Started process (PID=824) to work on /home/airflow/.local/lib/python3.8/site-packages/airflow/example_dags/example_skip_dag.py
[2026-04-21T10:12:05.644+0000] {processor.py:830} INFO - Processing file /home/airflow/.local/lib/python3.8/site-packages/airflow/example_dags/example_skip_dag.py for tasks to queue
[2026-04-21T10:12:05.645+0000] {logging_mixin.py:188} INFO - [2026-04-21T10:12:05.645+0000] {dagbag.py:538} INFO - Filling up the DagBag from /home/airflow/.local/lib/python3.8/site-packages/airflow/example_dags/example_skip_dag.py
[2026-04-21T10:12:05.650+0000] {processor.py:840} INFO - DAG(s) 'example_skip_dag' retrieved from /home/airflow/.local/lib/python3.8/site-packages/airflow/example_dags/example_skip_dag.py
[2026-04-21T10:12:05.664+0000] {logging_mixin.py:188} INFO - [2026-04-21T10:12:05.664+0000] {dag.py:3036} INFO - Sync 1 DAGs
[2026-04-21T10:12:05.678+0000] {logging_mixin.py:188} INFO - [2026-04-21T10:12:05.678+0000] {dag.py:3823} INFO - Setting next_dagrun for example_skip_dag to 2026-04-20 00:00:00+00:00, run_after=2026-04-21 00:00:00+00:00
[2026-04-21T10:12:05.689+0000] {processor.py:183} INFO - Processing /home/airflow/.local/lib/python3.8/site-packages/airflow/example_dags/example_skip_dag.py took 0.057 seconds
[2026-04-21T10:12:35.882+0000] {processor.py:161} INFO - Started process (PID=879) to work on /home/airflow/.local/lib/python3.8/site-packages/airflow/example_dags/example_skip_dag.py
[2026-04-21T10:12:35.890+0000] {processor.py:830} INFO - Processing file /home/airflow/.local/lib/python3.8/site-packages/airflow/example_dags/example_skip_dag.py for tasks to queue
[2026-04-21T10:12:35.892+0000] {logging_mixin.py:188} INFO - [2026-04-21T10:12:35.892+0000] {dagbag.py:538} INFO - Filling up the DagBag from /home/airflow/.local/lib/python3.8/site-packages/airflow/example_dags/example_skip_dag.py
[2026-04-21T10:12:35.896+0000] {processor.py:840} INFO - DAG(s) 'example_skip_dag' retrieved from /home/airflow/.local/lib/python3.8/site-packages/airflow/example_dags/example_skip_dag.py
[2026-04-21T10:12:35.911+0000] {logging_mixin.py:188} INFO - [2026-04-21T10:12:35.911+0000] {dag.py:3036} INFO - Sync 1 DAGs
[2026-04-21T10:12:35.929+0000] {logging_mixin.py:188} INFO - [2026-04-21T10:12:35.929+0000] {dag.py:3823} INFO - Setting next_dagrun for example_skip_dag to 2026-04-20 00:00:00+00:00, run_after=2026-04-21 00:00:00+00:00
[2026-04-21T10:12:35.940+0000] {processor.py:183} INFO - Processing /home/airflow/.local/lib/python3.8/site-packages/airflow/example_dags/example_skip_dag.py took 0.061 seconds
[2026-04-21T10:13:06.036+0000] {processor.py:161} INFO - Started process (PID=934) to work on /home/airflow/.local/lib/python3.8/site-packages/airflow/example_dags/example_skip_dag.py
[2026-04-21T10:13:06.045+0000] {processor.py:830} INFO - Processing file /home/airflow/.local/lib/python3.8/site-packages/airflow/example_dags/example_skip_dag.py for tasks to queue
[2026-04-21T10:13:06.046+0000] {logging_mixin.py:188} INFO - [2026-04-21T10:13:06.046+0000] {dagbag.py:538} INFO - Filling up the DagBag from /home/airflow/.local/lib/python3.8/site-packages/airflow/example_dags/example_skip_dag.py
[2026-04-21T10:13:06.050+0000] {processor.py:840} INFO - DAG(s) 'example_skip_dag' retrieved from /home/airflow/.local/lib/python3.8/site-packages/airflow/example_dags/example_skip_dag.py
[2026-04-21T10:13:06.065+0000] {logging_mixin.py:188} INFO - [2026-04-21T10:13:06.064+0000] {dag.py:3036} INFO - Sync 1 DAGs
[2026-04-21T10:13:06.079+0000] {logging_mixin.py:188} INFO - [2026-04-21T10:13:06.079+0000] {dag.py:3823} INFO - Setting next_dagrun for example_skip_dag to 2026-04-20 00:00:00+00:00, run_after=2026-04-21 00:00:00+00:00
[2026-04-21T10:13:06.091+0000] {processor.py:183} INFO - Processing /home/airflow/.local/lib/python3.8/site-packages/airflow/example_dags/example_skip_dag.py took 0.058 seconds
[2026-04-21T10:13:36.167+0000] {processor.py:161} INFO - Started process (PID=989) to work on /home/airflow/.local/lib/python3.8/site-packages/airflow/example_dags/example_skip_dag.py
[2026-04-21T10:13:36.168+0000] {processor.py:830} INFO - Processing file /home/airflow/.local/lib/python3.8/site-packages/airflow/example_dags/example_skip_dag.py for tasks to queue
[2026-04-21T10:13:36.169+0000] {logging_mixin.py:188} INFO - [2026-04-21T10:13:36.169+0000] {dagbag.py:538} INFO - Filling up the DagBag from /home/airflow/.local/lib/python3.8/site-packages/airflow/example_dags/example_skip_dag.py
[2026-04-21T10:13:36.174+0000] {processor.py:840} INFO - DAG(s) 'example_skip_dag' retrieved from /home/airflow/.local/lib/python3.8/site-packages/airflow/example_dags/example_skip_dag.py
[2026-04-21T10:13:36.188+0000] {logging_mixin.py:188} INFO - [2026-04-21T10:13:36.188+0000] {dag.py:3036} INFO - Sync 1 DAGs
[2026-04-21T10:13:36.203+0000] {logging_mixin.py:188} INFO - [2026-04-21T10:13:36.203+0000] {dag.py:3823} INFO - Setting next_dagrun for example_skip_dag to 2026-04-20 00:00:00+00:00, run_after=2026-04-21 00:00:00+00:00
[2026-04-21T10:13:36.214+0000] {processor.py:183} INFO - Processing /home/airflow/.local/lib/python3.8/site-packages/airflow/example_dags/example_skip_dag.py took 0.049 seconds
[2026-04-21T10:14:06.478+0000] {processor.py:161} INFO - Started process (PID=1044) to work on /home/airflow/.local/lib/python3.8/site-packages/airflow/example_dags/example_skip_dag.py
[2026-04-21T10:14:06.479+0000] {processor.py:830} INFO - Processing file /home/airflow/.local/lib/python3.8/site-packages/airflow/example_dags/example_skip_dag.py for tasks to queue
[2026-04-21T10:14:06.480+0000] {logging_mixin.py:188} INFO - [2026-04-21T10:14:06.480+0000] {dagbag.py:538} INFO - Filling up the DagBag from /home/airflow/.local/lib/python3.8/site-packages/airflow/example_dags/example_skip_dag.py
[2026-04-21T10:14:06.484+0000] {processor.py:840} INFO - DAG(s) 'example_skip_dag' retrieved from /home/airflow/.local/lib/python3.8/site-packages/airflow/example_dags/example_skip_dag.py
[2026-04-21T10:14:06.499+0000] {logging_mixin.py:188} INFO - [2026-04-21T10:14:06.498+0000] {dag.py:3036} INFO - Sync 1 DAGs
[2026-04-21T10:14:06.513+0000] {logging_mixin.py:188} INFO - [2026-04-21T10:14:06.513+0000] {dag.py:3823} INFO - Setting next_dagrun for example_skip_dag to 2026-04-20 00:00:00+00:00, run_after=2026-04-21 00:00:00+00:00
[2026-04-21T10:14:06.523+0000] {processor.py:183} INFO - Processing /home/airflow/.local/lib/python3.8/site-packages/airflow/example_dags/example_skip_dag.py took 0.047 seconds
[2026-04-21T10:14:36.810+0000] {processor.py:161} INFO - Started process (PID=1099) to work on /home/airflow/.local/lib/python3.8/site-packages/airflow/example_dags/example_skip_dag.py
[2026-04-21T10:14:36.811+0000] {processor.py:830} INFO - Processing file /home/airflow/.local/lib/python3.8/site-packages/airflow/example_dags/example_skip_dag.py for tasks to queue
[2026-04-21T10:14:36.813+0000] {logging_mixin.py:188} INFO - [2026-04-21T10:14:36.813+0000] {dagbag.py:538} INFO - Filling up the DagBag from /home/airflow/.local/lib/python3.8/site-packages/airflow/example_dags/example_skip_dag.py
[2026-04-21T10:14:36.818+0000] {processor.py:840} INFO - DAG(s) 'example_skip_dag' retrieved from /home/airflow/.local/lib/python3.8/site-packages/airflow/example_dags/example_skip_dag.py
[2026-04-21T10:14:36.840+0000] {logging_mixin.py:188} INFO - [2026-04-21T10:14:36.839+0000] {dag.py:3036} INFO - Sync 1 DAGs
[2026-04-21T10:14:36.863+0000] {logging_mixin.py:188} INFO - [2026-04-21T10:14:36.863+0000] {dag.py:3823} INFO - Setting next_dagrun for example_skip_dag to 2026-04-20 00:00:00+00:00, run_after=2026-04-21 00:00:00+00:00
[2026-04-21T10:14:36.884+0000] {processor.py:183} INFO - Processing /home/airflow/.local/lib/python3.8/site-packages/airflow/example_dags/example_skip_dag.py took 0.078 seconds
[2026-04-21T10:15:07.385+0000] {processor.py:161} INFO - Started process (PID=1154) to work on /home/airflow/.local/lib/python3.8/site-packages/airflow/example_dags/example_skip_dag.py
[2026-04-21T10:15:07.387+0000] {processor.py:830} INFO - Processing file /home/airflow/.local/lib/python3.8/site-packages/airflow/example_dags/example_skip_dag.py for tasks to queue
[2026-04-21T10:15:07.388+0000] {logging_mixin.py:188} INFO - [2026-04-21T10:15:07.388+0000] {dagbag.py:538} INFO - Filling up the DagBag from /home/airflow/.local/lib/python3.8/site-packages/airflow/example_dags/example_skip_dag.py
[2026-04-21T10:15:07.392+0000] {processor.py:840} INFO - DAG(s) 'example_skip_dag' retrieved from /home/airflow/.local/lib/python3.8/site-packages/airflow/example_dags/example_skip_dag.py
[2026-04-21T10:15:07.407+0000] {logging_mixin.py:188} INFO - [2026-04-21T10:15:07.407+0000] {dag.py:3036} INFO - Sync 1 DAGs
[2026-04-21T10:15:07.421+0000] {logging_mixin.py:188} INFO - [2026-04-21T10:15:07.421+0000] {dag.py:3823} INFO - Setting next_dagrun for example_skip_dag to 2026-04-20 00:00:00+00:00, run_after=2026-04-21 00:00:00+00:00
[2026-04-21T10:15:07.431+0000] {processor.py:183} INFO - Processing /home/airflow/.local/lib/python3.8/site-packages/airflow/example_dags/example_skip_dag.py took 0.049 seconds
[2026-04-21T10:15:37.518+0000] {processor.py:161} INFO - Started process (PID=1209) to work on /home/airflow/.local/lib/python3.8/site-packages/airflow/example_dags/example_skip_dag.py
[2026-04-21T10:15:37.518+0000] {processor.py:830} INFO - Processing file /home/airflow/.local/lib/python3.8/site-packages/airflow/example_dags/example_skip_dag.py for tasks to queue
[2026-04-21T10:15:37.520+0000] {logging_mixin.py:188} INFO - [2026-04-21T10:15:37.519+0000] {dagbag.py:538} INFO - Filling up the DagBag from /home/airflow/.local/lib/python3.8/site-packages/airflow/example_dags/example_skip_dag.py
[2026-04-21T10:15:37.524+0000] {processor.py:840} INFO - DAG(s) 'example_skip_dag' retrieved from /home/airflow/.local/lib/python3.8/site-packages/airflow/example_dags/example_skip_dag.py
[2026-04-21T10:15:37.537+0000] {logging_mixin.py:188} INFO - [2026-04-21T10:15:37.537+0000] {dag.py:3036} INFO - Sync 1 DAGs
[2026-04-21T10:15:37.551+0000] {logging_mixin.py:188} INFO - [2026-04-21T10:15:37.551+0000] {dag.py:3823} INFO - Setting next_dagrun for example_skip_dag to 2026-04-20 00:00:00+00:00, run_after=2026-04-21 00:00:00+00:00
[2026-04-21T10:15:37.561+0000] {processor.py:183} INFO - Processing /home/airflow/.local/lib/python3.8/site-packages/airflow/example_dags/example_skip_dag.py took 0.047 seconds
[2026-04-21T10:16:07.700+0000] {processor.py:161} INFO - Started process (PID=1264) to work on /home/airflow/.local/lib/python3.8/site-packages/airflow/example_dags/example_skip_dag.py
[2026-04-21T10:16:07.700+0000] {processor.py:830} INFO - Processing file /home/airflow/.local/lib/python3.8/site-packages/airflow/example_dags/example_skip_dag.py for tasks to queue
[2026-04-21T10:16:07.702+0000] {logging_mixin.py:188} INFO - [2026-04-21T10:16:07.701+0000] {dagbag.py:538} INFO - Filling up the DagBag from /home/airflow/.local/lib/python3.8/site-packages/airflow/example_dags/example_skip_dag.py
[2026-04-21T10:16:07.706+0000] {processor.py:840} INFO - DAG(s) 'example_skip_dag' retrieved from /home/airflow/.local/lib/python3.8/site-packages/airflow/example_dags/example_skip_dag.py
[2026-04-21T10:16:07.721+0000] {logging_mixin.py:188} INFO - [2026-04-21T10:16:07.720+0000] {dag.py:3036} INFO - Sync 1 DAGs
[2026-04-21T10:16:07.735+0000] {logging_mixin.py:188} INFO - [2026-04-21T10:16:07.735+0000] {dag.py:3823} INFO - Setting next_dagrun for example_skip_dag to 2026-04-20 00:00:00+00:00, run_after=2026-04-21 00:00:00+00:00
[2026-04-21T10:16:07.748+0000] {processor.py:183} INFO - Processing /home/airflow/.local/lib/python3.8/site-packages/airflow/example_dags/example_skip_dag.py took 0.051 seconds
[2026-04-21T10:16:37.883+0000] {processor.py:161} INFO - Started process (PID=1319) to work on /home/airflow/.local/lib/python3.8/site-packages/airflow/example_dags/example_skip_dag.py
[2026-04-21T10:16:37.891+0000] {processor.py:830} INFO - Processing file /home/airflow/.local/lib/python3.8/site-packages/airflow/example_dags/example_skip_dag.py for tasks to queue
[2026-04-21T10:16:37.892+0000] {logging_mixin.py:188} INFO - [2026-04-21T10:16:37.892+0000] {dagbag.py:538} INFO - Filling up the DagBag from /home/airflow/.local/lib/python3.8/site-packages/airflow/example_dags/example_skip_dag.py
[2026-04-21T10:16:37.897+0000] {processor.py:840} INFO - DAG(s) 'example_skip_dag' retrieved from /home/airflow/.local/lib/python3.8/site-packages/airflow/example_dags/example_skip_dag.py
[2026-04-21T10:16:37.911+0000] {logging_mixin.py:188} INFO - [2026-04-21T10:16:37.911+0000] {dag.py:3036} INFO - Sync 1 DAGs
[2026-04-21T10:16:37.925+0000] {logging_mixin.py:188} INFO - [2026-04-21T10:16:37.925+0000] {dag.py:3823} INFO - Setting next_dagrun for example_skip_dag to 2026-04-20 00:00:00+00:00, run_after=2026-04-21 00:00:00+00:00
[2026-04-21T10:16:37.936+0000] {processor.py:183} INFO - Processing /home/airflow/.local/lib/python3.8/site-packages/airflow/example_dags/example_skip_dag.py took 0.056 seconds
[2026-04-21T10:17:08.215+0000] {processor.py:161} INFO - Started process (PID=1374) to work on /home/airflow/.local/lib/python3.8/site-packages/airflow/example_dags/example_skip_dag.py
[2026-04-21T10:17:08.216+0000] {processor.py:830} INFO - Processing file /home/airflow/.local/lib/python3.8/site-packages/airflow/example_dags/example_skip_dag.py for tasks to queue
[2026-04-21T10:17:08.217+0000] {logging_mixin.py:188} INFO - [2026-04-21T10:17:08.217+0000] {dagbag.py:538} INFO - Filling up the DagBag from /home/airflow/.local/lib/python3.8/site-packages/airflow/example_dags/example_skip_dag.py
[2026-04-21T10:17:08.221+0000] {processor.py:840} INFO - DAG(s) 'example_skip_dag' retrieved from /home/airflow/.local/lib/python3.8/site-packages/airflow/example_dags/example_skip_dag.py
[2026-04-21T10:17:08.236+0000] {logging_mixin.py:188} INFO - [2026-04-21T10:17:08.235+0000] {dag.py:3036} INFO - Sync 1 DAGs
[2026-04-21T10:17:08.250+0000] {logging_mixin.py:188} INFO - [2026-04-21T10:17:08.250+0000] {dag.py:3823} INFO - Setting next_dagrun for example_skip_dag to 2026-04-20 00:00:00+00:00, run_after=2026-04-21 00:00:00+00:00
[2026-04-21T10:17:08.260+0000] {processor.py:183} INFO - Processing /home/airflow/.local/lib/python3.8/site-packages/airflow/example_dags/example_skip_dag.py took 0.048 seconds
[2026-04-21T10:17:38.314+0000] {processor.py:161} INFO - Started process (PID=1429) to work on /home/airflow/.local/lib/python3.8/site-packages/airflow/example_dags/example_skip_dag.py
[2026-04-21T10:17:38.322+0000] {processor.py:830} INFO - Processing file /home/airflow/.local/lib/python3.8/site-packages/airflow/example_dags/example_skip_dag.py for tasks to queue
[2026-04-21T10:17:38.324+0000] {logging_mixin.py:188} INFO - [2026-04-21T10:17:38.323+0000] {dagbag.py:538} INFO - Filling up the DagBag from /home/airflow/.local/lib/python3.8/site-packages/airflow/example_dags/example_skip_dag.py
[2026-04-21T10:17:38.328+0000] {processor.py:840} INFO - DAG(s) 'example_skip_dag' retrieved from /home/airflow/.local/lib/python3.8/site-packages/airflow/example_dags/example_skip_dag.py
[2026-04-21T10:17:38.342+0000] {logging_mixin.py:188} INFO - [2026-04-21T10:17:38.342+0000] {dag.py:3036} INFO - Sync 1 DAGs
[2026-04-21T10:17:38.356+0000] {logging_mixin.py:188} INFO - [2026-04-21T10:17:38.356+0000] {dag.py:3823} INFO - Setting next_dagrun for example_skip_dag to 2026-04-20 00:00:00+00:00, run_after=2026-04-21 00:00:00+00:00
[2026-04-21T10:17:38.366+0000] {processor.py:183} INFO - Processing /home/airflow/.local/lib/python3.8/site-packages/airflow/example_dags/example_skip_dag.py took 0.056 seconds
[2026-04-21T10:18:08.528+0000] {processor.py:161} INFO - Started process (PID=1484) to work on /home/airflow/.local/lib/python3.8/site-packages/airflow/example_dags/example_skip_dag.py
[2026-04-21T10:18:08.537+0000] {processor.py:830} INFO - Processing file /home/airflow/.local/lib/python3.8/site-packages/airflow/example_dags/example_skip_dag.py for tasks to queue
[2026-04-21T10:18:08.538+0000] {logging_mixin.py:188} INFO - [2026-04-21T10:18:08.538+0000] {dagbag.py:538} INFO - Filling up the DagBag from /home/airflow/.local/lib/python3.8/site-packages/airflow/example_dags/example_skip_dag.py
[2026-04-21T10:18:08.542+0000] {processor.py:840} INFO - DAG(s) 'example_skip_dag' retrieved from /home/airflow/.local/lib/python3.8/site-packages/airflow/example_dags/example_skip_dag.py
[2026-04-21T10:18:08.560+0000] {logging_mixin.py:188} INFO - [2026-04-21T10:18:08.559+0000] {dag.py:3036} INFO - Sync 1 DAGs
[2026-04-21T10:18:08.577+0000] {logging_mixin.py:188} INFO - [2026-04-21T10:18:08.577+0000] {dag.py:3823} INFO - Setting next_dagrun for example_skip_dag to 2026-04-20 00:00:00+00:00, run_after=2026-04-21 00:00:00+00:00
[2026-04-21T10:18:08.591+0000] {processor.py:183} INFO - Processing /home/airflow/.local/lib/python3.8/site-packages/airflow/example_dags/example_skip_dag.py took 0.066 seconds
[2026-04-21T10:18:38.736+0000] {processor.py:161} INFO - Started process (PID=1539) to work on /home/airflow/.local/lib/python3.8/site-packages/airflow/example_dags/example_skip_dag.py
[2026-04-21T10:18:38.745+0000] {processor.py:830} INFO - Processing file /home/airflow/.local/lib/python3.8/site-packages/airflow/example_dags/example_skip_dag.py for tasks to queue
[2026-04-21T10:18:38.747+0000] {logging_mixin.py:188} INFO - [2026-04-21T10:18:38.747+0000] {dagbag.py:538} INFO - Filling up the DagBag from /home/airflow/.local/lib/python3.8/site-packages/airflow/example_dags/example_skip_dag.py
[2026-04-21T10:18:38.752+0000] {processor.py:840} INFO - DAG(s) 'example_skip_dag' retrieved from /home/airflow/.local/lib/python3.8/site-packages/airflow/example_dags/example_skip_dag.py
[2026-04-21T10:18:38.769+0000] {logging_mixin.py:188} INFO - [2026-04-21T10:18:38.769+0000] {dag.py:3036} INFO - Sync 1 DAGs
[2026-04-21T10:18:38.789+0000] {logging_mixin.py:188} INFO - [2026-04-21T10:18:38.788+0000] {dag.py:3823} INFO - Setting next_dagrun for example_skip_dag to 2026-04-20 00:00:00+00:00, run_after=2026-04-21 00:00:00+00:00
[2026-04-21T10:18:38.800+0000] {processor.py:183} INFO - Processing /home/airflow/.local/lib/python3.8/site-packages/airflow/example_dags/example_skip_dag.py took 0.066 seconds
[2026-04-21T10:19:09.081+0000] {processor.py:161} INFO - Started process (PID=1594) to work on /home/airflow/.local/lib/python3.8/site-packages/airflow/example_dags/example_skip_dag.py
[2026-04-21T10:19:09.082+0000] {processor.py:830} INFO - Processing file /home/airflow/.local/lib/python3.8/site-packages/airflow/example_dags/example_skip_dag.py for tasks to queue
[2026-04-21T10:19:09.083+0000] {logging_mixin.py:188} INFO - [2026-04-21T10:19:09.083+0000] {dagbag.py:538} INFO - Filling up the DagBag from /home/airflow/.local/lib/python3.8/site-packages/airflow/example_dags/example_skip_dag.py
[2026-04-21T10:19:09.088+0000] {processor.py:840} INFO - DAG(s) 'example_skip_dag' retrieved from /home/airflow/.local/lib/python3.8/site-packages/airflow/example_dags/example_skip_dag.py
[2026-04-21T10:19:09.105+0000] {logging_mixin.py:188} INFO - [2026-04-21T10:19:09.105+0000] {dag.py:3036} INFO - Sync 1 DAGs
[2026-04-21T10:19:09.123+0000] {logging_mixin.py:188} INFO - [2026-04-21T10:19:09.122+0000] {dag.py:3823} INFO - Setting next_dagrun for example_skip_dag to 2026-04-20 00:00:00+00:00, run_after=2026-04-21 00:00:00+00:00
[2026-04-21T10:19:09.136+0000] {processor.py:183} INFO - Processing /home/airflow/.local/lib/python3.8/site-packages/airflow/example_dags/example_skip_dag.py took 0.057 seconds
[2026-04-21T10:19:39.259+0000] {processor.py:161} INFO - Started process (PID=1649) to work on /home/airflow/.local/lib/python3.8/site-packages/airflow/example_dags/example_skip_dag.py
[2026-04-21T10:19:39.260+0000] {processor.py:830} INFO - Processing file /home/airflow/.local/lib/python3.8/site-packages/airflow/example_dags/example_skip_dag.py for tasks to queue
[2026-04-21T10:19:39.262+0000] {logging_mixin.py:188} INFO - [2026-04-21T10:19:39.262+0000] {dagbag.py:538} INFO - Filling up the DagBag from /home/airflow/.local/lib/python3.8/site-packages/airflow/example_dags/example_skip_dag.py
[2026-04-21T10:19:39.267+0000] {processor.py:840} INFO - DAG(s) 'example_skip_dag' retrieved from /home/airflow/.local/lib/python3.8/site-packages/airflow/example_dags/example_skip_dag.py
[2026-04-21T10:19:39.282+0000] {logging_mixin.py:188} INFO - [2026-04-21T10:19:39.282+0000] {dag.py:3036} INFO - Sync 1 DAGs
[2026-04-21T10:19:39.298+0000] {logging_mixin.py:188} INFO - [2026-04-21T10:19:39.298+0000] {dag.py:3823} INFO - Setting next_dagrun for example_skip_dag to 2026-04-20 00:00:00+00:00, run_after=2026-04-21 00:00:00+00:00
[2026-04-21T10:19:39.310+0000] {processor.py:183} INFO - Processing /home/airflow/.local/lib/python3.8/site-packages/airflow/example_dags/example_skip_dag.py took 0.054 seconds
[2026-04-21T10:20:09.637+0000] {processor.py:161} INFO - Started process (PID=1704) to work on /home/airflow/.local/lib/python3.8/site-packages/airflow/example_dags/example_skip_dag.py
[2026-04-21T10:20:09.638+0000] {processor.py:830} INFO - Processing file /home/airflow/.local/lib/python3.8/site-packages/airflow/example_dags/example_skip_dag.py for tasks to queue
[2026-04-21T10:20:09.640+0000] {logging_mixin.py:188} INFO - [2026-04-21T10:20:09.640+0000] {dagbag.py:538} INFO - Filling up the DagBag from /home/airflow/.local/lib/python3.8/site-packages/airflow/example_dags/example_skip_dag.py
[2026-04-21T10:20:09.648+0000] {processor.py:840} INFO - DAG(s) 'example_skip_dag' retrieved from /home/airflow/.local/lib/python3.8/site-packages/airflow/example_dags/example_skip_dag.py
[2026-04-21T10:20:09.669+0000] {logging_mixin.py:188} INFO - [2026-04-21T10:20:09.669+0000] {dag.py:3036} INFO - Sync 1 DAGs
[2026-04-21T10:20:09.692+0000] {logging_mixin.py:188} INFO - [2026-04-21T10:20:09.691+0000] {dag.py:3823} INFO - Setting next_dagrun for example_skip_dag to 2026-04-20 00:00:00+00:00, run_after=2026-04-21 00:00:00+00:00
[2026-04-21T10:20:09.710+0000] {processor.py:183} INFO - Processing /home/airflow/.local/lib/python3.8/site-packages/airflow/example_dags/example_skip_dag.py took 0.076 seconds
[2026-04-21T10:20:40.082+0000] {processor.py:161} INFO - Started process (PID=1759) to work on /home/airflow/.local/lib/python3.8/site-packages/airflow/example_dags/example_skip_dag.py
[2026-04-21T10:20:40.090+0000] {processor.py:830} INFO - Processing file /home/airflow/.local/lib/python3.8/site-packages/airflow/example_dags/example_skip_dag.py for tasks to queue
[2026-04-21T10:20:40.092+0000] {logging_mixin.py:188} INFO - [2026-04-21T10:20:40.092+0000] {dagbag.py:538} INFO - Filling up the DagBag from /home/airflow/.local/lib/python3.8/site-packages/airflow/example_dags/example_skip_dag.py
[2026-04-21T10:20:40.098+0000] {processor.py:840} INFO - DAG(s) 'example_skip_dag' retrieved from /home/airflow/.local/lib/python3.8/site-packages/airflow/example_dags/example_skip_dag.py
[2026-04-21T10:20:40.119+0000] {logging_mixin.py:188} INFO - [2026-04-21T10:20:40.118+0000] {dag.py:3036} INFO - Sync 1 DAGs
[2026-04-21T10:20:40.145+0000] {logging_mixin.py:188} INFO - [2026-04-21T10:20:40.144+0000] {dag.py:3823} INFO - Setting next_dagrun for example_skip_dag to 2026-04-20 00:00:00+00:00, run_after=2026-04-21 00:00:00+00:00
[2026-04-21T10:20:40.169+0000] {processor.py:183} INFO - Processing /home/airflow/.local/lib/python3.8/site-packages/airflow/example_dags/example_skip_dag.py took 0.091 seconds
[2026-04-21T10:21:10.820+0000] {processor.py:161} INFO - Started process (PID=1814) to work on /home/airflow/.local/lib/python3.8/site-packages/airflow/example_dags/example_skip_dag.py
[2026-04-21T10:21:10.829+0000] {processor.py:830} INFO - Processing file /home/airflow/.local/lib/python3.8/site-packages/airflow/example_dags/example_skip_dag.py for tasks to queue
[2026-04-21T10:21:10.831+0000] {logging_mixin.py:188} INFO - [2026-04-21T10:21:10.831+0000] {dagbag.py:538} INFO - Filling up the DagBag from /home/airflow/.local/lib/python3.8/site-packages/airflow/example_dags/example_skip_dag.py
[2026-04-21T10:21:10.836+0000] {processor.py:840} INFO - DAG(s) 'example_skip_dag' retrieved from /home/airflow/.local/lib/python3.8/site-packages/airflow/example_dags/example_skip_dag.py
[2026-04-21T10:21:10.854+0000] {logging_mixin.py:188} INFO - [2026-04-21T10:21:10.854+0000] {dag.py:3036} INFO - Sync 1 DAGs
[2026-04-21T10:21:10.873+0000] {logging_mixin.py:188} INFO - [2026-04-21T10:21:10.872+0000] {dag.py:3823} INFO - Setting next_dagrun for example_skip_dag to 2026-04-20 00:00:00+00:00, run_after=2026-04-21 00:00:00+00:00
[2026-04-21T10:21:10.887+0000] {processor.py:183} INFO - Processing /home/airflow/.local/lib/python3.8/site-packages/airflow/example_dags/example_skip_dag.py took 0.069 seconds
[2026-04-21T10:21:40.932+0000] {processor.py:161} INFO - Started process (PID=1869) to work on /home/airflow/.local/lib/python3.8/site-packages/airflow/example_dags/example_skip_dag.py
[2026-04-21T10:21:40.941+0000] {processor.py:830} INFO - Processing file /home/airflow/.local/lib/python3.8/site-packages/airflow/example_dags/example_skip_dag.py for tasks to queue
[2026-04-21T10:21:40.943+0000] {logging_mixin.py:188} INFO - [2026-04-21T10:21:40.943+0000] {dagbag.py:538} INFO - Filling up the DagBag from /home/airflow/.local/lib/python3.8/site-packages/airflow/example_dags/example_skip_dag.py
[2026-04-21T10:21:40.947+0000] {processor.py:840} INFO - DAG(s) 'example_skip_dag' retrieved from /home/airflow/.local/lib/python3.8/site-packages/airflow/example_dags/example_skip_dag.py
[2026-04-21T10:21:40.962+0000] {logging_mixin.py:188} INFO - [2026-04-21T10:21:40.962+0000] {dag.py:3036} INFO - Sync 1 DAGs
[2026-04-21T10:21:40.977+0000] {logging_mixin.py:188} INFO - [2026-04-21T10:21:40.976+0000] {dag.py:3823} INFO - Setting next_dagrun for example_skip_dag to 2026-04-20 00:00:00+00:00, run_after=2026-04-21 00:00:00+00:00
[2026-04-21T10:21:40.987+0000] {processor.py:183} INFO - Processing /home/airflow/.local/lib/python3.8/site-packages/airflow/example_dags/example_skip_dag.py took 0.058 seconds
[2026-04-21T10:22:11.594+0000] {processor.py:161} INFO - Started process (PID=1924) to work on /home/airflow/.local/lib/python3.8/site-packages/airflow/example_dags/example_skip_dag.py
[2026-04-21T10:22:11.602+0000] {processor.py:830} INFO - Processing file /home/airflow/.local/lib/python3.8/site-packages/airflow/example_dags/example_skip_dag.py for tasks to queue
[2026-04-21T10:22:11.604+0000] {logging_mixin.py:188} INFO - [2026-04-21T10:22:11.604+0000] {dagbag.py:538} INFO - Filling up the DagBag from /home/airflow/.local/lib/python3.8/site-packages/airflow/example_dags/example_skip_dag.py
[2026-04-21T10:22:11.608+0000] {processor.py:840} INFO - DAG(s) 'example_skip_dag' retrieved from /home/airflow/.local/lib/python3.8/site-packages/airflow/example_dags/example_skip_dag.py
[2026-04-21T10:22:11.625+0000] {logging_mixin.py:188} INFO - [2026-04-21T10:22:11.625+0000] {dag.py:3036} INFO - Sync 1 DAGs
[2026-04-21T10:22:11.642+0000] {logging_mixin.py:188} INFO - [2026-04-21T10:22:11.642+0000] {dag.py:3823} INFO - Setting next_dagrun for example_skip_dag to 2026-04-20 00:00:00+00:00, run_after=2026-04-21 00:00:00+00:00
[2026-04-21T10:22:11.655+0000] {processor.py:183} INFO - Processing /home/airflow/.local/lib/python3.8/site-packages/airflow/example_dags/example_skip_dag.py took 0.064 seconds
[2026-04-21T10:22:42.324+0000] {processor.py:161} INFO - Started process (PID=1979) to work on /home/airflow/.local/lib/python3.8/site-packages/airflow/example_dags/example_skip_dag.py
[2026-04-21T10:22:42.333+0000] {processor.py:830} INFO - Processing file /home/airflow/.local/lib/python3.8/site-packages/airflow/example_dags/example_skip_dag.py for tasks to queue
[2026-04-21T10:22:42.335+0000] {logging_mixin.py:188} INFO - [2026-04-21T10:22:42.334+0000] {dagbag.py:538} INFO - Filling up the DagBag from /home/airflow/.local/lib/python3.8/site-packages/airflow/example_dags/example_skip_dag.py
[2026-04-21T10:22:42.340+0000] {processor.py:840} INFO - DAG(s) 'example_skip_dag' retrieved from /home/airflow/.local/lib/python3.8/site-packages/airflow/example_dags/example_skip_dag.py
[2026-04-21T10:22:42.358+0000] {logging_mixin.py:188} INFO - [2026-04-21T10:22:42.358+0000] {dag.py:3036} INFO - Sync 1 DAGs
[2026-04-21T10:22:42.377+0000] {logging_mixin.py:188} INFO - [2026-04-21T10:22:42.377+0000] {dag.py:3823} INFO - Setting next_dagrun for example_skip_dag to 2026-04-20 00:00:00+00:00, run_after=2026-04-21 00:00:00+00:00
[2026-04-21T10:22:42.390+0000] {processor.py:183} INFO - Processing /home/airflow/.local/lib/python3.8/site-packages/airflow/example_dags/example_skip_dag.py took 0.069 seconds
[2026-04-21T10:23:13.114+0000] {processor.py:161} INFO - Started process (PID=2034) to work on /home/airflow/.local/lib/python3.8/site-packages/airflow/example_dags/example_skip_dag.py
[2026-04-21T10:23:13.123+0000] {processor.py:830} INFO - Processing file /home/airflow/.local/lib/python3.8/site-packages/airflow/example_dags/example_skip_dag.py for tasks to queue
[2026-04-21T10:23:13.125+0000] {logging_mixin.py:188} INFO - [2026-04-21T10:23:13.125+0000] {dagbag.py:538} INFO - Filling up the DagBag from /home/airflow/.local/lib/python3.8/site-packages/airflow/example_dags/example_skip_dag.py
[2026-04-21T10:23:13.131+0000] {processor.py:840} INFO - DAG(s) 'example_skip_dag' retrieved from /home/airflow/.local/lib/python3.8/site-packages/airflow/example_dags/example_skip_dag.py
[2026-04-21T10:23:13.151+0000] {logging_mixin.py:188} INFO - [2026-04-21T10:23:13.151+0000] {dag.py:3036} INFO - Sync 1 DAGs
[2026-04-21T10:23:13.170+0000] {logging_mixin.py:188} INFO - [2026-04-21T10:23:13.169+0000] {dag.py:3823} INFO - Setting next_dagrun for example_skip_dag to 2026-04-20 00:00:00+00:00, run_after=2026-04-21 00:00:00+00:00
[2026-04-21T10:23:13.183+0000] {processor.py:183} INFO - Processing /home/airflow/.local/lib/python3.8/site-packages/airflow/example_dags/example_skip_dag.py took 0.072 seconds
[2026-04-21T10:23:43.277+0000] {processor.py:161} INFO - Started process (PID=2089) to work on /home/airflow/.local/lib/python3.8/site-packages/airflow/example_dags/example_skip_dag.py
[2026-04-21T10:23:43.286+0000] {processor.py:830} INFO - Processing file /home/airflow/.local/lib/python3.8/site-packages/airflow/example_dags/example_skip_dag.py for tasks to queue
[2026-04-21T10:23:43.288+0000] {logging_mixin.py:188} INFO - [2026-04-21T10:23:43.287+0000] {dagbag.py:538} INFO - Filling up the DagBag from /home/airflow/.local/lib/python3.8/site-packages/airflow/example_dags/example_skip_dag.py
[2026-04-21T10:23:43.293+0000] {processor.py:840} INFO - DAG(s) 'example_skip_dag' retrieved from /home/airflow/.local/lib/python3.8/site-packages/airflow/example_dags/example_skip_dag.py
[2026-04-21T10:23:43.307+0000] {logging_mixin.py:188} INFO - [2026-04-21T10:23:43.307+0000] {dag.py:3036} INFO - Sync 1 DAGs
[2026-04-21T10:23:43.322+0000] {logging_mixin.py:188} INFO - [2026-04-21T10:23:43.322+0000] {dag.py:3823} INFO - Setting next_dagrun for example_skip_dag to 2026-04-20 00:00:00+00:00, run_after=2026-04-21 00:00:00+00:00
[2026-04-21T10:23:43.333+0000] {processor.py:183} INFO - Processing /home/airflow/.local/lib/python3.8/site-packages/airflow/example_dags/example_skip_dag.py took 0.057 seconds
[2026-04-21T10:24:13.572+0000] {processor.py:161} INFO - Started process (PID=2144) to work on /home/airflow/.local/lib/python3.8/site-packages/airflow/example_dags/example_skip_dag.py
[2026-04-21T10:24:13.581+0000] {processor.py:830} INFO - Processing file /home/airflow/.local/lib/python3.8/site-packages/airflow/example_dags/example_skip_dag.py for tasks to queue
[2026-04-21T10:24:13.582+0000] {logging_mixin.py:188} INFO - [2026-04-21T10:24:13.582+0000] {dagbag.py:538} INFO - Filling up the DagBag from /home/airflow/.local/lib/python3.8/site-packages/airflow/example_dags/example_skip_dag.py
[2026-04-21T10:24:13.587+0000] {processor.py:840} INFO - DAG(s) 'example_skip_dag' retrieved from /home/airflow/.local/lib/python3.8/site-packages/airflow/example_dags/example_skip_dag.py
[2026-04-21T10:24:13.609+0000] {logging_mixin.py:188} INFO - [2026-04-21T10:24:13.608+0000] {dag.py:3036} INFO - Sync 1 DAGs
[2026-04-21T10:24:13.628+0000] {logging_mixin.py:188} INFO - [2026-04-21T10:24:13.628+0000] {dag.py:3823} INFO - Setting next_dagrun for example_skip_dag to 2026-04-20 00:00:00+00:00, run_after=2026-04-21 00:00:00+00:00
[2026-04-21T10:24:13.644+0000] {processor.py:183} INFO - Processing /home/airflow/.local/lib/python3.8/site-packages/airflow/example_dags/example_skip_dag.py took 0.075 seconds
[2026-04-21T10:24:43.805+0000] {processor.py:161} INFO - Started process (PID=2199) to work on /home/airflow/.local/lib/python3.8/site-packages/airflow/example_dags/example_skip_dag.py
[2026-04-21T10:24:43.813+0000] {processor.py:830} INFO - Processing file /home/airflow/.local/lib/python3.8/site-packages/airflow/example_dags/example_skip_dag.py for tasks to queue
[2026-04-21T10:24:43.815+0000] {logging_mixin.py:188} INFO - [2026-04-21T10:24:43.815+0000] {dagbag.py:538} INFO - Filling up the DagBag from /home/airflow/.local/lib/python3.8/site-packages/airflow/example_dags/example_skip_dag.py
[2026-04-21T10:24:43.819+0000] {processor.py:840} INFO - DAG(s) 'example_skip_dag' retrieved from /home/airflow/.local/lib/python3.8/site-packages/airflow/example_dags/example_skip_dag.py
[2026-04-21T10:24:43.836+0000] {logging_mixin.py:188} INFO - [2026-04-21T10:24:43.835+0000] {dag.py:3036} INFO - Sync 1 DAGs
[2026-04-21T10:24:43.853+0000] {logging_mixin.py:188} INFO - [2026-04-21T10:24:43.853+0000] {dag.py:3823} INFO - Setting next_dagrun for example_skip_dag to 2026-04-20 00:00:00+00:00, run_after=2026-04-21 00:00:00+00:00
[2026-04-21T10:24:43.865+0000] {processor.py:183} INFO - Processing /home/airflow/.local/lib/python3.8/site-packages/airflow/example_dags/example_skip_dag.py took 0.063 seconds
[2026-04-21T10:25:13.974+0000] {processor.py:161} INFO - Started process (PID=2254) to work on /home/airflow/.local/lib/python3.8/site-packages/airflow/example_dags/example_skip_dag.py
[2026-04-21T10:25:13.983+0000] {processor.py:830} INFO - Processing file /home/airflow/.local/lib/python3.8/site-packages/airflow/example_dags/example_skip_dag.py for tasks to queue
[2026-04-21T10:25:13.985+0000] {logging_mixin.py:188} INFO - [2026-04-21T10:25:13.985+0000] {dagbag.py:538} INFO - Filling up the DagBag from /home/airflow/.local/lib/python3.8/site-packages/airflow/example_dags/example_skip_dag.py
[2026-04-21T10:25:13.991+0000] {processor.py:840} INFO - DAG(s) 'example_skip_dag' retrieved from /home/airflow/.local/lib/python3.8/site-packages/airflow/example_dags/example_skip_dag.py
[2026-04-21T10:25:14.013+0000] {logging_mixin.py:188} INFO - [2026-04-21T10:25:14.012+0000] {dag.py:3036} INFO - Sync 1 DAGs
[2026-04-21T10:25:14.035+0000] {logging_mixin.py:188} INFO - [2026-04-21T10:25:14.035+0000] {dag.py:3823} INFO - Setting next_dagrun for example_skip_dag to 2026-04-20 00:00:00+00:00, run_after=2026-04-21 00:00:00+00:00
[2026-04-21T10:25:14.057+0000] {processor.py:183} INFO - Processing /home/airflow/.local/lib/python3.8/site-packages/airflow/example_dags/example_skip_dag.py took 0.086 seconds
[2026-04-21T10:25:44.599+0000] {processor.py:161} INFO - Started process (PID=2309) to work on /home/airflow/.local/lib/python3.8/site-packages/airflow/example_dags/example_skip_dag.py
[2026-04-21T10:25:44.608+0000] {processor.py:830} INFO - Processing file /home/airflow/.local/lib/python3.8/site-packages/airflow/example_dags/example_skip_dag.py for tasks to queue
[2026-04-21T10:25:44.609+0000] {logging_mixin.py:188} INFO - [2026-04-21T10:25:44.609+0000] {dagbag.py:538} INFO - Filling up the DagBag from /home/airflow/.local/lib/python3.8/site-packages/airflow/example_dags/example_skip_dag.py
[2026-04-21T10:25:44.614+0000] {processor.py:840} INFO - DAG(s) 'example_skip_dag' retrieved from /home/airflow/.local/lib/python3.8/site-packages/airflow/example_dags/example_skip_dag.py
[2026-04-21T10:25:44.630+0000] {logging_mixin.py:188} INFO - [2026-04-21T10:25:44.630+0000] {dag.py:3036} INFO - Sync 1 DAGs
[2026-04-21T10:25:44.647+0000] {logging_mixin.py:188} INFO - [2026-04-21T10:25:44.647+0000] {dag.py:3823} INFO - Setting next_dagrun for example_skip_dag to 2026-04-20 00:00:00+00:00, run_after=2026-04-21 00:00:00+00:00
[2026-04-21T10:25:44.659+0000] {processor.py:183} INFO - Processing /home/airflow/.local/lib/python3.8/site-packages/airflow/example_dags/example_skip_dag.py took 0.063 seconds
[2026-04-21T10:26:14.813+0000] {processor.py:161} INFO - Started process (PID=2364) to work on /home/airflow/.local/lib/python3.8/site-packages/airflow/example_dags/example_skip_dag.py
[2026-04-21T10:26:14.822+0000] {processor.py:830} INFO - Processing file /home/airflow/.local/lib/python3.8/site-packages/airflow/example_dags/example_skip_dag.py for tasks to queue
[2026-04-21T10:26:14.823+0000] {logging_mixin.py:188} INFO - [2026-04-21T10:26:14.823+0000] {dagbag.py:538} INFO - Filling up the DagBag from /home/airflow/.local/lib/python3.8/site-packages/airflow/example_dags/example_skip_dag.py
[2026-04-21T10:26:14.828+0000] {processor.py:840} INFO - DAG(s) 'example_skip_dag' retrieved from /home/airflow/.local/lib/python3.8/site-packages/airflow/example_dags/example_skip_dag.py
[2026-04-21T10:26:14.845+0000] {logging_mixin.py:188} INFO - [2026-04-21T10:26:14.845+0000] {dag.py:3036} INFO - Sync 1 DAGs
[2026-04-21T10:26:14.864+0000] {logging_mixin.py:188} INFO - [2026-04-21T10:26:14.864+0000] {dag.py:3823} INFO - Setting next_dagrun for example_skip_dag to 2026-04-20 00:00:00+00:00, run_after=2026-04-21 00:00:00+00:00
[2026-04-21T10:26:14.880+0000] {processor.py:183} INFO - Processing /home/airflow/.local/lib/python3.8/site-packages/airflow/example_dags/example_skip_dag.py took 0.069 seconds
[2026-04-21T10:26:45.246+0000] {processor.py:161} INFO - Started process (PID=2419) to work on /home/airflow/.local/lib/python3.8/site-packages/airflow/example_dags/example_skip_dag.py
[2026-04-21T10:26:45.246+0000] {processor.py:830} INFO - Processing file /home/airflow/.local/lib/python3.8/site-packages/airflow/example_dags/example_skip_dag.py for tasks to queue
[2026-04-21T10:26:45.248+0000] {logging_mixin.py:188} INFO - [2026-04-21T10:26:45.247+0000] {dagbag.py:538} INFO - Filling up the DagBag from /home/airflow/.local/lib/python3.8/site-packages/airflow/example_dags/example_skip_dag.py
[2026-04-21T10:26:45.252+0000] {processor.py:840} INFO - DAG(s) 'example_skip_dag' retrieved from /home/airflow/.local/lib/python3.8/site-packages/airflow/example_dags/example_skip_dag.py
[2026-04-21T10:26:45.268+0000] {logging_mixin.py:188} INFO - [2026-04-21T10:26:45.267+0000] {dag.py:3036} INFO - Sync 1 DAGs
[2026-04-21T10:26:45.282+0000] {logging_mixin.py:188} INFO - [2026-04-21T10:26:45.282+0000] {dag.py:3823} INFO - Setting next_dagrun for example_skip_dag to 2026-04-20 00:00:00+00:00, run_after=2026-04-21 00:00:00+00:00
[2026-04-21T10:26:45.293+0000] {processor.py:183} INFO - Processing /home/airflow/.local/lib/python3.8/site-packages/airflow/example_dags/example_skip_dag.py took 0.050 seconds
[2026-04-21T10:27:15.433+0000] {processor.py:161} INFO - Started process (PID=2474) to work on /home/airflow/.local/lib/python3.8/site-packages/airflow/example_dags/example_skip_dag.py
[2026-04-21T10:27:15.441+0000] {processor.py:830} INFO - Processing file /home/airflow/.local/lib/python3.8/site-packages/airflow/example_dags/example_skip_dag.py for tasks to queue
[2026-04-21T10:27:15.443+0000] {logging_mixin.py:188} INFO - [2026-04-21T10:27:15.442+0000] {dagbag.py:538} INFO - Filling up the DagBag from /home/airflow/.local/lib/python3.8/site-packages/airflow/example_dags/example_skip_dag.py
[2026-04-21T10:27:15.447+0000] {processor.py:840} INFO - DAG(s) 'example_skip_dag' retrieved from /home/airflow/.local/lib/python3.8/site-packages/airflow/example_dags/example_skip_dag.py
[2026-04-21T10:27:15.462+0000] {logging_mixin.py:188} INFO - [2026-04-21T10:27:15.462+0000] {dag.py:3036} INFO - Sync 1 DAGs
[2026-04-21T10:27:15.584+0000] {logging_mixin.py:188} INFO - [2026-04-21T10:27:15.584+0000] {dag.py:3823} INFO - Setting next_dagrun for example_skip_dag to 2026-04-20 00:00:00+00:00, run_after=2026-04-21 00:00:00+00:00
[2026-04-21T10:27:15.594+0000] {processor.py:183} INFO - Processing /home/airflow/.local/lib/python3.8/site-packages/airflow/example_dags/example_skip_dag.py took 0.163 seconds
[2026-04-21T10:27:45.617+0000] {processor.py:161} INFO - Started process (PID=2529) to work on /home/airflow/.local/lib/python3.8/site-packages/airflow/example_dags/example_skip_dag.py
[2026-04-21T10:27:45.626+0000] {processor.py:830} INFO - Processing file /home/airflow/.local/lib/python3.8/site-packages/airflow/example_dags/example_skip_dag.py for tasks to queue
[2026-04-21T10:27:45.627+0000] {logging_mixin.py:188} INFO - [2026-04-21T10:27:45.627+0000] {dagbag.py:538} INFO - Filling up the DagBag from /home/airflow/.local/lib/python3.8/site-packages/airflow/example_dags/example_skip_dag.py
[2026-04-21T10:27:45.631+0000] {processor.py:840} INFO - DAG(s) 'example_skip_dag' retrieved from /home/airflow/.local/lib/python3.8/site-packages/airflow/example_dags/example_skip_dag.py
[2026-04-21T10:27:45.646+0000] {logging_mixin.py:188} INFO - [2026-04-21T10:27:45.646+0000] {dag.py:3036} INFO - Sync 1 DAGs
[2026-04-21T10:27:45.660+0000] {logging_mixin.py:188} INFO - [2026-04-21T10:27:45.660+0000] {dag.py:3823} INFO - Setting next_dagrun for example_skip_dag to 2026-04-20 00:00:00+00:00, run_after=2026-04-21 00:00:00+00:00
[2026-04-21T10:27:45.772+0000] {processor.py:183} INFO - Processing /home/airflow/.local/lib/python3.8/site-packages/airflow/example_dags/example_skip_dag.py took 0.157 seconds
[2026-04-21T10:28:16.006+0000] {processor.py:161} INFO - Started process (PID=2584) to work on /home/airflow/.local/lib/python3.8/site-packages/airflow/example_dags/example_skip_dag.py
[2026-04-21T10:28:16.006+0000] {processor.py:830} INFO - Processing file /home/airflow/.local/lib/python3.8/site-packages/airflow/example_dags/example_skip_dag.py for tasks to queue
[2026-04-21T10:28:16.007+0000] {logging_mixin.py:188} INFO - [2026-04-21T10:28:16.007+0000] {dagbag.py:538} INFO - Filling up the DagBag from /home/airflow/.local/lib/python3.8/site-packages/airflow/example_dags/example_skip_dag.py
[2026-04-21T10:28:16.012+0000] {processor.py:840} INFO - DAG(s) 'example_skip_dag' retrieved from /home/airflow/.local/lib/python3.8/site-packages/airflow/example_dags/example_skip_dag.py
[2026-04-21T10:28:16.026+0000] {logging_mixin.py:188} INFO - [2026-04-21T10:28:16.026+0000] {dag.py:3036} INFO - Sync 1 DAGs
[2026-04-21T10:28:16.041+0000] {logging_mixin.py:188} INFO - [2026-04-21T10:28:16.040+0000] {dag.py:3823} INFO - Setting next_dagrun for example_skip_dag to 2026-04-20 00:00:00+00:00, run_after=2026-04-21 00:00:00+00:00
[2026-04-21T10:28:16.051+0000] {processor.py:183} INFO - Processing /home/airflow/.local/lib/python3.8/site-packages/airflow/example_dags/example_skip_dag.py took 0.047 seconds
[2026-04-21T10:28:46.098+0000] {processor.py:161} INFO - Started process (PID=2639) to work on /home/airflow/.local/lib/python3.8/site-packages/airflow/example_dags/example_skip_dag.py
[2026-04-21T10:28:46.107+0000] {processor.py:830} INFO - Processing file /home/airflow/.local/lib/python3.8/site-packages/airflow/example_dags/example_skip_dag.py for tasks to queue
[2026-04-21T10:28:46.109+0000] {logging_mixin.py:188} INFO - [2026-04-21T10:28:46.108+0000] {dagbag.py:538} INFO - Filling up the DagBag from /home/airflow/.local/lib/python3.8/site-packages/airflow/example_dags/example_skip_dag.py
[2026-04-21T10:28:46.113+0000] {processor.py:840} INFO - DAG(s) 'example_skip_dag' retrieved from /home/airflow/.local/lib/python3.8/site-packages/airflow/example_dags/example_skip_dag.py
[2026-04-21T10:28:46.129+0000] {logging_mixin.py:188} INFO - [2026-04-21T10:28:46.129+0000] {dag.py:3036} INFO - Sync 1 DAGs
[2026-04-21T10:28:46.146+0000] {logging_mixin.py:188} INFO - [2026-04-21T10:28:46.146+0000] {dag.py:3823} INFO - Setting next_dagrun for example_skip_dag to 2026-04-20 00:00:00+00:00, run_after=2026-04-21 00:00:00+00:00
[2026-04-21T10:28:46.157+0000] {processor.py:183} INFO - Processing /home/airflow/.local/lib/python3.8/site-packages/airflow/example_dags/example_skip_dag.py took 0.061 seconds
[2026-04-21T10:29:16.875+0000] {processor.py:161} INFO - Started process (PID=2694) to work on /home/airflow/.local/lib/python3.8/site-packages/airflow/example_dags/example_skip_dag.py
[2026-04-21T10:29:16.884+0000] {processor.py:830} INFO - Processing file /home/airflow/.local/lib/python3.8/site-packages/airflow/example_dags/example_skip_dag.py for tasks to queue
[2026-04-21T10:29:16.885+0000] {logging_mixin.py:188} INFO - [2026-04-21T10:29:16.885+0000] {dagbag.py:538} INFO - Filling up the DagBag from /home/airflow/.local/lib/python3.8/site-packages/airflow/example_dags/example_skip_dag.py
[2026-04-21T10:29:16.889+0000] {processor.py:840} INFO - DAG(s) 'example_skip_dag' retrieved from /home/airflow/.local/lib/python3.8/site-packages/airflow/example_dags/example_skip_dag.py
[2026-04-21T10:29:16.903+0000] {logging_mixin.py:188} INFO - [2026-04-21T10:29:16.903+0000] {dag.py:3036} INFO - Sync 1 DAGs
[2026-04-21T10:29:16.918+0000] {logging_mixin.py:188} INFO - [2026-04-21T10:29:16.918+0000] {dag.py:3823} INFO - Setting next_dagrun for example_skip_dag to 2026-04-20 00:00:00+00:00, run_after=2026-04-21 00:00:00+00:00
[2026-04-21T10:29:16.931+0000] {processor.py:183} INFO - Processing /home/airflow/.local/lib/python3.8/site-packages/airflow/example_dags/example_skip_dag.py took 0.058 seconds
[2026-04-21T10:29:47.576+0000] {processor.py:161} INFO - Started process (PID=2749) to work on /home/airflow/.local/lib/python3.8/site-packages/airflow/example_dags/example_skip_dag.py
[2026-04-21T10:29:47.577+0000] {processor.py:830} INFO - Processing file /home/airflow/.local/lib/python3.8/site-packages/airflow/example_dags/example_skip_dag.py for tasks to queue
[2026-04-21T10:29:47.579+0000] {logging_mixin.py:188} INFO - [2026-04-21T10:29:47.578+0000] {dagbag.py:538} INFO - Filling up the DagBag from /home/airflow/.local/lib/python3.8/site-packages/airflow/example_dags/example_skip_dag.py
[2026-04-21T10:29:47.583+0000] {processor.py:840} INFO - DAG(s) 'example_skip_dag' retrieved from /home/airflow/.local/lib/python3.8/site-packages/airflow/example_dags/example_skip_dag.py
[2026-04-21T10:29:47.597+0000] {logging_mixin.py:188} INFO - [2026-04-21T10:29:47.597+0000] {dag.py:3036} INFO - Sync 1 DAGs
[2026-04-21T10:29:47.612+0000] {logging_mixin.py:188} INFO - [2026-04-21T10:29:47.612+0000] {dag.py:3823} INFO - Setting next_dagrun for example_skip_dag to 2026-04-20 00:00:00+00:00, run_after=2026-04-21 00:00:00+00:00
[2026-04-21T10:29:47.623+0000] {processor.py:183} INFO - Processing /home/airflow/.local/lib/python3.8/site-packages/airflow/example_dags/example_skip_dag.py took 0.050 seconds
[2026-04-21T10:30:18.394+0000] {processor.py:161} INFO - Started process (PID=2804) to work on /home/airflow/.local/lib/python3.8/site-packages/airflow/example_dags/example_skip_dag.py
[2026-04-21T10:30:18.395+0000] {processor.py:830} INFO - Processing file /home/airflow/.local/lib/python3.8/site-packages/airflow/example_dags/example_skip_dag.py for tasks to queue
[2026-04-21T10:30:18.397+0000] {logging_mixin.py:188} INFO - [2026-04-21T10:30:18.396+0000] {dagbag.py:538} INFO - Filling up the DagBag from /home/airflow/.local/lib/python3.8/site-packages/airflow/example_dags/example_skip_dag.py
[2026-04-21T10:30:18.402+0000] {processor.py:840} INFO - DAG(s) 'example_skip_dag' retrieved from /home/airflow/.local/lib/python3.8/site-packages/airflow/example_dags/example_skip_dag.py
[2026-04-21T10:30:18.416+0000] {logging_mixin.py:188} INFO - [2026-04-21T10:30:18.416+0000] {dag.py:3036} INFO - Sync 1 DAGs
[2026-04-21T10:30:18.430+0000] {logging_mixin.py:188} INFO - [2026-04-21T10:30:18.430+0000] {dag.py:3823} INFO - Setting next_dagrun for example_skip_dag to 2026-04-20 00:00:00+00:00, run_after=2026-04-21 00:00:00+00:00
[2026-04-21T10:30:18.439+0000] {processor.py:183} INFO - Processing /home/airflow/.local/lib/python3.8/site-packages/airflow/example_dags/example_skip_dag.py took 0.049 seconds
[2026-04-21T10:30:49.176+0000] {processor.py:161} INFO - Started process (PID=2859) to work on /home/airflow/.local/lib/python3.8/site-packages/airflow/example_dags/example_skip_dag.py
[2026-04-21T10:30:49.177+0000] {processor.py:830} INFO - Processing file /home/airflow/.local/lib/python3.8/site-packages/airflow/example_dags/example_skip_dag.py for tasks to queue
[2026-04-21T10:30:49.178+0000] {logging_mixin.py:188} INFO - [2026-04-21T10:30:49.178+0000] {dagbag.py:538} INFO - Filling up the DagBag from /home/airflow/.local/lib/python3.8/site-packages/airflow/example_dags/example_skip_dag.py
[2026-04-21T10:30:49.182+0000] {processor.py:840} INFO - DAG(s) 'example_skip_dag' retrieved from /home/airflow/.local/lib/python3.8/site-packages/airflow/example_dags/example_skip_dag.py
[2026-04-21T10:30:49.196+0000] {logging_mixin.py:188} INFO - [2026-04-21T10:30:49.196+0000] {dag.py:3036} INFO - Sync 1 DAGs
[2026-04-21T10:30:49.211+0000] {logging_mixin.py:188} INFO - [2026-04-21T10:30:49.211+0000] {dag.py:3823} INFO - Setting next_dagrun for example_skip_dag to 2026-04-20 00:00:00+00:00, run_after=2026-04-21 00:00:00+00:00
[2026-04-21T10:30:49.220+0000] {processor.py:183} INFO - Processing /home/airflow/.local/lib/python3.8/site-packages/airflow/example_dags/example_skip_dag.py took 0.047 seconds
[2026-04-21T10:31:19.868+0000] {processor.py:161} INFO - Started process (PID=2914) to work on /home/airflow/.local/lib/python3.8/site-packages/airflow/example_dags/example_skip_dag.py
[2026-04-21T10:31:19.868+0000] {processor.py:830} INFO - Processing file /home/airflow/.local/lib/python3.8/site-packages/airflow/example_dags/example_skip_dag.py for tasks to queue
[2026-04-21T10:31:19.870+0000] {logging_mixin.py:188} INFO - [2026-04-21T10:31:19.869+0000] {dagbag.py:538} INFO - Filling up the DagBag from /home/airflow/.local/lib/python3.8/site-packages/airflow/example_dags/example_skip_dag.py
[2026-04-21T10:31:19.874+0000] {processor.py:840} INFO - DAG(s) 'example_skip_dag' retrieved from /home/airflow/.local/lib/python3.8/site-packages/airflow/example_dags/example_skip_dag.py
[2026-04-21T10:31:19.887+0000] {logging_mixin.py:188} INFO - [2026-04-21T10:31:19.887+0000] {dag.py:3036} INFO - Sync 1 DAGs
[2026-04-21T10:31:19.901+0000] {logging_mixin.py:188} INFO - [2026-04-21T10:31:19.901+0000] {dag.py:3823} INFO - Setting next_dagrun for example_skip_dag to 2026-04-20 00:00:00+00:00, run_after=2026-04-21 00:00:00+00:00
[2026-04-21T10:31:19.911+0000] {processor.py:183} INFO - Processing /home/airflow/.local/lib/python3.8/site-packages/airflow/example_dags/example_skip_dag.py took 0.047 seconds
[2026-04-21T10:31:50.712+0000] {processor.py:161} INFO - Started process (PID=2969) to work on /home/airflow/.local/lib/python3.8/site-packages/airflow/example_dags/example_skip_dag.py
[2026-04-21T10:31:50.712+0000] {processor.py:830} INFO - Processing file /home/airflow/.local/lib/python3.8/site-packages/airflow/example_dags/example_skip_dag.py for tasks to queue
[2026-04-21T10:31:50.714+0000] {logging_mixin.py:188} INFO - [2026-04-21T10:31:50.713+0000] {dagbag.py:538} INFO - Filling up the DagBag from /home/airflow/.local/lib/python3.8/site-packages/airflow/example_dags/example_skip_dag.py
[2026-04-21T10:31:50.718+0000] {processor.py:840} INFO - DAG(s) 'example_skip_dag' retrieved from /home/airflow/.local/lib/python3.8/site-packages/airflow/example_dags/example_skip_dag.py
[2026-04-21T10:31:50.731+0000] {logging_mixin.py:188} INFO - [2026-04-21T10:31:50.731+0000] {dag.py:3036} INFO - Sync 1 DAGs
[2026-04-21T10:31:50.745+0000] {logging_mixin.py:188} INFO - [2026-04-21T10:31:50.745+0000] {dag.py:3823} INFO - Setting next_dagrun for example_skip_dag to 2026-04-20 00:00:00+00:00, run_after=2026-04-21 00:00:00+00:00
[2026-04-21T10:31:50.755+0000] {processor.py:183} INFO - Processing /home/airflow/.local/lib/python3.8/site-packages/airflow/example_dags/example_skip_dag.py took 0.045 seconds
[2026-04-21T10:32:21.530+0000] {processor.py:161} INFO - Started process (PID=3024) to work on /home/airflow/.local/lib/python3.8/site-packages/airflow/example_dags/example_skip_dag.py
[2026-04-21T10:32:21.539+0000] {processor.py:830} INFO - Processing file /home/airflow/.local/lib/python3.8/site-packages/airflow/example_dags/example_skip_dag.py for tasks to queue
[2026-04-21T10:32:21.540+0000] {logging_mixin.py:188} INFO - [2026-04-21T10:32:21.540+0000] {dagbag.py:538} INFO - Filling up the DagBag from /home/airflow/.local/lib/python3.8/site-packages/airflow/example_dags/example_skip_dag.py
[2026-04-21T10:32:21.545+0000] {processor.py:840} INFO - DAG(s) 'example_skip_dag' retrieved from /home/airflow/.local/lib/python3.8/site-packages/airflow/example_dags/example_skip_dag.py
[2026-04-21T10:32:21.559+0000] {logging_mixin.py:188} INFO - [2026-04-21T10:32:21.559+0000] {dag.py:3036} INFO - Sync 1 DAGs
[2026-04-21T10:32:21.574+0000] {logging_mixin.py:188} INFO - [2026-04-21T10:32:21.573+0000] {dag.py:3823} INFO - Setting next_dagrun for example_skip_dag to 2026-04-20 00:00:00+00:00, run_after=2026-04-21 00:00:00+00:00
[2026-04-21T10:32:21.583+0000] {processor.py:183} INFO - Processing /home/airflow/.local/lib/python3.8/site-packages/airflow/example_dags/example_skip_dag.py took 0.057 seconds
[2026-04-21T10:32:52.147+0000] {processor.py:161} INFO - Started process (PID=3079) to work on /home/airflow/.local/lib/python3.8/site-packages/airflow/example_dags/example_skip_dag.py
[2026-04-21T10:32:52.148+0000] {processor.py:830} INFO - Processing file /home/airflow/.local/lib/python3.8/site-packages/airflow/example_dags/example_skip_dag.py for tasks to queue
[2026-04-21T10:32:52.149+0000] {logging_mixin.py:188} INFO - [2026-04-21T10:32:52.148+0000] {dagbag.py:538} INFO - Filling up the DagBag from /home/airflow/.local/lib/python3.8/site-packages/airflow/example_dags/example_skip_dag.py
[2026-04-21T10:32:52.153+0000] {processor.py:840} INFO - DAG(s) 'example_skip_dag' retrieved from /home/airflow/.local/lib/python3.8/site-packages/airflow/example_dags/example_skip_dag.py
[2026-04-21T10:32:52.169+0000] {logging_mixin.py:188} INFO - [2026-04-21T10:32:52.169+0000] {dag.py:3036} INFO - Sync 1 DAGs
[2026-04-21T10:32:52.184+0000] {logging_mixin.py:188} INFO - [2026-04-21T10:32:52.184+0000] {dag.py:3823} INFO - Setting next_dagrun for example_skip_dag to 2026-04-20 00:00:00+00:00, run_after=2026-04-21 00:00:00+00:00
[2026-04-21T10:32:52.194+0000] {processor.py:183} INFO - Processing /home/airflow/.local/lib/python3.8/site-packages/airflow/example_dags/example_skip_dag.py took 0.050 seconds
[2026-04-21T10:33:22.220+0000] {processor.py:161} INFO - Started process (PID=3132) to work on /home/airflow/.local/lib/python3.8/site-packages/airflow/example_dags/example_skip_dag.py
[2026-04-21T10:33:22.221+0000] {processor.py:830} INFO - Processing file /home/airflow/.local/lib/python3.8/site-packages/airflow/example_dags/example_skip_dag.py for tasks to queue
[2026-04-21T10:33:22.223+0000] {logging_mixin.py:188} INFO - [2026-04-21T10:33:22.223+0000] {dagbag.py:538} INFO - Filling up the DagBag from /home/airflow/.local/lib/python3.8/site-packages/airflow/example_dags/example_skip_dag.py
[2026-04-21T10:33:22.230+0000] {processor.py:840} INFO - DAG(s) 'example_skip_dag' retrieved from /home/airflow/.local/lib/python3.8/site-packages/airflow/example_dags/example_skip_dag.py
[2026-04-21T10:33:22.246+0000] {logging_mixin.py:188} INFO - [2026-04-21T10:33:22.246+0000] {dag.py:3036} INFO - Sync 1 DAGs
[2026-04-21T10:33:22.261+0000] {logging_mixin.py:188} INFO - [2026-04-21T10:33:22.261+0000] {dag.py:3823} INFO - Setting next_dagrun for example_skip_dag to 2026-04-20 00:00:00+00:00, run_after=2026-04-21 00:00:00+00:00
[2026-04-21T10:33:22.271+0000] {processor.py:183} INFO - Processing /home/airflow/.local/lib/python3.8/site-packages/airflow/example_dags/example_skip_dag.py took 0.054 seconds
