[2026-04-16T03:45:06.289+0000] {processor.py:161} INFO - Started process (PID=55) to work on /home/airflow/.local/lib/python3.8/site-packages/airflow/example_dags/example_complex.py
[2026-04-16T03:45:06.289+0000] {processor.py:830} INFO - Processing file /home/airflow/.local/lib/python3.8/site-packages/airflow/example_dags/example_complex.py for tasks to queue
[2026-04-16T03:45:06.291+0000] {logging_mixin.py:188} INFO - [2026-04-16T03:45:06.290+0000] {dagbag.py:538} INFO - Filling up the DagBag from /home/airflow/.local/lib/python3.8/site-packages/airflow/example_dags/example_complex.py
[2026-04-16T03:45:06.301+0000] {processor.py:840} INFO - DAG(s) 'example_complex' retrieved from /home/airflow/.local/lib/python3.8/site-packages/airflow/example_dags/example_complex.py
[2026-04-16T03:45:06.337+0000] {logging_mixin.py:188} INFO - [2026-04-16T03:45:06.337+0000] {dag.py:3036} INFO - Sync 1 DAGs
[2026-04-16T03:45:06.346+0000] {logging_mixin.py:188} INFO - [2026-04-16T03:45:06.345+0000] {dag.py:3823} INFO - Setting next_dagrun for example_complex to None, run_after=None
[2026-04-16T03:45:06.360+0000] {processor.py:183} INFO - Processing /home/airflow/.local/lib/python3.8/site-packages/airflow/example_dags/example_complex.py took 0.073 seconds
[2026-04-16T03:45:36.704+0000] {processor.py:161} INFO - Started process (PID=110) to work on /home/airflow/.local/lib/python3.8/site-packages/airflow/example_dags/example_complex.py
[2026-04-16T03:45:36.705+0000] {processor.py:830} INFO - Processing file /home/airflow/.local/lib/python3.8/site-packages/airflow/example_dags/example_complex.py for tasks to queue
[2026-04-16T03:45:36.707+0000] {logging_mixin.py:188} INFO - [2026-04-16T03:45:36.707+0000] {dagbag.py:538} INFO - Filling up the DagBag from /home/airflow/.local/lib/python3.8/site-packages/airflow/example_dags/example_complex.py
[2026-04-16T03:45:36.722+0000] {processor.py:840} INFO - DAG(s) 'example_complex' retrieved from /home/airflow/.local/lib/python3.8/site-packages/airflow/example_dags/example_complex.py
[2026-04-16T03:45:36.765+0000] {logging_mixin.py:188} INFO - [2026-04-16T03:45:36.765+0000] {dag.py:3036} INFO - Sync 1 DAGs
[2026-04-16T03:45:36.781+0000] {logging_mixin.py:188} INFO - [2026-04-16T03:45:36.781+0000] {dag.py:3823} INFO - Setting next_dagrun for example_complex to None, run_after=None
[2026-04-16T03:45:36.805+0000] {processor.py:183} INFO - Processing /home/airflow/.local/lib/python3.8/site-packages/airflow/example_dags/example_complex.py took 0.105 seconds
[2026-04-16T03:46:07.805+0000] {processor.py:161} INFO - Started process (PID=165) to work on /home/airflow/.local/lib/python3.8/site-packages/airflow/example_dags/example_complex.py
[2026-04-16T03:46:07.806+0000] {processor.py:830} INFO - Processing file /home/airflow/.local/lib/python3.8/site-packages/airflow/example_dags/example_complex.py for tasks to queue
[2026-04-16T03:46:07.808+0000] {logging_mixin.py:188} INFO - [2026-04-16T03:46:07.808+0000] {dagbag.py:538} INFO - Filling up the DagBag from /home/airflow/.local/lib/python3.8/site-packages/airflow/example_dags/example_complex.py
[2026-04-16T03:46:07.823+0000] {processor.py:840} INFO - DAG(s) 'example_complex' retrieved from /home/airflow/.local/lib/python3.8/site-packages/airflow/example_dags/example_complex.py
[2026-04-16T03:46:07.867+0000] {logging_mixin.py:188} INFO - [2026-04-16T03:46:07.866+0000] {dag.py:3036} INFO - Sync 1 DAGs
[2026-04-16T03:46:07.884+0000] {logging_mixin.py:188} INFO - [2026-04-16T03:46:07.883+0000] {dag.py:3823} INFO - Setting next_dagrun for example_complex to None, run_after=None
[2026-04-16T03:46:07.907+0000] {processor.py:183} INFO - Processing /home/airflow/.local/lib/python3.8/site-packages/airflow/example_dags/example_complex.py took 0.107 seconds
[2026-04-16T03:46:38.083+0000] {processor.py:161} INFO - Started process (PID=226) to work on /home/airflow/.local/lib/python3.8/site-packages/airflow/example_dags/example_complex.py
[2026-04-16T03:46:38.084+0000] {processor.py:830} INFO - Processing file /home/airflow/.local/lib/python3.8/site-packages/airflow/example_dags/example_complex.py for tasks to queue
[2026-04-16T03:46:38.086+0000] {logging_mixin.py:188} INFO - [2026-04-16T03:46:38.086+0000] {dagbag.py:538} INFO - Filling up the DagBag from /home/airflow/.local/lib/python3.8/site-packages/airflow/example_dags/example_complex.py
[2026-04-16T03:46:38.103+0000] {processor.py:840} INFO - DAG(s) 'example_complex' retrieved from /home/airflow/.local/lib/python3.8/site-packages/airflow/example_dags/example_complex.py
[2026-04-16T03:46:38.154+0000] {logging_mixin.py:188} INFO - [2026-04-16T03:46:38.154+0000] {dag.py:3036} INFO - Sync 1 DAGs
[2026-04-16T03:46:38.178+0000] {logging_mixin.py:188} INFO - [2026-04-16T03:46:38.177+0000] {dag.py:3823} INFO - Setting next_dagrun for example_complex to None, run_after=None
[2026-04-16T03:46:38.206+0000] {processor.py:183} INFO - Processing /home/airflow/.local/lib/python3.8/site-packages/airflow/example_dags/example_complex.py took 0.129 seconds
[2026-04-16T03:47:08.546+0000] {processor.py:161} INFO - Started process (PID=281) to work on /home/airflow/.local/lib/python3.8/site-packages/airflow/example_dags/example_complex.py
[2026-04-16T03:47:08.547+0000] {processor.py:830} INFO - Processing file /home/airflow/.local/lib/python3.8/site-packages/airflow/example_dags/example_complex.py for tasks to queue
[2026-04-16T03:47:08.549+0000] {logging_mixin.py:188} INFO - [2026-04-16T03:47:08.549+0000] {dagbag.py:538} INFO - Filling up the DagBag from /home/airflow/.local/lib/python3.8/site-packages/airflow/example_dags/example_complex.py
[2026-04-16T03:47:08.564+0000] {processor.py:840} INFO - DAG(s) 'example_complex' retrieved from /home/airflow/.local/lib/python3.8/site-packages/airflow/example_dags/example_complex.py
[2026-04-16T03:47:08.608+0000] {logging_mixin.py:188} INFO - [2026-04-16T03:47:08.608+0000] {dag.py:3036} INFO - Sync 1 DAGs
[2026-04-16T03:47:08.625+0000] {logging_mixin.py:188} INFO - [2026-04-16T03:47:08.625+0000] {dag.py:3823} INFO - Setting next_dagrun for example_complex to None, run_after=None
[2026-04-16T03:47:08.651+0000] {processor.py:183} INFO - Processing /home/airflow/.local/lib/python3.8/site-packages/airflow/example_dags/example_complex.py took 0.110 seconds
[2026-04-16T03:47:39.036+0000] {processor.py:161} INFO - Started process (PID=336) to work on /home/airflow/.local/lib/python3.8/site-packages/airflow/example_dags/example_complex.py
[2026-04-16T03:47:39.037+0000] {processor.py:830} INFO - Processing file /home/airflow/.local/lib/python3.8/site-packages/airflow/example_dags/example_complex.py for tasks to queue
[2026-04-16T03:47:39.039+0000] {logging_mixin.py:188} INFO - [2026-04-16T03:47:39.039+0000] {dagbag.py:538} INFO - Filling up the DagBag from /home/airflow/.local/lib/python3.8/site-packages/airflow/example_dags/example_complex.py
[2026-04-16T03:47:39.059+0000] {processor.py:840} INFO - DAG(s) 'example_complex' retrieved from /home/airflow/.local/lib/python3.8/site-packages/airflow/example_dags/example_complex.py
[2026-04-16T03:47:39.100+0000] {logging_mixin.py:188} INFO - [2026-04-16T03:47:39.100+0000] {dag.py:3036} INFO - Sync 1 DAGs
[2026-04-16T03:47:39.117+0000] {logging_mixin.py:188} INFO - [2026-04-16T03:47:39.117+0000] {dag.py:3823} INFO - Setting next_dagrun for example_complex to None, run_after=None
[2026-04-16T03:47:39.147+0000] {processor.py:183} INFO - Processing /home/airflow/.local/lib/python3.8/site-packages/airflow/example_dags/example_complex.py took 0.117 seconds
[2026-04-16T03:48:09.823+0000] {processor.py:161} INFO - Started process (PID=391) to work on /home/airflow/.local/lib/python3.8/site-packages/airflow/example_dags/example_complex.py
[2026-04-16T03:48:09.825+0000] {processor.py:830} INFO - Processing file /home/airflow/.local/lib/python3.8/site-packages/airflow/example_dags/example_complex.py for tasks to queue
[2026-04-16T03:48:09.827+0000] {logging_mixin.py:188} INFO - [2026-04-16T03:48:09.826+0000] {dagbag.py:538} INFO - Filling up the DagBag from /home/airflow/.local/lib/python3.8/site-packages/airflow/example_dags/example_complex.py
[2026-04-16T03:48:09.842+0000] {processor.py:840} INFO - DAG(s) 'example_complex' retrieved from /home/airflow/.local/lib/python3.8/site-packages/airflow/example_dags/example_complex.py
[2026-04-16T03:48:09.884+0000] {logging_mixin.py:188} INFO - [2026-04-16T03:48:09.883+0000] {dag.py:3036} INFO - Sync 1 DAGs
[2026-04-16T03:48:09.904+0000] {logging_mixin.py:188} INFO - [2026-04-16T03:48:09.903+0000] {dag.py:3823} INFO - Setting next_dagrun for example_complex to None, run_after=None
[2026-04-16T03:48:09.929+0000] {processor.py:183} INFO - Processing /home/airflow/.local/lib/python3.8/site-packages/airflow/example_dags/example_complex.py took 0.110 seconds
[2026-04-16T03:48:40.590+0000] {processor.py:161} INFO - Started process (PID=446) to work on /home/airflow/.local/lib/python3.8/site-packages/airflow/example_dags/example_complex.py
[2026-04-16T03:48:40.592+0000] {processor.py:830} INFO - Processing file /home/airflow/.local/lib/python3.8/site-packages/airflow/example_dags/example_complex.py for tasks to queue
[2026-04-16T03:48:40.594+0000] {logging_mixin.py:188} INFO - [2026-04-16T03:48:40.594+0000] {dagbag.py:538} INFO - Filling up the DagBag from /home/airflow/.local/lib/python3.8/site-packages/airflow/example_dags/example_complex.py
[2026-04-16T03:48:40.610+0000] {processor.py:840} INFO - DAG(s) 'example_complex' retrieved from /home/airflow/.local/lib/python3.8/site-packages/airflow/example_dags/example_complex.py
[2026-04-16T03:48:40.653+0000] {logging_mixin.py:188} INFO - [2026-04-16T03:48:40.652+0000] {dag.py:3036} INFO - Sync 1 DAGs
[2026-04-16T03:48:40.670+0000] {logging_mixin.py:188} INFO - [2026-04-16T03:48:40.670+0000] {dag.py:3823} INFO - Setting next_dagrun for example_complex to None, run_after=None
[2026-04-16T03:48:40.697+0000] {processor.py:183} INFO - Processing /home/airflow/.local/lib/python3.8/site-packages/airflow/example_dags/example_complex.py took 0.112 seconds
[2026-04-16T03:49:11.002+0000] {processor.py:161} INFO - Started process (PID=501) to work on /home/airflow/.local/lib/python3.8/site-packages/airflow/example_dags/example_complex.py
[2026-04-16T03:49:11.003+0000] {processor.py:830} INFO - Processing file /home/airflow/.local/lib/python3.8/site-packages/airflow/example_dags/example_complex.py for tasks to queue
[2026-04-16T03:49:11.006+0000] {logging_mixin.py:188} INFO - [2026-04-16T03:49:11.006+0000] {dagbag.py:538} INFO - Filling up the DagBag from /home/airflow/.local/lib/python3.8/site-packages/airflow/example_dags/example_complex.py
[2026-04-16T03:49:11.022+0000] {processor.py:840} INFO - DAG(s) 'example_complex' retrieved from /home/airflow/.local/lib/python3.8/site-packages/airflow/example_dags/example_complex.py
[2026-04-16T03:49:11.066+0000] {logging_mixin.py:188} INFO - [2026-04-16T03:49:11.065+0000] {dag.py:3036} INFO - Sync 1 DAGs
[2026-04-16T03:49:11.084+0000] {logging_mixin.py:188} INFO - [2026-04-16T03:49:11.083+0000] {dag.py:3823} INFO - Setting next_dagrun for example_complex to None, run_after=None
[2026-04-16T03:49:11.108+0000] {processor.py:183} INFO - Processing /home/airflow/.local/lib/python3.8/site-packages/airflow/example_dags/example_complex.py took 0.111 seconds
[2026-04-16T03:49:41.480+0000] {processor.py:161} INFO - Started process (PID=557) to work on /home/airflow/.local/lib/python3.8/site-packages/airflow/example_dags/example_complex.py
[2026-04-16T03:49:41.481+0000] {processor.py:830} INFO - Processing file /home/airflow/.local/lib/python3.8/site-packages/airflow/example_dags/example_complex.py for tasks to queue
[2026-04-16T03:49:41.484+0000] {logging_mixin.py:188} INFO - [2026-04-16T03:49:41.483+0000] {dagbag.py:538} INFO - Filling up the DagBag from /home/airflow/.local/lib/python3.8/site-packages/airflow/example_dags/example_complex.py
[2026-04-16T03:49:41.500+0000] {processor.py:840} INFO - DAG(s) 'example_complex' retrieved from /home/airflow/.local/lib/python3.8/site-packages/airflow/example_dags/example_complex.py
[2026-04-16T03:49:41.545+0000] {logging_mixin.py:188} INFO - [2026-04-16T03:49:41.545+0000] {dag.py:3036} INFO - Sync 1 DAGs
[2026-04-16T03:49:41.563+0000] {logging_mixin.py:188} INFO - [2026-04-16T03:49:41.563+0000] {dag.py:3823} INFO - Setting next_dagrun for example_complex to None, run_after=None
[2026-04-16T03:49:41.591+0000] {processor.py:183} INFO - Processing /home/airflow/.local/lib/python3.8/site-packages/airflow/example_dags/example_complex.py took 0.115 seconds
[2026-04-16T03:50:11.716+0000] {processor.py:161} INFO - Started process (PID=612) to work on /home/airflow/.local/lib/python3.8/site-packages/airflow/example_dags/example_complex.py
[2026-04-16T03:50:11.718+0000] {processor.py:830} INFO - Processing file /home/airflow/.local/lib/python3.8/site-packages/airflow/example_dags/example_complex.py for tasks to queue
[2026-04-16T03:50:11.720+0000] {logging_mixin.py:188} INFO - [2026-04-16T03:50:11.719+0000] {dagbag.py:538} INFO - Filling up the DagBag from /home/airflow/.local/lib/python3.8/site-packages/airflow/example_dags/example_complex.py
[2026-04-16T03:50:11.734+0000] {processor.py:840} INFO - DAG(s) 'example_complex' retrieved from /home/airflow/.local/lib/python3.8/site-packages/airflow/example_dags/example_complex.py
[2026-04-16T03:50:11.777+0000] {logging_mixin.py:188} INFO - [2026-04-16T03:50:11.776+0000] {dag.py:3036} INFO - Sync 1 DAGs
[2026-04-16T03:50:11.795+0000] {logging_mixin.py:188} INFO - [2026-04-16T03:50:11.795+0000] {dag.py:3823} INFO - Setting next_dagrun for example_complex to None, run_after=None
[2026-04-16T03:50:11.819+0000] {processor.py:183} INFO - Processing /home/airflow/.local/lib/python3.8/site-packages/airflow/example_dags/example_complex.py took 0.108 seconds
[2026-04-16T03:51:55.623+0000] {processor.py:161} INFO - Started process (PID=56) to work on /home/airflow/.local/lib/python3.8/site-packages/airflow/example_dags/example_complex.py
[2026-04-16T03:51:55.624+0000] {processor.py:830} INFO - Processing file /home/airflow/.local/lib/python3.8/site-packages/airflow/example_dags/example_complex.py for tasks to queue
[2026-04-16T03:51:55.625+0000] {logging_mixin.py:188} INFO - [2026-04-16T03:51:55.625+0000] {dagbag.py:538} INFO - Filling up the DagBag from /home/airflow/.local/lib/python3.8/site-packages/airflow/example_dags/example_complex.py
[2026-04-16T03:51:55.636+0000] {processor.py:840} INFO - DAG(s) 'example_complex' retrieved from /home/airflow/.local/lib/python3.8/site-packages/airflow/example_dags/example_complex.py
[2026-04-16T03:51:55.676+0000] {logging_mixin.py:188} INFO - [2026-04-16T03:51:55.676+0000] {dag.py:3036} INFO - Sync 1 DAGs
[2026-04-16T03:51:55.686+0000] {logging_mixin.py:188} INFO - [2026-04-16T03:51:55.686+0000] {dag.py:3823} INFO - Setting next_dagrun for example_complex to None, run_after=None
[2026-04-16T03:51:55.701+0000] {processor.py:183} INFO - Processing /home/airflow/.local/lib/python3.8/site-packages/airflow/example_dags/example_complex.py took 0.081 seconds
[2026-04-16T03:52:26.609+0000] {processor.py:161} INFO - Started process (PID=112) to work on /home/airflow/.local/lib/python3.8/site-packages/airflow/example_dags/example_complex.py
[2026-04-16T03:52:26.610+0000] {processor.py:830} INFO - Processing file /home/airflow/.local/lib/python3.8/site-packages/airflow/example_dags/example_complex.py for tasks to queue
[2026-04-16T03:52:26.612+0000] {logging_mixin.py:188} INFO - [2026-04-16T03:52:26.612+0000] {dagbag.py:538} INFO - Filling up the DagBag from /home/airflow/.local/lib/python3.8/site-packages/airflow/example_dags/example_complex.py
[2026-04-16T03:52:26.628+0000] {processor.py:840} INFO - DAG(s) 'example_complex' retrieved from /home/airflow/.local/lib/python3.8/site-packages/airflow/example_dags/example_complex.py
[2026-04-16T03:52:26.670+0000] {logging_mixin.py:188} INFO - [2026-04-16T03:52:26.670+0000] {dag.py:3036} INFO - Sync 1 DAGs
[2026-04-16T03:52:26.686+0000] {logging_mixin.py:188} INFO - [2026-04-16T03:52:26.686+0000] {dag.py:3823} INFO - Setting next_dagrun for example_complex to None, run_after=None
[2026-04-16T03:52:26.712+0000] {processor.py:183} INFO - Processing /home/airflow/.local/lib/python3.8/site-packages/airflow/example_dags/example_complex.py took 0.108 seconds
[2026-04-16T03:52:56.908+0000] {processor.py:161} INFO - Started process (PID=167) to work on /home/airflow/.local/lib/python3.8/site-packages/airflow/example_dags/example_complex.py
[2026-04-16T03:52:56.909+0000] {processor.py:830} INFO - Processing file /home/airflow/.local/lib/python3.8/site-packages/airflow/example_dags/example_complex.py for tasks to queue
[2026-04-16T03:52:56.910+0000] {logging_mixin.py:188} INFO - [2026-04-16T03:52:56.910+0000] {dagbag.py:538} INFO - Filling up the DagBag from /home/airflow/.local/lib/python3.8/site-packages/airflow/example_dags/example_complex.py
[2026-04-16T03:52:56.917+0000] {processor.py:840} INFO - DAG(s) 'example_complex' retrieved from /home/airflow/.local/lib/python3.8/site-packages/airflow/example_dags/example_complex.py
[2026-04-16T03:52:56.939+0000] {logging_mixin.py:188} INFO - [2026-04-16T03:52:56.939+0000] {dag.py:3036} INFO - Sync 1 DAGs
[2026-04-16T03:52:56.949+0000] {logging_mixin.py:188} INFO - [2026-04-16T03:52:56.948+0000] {dag.py:3823} INFO - Setting next_dagrun for example_complex to None, run_after=None
[2026-04-16T03:52:56.962+0000] {processor.py:183} INFO - Processing /home/airflow/.local/lib/python3.8/site-packages/airflow/example_dags/example_complex.py took 0.057 seconds
[2026-04-16T03:53:27.259+0000] {processor.py:161} INFO - Started process (PID=222) to work on /home/airflow/.local/lib/python3.8/site-packages/airflow/example_dags/example_complex.py
[2026-04-16T03:53:27.261+0000] {processor.py:830} INFO - Processing file /home/airflow/.local/lib/python3.8/site-packages/airflow/example_dags/example_complex.py for tasks to queue
[2026-04-16T03:53:27.263+0000] {logging_mixin.py:188} INFO - [2026-04-16T03:53:27.262+0000] {dagbag.py:538} INFO - Filling up the DagBag from /home/airflow/.local/lib/python3.8/site-packages/airflow/example_dags/example_complex.py
[2026-04-16T03:53:27.277+0000] {processor.py:840} INFO - DAG(s) 'example_complex' retrieved from /home/airflow/.local/lib/python3.8/site-packages/airflow/example_dags/example_complex.py
[2026-04-16T03:53:27.320+0000] {logging_mixin.py:188} INFO - [2026-04-16T03:53:27.320+0000] {dag.py:3036} INFO - Sync 1 DAGs
[2026-04-16T03:53:27.338+0000] {logging_mixin.py:188} INFO - [2026-04-16T03:53:27.337+0000] {dag.py:3823} INFO - Setting next_dagrun for example_complex to None, run_after=None
[2026-04-16T03:53:27.363+0000] {processor.py:183} INFO - Processing /home/airflow/.local/lib/python3.8/site-packages/airflow/example_dags/example_complex.py took 0.109 seconds
[2026-04-16T03:54:54.248+0000] {processor.py:161} INFO - Started process (PID=55) to work on /home/airflow/.local/lib/python3.8/site-packages/airflow/example_dags/example_complex.py
[2026-04-16T03:54:54.249+0000] {processor.py:830} INFO - Processing file /home/airflow/.local/lib/python3.8/site-packages/airflow/example_dags/example_complex.py for tasks to queue
[2026-04-16T03:54:54.250+0000] {logging_mixin.py:188} INFO - [2026-04-16T03:54:54.250+0000] {dagbag.py:538} INFO - Filling up the DagBag from /home/airflow/.local/lib/python3.8/site-packages/airflow/example_dags/example_complex.py
[2026-04-16T03:54:54.261+0000] {processor.py:840} INFO - DAG(s) 'example_complex' retrieved from /home/airflow/.local/lib/python3.8/site-packages/airflow/example_dags/example_complex.py
[2026-04-16T03:54:54.296+0000] {logging_mixin.py:188} INFO - [2026-04-16T03:54:54.296+0000] {dag.py:3036} INFO - Sync 1 DAGs
[2026-04-16T03:54:54.305+0000] {logging_mixin.py:188} INFO - [2026-04-16T03:54:54.305+0000] {dag.py:3823} INFO - Setting next_dagrun for example_complex to None, run_after=None
[2026-04-16T03:54:54.317+0000] {processor.py:183} INFO - Processing /home/airflow/.local/lib/python3.8/site-packages/airflow/example_dags/example_complex.py took 0.071 seconds
[2026-04-16T03:56:05.736+0000] {processor.py:161} INFO - Started process (PID=110) to work on /home/airflow/.local/lib/python3.8/site-packages/airflow/example_dags/example_complex.py
[2026-04-16T03:56:05.737+0000] {processor.py:830} INFO - Processing file /home/airflow/.local/lib/python3.8/site-packages/airflow/example_dags/example_complex.py for tasks to queue
[2026-04-16T03:56:05.738+0000] {logging_mixin.py:188} INFO - [2026-04-16T03:56:05.738+0000] {dagbag.py:538} INFO - Filling up the DagBag from /home/airflow/.local/lib/python3.8/site-packages/airflow/example_dags/example_complex.py
[2026-04-16T03:56:05.746+0000] {processor.py:840} INFO - DAG(s) 'example_complex' retrieved from /home/airflow/.local/lib/python3.8/site-packages/airflow/example_dags/example_complex.py
[2026-04-16T03:56:05.767+0000] {logging_mixin.py:188} INFO - [2026-04-16T03:56:05.767+0000] {dag.py:3036} INFO - Sync 1 DAGs
[2026-04-16T03:56:05.776+0000] {logging_mixin.py:188} INFO - [2026-04-16T03:56:05.776+0000] {dag.py:3823} INFO - Setting next_dagrun for example_complex to None, run_after=None
[2026-04-16T03:56:05.789+0000] {processor.py:183} INFO - Processing /home/airflow/.local/lib/python3.8/site-packages/airflow/example_dags/example_complex.py took 0.055 seconds
[2026-04-16T03:56:36.041+0000] {processor.py:161} INFO - Started process (PID=165) to work on /home/airflow/.local/lib/python3.8/site-packages/airflow/example_dags/example_complex.py
[2026-04-16T03:56:36.042+0000] {processor.py:830} INFO - Processing file /home/airflow/.local/lib/python3.8/site-packages/airflow/example_dags/example_complex.py for tasks to queue
[2026-04-16T03:56:36.043+0000] {logging_mixin.py:188} INFO - [2026-04-16T03:56:36.043+0000] {dagbag.py:538} INFO - Filling up the DagBag from /home/airflow/.local/lib/python3.8/site-packages/airflow/example_dags/example_complex.py
[2026-04-16T03:56:36.050+0000] {processor.py:840} INFO - DAG(s) 'example_complex' retrieved from /home/airflow/.local/lib/python3.8/site-packages/airflow/example_dags/example_complex.py
[2026-04-16T03:56:36.070+0000] {logging_mixin.py:188} INFO - [2026-04-16T03:56:36.070+0000] {dag.py:3036} INFO - Sync 1 DAGs
[2026-04-16T03:56:36.078+0000] {logging_mixin.py:188} INFO - [2026-04-16T03:56:36.078+0000] {dag.py:3823} INFO - Setting next_dagrun for example_complex to None, run_after=None
[2026-04-16T03:56:36.090+0000] {processor.py:183} INFO - Processing /home/airflow/.local/lib/python3.8/site-packages/airflow/example_dags/example_complex.py took 0.051 seconds
[2026-04-16T03:57:06.286+0000] {processor.py:161} INFO - Started process (PID=220) to work on /home/airflow/.local/lib/python3.8/site-packages/airflow/example_dags/example_complex.py
[2026-04-16T03:57:06.286+0000] {processor.py:830} INFO - Processing file /home/airflow/.local/lib/python3.8/site-packages/airflow/example_dags/example_complex.py for tasks to queue
[2026-04-16T03:57:06.287+0000] {logging_mixin.py:188} INFO - [2026-04-16T03:57:06.287+0000] {dagbag.py:538} INFO - Filling up the DagBag from /home/airflow/.local/lib/python3.8/site-packages/airflow/example_dags/example_complex.py
[2026-04-16T03:57:06.295+0000] {processor.py:840} INFO - DAG(s) 'example_complex' retrieved from /home/airflow/.local/lib/python3.8/site-packages/airflow/example_dags/example_complex.py
[2026-04-16T03:57:06.314+0000] {logging_mixin.py:188} INFO - [2026-04-16T03:57:06.314+0000] {dag.py:3036} INFO - Sync 1 DAGs
[2026-04-16T03:57:06.322+0000] {logging_mixin.py:188} INFO - [2026-04-16T03:57:06.322+0000] {dag.py:3823} INFO - Setting next_dagrun for example_complex to None, run_after=None
[2026-04-16T03:57:06.333+0000] {processor.py:183} INFO - Processing /home/airflow/.local/lib/python3.8/site-packages/airflow/example_dags/example_complex.py took 0.050 seconds
[2026-04-16T03:57:36.387+0000] {processor.py:161} INFO - Started process (PID=275) to work on /home/airflow/.local/lib/python3.8/site-packages/airflow/example_dags/example_complex.py
[2026-04-16T03:57:36.390+0000] {processor.py:830} INFO - Processing file /home/airflow/.local/lib/python3.8/site-packages/airflow/example_dags/example_complex.py for tasks to queue
[2026-04-16T03:57:36.392+0000] {logging_mixin.py:188} INFO - [2026-04-16T03:57:36.391+0000] {dagbag.py:538} INFO - Filling up the DagBag from /home/airflow/.local/lib/python3.8/site-packages/airflow/example_dags/example_complex.py
[2026-04-16T03:57:36.399+0000] {processor.py:840} INFO - DAG(s) 'example_complex' retrieved from /home/airflow/.local/lib/python3.8/site-packages/airflow/example_dags/example_complex.py
[2026-04-16T03:57:36.418+0000] {logging_mixin.py:188} INFO - [2026-04-16T03:57:36.418+0000] {dag.py:3036} INFO - Sync 1 DAGs
[2026-04-16T03:57:36.426+0000] {logging_mixin.py:188} INFO - [2026-04-16T03:57:36.426+0000] {dag.py:3823} INFO - Setting next_dagrun for example_complex to None, run_after=None
[2026-04-16T03:57:36.437+0000] {processor.py:183} INFO - Processing /home/airflow/.local/lib/python3.8/site-packages/airflow/example_dags/example_complex.py took 0.052 seconds
[2026-04-16T03:58:06.498+0000] {processor.py:161} INFO - Started process (PID=330) to work on /home/airflow/.local/lib/python3.8/site-packages/airflow/example_dags/example_complex.py
[2026-04-16T03:58:06.501+0000] {processor.py:830} INFO - Processing file /home/airflow/.local/lib/python3.8/site-packages/airflow/example_dags/example_complex.py for tasks to queue
[2026-04-16T03:58:06.502+0000] {logging_mixin.py:188} INFO - [2026-04-16T03:58:06.502+0000] {dagbag.py:538} INFO - Filling up the DagBag from /home/airflow/.local/lib/python3.8/site-packages/airflow/example_dags/example_complex.py
[2026-04-16T03:58:06.510+0000] {processor.py:840} INFO - DAG(s) 'example_complex' retrieved from /home/airflow/.local/lib/python3.8/site-packages/airflow/example_dags/example_complex.py
[2026-04-16T03:58:06.530+0000] {logging_mixin.py:188} INFO - [2026-04-16T03:58:06.529+0000] {dag.py:3036} INFO - Sync 1 DAGs
[2026-04-16T03:58:06.537+0000] {logging_mixin.py:188} INFO - [2026-04-16T03:58:06.537+0000] {dag.py:3823} INFO - Setting next_dagrun for example_complex to None, run_after=None
[2026-04-16T03:58:06.548+0000] {processor.py:183} INFO - Processing /home/airflow/.local/lib/python3.8/site-packages/airflow/example_dags/example_complex.py took 0.052 seconds
[2026-04-16T03:58:36.723+0000] {processor.py:161} INFO - Started process (PID=385) to work on /home/airflow/.local/lib/python3.8/site-packages/airflow/example_dags/example_complex.py
[2026-04-16T03:58:36.726+0000] {processor.py:830} INFO - Processing file /home/airflow/.local/lib/python3.8/site-packages/airflow/example_dags/example_complex.py for tasks to queue
[2026-04-16T03:58:36.727+0000] {logging_mixin.py:188} INFO - [2026-04-16T03:58:36.727+0000] {dagbag.py:538} INFO - Filling up the DagBag from /home/airflow/.local/lib/python3.8/site-packages/airflow/example_dags/example_complex.py
[2026-04-16T03:58:36.735+0000] {processor.py:840} INFO - DAG(s) 'example_complex' retrieved from /home/airflow/.local/lib/python3.8/site-packages/airflow/example_dags/example_complex.py
[2026-04-16T03:58:36.755+0000] {logging_mixin.py:188} INFO - [2026-04-16T03:58:36.755+0000] {dag.py:3036} INFO - Sync 1 DAGs
[2026-04-16T03:58:36.763+0000] {logging_mixin.py:188} INFO - [2026-04-16T03:58:36.763+0000] {dag.py:3823} INFO - Setting next_dagrun for example_complex to None, run_after=None
[2026-04-16T03:58:36.774+0000] {processor.py:183} INFO - Processing /home/airflow/.local/lib/python3.8/site-packages/airflow/example_dags/example_complex.py took 0.053 seconds
[2026-04-16T03:59:06.903+0000] {processor.py:161} INFO - Started process (PID=440) to work on /home/airflow/.local/lib/python3.8/site-packages/airflow/example_dags/example_complex.py
[2026-04-16T03:59:06.904+0000] {processor.py:830} INFO - Processing file /home/airflow/.local/lib/python3.8/site-packages/airflow/example_dags/example_complex.py for tasks to queue
[2026-04-16T03:59:06.905+0000] {logging_mixin.py:188} INFO - [2026-04-16T03:59:06.905+0000] {dagbag.py:538} INFO - Filling up the DagBag from /home/airflow/.local/lib/python3.8/site-packages/airflow/example_dags/example_complex.py
[2026-04-16T03:59:06.912+0000] {processor.py:840} INFO - DAG(s) 'example_complex' retrieved from /home/airflow/.local/lib/python3.8/site-packages/airflow/example_dags/example_complex.py
[2026-04-16T03:59:06.937+0000] {logging_mixin.py:188} INFO - [2026-04-16T03:59:06.937+0000] {dag.py:3036} INFO - Sync 1 DAGs
[2026-04-16T03:59:06.948+0000] {logging_mixin.py:188} INFO - [2026-04-16T03:59:06.948+0000] {dag.py:3823} INFO - Setting next_dagrun for example_complex to None, run_after=None
[2026-04-16T03:59:06.963+0000] {processor.py:183} INFO - Processing /home/airflow/.local/lib/python3.8/site-packages/airflow/example_dags/example_complex.py took 0.063 seconds
[2026-04-16T03:59:37.137+0000] {processor.py:161} INFO - Started process (PID=495) to work on /home/airflow/.local/lib/python3.8/site-packages/airflow/example_dags/example_complex.py
[2026-04-16T03:59:37.139+0000] {processor.py:830} INFO - Processing file /home/airflow/.local/lib/python3.8/site-packages/airflow/example_dags/example_complex.py for tasks to queue
[2026-04-16T03:59:37.141+0000] {logging_mixin.py:188} INFO - [2026-04-16T03:59:37.141+0000] {dagbag.py:538} INFO - Filling up the DagBag from /home/airflow/.local/lib/python3.8/site-packages/airflow/example_dags/example_complex.py
[2026-04-16T03:59:37.148+0000] {processor.py:840} INFO - DAG(s) 'example_complex' retrieved from /home/airflow/.local/lib/python3.8/site-packages/airflow/example_dags/example_complex.py
[2026-04-16T03:59:37.168+0000] {logging_mixin.py:188} INFO - [2026-04-16T03:59:37.168+0000] {dag.py:3036} INFO - Sync 1 DAGs
[2026-04-16T03:59:37.176+0000] {logging_mixin.py:188} INFO - [2026-04-16T03:59:37.176+0000] {dag.py:3823} INFO - Setting next_dagrun for example_complex to None, run_after=None
[2026-04-16T03:59:37.188+0000] {processor.py:183} INFO - Processing /home/airflow/.local/lib/python3.8/site-packages/airflow/example_dags/example_complex.py took 0.053 seconds
[2026-04-16T04:00:07.391+0000] {processor.py:161} INFO - Started process (PID=550) to work on /home/airflow/.local/lib/python3.8/site-packages/airflow/example_dags/example_complex.py
[2026-04-16T04:00:07.394+0000] {processor.py:830} INFO - Processing file /home/airflow/.local/lib/python3.8/site-packages/airflow/example_dags/example_complex.py for tasks to queue
[2026-04-16T04:00:07.396+0000] {logging_mixin.py:188} INFO - [2026-04-16T04:00:07.396+0000] {dagbag.py:538} INFO - Filling up the DagBag from /home/airflow/.local/lib/python3.8/site-packages/airflow/example_dags/example_complex.py
[2026-04-16T04:00:07.403+0000] {processor.py:840} INFO - DAG(s) 'example_complex' retrieved from /home/airflow/.local/lib/python3.8/site-packages/airflow/example_dags/example_complex.py
[2026-04-16T04:00:07.422+0000] {logging_mixin.py:188} INFO - [2026-04-16T04:00:07.422+0000] {dag.py:3036} INFO - Sync 1 DAGs
[2026-04-16T04:00:07.431+0000] {logging_mixin.py:188} INFO - [2026-04-16T04:00:07.431+0000] {dag.py:3823} INFO - Setting next_dagrun for example_complex to None, run_after=None
[2026-04-16T04:00:07.441+0000] {processor.py:183} INFO - Processing /home/airflow/.local/lib/python3.8/site-packages/airflow/example_dags/example_complex.py took 0.052 seconds
[2026-04-16T04:00:37.582+0000] {processor.py:161} INFO - Started process (PID=605) to work on /home/airflow/.local/lib/python3.8/site-packages/airflow/example_dags/example_complex.py
[2026-04-16T04:00:37.584+0000] {processor.py:830} INFO - Processing file /home/airflow/.local/lib/python3.8/site-packages/airflow/example_dags/example_complex.py for tasks to queue
[2026-04-16T04:00:37.586+0000] {logging_mixin.py:188} INFO - [2026-04-16T04:00:37.586+0000] {dagbag.py:538} INFO - Filling up the DagBag from /home/airflow/.local/lib/python3.8/site-packages/airflow/example_dags/example_complex.py
[2026-04-16T04:00:37.593+0000] {processor.py:840} INFO - DAG(s) 'example_complex' retrieved from /home/airflow/.local/lib/python3.8/site-packages/airflow/example_dags/example_complex.py
[2026-04-16T04:00:37.612+0000] {logging_mixin.py:188} INFO - [2026-04-16T04:00:37.612+0000] {dag.py:3036} INFO - Sync 1 DAGs
[2026-04-16T04:00:37.619+0000] {logging_mixin.py:188} INFO - [2026-04-16T04:00:37.619+0000] {dag.py:3823} INFO - Setting next_dagrun for example_complex to None, run_after=None
[2026-04-16T04:00:37.630+0000] {processor.py:183} INFO - Processing /home/airflow/.local/lib/python3.8/site-packages/airflow/example_dags/example_complex.py took 0.051 seconds
[2026-04-16T04:01:08.349+0000] {processor.py:161} INFO - Started process (PID=660) to work on /home/airflow/.local/lib/python3.8/site-packages/airflow/example_dags/example_complex.py
[2026-04-16T04:01:08.352+0000] {processor.py:830} INFO - Processing file /home/airflow/.local/lib/python3.8/site-packages/airflow/example_dags/example_complex.py for tasks to queue
[2026-04-16T04:01:08.353+0000] {logging_mixin.py:188} INFO - [2026-04-16T04:01:08.353+0000] {dagbag.py:538} INFO - Filling up the DagBag from /home/airflow/.local/lib/python3.8/site-packages/airflow/example_dags/example_complex.py
[2026-04-16T04:01:08.360+0000] {processor.py:840} INFO - DAG(s) 'example_complex' retrieved from /home/airflow/.local/lib/python3.8/site-packages/airflow/example_dags/example_complex.py
[2026-04-16T04:01:08.380+0000] {logging_mixin.py:188} INFO - [2026-04-16T04:01:08.380+0000] {dag.py:3036} INFO - Sync 1 DAGs
[2026-04-16T04:01:08.388+0000] {logging_mixin.py:188} INFO - [2026-04-16T04:01:08.388+0000] {dag.py:3823} INFO - Setting next_dagrun for example_complex to None, run_after=None
[2026-04-16T04:01:08.398+0000] {processor.py:183} INFO - Processing /home/airflow/.local/lib/python3.8/site-packages/airflow/example_dags/example_complex.py took 0.051 seconds
[2026-04-16T04:01:38.447+0000] {processor.py:161} INFO - Started process (PID=715) to work on /home/airflow/.local/lib/python3.8/site-packages/airflow/example_dags/example_complex.py
[2026-04-16T04:01:38.450+0000] {processor.py:830} INFO - Processing file /home/airflow/.local/lib/python3.8/site-packages/airflow/example_dags/example_complex.py for tasks to queue
[2026-04-16T04:01:38.451+0000] {logging_mixin.py:188} INFO - [2026-04-16T04:01:38.451+0000] {dagbag.py:538} INFO - Filling up the DagBag from /home/airflow/.local/lib/python3.8/site-packages/airflow/example_dags/example_complex.py
[2026-04-16T04:01:38.458+0000] {processor.py:840} INFO - DAG(s) 'example_complex' retrieved from /home/airflow/.local/lib/python3.8/site-packages/airflow/example_dags/example_complex.py
[2026-04-16T04:01:38.478+0000] {logging_mixin.py:188} INFO - [2026-04-16T04:01:38.477+0000] {dag.py:3036} INFO - Sync 1 DAGs
[2026-04-16T04:01:38.486+0000] {logging_mixin.py:188} INFO - [2026-04-16T04:01:38.486+0000] {dag.py:3823} INFO - Setting next_dagrun for example_complex to None, run_after=None
[2026-04-16T04:01:38.496+0000] {processor.py:183} INFO - Processing /home/airflow/.local/lib/python3.8/site-packages/airflow/example_dags/example_complex.py took 0.052 seconds
[2026-04-16T04:02:08.672+0000] {processor.py:161} INFO - Started process (PID=770) to work on /home/airflow/.local/lib/python3.8/site-packages/airflow/example_dags/example_complex.py
[2026-04-16T04:02:08.674+0000] {processor.py:830} INFO - Processing file /home/airflow/.local/lib/python3.8/site-packages/airflow/example_dags/example_complex.py for tasks to queue
[2026-04-16T04:02:08.675+0000] {logging_mixin.py:188} INFO - [2026-04-16T04:02:08.675+0000] {dagbag.py:538} INFO - Filling up the DagBag from /home/airflow/.local/lib/python3.8/site-packages/airflow/example_dags/example_complex.py
[2026-04-16T04:02:08.684+0000] {processor.py:840} INFO - DAG(s) 'example_complex' retrieved from /home/airflow/.local/lib/python3.8/site-packages/airflow/example_dags/example_complex.py
[2026-04-16T04:02:08.707+0000] {logging_mixin.py:188} INFO - [2026-04-16T04:02:08.707+0000] {dag.py:3036} INFO - Sync 1 DAGs
[2026-04-16T04:02:08.717+0000] {logging_mixin.py:188} INFO - [2026-04-16T04:02:08.717+0000] {dag.py:3823} INFO - Setting next_dagrun for example_complex to None, run_after=None
[2026-04-16T04:02:08.731+0000] {processor.py:183} INFO - Processing /home/airflow/.local/lib/python3.8/site-packages/airflow/example_dags/example_complex.py took 0.061 seconds
[2026-04-16T04:02:38.872+0000] {processor.py:161} INFO - Started process (PID=825) to work on /home/airflow/.local/lib/python3.8/site-packages/airflow/example_dags/example_complex.py
[2026-04-16T04:02:38.875+0000] {processor.py:830} INFO - Processing file /home/airflow/.local/lib/python3.8/site-packages/airflow/example_dags/example_complex.py for tasks to queue
[2026-04-16T04:02:38.876+0000] {logging_mixin.py:188} INFO - [2026-04-16T04:02:38.876+0000] {dagbag.py:538} INFO - Filling up the DagBag from /home/airflow/.local/lib/python3.8/site-packages/airflow/example_dags/example_complex.py
[2026-04-16T04:02:38.883+0000] {processor.py:840} INFO - DAG(s) 'example_complex' retrieved from /home/airflow/.local/lib/python3.8/site-packages/airflow/example_dags/example_complex.py
[2026-04-16T04:02:38.904+0000] {logging_mixin.py:188} INFO - [2026-04-16T04:02:38.904+0000] {dag.py:3036} INFO - Sync 1 DAGs
[2026-04-16T04:02:38.912+0000] {logging_mixin.py:188} INFO - [2026-04-16T04:02:38.912+0000] {dag.py:3823} INFO - Setting next_dagrun for example_complex to None, run_after=None
[2026-04-16T04:02:38.924+0000] {processor.py:183} INFO - Processing /home/airflow/.local/lib/python3.8/site-packages/airflow/example_dags/example_complex.py took 0.054 seconds
[2026-04-16T04:03:08.961+0000] {processor.py:161} INFO - Started process (PID=880) to work on /home/airflow/.local/lib/python3.8/site-packages/airflow/example_dags/example_complex.py
[2026-04-16T04:03:08.962+0000] {processor.py:830} INFO - Processing file /home/airflow/.local/lib/python3.8/site-packages/airflow/example_dags/example_complex.py for tasks to queue
[2026-04-16T04:03:08.963+0000] {logging_mixin.py:188} INFO - [2026-04-16T04:03:08.963+0000] {dagbag.py:538} INFO - Filling up the DagBag from /home/airflow/.local/lib/python3.8/site-packages/airflow/example_dags/example_complex.py
[2026-04-16T04:03:08.970+0000] {processor.py:840} INFO - DAG(s) 'example_complex' retrieved from /home/airflow/.local/lib/python3.8/site-packages/airflow/example_dags/example_complex.py
[2026-04-16T04:03:08.995+0000] {logging_mixin.py:188} INFO - [2026-04-16T04:03:08.995+0000] {dag.py:3036} INFO - Sync 1 DAGs
[2026-04-16T04:03:09.004+0000] {logging_mixin.py:188} INFO - [2026-04-16T04:03:09.004+0000] {dag.py:3823} INFO - Setting next_dagrun for example_complex to None, run_after=None
[2026-04-16T04:03:09.016+0000] {processor.py:183} INFO - Processing /home/airflow/.local/lib/python3.8/site-packages/airflow/example_dags/example_complex.py took 0.057 seconds
[2026-04-16T04:03:39.178+0000] {processor.py:161} INFO - Started process (PID=935) to work on /home/airflow/.local/lib/python3.8/site-packages/airflow/example_dags/example_complex.py
[2026-04-16T04:03:39.180+0000] {processor.py:830} INFO - Processing file /home/airflow/.local/lib/python3.8/site-packages/airflow/example_dags/example_complex.py for tasks to queue
[2026-04-16T04:03:39.182+0000] {logging_mixin.py:188} INFO - [2026-04-16T04:03:39.181+0000] {dagbag.py:538} INFO - Filling up the DagBag from /home/airflow/.local/lib/python3.8/site-packages/airflow/example_dags/example_complex.py
[2026-04-16T04:03:39.189+0000] {processor.py:840} INFO - DAG(s) 'example_complex' retrieved from /home/airflow/.local/lib/python3.8/site-packages/airflow/example_dags/example_complex.py
[2026-04-16T04:03:39.212+0000] {logging_mixin.py:188} INFO - [2026-04-16T04:03:39.212+0000] {dag.py:3036} INFO - Sync 1 DAGs
[2026-04-16T04:03:39.221+0000] {logging_mixin.py:188} INFO - [2026-04-16T04:03:39.221+0000] {dag.py:3823} INFO - Setting next_dagrun for example_complex to None, run_after=None
[2026-04-16T04:03:39.232+0000] {processor.py:183} INFO - Processing /home/airflow/.local/lib/python3.8/site-packages/airflow/example_dags/example_complex.py took 0.057 seconds
[2026-04-16T04:04:09.531+0000] {processor.py:161} INFO - Started process (PID=990) to work on /home/airflow/.local/lib/python3.8/site-packages/airflow/example_dags/example_complex.py
[2026-04-16T04:04:09.534+0000] {processor.py:830} INFO - Processing file /home/airflow/.local/lib/python3.8/site-packages/airflow/example_dags/example_complex.py for tasks to queue
[2026-04-16T04:04:09.535+0000] {logging_mixin.py:188} INFO - [2026-04-16T04:04:09.535+0000] {dagbag.py:538} INFO - Filling up the DagBag from /home/airflow/.local/lib/python3.8/site-packages/airflow/example_dags/example_complex.py
[2026-04-16T04:04:09.543+0000] {processor.py:840} INFO - DAG(s) 'example_complex' retrieved from /home/airflow/.local/lib/python3.8/site-packages/airflow/example_dags/example_complex.py
[2026-04-16T04:04:09.563+0000] {logging_mixin.py:188} INFO - [2026-04-16T04:04:09.562+0000] {dag.py:3036} INFO - Sync 1 DAGs
[2026-04-16T04:04:09.570+0000] {logging_mixin.py:188} INFO - [2026-04-16T04:04:09.570+0000] {dag.py:3823} INFO - Setting next_dagrun for example_complex to None, run_after=None
[2026-04-16T04:04:09.581+0000] {processor.py:183} INFO - Processing /home/airflow/.local/lib/python3.8/site-packages/airflow/example_dags/example_complex.py took 0.053 seconds
[2026-04-16T04:04:39.744+0000] {processor.py:161} INFO - Started process (PID=1045) to work on /home/airflow/.local/lib/python3.8/site-packages/airflow/example_dags/example_complex.py
[2026-04-16T04:04:39.747+0000] {processor.py:830} INFO - Processing file /home/airflow/.local/lib/python3.8/site-packages/airflow/example_dags/example_complex.py for tasks to queue
[2026-04-16T04:04:39.748+0000] {logging_mixin.py:188} INFO - [2026-04-16T04:04:39.748+0000] {dagbag.py:538} INFO - Filling up the DagBag from /home/airflow/.local/lib/python3.8/site-packages/airflow/example_dags/example_complex.py
[2026-04-16T04:04:39.756+0000] {processor.py:840} INFO - DAG(s) 'example_complex' retrieved from /home/airflow/.local/lib/python3.8/site-packages/airflow/example_dags/example_complex.py
[2026-04-16T04:04:39.776+0000] {logging_mixin.py:188} INFO - [2026-04-16T04:04:39.776+0000] {dag.py:3036} INFO - Sync 1 DAGs
[2026-04-16T04:04:39.784+0000] {logging_mixin.py:188} INFO - [2026-04-16T04:04:39.784+0000] {dag.py:3823} INFO - Setting next_dagrun for example_complex to None, run_after=None
[2026-04-16T04:04:39.795+0000] {processor.py:183} INFO - Processing /home/airflow/.local/lib/python3.8/site-packages/airflow/example_dags/example_complex.py took 0.053 seconds
[2026-04-16T04:05:09.989+0000] {processor.py:161} INFO - Started process (PID=1100) to work on /home/airflow/.local/lib/python3.8/site-packages/airflow/example_dags/example_complex.py
[2026-04-16T04:05:09.991+0000] {processor.py:830} INFO - Processing file /home/airflow/.local/lib/python3.8/site-packages/airflow/example_dags/example_complex.py for tasks to queue
[2026-04-16T04:05:09.993+0000] {logging_mixin.py:188} INFO - [2026-04-16T04:05:09.992+0000] {dagbag.py:538} INFO - Filling up the DagBag from /home/airflow/.local/lib/python3.8/site-packages/airflow/example_dags/example_complex.py
[2026-04-16T04:05:10.000+0000] {processor.py:840} INFO - DAG(s) 'example_complex' retrieved from /home/airflow/.local/lib/python3.8/site-packages/airflow/example_dags/example_complex.py
[2026-04-16T04:05:10.020+0000] {logging_mixin.py:188} INFO - [2026-04-16T04:05:10.020+0000] {dag.py:3036} INFO - Sync 1 DAGs
[2026-04-16T04:05:10.028+0000] {logging_mixin.py:188} INFO - [2026-04-16T04:05:10.028+0000] {dag.py:3823} INFO - Setting next_dagrun for example_complex to None, run_after=None
[2026-04-16T04:05:10.039+0000] {processor.py:183} INFO - Processing /home/airflow/.local/lib/python3.8/site-packages/airflow/example_dags/example_complex.py took 0.052 seconds
[2026-04-16T04:05:40.066+0000] {processor.py:161} INFO - Started process (PID=1155) to work on /home/airflow/.local/lib/python3.8/site-packages/airflow/example_dags/example_complex.py
[2026-04-16T04:05:40.069+0000] {processor.py:830} INFO - Processing file /home/airflow/.local/lib/python3.8/site-packages/airflow/example_dags/example_complex.py for tasks to queue
[2026-04-16T04:05:40.070+0000] {logging_mixin.py:188} INFO - [2026-04-16T04:05:40.070+0000] {dagbag.py:538} INFO - Filling up the DagBag from /home/airflow/.local/lib/python3.8/site-packages/airflow/example_dags/example_complex.py
[2026-04-16T04:05:40.077+0000] {processor.py:840} INFO - DAG(s) 'example_complex' retrieved from /home/airflow/.local/lib/python3.8/site-packages/airflow/example_dags/example_complex.py
[2026-04-16T04:05:40.097+0000] {logging_mixin.py:188} INFO - [2026-04-16T04:05:40.097+0000] {dag.py:3036} INFO - Sync 1 DAGs
[2026-04-16T04:05:40.105+0000] {logging_mixin.py:188} INFO - [2026-04-16T04:05:40.105+0000] {dag.py:3823} INFO - Setting next_dagrun for example_complex to None, run_after=None
[2026-04-16T04:05:40.115+0000] {processor.py:183} INFO - Processing /home/airflow/.local/lib/python3.8/site-packages/airflow/example_dags/example_complex.py took 0.051 seconds
[2026-04-16T04:06:10.760+0000] {processor.py:161} INFO - Started process (PID=1210) to work on /home/airflow/.local/lib/python3.8/site-packages/airflow/example_dags/example_complex.py
[2026-04-16T04:06:10.761+0000] {processor.py:830} INFO - Processing file /home/airflow/.local/lib/python3.8/site-packages/airflow/example_dags/example_complex.py for tasks to queue
[2026-04-16T04:06:10.762+0000] {logging_mixin.py:188} INFO - [2026-04-16T04:06:10.762+0000] {dagbag.py:538} INFO - Filling up the DagBag from /home/airflow/.local/lib/python3.8/site-packages/airflow/example_dags/example_complex.py
[2026-04-16T04:06:10.769+0000] {processor.py:840} INFO - DAG(s) 'example_complex' retrieved from /home/airflow/.local/lib/python3.8/site-packages/airflow/example_dags/example_complex.py
[2026-04-16T04:06:10.790+0000] {logging_mixin.py:188} INFO - [2026-04-16T04:06:10.790+0000] {dag.py:3036} INFO - Sync 1 DAGs
[2026-04-16T04:06:10.798+0000] {logging_mixin.py:188} INFO - [2026-04-16T04:06:10.798+0000] {dag.py:3823} INFO - Setting next_dagrun for example_complex to None, run_after=None
[2026-04-16T04:06:10.810+0000] {processor.py:183} INFO - Processing /home/airflow/.local/lib/python3.8/site-packages/airflow/example_dags/example_complex.py took 0.052 seconds
[2026-04-16T04:06:41.533+0000] {processor.py:161} INFO - Started process (PID=1265) to work on /home/airflow/.local/lib/python3.8/site-packages/airflow/example_dags/example_complex.py
[2026-04-16T04:06:41.533+0000] {processor.py:830} INFO - Processing file /home/airflow/.local/lib/python3.8/site-packages/airflow/example_dags/example_complex.py for tasks to queue
[2026-04-16T04:06:41.535+0000] {logging_mixin.py:188} INFO - [2026-04-16T04:06:41.534+0000] {dagbag.py:538} INFO - Filling up the DagBag from /home/airflow/.local/lib/python3.8/site-packages/airflow/example_dags/example_complex.py
[2026-04-16T04:06:41.542+0000] {processor.py:840} INFO - DAG(s) 'example_complex' retrieved from /home/airflow/.local/lib/python3.8/site-packages/airflow/example_dags/example_complex.py
[2026-04-16T04:06:41.562+0000] {logging_mixin.py:188} INFO - [2026-04-16T04:06:41.562+0000] {dag.py:3036} INFO - Sync 1 DAGs
[2026-04-16T04:06:41.570+0000] {logging_mixin.py:188} INFO - [2026-04-16T04:06:41.570+0000] {dag.py:3823} INFO - Setting next_dagrun for example_complex to None, run_after=None
[2026-04-16T04:06:41.581+0000] {processor.py:183} INFO - Processing /home/airflow/.local/lib/python3.8/site-packages/airflow/example_dags/example_complex.py took 0.050 seconds
[2026-04-16T04:07:12.290+0000] {processor.py:161} INFO - Started process (PID=1320) to work on /home/airflow/.local/lib/python3.8/site-packages/airflow/example_dags/example_complex.py
[2026-04-16T04:07:12.293+0000] {processor.py:830} INFO - Processing file /home/airflow/.local/lib/python3.8/site-packages/airflow/example_dags/example_complex.py for tasks to queue
[2026-04-16T04:07:12.294+0000] {logging_mixin.py:188} INFO - [2026-04-16T04:07:12.294+0000] {dagbag.py:538} INFO - Filling up the DagBag from /home/airflow/.local/lib/python3.8/site-packages/airflow/example_dags/example_complex.py
[2026-04-16T04:07:12.301+0000] {processor.py:840} INFO - DAG(s) 'example_complex' retrieved from /home/airflow/.local/lib/python3.8/site-packages/airflow/example_dags/example_complex.py
[2026-04-16T04:07:12.322+0000] {logging_mixin.py:188} INFO - [2026-04-16T04:07:12.321+0000] {dag.py:3036} INFO - Sync 1 DAGs
[2026-04-16T04:07:12.330+0000] {logging_mixin.py:188} INFO - [2026-04-16T04:07:12.329+0000] {dag.py:3823} INFO - Setting next_dagrun for example_complex to None, run_after=None
[2026-04-16T04:07:12.340+0000] {processor.py:183} INFO - Processing /home/airflow/.local/lib/python3.8/site-packages/airflow/example_dags/example_complex.py took 0.053 seconds
[2026-04-16T04:07:43.000+0000] {processor.py:161} INFO - Started process (PID=1375) to work on /home/airflow/.local/lib/python3.8/site-packages/airflow/example_dags/example_complex.py
[2026-04-16T04:07:43.001+0000] {processor.py:830} INFO - Processing file /home/airflow/.local/lib/python3.8/site-packages/airflow/example_dags/example_complex.py for tasks to queue
[2026-04-16T04:07:43.002+0000] {logging_mixin.py:188} INFO - [2026-04-16T04:07:43.002+0000] {dagbag.py:538} INFO - Filling up the DagBag from /home/airflow/.local/lib/python3.8/site-packages/airflow/example_dags/example_complex.py
[2026-04-16T04:07:43.009+0000] {processor.py:840} INFO - DAG(s) 'example_complex' retrieved from /home/airflow/.local/lib/python3.8/site-packages/airflow/example_dags/example_complex.py
[2026-04-16T04:07:43.029+0000] {logging_mixin.py:188} INFO - [2026-04-16T04:07:43.029+0000] {dag.py:3036} INFO - Sync 1 DAGs
[2026-04-16T04:07:43.037+0000] {logging_mixin.py:188} INFO - [2026-04-16T04:07:43.036+0000] {dag.py:3823} INFO - Setting next_dagrun for example_complex to None, run_after=None
[2026-04-16T04:07:43.047+0000] {processor.py:183} INFO - Processing /home/airflow/.local/lib/python3.8/site-packages/airflow/example_dags/example_complex.py took 0.049 seconds
[2026-04-16T04:08:13.743+0000] {processor.py:161} INFO - Started process (PID=1430) to work on /home/airflow/.local/lib/python3.8/site-packages/airflow/example_dags/example_complex.py
[2026-04-16T04:08:13.746+0000] {processor.py:830} INFO - Processing file /home/airflow/.local/lib/python3.8/site-packages/airflow/example_dags/example_complex.py for tasks to queue
[2026-04-16T04:08:13.748+0000] {logging_mixin.py:188} INFO - [2026-04-16T04:08:13.748+0000] {dagbag.py:538} INFO - Filling up the DagBag from /home/airflow/.local/lib/python3.8/site-packages/airflow/example_dags/example_complex.py
[2026-04-16T04:08:13.755+0000] {processor.py:840} INFO - DAG(s) 'example_complex' retrieved from /home/airflow/.local/lib/python3.8/site-packages/airflow/example_dags/example_complex.py
[2026-04-16T04:08:13.775+0000] {logging_mixin.py:188} INFO - [2026-04-16T04:08:13.775+0000] {dag.py:3036} INFO - Sync 1 DAGs
[2026-04-16T04:08:13.783+0000] {logging_mixin.py:188} INFO - [2026-04-16T04:08:13.783+0000] {dag.py:3823} INFO - Setting next_dagrun for example_complex to None, run_after=None
[2026-04-16T04:08:13.793+0000] {processor.py:183} INFO - Processing /home/airflow/.local/lib/python3.8/site-packages/airflow/example_dags/example_complex.py took 0.052 seconds
[2026-04-16T04:08:44.449+0000] {processor.py:161} INFO - Started process (PID=1485) to work on /home/airflow/.local/lib/python3.8/site-packages/airflow/example_dags/example_complex.py
[2026-04-16T04:08:44.449+0000] {processor.py:830} INFO - Processing file /home/airflow/.local/lib/python3.8/site-packages/airflow/example_dags/example_complex.py for tasks to queue
[2026-04-16T04:08:44.450+0000] {logging_mixin.py:188} INFO - [2026-04-16T04:08:44.450+0000] {dagbag.py:538} INFO - Filling up the DagBag from /home/airflow/.local/lib/python3.8/site-packages/airflow/example_dags/example_complex.py
[2026-04-16T04:08:44.458+0000] {processor.py:840} INFO - DAG(s) 'example_complex' retrieved from /home/airflow/.local/lib/python3.8/site-packages/airflow/example_dags/example_complex.py
[2026-04-16T04:08:44.477+0000] {logging_mixin.py:188} INFO - [2026-04-16T04:08:44.477+0000] {dag.py:3036} INFO - Sync 1 DAGs
[2026-04-16T04:08:44.485+0000] {logging_mixin.py:188} INFO - [2026-04-16T04:08:44.485+0000] {dag.py:3823} INFO - Setting next_dagrun for example_complex to None, run_after=None
[2026-04-16T04:08:44.496+0000] {processor.py:183} INFO - Processing /home/airflow/.local/lib/python3.8/site-packages/airflow/example_dags/example_complex.py took 0.050 seconds
[2026-04-16T04:09:15.167+0000] {processor.py:161} INFO - Started process (PID=1540) to work on /home/airflow/.local/lib/python3.8/site-packages/airflow/example_dags/example_complex.py
[2026-04-16T04:09:15.170+0000] {processor.py:830} INFO - Processing file /home/airflow/.local/lib/python3.8/site-packages/airflow/example_dags/example_complex.py for tasks to queue
[2026-04-16T04:09:15.171+0000] {logging_mixin.py:188} INFO - [2026-04-16T04:09:15.171+0000] {dagbag.py:538} INFO - Filling up the DagBag from /home/airflow/.local/lib/python3.8/site-packages/airflow/example_dags/example_complex.py
[2026-04-16T04:09:15.178+0000] {processor.py:840} INFO - DAG(s) 'example_complex' retrieved from /home/airflow/.local/lib/python3.8/site-packages/airflow/example_dags/example_complex.py
[2026-04-16T04:09:15.200+0000] {logging_mixin.py:188} INFO - [2026-04-16T04:09:15.199+0000] {dag.py:3036} INFO - Sync 1 DAGs
[2026-04-16T04:09:15.208+0000] {logging_mixin.py:188} INFO - [2026-04-16T04:09:15.208+0000] {dag.py:3823} INFO - Setting next_dagrun for example_complex to None, run_after=None
[2026-04-16T04:09:15.219+0000] {processor.py:183} INFO - Processing /home/airflow/.local/lib/python3.8/site-packages/airflow/example_dags/example_complex.py took 0.053 seconds
[2026-04-16T04:09:45.374+0000] {processor.py:161} INFO - Started process (PID=1595) to work on /home/airflow/.local/lib/python3.8/site-packages/airflow/example_dags/example_complex.py
[2026-04-16T04:09:45.377+0000] {processor.py:830} INFO - Processing file /home/airflow/.local/lib/python3.8/site-packages/airflow/example_dags/example_complex.py for tasks to queue
[2026-04-16T04:09:45.379+0000] {logging_mixin.py:188} INFO - [2026-04-16T04:09:45.379+0000] {dagbag.py:538} INFO - Filling up the DagBag from /home/airflow/.local/lib/python3.8/site-packages/airflow/example_dags/example_complex.py
[2026-04-16T04:09:45.386+0000] {processor.py:840} INFO - DAG(s) 'example_complex' retrieved from /home/airflow/.local/lib/python3.8/site-packages/airflow/example_dags/example_complex.py
[2026-04-16T04:09:45.406+0000] {logging_mixin.py:188} INFO - [2026-04-16T04:09:45.406+0000] {dag.py:3036} INFO - Sync 1 DAGs
[2026-04-16T04:09:45.414+0000] {logging_mixin.py:188} INFO - [2026-04-16T04:09:45.414+0000] {dag.py:3823} INFO - Setting next_dagrun for example_complex to None, run_after=None
[2026-04-16T04:09:45.425+0000] {processor.py:183} INFO - Processing /home/airflow/.local/lib/python3.8/site-packages/airflow/example_dags/example_complex.py took 0.053 seconds
[2026-04-16T04:10:15.495+0000] {processor.py:161} INFO - Started process (PID=1650) to work on /home/airflow/.local/lib/python3.8/site-packages/airflow/example_dags/example_complex.py
[2026-04-16T04:10:15.496+0000] {processor.py:830} INFO - Processing file /home/airflow/.local/lib/python3.8/site-packages/airflow/example_dags/example_complex.py for tasks to queue
[2026-04-16T04:10:15.497+0000] {logging_mixin.py:188} INFO - [2026-04-16T04:10:15.497+0000] {dagbag.py:538} INFO - Filling up the DagBag from /home/airflow/.local/lib/python3.8/site-packages/airflow/example_dags/example_complex.py
[2026-04-16T04:10:15.504+0000] {processor.py:840} INFO - DAG(s) 'example_complex' retrieved from /home/airflow/.local/lib/python3.8/site-packages/airflow/example_dags/example_complex.py
[2026-04-16T04:10:15.524+0000] {logging_mixin.py:188} INFO - [2026-04-16T04:10:15.524+0000] {dag.py:3036} INFO - Sync 1 DAGs
[2026-04-16T04:10:15.532+0000] {logging_mixin.py:188} INFO - [2026-04-16T04:10:15.532+0000] {dag.py:3823} INFO - Setting next_dagrun for example_complex to None, run_after=None
[2026-04-16T04:10:15.543+0000] {processor.py:183} INFO - Processing /home/airflow/.local/lib/python3.8/site-packages/airflow/example_dags/example_complex.py took 0.051 seconds
[2026-04-16T04:10:45.569+0000] {processor.py:161} INFO - Started process (PID=1705) to work on /home/airflow/.local/lib/python3.8/site-packages/airflow/example_dags/example_complex.py
[2026-04-16T04:10:45.570+0000] {processor.py:830} INFO - Processing file /home/airflow/.local/lib/python3.8/site-packages/airflow/example_dags/example_complex.py for tasks to queue
[2026-04-16T04:10:45.571+0000] {logging_mixin.py:188} INFO - [2026-04-16T04:10:45.571+0000] {dagbag.py:538} INFO - Filling up the DagBag from /home/airflow/.local/lib/python3.8/site-packages/airflow/example_dags/example_complex.py
[2026-04-16T04:10:45.579+0000] {processor.py:840} INFO - DAG(s) 'example_complex' retrieved from /home/airflow/.local/lib/python3.8/site-packages/airflow/example_dags/example_complex.py
[2026-04-16T04:10:45.602+0000] {logging_mixin.py:188} INFO - [2026-04-16T04:10:45.602+0000] {dag.py:3036} INFO - Sync 1 DAGs
[2026-04-16T04:10:45.612+0000] {logging_mixin.py:188} INFO - [2026-04-16T04:10:45.612+0000] {dag.py:3823} INFO - Setting next_dagrun for example_complex to None, run_after=None
[2026-04-16T04:10:45.628+0000] {processor.py:183} INFO - Processing /home/airflow/.local/lib/python3.8/site-packages/airflow/example_dags/example_complex.py took 0.061 seconds
[2026-04-16T04:11:15.783+0000] {processor.py:161} INFO - Started process (PID=1760) to work on /home/airflow/.local/lib/python3.8/site-packages/airflow/example_dags/example_complex.py
[2026-04-16T04:11:15.785+0000] {processor.py:830} INFO - Processing file /home/airflow/.local/lib/python3.8/site-packages/airflow/example_dags/example_complex.py for tasks to queue
[2026-04-16T04:11:15.787+0000] {logging_mixin.py:188} INFO - [2026-04-16T04:11:15.787+0000] {dagbag.py:538} INFO - Filling up the DagBag from /home/airflow/.local/lib/python3.8/site-packages/airflow/example_dags/example_complex.py
[2026-04-16T04:11:15.794+0000] {processor.py:840} INFO - DAG(s) 'example_complex' retrieved from /home/airflow/.local/lib/python3.8/site-packages/airflow/example_dags/example_complex.py
[2026-04-16T04:11:15.814+0000] {logging_mixin.py:188} INFO - [2026-04-16T04:11:15.814+0000] {dag.py:3036} INFO - Sync 1 DAGs
[2026-04-16T04:11:15.823+0000] {logging_mixin.py:188} INFO - [2026-04-16T04:11:15.823+0000] {dag.py:3823} INFO - Setting next_dagrun for example_complex to None, run_after=None
[2026-04-16T04:11:15.835+0000] {processor.py:183} INFO - Processing /home/airflow/.local/lib/python3.8/site-packages/airflow/example_dags/example_complex.py took 0.054 seconds
[2026-04-16T04:11:46.575+0000] {processor.py:161} INFO - Started process (PID=1815) to work on /home/airflow/.local/lib/python3.8/site-packages/airflow/example_dags/example_complex.py
[2026-04-16T04:11:46.575+0000] {processor.py:830} INFO - Processing file /home/airflow/.local/lib/python3.8/site-packages/airflow/example_dags/example_complex.py for tasks to queue
[2026-04-16T04:11:46.577+0000] {logging_mixin.py:188} INFO - [2026-04-16T04:11:46.576+0000] {dagbag.py:538} INFO - Filling up the DagBag from /home/airflow/.local/lib/python3.8/site-packages/airflow/example_dags/example_complex.py
[2026-04-16T04:11:46.584+0000] {processor.py:840} INFO - DAG(s) 'example_complex' retrieved from /home/airflow/.local/lib/python3.8/site-packages/airflow/example_dags/example_complex.py
[2026-04-16T04:11:46.604+0000] {logging_mixin.py:188} INFO - [2026-04-16T04:11:46.604+0000] {dag.py:3036} INFO - Sync 1 DAGs
[2026-04-16T04:11:46.612+0000] {logging_mixin.py:188} INFO - [2026-04-16T04:11:46.611+0000] {dag.py:3823} INFO - Setting next_dagrun for example_complex to None, run_after=None
[2026-04-16T04:11:46.623+0000] {processor.py:183} INFO - Processing /home/airflow/.local/lib/python3.8/site-packages/airflow/example_dags/example_complex.py took 0.050 seconds
[2026-04-16T04:12:17.240+0000] {processor.py:161} INFO - Started process (PID=1870) to work on /home/airflow/.local/lib/python3.8/site-packages/airflow/example_dags/example_complex.py
[2026-04-16T04:12:17.242+0000] {processor.py:830} INFO - Processing file /home/airflow/.local/lib/python3.8/site-packages/airflow/example_dags/example_complex.py for tasks to queue
[2026-04-16T04:12:17.244+0000] {logging_mixin.py:188} INFO - [2026-04-16T04:12:17.244+0000] {dagbag.py:538} INFO - Filling up the DagBag from /home/airflow/.local/lib/python3.8/site-packages/airflow/example_dags/example_complex.py
[2026-04-16T04:12:17.251+0000] {processor.py:840} INFO - DAG(s) 'example_complex' retrieved from /home/airflow/.local/lib/python3.8/site-packages/airflow/example_dags/example_complex.py
[2026-04-16T04:12:17.270+0000] {logging_mixin.py:188} INFO - [2026-04-16T04:12:17.270+0000] {dag.py:3036} INFO - Sync 1 DAGs
[2026-04-16T04:12:17.277+0000] {logging_mixin.py:188} INFO - [2026-04-16T04:12:17.277+0000] {dag.py:3823} INFO - Setting next_dagrun for example_complex to None, run_after=None
[2026-04-16T04:12:17.288+0000] {processor.py:183} INFO - Processing /home/airflow/.local/lib/python3.8/site-packages/airflow/example_dags/example_complex.py took 0.050 seconds
[2026-04-16T04:12:47.889+0000] {processor.py:161} INFO - Started process (PID=1925) to work on /home/airflow/.local/lib/python3.8/site-packages/airflow/example_dags/example_complex.py
[2026-04-16T04:12:47.892+0000] {processor.py:830} INFO - Processing file /home/airflow/.local/lib/python3.8/site-packages/airflow/example_dags/example_complex.py for tasks to queue
[2026-04-16T04:12:47.893+0000] {logging_mixin.py:188} INFO - [2026-04-16T04:12:47.893+0000] {dagbag.py:538} INFO - Filling up the DagBag from /home/airflow/.local/lib/python3.8/site-packages/airflow/example_dags/example_complex.py
[2026-04-16T04:12:47.900+0000] {processor.py:840} INFO - DAG(s) 'example_complex' retrieved from /home/airflow/.local/lib/python3.8/site-packages/airflow/example_dags/example_complex.py
[2026-04-16T04:12:47.921+0000] {logging_mixin.py:188} INFO - [2026-04-16T04:12:47.920+0000] {dag.py:3036} INFO - Sync 1 DAGs
[2026-04-16T04:12:47.928+0000] {logging_mixin.py:188} INFO - [2026-04-16T04:12:47.928+0000] {dag.py:3823} INFO - Setting next_dagrun for example_complex to None, run_after=None
[2026-04-16T04:12:47.939+0000] {processor.py:183} INFO - Processing /home/airflow/.local/lib/python3.8/site-packages/airflow/example_dags/example_complex.py took 0.053 seconds
[2026-04-16T04:13:18.502+0000] {processor.py:161} INFO - Started process (PID=1980) to work on /home/airflow/.local/lib/python3.8/site-packages/airflow/example_dags/example_complex.py
[2026-04-16T04:13:18.504+0000] {processor.py:830} INFO - Processing file /home/airflow/.local/lib/python3.8/site-packages/airflow/example_dags/example_complex.py for tasks to queue
[2026-04-16T04:13:18.505+0000] {logging_mixin.py:188} INFO - [2026-04-16T04:13:18.505+0000] {dagbag.py:538} INFO - Filling up the DagBag from /home/airflow/.local/lib/python3.8/site-packages/airflow/example_dags/example_complex.py
[2026-04-16T04:13:18.512+0000] {processor.py:840} INFO - DAG(s) 'example_complex' retrieved from /home/airflow/.local/lib/python3.8/site-packages/airflow/example_dags/example_complex.py
[2026-04-16T04:13:18.532+0000] {logging_mixin.py:188} INFO - [2026-04-16T04:13:18.532+0000] {dag.py:3036} INFO - Sync 1 DAGs
[2026-04-16T04:13:18.540+0000] {logging_mixin.py:188} INFO - [2026-04-16T04:13:18.540+0000] {dag.py:3823} INFO - Setting next_dagrun for example_complex to None, run_after=None
[2026-04-16T04:13:18.551+0000] {processor.py:183} INFO - Processing /home/airflow/.local/lib/python3.8/site-packages/airflow/example_dags/example_complex.py took 0.052 seconds
[2026-04-16T04:13:49.167+0000] {processor.py:161} INFO - Started process (PID=2035) to work on /home/airflow/.local/lib/python3.8/site-packages/airflow/example_dags/example_complex.py
[2026-04-16T04:13:49.167+0000] {processor.py:830} INFO - Processing file /home/airflow/.local/lib/python3.8/site-packages/airflow/example_dags/example_complex.py for tasks to queue
[2026-04-16T04:13:49.169+0000] {logging_mixin.py:188} INFO - [2026-04-16T04:13:49.168+0000] {dagbag.py:538} INFO - Filling up the DagBag from /home/airflow/.local/lib/python3.8/site-packages/airflow/example_dags/example_complex.py
[2026-04-16T04:13:49.176+0000] {processor.py:840} INFO - DAG(s) 'example_complex' retrieved from /home/airflow/.local/lib/python3.8/site-packages/airflow/example_dags/example_complex.py
[2026-04-16T04:13:49.197+0000] {logging_mixin.py:188} INFO - [2026-04-16T04:13:49.197+0000] {dag.py:3036} INFO - Sync 1 DAGs
[2026-04-16T04:13:49.205+0000] {logging_mixin.py:188} INFO - [2026-04-16T04:13:49.205+0000] {dag.py:3823} INFO - Setting next_dagrun for example_complex to None, run_after=None
[2026-04-16T04:13:49.216+0000] {processor.py:183} INFO - Processing /home/airflow/.local/lib/python3.8/site-packages/airflow/example_dags/example_complex.py took 0.051 seconds
[2026-04-16T04:14:19.315+0000] {processor.py:161} INFO - Started process (PID=2090) to work on /home/airflow/.local/lib/python3.8/site-packages/airflow/example_dags/example_complex.py
[2026-04-16T04:14:19.317+0000] {processor.py:830} INFO - Processing file /home/airflow/.local/lib/python3.8/site-packages/airflow/example_dags/example_complex.py for tasks to queue
[2026-04-16T04:14:19.318+0000] {logging_mixin.py:188} INFO - [2026-04-16T04:14:19.318+0000] {dagbag.py:538} INFO - Filling up the DagBag from /home/airflow/.local/lib/python3.8/site-packages/airflow/example_dags/example_complex.py
[2026-04-16T04:14:19.326+0000] {processor.py:840} INFO - DAG(s) 'example_complex' retrieved from /home/airflow/.local/lib/python3.8/site-packages/airflow/example_dags/example_complex.py
[2026-04-16T04:14:19.345+0000] {logging_mixin.py:188} INFO - [2026-04-16T04:14:19.345+0000] {dag.py:3036} INFO - Sync 1 DAGs
[2026-04-16T04:14:19.353+0000] {logging_mixin.py:188} INFO - [2026-04-16T04:14:19.353+0000] {dag.py:3823} INFO - Setting next_dagrun for example_complex to None, run_after=None
[2026-04-16T04:14:19.364+0000] {processor.py:183} INFO - Processing /home/airflow/.local/lib/python3.8/site-packages/airflow/example_dags/example_complex.py took 0.052 seconds
[2026-04-16T04:14:50.050+0000] {processor.py:161} INFO - Started process (PID=2145) to work on /home/airflow/.local/lib/python3.8/site-packages/airflow/example_dags/example_complex.py
[2026-04-16T04:14:50.053+0000] {processor.py:830} INFO - Processing file /home/airflow/.local/lib/python3.8/site-packages/airflow/example_dags/example_complex.py for tasks to queue
[2026-04-16T04:14:50.054+0000] {logging_mixin.py:188} INFO - [2026-04-16T04:14:50.054+0000] {dagbag.py:538} INFO - Filling up the DagBag from /home/airflow/.local/lib/python3.8/site-packages/airflow/example_dags/example_complex.py
[2026-04-16T04:14:50.061+0000] {processor.py:840} INFO - DAG(s) 'example_complex' retrieved from /home/airflow/.local/lib/python3.8/site-packages/airflow/example_dags/example_complex.py
[2026-04-16T04:14:50.082+0000] {logging_mixin.py:188} INFO - [2026-04-16T04:14:50.082+0000] {dag.py:3036} INFO - Sync 1 DAGs
[2026-04-16T04:14:50.090+0000] {logging_mixin.py:188} INFO - [2026-04-16T04:14:50.090+0000] {dag.py:3823} INFO - Setting next_dagrun for example_complex to None, run_after=None
[2026-04-16T04:14:50.103+0000] {processor.py:183} INFO - Processing /home/airflow/.local/lib/python3.8/site-packages/airflow/example_dags/example_complex.py took 0.054 seconds
[2026-04-16T04:15:20.217+0000] {processor.py:161} INFO - Started process (PID=2200) to work on /home/airflow/.local/lib/python3.8/site-packages/airflow/example_dags/example_complex.py
[2026-04-16T04:15:20.219+0000] {processor.py:830} INFO - Processing file /home/airflow/.local/lib/python3.8/site-packages/airflow/example_dags/example_complex.py for tasks to queue
[2026-04-16T04:15:20.221+0000] {logging_mixin.py:188} INFO - [2026-04-16T04:15:20.221+0000] {dagbag.py:538} INFO - Filling up the DagBag from /home/airflow/.local/lib/python3.8/site-packages/airflow/example_dags/example_complex.py
[2026-04-16T04:15:20.228+0000] {processor.py:840} INFO - DAG(s) 'example_complex' retrieved from /home/airflow/.local/lib/python3.8/site-packages/airflow/example_dags/example_complex.py
[2026-04-16T04:15:20.248+0000] {logging_mixin.py:188} INFO - [2026-04-16T04:15:20.248+0000] {dag.py:3036} INFO - Sync 1 DAGs
[2026-04-16T04:15:20.257+0000] {logging_mixin.py:188} INFO - [2026-04-16T04:15:20.256+0000] {dag.py:3823} INFO - Setting next_dagrun for example_complex to None, run_after=None
[2026-04-16T04:15:20.267+0000] {processor.py:183} INFO - Processing /home/airflow/.local/lib/python3.8/site-packages/airflow/example_dags/example_complex.py took 0.053 seconds
[2026-04-16T04:15:50.523+0000] {processor.py:161} INFO - Started process (PID=2255) to work on /home/airflow/.local/lib/python3.8/site-packages/airflow/example_dags/example_complex.py
[2026-04-16T04:15:50.526+0000] {processor.py:830} INFO - Processing file /home/airflow/.local/lib/python3.8/site-packages/airflow/example_dags/example_complex.py for tasks to queue
[2026-04-16T04:15:50.528+0000] {logging_mixin.py:188} INFO - [2026-04-16T04:15:50.527+0000] {dagbag.py:538} INFO - Filling up the DagBag from /home/airflow/.local/lib/python3.8/site-packages/airflow/example_dags/example_complex.py
[2026-04-16T04:15:50.535+0000] {processor.py:840} INFO - DAG(s) 'example_complex' retrieved from /home/airflow/.local/lib/python3.8/site-packages/airflow/example_dags/example_complex.py
[2026-04-16T04:15:50.554+0000] {logging_mixin.py:188} INFO - [2026-04-16T04:15:50.554+0000] {dag.py:3036} INFO - Sync 1 DAGs
[2026-04-16T04:15:50.563+0000] {logging_mixin.py:188} INFO - [2026-04-16T04:15:50.563+0000] {dag.py:3823} INFO - Setting next_dagrun for example_complex to None, run_after=None
[2026-04-16T04:15:50.573+0000] {processor.py:183} INFO - Processing /home/airflow/.local/lib/python3.8/site-packages/airflow/example_dags/example_complex.py took 0.052 seconds
[2026-04-16T04:16:20.856+0000] {processor.py:161} INFO - Started process (PID=2310) to work on /home/airflow/.local/lib/python3.8/site-packages/airflow/example_dags/example_complex.py
[2026-04-16T04:16:20.858+0000] {processor.py:830} INFO - Processing file /home/airflow/.local/lib/python3.8/site-packages/airflow/example_dags/example_complex.py for tasks to queue
[2026-04-16T04:16:20.860+0000] {logging_mixin.py:188} INFO - [2026-04-16T04:16:20.859+0000] {dagbag.py:538} INFO - Filling up the DagBag from /home/airflow/.local/lib/python3.8/site-packages/airflow/example_dags/example_complex.py
[2026-04-16T04:16:20.869+0000] {processor.py:840} INFO - DAG(s) 'example_complex' retrieved from /home/airflow/.local/lib/python3.8/site-packages/airflow/example_dags/example_complex.py
[2026-04-16T04:16:20.896+0000] {logging_mixin.py:188} INFO - [2026-04-16T04:16:20.895+0000] {dag.py:3036} INFO - Sync 1 DAGs
[2026-04-16T04:16:20.907+0000] {logging_mixin.py:188} INFO - [2026-04-16T04:16:20.907+0000] {dag.py:3823} INFO - Setting next_dagrun for example_complex to None, run_after=None
[2026-04-16T04:16:20.924+0000] {processor.py:183} INFO - Processing /home/airflow/.local/lib/python3.8/site-packages/airflow/example_dags/example_complex.py took 0.071 seconds
[2026-04-16T04:16:51.006+0000] {processor.py:161} INFO - Started process (PID=2365) to work on /home/airflow/.local/lib/python3.8/site-packages/airflow/example_dags/example_complex.py
[2026-04-16T04:16:51.009+0000] {processor.py:830} INFO - Processing file /home/airflow/.local/lib/python3.8/site-packages/airflow/example_dags/example_complex.py for tasks to queue
[2026-04-16T04:16:51.010+0000] {logging_mixin.py:188} INFO - [2026-04-16T04:16:51.010+0000] {dagbag.py:538} INFO - Filling up the DagBag from /home/airflow/.local/lib/python3.8/site-packages/airflow/example_dags/example_complex.py
[2026-04-16T04:16:51.018+0000] {processor.py:840} INFO - DAG(s) 'example_complex' retrieved from /home/airflow/.local/lib/python3.8/site-packages/airflow/example_dags/example_complex.py
[2026-04-16T04:16:51.037+0000] {logging_mixin.py:188} INFO - [2026-04-16T04:16:51.037+0000] {dag.py:3036} INFO - Sync 1 DAGs
[2026-04-16T04:16:51.046+0000] {logging_mixin.py:188} INFO - [2026-04-16T04:16:51.045+0000] {dag.py:3823} INFO - Setting next_dagrun for example_complex to None, run_after=None
[2026-04-16T04:16:51.057+0000] {processor.py:183} INFO - Processing /home/airflow/.local/lib/python3.8/site-packages/airflow/example_dags/example_complex.py took 0.053 seconds
[2026-04-16T04:17:21.355+0000] {processor.py:161} INFO - Started process (PID=2420) to work on /home/airflow/.local/lib/python3.8/site-packages/airflow/example_dags/example_complex.py
[2026-04-16T04:17:21.357+0000] {processor.py:830} INFO - Processing file /home/airflow/.local/lib/python3.8/site-packages/airflow/example_dags/example_complex.py for tasks to queue
[2026-04-16T04:17:21.359+0000] {logging_mixin.py:188} INFO - [2026-04-16T04:17:21.359+0000] {dagbag.py:538} INFO - Filling up the DagBag from /home/airflow/.local/lib/python3.8/site-packages/airflow/example_dags/example_complex.py
[2026-04-16T04:17:21.367+0000] {processor.py:840} INFO - DAG(s) 'example_complex' retrieved from /home/airflow/.local/lib/python3.8/site-packages/airflow/example_dags/example_complex.py
[2026-04-16T04:17:21.387+0000] {logging_mixin.py:188} INFO - [2026-04-16T04:17:21.386+0000] {dag.py:3036} INFO - Sync 1 DAGs
[2026-04-16T04:17:21.395+0000] {logging_mixin.py:188} INFO - [2026-04-16T04:17:21.395+0000] {dag.py:3823} INFO - Setting next_dagrun for example_complex to None, run_after=None
[2026-04-16T04:17:21.406+0000] {processor.py:183} INFO - Processing /home/airflow/.local/lib/python3.8/site-packages/airflow/example_dags/example_complex.py took 0.053 seconds
[2026-04-16T04:17:51.643+0000] {processor.py:161} INFO - Started process (PID=2475) to work on /home/airflow/.local/lib/python3.8/site-packages/airflow/example_dags/example_complex.py
[2026-04-16T04:17:51.644+0000] {processor.py:830} INFO - Processing file /home/airflow/.local/lib/python3.8/site-packages/airflow/example_dags/example_complex.py for tasks to queue
[2026-04-16T04:17:51.645+0000] {logging_mixin.py:188} INFO - [2026-04-16T04:17:51.645+0000] {dagbag.py:538} INFO - Filling up the DagBag from /home/airflow/.local/lib/python3.8/site-packages/airflow/example_dags/example_complex.py
[2026-04-16T04:17:51.654+0000] {processor.py:840} INFO - DAG(s) 'example_complex' retrieved from /home/airflow/.local/lib/python3.8/site-packages/airflow/example_dags/example_complex.py
[2026-04-16T04:17:51.680+0000] {logging_mixin.py:188} INFO - [2026-04-16T04:17:51.679+0000] {dag.py:3036} INFO - Sync 1 DAGs
[2026-04-16T04:17:51.820+0000] {logging_mixin.py:188} INFO - [2026-04-16T04:17:51.820+0000] {dag.py:3823} INFO - Setting next_dagrun for example_complex to None, run_after=None
[2026-04-16T04:17:51.834+0000] {processor.py:183} INFO - Processing /home/airflow/.local/lib/python3.8/site-packages/airflow/example_dags/example_complex.py took 0.193 seconds
[2026-04-16T04:18:21.978+0000] {processor.py:161} INFO - Started process (PID=2530) to work on /home/airflow/.local/lib/python3.8/site-packages/airflow/example_dags/example_complex.py
[2026-04-16T04:18:21.980+0000] {processor.py:830} INFO - Processing file /home/airflow/.local/lib/python3.8/site-packages/airflow/example_dags/example_complex.py for tasks to queue
[2026-04-16T04:18:21.982+0000] {logging_mixin.py:188} INFO - [2026-04-16T04:18:21.981+0000] {dagbag.py:538} INFO - Filling up the DagBag from /home/airflow/.local/lib/python3.8/site-packages/airflow/example_dags/example_complex.py
[2026-04-16T04:18:21.989+0000] {processor.py:840} INFO - DAG(s) 'example_complex' retrieved from /home/airflow/.local/lib/python3.8/site-packages/airflow/example_dags/example_complex.py
[2026-04-16T04:18:22.009+0000] {logging_mixin.py:188} INFO - [2026-04-16T04:18:22.009+0000] {dag.py:3036} INFO - Sync 1 DAGs
[2026-04-16T04:18:22.128+0000] {logging_mixin.py:188} INFO - [2026-04-16T04:18:22.127+0000] {dag.py:3823} INFO - Setting next_dagrun for example_complex to None, run_after=None
[2026-04-16T04:18:22.138+0000] {processor.py:183} INFO - Processing /home/airflow/.local/lib/python3.8/site-packages/airflow/example_dags/example_complex.py took 0.162 seconds
[2026-04-16T04:18:52.597+0000] {processor.py:161} INFO - Started process (PID=2585) to work on /home/airflow/.local/lib/python3.8/site-packages/airflow/example_dags/example_complex.py
[2026-04-16T04:18:52.597+0000] {processor.py:830} INFO - Processing file /home/airflow/.local/lib/python3.8/site-packages/airflow/example_dags/example_complex.py for tasks to queue
[2026-04-16T04:18:52.599+0000] {logging_mixin.py:188} INFO - [2026-04-16T04:18:52.599+0000] {dagbag.py:538} INFO - Filling up the DagBag from /home/airflow/.local/lib/python3.8/site-packages/airflow/example_dags/example_complex.py
[2026-04-16T04:18:52.606+0000] {processor.py:840} INFO - DAG(s) 'example_complex' retrieved from /home/airflow/.local/lib/python3.8/site-packages/airflow/example_dags/example_complex.py
[2026-04-16T04:18:52.628+0000] {logging_mixin.py:188} INFO - [2026-04-16T04:18:52.628+0000] {dag.py:3036} INFO - Sync 1 DAGs
[2026-04-16T04:18:52.638+0000] {logging_mixin.py:188} INFO - [2026-04-16T04:18:52.637+0000] {dag.py:3823} INFO - Setting next_dagrun for example_complex to None, run_after=None
[2026-04-16T04:18:52.781+0000] {processor.py:183} INFO - Processing /home/airflow/.local/lib/python3.8/site-packages/airflow/example_dags/example_complex.py took 0.186 seconds
[2026-04-16T04:19:23.417+0000] {processor.py:161} INFO - Started process (PID=2640) to work on /home/airflow/.local/lib/python3.8/site-packages/airflow/example_dags/example_complex.py
[2026-04-16T04:19:23.420+0000] {processor.py:830} INFO - Processing file /home/airflow/.local/lib/python3.8/site-packages/airflow/example_dags/example_complex.py for tasks to queue
[2026-04-16T04:19:23.421+0000] {logging_mixin.py:188} INFO - [2026-04-16T04:19:23.421+0000] {dagbag.py:538} INFO - Filling up the DagBag from /home/airflow/.local/lib/python3.8/site-packages/airflow/example_dags/example_complex.py
[2026-04-16T04:19:23.428+0000] {processor.py:840} INFO - DAG(s) 'example_complex' retrieved from /home/airflow/.local/lib/python3.8/site-packages/airflow/example_dags/example_complex.py
[2026-04-16T04:19:23.449+0000] {logging_mixin.py:188} INFO - [2026-04-16T04:19:23.449+0000] {dag.py:3036} INFO - Sync 1 DAGs
[2026-04-16T04:19:23.458+0000] {logging_mixin.py:188} INFO - [2026-04-16T04:19:23.458+0000] {dag.py:3823} INFO - Setting next_dagrun for example_complex to None, run_after=None
[2026-04-16T04:19:23.470+0000] {processor.py:183} INFO - Processing /home/airflow/.local/lib/python3.8/site-packages/airflow/example_dags/example_complex.py took 0.055 seconds
[2026-04-16T04:19:53.635+0000] {processor.py:161} INFO - Started process (PID=2695) to work on /home/airflow/.local/lib/python3.8/site-packages/airflow/example_dags/example_complex.py
[2026-04-16T04:19:53.637+0000] {processor.py:830} INFO - Processing file /home/airflow/.local/lib/python3.8/site-packages/airflow/example_dags/example_complex.py for tasks to queue
[2026-04-16T04:19:53.639+0000] {logging_mixin.py:188} INFO - [2026-04-16T04:19:53.638+0000] {dagbag.py:538} INFO - Filling up the DagBag from /home/airflow/.local/lib/python3.8/site-packages/airflow/example_dags/example_complex.py
[2026-04-16T04:19:53.646+0000] {processor.py:840} INFO - DAG(s) 'example_complex' retrieved from /home/airflow/.local/lib/python3.8/site-packages/airflow/example_dags/example_complex.py
[2026-04-16T04:19:53.669+0000] {logging_mixin.py:188} INFO - [2026-04-16T04:19:53.668+0000] {dag.py:3036} INFO - Sync 1 DAGs
[2026-04-16T04:19:53.677+0000] {logging_mixin.py:188} INFO - [2026-04-16T04:19:53.677+0000] {dag.py:3823} INFO - Setting next_dagrun for example_complex to None, run_after=None
[2026-04-16T04:19:53.691+0000] {processor.py:183} INFO - Processing /home/airflow/.local/lib/python3.8/site-packages/airflow/example_dags/example_complex.py took 0.058 seconds
[2026-04-16T04:28:27.257+0000] {processor.py:161} INFO - Started process (PID=2745) to work on /home/airflow/.local/lib/python3.8/site-packages/airflow/example_dags/example_complex.py
[2026-04-16T04:28:27.259+0000] {processor.py:830} INFO - Processing file /home/airflow/.local/lib/python3.8/site-packages/airflow/example_dags/example_complex.py for tasks to queue
[2026-04-16T04:28:27.263+0000] {logging_mixin.py:188} INFO - [2026-04-16T04:28:27.262+0000] {dagbag.py:538} INFO - Filling up the DagBag from /home/airflow/.local/lib/python3.8/site-packages/airflow/example_dags/example_complex.py
[2026-04-16T04:28:27.284+0000] {processor.py:840} INFO - DAG(s) 'example_complex' retrieved from /home/airflow/.local/lib/python3.8/site-packages/airflow/example_dags/example_complex.py
[2026-04-16T04:28:27.347+0000] {logging_mixin.py:188} INFO - [2026-04-16T04:28:27.346+0000] {dag.py:3036} INFO - Sync 1 DAGs
[2026-04-16T04:28:27.372+0000] {logging_mixin.py:188} INFO - [2026-04-16T04:28:27.371+0000] {dag.py:3823} INFO - Setting next_dagrun for example_complex to None, run_after=None
[2026-04-16T04:28:27.415+0000] {processor.py:183} INFO - Processing /home/airflow/.local/lib/python3.8/site-packages/airflow/example_dags/example_complex.py took 0.164 seconds
[2026-04-16T04:28:57.468+0000] {processor.py:161} INFO - Started process (PID=2798) to work on /home/airflow/.local/lib/python3.8/site-packages/airflow/example_dags/example_complex.py
[2026-04-16T04:28:57.470+0000] {processor.py:830} INFO - Processing file /home/airflow/.local/lib/python3.8/site-packages/airflow/example_dags/example_complex.py for tasks to queue
[2026-04-16T04:28:57.471+0000] {logging_mixin.py:188} INFO - [2026-04-16T04:28:57.471+0000] {dagbag.py:538} INFO - Filling up the DagBag from /home/airflow/.local/lib/python3.8/site-packages/airflow/example_dags/example_complex.py
[2026-04-16T04:28:57.479+0000] {processor.py:840} INFO - DAG(s) 'example_complex' retrieved from /home/airflow/.local/lib/python3.8/site-packages/airflow/example_dags/example_complex.py
[2026-04-16T04:28:57.505+0000] {logging_mixin.py:188} INFO - [2026-04-16T04:28:57.505+0000] {dag.py:3036} INFO - Sync 1 DAGs
[2026-04-16T04:28:57.515+0000] {logging_mixin.py:188} INFO - [2026-04-16T04:28:57.514+0000] {dag.py:3823} INFO - Setting next_dagrun for example_complex to None, run_after=None
[2026-04-16T04:28:57.529+0000] {processor.py:183} INFO - Processing /home/airflow/.local/lib/python3.8/site-packages/airflow/example_dags/example_complex.py took 0.063 seconds
[2026-04-16T04:29:27.652+0000] {processor.py:161} INFO - Started process (PID=2853) to work on /home/airflow/.local/lib/python3.8/site-packages/airflow/example_dags/example_complex.py
[2026-04-16T04:29:27.653+0000] {processor.py:830} INFO - Processing file /home/airflow/.local/lib/python3.8/site-packages/airflow/example_dags/example_complex.py for tasks to queue
[2026-04-16T04:29:27.654+0000] {logging_mixin.py:188} INFO - [2026-04-16T04:29:27.654+0000] {dagbag.py:538} INFO - Filling up the DagBag from /home/airflow/.local/lib/python3.8/site-packages/airflow/example_dags/example_complex.py
[2026-04-16T04:29:27.662+0000] {processor.py:840} INFO - DAG(s) 'example_complex' retrieved from /home/airflow/.local/lib/python3.8/site-packages/airflow/example_dags/example_complex.py
[2026-04-16T04:29:27.683+0000] {logging_mixin.py:188} INFO - [2026-04-16T04:29:27.683+0000] {dag.py:3036} INFO - Sync 1 DAGs
[2026-04-16T04:29:27.692+0000] {logging_mixin.py:188} INFO - [2026-04-16T04:29:27.692+0000] {dag.py:3823} INFO - Setting next_dagrun for example_complex to None, run_after=None
[2026-04-16T04:29:27.704+0000] {processor.py:183} INFO - Processing /home/airflow/.local/lib/python3.8/site-packages/airflow/example_dags/example_complex.py took 0.055 seconds
[2026-04-16T04:29:57.753+0000] {processor.py:161} INFO - Started process (PID=2908) to work on /home/airflow/.local/lib/python3.8/site-packages/airflow/example_dags/example_complex.py
[2026-04-16T04:29:57.754+0000] {processor.py:830} INFO - Processing file /home/airflow/.local/lib/python3.8/site-packages/airflow/example_dags/example_complex.py for tasks to queue
[2026-04-16T04:29:57.755+0000] {logging_mixin.py:188} INFO - [2026-04-16T04:29:57.755+0000] {dagbag.py:538} INFO - Filling up the DagBag from /home/airflow/.local/lib/python3.8/site-packages/airflow/example_dags/example_complex.py
[2026-04-16T04:29:57.764+0000] {processor.py:840} INFO - DAG(s) 'example_complex' retrieved from /home/airflow/.local/lib/python3.8/site-packages/airflow/example_dags/example_complex.py
[2026-04-16T04:29:57.791+0000] {logging_mixin.py:188} INFO - [2026-04-16T04:29:57.791+0000] {dag.py:3036} INFO - Sync 1 DAGs
[2026-04-16T04:29:57.801+0000] {logging_mixin.py:188} INFO - [2026-04-16T04:29:57.800+0000] {dag.py:3823} INFO - Setting next_dagrun for example_complex to None, run_after=None
[2026-04-16T04:29:57.816+0000] {processor.py:183} INFO - Processing /home/airflow/.local/lib/python3.8/site-packages/airflow/example_dags/example_complex.py took 0.067 seconds
[2026-04-16T04:30:28.005+0000] {processor.py:161} INFO - Started process (PID=2963) to work on /home/airflow/.local/lib/python3.8/site-packages/airflow/example_dags/example_complex.py
[2026-04-16T04:30:28.007+0000] {processor.py:830} INFO - Processing file /home/airflow/.local/lib/python3.8/site-packages/airflow/example_dags/example_complex.py for tasks to queue
[2026-04-16T04:30:28.008+0000] {logging_mixin.py:188} INFO - [2026-04-16T04:30:28.008+0000] {dagbag.py:538} INFO - Filling up the DagBag from /home/airflow/.local/lib/python3.8/site-packages/airflow/example_dags/example_complex.py
[2026-04-16T04:30:28.016+0000] {processor.py:840} INFO - DAG(s) 'example_complex' retrieved from /home/airflow/.local/lib/python3.8/site-packages/airflow/example_dags/example_complex.py
[2026-04-16T04:30:28.036+0000] {logging_mixin.py:188} INFO - [2026-04-16T04:30:28.036+0000] {dag.py:3036} INFO - Sync 1 DAGs
[2026-04-16T04:30:28.044+0000] {logging_mixin.py:188} INFO - [2026-04-16T04:30:28.044+0000] {dag.py:3823} INFO - Setting next_dagrun for example_complex to None, run_after=None
[2026-04-16T04:30:28.054+0000] {processor.py:183} INFO - Processing /home/airflow/.local/lib/python3.8/site-packages/airflow/example_dags/example_complex.py took 0.052 seconds
[2026-04-16T04:30:58.878+0000] {processor.py:161} INFO - Started process (PID=3018) to work on /home/airflow/.local/lib/python3.8/site-packages/airflow/example_dags/example_complex.py
[2026-04-16T04:30:58.881+0000] {processor.py:830} INFO - Processing file /home/airflow/.local/lib/python3.8/site-packages/airflow/example_dags/example_complex.py for tasks to queue
[2026-04-16T04:30:58.883+0000] {logging_mixin.py:188} INFO - [2026-04-16T04:30:58.882+0000] {dagbag.py:538} INFO - Filling up the DagBag from /home/airflow/.local/lib/python3.8/site-packages/airflow/example_dags/example_complex.py
[2026-04-16T04:30:58.890+0000] {processor.py:840} INFO - DAG(s) 'example_complex' retrieved from /home/airflow/.local/lib/python3.8/site-packages/airflow/example_dags/example_complex.py
[2026-04-16T04:30:58.910+0000] {logging_mixin.py:188} INFO - [2026-04-16T04:30:58.910+0000] {dag.py:3036} INFO - Sync 1 DAGs
[2026-04-16T04:30:58.919+0000] {logging_mixin.py:188} INFO - [2026-04-16T04:30:58.918+0000] {dag.py:3823} INFO - Setting next_dagrun for example_complex to None, run_after=None
[2026-04-16T04:30:58.930+0000] {processor.py:183} INFO - Processing /home/airflow/.local/lib/python3.8/site-packages/airflow/example_dags/example_complex.py took 0.053 seconds
[2026-04-16T04:31:29.678+0000] {processor.py:161} INFO - Started process (PID=3073) to work on /home/airflow/.local/lib/python3.8/site-packages/airflow/example_dags/example_complex.py
[2026-04-16T04:31:29.681+0000] {processor.py:830} INFO - Processing file /home/airflow/.local/lib/python3.8/site-packages/airflow/example_dags/example_complex.py for tasks to queue
[2026-04-16T04:31:29.682+0000] {logging_mixin.py:188} INFO - [2026-04-16T04:31:29.682+0000] {dagbag.py:538} INFO - Filling up the DagBag from /home/airflow/.local/lib/python3.8/site-packages/airflow/example_dags/example_complex.py
[2026-04-16T04:31:29.690+0000] {processor.py:840} INFO - DAG(s) 'example_complex' retrieved from /home/airflow/.local/lib/python3.8/site-packages/airflow/example_dags/example_complex.py
[2026-04-16T04:31:29.710+0000] {logging_mixin.py:188} INFO - [2026-04-16T04:31:29.710+0000] {dag.py:3036} INFO - Sync 1 DAGs
[2026-04-16T04:31:29.719+0000] {logging_mixin.py:188} INFO - [2026-04-16T04:31:29.719+0000] {dag.py:3823} INFO - Setting next_dagrun for example_complex to None, run_after=None
[2026-04-16T04:31:29.730+0000] {processor.py:183} INFO - Processing /home/airflow/.local/lib/python3.8/site-packages/airflow/example_dags/example_complex.py took 0.054 seconds
[2026-04-16T04:32:00.394+0000] {processor.py:161} INFO - Started process (PID=3128) to work on /home/airflow/.local/lib/python3.8/site-packages/airflow/example_dags/example_complex.py
[2026-04-16T04:32:00.395+0000] {processor.py:830} INFO - Processing file /home/airflow/.local/lib/python3.8/site-packages/airflow/example_dags/example_complex.py for tasks to queue
[2026-04-16T04:32:00.396+0000] {logging_mixin.py:188} INFO - [2026-04-16T04:32:00.396+0000] {dagbag.py:538} INFO - Filling up the DagBag from /home/airflow/.local/lib/python3.8/site-packages/airflow/example_dags/example_complex.py
[2026-04-16T04:32:00.403+0000] {processor.py:840} INFO - DAG(s) 'example_complex' retrieved from /home/airflow/.local/lib/python3.8/site-packages/airflow/example_dags/example_complex.py
[2026-04-16T04:32:00.423+0000] {logging_mixin.py:188} INFO - [2026-04-16T04:32:00.423+0000] {dag.py:3036} INFO - Sync 1 DAGs
[2026-04-16T04:32:00.431+0000] {logging_mixin.py:188} INFO - [2026-04-16T04:32:00.431+0000] {dag.py:3823} INFO - Setting next_dagrun for example_complex to None, run_after=None
[2026-04-16T04:32:00.442+0000] {processor.py:183} INFO - Processing /home/airflow/.local/lib/python3.8/site-packages/airflow/example_dags/example_complex.py took 0.050 seconds
[2026-04-16T04:32:31.152+0000] {processor.py:161} INFO - Started process (PID=3183) to work on /home/airflow/.local/lib/python3.8/site-packages/airflow/example_dags/example_complex.py
[2026-04-16T04:32:31.154+0000] {processor.py:830} INFO - Processing file /home/airflow/.local/lib/python3.8/site-packages/airflow/example_dags/example_complex.py for tasks to queue
[2026-04-16T04:32:31.156+0000] {logging_mixin.py:188} INFO - [2026-04-16T04:32:31.156+0000] {dagbag.py:538} INFO - Filling up the DagBag from /home/airflow/.local/lib/python3.8/site-packages/airflow/example_dags/example_complex.py
[2026-04-16T04:32:31.163+0000] {processor.py:840} INFO - DAG(s) 'example_complex' retrieved from /home/airflow/.local/lib/python3.8/site-packages/airflow/example_dags/example_complex.py
[2026-04-16T04:32:31.183+0000] {logging_mixin.py:188} INFO - [2026-04-16T04:32:31.183+0000] {dag.py:3036} INFO - Sync 1 DAGs
[2026-04-16T04:32:31.191+0000] {logging_mixin.py:188} INFO - [2026-04-16T04:32:31.191+0000] {dag.py:3823} INFO - Setting next_dagrun for example_complex to None, run_after=None
[2026-04-16T04:32:31.201+0000] {processor.py:183} INFO - Processing /home/airflow/.local/lib/python3.8/site-packages/airflow/example_dags/example_complex.py took 0.052 seconds
[2026-04-16T04:33:01.980+0000] {processor.py:161} INFO - Started process (PID=3238) to work on /home/airflow/.local/lib/python3.8/site-packages/airflow/example_dags/example_complex.py
[2026-04-16T04:33:01.981+0000] {processor.py:830} INFO - Processing file /home/airflow/.local/lib/python3.8/site-packages/airflow/example_dags/example_complex.py for tasks to queue
[2026-04-16T04:33:01.982+0000] {logging_mixin.py:188} INFO - [2026-04-16T04:33:01.982+0000] {dagbag.py:538} INFO - Filling up the DagBag from /home/airflow/.local/lib/python3.8/site-packages/airflow/example_dags/example_complex.py
[2026-04-16T04:33:01.989+0000] {processor.py:840} INFO - DAG(s) 'example_complex' retrieved from /home/airflow/.local/lib/python3.8/site-packages/airflow/example_dags/example_complex.py
[2026-04-16T04:33:02.010+0000] {logging_mixin.py:188} INFO - [2026-04-16T04:33:02.010+0000] {dag.py:3036} INFO - Sync 1 DAGs
[2026-04-16T04:33:02.018+0000] {logging_mixin.py:188} INFO - [2026-04-16T04:33:02.018+0000] {dag.py:3823} INFO - Setting next_dagrun for example_complex to None, run_after=None
[2026-04-16T04:33:02.029+0000] {processor.py:183} INFO - Processing /home/airflow/.local/lib/python3.8/site-packages/airflow/example_dags/example_complex.py took 0.051 seconds
[2026-04-16T04:33:32.801+0000] {processor.py:161} INFO - Started process (PID=3293) to work on /home/airflow/.local/lib/python3.8/site-packages/airflow/example_dags/example_complex.py
[2026-04-16T04:33:32.804+0000] {processor.py:830} INFO - Processing file /home/airflow/.local/lib/python3.8/site-packages/airflow/example_dags/example_complex.py for tasks to queue
[2026-04-16T04:33:32.805+0000] {logging_mixin.py:188} INFO - [2026-04-16T04:33:32.805+0000] {dagbag.py:538} INFO - Filling up the DagBag from /home/airflow/.local/lib/python3.8/site-packages/airflow/example_dags/example_complex.py
[2026-04-16T04:33:32.812+0000] {processor.py:840} INFO - DAG(s) 'example_complex' retrieved from /home/airflow/.local/lib/python3.8/site-packages/airflow/example_dags/example_complex.py
[2026-04-16T04:33:32.832+0000] {logging_mixin.py:188} INFO - [2026-04-16T04:33:32.832+0000] {dag.py:3036} INFO - Sync 1 DAGs
[2026-04-16T04:33:32.840+0000] {logging_mixin.py:188} INFO - [2026-04-16T04:33:32.840+0000] {dag.py:3823} INFO - Setting next_dagrun for example_complex to None, run_after=None
[2026-04-16T04:33:32.850+0000] {processor.py:183} INFO - Processing /home/airflow/.local/lib/python3.8/site-packages/airflow/example_dags/example_complex.py took 0.051 seconds
[2026-04-16T04:34:03.678+0000] {processor.py:161} INFO - Started process (PID=3348) to work on /home/airflow/.local/lib/python3.8/site-packages/airflow/example_dags/example_complex.py
[2026-04-16T04:34:03.681+0000] {processor.py:830} INFO - Processing file /home/airflow/.local/lib/python3.8/site-packages/airflow/example_dags/example_complex.py for tasks to queue
[2026-04-16T04:34:03.683+0000] {logging_mixin.py:188} INFO - [2026-04-16T04:34:03.682+0000] {dagbag.py:538} INFO - Filling up the DagBag from /home/airflow/.local/lib/python3.8/site-packages/airflow/example_dags/example_complex.py
[2026-04-16T04:34:03.690+0000] {processor.py:840} INFO - DAG(s) 'example_complex' retrieved from /home/airflow/.local/lib/python3.8/site-packages/airflow/example_dags/example_complex.py
[2026-04-16T04:34:03.710+0000] {logging_mixin.py:188} INFO - [2026-04-16T04:34:03.710+0000] {dag.py:3036} INFO - Sync 1 DAGs
[2026-04-16T04:34:03.718+0000] {logging_mixin.py:188} INFO - [2026-04-16T04:34:03.717+0000] {dag.py:3823} INFO - Setting next_dagrun for example_complex to None, run_after=None
[2026-04-16T04:34:03.728+0000] {processor.py:183} INFO - Processing /home/airflow/.local/lib/python3.8/site-packages/airflow/example_dags/example_complex.py took 0.052 seconds
[2026-04-16T04:34:34.489+0000] {processor.py:161} INFO - Started process (PID=3403) to work on /home/airflow/.local/lib/python3.8/site-packages/airflow/example_dags/example_complex.py
[2026-04-16T04:34:34.491+0000] {processor.py:830} INFO - Processing file /home/airflow/.local/lib/python3.8/site-packages/airflow/example_dags/example_complex.py for tasks to queue
[2026-04-16T04:34:34.492+0000] {logging_mixin.py:188} INFO - [2026-04-16T04:34:34.492+0000] {dagbag.py:538} INFO - Filling up the DagBag from /home/airflow/.local/lib/python3.8/site-packages/airflow/example_dags/example_complex.py
[2026-04-16T04:34:34.500+0000] {processor.py:840} INFO - DAG(s) 'example_complex' retrieved from /home/airflow/.local/lib/python3.8/site-packages/airflow/example_dags/example_complex.py
[2026-04-16T04:34:34.520+0000] {logging_mixin.py:188} INFO - [2026-04-16T04:34:34.520+0000] {dag.py:3036} INFO - Sync 1 DAGs
[2026-04-16T04:34:34.528+0000] {logging_mixin.py:188} INFO - [2026-04-16T04:34:34.528+0000] {dag.py:3823} INFO - Setting next_dagrun for example_complex to None, run_after=None
[2026-04-16T04:34:34.538+0000] {processor.py:183} INFO - Processing /home/airflow/.local/lib/python3.8/site-packages/airflow/example_dags/example_complex.py took 0.051 seconds
[2026-04-16T04:35:05.350+0000] {processor.py:161} INFO - Started process (PID=3458) to work on /home/airflow/.local/lib/python3.8/site-packages/airflow/example_dags/example_complex.py
[2026-04-16T04:35:05.353+0000] {processor.py:830} INFO - Processing file /home/airflow/.local/lib/python3.8/site-packages/airflow/example_dags/example_complex.py for tasks to queue
[2026-04-16T04:35:05.354+0000] {logging_mixin.py:188} INFO - [2026-04-16T04:35:05.354+0000] {dagbag.py:538} INFO - Filling up the DagBag from /home/airflow/.local/lib/python3.8/site-packages/airflow/example_dags/example_complex.py
[2026-04-16T04:35:05.362+0000] {processor.py:840} INFO - DAG(s) 'example_complex' retrieved from /home/airflow/.local/lib/python3.8/site-packages/airflow/example_dags/example_complex.py
[2026-04-16T04:35:05.383+0000] {logging_mixin.py:188} INFO - [2026-04-16T04:35:05.383+0000] {dag.py:3036} INFO - Sync 1 DAGs
[2026-04-16T04:35:05.391+0000] {logging_mixin.py:188} INFO - [2026-04-16T04:35:05.391+0000] {dag.py:3823} INFO - Setting next_dagrun for example_complex to None, run_after=None
[2026-04-16T04:35:05.402+0000] {processor.py:183} INFO - Processing /home/airflow/.local/lib/python3.8/site-packages/airflow/example_dags/example_complex.py took 0.054 seconds
[2026-04-16T04:35:36.205+0000] {processor.py:161} INFO - Started process (PID=3513) to work on /home/airflow/.local/lib/python3.8/site-packages/airflow/example_dags/example_complex.py
[2026-04-16T04:35:36.205+0000] {processor.py:830} INFO - Processing file /home/airflow/.local/lib/python3.8/site-packages/airflow/example_dags/example_complex.py for tasks to queue
[2026-04-16T04:35:36.207+0000] {logging_mixin.py:188} INFO - [2026-04-16T04:35:36.206+0000] {dagbag.py:538} INFO - Filling up the DagBag from /home/airflow/.local/lib/python3.8/site-packages/airflow/example_dags/example_complex.py
[2026-04-16T04:35:36.214+0000] {processor.py:840} INFO - DAG(s) 'example_complex' retrieved from /home/airflow/.local/lib/python3.8/site-packages/airflow/example_dags/example_complex.py
[2026-04-16T04:35:36.233+0000] {logging_mixin.py:188} INFO - [2026-04-16T04:35:36.233+0000] {dag.py:3036} INFO - Sync 1 DAGs
[2026-04-16T04:35:36.241+0000] {logging_mixin.py:188} INFO - [2026-04-16T04:35:36.241+0000] {dag.py:3823} INFO - Setting next_dagrun for example_complex to None, run_after=None
[2026-04-16T04:35:36.252+0000] {processor.py:183} INFO - Processing /home/airflow/.local/lib/python3.8/site-packages/airflow/example_dags/example_complex.py took 0.049 seconds
[2026-04-16T04:36:06.921+0000] {processor.py:161} INFO - Started process (PID=3568) to work on /home/airflow/.local/lib/python3.8/site-packages/airflow/example_dags/example_complex.py
[2026-04-16T04:36:06.923+0000] {processor.py:830} INFO - Processing file /home/airflow/.local/lib/python3.8/site-packages/airflow/example_dags/example_complex.py for tasks to queue
[2026-04-16T04:36:06.925+0000] {logging_mixin.py:188} INFO - [2026-04-16T04:36:06.924+0000] {dagbag.py:538} INFO - Filling up the DagBag from /home/airflow/.local/lib/python3.8/site-packages/airflow/example_dags/example_complex.py
[2026-04-16T04:36:06.932+0000] {processor.py:840} INFO - DAG(s) 'example_complex' retrieved from /home/airflow/.local/lib/python3.8/site-packages/airflow/example_dags/example_complex.py
[2026-04-16T04:36:06.952+0000] {logging_mixin.py:188} INFO - [2026-04-16T04:36:06.952+0000] {dag.py:3036} INFO - Sync 1 DAGs
[2026-04-16T04:36:06.961+0000] {logging_mixin.py:188} INFO - [2026-04-16T04:36:06.960+0000] {dag.py:3823} INFO - Setting next_dagrun for example_complex to None, run_after=None
[2026-04-16T04:36:06.972+0000] {processor.py:183} INFO - Processing /home/airflow/.local/lib/python3.8/site-packages/airflow/example_dags/example_complex.py took 0.053 seconds
[2026-04-16T04:36:37.822+0000] {processor.py:161} INFO - Started process (PID=3623) to work on /home/airflow/.local/lib/python3.8/site-packages/airflow/example_dags/example_complex.py
[2026-04-16T04:36:37.825+0000] {processor.py:830} INFO - Processing file /home/airflow/.local/lib/python3.8/site-packages/airflow/example_dags/example_complex.py for tasks to queue
[2026-04-16T04:36:37.826+0000] {logging_mixin.py:188} INFO - [2026-04-16T04:36:37.826+0000] {dagbag.py:538} INFO - Filling up the DagBag from /home/airflow/.local/lib/python3.8/site-packages/airflow/example_dags/example_complex.py
[2026-04-16T04:36:37.833+0000] {processor.py:840} INFO - DAG(s) 'example_complex' retrieved from /home/airflow/.local/lib/python3.8/site-packages/airflow/example_dags/example_complex.py
[2026-04-16T04:36:37.853+0000] {logging_mixin.py:188} INFO - [2026-04-16T04:36:37.853+0000] {dag.py:3036} INFO - Sync 1 DAGs
[2026-04-16T04:36:37.861+0000] {logging_mixin.py:188} INFO - [2026-04-16T04:36:37.860+0000] {dag.py:3823} INFO - Setting next_dagrun for example_complex to None, run_after=None
[2026-04-16T04:36:37.871+0000] {processor.py:183} INFO - Processing /home/airflow/.local/lib/python3.8/site-packages/airflow/example_dags/example_complex.py took 0.051 seconds
[2026-04-16T04:37:08.590+0000] {processor.py:161} INFO - Started process (PID=3678) to work on /home/airflow/.local/lib/python3.8/site-packages/airflow/example_dags/example_complex.py
[2026-04-16T04:37:08.592+0000] {processor.py:830} INFO - Processing file /home/airflow/.local/lib/python3.8/site-packages/airflow/example_dags/example_complex.py for tasks to queue
[2026-04-16T04:37:08.593+0000] {logging_mixin.py:188} INFO - [2026-04-16T04:37:08.593+0000] {dagbag.py:538} INFO - Filling up the DagBag from /home/airflow/.local/lib/python3.8/site-packages/airflow/example_dags/example_complex.py
[2026-04-16T04:37:08.601+0000] {processor.py:840} INFO - DAG(s) 'example_complex' retrieved from /home/airflow/.local/lib/python3.8/site-packages/airflow/example_dags/example_complex.py
[2026-04-16T04:37:08.620+0000] {logging_mixin.py:188} INFO - [2026-04-16T04:37:08.620+0000] {dag.py:3036} INFO - Sync 1 DAGs
[2026-04-16T04:37:08.628+0000] {logging_mixin.py:188} INFO - [2026-04-16T04:37:08.628+0000] {dag.py:3823} INFO - Setting next_dagrun for example_complex to None, run_after=None
[2026-04-16T04:37:08.639+0000] {processor.py:183} INFO - Processing /home/airflow/.local/lib/python3.8/site-packages/airflow/example_dags/example_complex.py took 0.051 seconds
[2026-04-16T04:37:39.406+0000] {processor.py:161} INFO - Started process (PID=3733) to work on /home/airflow/.local/lib/python3.8/site-packages/airflow/example_dags/example_complex.py
[2026-04-16T04:37:39.408+0000] {processor.py:830} INFO - Processing file /home/airflow/.local/lib/python3.8/site-packages/airflow/example_dags/example_complex.py for tasks to queue
[2026-04-16T04:37:39.409+0000] {logging_mixin.py:188} INFO - [2026-04-16T04:37:39.409+0000] {dagbag.py:538} INFO - Filling up the DagBag from /home/airflow/.local/lib/python3.8/site-packages/airflow/example_dags/example_complex.py
[2026-04-16T04:37:39.416+0000] {processor.py:840} INFO - DAG(s) 'example_complex' retrieved from /home/airflow/.local/lib/python3.8/site-packages/airflow/example_dags/example_complex.py
[2026-04-16T04:37:39.436+0000] {logging_mixin.py:188} INFO - [2026-04-16T04:37:39.436+0000] {dag.py:3036} INFO - Sync 1 DAGs
[2026-04-16T04:37:39.445+0000] {logging_mixin.py:188} INFO - [2026-04-16T04:37:39.445+0000] {dag.py:3823} INFO - Setting next_dagrun for example_complex to None, run_after=None
[2026-04-16T04:37:39.456+0000] {processor.py:183} INFO - Processing /home/airflow/.local/lib/python3.8/site-packages/airflow/example_dags/example_complex.py took 0.052 seconds
[2026-04-16T04:38:10.212+0000] {processor.py:161} INFO - Started process (PID=3788) to work on /home/airflow/.local/lib/python3.8/site-packages/airflow/example_dags/example_complex.py
[2026-04-16T04:38:10.213+0000] {processor.py:830} INFO - Processing file /home/airflow/.local/lib/python3.8/site-packages/airflow/example_dags/example_complex.py for tasks to queue
[2026-04-16T04:38:10.214+0000] {logging_mixin.py:188} INFO - [2026-04-16T04:38:10.214+0000] {dagbag.py:538} INFO - Filling up the DagBag from /home/airflow/.local/lib/python3.8/site-packages/airflow/example_dags/example_complex.py
[2026-04-16T04:38:10.222+0000] {processor.py:840} INFO - DAG(s) 'example_complex' retrieved from /home/airflow/.local/lib/python3.8/site-packages/airflow/example_dags/example_complex.py
[2026-04-16T04:38:10.241+0000] {logging_mixin.py:188} INFO - [2026-04-16T04:38:10.241+0000] {dag.py:3036} INFO - Sync 1 DAGs
[2026-04-16T04:38:10.249+0000] {logging_mixin.py:188} INFO - [2026-04-16T04:38:10.249+0000] {dag.py:3823} INFO - Setting next_dagrun for example_complex to None, run_after=None
[2026-04-16T04:38:10.261+0000] {processor.py:183} INFO - Processing /home/airflow/.local/lib/python3.8/site-packages/airflow/example_dags/example_complex.py took 0.051 seconds
[2026-04-16T04:38:41.078+0000] {processor.py:161} INFO - Started process (PID=3843) to work on /home/airflow/.local/lib/python3.8/site-packages/airflow/example_dags/example_complex.py
[2026-04-16T04:38:41.079+0000] {processor.py:830} INFO - Processing file /home/airflow/.local/lib/python3.8/site-packages/airflow/example_dags/example_complex.py for tasks to queue
[2026-04-16T04:38:41.080+0000] {logging_mixin.py:188} INFO - [2026-04-16T04:38:41.080+0000] {dagbag.py:538} INFO - Filling up the DagBag from /home/airflow/.local/lib/python3.8/site-packages/airflow/example_dags/example_complex.py
[2026-04-16T04:38:41.087+0000] {processor.py:840} INFO - DAG(s) 'example_complex' retrieved from /home/airflow/.local/lib/python3.8/site-packages/airflow/example_dags/example_complex.py
[2026-04-16T04:38:41.108+0000] {logging_mixin.py:188} INFO - [2026-04-16T04:38:41.107+0000] {dag.py:3036} INFO - Sync 1 DAGs
[2026-04-16T04:38:41.115+0000] {logging_mixin.py:188} INFO - [2026-04-16T04:38:41.115+0000] {dag.py:3823} INFO - Setting next_dagrun for example_complex to None, run_after=None
[2026-04-16T04:38:41.127+0000] {processor.py:183} INFO - Processing /home/airflow/.local/lib/python3.8/site-packages/airflow/example_dags/example_complex.py took 0.052 seconds
[2026-04-16T04:39:11.856+0000] {processor.py:161} INFO - Started process (PID=3898) to work on /home/airflow/.local/lib/python3.8/site-packages/airflow/example_dags/example_complex.py
[2026-04-16T04:39:11.859+0000] {processor.py:830} INFO - Processing file /home/airflow/.local/lib/python3.8/site-packages/airflow/example_dags/example_complex.py for tasks to queue
[2026-04-16T04:39:11.861+0000] {logging_mixin.py:188} INFO - [2026-04-16T04:39:11.861+0000] {dagbag.py:538} INFO - Filling up the DagBag from /home/airflow/.local/lib/python3.8/site-packages/airflow/example_dags/example_complex.py
[2026-04-16T04:39:11.868+0000] {processor.py:840} INFO - DAG(s) 'example_complex' retrieved from /home/airflow/.local/lib/python3.8/site-packages/airflow/example_dags/example_complex.py
[2026-04-16T04:39:11.888+0000] {logging_mixin.py:188} INFO - [2026-04-16T04:39:11.888+0000] {dag.py:3036} INFO - Sync 1 DAGs
[2026-04-16T04:39:11.896+0000] {logging_mixin.py:188} INFO - [2026-04-16T04:39:11.896+0000] {dag.py:3823} INFO - Setting next_dagrun for example_complex to None, run_after=None
[2026-04-16T04:39:11.906+0000] {processor.py:183} INFO - Processing /home/airflow/.local/lib/python3.8/site-packages/airflow/example_dags/example_complex.py took 0.052 seconds
[2026-04-16T04:39:42.754+0000] {processor.py:161} INFO - Started process (PID=3953) to work on /home/airflow/.local/lib/python3.8/site-packages/airflow/example_dags/example_complex.py
[2026-04-16T04:39:42.756+0000] {processor.py:830} INFO - Processing file /home/airflow/.local/lib/python3.8/site-packages/airflow/example_dags/example_complex.py for tasks to queue
[2026-04-16T04:39:42.758+0000] {logging_mixin.py:188} INFO - [2026-04-16T04:39:42.757+0000] {dagbag.py:538} INFO - Filling up the DagBag from /home/airflow/.local/lib/python3.8/site-packages/airflow/example_dags/example_complex.py
[2026-04-16T04:39:42.765+0000] {processor.py:840} INFO - DAG(s) 'example_complex' retrieved from /home/airflow/.local/lib/python3.8/site-packages/airflow/example_dags/example_complex.py
[2026-04-16T04:39:42.785+0000] {logging_mixin.py:188} INFO - [2026-04-16T04:39:42.784+0000] {dag.py:3036} INFO - Sync 1 DAGs
[2026-04-16T04:39:42.792+0000] {logging_mixin.py:188} INFO - [2026-04-16T04:39:42.792+0000] {dag.py:3823} INFO - Setting next_dagrun for example_complex to None, run_after=None
[2026-04-16T04:39:42.803+0000] {processor.py:183} INFO - Processing /home/airflow/.local/lib/python3.8/site-packages/airflow/example_dags/example_complex.py took 0.051 seconds
[2026-04-16T04:40:13.528+0000] {processor.py:161} INFO - Started process (PID=4008) to work on /home/airflow/.local/lib/python3.8/site-packages/airflow/example_dags/example_complex.py
[2026-04-16T04:40:13.530+0000] {processor.py:830} INFO - Processing file /home/airflow/.local/lib/python3.8/site-packages/airflow/example_dags/example_complex.py for tasks to queue
[2026-04-16T04:40:13.532+0000] {logging_mixin.py:188} INFO - [2026-04-16T04:40:13.531+0000] {dagbag.py:538} INFO - Filling up the DagBag from /home/airflow/.local/lib/python3.8/site-packages/airflow/example_dags/example_complex.py
[2026-04-16T04:40:13.539+0000] {processor.py:840} INFO - DAG(s) 'example_complex' retrieved from /home/airflow/.local/lib/python3.8/site-packages/airflow/example_dags/example_complex.py
[2026-04-16T04:40:13.559+0000] {logging_mixin.py:188} INFO - [2026-04-16T04:40:13.559+0000] {dag.py:3036} INFO - Sync 1 DAGs
[2026-04-16T04:40:13.567+0000] {logging_mixin.py:188} INFO - [2026-04-16T04:40:13.567+0000] {dag.py:3823} INFO - Setting next_dagrun for example_complex to None, run_after=None
[2026-04-16T04:40:13.578+0000] {processor.py:183} INFO - Processing /home/airflow/.local/lib/python3.8/site-packages/airflow/example_dags/example_complex.py took 0.052 seconds
[2026-04-16T04:40:43.616+0000] {processor.py:161} INFO - Started process (PID=4063) to work on /home/airflow/.local/lib/python3.8/site-packages/airflow/example_dags/example_complex.py
[2026-04-16T04:40:43.618+0000] {processor.py:830} INFO - Processing file /home/airflow/.local/lib/python3.8/site-packages/airflow/example_dags/example_complex.py for tasks to queue
[2026-04-16T04:40:43.619+0000] {logging_mixin.py:188} INFO - [2026-04-16T04:40:43.619+0000] {dagbag.py:538} INFO - Filling up the DagBag from /home/airflow/.local/lib/python3.8/site-packages/airflow/example_dags/example_complex.py
[2026-04-16T04:40:43.626+0000] {processor.py:840} INFO - DAG(s) 'example_complex' retrieved from /home/airflow/.local/lib/python3.8/site-packages/airflow/example_dags/example_complex.py
[2026-04-16T04:40:43.647+0000] {logging_mixin.py:188} INFO - [2026-04-16T04:40:43.647+0000] {dag.py:3036} INFO - Sync 1 DAGs
[2026-04-16T04:40:43.655+0000] {logging_mixin.py:188} INFO - [2026-04-16T04:40:43.655+0000] {dag.py:3823} INFO - Setting next_dagrun for example_complex to None, run_after=None
[2026-04-16T04:40:43.666+0000] {processor.py:183} INFO - Processing /home/airflow/.local/lib/python3.8/site-packages/airflow/example_dags/example_complex.py took 0.053 seconds
[2026-04-16T04:41:13.784+0000] {processor.py:161} INFO - Started process (PID=4118) to work on /home/airflow/.local/lib/python3.8/site-packages/airflow/example_dags/example_complex.py
[2026-04-16T04:41:13.784+0000] {processor.py:830} INFO - Processing file /home/airflow/.local/lib/python3.8/site-packages/airflow/example_dags/example_complex.py for tasks to queue
[2026-04-16T04:41:13.785+0000] {logging_mixin.py:188} INFO - [2026-04-16T04:41:13.785+0000] {dagbag.py:538} INFO - Filling up the DagBag from /home/airflow/.local/lib/python3.8/site-packages/airflow/example_dags/example_complex.py
[2026-04-16T04:41:13.793+0000] {processor.py:840} INFO - DAG(s) 'example_complex' retrieved from /home/airflow/.local/lib/python3.8/site-packages/airflow/example_dags/example_complex.py
[2026-04-16T04:41:13.816+0000] {logging_mixin.py:188} INFO - [2026-04-16T04:41:13.815+0000] {dag.py:3036} INFO - Sync 1 DAGs
[2026-04-16T04:41:13.826+0000] {logging_mixin.py:188} INFO - [2026-04-16T04:41:13.826+0000] {dag.py:3823} INFO - Setting next_dagrun for example_complex to None, run_after=None
[2026-04-16T04:41:13.838+0000] {processor.py:183} INFO - Processing /home/airflow/.local/lib/python3.8/site-packages/airflow/example_dags/example_complex.py took 0.057 seconds
[2026-04-16T04:41:43.924+0000] {processor.py:161} INFO - Started process (PID=4173) to work on /home/airflow/.local/lib/python3.8/site-packages/airflow/example_dags/example_complex.py
[2026-04-16T04:41:43.925+0000] {processor.py:830} INFO - Processing file /home/airflow/.local/lib/python3.8/site-packages/airflow/example_dags/example_complex.py for tasks to queue
[2026-04-16T04:41:43.926+0000] {logging_mixin.py:188} INFO - [2026-04-16T04:41:43.926+0000] {dagbag.py:538} INFO - Filling up the DagBag from /home/airflow/.local/lib/python3.8/site-packages/airflow/example_dags/example_complex.py
[2026-04-16T04:41:43.933+0000] {processor.py:840} INFO - DAG(s) 'example_complex' retrieved from /home/airflow/.local/lib/python3.8/site-packages/airflow/example_dags/example_complex.py
[2026-04-16T04:41:43.954+0000] {logging_mixin.py:188} INFO - [2026-04-16T04:41:43.954+0000] {dag.py:3036} INFO - Sync 1 DAGs
[2026-04-16T04:41:43.963+0000] {logging_mixin.py:188} INFO - [2026-04-16T04:41:43.962+0000] {dag.py:3823} INFO - Setting next_dagrun for example_complex to None, run_after=None
[2026-04-16T04:41:43.974+0000] {processor.py:183} INFO - Processing /home/airflow/.local/lib/python3.8/site-packages/airflow/example_dags/example_complex.py took 0.053 seconds
[2026-04-16T04:42:14.061+0000] {processor.py:161} INFO - Started process (PID=4228) to work on /home/airflow/.local/lib/python3.8/site-packages/airflow/example_dags/example_complex.py
[2026-04-16T04:42:14.064+0000] {processor.py:830} INFO - Processing file /home/airflow/.local/lib/python3.8/site-packages/airflow/example_dags/example_complex.py for tasks to queue
[2026-04-16T04:42:14.065+0000] {logging_mixin.py:188} INFO - [2026-04-16T04:42:14.065+0000] {dagbag.py:538} INFO - Filling up the DagBag from /home/airflow/.local/lib/python3.8/site-packages/airflow/example_dags/example_complex.py
[2026-04-16T04:42:14.072+0000] {processor.py:840} INFO - DAG(s) 'example_complex' retrieved from /home/airflow/.local/lib/python3.8/site-packages/airflow/example_dags/example_complex.py
[2026-04-16T04:42:14.092+0000] {logging_mixin.py:188} INFO - [2026-04-16T04:42:14.092+0000] {dag.py:3036} INFO - Sync 1 DAGs
[2026-04-16T04:42:14.100+0000] {logging_mixin.py:188} INFO - [2026-04-16T04:42:14.099+0000] {dag.py:3823} INFO - Setting next_dagrun for example_complex to None, run_after=None
[2026-04-16T04:42:14.110+0000] {processor.py:183} INFO - Processing /home/airflow/.local/lib/python3.8/site-packages/airflow/example_dags/example_complex.py took 0.051 seconds
[2026-04-16T04:42:44.832+0000] {processor.py:161} INFO - Started process (PID=4283) to work on /home/airflow/.local/lib/python3.8/site-packages/airflow/example_dags/example_complex.py
[2026-04-16T04:42:44.833+0000] {processor.py:830} INFO - Processing file /home/airflow/.local/lib/python3.8/site-packages/airflow/example_dags/example_complex.py for tasks to queue
[2026-04-16T04:42:44.834+0000] {logging_mixin.py:188} INFO - [2026-04-16T04:42:44.834+0000] {dagbag.py:538} INFO - Filling up the DagBag from /home/airflow/.local/lib/python3.8/site-packages/airflow/example_dags/example_complex.py
[2026-04-16T04:42:44.841+0000] {processor.py:840} INFO - DAG(s) 'example_complex' retrieved from /home/airflow/.local/lib/python3.8/site-packages/airflow/example_dags/example_complex.py
[2026-04-16T04:42:44.862+0000] {logging_mixin.py:188} INFO - [2026-04-16T04:42:44.862+0000] {dag.py:3036} INFO - Sync 1 DAGs
[2026-04-16T04:42:44.870+0000] {logging_mixin.py:188} INFO - [2026-04-16T04:42:44.870+0000] {dag.py:3823} INFO - Setting next_dagrun for example_complex to None, run_after=None
[2026-04-16T04:42:44.881+0000] {processor.py:183} INFO - Processing /home/airflow/.local/lib/python3.8/site-packages/airflow/example_dags/example_complex.py took 0.052 seconds
[2026-04-16T04:43:15.575+0000] {processor.py:161} INFO - Started process (PID=4338) to work on /home/airflow/.local/lib/python3.8/site-packages/airflow/example_dags/example_complex.py
[2026-04-16T04:43:15.578+0000] {processor.py:830} INFO - Processing file /home/airflow/.local/lib/python3.8/site-packages/airflow/example_dags/example_complex.py for tasks to queue
[2026-04-16T04:43:15.579+0000] {logging_mixin.py:188} INFO - [2026-04-16T04:43:15.579+0000] {dagbag.py:538} INFO - Filling up the DagBag from /home/airflow/.local/lib/python3.8/site-packages/airflow/example_dags/example_complex.py
[2026-04-16T04:43:15.587+0000] {processor.py:840} INFO - DAG(s) 'example_complex' retrieved from /home/airflow/.local/lib/python3.8/site-packages/airflow/example_dags/example_complex.py
[2026-04-16T04:43:15.607+0000] {logging_mixin.py:188} INFO - [2026-04-16T04:43:15.607+0000] {dag.py:3036} INFO - Sync 1 DAGs
[2026-04-16T04:43:15.615+0000] {logging_mixin.py:188} INFO - [2026-04-16T04:43:15.615+0000] {dag.py:3823} INFO - Setting next_dagrun for example_complex to None, run_after=None
[2026-04-16T04:43:15.626+0000] {processor.py:183} INFO - Processing /home/airflow/.local/lib/python3.8/site-packages/airflow/example_dags/example_complex.py took 0.053 seconds
[2026-04-16T04:43:46.326+0000] {processor.py:161} INFO - Started process (PID=4393) to work on /home/airflow/.local/lib/python3.8/site-packages/airflow/example_dags/example_complex.py
[2026-04-16T04:43:46.328+0000] {processor.py:830} INFO - Processing file /home/airflow/.local/lib/python3.8/site-packages/airflow/example_dags/example_complex.py for tasks to queue
[2026-04-16T04:43:46.329+0000] {logging_mixin.py:188} INFO - [2026-04-16T04:43:46.329+0000] {dagbag.py:538} INFO - Filling up the DagBag from /home/airflow/.local/lib/python3.8/site-packages/airflow/example_dags/example_complex.py
[2026-04-16T04:43:46.337+0000] {processor.py:840} INFO - DAG(s) 'example_complex' retrieved from /home/airflow/.local/lib/python3.8/site-packages/airflow/example_dags/example_complex.py
[2026-04-16T04:43:46.357+0000] {logging_mixin.py:188} INFO - [2026-04-16T04:43:46.357+0000] {dag.py:3036} INFO - Sync 1 DAGs
[2026-04-16T04:43:46.365+0000] {logging_mixin.py:188} INFO - [2026-04-16T04:43:46.365+0000] {dag.py:3823} INFO - Setting next_dagrun for example_complex to None, run_after=None
[2026-04-16T04:43:46.376+0000] {processor.py:183} INFO - Processing /home/airflow/.local/lib/python3.8/site-packages/airflow/example_dags/example_complex.py took 0.053 seconds
[2026-04-16T04:44:17.142+0000] {processor.py:161} INFO - Started process (PID=4448) to work on /home/airflow/.local/lib/python3.8/site-packages/airflow/example_dags/example_complex.py
[2026-04-16T04:44:17.143+0000] {processor.py:830} INFO - Processing file /home/airflow/.local/lib/python3.8/site-packages/airflow/example_dags/example_complex.py for tasks to queue
[2026-04-16T04:44:17.145+0000] {logging_mixin.py:188} INFO - [2026-04-16T04:44:17.144+0000] {dagbag.py:538} INFO - Filling up the DagBag from /home/airflow/.local/lib/python3.8/site-packages/airflow/example_dags/example_complex.py
[2026-04-16T04:44:17.152+0000] {processor.py:840} INFO - DAG(s) 'example_complex' retrieved from /home/airflow/.local/lib/python3.8/site-packages/airflow/example_dags/example_complex.py
[2026-04-16T04:44:17.172+0000] {logging_mixin.py:188} INFO - [2026-04-16T04:44:17.172+0000] {dag.py:3036} INFO - Sync 1 DAGs
[2026-04-16T04:44:17.181+0000] {logging_mixin.py:188} INFO - [2026-04-16T04:44:17.180+0000] {dag.py:3823} INFO - Setting next_dagrun for example_complex to None, run_after=None
[2026-04-16T04:44:17.191+0000] {processor.py:183} INFO - Processing /home/airflow/.local/lib/python3.8/site-packages/airflow/example_dags/example_complex.py took 0.052 seconds
[2026-04-16T04:44:47.884+0000] {processor.py:161} INFO - Started process (PID=4503) to work on /home/airflow/.local/lib/python3.8/site-packages/airflow/example_dags/example_complex.py
[2026-04-16T04:44:47.886+0000] {processor.py:830} INFO - Processing file /home/airflow/.local/lib/python3.8/site-packages/airflow/example_dags/example_complex.py for tasks to queue
[2026-04-16T04:44:47.888+0000] {logging_mixin.py:188} INFO - [2026-04-16T04:44:47.888+0000] {dagbag.py:538} INFO - Filling up the DagBag from /home/airflow/.local/lib/python3.8/site-packages/airflow/example_dags/example_complex.py
[2026-04-16T04:44:47.895+0000] {processor.py:840} INFO - DAG(s) 'example_complex' retrieved from /home/airflow/.local/lib/python3.8/site-packages/airflow/example_dags/example_complex.py
[2026-04-16T04:44:47.917+0000] {logging_mixin.py:188} INFO - [2026-04-16T04:44:47.917+0000] {dag.py:3036} INFO - Sync 1 DAGs
[2026-04-16T04:44:47.925+0000] {logging_mixin.py:188} INFO - [2026-04-16T04:44:47.925+0000] {dag.py:3823} INFO - Setting next_dagrun for example_complex to None, run_after=None
[2026-04-16T04:44:47.936+0000] {processor.py:183} INFO - Processing /home/airflow/.local/lib/python3.8/site-packages/airflow/example_dags/example_complex.py took 0.054 seconds
[2026-04-16T04:45:18.675+0000] {processor.py:161} INFO - Started process (PID=4558) to work on /home/airflow/.local/lib/python3.8/site-packages/airflow/example_dags/example_complex.py
[2026-04-16T04:45:18.678+0000] {processor.py:830} INFO - Processing file /home/airflow/.local/lib/python3.8/site-packages/airflow/example_dags/example_complex.py for tasks to queue
[2026-04-16T04:45:18.680+0000] {logging_mixin.py:188} INFO - [2026-04-16T04:45:18.679+0000] {dagbag.py:538} INFO - Filling up the DagBag from /home/airflow/.local/lib/python3.8/site-packages/airflow/example_dags/example_complex.py
[2026-04-16T04:45:18.687+0000] {processor.py:840} INFO - DAG(s) 'example_complex' retrieved from /home/airflow/.local/lib/python3.8/site-packages/airflow/example_dags/example_complex.py
[2026-04-16T04:45:18.707+0000] {logging_mixin.py:188} INFO - [2026-04-16T04:45:18.707+0000] {dag.py:3036} INFO - Sync 1 DAGs
[2026-04-16T04:45:18.715+0000] {logging_mixin.py:188} INFO - [2026-04-16T04:45:18.715+0000] {dag.py:3823} INFO - Setting next_dagrun for example_complex to None, run_after=None
[2026-04-16T04:45:18.726+0000] {processor.py:183} INFO - Processing /home/airflow/.local/lib/python3.8/site-packages/airflow/example_dags/example_complex.py took 0.053 seconds
[2026-04-16T04:45:48.893+0000] {processor.py:161} INFO - Started process (PID=4613) to work on /home/airflow/.local/lib/python3.8/site-packages/airflow/example_dags/example_complex.py
[2026-04-16T04:45:48.894+0000] {processor.py:830} INFO - Processing file /home/airflow/.local/lib/python3.8/site-packages/airflow/example_dags/example_complex.py for tasks to queue
[2026-04-16T04:45:48.895+0000] {logging_mixin.py:188} INFO - [2026-04-16T04:45:48.895+0000] {dagbag.py:538} INFO - Filling up the DagBag from /home/airflow/.local/lib/python3.8/site-packages/airflow/example_dags/example_complex.py
[2026-04-16T04:45:48.902+0000] {processor.py:840} INFO - DAG(s) 'example_complex' retrieved from /home/airflow/.local/lib/python3.8/site-packages/airflow/example_dags/example_complex.py
[2026-04-16T04:45:48.924+0000] {logging_mixin.py:188} INFO - [2026-04-16T04:45:48.923+0000] {dag.py:3036} INFO - Sync 1 DAGs
[2026-04-16T04:45:48.931+0000] {logging_mixin.py:188} INFO - [2026-04-16T04:45:48.931+0000] {dag.py:3823} INFO - Setting next_dagrun for example_complex to None, run_after=None
[2026-04-16T04:45:48.942+0000] {processor.py:183} INFO - Processing /home/airflow/.local/lib/python3.8/site-packages/airflow/example_dags/example_complex.py took 0.052 seconds
[2026-04-16T04:46:19.636+0000] {processor.py:161} INFO - Started process (PID=4668) to work on /home/airflow/.local/lib/python3.8/site-packages/airflow/example_dags/example_complex.py
[2026-04-16T04:46:19.637+0000] {processor.py:830} INFO - Processing file /home/airflow/.local/lib/python3.8/site-packages/airflow/example_dags/example_complex.py for tasks to queue
[2026-04-16T04:46:19.638+0000] {logging_mixin.py:188} INFO - [2026-04-16T04:46:19.638+0000] {dagbag.py:538} INFO - Filling up the DagBag from /home/airflow/.local/lib/python3.8/site-packages/airflow/example_dags/example_complex.py
[2026-04-16T04:46:19.646+0000] {processor.py:840} INFO - DAG(s) 'example_complex' retrieved from /home/airflow/.local/lib/python3.8/site-packages/airflow/example_dags/example_complex.py
[2026-04-16T04:46:19.667+0000] {logging_mixin.py:188} INFO - [2026-04-16T04:46:19.667+0000] {dag.py:3036} INFO - Sync 1 DAGs
[2026-04-16T04:46:19.675+0000] {logging_mixin.py:188} INFO - [2026-04-16T04:46:19.675+0000] {dag.py:3823} INFO - Setting next_dagrun for example_complex to None, run_after=None
[2026-04-16T04:46:19.688+0000] {processor.py:183} INFO - Processing /home/airflow/.local/lib/python3.8/site-packages/airflow/example_dags/example_complex.py took 0.054 seconds
[2026-04-16T04:46:50.333+0000] {processor.py:161} INFO - Started process (PID=4723) to work on /home/airflow/.local/lib/python3.8/site-packages/airflow/example_dags/example_complex.py
[2026-04-16T04:46:50.335+0000] {processor.py:830} INFO - Processing file /home/airflow/.local/lib/python3.8/site-packages/airflow/example_dags/example_complex.py for tasks to queue
[2026-04-16T04:46:50.336+0000] {logging_mixin.py:188} INFO - [2026-04-16T04:46:50.336+0000] {dagbag.py:538} INFO - Filling up the DagBag from /home/airflow/.local/lib/python3.8/site-packages/airflow/example_dags/example_complex.py
[2026-04-16T04:46:50.343+0000] {processor.py:840} INFO - DAG(s) 'example_complex' retrieved from /home/airflow/.local/lib/python3.8/site-packages/airflow/example_dags/example_complex.py
[2026-04-16T04:46:50.364+0000] {logging_mixin.py:188} INFO - [2026-04-16T04:46:50.363+0000] {dag.py:3036} INFO - Sync 1 DAGs
[2026-04-16T04:46:50.371+0000] {logging_mixin.py:188} INFO - [2026-04-16T04:46:50.371+0000] {dag.py:3823} INFO - Setting next_dagrun for example_complex to None, run_after=None
[2026-04-16T04:46:50.382+0000] {processor.py:183} INFO - Processing /home/airflow/.local/lib/python3.8/site-packages/airflow/example_dags/example_complex.py took 0.051 seconds
[2026-04-16T04:47:21.126+0000] {processor.py:161} INFO - Started process (PID=4778) to work on /home/airflow/.local/lib/python3.8/site-packages/airflow/example_dags/example_complex.py
[2026-04-16T04:47:21.127+0000] {processor.py:830} INFO - Processing file /home/airflow/.local/lib/python3.8/site-packages/airflow/example_dags/example_complex.py for tasks to queue
[2026-04-16T04:47:21.128+0000] {logging_mixin.py:188} INFO - [2026-04-16T04:47:21.128+0000] {dagbag.py:538} INFO - Filling up the DagBag from /home/airflow/.local/lib/python3.8/site-packages/airflow/example_dags/example_complex.py
[2026-04-16T04:47:21.135+0000] {processor.py:840} INFO - DAG(s) 'example_complex' retrieved from /home/airflow/.local/lib/python3.8/site-packages/airflow/example_dags/example_complex.py
[2026-04-16T04:47:21.156+0000] {logging_mixin.py:188} INFO - [2026-04-16T04:47:21.156+0000] {dag.py:3036} INFO - Sync 1 DAGs
[2026-04-16T04:47:21.164+0000] {logging_mixin.py:188} INFO - [2026-04-16T04:47:21.164+0000] {dag.py:3823} INFO - Setting next_dagrun for example_complex to None, run_after=None
[2026-04-16T04:47:21.175+0000] {processor.py:183} INFO - Processing /home/airflow/.local/lib/python3.8/site-packages/airflow/example_dags/example_complex.py took 0.052 seconds
[2026-04-16T04:47:51.787+0000] {processor.py:161} INFO - Started process (PID=4833) to work on /home/airflow/.local/lib/python3.8/site-packages/airflow/example_dags/example_complex.py
[2026-04-16T04:47:51.789+0000] {processor.py:830} INFO - Processing file /home/airflow/.local/lib/python3.8/site-packages/airflow/example_dags/example_complex.py for tasks to queue
[2026-04-16T04:47:51.790+0000] {logging_mixin.py:188} INFO - [2026-04-16T04:47:51.790+0000] {dagbag.py:538} INFO - Filling up the DagBag from /home/airflow/.local/lib/python3.8/site-packages/airflow/example_dags/example_complex.py
[2026-04-16T04:47:51.798+0000] {processor.py:840} INFO - DAG(s) 'example_complex' retrieved from /home/airflow/.local/lib/python3.8/site-packages/airflow/example_dags/example_complex.py
[2026-04-16T04:47:51.818+0000] {logging_mixin.py:188} INFO - [2026-04-16T04:47:51.818+0000] {dag.py:3036} INFO - Sync 1 DAGs
[2026-04-16T04:47:51.826+0000] {logging_mixin.py:188} INFO - [2026-04-16T04:47:51.825+0000] {dag.py:3823} INFO - Setting next_dagrun for example_complex to None, run_after=None
[2026-04-16T04:47:51.836+0000] {processor.py:183} INFO - Processing /home/airflow/.local/lib/python3.8/site-packages/airflow/example_dags/example_complex.py took 0.051 seconds
[2026-04-16T04:48:22.554+0000] {processor.py:161} INFO - Started process (PID=4888) to work on /home/airflow/.local/lib/python3.8/site-packages/airflow/example_dags/example_complex.py
[2026-04-16T04:48:22.556+0000] {processor.py:830} INFO - Processing file /home/airflow/.local/lib/python3.8/site-packages/airflow/example_dags/example_complex.py for tasks to queue
[2026-04-16T04:48:22.557+0000] {logging_mixin.py:188} INFO - [2026-04-16T04:48:22.557+0000] {dagbag.py:538} INFO - Filling up the DagBag from /home/airflow/.local/lib/python3.8/site-packages/airflow/example_dags/example_complex.py
[2026-04-16T04:48:22.564+0000] {processor.py:840} INFO - DAG(s) 'example_complex' retrieved from /home/airflow/.local/lib/python3.8/site-packages/airflow/example_dags/example_complex.py
[2026-04-16T04:48:22.585+0000] {logging_mixin.py:188} INFO - [2026-04-16T04:48:22.584+0000] {dag.py:3036} INFO - Sync 1 DAGs
[2026-04-16T04:48:22.592+0000] {logging_mixin.py:188} INFO - [2026-04-16T04:48:22.592+0000] {dag.py:3823} INFO - Setting next_dagrun for example_complex to None, run_after=None
[2026-04-16T04:48:22.603+0000] {processor.py:183} INFO - Processing /home/airflow/.local/lib/python3.8/site-packages/airflow/example_dags/example_complex.py took 0.051 seconds
[2026-04-16T04:48:53.361+0000] {processor.py:161} INFO - Started process (PID=4943) to work on /home/airflow/.local/lib/python3.8/site-packages/airflow/example_dags/example_complex.py
[2026-04-16T04:48:53.364+0000] {processor.py:830} INFO - Processing file /home/airflow/.local/lib/python3.8/site-packages/airflow/example_dags/example_complex.py for tasks to queue
[2026-04-16T04:48:53.365+0000] {logging_mixin.py:188} INFO - [2026-04-16T04:48:53.365+0000] {dagbag.py:538} INFO - Filling up the DagBag from /home/airflow/.local/lib/python3.8/site-packages/airflow/example_dags/example_complex.py
[2026-04-16T04:48:53.373+0000] {processor.py:840} INFO - DAG(s) 'example_complex' retrieved from /home/airflow/.local/lib/python3.8/site-packages/airflow/example_dags/example_complex.py
[2026-04-16T04:48:53.393+0000] {logging_mixin.py:188} INFO - [2026-04-16T04:48:53.392+0000] {dag.py:3036} INFO - Sync 1 DAGs
[2026-04-16T04:48:53.400+0000] {logging_mixin.py:188} INFO - [2026-04-16T04:48:53.400+0000] {dag.py:3823} INFO - Setting next_dagrun for example_complex to None, run_after=None
[2026-04-16T04:48:53.411+0000] {processor.py:183} INFO - Processing /home/airflow/.local/lib/python3.8/site-packages/airflow/example_dags/example_complex.py took 0.052 seconds
[2026-04-16T04:49:24.133+0000] {processor.py:161} INFO - Started process (PID=4998) to work on /home/airflow/.local/lib/python3.8/site-packages/airflow/example_dags/example_complex.py
[2026-04-16T04:49:24.134+0000] {processor.py:830} INFO - Processing file /home/airflow/.local/lib/python3.8/site-packages/airflow/example_dags/example_complex.py for tasks to queue
[2026-04-16T04:49:24.135+0000] {logging_mixin.py:188} INFO - [2026-04-16T04:49:24.135+0000] {dagbag.py:538} INFO - Filling up the DagBag from /home/airflow/.local/lib/python3.8/site-packages/airflow/example_dags/example_complex.py
[2026-04-16T04:49:24.143+0000] {processor.py:840} INFO - DAG(s) 'example_complex' retrieved from /home/airflow/.local/lib/python3.8/site-packages/airflow/example_dags/example_complex.py
[2026-04-16T04:49:24.164+0000] {logging_mixin.py:188} INFO - [2026-04-16T04:49:24.164+0000] {dag.py:3036} INFO - Sync 1 DAGs
[2026-04-16T04:49:24.172+0000] {logging_mixin.py:188} INFO - [2026-04-16T04:49:24.172+0000] {dag.py:3823} INFO - Setting next_dagrun for example_complex to None, run_after=None
[2026-04-16T04:49:24.182+0000] {processor.py:183} INFO - Processing /home/airflow/.local/lib/python3.8/site-packages/airflow/example_dags/example_complex.py took 0.051 seconds
[2026-04-16T04:49:54.821+0000] {processor.py:161} INFO - Started process (PID=5053) to work on /home/airflow/.local/lib/python3.8/site-packages/airflow/example_dags/example_complex.py
[2026-04-16T04:49:54.823+0000] {processor.py:830} INFO - Processing file /home/airflow/.local/lib/python3.8/site-packages/airflow/example_dags/example_complex.py for tasks to queue
[2026-04-16T04:49:54.824+0000] {logging_mixin.py:188} INFO - [2026-04-16T04:49:54.823+0000] {dagbag.py:538} INFO - Filling up the DagBag from /home/airflow/.local/lib/python3.8/site-packages/airflow/example_dags/example_complex.py
[2026-04-16T04:49:54.831+0000] {processor.py:840} INFO - DAG(s) 'example_complex' retrieved from /home/airflow/.local/lib/python3.8/site-packages/airflow/example_dags/example_complex.py
[2026-04-16T04:49:54.851+0000] {logging_mixin.py:188} INFO - [2026-04-16T04:49:54.851+0000] {dag.py:3036} INFO - Sync 1 DAGs
[2026-04-16T04:49:54.859+0000] {logging_mixin.py:188} INFO - [2026-04-16T04:49:54.859+0000] {dag.py:3823} INFO - Setting next_dagrun for example_complex to None, run_after=None
[2026-04-16T04:49:54.870+0000] {processor.py:183} INFO - Processing /home/airflow/.local/lib/python3.8/site-packages/airflow/example_dags/example_complex.py took 0.052 seconds
[2026-04-16T04:50:25.543+0000] {processor.py:161} INFO - Started process (PID=5108) to work on /home/airflow/.local/lib/python3.8/site-packages/airflow/example_dags/example_complex.py
[2026-04-16T04:50:25.543+0000] {processor.py:830} INFO - Processing file /home/airflow/.local/lib/python3.8/site-packages/airflow/example_dags/example_complex.py for tasks to queue
[2026-04-16T04:50:25.545+0000] {logging_mixin.py:188} INFO - [2026-04-16T04:50:25.545+0000] {dagbag.py:538} INFO - Filling up the DagBag from /home/airflow/.local/lib/python3.8/site-packages/airflow/example_dags/example_complex.py
[2026-04-16T04:50:25.552+0000] {processor.py:840} INFO - DAG(s) 'example_complex' retrieved from /home/airflow/.local/lib/python3.8/site-packages/airflow/example_dags/example_complex.py
[2026-04-16T04:50:25.574+0000] {logging_mixin.py:188} INFO - [2026-04-16T04:50:25.574+0000] {dag.py:3036} INFO - Sync 1 DAGs
[2026-04-16T04:50:25.582+0000] {logging_mixin.py:188} INFO - [2026-04-16T04:50:25.582+0000] {dag.py:3823} INFO - Setting next_dagrun for example_complex to None, run_after=None
[2026-04-16T04:50:25.594+0000] {processor.py:183} INFO - Processing /home/airflow/.local/lib/python3.8/site-packages/airflow/example_dags/example_complex.py took 0.054 seconds
[2026-04-16T04:50:56.271+0000] {processor.py:161} INFO - Started process (PID=5163) to work on /home/airflow/.local/lib/python3.8/site-packages/airflow/example_dags/example_complex.py
[2026-04-16T04:50:56.274+0000] {processor.py:830} INFO - Processing file /home/airflow/.local/lib/python3.8/site-packages/airflow/example_dags/example_complex.py for tasks to queue
[2026-04-16T04:50:56.275+0000] {logging_mixin.py:188} INFO - [2026-04-16T04:50:56.275+0000] {dagbag.py:538} INFO - Filling up the DagBag from /home/airflow/.local/lib/python3.8/site-packages/airflow/example_dags/example_complex.py
[2026-04-16T04:50:56.282+0000] {processor.py:840} INFO - DAG(s) 'example_complex' retrieved from /home/airflow/.local/lib/python3.8/site-packages/airflow/example_dags/example_complex.py
[2026-04-16T04:50:56.302+0000] {logging_mixin.py:188} INFO - [2026-04-16T04:50:56.302+0000] {dag.py:3036} INFO - Sync 1 DAGs
[2026-04-16T04:50:56.309+0000] {logging_mixin.py:188} INFO - [2026-04-16T04:50:56.309+0000] {dag.py:3823} INFO - Setting next_dagrun for example_complex to None, run_after=None
[2026-04-16T04:50:56.321+0000] {processor.py:183} INFO - Processing /home/airflow/.local/lib/python3.8/site-packages/airflow/example_dags/example_complex.py took 0.051 seconds
[2026-04-16T04:51:26.952+0000] {processor.py:161} INFO - Started process (PID=5218) to work on /home/airflow/.local/lib/python3.8/site-packages/airflow/example_dags/example_complex.py
[2026-04-16T04:51:26.954+0000] {processor.py:830} INFO - Processing file /home/airflow/.local/lib/python3.8/site-packages/airflow/example_dags/example_complex.py for tasks to queue
[2026-04-16T04:51:26.955+0000] {logging_mixin.py:188} INFO - [2026-04-16T04:51:26.955+0000] {dagbag.py:538} INFO - Filling up the DagBag from /home/airflow/.local/lib/python3.8/site-packages/airflow/example_dags/example_complex.py
[2026-04-16T04:51:26.962+0000] {processor.py:840} INFO - DAG(s) 'example_complex' retrieved from /home/airflow/.local/lib/python3.8/site-packages/airflow/example_dags/example_complex.py
[2026-04-16T04:51:26.984+0000] {logging_mixin.py:188} INFO - [2026-04-16T04:51:26.983+0000] {dag.py:3036} INFO - Sync 1 DAGs
[2026-04-16T04:51:26.992+0000] {logging_mixin.py:188} INFO - [2026-04-16T04:51:26.992+0000] {dag.py:3823} INFO - Setting next_dagrun for example_complex to None, run_after=None
[2026-04-16T04:51:27.005+0000] {processor.py:183} INFO - Processing /home/airflow/.local/lib/python3.8/site-packages/airflow/example_dags/example_complex.py took 0.055 seconds
[2026-04-16T04:51:57.064+0000] {processor.py:161} INFO - Started process (PID=5273) to work on /home/airflow/.local/lib/python3.8/site-packages/airflow/example_dags/example_complex.py
[2026-04-16T04:51:57.066+0000] {processor.py:830} INFO - Processing file /home/airflow/.local/lib/python3.8/site-packages/airflow/example_dags/example_complex.py for tasks to queue
[2026-04-16T04:51:57.067+0000] {logging_mixin.py:188} INFO - [2026-04-16T04:51:57.067+0000] {dagbag.py:538} INFO - Filling up the DagBag from /home/airflow/.local/lib/python3.8/site-packages/airflow/example_dags/example_complex.py
[2026-04-16T04:51:57.075+0000] {processor.py:840} INFO - DAG(s) 'example_complex' retrieved from /home/airflow/.local/lib/python3.8/site-packages/airflow/example_dags/example_complex.py
[2026-04-16T04:51:57.097+0000] {logging_mixin.py:188} INFO - [2026-04-16T04:51:57.097+0000] {dag.py:3036} INFO - Sync 1 DAGs
[2026-04-16T04:51:57.106+0000] {logging_mixin.py:188} INFO - [2026-04-16T04:51:57.106+0000] {dag.py:3823} INFO - Setting next_dagrun for example_complex to None, run_after=None
[2026-04-16T04:51:57.118+0000] {processor.py:183} INFO - Processing /home/airflow/.local/lib/python3.8/site-packages/airflow/example_dags/example_complex.py took 0.056 seconds
[2026-04-16T04:52:27.163+0000] {processor.py:161} INFO - Started process (PID=5328) to work on /home/airflow/.local/lib/python3.8/site-packages/airflow/example_dags/example_complex.py
[2026-04-16T04:52:27.165+0000] {processor.py:830} INFO - Processing file /home/airflow/.local/lib/python3.8/site-packages/airflow/example_dags/example_complex.py for tasks to queue
[2026-04-16T04:52:27.167+0000] {logging_mixin.py:188} INFO - [2026-04-16T04:52:27.167+0000] {dagbag.py:538} INFO - Filling up the DagBag from /home/airflow/.local/lib/python3.8/site-packages/airflow/example_dags/example_complex.py
[2026-04-16T04:52:27.175+0000] {processor.py:840} INFO - DAG(s) 'example_complex' retrieved from /home/airflow/.local/lib/python3.8/site-packages/airflow/example_dags/example_complex.py
[2026-04-16T04:52:27.195+0000] {logging_mixin.py:188} INFO - [2026-04-16T04:52:27.195+0000] {dag.py:3036} INFO - Sync 1 DAGs
[2026-04-16T04:52:27.203+0000] {logging_mixin.py:188} INFO - [2026-04-16T04:52:27.203+0000] {dag.py:3823} INFO - Setting next_dagrun for example_complex to None, run_after=None
[2026-04-16T04:52:27.213+0000] {processor.py:183} INFO - Processing /home/airflow/.local/lib/python3.8/site-packages/airflow/example_dags/example_complex.py took 0.052 seconds
[2026-04-16T04:52:57.366+0000] {processor.py:161} INFO - Started process (PID=5383) to work on /home/airflow/.local/lib/python3.8/site-packages/airflow/example_dags/example_complex.py
[2026-04-16T04:52:57.367+0000] {processor.py:830} INFO - Processing file /home/airflow/.local/lib/python3.8/site-packages/airflow/example_dags/example_complex.py for tasks to queue
[2026-04-16T04:52:57.368+0000] {logging_mixin.py:188} INFO - [2026-04-16T04:52:57.368+0000] {dagbag.py:538} INFO - Filling up the DagBag from /home/airflow/.local/lib/python3.8/site-packages/airflow/example_dags/example_complex.py
[2026-04-16T04:52:57.375+0000] {processor.py:840} INFO - DAG(s) 'example_complex' retrieved from /home/airflow/.local/lib/python3.8/site-packages/airflow/example_dags/example_complex.py
[2026-04-16T04:52:57.396+0000] {logging_mixin.py:188} INFO - [2026-04-16T04:52:57.396+0000] {dag.py:3036} INFO - Sync 1 DAGs
[2026-04-16T04:52:57.404+0000] {logging_mixin.py:188} INFO - [2026-04-16T04:52:57.404+0000] {dag.py:3823} INFO - Setting next_dagrun for example_complex to None, run_after=None
[2026-04-16T04:52:57.415+0000] {processor.py:183} INFO - Processing /home/airflow/.local/lib/python3.8/site-packages/airflow/example_dags/example_complex.py took 0.051 seconds
[2026-04-16T04:53:27.513+0000] {processor.py:161} INFO - Started process (PID=5438) to work on /home/airflow/.local/lib/python3.8/site-packages/airflow/example_dags/example_complex.py
[2026-04-16T04:53:27.515+0000] {processor.py:830} INFO - Processing file /home/airflow/.local/lib/python3.8/site-packages/airflow/example_dags/example_complex.py for tasks to queue
[2026-04-16T04:53:27.517+0000] {logging_mixin.py:188} INFO - [2026-04-16T04:53:27.517+0000] {dagbag.py:538} INFO - Filling up the DagBag from /home/airflow/.local/lib/python3.8/site-packages/airflow/example_dags/example_complex.py
[2026-04-16T04:53:27.525+0000] {processor.py:840} INFO - DAG(s) 'example_complex' retrieved from /home/airflow/.local/lib/python3.8/site-packages/airflow/example_dags/example_complex.py
[2026-04-16T04:53:27.545+0000] {logging_mixin.py:188} INFO - [2026-04-16T04:53:27.545+0000] {dag.py:3036} INFO - Sync 1 DAGs
[2026-04-16T04:53:27.553+0000] {logging_mixin.py:188} INFO - [2026-04-16T04:53:27.552+0000] {dag.py:3823} INFO - Setting next_dagrun for example_complex to None, run_after=None
[2026-04-16T04:53:27.563+0000] {processor.py:183} INFO - Processing /home/airflow/.local/lib/python3.8/site-packages/airflow/example_dags/example_complex.py took 0.052 seconds
[2026-04-16T04:53:57.629+0000] {processor.py:161} INFO - Started process (PID=5493) to work on /home/airflow/.local/lib/python3.8/site-packages/airflow/example_dags/example_complex.py
[2026-04-16T04:53:57.631+0000] {processor.py:830} INFO - Processing file /home/airflow/.local/lib/python3.8/site-packages/airflow/example_dags/example_complex.py for tasks to queue
[2026-04-16T04:53:57.633+0000] {logging_mixin.py:188} INFO - [2026-04-16T04:53:57.633+0000] {dagbag.py:538} INFO - Filling up the DagBag from /home/airflow/.local/lib/python3.8/site-packages/airflow/example_dags/example_complex.py
[2026-04-16T04:53:57.640+0000] {processor.py:840} INFO - DAG(s) 'example_complex' retrieved from /home/airflow/.local/lib/python3.8/site-packages/airflow/example_dags/example_complex.py
[2026-04-16T04:53:57.661+0000] {logging_mixin.py:188} INFO - [2026-04-16T04:53:57.661+0000] {dag.py:3036} INFO - Sync 1 DAGs
[2026-04-16T04:53:57.669+0000] {logging_mixin.py:188} INFO - [2026-04-16T04:53:57.668+0000] {dag.py:3823} INFO - Setting next_dagrun for example_complex to None, run_after=None
[2026-04-16T04:53:57.679+0000] {processor.py:183} INFO - Processing /home/airflow/.local/lib/python3.8/site-packages/airflow/example_dags/example_complex.py took 0.052 seconds
[2026-04-16T04:54:27.715+0000] {processor.py:161} INFO - Started process (PID=5548) to work on /home/airflow/.local/lib/python3.8/site-packages/airflow/example_dags/example_complex.py
[2026-04-16T04:54:27.718+0000] {processor.py:830} INFO - Processing file /home/airflow/.local/lib/python3.8/site-packages/airflow/example_dags/example_complex.py for tasks to queue
[2026-04-16T04:54:27.719+0000] {logging_mixin.py:188} INFO - [2026-04-16T04:54:27.719+0000] {dagbag.py:538} INFO - Filling up the DagBag from /home/airflow/.local/lib/python3.8/site-packages/airflow/example_dags/example_complex.py
[2026-04-16T04:54:27.727+0000] {processor.py:840} INFO - DAG(s) 'example_complex' retrieved from /home/airflow/.local/lib/python3.8/site-packages/airflow/example_dags/example_complex.py
[2026-04-16T04:54:27.748+0000] {logging_mixin.py:188} INFO - [2026-04-16T04:54:27.748+0000] {dag.py:3036} INFO - Sync 1 DAGs
[2026-04-16T04:54:27.756+0000] {logging_mixin.py:188} INFO - [2026-04-16T04:54:27.756+0000] {dag.py:3823} INFO - Setting next_dagrun for example_complex to None, run_after=None
[2026-04-16T04:54:27.769+0000] {processor.py:183} INFO - Processing /home/airflow/.local/lib/python3.8/site-packages/airflow/example_dags/example_complex.py took 0.056 seconds
[2026-04-16T04:54:57.824+0000] {processor.py:161} INFO - Started process (PID=5603) to work on /home/airflow/.local/lib/python3.8/site-packages/airflow/example_dags/example_complex.py
[2026-04-16T04:54:57.827+0000] {processor.py:830} INFO - Processing file /home/airflow/.local/lib/python3.8/site-packages/airflow/example_dags/example_complex.py for tasks to queue
[2026-04-16T04:54:57.828+0000] {logging_mixin.py:188} INFO - [2026-04-16T04:54:57.828+0000] {dagbag.py:538} INFO - Filling up the DagBag from /home/airflow/.local/lib/python3.8/site-packages/airflow/example_dags/example_complex.py
[2026-04-16T04:54:57.835+0000] {processor.py:840} INFO - DAG(s) 'example_complex' retrieved from /home/airflow/.local/lib/python3.8/site-packages/airflow/example_dags/example_complex.py
[2026-04-16T04:54:57.855+0000] {logging_mixin.py:188} INFO - [2026-04-16T04:54:57.855+0000] {dag.py:3036} INFO - Sync 1 DAGs
[2026-04-16T04:54:57.863+0000] {logging_mixin.py:188} INFO - [2026-04-16T04:54:57.863+0000] {dag.py:3823} INFO - Setting next_dagrun for example_complex to None, run_after=None
[2026-04-16T04:54:57.873+0000] {processor.py:183} INFO - Processing /home/airflow/.local/lib/python3.8/site-packages/airflow/example_dags/example_complex.py took 0.052 seconds
[2026-04-16T04:55:27.926+0000] {processor.py:161} INFO - Started process (PID=5658) to work on /home/airflow/.local/lib/python3.8/site-packages/airflow/example_dags/example_complex.py
[2026-04-16T04:55:27.928+0000] {processor.py:830} INFO - Processing file /home/airflow/.local/lib/python3.8/site-packages/airflow/example_dags/example_complex.py for tasks to queue
[2026-04-16T04:55:27.929+0000] {logging_mixin.py:188} INFO - [2026-04-16T04:55:27.929+0000] {dagbag.py:538} INFO - Filling up the DagBag from /home/airflow/.local/lib/python3.8/site-packages/airflow/example_dags/example_complex.py
[2026-04-16T04:55:27.937+0000] {processor.py:840} INFO - DAG(s) 'example_complex' retrieved from /home/airflow/.local/lib/python3.8/site-packages/airflow/example_dags/example_complex.py
[2026-04-16T04:55:27.957+0000] {logging_mixin.py:188} INFO - [2026-04-16T04:55:27.957+0000] {dag.py:3036} INFO - Sync 1 DAGs
[2026-04-16T04:55:27.965+0000] {logging_mixin.py:188} INFO - [2026-04-16T04:55:27.965+0000] {dag.py:3823} INFO - Setting next_dagrun for example_complex to None, run_after=None
[2026-04-16T04:55:27.976+0000] {processor.py:183} INFO - Processing /home/airflow/.local/lib/python3.8/site-packages/airflow/example_dags/example_complex.py took 0.053 seconds
[2026-04-16T04:55:58.163+0000] {processor.py:161} INFO - Started process (PID=5713) to work on /home/airflow/.local/lib/python3.8/site-packages/airflow/example_dags/example_complex.py
[2026-04-16T04:55:58.164+0000] {processor.py:830} INFO - Processing file /home/airflow/.local/lib/python3.8/site-packages/airflow/example_dags/example_complex.py for tasks to queue
[2026-04-16T04:55:58.165+0000] {logging_mixin.py:188} INFO - [2026-04-16T04:55:58.165+0000] {dagbag.py:538} INFO - Filling up the DagBag from /home/airflow/.local/lib/python3.8/site-packages/airflow/example_dags/example_complex.py
[2026-04-16T04:55:58.173+0000] {processor.py:840} INFO - DAG(s) 'example_complex' retrieved from /home/airflow/.local/lib/python3.8/site-packages/airflow/example_dags/example_complex.py
[2026-04-16T04:55:58.194+0000] {logging_mixin.py:188} INFO - [2026-04-16T04:55:58.194+0000] {dag.py:3036} INFO - Sync 1 DAGs
[2026-04-16T04:55:58.203+0000] {logging_mixin.py:188} INFO - [2026-04-16T04:55:58.202+0000] {dag.py:3823} INFO - Setting next_dagrun for example_complex to None, run_after=None
[2026-04-16T04:55:58.213+0000] {processor.py:183} INFO - Processing /home/airflow/.local/lib/python3.8/site-packages/airflow/example_dags/example_complex.py took 0.053 seconds
[2026-04-16T04:56:28.282+0000] {processor.py:161} INFO - Started process (PID=5768) to work on /home/airflow/.local/lib/python3.8/site-packages/airflow/example_dags/example_complex.py
[2026-04-16T04:56:28.285+0000] {processor.py:830} INFO - Processing file /home/airflow/.local/lib/python3.8/site-packages/airflow/example_dags/example_complex.py for tasks to queue
[2026-04-16T04:56:28.286+0000] {logging_mixin.py:188} INFO - [2026-04-16T04:56:28.286+0000] {dagbag.py:538} INFO - Filling up the DagBag from /home/airflow/.local/lib/python3.8/site-packages/airflow/example_dags/example_complex.py
[2026-04-16T04:56:28.294+0000] {processor.py:840} INFO - DAG(s) 'example_complex' retrieved from /home/airflow/.local/lib/python3.8/site-packages/airflow/example_dags/example_complex.py
[2026-04-16T04:56:28.314+0000] {logging_mixin.py:188} INFO - [2026-04-16T04:56:28.314+0000] {dag.py:3036} INFO - Sync 1 DAGs
[2026-04-16T04:56:28.322+0000] {logging_mixin.py:188} INFO - [2026-04-16T04:56:28.322+0000] {dag.py:3823} INFO - Setting next_dagrun for example_complex to None, run_after=None
[2026-04-16T04:56:28.333+0000] {processor.py:183} INFO - Processing /home/airflow/.local/lib/python3.8/site-packages/airflow/example_dags/example_complex.py took 0.053 seconds
[2026-04-16T04:56:58.986+0000] {processor.py:161} INFO - Started process (PID=5823) to work on /home/airflow/.local/lib/python3.8/site-packages/airflow/example_dags/example_complex.py
[2026-04-16T04:56:58.988+0000] {processor.py:830} INFO - Processing file /home/airflow/.local/lib/python3.8/site-packages/airflow/example_dags/example_complex.py for tasks to queue
[2026-04-16T04:56:58.990+0000] {logging_mixin.py:188} INFO - [2026-04-16T04:56:58.989+0000] {dagbag.py:538} INFO - Filling up the DagBag from /home/airflow/.local/lib/python3.8/site-packages/airflow/example_dags/example_complex.py
[2026-04-16T04:56:58.997+0000] {processor.py:840} INFO - DAG(s) 'example_complex' retrieved from /home/airflow/.local/lib/python3.8/site-packages/airflow/example_dags/example_complex.py
[2026-04-16T04:56:59.017+0000] {logging_mixin.py:188} INFO - [2026-04-16T04:56:59.017+0000] {dag.py:3036} INFO - Sync 1 DAGs
[2026-04-16T04:56:59.025+0000] {logging_mixin.py:188} INFO - [2026-04-16T04:56:59.025+0000] {dag.py:3823} INFO - Setting next_dagrun for example_complex to None, run_after=None
[2026-04-16T04:56:59.035+0000] {processor.py:183} INFO - Processing /home/airflow/.local/lib/python3.8/site-packages/airflow/example_dags/example_complex.py took 0.052 seconds
[2026-04-16T04:57:29.734+0000] {processor.py:161} INFO - Started process (PID=5878) to work on /home/airflow/.local/lib/python3.8/site-packages/airflow/example_dags/example_complex.py
[2026-04-16T04:57:29.737+0000] {processor.py:830} INFO - Processing file /home/airflow/.local/lib/python3.8/site-packages/airflow/example_dags/example_complex.py for tasks to queue
[2026-04-16T04:57:29.738+0000] {logging_mixin.py:188} INFO - [2026-04-16T04:57:29.738+0000] {dagbag.py:538} INFO - Filling up the DagBag from /home/airflow/.local/lib/python3.8/site-packages/airflow/example_dags/example_complex.py
[2026-04-16T04:57:29.745+0000] {processor.py:840} INFO - DAG(s) 'example_complex' retrieved from /home/airflow/.local/lib/python3.8/site-packages/airflow/example_dags/example_complex.py
[2026-04-16T04:57:29.766+0000] {logging_mixin.py:188} INFO - [2026-04-16T04:57:29.766+0000] {dag.py:3036} INFO - Sync 1 DAGs
[2026-04-16T04:57:29.774+0000] {logging_mixin.py:188} INFO - [2026-04-16T04:57:29.773+0000] {dag.py:3823} INFO - Setting next_dagrun for example_complex to None, run_after=None
[2026-04-16T04:57:29.785+0000] {processor.py:183} INFO - Processing /home/airflow/.local/lib/python3.8/site-packages/airflow/example_dags/example_complex.py took 0.053 seconds
[2026-04-16T04:58:00.488+0000] {processor.py:161} INFO - Started process (PID=5933) to work on /home/airflow/.local/lib/python3.8/site-packages/airflow/example_dags/example_complex.py
[2026-04-16T04:58:00.489+0000] {processor.py:830} INFO - Processing file /home/airflow/.local/lib/python3.8/site-packages/airflow/example_dags/example_complex.py for tasks to queue
[2026-04-16T04:58:00.490+0000] {logging_mixin.py:188} INFO - [2026-04-16T04:58:00.489+0000] {dagbag.py:538} INFO - Filling up the DagBag from /home/airflow/.local/lib/python3.8/site-packages/airflow/example_dags/example_complex.py
[2026-04-16T04:58:00.497+0000] {processor.py:840} INFO - DAG(s) 'example_complex' retrieved from /home/airflow/.local/lib/python3.8/site-packages/airflow/example_dags/example_complex.py
[2026-04-16T04:58:00.517+0000] {logging_mixin.py:188} INFO - [2026-04-16T04:58:00.517+0000] {dag.py:3036} INFO - Sync 1 DAGs
[2026-04-16T04:58:00.525+0000] {logging_mixin.py:188} INFO - [2026-04-16T04:58:00.525+0000] {dag.py:3823} INFO - Setting next_dagrun for example_complex to None, run_after=None
[2026-04-16T04:58:00.536+0000] {processor.py:183} INFO - Processing /home/airflow/.local/lib/python3.8/site-packages/airflow/example_dags/example_complex.py took 0.050 seconds
[2026-04-16T04:58:31.186+0000] {processor.py:161} INFO - Started process (PID=5994) to work on /home/airflow/.local/lib/python3.8/site-packages/airflow/example_dags/example_complex.py
[2026-04-16T04:58:31.188+0000] {processor.py:830} INFO - Processing file /home/airflow/.local/lib/python3.8/site-packages/airflow/example_dags/example_complex.py for tasks to queue
[2026-04-16T04:58:31.190+0000] {logging_mixin.py:188} INFO - [2026-04-16T04:58:31.189+0000] {dagbag.py:538} INFO - Filling up the DagBag from /home/airflow/.local/lib/python3.8/site-packages/airflow/example_dags/example_complex.py
[2026-04-16T04:58:31.197+0000] {processor.py:840} INFO - DAG(s) 'example_complex' retrieved from /home/airflow/.local/lib/python3.8/site-packages/airflow/example_dags/example_complex.py
[2026-04-16T04:58:31.217+0000] {logging_mixin.py:188} INFO - [2026-04-16T04:58:31.217+0000] {dag.py:3036} INFO - Sync 1 DAGs
[2026-04-16T04:58:31.226+0000] {logging_mixin.py:188} INFO - [2026-04-16T04:58:31.225+0000] {dag.py:3823} INFO - Setting next_dagrun for example_complex to None, run_after=None
[2026-04-16T04:58:31.238+0000] {processor.py:183} INFO - Processing /home/airflow/.local/lib/python3.8/site-packages/airflow/example_dags/example_complex.py took 0.054 seconds
[2026-04-16T04:59:01.927+0000] {processor.py:161} INFO - Started process (PID=6049) to work on /home/airflow/.local/lib/python3.8/site-packages/airflow/example_dags/example_complex.py
[2026-04-16T04:59:01.929+0000] {processor.py:830} INFO - Processing file /home/airflow/.local/lib/python3.8/site-packages/airflow/example_dags/example_complex.py for tasks to queue
[2026-04-16T04:59:01.930+0000] {logging_mixin.py:188} INFO - [2026-04-16T04:59:01.930+0000] {dagbag.py:538} INFO - Filling up the DagBag from /home/airflow/.local/lib/python3.8/site-packages/airflow/example_dags/example_complex.py
[2026-04-16T04:59:01.938+0000] {processor.py:840} INFO - DAG(s) 'example_complex' retrieved from /home/airflow/.local/lib/python3.8/site-packages/airflow/example_dags/example_complex.py
[2026-04-16T04:59:01.957+0000] {logging_mixin.py:188} INFO - [2026-04-16T04:59:01.957+0000] {dag.py:3036} INFO - Sync 1 DAGs
[2026-04-16T04:59:01.966+0000] {logging_mixin.py:188} INFO - [2026-04-16T04:59:01.965+0000] {dag.py:3823} INFO - Setting next_dagrun for example_complex to None, run_after=None
[2026-04-16T04:59:01.976+0000] {processor.py:183} INFO - Processing /home/airflow/.local/lib/python3.8/site-packages/airflow/example_dags/example_complex.py took 0.051 seconds
[2026-04-16T04:59:32.682+0000] {processor.py:161} INFO - Started process (PID=6104) to work on /home/airflow/.local/lib/python3.8/site-packages/airflow/example_dags/example_complex.py
[2026-04-16T04:59:32.685+0000] {processor.py:830} INFO - Processing file /home/airflow/.local/lib/python3.8/site-packages/airflow/example_dags/example_complex.py for tasks to queue
[2026-04-16T04:59:32.686+0000] {logging_mixin.py:188} INFO - [2026-04-16T04:59:32.686+0000] {dagbag.py:538} INFO - Filling up the DagBag from /home/airflow/.local/lib/python3.8/site-packages/airflow/example_dags/example_complex.py
[2026-04-16T04:59:32.693+0000] {processor.py:840} INFO - DAG(s) 'example_complex' retrieved from /home/airflow/.local/lib/python3.8/site-packages/airflow/example_dags/example_complex.py
[2026-04-16T04:59:32.713+0000] {logging_mixin.py:188} INFO - [2026-04-16T04:59:32.713+0000] {dag.py:3036} INFO - Sync 1 DAGs
[2026-04-16T04:59:32.721+0000] {logging_mixin.py:188} INFO - [2026-04-16T04:59:32.721+0000] {dag.py:3823} INFO - Setting next_dagrun for example_complex to None, run_after=None
[2026-04-16T04:59:32.731+0000] {processor.py:183} INFO - Processing /home/airflow/.local/lib/python3.8/site-packages/airflow/example_dags/example_complex.py took 0.051 seconds
[2026-04-16T05:00:03.424+0000] {processor.py:161} INFO - Started process (PID=6159) to work on /home/airflow/.local/lib/python3.8/site-packages/airflow/example_dags/example_complex.py
[2026-04-16T05:00:03.427+0000] {processor.py:830} INFO - Processing file /home/airflow/.local/lib/python3.8/site-packages/airflow/example_dags/example_complex.py for tasks to queue
[2026-04-16T05:00:03.428+0000] {logging_mixin.py:188} INFO - [2026-04-16T05:00:03.428+0000] {dagbag.py:538} INFO - Filling up the DagBag from /home/airflow/.local/lib/python3.8/site-packages/airflow/example_dags/example_complex.py
[2026-04-16T05:00:03.436+0000] {processor.py:840} INFO - DAG(s) 'example_complex' retrieved from /home/airflow/.local/lib/python3.8/site-packages/airflow/example_dags/example_complex.py
[2026-04-16T05:00:03.456+0000] {logging_mixin.py:188} INFO - [2026-04-16T05:00:03.456+0000] {dag.py:3036} INFO - Sync 1 DAGs
[2026-04-16T05:00:03.464+0000] {logging_mixin.py:188} INFO - [2026-04-16T05:00:03.463+0000] {dag.py:3823} INFO - Setting next_dagrun for example_complex to None, run_after=None
[2026-04-16T05:00:03.474+0000] {processor.py:183} INFO - Processing /home/airflow/.local/lib/python3.8/site-packages/airflow/example_dags/example_complex.py took 0.052 seconds
[2026-04-16T05:00:33.508+0000] {processor.py:161} INFO - Started process (PID=6214) to work on /home/airflow/.local/lib/python3.8/site-packages/airflow/example_dags/example_complex.py
[2026-04-16T05:00:33.510+0000] {processor.py:830} INFO - Processing file /home/airflow/.local/lib/python3.8/site-packages/airflow/example_dags/example_complex.py for tasks to queue
[2026-04-16T05:00:33.512+0000] {logging_mixin.py:188} INFO - [2026-04-16T05:00:33.512+0000] {dagbag.py:538} INFO - Filling up the DagBag from /home/airflow/.local/lib/python3.8/site-packages/airflow/example_dags/example_complex.py
[2026-04-16T05:00:33.519+0000] {processor.py:840} INFO - DAG(s) 'example_complex' retrieved from /home/airflow/.local/lib/python3.8/site-packages/airflow/example_dags/example_complex.py
[2026-04-16T05:00:33.540+0000] {logging_mixin.py:188} INFO - [2026-04-16T05:00:33.540+0000] {dag.py:3036} INFO - Sync 1 DAGs
[2026-04-16T05:00:33.548+0000] {logging_mixin.py:188} INFO - [2026-04-16T05:00:33.548+0000] {dag.py:3823} INFO - Setting next_dagrun for example_complex to None, run_after=None
[2026-04-16T05:00:33.560+0000] {processor.py:183} INFO - Processing /home/airflow/.local/lib/python3.8/site-packages/airflow/example_dags/example_complex.py took 0.054 seconds
[2026-04-16T05:01:04.160+0000] {processor.py:161} INFO - Started process (PID=6269) to work on /home/airflow/.local/lib/python3.8/site-packages/airflow/example_dags/example_complex.py
[2026-04-16T05:01:04.160+0000] {processor.py:830} INFO - Processing file /home/airflow/.local/lib/python3.8/site-packages/airflow/example_dags/example_complex.py for tasks to queue
[2026-04-16T05:01:04.162+0000] {logging_mixin.py:188} INFO - [2026-04-16T05:01:04.161+0000] {dagbag.py:538} INFO - Filling up the DagBag from /home/airflow/.local/lib/python3.8/site-packages/airflow/example_dags/example_complex.py
[2026-04-16T05:01:04.169+0000] {processor.py:840} INFO - DAG(s) 'example_complex' retrieved from /home/airflow/.local/lib/python3.8/site-packages/airflow/example_dags/example_complex.py
[2026-04-16T05:01:04.189+0000] {logging_mixin.py:188} INFO - [2026-04-16T05:01:04.189+0000] {dag.py:3036} INFO - Sync 1 DAGs
[2026-04-16T05:01:04.197+0000] {logging_mixin.py:188} INFO - [2026-04-16T05:01:04.197+0000] {dag.py:3823} INFO - Setting next_dagrun for example_complex to None, run_after=None
[2026-04-16T05:01:04.208+0000] {processor.py:183} INFO - Processing /home/airflow/.local/lib/python3.8/site-packages/airflow/example_dags/example_complex.py took 0.050 seconds
[2026-04-16T05:01:34.844+0000] {processor.py:161} INFO - Started process (PID=6324) to work on /home/airflow/.local/lib/python3.8/site-packages/airflow/example_dags/example_complex.py
[2026-04-16T05:01:34.847+0000] {processor.py:830} INFO - Processing file /home/airflow/.local/lib/python3.8/site-packages/airflow/example_dags/example_complex.py for tasks to queue
[2026-04-16T05:01:34.848+0000] {logging_mixin.py:188} INFO - [2026-04-16T05:01:34.848+0000] {dagbag.py:538} INFO - Filling up the DagBag from /home/airflow/.local/lib/python3.8/site-packages/airflow/example_dags/example_complex.py
[2026-04-16T05:01:34.856+0000] {processor.py:840} INFO - DAG(s) 'example_complex' retrieved from /home/airflow/.local/lib/python3.8/site-packages/airflow/example_dags/example_complex.py
[2026-04-16T05:01:34.877+0000] {logging_mixin.py:188} INFO - [2026-04-16T05:01:34.876+0000] {dag.py:3036} INFO - Sync 1 DAGs
[2026-04-16T05:01:34.885+0000] {logging_mixin.py:188} INFO - [2026-04-16T05:01:34.885+0000] {dag.py:3823} INFO - Setting next_dagrun for example_complex to None, run_after=None
[2026-04-16T05:01:34.896+0000] {processor.py:183} INFO - Processing /home/airflow/.local/lib/python3.8/site-packages/airflow/example_dags/example_complex.py took 0.054 seconds
[2026-04-16T05:02:05.566+0000] {processor.py:161} INFO - Started process (PID=6379) to work on /home/airflow/.local/lib/python3.8/site-packages/airflow/example_dags/example_complex.py
[2026-04-16T05:02:05.568+0000] {processor.py:830} INFO - Processing file /home/airflow/.local/lib/python3.8/site-packages/airflow/example_dags/example_complex.py for tasks to queue
[2026-04-16T05:02:05.570+0000] {logging_mixin.py:188} INFO - [2026-04-16T05:02:05.569+0000] {dagbag.py:538} INFO - Filling up the DagBag from /home/airflow/.local/lib/python3.8/site-packages/airflow/example_dags/example_complex.py
[2026-04-16T05:02:05.577+0000] {processor.py:840} INFO - DAG(s) 'example_complex' retrieved from /home/airflow/.local/lib/python3.8/site-packages/airflow/example_dags/example_complex.py
[2026-04-16T05:02:05.597+0000] {logging_mixin.py:188} INFO - [2026-04-16T05:02:05.597+0000] {dag.py:3036} INFO - Sync 1 DAGs
[2026-04-16T05:02:05.605+0000] {logging_mixin.py:188} INFO - [2026-04-16T05:02:05.605+0000] {dag.py:3823} INFO - Setting next_dagrun for example_complex to None, run_after=None
[2026-04-16T05:02:05.616+0000] {processor.py:183} INFO - Processing /home/airflow/.local/lib/python3.8/site-packages/airflow/example_dags/example_complex.py took 0.052 seconds
[2026-04-16T05:02:36.159+0000] {processor.py:161} INFO - Started process (PID=6434) to work on /home/airflow/.local/lib/python3.8/site-packages/airflow/example_dags/example_complex.py
[2026-04-16T05:02:36.159+0000] {processor.py:830} INFO - Processing file /home/airflow/.local/lib/python3.8/site-packages/airflow/example_dags/example_complex.py for tasks to queue
[2026-04-16T05:02:36.161+0000] {logging_mixin.py:188} INFO - [2026-04-16T05:02:36.160+0000] {dagbag.py:538} INFO - Filling up the DagBag from /home/airflow/.local/lib/python3.8/site-packages/airflow/example_dags/example_complex.py
[2026-04-16T05:02:36.168+0000] {processor.py:840} INFO - DAG(s) 'example_complex' retrieved from /home/airflow/.local/lib/python3.8/site-packages/airflow/example_dags/example_complex.py
[2026-04-16T05:02:36.188+0000] {logging_mixin.py:188} INFO - [2026-04-16T05:02:36.188+0000] {dag.py:3036} INFO - Sync 1 DAGs
[2026-04-16T05:02:36.196+0000] {logging_mixin.py:188} INFO - [2026-04-16T05:02:36.195+0000] {dag.py:3823} INFO - Setting next_dagrun for example_complex to None, run_after=None
[2026-04-16T05:02:36.206+0000] {processor.py:183} INFO - Processing /home/airflow/.local/lib/python3.8/site-packages/airflow/example_dags/example_complex.py took 0.049 seconds
[2026-04-16T05:03:06.918+0000] {processor.py:161} INFO - Started process (PID=6489) to work on /home/airflow/.local/lib/python3.8/site-packages/airflow/example_dags/example_complex.py
[2026-04-16T05:03:06.921+0000] {processor.py:830} INFO - Processing file /home/airflow/.local/lib/python3.8/site-packages/airflow/example_dags/example_complex.py for tasks to queue
[2026-04-16T05:03:06.923+0000] {logging_mixin.py:188} INFO - [2026-04-16T05:03:06.922+0000] {dagbag.py:538} INFO - Filling up the DagBag from /home/airflow/.local/lib/python3.8/site-packages/airflow/example_dags/example_complex.py
[2026-04-16T05:03:06.930+0000] {processor.py:840} INFO - DAG(s) 'example_complex' retrieved from /home/airflow/.local/lib/python3.8/site-packages/airflow/example_dags/example_complex.py
[2026-04-16T05:03:06.950+0000] {logging_mixin.py:188} INFO - [2026-04-16T05:03:06.950+0000] {dag.py:3036} INFO - Sync 1 DAGs
[2026-04-16T05:03:06.958+0000] {logging_mixin.py:188} INFO - [2026-04-16T05:03:06.958+0000] {dag.py:3823} INFO - Setting next_dagrun for example_complex to None, run_after=None
[2026-04-16T05:03:06.969+0000] {processor.py:183} INFO - Processing /home/airflow/.local/lib/python3.8/site-packages/airflow/example_dags/example_complex.py took 0.053 seconds
[2026-04-16T05:03:37.632+0000] {processor.py:161} INFO - Started process (PID=6544) to work on /home/airflow/.local/lib/python3.8/site-packages/airflow/example_dags/example_complex.py
[2026-04-16T05:03:37.634+0000] {processor.py:830} INFO - Processing file /home/airflow/.local/lib/python3.8/site-packages/airflow/example_dags/example_complex.py for tasks to queue
[2026-04-16T05:03:37.635+0000] {logging_mixin.py:188} INFO - [2026-04-16T05:03:37.635+0000] {dagbag.py:538} INFO - Filling up the DagBag from /home/airflow/.local/lib/python3.8/site-packages/airflow/example_dags/example_complex.py
[2026-04-16T05:03:37.643+0000] {processor.py:840} INFO - DAG(s) 'example_complex' retrieved from /home/airflow/.local/lib/python3.8/site-packages/airflow/example_dags/example_complex.py
[2026-04-16T05:03:37.662+0000] {logging_mixin.py:188} INFO - [2026-04-16T05:03:37.662+0000] {dag.py:3036} INFO - Sync 1 DAGs
[2026-04-16T05:03:37.670+0000] {logging_mixin.py:188} INFO - [2026-04-16T05:03:37.670+0000] {dag.py:3823} INFO - Setting next_dagrun for example_complex to None, run_after=None
[2026-04-16T05:03:37.680+0000] {processor.py:183} INFO - Processing /home/airflow/.local/lib/python3.8/site-packages/airflow/example_dags/example_complex.py took 0.051 seconds
[2026-04-16T05:04:08.281+0000] {processor.py:161} INFO - Started process (PID=6599) to work on /home/airflow/.local/lib/python3.8/site-packages/airflow/example_dags/example_complex.py
[2026-04-16T05:04:08.287+0000] {processor.py:830} INFO - Processing file /home/airflow/.local/lib/python3.8/site-packages/airflow/example_dags/example_complex.py for tasks to queue
[2026-04-16T05:04:08.288+0000] {logging_mixin.py:188} INFO - [2026-04-16T05:04:08.288+0000] {dagbag.py:538} INFO - Filling up the DagBag from /home/airflow/.local/lib/python3.8/site-packages/airflow/example_dags/example_complex.py
[2026-04-16T05:04:08.295+0000] {processor.py:840} INFO - DAG(s) 'example_complex' retrieved from /home/airflow/.local/lib/python3.8/site-packages/airflow/example_dags/example_complex.py
[2026-04-16T05:04:08.315+0000] {logging_mixin.py:188} INFO - [2026-04-16T05:04:08.315+0000] {dag.py:3036} INFO - Sync 1 DAGs
[2026-04-16T05:04:08.323+0000] {logging_mixin.py:188} INFO - [2026-04-16T05:04:08.323+0000] {dag.py:3823} INFO - Setting next_dagrun for example_complex to None, run_after=None
[2026-04-16T05:04:08.334+0000] {processor.py:183} INFO - Processing /home/airflow/.local/lib/python3.8/site-packages/airflow/example_dags/example_complex.py took 0.055 seconds
[2026-04-16T05:04:38.937+0000] {processor.py:161} INFO - Started process (PID=6654) to work on /home/airflow/.local/lib/python3.8/site-packages/airflow/example_dags/example_complex.py
[2026-04-16T05:04:38.940+0000] {processor.py:830} INFO - Processing file /home/airflow/.local/lib/python3.8/site-packages/airflow/example_dags/example_complex.py for tasks to queue
[2026-04-16T05:04:38.941+0000] {logging_mixin.py:188} INFO - [2026-04-16T05:04:38.941+0000] {dagbag.py:538} INFO - Filling up the DagBag from /home/airflow/.local/lib/python3.8/site-packages/airflow/example_dags/example_complex.py
[2026-04-16T05:04:38.948+0000] {processor.py:840} INFO - DAG(s) 'example_complex' retrieved from /home/airflow/.local/lib/python3.8/site-packages/airflow/example_dags/example_complex.py
[2026-04-16T05:04:38.968+0000] {logging_mixin.py:188} INFO - [2026-04-16T05:04:38.968+0000] {dag.py:3036} INFO - Sync 1 DAGs
[2026-04-16T05:04:38.976+0000] {logging_mixin.py:188} INFO - [2026-04-16T05:04:38.976+0000] {dag.py:3823} INFO - Setting next_dagrun for example_complex to None, run_after=None
[2026-04-16T05:04:38.987+0000] {processor.py:183} INFO - Processing /home/airflow/.local/lib/python3.8/site-packages/airflow/example_dags/example_complex.py took 0.053 seconds
[2026-04-16T05:05:09.582+0000] {processor.py:161} INFO - Started process (PID=6709) to work on /home/airflow/.local/lib/python3.8/site-packages/airflow/example_dags/example_complex.py
[2026-04-16T05:05:09.585+0000] {processor.py:830} INFO - Processing file /home/airflow/.local/lib/python3.8/site-packages/airflow/example_dags/example_complex.py for tasks to queue
[2026-04-16T05:05:09.586+0000] {logging_mixin.py:188} INFO - [2026-04-16T05:05:09.586+0000] {dagbag.py:538} INFO - Filling up the DagBag from /home/airflow/.local/lib/python3.8/site-packages/airflow/example_dags/example_complex.py
[2026-04-16T05:05:09.594+0000] {processor.py:840} INFO - DAG(s) 'example_complex' retrieved from /home/airflow/.local/lib/python3.8/site-packages/airflow/example_dags/example_complex.py
[2026-04-16T05:05:09.614+0000] {logging_mixin.py:188} INFO - [2026-04-16T05:05:09.614+0000] {dag.py:3036} INFO - Sync 1 DAGs
[2026-04-16T05:05:09.622+0000] {logging_mixin.py:188} INFO - [2026-04-16T05:05:09.622+0000] {dag.py:3823} INFO - Setting next_dagrun for example_complex to None, run_after=None
[2026-04-16T05:05:09.632+0000] {processor.py:183} INFO - Processing /home/airflow/.local/lib/python3.8/site-packages/airflow/example_dags/example_complex.py took 0.053 seconds
[2026-04-16T05:05:40.254+0000] {processor.py:161} INFO - Started process (PID=6764) to work on /home/airflow/.local/lib/python3.8/site-packages/airflow/example_dags/example_complex.py
[2026-04-16T05:05:40.256+0000] {processor.py:830} INFO - Processing file /home/airflow/.local/lib/python3.8/site-packages/airflow/example_dags/example_complex.py for tasks to queue
[2026-04-16T05:05:40.258+0000] {logging_mixin.py:188} INFO - [2026-04-16T05:05:40.258+0000] {dagbag.py:538} INFO - Filling up the DagBag from /home/airflow/.local/lib/python3.8/site-packages/airflow/example_dags/example_complex.py
[2026-04-16T05:05:40.265+0000] {processor.py:840} INFO - DAG(s) 'example_complex' retrieved from /home/airflow/.local/lib/python3.8/site-packages/airflow/example_dags/example_complex.py
[2026-04-16T05:05:40.285+0000] {logging_mixin.py:188} INFO - [2026-04-16T05:05:40.285+0000] {dag.py:3036} INFO - Sync 1 DAGs
[2026-04-16T05:05:40.293+0000] {logging_mixin.py:188} INFO - [2026-04-16T05:05:40.293+0000] {dag.py:3823} INFO - Setting next_dagrun for example_complex to None, run_after=None
[2026-04-16T05:05:40.303+0000] {processor.py:183} INFO - Processing /home/airflow/.local/lib/python3.8/site-packages/airflow/example_dags/example_complex.py took 0.052 seconds
[2026-04-16T05:06:10.903+0000] {processor.py:161} INFO - Started process (PID=6819) to work on /home/airflow/.local/lib/python3.8/site-packages/airflow/example_dags/example_complex.py
[2026-04-16T05:06:10.906+0000] {processor.py:830} INFO - Processing file /home/airflow/.local/lib/python3.8/site-packages/airflow/example_dags/example_complex.py for tasks to queue
[2026-04-16T05:06:10.908+0000] {logging_mixin.py:188} INFO - [2026-04-16T05:06:10.907+0000] {dagbag.py:538} INFO - Filling up the DagBag from /home/airflow/.local/lib/python3.8/site-packages/airflow/example_dags/example_complex.py
[2026-04-16T05:06:10.915+0000] {processor.py:840} INFO - DAG(s) 'example_complex' retrieved from /home/airflow/.local/lib/python3.8/site-packages/airflow/example_dags/example_complex.py
[2026-04-16T05:06:10.935+0000] {logging_mixin.py:188} INFO - [2026-04-16T05:06:10.935+0000] {dag.py:3036} INFO - Sync 1 DAGs
[2026-04-16T05:06:10.943+0000] {logging_mixin.py:188} INFO - [2026-04-16T05:06:10.942+0000] {dag.py:3823} INFO - Setting next_dagrun for example_complex to None, run_after=None
[2026-04-16T05:06:10.953+0000] {processor.py:183} INFO - Processing /home/airflow/.local/lib/python3.8/site-packages/airflow/example_dags/example_complex.py took 0.052 seconds
[2026-04-16T05:06:41.617+0000] {processor.py:161} INFO - Started process (PID=6874) to work on /home/airflow/.local/lib/python3.8/site-packages/airflow/example_dags/example_complex.py
[2026-04-16T05:06:41.618+0000] {processor.py:830} INFO - Processing file /home/airflow/.local/lib/python3.8/site-packages/airflow/example_dags/example_complex.py for tasks to queue
[2026-04-16T05:06:41.619+0000] {logging_mixin.py:188} INFO - [2026-04-16T05:06:41.619+0000] {dagbag.py:538} INFO - Filling up the DagBag from /home/airflow/.local/lib/python3.8/site-packages/airflow/example_dags/example_complex.py
[2026-04-16T05:06:41.626+0000] {processor.py:840} INFO - DAG(s) 'example_complex' retrieved from /home/airflow/.local/lib/python3.8/site-packages/airflow/example_dags/example_complex.py
[2026-04-16T05:06:41.647+0000] {logging_mixin.py:188} INFO - [2026-04-16T05:06:41.647+0000] {dag.py:3036} INFO - Sync 1 DAGs
[2026-04-16T05:06:41.655+0000] {logging_mixin.py:188} INFO - [2026-04-16T05:06:41.655+0000] {dag.py:3823} INFO - Setting next_dagrun for example_complex to None, run_after=None
[2026-04-16T05:06:41.666+0000] {processor.py:183} INFO - Processing /home/airflow/.local/lib/python3.8/site-packages/airflow/example_dags/example_complex.py took 0.051 seconds
[2026-04-16T05:07:12.326+0000] {processor.py:161} INFO - Started process (PID=6929) to work on /home/airflow/.local/lib/python3.8/site-packages/airflow/example_dags/example_complex.py
[2026-04-16T05:07:12.328+0000] {processor.py:830} INFO - Processing file /home/airflow/.local/lib/python3.8/site-packages/airflow/example_dags/example_complex.py for tasks to queue
[2026-04-16T05:07:12.330+0000] {logging_mixin.py:188} INFO - [2026-04-16T05:07:12.330+0000] {dagbag.py:538} INFO - Filling up the DagBag from /home/airflow/.local/lib/python3.8/site-packages/airflow/example_dags/example_complex.py
[2026-04-16T05:07:12.337+0000] {processor.py:840} INFO - DAG(s) 'example_complex' retrieved from /home/airflow/.local/lib/python3.8/site-packages/airflow/example_dags/example_complex.py
[2026-04-16T05:07:12.357+0000] {logging_mixin.py:188} INFO - [2026-04-16T05:07:12.357+0000] {dag.py:3036} INFO - Sync 1 DAGs
[2026-04-16T05:07:12.365+0000] {logging_mixin.py:188} INFO - [2026-04-16T05:07:12.365+0000] {dag.py:3823} INFO - Setting next_dagrun for example_complex to None, run_after=None
[2026-04-16T05:07:12.376+0000] {processor.py:183} INFO - Processing /home/airflow/.local/lib/python3.8/site-packages/airflow/example_dags/example_complex.py took 0.052 seconds
[2026-04-16T05:07:42.975+0000] {processor.py:161} INFO - Started process (PID=6984) to work on /home/airflow/.local/lib/python3.8/site-packages/airflow/example_dags/example_complex.py
[2026-04-16T05:07:42.978+0000] {processor.py:830} INFO - Processing file /home/airflow/.local/lib/python3.8/site-packages/airflow/example_dags/example_complex.py for tasks to queue
[2026-04-16T05:07:42.979+0000] {logging_mixin.py:188} INFO - [2026-04-16T05:07:42.979+0000] {dagbag.py:538} INFO - Filling up the DagBag from /home/airflow/.local/lib/python3.8/site-packages/airflow/example_dags/example_complex.py
[2026-04-16T05:07:42.987+0000] {processor.py:840} INFO - DAG(s) 'example_complex' retrieved from /home/airflow/.local/lib/python3.8/site-packages/airflow/example_dags/example_complex.py
[2026-04-16T05:07:43.008+0000] {logging_mixin.py:188} INFO - [2026-04-16T05:07:43.007+0000] {dag.py:3036} INFO - Sync 1 DAGs
[2026-04-16T05:07:43.016+0000] {logging_mixin.py:188} INFO - [2026-04-16T05:07:43.016+0000] {dag.py:3823} INFO - Setting next_dagrun for example_complex to None, run_after=None
[2026-04-16T05:07:43.027+0000] {processor.py:183} INFO - Processing /home/airflow/.local/lib/python3.8/site-packages/airflow/example_dags/example_complex.py took 0.054 seconds
[2026-04-16T05:08:13.633+0000] {processor.py:161} INFO - Started process (PID=7039) to work on /home/airflow/.local/lib/python3.8/site-packages/airflow/example_dags/example_complex.py
[2026-04-16T05:08:13.633+0000] {processor.py:830} INFO - Processing file /home/airflow/.local/lib/python3.8/site-packages/airflow/example_dags/example_complex.py for tasks to queue
[2026-04-16T05:08:13.634+0000] {logging_mixin.py:188} INFO - [2026-04-16T05:08:13.634+0000] {dagbag.py:538} INFO - Filling up the DagBag from /home/airflow/.local/lib/python3.8/site-packages/airflow/example_dags/example_complex.py
[2026-04-16T05:08:13.642+0000] {processor.py:840} INFO - DAG(s) 'example_complex' retrieved from /home/airflow/.local/lib/python3.8/site-packages/airflow/example_dags/example_complex.py
[2026-04-16T05:08:13.662+0000] {logging_mixin.py:188} INFO - [2026-04-16T05:08:13.662+0000] {dag.py:3036} INFO - Sync 1 DAGs
[2026-04-16T05:08:13.670+0000] {logging_mixin.py:188} INFO - [2026-04-16T05:08:13.669+0000] {dag.py:3823} INFO - Setting next_dagrun for example_complex to None, run_after=None
[2026-04-16T05:08:13.681+0000] {processor.py:183} INFO - Processing /home/airflow/.local/lib/python3.8/site-packages/airflow/example_dags/example_complex.py took 0.051 seconds
[2026-04-16T05:08:44.398+0000] {processor.py:161} INFO - Started process (PID=7094) to work on /home/airflow/.local/lib/python3.8/site-packages/airflow/example_dags/example_complex.py
[2026-04-16T05:08:44.401+0000] {processor.py:830} INFO - Processing file /home/airflow/.local/lib/python3.8/site-packages/airflow/example_dags/example_complex.py for tasks to queue
[2026-04-16T05:08:44.403+0000] {logging_mixin.py:188} INFO - [2026-04-16T05:08:44.402+0000] {dagbag.py:538} INFO - Filling up the DagBag from /home/airflow/.local/lib/python3.8/site-packages/airflow/example_dags/example_complex.py
[2026-04-16T05:08:44.410+0000] {processor.py:840} INFO - DAG(s) 'example_complex' retrieved from /home/airflow/.local/lib/python3.8/site-packages/airflow/example_dags/example_complex.py
[2026-04-16T05:08:44.429+0000] {logging_mixin.py:188} INFO - [2026-04-16T05:08:44.429+0000] {dag.py:3036} INFO - Sync 1 DAGs
[2026-04-16T05:08:44.436+0000] {logging_mixin.py:188} INFO - [2026-04-16T05:08:44.436+0000] {dag.py:3823} INFO - Setting next_dagrun for example_complex to None, run_after=None
[2026-04-16T05:08:44.446+0000] {processor.py:183} INFO - Processing /home/airflow/.local/lib/python3.8/site-packages/airflow/example_dags/example_complex.py took 0.050 seconds
[2026-04-16T05:09:15.087+0000] {processor.py:161} INFO - Started process (PID=7149) to work on /home/airflow/.local/lib/python3.8/site-packages/airflow/example_dags/example_complex.py
[2026-04-16T05:09:15.089+0000] {processor.py:830} INFO - Processing file /home/airflow/.local/lib/python3.8/site-packages/airflow/example_dags/example_complex.py for tasks to queue
[2026-04-16T05:09:15.090+0000] {logging_mixin.py:188} INFO - [2026-04-16T05:09:15.090+0000] {dagbag.py:538} INFO - Filling up the DagBag from /home/airflow/.local/lib/python3.8/site-packages/airflow/example_dags/example_complex.py
[2026-04-16T05:09:15.098+0000] {processor.py:840} INFO - DAG(s) 'example_complex' retrieved from /home/airflow/.local/lib/python3.8/site-packages/airflow/example_dags/example_complex.py
[2026-04-16T05:09:15.118+0000] {logging_mixin.py:188} INFO - [2026-04-16T05:09:15.118+0000] {dag.py:3036} INFO - Sync 1 DAGs
[2026-04-16T05:09:15.126+0000] {logging_mixin.py:188} INFO - [2026-04-16T05:09:15.125+0000] {dag.py:3823} INFO - Setting next_dagrun for example_complex to None, run_after=None
[2026-04-16T05:09:15.136+0000] {processor.py:183} INFO - Processing /home/airflow/.local/lib/python3.8/site-packages/airflow/example_dags/example_complex.py took 0.051 seconds
[2026-04-16T05:09:45.777+0000] {processor.py:161} INFO - Started process (PID=7204) to work on /home/airflow/.local/lib/python3.8/site-packages/airflow/example_dags/example_complex.py
[2026-04-16T05:09:45.779+0000] {processor.py:830} INFO - Processing file /home/airflow/.local/lib/python3.8/site-packages/airflow/example_dags/example_complex.py for tasks to queue
[2026-04-16T05:09:45.780+0000] {logging_mixin.py:188} INFO - [2026-04-16T05:09:45.780+0000] {dagbag.py:538} INFO - Filling up the DagBag from /home/airflow/.local/lib/python3.8/site-packages/airflow/example_dags/example_complex.py
[2026-04-16T05:09:45.788+0000] {processor.py:840} INFO - DAG(s) 'example_complex' retrieved from /home/airflow/.local/lib/python3.8/site-packages/airflow/example_dags/example_complex.py
[2026-04-16T05:09:45.808+0000] {logging_mixin.py:188} INFO - [2026-04-16T05:09:45.808+0000] {dag.py:3036} INFO - Sync 1 DAGs
[2026-04-16T05:09:45.817+0000] {logging_mixin.py:188} INFO - [2026-04-16T05:09:45.817+0000] {dag.py:3823} INFO - Setting next_dagrun for example_complex to None, run_after=None
[2026-04-16T05:09:45.827+0000] {processor.py:183} INFO - Processing /home/airflow/.local/lib/python3.8/site-packages/airflow/example_dags/example_complex.py took 0.053 seconds
[2026-04-16T05:10:16.433+0000] {processor.py:161} INFO - Started process (PID=7259) to work on /home/airflow/.local/lib/python3.8/site-packages/airflow/example_dags/example_complex.py
[2026-04-16T05:10:16.434+0000] {processor.py:830} INFO - Processing file /home/airflow/.local/lib/python3.8/site-packages/airflow/example_dags/example_complex.py for tasks to queue
[2026-04-16T05:10:16.435+0000] {logging_mixin.py:188} INFO - [2026-04-16T05:10:16.435+0000] {dagbag.py:538} INFO - Filling up the DagBag from /home/airflow/.local/lib/python3.8/site-packages/airflow/example_dags/example_complex.py
[2026-04-16T05:10:16.442+0000] {processor.py:840} INFO - DAG(s) 'example_complex' retrieved from /home/airflow/.local/lib/python3.8/site-packages/airflow/example_dags/example_complex.py
[2026-04-16T05:10:16.462+0000] {logging_mixin.py:188} INFO - [2026-04-16T05:10:16.462+0000] {dag.py:3036} INFO - Sync 1 DAGs
[2026-04-16T05:10:16.470+0000] {logging_mixin.py:188} INFO - [2026-04-16T05:10:16.470+0000] {dag.py:3823} INFO - Setting next_dagrun for example_complex to None, run_after=None
[2026-04-16T05:10:16.481+0000] {processor.py:183} INFO - Processing /home/airflow/.local/lib/python3.8/site-packages/airflow/example_dags/example_complex.py took 0.050 seconds
[2026-04-16T05:10:47.138+0000] {processor.py:161} INFO - Started process (PID=7314) to work on /home/airflow/.local/lib/python3.8/site-packages/airflow/example_dags/example_complex.py
[2026-04-16T05:10:47.140+0000] {processor.py:830} INFO - Processing file /home/airflow/.local/lib/python3.8/site-packages/airflow/example_dags/example_complex.py for tasks to queue
[2026-04-16T05:10:47.142+0000] {logging_mixin.py:188} INFO - [2026-04-16T05:10:47.142+0000] {dagbag.py:538} INFO - Filling up the DagBag from /home/airflow/.local/lib/python3.8/site-packages/airflow/example_dags/example_complex.py
[2026-04-16T05:10:47.149+0000] {processor.py:840} INFO - DAG(s) 'example_complex' retrieved from /home/airflow/.local/lib/python3.8/site-packages/airflow/example_dags/example_complex.py
[2026-04-16T05:10:47.169+0000] {logging_mixin.py:188} INFO - [2026-04-16T05:10:47.169+0000] {dag.py:3036} INFO - Sync 1 DAGs
[2026-04-16T05:10:47.177+0000] {logging_mixin.py:188} INFO - [2026-04-16T05:10:47.177+0000] {dag.py:3823} INFO - Setting next_dagrun for example_complex to None, run_after=None
[2026-04-16T05:10:47.189+0000] {processor.py:183} INFO - Processing /home/airflow/.local/lib/python3.8/site-packages/airflow/example_dags/example_complex.py took 0.053 seconds
[2026-04-16T05:11:17.739+0000] {processor.py:161} INFO - Started process (PID=7369) to work on /home/airflow/.local/lib/python3.8/site-packages/airflow/example_dags/example_complex.py
[2026-04-16T05:11:17.741+0000] {processor.py:830} INFO - Processing file /home/airflow/.local/lib/python3.8/site-packages/airflow/example_dags/example_complex.py for tasks to queue
[2026-04-16T05:11:17.742+0000] {logging_mixin.py:188} INFO - [2026-04-16T05:11:17.742+0000] {dagbag.py:538} INFO - Filling up the DagBag from /home/airflow/.local/lib/python3.8/site-packages/airflow/example_dags/example_complex.py
[2026-04-16T05:11:17.750+0000] {processor.py:840} INFO - DAG(s) 'example_complex' retrieved from /home/airflow/.local/lib/python3.8/site-packages/airflow/example_dags/example_complex.py
[2026-04-16T05:11:17.770+0000] {logging_mixin.py:188} INFO - [2026-04-16T05:11:17.769+0000] {dag.py:3036} INFO - Sync 1 DAGs
[2026-04-16T05:11:17.777+0000] {logging_mixin.py:188} INFO - [2026-04-16T05:11:17.777+0000] {dag.py:3823} INFO - Setting next_dagrun for example_complex to None, run_after=None
[2026-04-16T05:11:17.789+0000] {processor.py:183} INFO - Processing /home/airflow/.local/lib/python3.8/site-packages/airflow/example_dags/example_complex.py took 0.052 seconds
[2026-04-16T05:11:48.399+0000] {processor.py:161} INFO - Started process (PID=7424) to work on /home/airflow/.local/lib/python3.8/site-packages/airflow/example_dags/example_complex.py
[2026-04-16T05:11:48.402+0000] {processor.py:830} INFO - Processing file /home/airflow/.local/lib/python3.8/site-packages/airflow/example_dags/example_complex.py for tasks to queue
[2026-04-16T05:11:48.404+0000] {logging_mixin.py:188} INFO - [2026-04-16T05:11:48.403+0000] {dagbag.py:538} INFO - Filling up the DagBag from /home/airflow/.local/lib/python3.8/site-packages/airflow/example_dags/example_complex.py
[2026-04-16T05:11:48.411+0000] {processor.py:840} INFO - DAG(s) 'example_complex' retrieved from /home/airflow/.local/lib/python3.8/site-packages/airflow/example_dags/example_complex.py
[2026-04-16T05:11:48.431+0000] {logging_mixin.py:188} INFO - [2026-04-16T05:11:48.431+0000] {dag.py:3036} INFO - Sync 1 DAGs
[2026-04-16T05:11:48.439+0000] {logging_mixin.py:188} INFO - [2026-04-16T05:11:48.438+0000] {dag.py:3823} INFO - Setting next_dagrun for example_complex to None, run_after=None
[2026-04-16T05:11:48.449+0000] {processor.py:183} INFO - Processing /home/airflow/.local/lib/python3.8/site-packages/airflow/example_dags/example_complex.py took 0.053 seconds
[2026-04-16T05:12:19.057+0000] {processor.py:161} INFO - Started process (PID=7479) to work on /home/airflow/.local/lib/python3.8/site-packages/airflow/example_dags/example_complex.py
[2026-04-16T05:12:19.058+0000] {processor.py:830} INFO - Processing file /home/airflow/.local/lib/python3.8/site-packages/airflow/example_dags/example_complex.py for tasks to queue
[2026-04-16T05:12:19.059+0000] {logging_mixin.py:188} INFO - [2026-04-16T05:12:19.059+0000] {dagbag.py:538} INFO - Filling up the DagBag from /home/airflow/.local/lib/python3.8/site-packages/airflow/example_dags/example_complex.py
[2026-04-16T05:12:19.066+0000] {processor.py:840} INFO - DAG(s) 'example_complex' retrieved from /home/airflow/.local/lib/python3.8/site-packages/airflow/example_dags/example_complex.py
[2026-04-16T05:12:19.086+0000] {logging_mixin.py:188} INFO - [2026-04-16T05:12:19.086+0000] {dag.py:3036} INFO - Sync 1 DAGs
[2026-04-16T05:12:19.094+0000] {logging_mixin.py:188} INFO - [2026-04-16T05:12:19.094+0000] {dag.py:3823} INFO - Setting next_dagrun for example_complex to None, run_after=None
[2026-04-16T05:12:19.106+0000] {processor.py:183} INFO - Processing /home/airflow/.local/lib/python3.8/site-packages/airflow/example_dags/example_complex.py took 0.051 seconds
[2026-04-16T05:12:49.732+0000] {processor.py:161} INFO - Started process (PID=7534) to work on /home/airflow/.local/lib/python3.8/site-packages/airflow/example_dags/example_complex.py
[2026-04-16T05:12:49.734+0000] {processor.py:830} INFO - Processing file /home/airflow/.local/lib/python3.8/site-packages/airflow/example_dags/example_complex.py for tasks to queue
[2026-04-16T05:12:49.735+0000] {logging_mixin.py:188} INFO - [2026-04-16T05:12:49.735+0000] {dagbag.py:538} INFO - Filling up the DagBag from /home/airflow/.local/lib/python3.8/site-packages/airflow/example_dags/example_complex.py
[2026-04-16T05:12:49.743+0000] {processor.py:840} INFO - DAG(s) 'example_complex' retrieved from /home/airflow/.local/lib/python3.8/site-packages/airflow/example_dags/example_complex.py
[2026-04-16T05:12:49.763+0000] {logging_mixin.py:188} INFO - [2026-04-16T05:12:49.763+0000] {dag.py:3036} INFO - Sync 1 DAGs
[2026-04-16T05:12:49.771+0000] {logging_mixin.py:188} INFO - [2026-04-16T05:12:49.771+0000] {dag.py:3823} INFO - Setting next_dagrun for example_complex to None, run_after=None
[2026-04-16T05:12:49.783+0000] {processor.py:183} INFO - Processing /home/airflow/.local/lib/python3.8/site-packages/airflow/example_dags/example_complex.py took 0.054 seconds
[2026-04-16T05:13:20.409+0000] {processor.py:161} INFO - Started process (PID=7589) to work on /home/airflow/.local/lib/python3.8/site-packages/airflow/example_dags/example_complex.py
[2026-04-16T05:13:20.412+0000] {processor.py:830} INFO - Processing file /home/airflow/.local/lib/python3.8/site-packages/airflow/example_dags/example_complex.py for tasks to queue
[2026-04-16T05:13:20.414+0000] {logging_mixin.py:188} INFO - [2026-04-16T05:13:20.413+0000] {dagbag.py:538} INFO - Filling up the DagBag from /home/airflow/.local/lib/python3.8/site-packages/airflow/example_dags/example_complex.py
[2026-04-16T05:13:20.421+0000] {processor.py:840} INFO - DAG(s) 'example_complex' retrieved from /home/airflow/.local/lib/python3.8/site-packages/airflow/example_dags/example_complex.py
[2026-04-16T05:13:20.440+0000] {logging_mixin.py:188} INFO - [2026-04-16T05:13:20.440+0000] {dag.py:3036} INFO - Sync 1 DAGs
[2026-04-16T05:13:20.448+0000] {logging_mixin.py:188} INFO - [2026-04-16T05:13:20.448+0000] {dag.py:3823} INFO - Setting next_dagrun for example_complex to None, run_after=None
[2026-04-16T05:13:20.458+0000] {processor.py:183} INFO - Processing /home/airflow/.local/lib/python3.8/site-packages/airflow/example_dags/example_complex.py took 0.051 seconds
[2026-04-16T05:13:51.136+0000] {processor.py:161} INFO - Started process (PID=7644) to work on /home/airflow/.local/lib/python3.8/site-packages/airflow/example_dags/example_complex.py
[2026-04-16T05:13:51.136+0000] {processor.py:830} INFO - Processing file /home/airflow/.local/lib/python3.8/site-packages/airflow/example_dags/example_complex.py for tasks to queue
[2026-04-16T05:13:51.138+0000] {logging_mixin.py:188} INFO - [2026-04-16T05:13:51.137+0000] {dagbag.py:538} INFO - Filling up the DagBag from /home/airflow/.local/lib/python3.8/site-packages/airflow/example_dags/example_complex.py
[2026-04-16T05:13:51.145+0000] {processor.py:840} INFO - DAG(s) 'example_complex' retrieved from /home/airflow/.local/lib/python3.8/site-packages/airflow/example_dags/example_complex.py
[2026-04-16T05:13:51.164+0000] {logging_mixin.py:188} INFO - [2026-04-16T05:13:51.164+0000] {dag.py:3036} INFO - Sync 1 DAGs
[2026-04-16T05:13:51.172+0000] {logging_mixin.py:188} INFO - [2026-04-16T05:13:51.172+0000] {dag.py:3823} INFO - Setting next_dagrun for example_complex to None, run_after=None
[2026-04-16T05:13:51.183+0000] {processor.py:183} INFO - Processing /home/airflow/.local/lib/python3.8/site-packages/airflow/example_dags/example_complex.py took 0.049 seconds
[2026-04-16T05:14:21.266+0000] {processor.py:161} INFO - Started process (PID=7699) to work on /home/airflow/.local/lib/python3.8/site-packages/airflow/example_dags/example_complex.py
[2026-04-16T05:14:21.267+0000] {processor.py:830} INFO - Processing file /home/airflow/.local/lib/python3.8/site-packages/airflow/example_dags/example_complex.py for tasks to queue
[2026-04-16T05:14:21.268+0000] {logging_mixin.py:188} INFO - [2026-04-16T05:14:21.268+0000] {dagbag.py:538} INFO - Filling up the DagBag from /home/airflow/.local/lib/python3.8/site-packages/airflow/example_dags/example_complex.py
[2026-04-16T05:14:21.275+0000] {processor.py:840} INFO - DAG(s) 'example_complex' retrieved from /home/airflow/.local/lib/python3.8/site-packages/airflow/example_dags/example_complex.py
[2026-04-16T05:14:21.295+0000] {logging_mixin.py:188} INFO - [2026-04-16T05:14:21.295+0000] {dag.py:3036} INFO - Sync 1 DAGs
[2026-04-16T05:14:21.303+0000] {logging_mixin.py:188} INFO - [2026-04-16T05:14:21.302+0000] {dag.py:3823} INFO - Setting next_dagrun for example_complex to None, run_after=None
[2026-04-16T05:14:21.314+0000] {processor.py:183} INFO - Processing /home/airflow/.local/lib/python3.8/site-packages/airflow/example_dags/example_complex.py took 0.050 seconds
[2026-04-16T05:14:51.404+0000] {processor.py:161} INFO - Started process (PID=7754) to work on /home/airflow/.local/lib/python3.8/site-packages/airflow/example_dags/example_complex.py
[2026-04-16T05:14:51.405+0000] {processor.py:830} INFO - Processing file /home/airflow/.local/lib/python3.8/site-packages/airflow/example_dags/example_complex.py for tasks to queue
[2026-04-16T05:14:51.406+0000] {logging_mixin.py:188} INFO - [2026-04-16T05:14:51.406+0000] {dagbag.py:538} INFO - Filling up the DagBag from /home/airflow/.local/lib/python3.8/site-packages/airflow/example_dags/example_complex.py
[2026-04-16T05:14:51.413+0000] {processor.py:840} INFO - DAG(s) 'example_complex' retrieved from /home/airflow/.local/lib/python3.8/site-packages/airflow/example_dags/example_complex.py
[2026-04-16T05:14:51.434+0000] {logging_mixin.py:188} INFO - [2026-04-16T05:14:51.434+0000] {dag.py:3036} INFO - Sync 1 DAGs
[2026-04-16T05:14:51.442+0000] {logging_mixin.py:188} INFO - [2026-04-16T05:14:51.442+0000] {dag.py:3823} INFO - Setting next_dagrun for example_complex to None, run_after=None
[2026-04-16T05:14:51.453+0000] {processor.py:183} INFO - Processing /home/airflow/.local/lib/python3.8/site-packages/airflow/example_dags/example_complex.py took 0.051 seconds
[2026-04-16T05:15:21.477+0000] {processor.py:161} INFO - Started process (PID=7809) to work on /home/airflow/.local/lib/python3.8/site-packages/airflow/example_dags/example_complex.py
[2026-04-16T05:15:21.478+0000] {processor.py:830} INFO - Processing file /home/airflow/.local/lib/python3.8/site-packages/airflow/example_dags/example_complex.py for tasks to queue
[2026-04-16T05:15:21.479+0000] {logging_mixin.py:188} INFO - [2026-04-16T05:15:21.479+0000] {dagbag.py:538} INFO - Filling up the DagBag from /home/airflow/.local/lib/python3.8/site-packages/airflow/example_dags/example_complex.py
[2026-04-16T05:15:21.487+0000] {processor.py:840} INFO - DAG(s) 'example_complex' retrieved from /home/airflow/.local/lib/python3.8/site-packages/airflow/example_dags/example_complex.py
[2026-04-16T05:15:21.507+0000] {logging_mixin.py:188} INFO - [2026-04-16T05:15:21.506+0000] {dag.py:3036} INFO - Sync 1 DAGs
[2026-04-16T05:15:21.514+0000] {logging_mixin.py:188} INFO - [2026-04-16T05:15:21.514+0000] {dag.py:3823} INFO - Setting next_dagrun for example_complex to None, run_after=None
[2026-04-16T05:15:21.525+0000] {processor.py:183} INFO - Processing /home/airflow/.local/lib/python3.8/site-packages/airflow/example_dags/example_complex.py took 0.050 seconds
[2026-04-16T05:15:51.792+0000] {processor.py:161} INFO - Started process (PID=7864) to work on /home/airflow/.local/lib/python3.8/site-packages/airflow/example_dags/example_complex.py
[2026-04-16T05:15:51.793+0000] {processor.py:830} INFO - Processing file /home/airflow/.local/lib/python3.8/site-packages/airflow/example_dags/example_complex.py for tasks to queue
[2026-04-16T05:15:51.796+0000] {logging_mixin.py:188} INFO - [2026-04-16T05:15:51.795+0000] {dagbag.py:538} INFO - Filling up the DagBag from /home/airflow/.local/lib/python3.8/site-packages/airflow/example_dags/example_complex.py
[2026-04-16T05:15:51.804+0000] {processor.py:840} INFO - DAG(s) 'example_complex' retrieved from /home/airflow/.local/lib/python3.8/site-packages/airflow/example_dags/example_complex.py
[2026-04-16T05:15:51.823+0000] {logging_mixin.py:188} INFO - [2026-04-16T05:15:51.823+0000] {dag.py:3036} INFO - Sync 1 DAGs
[2026-04-16T05:15:51.831+0000] {logging_mixin.py:188} INFO - [2026-04-16T05:15:51.831+0000] {dag.py:3823} INFO - Setting next_dagrun for example_complex to None, run_after=None
[2026-04-16T05:15:51.841+0000] {processor.py:183} INFO - Processing /home/airflow/.local/lib/python3.8/site-packages/airflow/example_dags/example_complex.py took 0.051 seconds
[2026-04-16T05:16:21.938+0000] {processor.py:161} INFO - Started process (PID=7919) to work on /home/airflow/.local/lib/python3.8/site-packages/airflow/example_dags/example_complex.py
[2026-04-16T05:16:21.941+0000] {processor.py:830} INFO - Processing file /home/airflow/.local/lib/python3.8/site-packages/airflow/example_dags/example_complex.py for tasks to queue
[2026-04-16T05:16:21.943+0000] {logging_mixin.py:188} INFO - [2026-04-16T05:16:21.942+0000] {dagbag.py:538} INFO - Filling up the DagBag from /home/airflow/.local/lib/python3.8/site-packages/airflow/example_dags/example_complex.py
[2026-04-16T05:16:21.950+0000] {processor.py:840} INFO - DAG(s) 'example_complex' retrieved from /home/airflow/.local/lib/python3.8/site-packages/airflow/example_dags/example_complex.py
[2026-04-16T05:16:21.970+0000] {logging_mixin.py:188} INFO - [2026-04-16T05:16:21.970+0000] {dag.py:3036} INFO - Sync 1 DAGs
[2026-04-16T05:16:21.978+0000] {logging_mixin.py:188} INFO - [2026-04-16T05:16:21.978+0000] {dag.py:3823} INFO - Setting next_dagrun for example_complex to None, run_after=None
[2026-04-16T05:16:21.988+0000] {processor.py:183} INFO - Processing /home/airflow/.local/lib/python3.8/site-packages/airflow/example_dags/example_complex.py took 0.052 seconds
[2026-04-16T05:16:52.280+0000] {processor.py:161} INFO - Started process (PID=7974) to work on /home/airflow/.local/lib/python3.8/site-packages/airflow/example_dags/example_complex.py
[2026-04-16T05:16:52.282+0000] {processor.py:830} INFO - Processing file /home/airflow/.local/lib/python3.8/site-packages/airflow/example_dags/example_complex.py for tasks to queue
[2026-04-16T05:16:52.283+0000] {logging_mixin.py:188} INFO - [2026-04-16T05:16:52.283+0000] {dagbag.py:538} INFO - Filling up the DagBag from /home/airflow/.local/lib/python3.8/site-packages/airflow/example_dags/example_complex.py
[2026-04-16T05:16:52.290+0000] {processor.py:840} INFO - DAG(s) 'example_complex' retrieved from /home/airflow/.local/lib/python3.8/site-packages/airflow/example_dags/example_complex.py
[2026-04-16T05:16:52.310+0000] {logging_mixin.py:188} INFO - [2026-04-16T05:16:52.310+0000] {dag.py:3036} INFO - Sync 1 DAGs
[2026-04-16T05:16:52.318+0000] {logging_mixin.py:188} INFO - [2026-04-16T05:16:52.318+0000] {dag.py:3823} INFO - Setting next_dagrun for example_complex to None, run_after=None
[2026-04-16T05:16:52.328+0000] {processor.py:183} INFO - Processing /home/airflow/.local/lib/python3.8/site-packages/airflow/example_dags/example_complex.py took 0.050 seconds
[2026-04-16T05:17:23.040+0000] {processor.py:161} INFO - Started process (PID=8029) to work on /home/airflow/.local/lib/python3.8/site-packages/airflow/example_dags/example_complex.py
[2026-04-16T05:17:23.042+0000] {processor.py:830} INFO - Processing file /home/airflow/.local/lib/python3.8/site-packages/airflow/example_dags/example_complex.py for tasks to queue
[2026-04-16T05:17:23.043+0000] {logging_mixin.py:188} INFO - [2026-04-16T05:17:23.043+0000] {dagbag.py:538} INFO - Filling up the DagBag from /home/airflow/.local/lib/python3.8/site-packages/airflow/example_dags/example_complex.py
[2026-04-16T05:17:23.050+0000] {processor.py:840} INFO - DAG(s) 'example_complex' retrieved from /home/airflow/.local/lib/python3.8/site-packages/airflow/example_dags/example_complex.py
[2026-04-16T05:17:23.071+0000] {logging_mixin.py:188} INFO - [2026-04-16T05:17:23.071+0000] {dag.py:3036} INFO - Sync 1 DAGs
[2026-04-16T05:17:23.079+0000] {logging_mixin.py:188} INFO - [2026-04-16T05:17:23.079+0000] {dag.py:3823} INFO - Setting next_dagrun for example_complex to None, run_after=None
[2026-04-16T05:17:23.090+0000] {processor.py:183} INFO - Processing /home/airflow/.local/lib/python3.8/site-packages/airflow/example_dags/example_complex.py took 0.052 seconds
[2026-04-16T05:17:53.798+0000] {processor.py:161} INFO - Started process (PID=8084) to work on /home/airflow/.local/lib/python3.8/site-packages/airflow/example_dags/example_complex.py
[2026-04-16T05:17:53.800+0000] {processor.py:830} INFO - Processing file /home/airflow/.local/lib/python3.8/site-packages/airflow/example_dags/example_complex.py for tasks to queue
[2026-04-16T05:17:53.801+0000] {logging_mixin.py:188} INFO - [2026-04-16T05:17:53.801+0000] {dagbag.py:538} INFO - Filling up the DagBag from /home/airflow/.local/lib/python3.8/site-packages/airflow/example_dags/example_complex.py
[2026-04-16T05:17:53.808+0000] {processor.py:840} INFO - DAG(s) 'example_complex' retrieved from /home/airflow/.local/lib/python3.8/site-packages/airflow/example_dags/example_complex.py
[2026-04-16T05:17:53.827+0000] {logging_mixin.py:188} INFO - [2026-04-16T05:17:53.827+0000] {dag.py:3036} INFO - Sync 1 DAGs
[2026-04-16T05:17:53.835+0000] {logging_mixin.py:188} INFO - [2026-04-16T05:17:53.834+0000] {dag.py:3823} INFO - Setting next_dagrun for example_complex to None, run_after=None
[2026-04-16T05:17:53.845+0000] {processor.py:183} INFO - Processing /home/airflow/.local/lib/python3.8/site-packages/airflow/example_dags/example_complex.py took 0.049 seconds
[2026-04-16T05:18:24.511+0000] {processor.py:161} INFO - Started process (PID=8139) to work on /home/airflow/.local/lib/python3.8/site-packages/airflow/example_dags/example_complex.py
[2026-04-16T05:18:24.513+0000] {processor.py:830} INFO - Processing file /home/airflow/.local/lib/python3.8/site-packages/airflow/example_dags/example_complex.py for tasks to queue
[2026-04-16T05:18:24.515+0000] {logging_mixin.py:188} INFO - [2026-04-16T05:18:24.514+0000] {dagbag.py:538} INFO - Filling up the DagBag from /home/airflow/.local/lib/python3.8/site-packages/airflow/example_dags/example_complex.py
[2026-04-16T05:18:24.522+0000] {processor.py:840} INFO - DAG(s) 'example_complex' retrieved from /home/airflow/.local/lib/python3.8/site-packages/airflow/example_dags/example_complex.py
[2026-04-16T05:18:24.542+0000] {logging_mixin.py:188} INFO - [2026-04-16T05:18:24.542+0000] {dag.py:3036} INFO - Sync 1 DAGs
[2026-04-16T05:18:24.550+0000] {logging_mixin.py:188} INFO - [2026-04-16T05:18:24.550+0000] {dag.py:3823} INFO - Setting next_dagrun for example_complex to None, run_after=None
[2026-04-16T05:18:24.561+0000] {processor.py:183} INFO - Processing /home/airflow/.local/lib/python3.8/site-packages/airflow/example_dags/example_complex.py took 0.052 seconds
[2026-04-16T05:18:54.709+0000] {processor.py:161} INFO - Started process (PID=8194) to work on /home/airflow/.local/lib/python3.8/site-packages/airflow/example_dags/example_complex.py
[2026-04-16T05:18:54.712+0000] {processor.py:830} INFO - Processing file /home/airflow/.local/lib/python3.8/site-packages/airflow/example_dags/example_complex.py for tasks to queue
[2026-04-16T05:18:54.714+0000] {logging_mixin.py:188} INFO - [2026-04-16T05:18:54.713+0000] {dagbag.py:538} INFO - Filling up the DagBag from /home/airflow/.local/lib/python3.8/site-packages/airflow/example_dags/example_complex.py
[2026-04-16T05:18:54.721+0000] {processor.py:840} INFO - DAG(s) 'example_complex' retrieved from /home/airflow/.local/lib/python3.8/site-packages/airflow/example_dags/example_complex.py
[2026-04-16T05:18:54.741+0000] {logging_mixin.py:188} INFO - [2026-04-16T05:18:54.741+0000] {dag.py:3036} INFO - Sync 1 DAGs
[2026-04-16T05:18:54.749+0000] {logging_mixin.py:188} INFO - [2026-04-16T05:18:54.749+0000] {dag.py:3823} INFO - Setting next_dagrun for example_complex to None, run_after=None
[2026-04-16T05:18:54.759+0000] {processor.py:183} INFO - Processing /home/airflow/.local/lib/python3.8/site-packages/airflow/example_dags/example_complex.py took 0.052 seconds
[2026-04-16T05:19:25.012+0000] {processor.py:161} INFO - Started process (PID=8249) to work on /home/airflow/.local/lib/python3.8/site-packages/airflow/example_dags/example_complex.py
[2026-04-16T05:19:25.012+0000] {processor.py:830} INFO - Processing file /home/airflow/.local/lib/python3.8/site-packages/airflow/example_dags/example_complex.py for tasks to queue
[2026-04-16T05:19:25.013+0000] {logging_mixin.py:188} INFO - [2026-04-16T05:19:25.013+0000] {dagbag.py:538} INFO - Filling up the DagBag from /home/airflow/.local/lib/python3.8/site-packages/airflow/example_dags/example_complex.py
[2026-04-16T05:19:25.020+0000] {processor.py:840} INFO - DAG(s) 'example_complex' retrieved from /home/airflow/.local/lib/python3.8/site-packages/airflow/example_dags/example_complex.py
[2026-04-16T05:19:25.041+0000] {logging_mixin.py:188} INFO - [2026-04-16T05:19:25.041+0000] {dag.py:3036} INFO - Sync 1 DAGs
[2026-04-16T05:19:25.049+0000] {logging_mixin.py:188} INFO - [2026-04-16T05:19:25.049+0000] {dag.py:3823} INFO - Setting next_dagrun for example_complex to None, run_after=None
[2026-04-16T05:19:25.061+0000] {processor.py:183} INFO - Processing /home/airflow/.local/lib/python3.8/site-packages/airflow/example_dags/example_complex.py took 0.051 seconds
[2026-04-16T05:19:55.349+0000] {processor.py:161} INFO - Started process (PID=8304) to work on /home/airflow/.local/lib/python3.8/site-packages/airflow/example_dags/example_complex.py
[2026-04-16T05:19:55.350+0000] {processor.py:830} INFO - Processing file /home/airflow/.local/lib/python3.8/site-packages/airflow/example_dags/example_complex.py for tasks to queue
[2026-04-16T05:19:55.351+0000] {logging_mixin.py:188} INFO - [2026-04-16T05:19:55.351+0000] {dagbag.py:538} INFO - Filling up the DagBag from /home/airflow/.local/lib/python3.8/site-packages/airflow/example_dags/example_complex.py
[2026-04-16T05:19:55.359+0000] {processor.py:840} INFO - DAG(s) 'example_complex' retrieved from /home/airflow/.local/lib/python3.8/site-packages/airflow/example_dags/example_complex.py
[2026-04-16T05:19:55.381+0000] {logging_mixin.py:188} INFO - [2026-04-16T05:19:55.381+0000] {dag.py:3036} INFO - Sync 1 DAGs
[2026-04-16T05:19:55.390+0000] {logging_mixin.py:188} INFO - [2026-04-16T05:19:55.390+0000] {dag.py:3823} INFO - Setting next_dagrun for example_complex to None, run_after=None
[2026-04-16T05:19:55.403+0000] {processor.py:183} INFO - Processing /home/airflow/.local/lib/python3.8/site-packages/airflow/example_dags/example_complex.py took 0.057 seconds
[2026-04-16T05:20:25.613+0000] {processor.py:161} INFO - Started process (PID=8359) to work on /home/airflow/.local/lib/python3.8/site-packages/airflow/example_dags/example_complex.py
[2026-04-16T05:20:25.613+0000] {processor.py:830} INFO - Processing file /home/airflow/.local/lib/python3.8/site-packages/airflow/example_dags/example_complex.py for tasks to queue
[2026-04-16T05:20:25.615+0000] {logging_mixin.py:188} INFO - [2026-04-16T05:20:25.614+0000] {dagbag.py:538} INFO - Filling up the DagBag from /home/airflow/.local/lib/python3.8/site-packages/airflow/example_dags/example_complex.py
[2026-04-16T05:20:25.622+0000] {processor.py:840} INFO - DAG(s) 'example_complex' retrieved from /home/airflow/.local/lib/python3.8/site-packages/airflow/example_dags/example_complex.py
[2026-04-16T05:20:25.642+0000] {logging_mixin.py:188} INFO - [2026-04-16T05:20:25.642+0000] {dag.py:3036} INFO - Sync 1 DAGs
[2026-04-16T05:20:25.650+0000] {logging_mixin.py:188} INFO - [2026-04-16T05:20:25.650+0000] {dag.py:3823} INFO - Setting next_dagrun for example_complex to None, run_after=None
[2026-04-16T05:20:25.661+0000] {processor.py:183} INFO - Processing /home/airflow/.local/lib/python3.8/site-packages/airflow/example_dags/example_complex.py took 0.050 seconds
[2026-04-16T05:20:56.038+0000] {processor.py:161} INFO - Started process (PID=8414) to work on /home/airflow/.local/lib/python3.8/site-packages/airflow/example_dags/example_complex.py
[2026-04-16T05:20:56.040+0000] {processor.py:830} INFO - Processing file /home/airflow/.local/lib/python3.8/site-packages/airflow/example_dags/example_complex.py for tasks to queue
[2026-04-16T05:20:56.041+0000] {logging_mixin.py:188} INFO - [2026-04-16T05:20:56.041+0000] {dagbag.py:538} INFO - Filling up the DagBag from /home/airflow/.local/lib/python3.8/site-packages/airflow/example_dags/example_complex.py
[2026-04-16T05:20:56.048+0000] {processor.py:840} INFO - DAG(s) 'example_complex' retrieved from /home/airflow/.local/lib/python3.8/site-packages/airflow/example_dags/example_complex.py
[2026-04-16T05:20:56.068+0000] {logging_mixin.py:188} INFO - [2026-04-16T05:20:56.068+0000] {dag.py:3036} INFO - Sync 1 DAGs
[2026-04-16T05:20:56.075+0000] {logging_mixin.py:188} INFO - [2026-04-16T05:20:56.075+0000] {dag.py:3823} INFO - Setting next_dagrun for example_complex to None, run_after=None
[2026-04-16T05:20:56.085+0000] {processor.py:183} INFO - Processing /home/airflow/.local/lib/python3.8/site-packages/airflow/example_dags/example_complex.py took 0.050 seconds
[2026-04-16T05:49:33.250+0000] {processor.py:161} INFO - Started process (PID=8467) to work on /home/airflow/.local/lib/python3.8/site-packages/airflow/example_dags/example_complex.py
[2026-04-16T05:49:33.252+0000] {processor.py:830} INFO - Processing file /home/airflow/.local/lib/python3.8/site-packages/airflow/example_dags/example_complex.py for tasks to queue
[2026-04-16T05:49:33.257+0000] {logging_mixin.py:188} INFO - [2026-04-16T05:49:33.256+0000] {dagbag.py:538} INFO - Filling up the DagBag from /home/airflow/.local/lib/python3.8/site-packages/airflow/example_dags/example_complex.py
[2026-04-16T05:49:33.285+0000] {processor.py:840} INFO - DAG(s) 'example_complex' retrieved from /home/airflow/.local/lib/python3.8/site-packages/airflow/example_dags/example_complex.py
[2026-04-16T05:49:33.349+0000] {logging_mixin.py:188} INFO - [2026-04-16T05:49:33.348+0000] {dag.py:3036} INFO - Sync 1 DAGs
[2026-04-16T05:49:33.377+0000] {logging_mixin.py:188} INFO - [2026-04-16T05:49:33.376+0000] {dag.py:3823} INFO - Setting next_dagrun for example_complex to None, run_after=None
[2026-04-16T05:49:33.410+0000] {processor.py:183} INFO - Processing /home/airflow/.local/lib/python3.8/site-packages/airflow/example_dags/example_complex.py took 0.168 seconds
[2026-04-16T05:50:03.611+0000] {processor.py:161} INFO - Started process (PID=8522) to work on /home/airflow/.local/lib/python3.8/site-packages/airflow/example_dags/example_complex.py
[2026-04-16T05:50:03.613+0000] {processor.py:830} INFO - Processing file /home/airflow/.local/lib/python3.8/site-packages/airflow/example_dags/example_complex.py for tasks to queue
[2026-04-16T05:50:03.615+0000] {logging_mixin.py:188} INFO - [2026-04-16T05:50:03.614+0000] {dagbag.py:538} INFO - Filling up the DagBag from /home/airflow/.local/lib/python3.8/site-packages/airflow/example_dags/example_complex.py
[2026-04-16T05:50:03.622+0000] {processor.py:840} INFO - DAG(s) 'example_complex' retrieved from /home/airflow/.local/lib/python3.8/site-packages/airflow/example_dags/example_complex.py
[2026-04-16T05:50:03.642+0000] {logging_mixin.py:188} INFO - [2026-04-16T05:50:03.642+0000] {dag.py:3036} INFO - Sync 1 DAGs
[2026-04-16T05:50:03.759+0000] {logging_mixin.py:188} INFO - [2026-04-16T05:50:03.758+0000] {dag.py:3823} INFO - Setting next_dagrun for example_complex to None, run_after=None
[2026-04-16T05:50:03.778+0000] {processor.py:183} INFO - Processing /home/airflow/.local/lib/python3.8/site-packages/airflow/example_dags/example_complex.py took 0.170 seconds
[2026-04-16T05:50:34.418+0000] {processor.py:161} INFO - Started process (PID=8577) to work on /home/airflow/.local/lib/python3.8/site-packages/airflow/example_dags/example_complex.py
[2026-04-16T05:50:34.419+0000] {processor.py:830} INFO - Processing file /home/airflow/.local/lib/python3.8/site-packages/airflow/example_dags/example_complex.py for tasks to queue
[2026-04-16T05:50:34.420+0000] {logging_mixin.py:188} INFO - [2026-04-16T05:50:34.420+0000] {dagbag.py:538} INFO - Filling up the DagBag from /home/airflow/.local/lib/python3.8/site-packages/airflow/example_dags/example_complex.py
[2026-04-16T05:50:34.427+0000] {processor.py:840} INFO - DAG(s) 'example_complex' retrieved from /home/airflow/.local/lib/python3.8/site-packages/airflow/example_dags/example_complex.py
[2026-04-16T05:50:34.447+0000] {logging_mixin.py:188} INFO - [2026-04-16T05:50:34.447+0000] {dag.py:3036} INFO - Sync 1 DAGs
[2026-04-16T05:50:34.455+0000] {logging_mixin.py:188} INFO - [2026-04-16T05:50:34.455+0000] {dag.py:3823} INFO - Setting next_dagrun for example_complex to None, run_after=None
[2026-04-16T05:50:34.466+0000] {processor.py:183} INFO - Processing /home/airflow/.local/lib/python3.8/site-packages/airflow/example_dags/example_complex.py took 0.051 seconds
[2026-04-16T05:51:04.495+0000] {processor.py:161} INFO - Started process (PID=8632) to work on /home/airflow/.local/lib/python3.8/site-packages/airflow/example_dags/example_complex.py
[2026-04-16T05:51:04.498+0000] {processor.py:830} INFO - Processing file /home/airflow/.local/lib/python3.8/site-packages/airflow/example_dags/example_complex.py for tasks to queue
[2026-04-16T05:51:04.499+0000] {logging_mixin.py:188} INFO - [2026-04-16T05:51:04.499+0000] {dagbag.py:538} INFO - Filling up the DagBag from /home/airflow/.local/lib/python3.8/site-packages/airflow/example_dags/example_complex.py
[2026-04-16T05:51:04.506+0000] {processor.py:840} INFO - DAG(s) 'example_complex' retrieved from /home/airflow/.local/lib/python3.8/site-packages/airflow/example_dags/example_complex.py
[2026-04-16T05:51:04.526+0000] {logging_mixin.py:188} INFO - [2026-04-16T05:51:04.526+0000] {dag.py:3036} INFO - Sync 1 DAGs
[2026-04-16T05:51:04.533+0000] {logging_mixin.py:188} INFO - [2026-04-16T05:51:04.533+0000] {dag.py:3823} INFO - Setting next_dagrun for example_complex to None, run_after=None
[2026-04-16T05:51:04.544+0000] {processor.py:183} INFO - Processing /home/airflow/.local/lib/python3.8/site-packages/airflow/example_dags/example_complex.py took 0.051 seconds
[2026-04-16T05:51:34.584+0000] {processor.py:161} INFO - Started process (PID=8687) to work on /home/airflow/.local/lib/python3.8/site-packages/airflow/example_dags/example_complex.py
[2026-04-16T05:51:34.586+0000] {processor.py:830} INFO - Processing file /home/airflow/.local/lib/python3.8/site-packages/airflow/example_dags/example_complex.py for tasks to queue
[2026-04-16T05:51:34.588+0000] {logging_mixin.py:188} INFO - [2026-04-16T05:51:34.587+0000] {dagbag.py:538} INFO - Filling up the DagBag from /home/airflow/.local/lib/python3.8/site-packages/airflow/example_dags/example_complex.py
[2026-04-16T05:51:34.595+0000] {processor.py:840} INFO - DAG(s) 'example_complex' retrieved from /home/airflow/.local/lib/python3.8/site-packages/airflow/example_dags/example_complex.py
[2026-04-16T05:51:34.615+0000] {logging_mixin.py:188} INFO - [2026-04-16T05:51:34.615+0000] {dag.py:3036} INFO - Sync 1 DAGs
[2026-04-16T05:51:34.623+0000] {logging_mixin.py:188} INFO - [2026-04-16T05:51:34.623+0000] {dag.py:3823} INFO - Setting next_dagrun for example_complex to None, run_after=None
[2026-04-16T05:51:34.633+0000] {processor.py:183} INFO - Processing /home/airflow/.local/lib/python3.8/site-packages/airflow/example_dags/example_complex.py took 0.051 seconds
[2026-04-16T05:52:05.406+0000] {processor.py:161} INFO - Started process (PID=8742) to work on /home/airflow/.local/lib/python3.8/site-packages/airflow/example_dags/example_complex.py
[2026-04-16T05:52:05.406+0000] {processor.py:830} INFO - Processing file /home/airflow/.local/lib/python3.8/site-packages/airflow/example_dags/example_complex.py for tasks to queue
[2026-04-16T05:52:05.407+0000] {logging_mixin.py:188} INFO - [2026-04-16T05:52:05.407+0000] {dagbag.py:538} INFO - Filling up the DagBag from /home/airflow/.local/lib/python3.8/site-packages/airflow/example_dags/example_complex.py
[2026-04-16T05:52:05.522+0000] {processor.py:840} INFO - DAG(s) 'example_complex' retrieved from /home/airflow/.local/lib/python3.8/site-packages/airflow/example_dags/example_complex.py
[2026-04-16T05:52:05.540+0000] {logging_mixin.py:188} INFO - [2026-04-16T05:52:05.539+0000] {dag.py:3036} INFO - Sync 1 DAGs
[2026-04-16T05:52:05.546+0000] {logging_mixin.py:188} INFO - [2026-04-16T05:52:05.546+0000] {dag.py:3823} INFO - Setting next_dagrun for example_complex to None, run_after=None
[2026-04-16T05:52:05.558+0000] {processor.py:183} INFO - Processing /home/airflow/.local/lib/python3.8/site-packages/airflow/example_dags/example_complex.py took 0.155 seconds
[2026-04-16T05:52:35.621+0000] {processor.py:161} INFO - Started process (PID=8797) to work on /home/airflow/.local/lib/python3.8/site-packages/airflow/example_dags/example_complex.py
[2026-04-16T05:52:35.623+0000] {processor.py:830} INFO - Processing file /home/airflow/.local/lib/python3.8/site-packages/airflow/example_dags/example_complex.py for tasks to queue
[2026-04-16T05:52:35.624+0000] {logging_mixin.py:188} INFO - [2026-04-16T05:52:35.624+0000] {dagbag.py:538} INFO - Filling up the DagBag from /home/airflow/.local/lib/python3.8/site-packages/airflow/example_dags/example_complex.py
[2026-04-16T05:52:35.632+0000] {processor.py:840} INFO - DAG(s) 'example_complex' retrieved from /home/airflow/.local/lib/python3.8/site-packages/airflow/example_dags/example_complex.py
[2026-04-16T05:52:35.651+0000] {logging_mixin.py:188} INFO - [2026-04-16T05:52:35.651+0000] {dag.py:3036} INFO - Sync 1 DAGs
[2026-04-16T05:52:35.659+0000] {logging_mixin.py:188} INFO - [2026-04-16T05:52:35.659+0000] {dag.py:3823} INFO - Setting next_dagrun for example_complex to None, run_after=None
[2026-04-16T05:52:35.669+0000] {processor.py:183} INFO - Processing /home/airflow/.local/lib/python3.8/site-packages/airflow/example_dags/example_complex.py took 0.050 seconds
[2026-04-16T05:53:06.341+0000] {processor.py:161} INFO - Started process (PID=8852) to work on /home/airflow/.local/lib/python3.8/site-packages/airflow/example_dags/example_complex.py
[2026-04-16T05:53:06.342+0000] {processor.py:830} INFO - Processing file /home/airflow/.local/lib/python3.8/site-packages/airflow/example_dags/example_complex.py for tasks to queue
[2026-04-16T05:53:06.344+0000] {logging_mixin.py:188} INFO - [2026-04-16T05:53:06.343+0000] {dagbag.py:538} INFO - Filling up the DagBag from /home/airflow/.local/lib/python3.8/site-packages/airflow/example_dags/example_complex.py
[2026-04-16T05:53:06.351+0000] {processor.py:840} INFO - DAG(s) 'example_complex' retrieved from /home/airflow/.local/lib/python3.8/site-packages/airflow/example_dags/example_complex.py
[2026-04-16T05:53:06.371+0000] {logging_mixin.py:188} INFO - [2026-04-16T05:53:06.371+0000] {dag.py:3036} INFO - Sync 1 DAGs
[2026-04-16T05:53:06.379+0000] {logging_mixin.py:188} INFO - [2026-04-16T05:53:06.378+0000] {dag.py:3823} INFO - Setting next_dagrun for example_complex to None, run_after=None
[2026-04-16T05:53:06.389+0000] {processor.py:183} INFO - Processing /home/airflow/.local/lib/python3.8/site-packages/airflow/example_dags/example_complex.py took 0.050 seconds
[2026-04-16T05:53:37.003+0000] {processor.py:161} INFO - Started process (PID=8907) to work on /home/airflow/.local/lib/python3.8/site-packages/airflow/example_dags/example_complex.py
[2026-04-16T05:53:37.006+0000] {processor.py:830} INFO - Processing file /home/airflow/.local/lib/python3.8/site-packages/airflow/example_dags/example_complex.py for tasks to queue
[2026-04-16T05:53:37.008+0000] {logging_mixin.py:188} INFO - [2026-04-16T05:53:37.007+0000] {dagbag.py:538} INFO - Filling up the DagBag from /home/airflow/.local/lib/python3.8/site-packages/airflow/example_dags/example_complex.py
[2026-04-16T05:53:37.015+0000] {processor.py:840} INFO - DAG(s) 'example_complex' retrieved from /home/airflow/.local/lib/python3.8/site-packages/airflow/example_dags/example_complex.py
[2026-04-16T05:53:37.035+0000] {logging_mixin.py:188} INFO - [2026-04-16T05:53:37.035+0000] {dag.py:3036} INFO - Sync 1 DAGs
[2026-04-16T05:53:37.043+0000] {logging_mixin.py:188} INFO - [2026-04-16T05:53:37.043+0000] {dag.py:3823} INFO - Setting next_dagrun for example_complex to None, run_after=None
[2026-04-16T05:53:37.053+0000] {processor.py:183} INFO - Processing /home/airflow/.local/lib/python3.8/site-packages/airflow/example_dags/example_complex.py took 0.052 seconds
[2026-04-16T05:54:07.735+0000] {processor.py:161} INFO - Started process (PID=8962) to work on /home/airflow/.local/lib/python3.8/site-packages/airflow/example_dags/example_complex.py
[2026-04-16T05:54:07.736+0000] {processor.py:830} INFO - Processing file /home/airflow/.local/lib/python3.8/site-packages/airflow/example_dags/example_complex.py for tasks to queue
[2026-04-16T05:54:07.738+0000] {logging_mixin.py:188} INFO - [2026-04-16T05:54:07.737+0000] {dagbag.py:538} INFO - Filling up the DagBag from /home/airflow/.local/lib/python3.8/site-packages/airflow/example_dags/example_complex.py
[2026-04-16T05:54:07.745+0000] {processor.py:840} INFO - DAG(s) 'example_complex' retrieved from /home/airflow/.local/lib/python3.8/site-packages/airflow/example_dags/example_complex.py
[2026-04-16T05:54:07.765+0000] {logging_mixin.py:188} INFO - [2026-04-16T05:54:07.764+0000] {dag.py:3036} INFO - Sync 1 DAGs
[2026-04-16T05:54:07.772+0000] {logging_mixin.py:188} INFO - [2026-04-16T05:54:07.772+0000] {dag.py:3823} INFO - Setting next_dagrun for example_complex to None, run_after=None
[2026-04-16T05:54:07.783+0000] {processor.py:183} INFO - Processing /home/airflow/.local/lib/python3.8/site-packages/airflow/example_dags/example_complex.py took 0.050 seconds
[2026-04-16T05:54:38.474+0000] {processor.py:161} INFO - Started process (PID=9017) to work on /home/airflow/.local/lib/python3.8/site-packages/airflow/example_dags/example_complex.py
[2026-04-16T05:54:38.474+0000] {processor.py:830} INFO - Processing file /home/airflow/.local/lib/python3.8/site-packages/airflow/example_dags/example_complex.py for tasks to queue
[2026-04-16T05:54:38.476+0000] {logging_mixin.py:188} INFO - [2026-04-16T05:54:38.475+0000] {dagbag.py:538} INFO - Filling up the DagBag from /home/airflow/.local/lib/python3.8/site-packages/airflow/example_dags/example_complex.py
[2026-04-16T05:54:38.483+0000] {processor.py:840} INFO - DAG(s) 'example_complex' retrieved from /home/airflow/.local/lib/python3.8/site-packages/airflow/example_dags/example_complex.py
[2026-04-16T05:54:38.504+0000] {logging_mixin.py:188} INFO - [2026-04-16T05:54:38.504+0000] {dag.py:3036} INFO - Sync 1 DAGs
[2026-04-16T05:54:38.512+0000] {logging_mixin.py:188} INFO - [2026-04-16T05:54:38.512+0000] {dag.py:3823} INFO - Setting next_dagrun for example_complex to None, run_after=None
[2026-04-16T05:54:38.522+0000] {processor.py:183} INFO - Processing /home/airflow/.local/lib/python3.8/site-packages/airflow/example_dags/example_complex.py took 0.051 seconds
[2026-04-16T05:55:09.201+0000] {processor.py:161} INFO - Started process (PID=9072) to work on /home/airflow/.local/lib/python3.8/site-packages/airflow/example_dags/example_complex.py
[2026-04-16T05:55:09.204+0000] {processor.py:830} INFO - Processing file /home/airflow/.local/lib/python3.8/site-packages/airflow/example_dags/example_complex.py for tasks to queue
[2026-04-16T05:55:09.205+0000] {logging_mixin.py:188} INFO - [2026-04-16T05:55:09.205+0000] {dagbag.py:538} INFO - Filling up the DagBag from /home/airflow/.local/lib/python3.8/site-packages/airflow/example_dags/example_complex.py
[2026-04-16T05:55:09.212+0000] {processor.py:840} INFO - DAG(s) 'example_complex' retrieved from /home/airflow/.local/lib/python3.8/site-packages/airflow/example_dags/example_complex.py
[2026-04-16T05:55:09.232+0000] {logging_mixin.py:188} INFO - [2026-04-16T05:55:09.232+0000] {dag.py:3036} INFO - Sync 1 DAGs
[2026-04-16T05:55:09.239+0000] {logging_mixin.py:188} INFO - [2026-04-16T05:55:09.239+0000] {dag.py:3823} INFO - Setting next_dagrun for example_complex to None, run_after=None
[2026-04-16T05:55:09.250+0000] {processor.py:183} INFO - Processing /home/airflow/.local/lib/python3.8/site-packages/airflow/example_dags/example_complex.py took 0.051 seconds
[2026-04-16T05:55:39.877+0000] {processor.py:161} INFO - Started process (PID=9127) to work on /home/airflow/.local/lib/python3.8/site-packages/airflow/example_dags/example_complex.py
[2026-04-16T05:55:39.878+0000] {processor.py:830} INFO - Processing file /home/airflow/.local/lib/python3.8/site-packages/airflow/example_dags/example_complex.py for tasks to queue
[2026-04-16T05:55:39.879+0000] {logging_mixin.py:188} INFO - [2026-04-16T05:55:39.879+0000] {dagbag.py:538} INFO - Filling up the DagBag from /home/airflow/.local/lib/python3.8/site-packages/airflow/example_dags/example_complex.py
[2026-04-16T05:55:39.887+0000] {processor.py:840} INFO - DAG(s) 'example_complex' retrieved from /home/airflow/.local/lib/python3.8/site-packages/airflow/example_dags/example_complex.py
[2026-04-16T05:55:39.908+0000] {logging_mixin.py:188} INFO - [2026-04-16T05:55:39.908+0000] {dag.py:3036} INFO - Sync 1 DAGs
[2026-04-16T05:55:39.916+0000] {logging_mixin.py:188} INFO - [2026-04-16T05:55:39.915+0000] {dag.py:3823} INFO - Setting next_dagrun for example_complex to None, run_after=None
[2026-04-16T05:55:39.926+0000] {processor.py:183} INFO - Processing /home/airflow/.local/lib/python3.8/site-packages/airflow/example_dags/example_complex.py took 0.052 seconds
[2026-04-16T05:56:10.686+0000] {processor.py:161} INFO - Started process (PID=9182) to work on /home/airflow/.local/lib/python3.8/site-packages/airflow/example_dags/example_complex.py
[2026-04-16T05:56:10.687+0000] {processor.py:830} INFO - Processing file /home/airflow/.local/lib/python3.8/site-packages/airflow/example_dags/example_complex.py for tasks to queue
[2026-04-16T05:56:10.688+0000] {logging_mixin.py:188} INFO - [2026-04-16T05:56:10.688+0000] {dagbag.py:538} INFO - Filling up the DagBag from /home/airflow/.local/lib/python3.8/site-packages/airflow/example_dags/example_complex.py
[2026-04-16T05:56:10.696+0000] {processor.py:840} INFO - DAG(s) 'example_complex' retrieved from /home/airflow/.local/lib/python3.8/site-packages/airflow/example_dags/example_complex.py
[2026-04-16T05:56:10.718+0000] {logging_mixin.py:188} INFO - [2026-04-16T05:56:10.718+0000] {dag.py:3036} INFO - Sync 1 DAGs
[2026-04-16T05:56:10.727+0000] {logging_mixin.py:188} INFO - [2026-04-16T05:56:10.727+0000] {dag.py:3823} INFO - Setting next_dagrun for example_complex to None, run_after=None
[2026-04-16T05:56:10.739+0000] {processor.py:183} INFO - Processing /home/airflow/.local/lib/python3.8/site-packages/airflow/example_dags/example_complex.py took 0.057 seconds
[2026-04-16T05:56:40.829+0000] {processor.py:161} INFO - Started process (PID=9237) to work on /home/airflow/.local/lib/python3.8/site-packages/airflow/example_dags/example_complex.py
[2026-04-16T05:56:40.830+0000] {processor.py:830} INFO - Processing file /home/airflow/.local/lib/python3.8/site-packages/airflow/example_dags/example_complex.py for tasks to queue
[2026-04-16T05:56:40.831+0000] {logging_mixin.py:188} INFO - [2026-04-16T05:56:40.831+0000] {dagbag.py:538} INFO - Filling up the DagBag from /home/airflow/.local/lib/python3.8/site-packages/airflow/example_dags/example_complex.py
[2026-04-16T05:56:40.838+0000] {processor.py:840} INFO - DAG(s) 'example_complex' retrieved from /home/airflow/.local/lib/python3.8/site-packages/airflow/example_dags/example_complex.py
[2026-04-16T05:56:40.859+0000] {logging_mixin.py:188} INFO - [2026-04-16T05:56:40.859+0000] {dag.py:3036} INFO - Sync 1 DAGs
[2026-04-16T05:56:40.867+0000] {logging_mixin.py:188} INFO - [2026-04-16T05:56:40.867+0000] {dag.py:3823} INFO - Setting next_dagrun for example_complex to None, run_after=None
[2026-04-16T05:56:40.878+0000] {processor.py:183} INFO - Processing /home/airflow/.local/lib/python3.8/site-packages/airflow/example_dags/example_complex.py took 0.051 seconds
[2026-04-16T05:57:10.911+0000] {processor.py:161} INFO - Started process (PID=9292) to work on /home/airflow/.local/lib/python3.8/site-packages/airflow/example_dags/example_complex.py
[2026-04-16T05:57:10.912+0000] {processor.py:830} INFO - Processing file /home/airflow/.local/lib/python3.8/site-packages/airflow/example_dags/example_complex.py for tasks to queue
[2026-04-16T05:57:10.913+0000] {logging_mixin.py:188} INFO - [2026-04-16T05:57:10.913+0000] {dagbag.py:538} INFO - Filling up the DagBag from /home/airflow/.local/lib/python3.8/site-packages/airflow/example_dags/example_complex.py
[2026-04-16T05:57:10.921+0000] {processor.py:840} INFO - DAG(s) 'example_complex' retrieved from /home/airflow/.local/lib/python3.8/site-packages/airflow/example_dags/example_complex.py
[2026-04-16T05:57:10.942+0000] {logging_mixin.py:188} INFO - [2026-04-16T05:57:10.942+0000] {dag.py:3036} INFO - Sync 1 DAGs
[2026-04-16T05:57:10.950+0000] {logging_mixin.py:188} INFO - [2026-04-16T05:57:10.949+0000] {dag.py:3823} INFO - Setting next_dagrun for example_complex to None, run_after=None
[2026-04-16T05:57:10.960+0000] {processor.py:183} INFO - Processing /home/airflow/.local/lib/python3.8/site-packages/airflow/example_dags/example_complex.py took 0.053 seconds
[2026-04-16T05:57:41.040+0000] {processor.py:161} INFO - Started process (PID=9347) to work on /home/airflow/.local/lib/python3.8/site-packages/airflow/example_dags/example_complex.py
[2026-04-16T05:57:41.042+0000] {processor.py:830} INFO - Processing file /home/airflow/.local/lib/python3.8/site-packages/airflow/example_dags/example_complex.py for tasks to queue
[2026-04-16T05:57:41.043+0000] {logging_mixin.py:188} INFO - [2026-04-16T05:57:41.043+0000] {dagbag.py:538} INFO - Filling up the DagBag from /home/airflow/.local/lib/python3.8/site-packages/airflow/example_dags/example_complex.py
[2026-04-16T05:57:41.050+0000] {processor.py:840} INFO - DAG(s) 'example_complex' retrieved from /home/airflow/.local/lib/python3.8/site-packages/airflow/example_dags/example_complex.py
[2026-04-16T05:57:41.070+0000] {logging_mixin.py:188} INFO - [2026-04-16T05:57:41.070+0000] {dag.py:3036} INFO - Sync 1 DAGs
[2026-04-16T05:57:41.078+0000] {logging_mixin.py:188} INFO - [2026-04-16T05:57:41.078+0000] {dag.py:3823} INFO - Setting next_dagrun for example_complex to None, run_after=None
[2026-04-16T05:57:41.088+0000] {processor.py:183} INFO - Processing /home/airflow/.local/lib/python3.8/site-packages/airflow/example_dags/example_complex.py took 0.051 seconds
[2026-04-16T05:58:11.720+0000] {processor.py:161} INFO - Started process (PID=9402) to work on /home/airflow/.local/lib/python3.8/site-packages/airflow/example_dags/example_complex.py
[2026-04-16T05:58:11.721+0000] {processor.py:830} INFO - Processing file /home/airflow/.local/lib/python3.8/site-packages/airflow/example_dags/example_complex.py for tasks to queue
[2026-04-16T05:58:11.722+0000] {logging_mixin.py:188} INFO - [2026-04-16T05:58:11.722+0000] {dagbag.py:538} INFO - Filling up the DagBag from /home/airflow/.local/lib/python3.8/site-packages/airflow/example_dags/example_complex.py
[2026-04-16T05:58:11.730+0000] {processor.py:840} INFO - DAG(s) 'example_complex' retrieved from /home/airflow/.local/lib/python3.8/site-packages/airflow/example_dags/example_complex.py
[2026-04-16T05:58:11.750+0000] {logging_mixin.py:188} INFO - [2026-04-16T05:58:11.750+0000] {dag.py:3036} INFO - Sync 1 DAGs
[2026-04-16T05:58:11.759+0000] {logging_mixin.py:188} INFO - [2026-04-16T05:58:11.759+0000] {dag.py:3823} INFO - Setting next_dagrun for example_complex to None, run_after=None
[2026-04-16T05:58:11.770+0000] {processor.py:183} INFO - Processing /home/airflow/.local/lib/python3.8/site-packages/airflow/example_dags/example_complex.py took 0.052 seconds
[2026-04-16T05:58:42.458+0000] {processor.py:161} INFO - Started process (PID=9457) to work on /home/airflow/.local/lib/python3.8/site-packages/airflow/example_dags/example_complex.py
[2026-04-16T05:58:42.458+0000] {processor.py:830} INFO - Processing file /home/airflow/.local/lib/python3.8/site-packages/airflow/example_dags/example_complex.py for tasks to queue
[2026-04-16T05:58:42.459+0000] {logging_mixin.py:188} INFO - [2026-04-16T05:58:42.459+0000] {dagbag.py:538} INFO - Filling up the DagBag from /home/airflow/.local/lib/python3.8/site-packages/airflow/example_dags/example_complex.py
[2026-04-16T05:58:42.467+0000] {processor.py:840} INFO - DAG(s) 'example_complex' retrieved from /home/airflow/.local/lib/python3.8/site-packages/airflow/example_dags/example_complex.py
[2026-04-16T05:58:42.487+0000] {logging_mixin.py:188} INFO - [2026-04-16T05:58:42.487+0000] {dag.py:3036} INFO - Sync 1 DAGs
[2026-04-16T05:58:42.495+0000] {logging_mixin.py:188} INFO - [2026-04-16T05:58:42.495+0000] {dag.py:3823} INFO - Setting next_dagrun for example_complex to None, run_after=None
[2026-04-16T05:58:42.506+0000] {processor.py:183} INFO - Processing /home/airflow/.local/lib/python3.8/site-packages/airflow/example_dags/example_complex.py took 0.050 seconds
[2026-04-16T05:59:13.239+0000] {processor.py:161} INFO - Started process (PID=9512) to work on /home/airflow/.local/lib/python3.8/site-packages/airflow/example_dags/example_complex.py
[2026-04-16T05:59:13.239+0000] {processor.py:830} INFO - Processing file /home/airflow/.local/lib/python3.8/site-packages/airflow/example_dags/example_complex.py for tasks to queue
[2026-04-16T05:59:13.241+0000] {logging_mixin.py:188} INFO - [2026-04-16T05:59:13.240+0000] {dagbag.py:538} INFO - Filling up the DagBag from /home/airflow/.local/lib/python3.8/site-packages/airflow/example_dags/example_complex.py
[2026-04-16T05:59:13.248+0000] {processor.py:840} INFO - DAG(s) 'example_complex' retrieved from /home/airflow/.local/lib/python3.8/site-packages/airflow/example_dags/example_complex.py
[2026-04-16T05:59:13.268+0000] {logging_mixin.py:188} INFO - [2026-04-16T05:59:13.268+0000] {dag.py:3036} INFO - Sync 1 DAGs
[2026-04-16T05:59:13.276+0000] {logging_mixin.py:188} INFO - [2026-04-16T05:59:13.276+0000] {dag.py:3823} INFO - Setting next_dagrun for example_complex to None, run_after=None
[2026-04-16T05:59:13.288+0000] {processor.py:183} INFO - Processing /home/airflow/.local/lib/python3.8/site-packages/airflow/example_dags/example_complex.py took 0.051 seconds
[2026-04-16T05:59:43.982+0000] {processor.py:161} INFO - Started process (PID=9567) to work on /home/airflow/.local/lib/python3.8/site-packages/airflow/example_dags/example_complex.py
[2026-04-16T05:59:43.984+0000] {processor.py:830} INFO - Processing file /home/airflow/.local/lib/python3.8/site-packages/airflow/example_dags/example_complex.py for tasks to queue
[2026-04-16T05:59:43.986+0000] {logging_mixin.py:188} INFO - [2026-04-16T05:59:43.986+0000] {dagbag.py:538} INFO - Filling up the DagBag from /home/airflow/.local/lib/python3.8/site-packages/airflow/example_dags/example_complex.py
[2026-04-16T05:59:43.993+0000] {processor.py:840} INFO - DAG(s) 'example_complex' retrieved from /home/airflow/.local/lib/python3.8/site-packages/airflow/example_dags/example_complex.py
[2026-04-16T05:59:44.012+0000] {logging_mixin.py:188} INFO - [2026-04-16T05:59:44.012+0000] {dag.py:3036} INFO - Sync 1 DAGs
[2026-04-16T05:59:44.020+0000] {logging_mixin.py:188} INFO - [2026-04-16T05:59:44.020+0000] {dag.py:3823} INFO - Setting next_dagrun for example_complex to None, run_after=None
[2026-04-16T05:59:44.031+0000] {processor.py:183} INFO - Processing /home/airflow/.local/lib/python3.8/site-packages/airflow/example_dags/example_complex.py took 0.051 seconds
[2026-04-16T06:00:14.649+0000] {processor.py:161} INFO - Started process (PID=9622) to work on /home/airflow/.local/lib/python3.8/site-packages/airflow/example_dags/example_complex.py
[2026-04-16T06:00:14.649+0000] {processor.py:830} INFO - Processing file /home/airflow/.local/lib/python3.8/site-packages/airflow/example_dags/example_complex.py for tasks to queue
[2026-04-16T06:00:14.650+0000] {logging_mixin.py:188} INFO - [2026-04-16T06:00:14.650+0000] {dagbag.py:538} INFO - Filling up the DagBag from /home/airflow/.local/lib/python3.8/site-packages/airflow/example_dags/example_complex.py
[2026-04-16T06:00:14.658+0000] {processor.py:840} INFO - DAG(s) 'example_complex' retrieved from /home/airflow/.local/lib/python3.8/site-packages/airflow/example_dags/example_complex.py
[2026-04-16T06:00:14.678+0000] {logging_mixin.py:188} INFO - [2026-04-16T06:00:14.678+0000] {dag.py:3036} INFO - Sync 1 DAGs
[2026-04-16T06:00:14.686+0000] {logging_mixin.py:188} INFO - [2026-04-16T06:00:14.686+0000] {dag.py:3823} INFO - Setting next_dagrun for example_complex to None, run_after=None
[2026-04-16T06:00:14.697+0000] {processor.py:183} INFO - Processing /home/airflow/.local/lib/python3.8/site-packages/airflow/example_dags/example_complex.py took 0.050 seconds
[2026-04-16T06:00:45.367+0000] {processor.py:161} INFO - Started process (PID=9677) to work on /home/airflow/.local/lib/python3.8/site-packages/airflow/example_dags/example_complex.py
[2026-04-16T06:00:45.368+0000] {processor.py:830} INFO - Processing file /home/airflow/.local/lib/python3.8/site-packages/airflow/example_dags/example_complex.py for tasks to queue
[2026-04-16T06:00:45.370+0000] {logging_mixin.py:188} INFO - [2026-04-16T06:00:45.369+0000] {dagbag.py:538} INFO - Filling up the DagBag from /home/airflow/.local/lib/python3.8/site-packages/airflow/example_dags/example_complex.py
[2026-04-16T06:00:45.377+0000] {processor.py:840} INFO - DAG(s) 'example_complex' retrieved from /home/airflow/.local/lib/python3.8/site-packages/airflow/example_dags/example_complex.py
[2026-04-16T06:00:45.397+0000] {logging_mixin.py:188} INFO - [2026-04-16T06:00:45.396+0000] {dag.py:3036} INFO - Sync 1 DAGs
[2026-04-16T06:00:45.404+0000] {logging_mixin.py:188} INFO - [2026-04-16T06:00:45.404+0000] {dag.py:3823} INFO - Setting next_dagrun for example_complex to None, run_after=None
[2026-04-16T06:00:45.415+0000] {processor.py:183} INFO - Processing /home/airflow/.local/lib/python3.8/site-packages/airflow/example_dags/example_complex.py took 0.051 seconds
[2026-04-16T06:01:16.047+0000] {processor.py:161} INFO - Started process (PID=9732) to work on /home/airflow/.local/lib/python3.8/site-packages/airflow/example_dags/example_complex.py
[2026-04-16T06:01:16.048+0000] {processor.py:830} INFO - Processing file /home/airflow/.local/lib/python3.8/site-packages/airflow/example_dags/example_complex.py for tasks to queue
[2026-04-16T06:01:16.049+0000] {logging_mixin.py:188} INFO - [2026-04-16T06:01:16.049+0000] {dagbag.py:538} INFO - Filling up the DagBag from /home/airflow/.local/lib/python3.8/site-packages/airflow/example_dags/example_complex.py
[2026-04-16T06:01:16.057+0000] {processor.py:840} INFO - DAG(s) 'example_complex' retrieved from /home/airflow/.local/lib/python3.8/site-packages/airflow/example_dags/example_complex.py
[2026-04-16T06:01:16.077+0000] {logging_mixin.py:188} INFO - [2026-04-16T06:01:16.077+0000] {dag.py:3036} INFO - Sync 1 DAGs
[2026-04-16T06:01:16.085+0000] {logging_mixin.py:188} INFO - [2026-04-16T06:01:16.085+0000] {dag.py:3823} INFO - Setting next_dagrun for example_complex to None, run_after=None
[2026-04-16T06:01:16.096+0000] {processor.py:183} INFO - Processing /home/airflow/.local/lib/python3.8/site-packages/airflow/example_dags/example_complex.py took 0.052 seconds
[2026-04-16T06:01:46.750+0000] {processor.py:161} INFO - Started process (PID=9793) to work on /home/airflow/.local/lib/python3.8/site-packages/airflow/example_dags/example_complex.py
[2026-04-16T06:01:46.750+0000] {processor.py:830} INFO - Processing file /home/airflow/.local/lib/python3.8/site-packages/airflow/example_dags/example_complex.py for tasks to queue
[2026-04-16T06:01:46.751+0000] {logging_mixin.py:188} INFO - [2026-04-16T06:01:46.751+0000] {dagbag.py:538} INFO - Filling up the DagBag from /home/airflow/.local/lib/python3.8/site-packages/airflow/example_dags/example_complex.py
[2026-04-16T06:01:46.759+0000] {processor.py:840} INFO - DAG(s) 'example_complex' retrieved from /home/airflow/.local/lib/python3.8/site-packages/airflow/example_dags/example_complex.py
[2026-04-16T06:01:46.779+0000] {logging_mixin.py:188} INFO - [2026-04-16T06:01:46.778+0000] {dag.py:3036} INFO - Sync 1 DAGs
[2026-04-16T06:01:46.786+0000] {logging_mixin.py:188} INFO - [2026-04-16T06:01:46.786+0000] {dag.py:3823} INFO - Setting next_dagrun for example_complex to None, run_after=None
[2026-04-16T06:01:46.797+0000] {processor.py:183} INFO - Processing /home/airflow/.local/lib/python3.8/site-packages/airflow/example_dags/example_complex.py took 0.050 seconds
[2026-04-16T06:02:17.529+0000] {processor.py:161} INFO - Started process (PID=9848) to work on /home/airflow/.local/lib/python3.8/site-packages/airflow/example_dags/example_complex.py
[2026-04-16T06:02:17.530+0000] {processor.py:830} INFO - Processing file /home/airflow/.local/lib/python3.8/site-packages/airflow/example_dags/example_complex.py for tasks to queue
[2026-04-16T06:02:17.531+0000] {logging_mixin.py:188} INFO - [2026-04-16T06:02:17.531+0000] {dagbag.py:538} INFO - Filling up the DagBag from /home/airflow/.local/lib/python3.8/site-packages/airflow/example_dags/example_complex.py
[2026-04-16T06:02:17.539+0000] {processor.py:840} INFO - DAG(s) 'example_complex' retrieved from /home/airflow/.local/lib/python3.8/site-packages/airflow/example_dags/example_complex.py
[2026-04-16T06:02:17.560+0000] {logging_mixin.py:188} INFO - [2026-04-16T06:02:17.559+0000] {dag.py:3036} INFO - Sync 1 DAGs
[2026-04-16T06:02:17.568+0000] {logging_mixin.py:188} INFO - [2026-04-16T06:02:17.568+0000] {dag.py:3823} INFO - Setting next_dagrun for example_complex to None, run_after=None
[2026-04-16T06:02:17.578+0000] {processor.py:183} INFO - Processing /home/airflow/.local/lib/python3.8/site-packages/airflow/example_dags/example_complex.py took 0.051 seconds
[2026-04-16T06:02:48.279+0000] {processor.py:161} INFO - Started process (PID=9903) to work on /home/airflow/.local/lib/python3.8/site-packages/airflow/example_dags/example_complex.py
[2026-04-16T06:02:48.281+0000] {processor.py:830} INFO - Processing file /home/airflow/.local/lib/python3.8/site-packages/airflow/example_dags/example_complex.py for tasks to queue
[2026-04-16T06:02:48.283+0000] {logging_mixin.py:188} INFO - [2026-04-16T06:02:48.283+0000] {dagbag.py:538} INFO - Filling up the DagBag from /home/airflow/.local/lib/python3.8/site-packages/airflow/example_dags/example_complex.py
[2026-04-16T06:02:48.290+0000] {processor.py:840} INFO - DAG(s) 'example_complex' retrieved from /home/airflow/.local/lib/python3.8/site-packages/airflow/example_dags/example_complex.py
[2026-04-16T06:02:48.311+0000] {logging_mixin.py:188} INFO - [2026-04-16T06:02:48.310+0000] {dag.py:3036} INFO - Sync 1 DAGs
[2026-04-16T06:02:48.319+0000] {logging_mixin.py:188} INFO - [2026-04-16T06:02:48.319+0000] {dag.py:3823} INFO - Setting next_dagrun for example_complex to None, run_after=None
[2026-04-16T06:02:48.330+0000] {processor.py:183} INFO - Processing /home/airflow/.local/lib/python3.8/site-packages/airflow/example_dags/example_complex.py took 0.053 seconds
[2026-04-16T06:03:18.895+0000] {processor.py:161} INFO - Started process (PID=9958) to work on /home/airflow/.local/lib/python3.8/site-packages/airflow/example_dags/example_complex.py
[2026-04-16T06:03:18.897+0000] {processor.py:830} INFO - Processing file /home/airflow/.local/lib/python3.8/site-packages/airflow/example_dags/example_complex.py for tasks to queue
[2026-04-16T06:03:18.899+0000] {logging_mixin.py:188} INFO - [2026-04-16T06:03:18.899+0000] {dagbag.py:538} INFO - Filling up the DagBag from /home/airflow/.local/lib/python3.8/site-packages/airflow/example_dags/example_complex.py
[2026-04-16T06:03:18.906+0000] {processor.py:840} INFO - DAG(s) 'example_complex' retrieved from /home/airflow/.local/lib/python3.8/site-packages/airflow/example_dags/example_complex.py
[2026-04-16T06:03:18.926+0000] {logging_mixin.py:188} INFO - [2026-04-16T06:03:18.926+0000] {dag.py:3036} INFO - Sync 1 DAGs
[2026-04-16T06:03:18.934+0000] {logging_mixin.py:188} INFO - [2026-04-16T06:03:18.934+0000] {dag.py:3823} INFO - Setting next_dagrun for example_complex to None, run_after=None
[2026-04-16T06:03:18.946+0000] {processor.py:183} INFO - Processing /home/airflow/.local/lib/python3.8/site-packages/airflow/example_dags/example_complex.py took 0.053 seconds
[2026-04-16T06:03:49.666+0000] {processor.py:161} INFO - Started process (PID=10013) to work on /home/airflow/.local/lib/python3.8/site-packages/airflow/example_dags/example_complex.py
[2026-04-16T06:03:49.667+0000] {processor.py:830} INFO - Processing file /home/airflow/.local/lib/python3.8/site-packages/airflow/example_dags/example_complex.py for tasks to queue
[2026-04-16T06:03:49.668+0000] {logging_mixin.py:188} INFO - [2026-04-16T06:03:49.668+0000] {dagbag.py:538} INFO - Filling up the DagBag from /home/airflow/.local/lib/python3.8/site-packages/airflow/example_dags/example_complex.py
[2026-04-16T06:03:49.676+0000] {processor.py:840} INFO - DAG(s) 'example_complex' retrieved from /home/airflow/.local/lib/python3.8/site-packages/airflow/example_dags/example_complex.py
[2026-04-16T06:03:49.696+0000] {logging_mixin.py:188} INFO - [2026-04-16T06:03:49.696+0000] {dag.py:3036} INFO - Sync 1 DAGs
[2026-04-16T06:03:49.704+0000] {logging_mixin.py:188} INFO - [2026-04-16T06:03:49.704+0000] {dag.py:3823} INFO - Setting next_dagrun for example_complex to None, run_after=None
[2026-04-16T06:03:49.715+0000] {processor.py:183} INFO - Processing /home/airflow/.local/lib/python3.8/site-packages/airflow/example_dags/example_complex.py took 0.050 seconds
[2026-04-16T06:04:20.396+0000] {processor.py:161} INFO - Started process (PID=10068) to work on /home/airflow/.local/lib/python3.8/site-packages/airflow/example_dags/example_complex.py
[2026-04-16T06:04:20.397+0000] {processor.py:830} INFO - Processing file /home/airflow/.local/lib/python3.8/site-packages/airflow/example_dags/example_complex.py for tasks to queue
[2026-04-16T06:04:20.399+0000] {logging_mixin.py:188} INFO - [2026-04-16T06:04:20.399+0000] {dagbag.py:538} INFO - Filling up the DagBag from /home/airflow/.local/lib/python3.8/site-packages/airflow/example_dags/example_complex.py
[2026-04-16T06:04:20.406+0000] {processor.py:840} INFO - DAG(s) 'example_complex' retrieved from /home/airflow/.local/lib/python3.8/site-packages/airflow/example_dags/example_complex.py
[2026-04-16T06:04:20.426+0000] {logging_mixin.py:188} INFO - [2026-04-16T06:04:20.426+0000] {dag.py:3036} INFO - Sync 1 DAGs
[2026-04-16T06:04:20.434+0000] {logging_mixin.py:188} INFO - [2026-04-16T06:04:20.434+0000] {dag.py:3823} INFO - Setting next_dagrun for example_complex to None, run_after=None
[2026-04-16T06:04:20.444+0000] {processor.py:183} INFO - Processing /home/airflow/.local/lib/python3.8/site-packages/airflow/example_dags/example_complex.py took 0.051 seconds
[2026-04-16T06:04:51.151+0000] {processor.py:161} INFO - Started process (PID=10123) to work on /home/airflow/.local/lib/python3.8/site-packages/airflow/example_dags/example_complex.py
[2026-04-16T06:04:51.154+0000] {processor.py:830} INFO - Processing file /home/airflow/.local/lib/python3.8/site-packages/airflow/example_dags/example_complex.py for tasks to queue
[2026-04-16T06:04:51.155+0000] {logging_mixin.py:188} INFO - [2026-04-16T06:04:51.155+0000] {dagbag.py:538} INFO - Filling up the DagBag from /home/airflow/.local/lib/python3.8/site-packages/airflow/example_dags/example_complex.py
[2026-04-16T06:04:51.163+0000] {processor.py:840} INFO - DAG(s) 'example_complex' retrieved from /home/airflow/.local/lib/python3.8/site-packages/airflow/example_dags/example_complex.py
[2026-04-16T06:04:51.182+0000] {logging_mixin.py:188} INFO - [2026-04-16T06:04:51.182+0000] {dag.py:3036} INFO - Sync 1 DAGs
[2026-04-16T06:04:51.189+0000] {logging_mixin.py:188} INFO - [2026-04-16T06:04:51.189+0000] {dag.py:3823} INFO - Setting next_dagrun for example_complex to None, run_after=None
[2026-04-16T06:04:51.200+0000] {processor.py:183} INFO - Processing /home/airflow/.local/lib/python3.8/site-packages/airflow/example_dags/example_complex.py took 0.051 seconds
[2026-04-16T06:05:21.798+0000] {processor.py:161} INFO - Started process (PID=10178) to work on /home/airflow/.local/lib/python3.8/site-packages/airflow/example_dags/example_complex.py
[2026-04-16T06:05:21.799+0000] {processor.py:830} INFO - Processing file /home/airflow/.local/lib/python3.8/site-packages/airflow/example_dags/example_complex.py for tasks to queue
[2026-04-16T06:05:21.800+0000] {logging_mixin.py:188} INFO - [2026-04-16T06:05:21.799+0000] {dagbag.py:538} INFO - Filling up the DagBag from /home/airflow/.local/lib/python3.8/site-packages/airflow/example_dags/example_complex.py
[2026-04-16T06:05:21.807+0000] {processor.py:840} INFO - DAG(s) 'example_complex' retrieved from /home/airflow/.local/lib/python3.8/site-packages/airflow/example_dags/example_complex.py
[2026-04-16T06:05:21.827+0000] {logging_mixin.py:188} INFO - [2026-04-16T06:05:21.827+0000] {dag.py:3036} INFO - Sync 1 DAGs
[2026-04-16T06:05:21.835+0000] {logging_mixin.py:188} INFO - [2026-04-16T06:05:21.835+0000] {dag.py:3823} INFO - Setting next_dagrun for example_complex to None, run_after=None
[2026-04-16T06:05:21.846+0000] {processor.py:183} INFO - Processing /home/airflow/.local/lib/python3.8/site-packages/airflow/example_dags/example_complex.py took 0.051 seconds
[2026-04-16T06:05:52.479+0000] {processor.py:161} INFO - Started process (PID=10233) to work on /home/airflow/.local/lib/python3.8/site-packages/airflow/example_dags/example_complex.py
[2026-04-16T06:05:52.481+0000] {processor.py:830} INFO - Processing file /home/airflow/.local/lib/python3.8/site-packages/airflow/example_dags/example_complex.py for tasks to queue
[2026-04-16T06:05:52.482+0000] {logging_mixin.py:188} INFO - [2026-04-16T06:05:52.482+0000] {dagbag.py:538} INFO - Filling up the DagBag from /home/airflow/.local/lib/python3.8/site-packages/airflow/example_dags/example_complex.py
[2026-04-16T06:05:52.489+0000] {processor.py:840} INFO - DAG(s) 'example_complex' retrieved from /home/airflow/.local/lib/python3.8/site-packages/airflow/example_dags/example_complex.py
[2026-04-16T06:05:52.510+0000] {logging_mixin.py:188} INFO - [2026-04-16T06:05:52.509+0000] {dag.py:3036} INFO - Sync 1 DAGs
[2026-04-16T06:05:52.517+0000] {logging_mixin.py:188} INFO - [2026-04-16T06:05:52.517+0000] {dag.py:3823} INFO - Setting next_dagrun for example_complex to None, run_after=None
[2026-04-16T06:05:52.528+0000] {processor.py:183} INFO - Processing /home/airflow/.local/lib/python3.8/site-packages/airflow/example_dags/example_complex.py took 0.051 seconds
[2026-04-16T06:06:23.200+0000] {processor.py:161} INFO - Started process (PID=10288) to work on /home/airflow/.local/lib/python3.8/site-packages/airflow/example_dags/example_complex.py
[2026-04-16T06:06:23.202+0000] {processor.py:830} INFO - Processing file /home/airflow/.local/lib/python3.8/site-packages/airflow/example_dags/example_complex.py for tasks to queue
[2026-04-16T06:06:23.203+0000] {logging_mixin.py:188} INFO - [2026-04-16T06:06:23.202+0000] {dagbag.py:538} INFO - Filling up the DagBag from /home/airflow/.local/lib/python3.8/site-packages/airflow/example_dags/example_complex.py
[2026-04-16T06:06:23.210+0000] {processor.py:840} INFO - DAG(s) 'example_complex' retrieved from /home/airflow/.local/lib/python3.8/site-packages/airflow/example_dags/example_complex.py
[2026-04-16T06:06:23.231+0000] {logging_mixin.py:188} INFO - [2026-04-16T06:06:23.231+0000] {dag.py:3036} INFO - Sync 1 DAGs
[2026-04-16T06:06:23.239+0000] {logging_mixin.py:188} INFO - [2026-04-16T06:06:23.239+0000] {dag.py:3823} INFO - Setting next_dagrun for example_complex to None, run_after=None
[2026-04-16T06:06:23.250+0000] {processor.py:183} INFO - Processing /home/airflow/.local/lib/python3.8/site-packages/airflow/example_dags/example_complex.py took 0.053 seconds
[2026-04-16T06:06:53.827+0000] {processor.py:161} INFO - Started process (PID=10343) to work on /home/airflow/.local/lib/python3.8/site-packages/airflow/example_dags/example_complex.py
[2026-04-16T06:06:53.829+0000] {processor.py:830} INFO - Processing file /home/airflow/.local/lib/python3.8/site-packages/airflow/example_dags/example_complex.py for tasks to queue
[2026-04-16T06:06:53.830+0000] {logging_mixin.py:188} INFO - [2026-04-16T06:06:53.830+0000] {dagbag.py:538} INFO - Filling up the DagBag from /home/airflow/.local/lib/python3.8/site-packages/airflow/example_dags/example_complex.py
[2026-04-16T06:06:53.838+0000] {processor.py:840} INFO - DAG(s) 'example_complex' retrieved from /home/airflow/.local/lib/python3.8/site-packages/airflow/example_dags/example_complex.py
[2026-04-16T06:06:53.858+0000] {logging_mixin.py:188} INFO - [2026-04-16T06:06:53.858+0000] {dag.py:3036} INFO - Sync 1 DAGs
[2026-04-16T06:06:53.867+0000] {logging_mixin.py:188} INFO - [2026-04-16T06:06:53.867+0000] {dag.py:3823} INFO - Setting next_dagrun for example_complex to None, run_after=None
[2026-04-16T06:06:53.878+0000] {processor.py:183} INFO - Processing /home/airflow/.local/lib/python3.8/site-packages/airflow/example_dags/example_complex.py took 0.053 seconds
[2026-04-16T06:07:24.517+0000] {processor.py:161} INFO - Started process (PID=10398) to work on /home/airflow/.local/lib/python3.8/site-packages/airflow/example_dags/example_complex.py
[2026-04-16T06:07:24.519+0000] {processor.py:830} INFO - Processing file /home/airflow/.local/lib/python3.8/site-packages/airflow/example_dags/example_complex.py for tasks to queue
[2026-04-16T06:07:24.521+0000] {logging_mixin.py:188} INFO - [2026-04-16T06:07:24.521+0000] {dagbag.py:538} INFO - Filling up the DagBag from /home/airflow/.local/lib/python3.8/site-packages/airflow/example_dags/example_complex.py
[2026-04-16T06:07:24.528+0000] {processor.py:840} INFO - DAG(s) 'example_complex' retrieved from /home/airflow/.local/lib/python3.8/site-packages/airflow/example_dags/example_complex.py
[2026-04-16T06:07:24.548+0000] {logging_mixin.py:188} INFO - [2026-04-16T06:07:24.548+0000] {dag.py:3036} INFO - Sync 1 DAGs
[2026-04-16T06:07:24.557+0000] {logging_mixin.py:188} INFO - [2026-04-16T06:07:24.556+0000] {dag.py:3823} INFO - Setting next_dagrun for example_complex to None, run_after=None
[2026-04-16T06:07:24.566+0000] {processor.py:183} INFO - Processing /home/airflow/.local/lib/python3.8/site-packages/airflow/example_dags/example_complex.py took 0.052 seconds
[2026-04-16T06:07:55.262+0000] {processor.py:161} INFO - Started process (PID=10453) to work on /home/airflow/.local/lib/python3.8/site-packages/airflow/example_dags/example_complex.py
[2026-04-16T06:07:55.262+0000] {processor.py:830} INFO - Processing file /home/airflow/.local/lib/python3.8/site-packages/airflow/example_dags/example_complex.py for tasks to queue
[2026-04-16T06:07:55.264+0000] {logging_mixin.py:188} INFO - [2026-04-16T06:07:55.264+0000] {dagbag.py:538} INFO - Filling up the DagBag from /home/airflow/.local/lib/python3.8/site-packages/airflow/example_dags/example_complex.py
[2026-04-16T06:07:55.271+0000] {processor.py:840} INFO - DAG(s) 'example_complex' retrieved from /home/airflow/.local/lib/python3.8/site-packages/airflow/example_dags/example_complex.py
[2026-04-16T06:07:55.295+0000] {logging_mixin.py:188} INFO - [2026-04-16T06:07:55.295+0000] {dag.py:3036} INFO - Sync 1 DAGs
[2026-04-16T06:07:55.305+0000] {logging_mixin.py:188} INFO - [2026-04-16T06:07:55.304+0000] {dag.py:3823} INFO - Setting next_dagrun for example_complex to None, run_after=None
[2026-04-16T06:07:55.318+0000] {processor.py:183} INFO - Processing /home/airflow/.local/lib/python3.8/site-packages/airflow/example_dags/example_complex.py took 0.059 seconds
[2026-04-16T06:08:26.072+0000] {processor.py:161} INFO - Started process (PID=10508) to work on /home/airflow/.local/lib/python3.8/site-packages/airflow/example_dags/example_complex.py
[2026-04-16T06:08:26.073+0000] {processor.py:830} INFO - Processing file /home/airflow/.local/lib/python3.8/site-packages/airflow/example_dags/example_complex.py for tasks to queue
[2026-04-16T06:08:26.074+0000] {logging_mixin.py:188} INFO - [2026-04-16T06:08:26.074+0000] {dagbag.py:538} INFO - Filling up the DagBag from /home/airflow/.local/lib/python3.8/site-packages/airflow/example_dags/example_complex.py
[2026-04-16T06:08:26.081+0000] {processor.py:840} INFO - DAG(s) 'example_complex' retrieved from /home/airflow/.local/lib/python3.8/site-packages/airflow/example_dags/example_complex.py
[2026-04-16T06:08:26.102+0000] {logging_mixin.py:188} INFO - [2026-04-16T06:08:26.102+0000] {dag.py:3036} INFO - Sync 1 DAGs
[2026-04-16T06:08:26.110+0000] {logging_mixin.py:188} INFO - [2026-04-16T06:08:26.110+0000] {dag.py:3823} INFO - Setting next_dagrun for example_complex to None, run_after=None
[2026-04-16T06:08:26.121+0000] {processor.py:183} INFO - Processing /home/airflow/.local/lib/python3.8/site-packages/airflow/example_dags/example_complex.py took 0.052 seconds
[2026-04-16T06:08:56.920+0000] {processor.py:161} INFO - Started process (PID=10563) to work on /home/airflow/.local/lib/python3.8/site-packages/airflow/example_dags/example_complex.py
[2026-04-16T06:08:56.922+0000] {processor.py:830} INFO - Processing file /home/airflow/.local/lib/python3.8/site-packages/airflow/example_dags/example_complex.py for tasks to queue
[2026-04-16T06:08:56.924+0000] {logging_mixin.py:188} INFO - [2026-04-16T06:08:56.923+0000] {dagbag.py:538} INFO - Filling up the DagBag from /home/airflow/.local/lib/python3.8/site-packages/airflow/example_dags/example_complex.py
[2026-04-16T06:08:56.931+0000] {processor.py:840} INFO - DAG(s) 'example_complex' retrieved from /home/airflow/.local/lib/python3.8/site-packages/airflow/example_dags/example_complex.py
[2026-04-16T06:08:56.951+0000] {logging_mixin.py:188} INFO - [2026-04-16T06:08:56.951+0000] {dag.py:3036} INFO - Sync 1 DAGs
[2026-04-16T06:08:56.959+0000] {logging_mixin.py:188} INFO - [2026-04-16T06:08:56.958+0000] {dag.py:3823} INFO - Setting next_dagrun for example_complex to None, run_after=None
[2026-04-16T06:08:56.969+0000] {processor.py:183} INFO - Processing /home/airflow/.local/lib/python3.8/site-packages/airflow/example_dags/example_complex.py took 0.052 seconds
[2026-04-16T06:09:27.709+0000] {processor.py:161} INFO - Started process (PID=10618) to work on /home/airflow/.local/lib/python3.8/site-packages/airflow/example_dags/example_complex.py
[2026-04-16T06:09:27.709+0000] {processor.py:830} INFO - Processing file /home/airflow/.local/lib/python3.8/site-packages/airflow/example_dags/example_complex.py for tasks to queue
[2026-04-16T06:09:27.710+0000] {logging_mixin.py:188} INFO - [2026-04-16T06:09:27.710+0000] {dagbag.py:538} INFO - Filling up the DagBag from /home/airflow/.local/lib/python3.8/site-packages/airflow/example_dags/example_complex.py
[2026-04-16T06:09:27.718+0000] {processor.py:840} INFO - DAG(s) 'example_complex' retrieved from /home/airflow/.local/lib/python3.8/site-packages/airflow/example_dags/example_complex.py
[2026-04-16T06:09:27.738+0000] {logging_mixin.py:188} INFO - [2026-04-16T06:09:27.738+0000] {dag.py:3036} INFO - Sync 1 DAGs
[2026-04-16T06:09:27.746+0000] {logging_mixin.py:188} INFO - [2026-04-16T06:09:27.746+0000] {dag.py:3823} INFO - Setting next_dagrun for example_complex to None, run_after=None
[2026-04-16T06:09:27.757+0000] {processor.py:183} INFO - Processing /home/airflow/.local/lib/python3.8/site-packages/airflow/example_dags/example_complex.py took 0.051 seconds
