[2026-04-16T03:45:07.701+0000] {processor.py:161} INFO - Started process (PID=86) to work on /home/airflow/.local/lib/python3.8/site-packages/airflow/example_dags/example_xcomargs.py
[2026-04-16T03:45:07.701+0000] {processor.py:830} INFO - Processing file /home/airflow/.local/lib/python3.8/site-packages/airflow/example_dags/example_xcomargs.py for tasks to queue
[2026-04-16T03:45:07.703+0000] {logging_mixin.py:188} INFO - [2026-04-16T03:45:07.702+0000] {dagbag.py:538} INFO - Filling up the DagBag from /home/airflow/.local/lib/python3.8/site-packages/airflow/example_dags/example_xcomargs.py
[2026-04-16T03:45:07.712+0000] {processor.py:840} INFO - DAG(s) 'example_xcom_args_with_operators', 'example_xcom_args' retrieved from /home/airflow/.local/lib/python3.8/site-packages/airflow/example_dags/example_xcomargs.py
[2026-04-16T03:45:07.733+0000] {logging_mixin.py:188} INFO - [2026-04-16T03:45:07.733+0000] {dag.py:3036} INFO - Sync 2 DAGs
[2026-04-16T03:45:07.743+0000] {logging_mixin.py:188} INFO - [2026-04-16T03:45:07.743+0000] {dag.py:3823} INFO - Setting next_dagrun for example_xcom_args to None, run_after=None
[2026-04-16T03:45:07.747+0000] {logging_mixin.py:188} INFO - [2026-04-16T03:45:07.746+0000] {dag.py:3823} INFO - Setting next_dagrun for example_xcom_args_with_operators to None, run_after=None
[2026-04-16T03:45:07.759+0000] {processor.py:183} INFO - Processing /home/airflow/.local/lib/python3.8/site-packages/airflow/example_dags/example_xcomargs.py took 0.061 seconds
[2026-04-16T03:45:38.733+0000] {processor.py:161} INFO - Started process (PID=141) to work on /home/airflow/.local/lib/python3.8/site-packages/airflow/example_dags/example_xcomargs.py
[2026-04-16T03:45:38.734+0000] {processor.py:830} INFO - Processing file /home/airflow/.local/lib/python3.8/site-packages/airflow/example_dags/example_xcomargs.py for tasks to queue
[2026-04-16T03:45:38.736+0000] {logging_mixin.py:188} INFO - [2026-04-16T03:45:38.736+0000] {dagbag.py:538} INFO - Filling up the DagBag from /home/airflow/.local/lib/python3.8/site-packages/airflow/example_dags/example_xcomargs.py
[2026-04-16T03:45:38.747+0000] {processor.py:840} INFO - DAG(s) 'example_xcom_args', 'example_xcom_args_with_operators' retrieved from /home/airflow/.local/lib/python3.8/site-packages/airflow/example_dags/example_xcomargs.py
[2026-04-16T03:45:38.777+0000] {logging_mixin.py:188} INFO - [2026-04-16T03:45:38.777+0000] {dag.py:3036} INFO - Sync 2 DAGs
[2026-04-16T03:45:38.793+0000] {logging_mixin.py:188} INFO - [2026-04-16T03:45:38.793+0000] {dag.py:3823} INFO - Setting next_dagrun for example_xcom_args to None, run_after=None
[2026-04-16T03:45:38.798+0000] {logging_mixin.py:188} INFO - [2026-04-16T03:45:38.798+0000] {dag.py:3823} INFO - Setting next_dagrun for example_xcom_args_with_operators to None, run_after=None
[2026-04-16T03:45:38.817+0000] {processor.py:183} INFO - Processing /home/airflow/.local/lib/python3.8/site-packages/airflow/example_dags/example_xcomargs.py took 0.090 seconds
[2026-04-16T03:46:09.288+0000] {processor.py:161} INFO - Started process (PID=196) to work on /home/airflow/.local/lib/python3.8/site-packages/airflow/example_dags/example_xcomargs.py
[2026-04-16T03:46:09.289+0000] {processor.py:830} INFO - Processing file /home/airflow/.local/lib/python3.8/site-packages/airflow/example_dags/example_xcomargs.py for tasks to queue
[2026-04-16T03:46:09.290+0000] {logging_mixin.py:188} INFO - [2026-04-16T03:46:09.290+0000] {dagbag.py:538} INFO - Filling up the DagBag from /home/airflow/.local/lib/python3.8/site-packages/airflow/example_dags/example_xcomargs.py
[2026-04-16T03:46:09.297+0000] {processor.py:840} INFO - DAG(s) 'example_xcom_args_with_operators', 'example_xcom_args' retrieved from /home/airflow/.local/lib/python3.8/site-packages/airflow/example_dags/example_xcomargs.py
[2026-04-16T03:46:09.316+0000] {logging_mixin.py:188} INFO - [2026-04-16T03:46:09.316+0000] {dag.py:3036} INFO - Sync 2 DAGs
[2026-04-16T03:46:09.326+0000] {logging_mixin.py:188} INFO - [2026-04-16T03:46:09.325+0000] {dag.py:3823} INFO - Setting next_dagrun for example_xcom_args to None, run_after=None
[2026-04-16T03:46:09.328+0000] {logging_mixin.py:188} INFO - [2026-04-16T03:46:09.328+0000] {dag.py:3823} INFO - Setting next_dagrun for example_xcom_args_with_operators to None, run_after=None
[2026-04-16T03:46:09.340+0000] {processor.py:183} INFO - Processing /home/airflow/.local/lib/python3.8/site-packages/airflow/example_dags/example_xcomargs.py took 0.055 seconds
[2026-04-16T03:46:40.717+0000] {processor.py:161} INFO - Started process (PID=251) to work on /home/airflow/.local/lib/python3.8/site-packages/airflow/example_dags/example_xcomargs.py
[2026-04-16T03:46:40.718+0000] {processor.py:830} INFO - Processing file /home/airflow/.local/lib/python3.8/site-packages/airflow/example_dags/example_xcomargs.py for tasks to queue
[2026-04-16T03:46:40.721+0000] {logging_mixin.py:188} INFO - [2026-04-16T03:46:40.720+0000] {dagbag.py:538} INFO - Filling up the DagBag from /home/airflow/.local/lib/python3.8/site-packages/airflow/example_dags/example_xcomargs.py
[2026-04-16T03:46:40.732+0000] {processor.py:840} INFO - DAG(s) 'example_xcom_args', 'example_xcom_args_with_operators' retrieved from /home/airflow/.local/lib/python3.8/site-packages/airflow/example_dags/example_xcomargs.py
[2026-04-16T03:46:40.767+0000] {logging_mixin.py:188} INFO - [2026-04-16T03:46:40.767+0000] {dag.py:3036} INFO - Sync 2 DAGs
[2026-04-16T03:46:40.785+0000] {logging_mixin.py:188} INFO - [2026-04-16T03:46:40.784+0000] {dag.py:3823} INFO - Setting next_dagrun for example_xcom_args to None, run_after=None
[2026-04-16T03:46:40.791+0000] {logging_mixin.py:188} INFO - [2026-04-16T03:46:40.790+0000] {dag.py:3823} INFO - Setting next_dagrun for example_xcom_args_with_operators to None, run_after=None
[2026-04-16T03:46:40.815+0000] {processor.py:183} INFO - Processing /home/airflow/.local/lib/python3.8/site-packages/airflow/example_dags/example_xcomargs.py took 0.103 seconds
[2026-04-16T03:47:11.192+0000] {processor.py:161} INFO - Started process (PID=306) to work on /home/airflow/.local/lib/python3.8/site-packages/airflow/example_dags/example_xcomargs.py
[2026-04-16T03:47:11.194+0000] {processor.py:830} INFO - Processing file /home/airflow/.local/lib/python3.8/site-packages/airflow/example_dags/example_xcomargs.py for tasks to queue
[2026-04-16T03:47:11.196+0000] {logging_mixin.py:188} INFO - [2026-04-16T03:47:11.196+0000] {dagbag.py:538} INFO - Filling up the DagBag from /home/airflow/.local/lib/python3.8/site-packages/airflow/example_dags/example_xcomargs.py
[2026-04-16T03:47:11.208+0000] {processor.py:840} INFO - DAG(s) 'example_xcom_args_with_operators', 'example_xcom_args' retrieved from /home/airflow/.local/lib/python3.8/site-packages/airflow/example_dags/example_xcomargs.py
[2026-04-16T03:47:11.246+0000] {logging_mixin.py:188} INFO - [2026-04-16T03:47:11.246+0000] {dag.py:3036} INFO - Sync 2 DAGs
[2026-04-16T03:47:11.266+0000] {logging_mixin.py:188} INFO - [2026-04-16T03:47:11.266+0000] {dag.py:3823} INFO - Setting next_dagrun for example_xcom_args to None, run_after=None
[2026-04-16T03:47:11.272+0000] {logging_mixin.py:188} INFO - [2026-04-16T03:47:11.271+0000] {dag.py:3823} INFO - Setting next_dagrun for example_xcom_args_with_operators to None, run_after=None
[2026-04-16T03:47:11.296+0000] {processor.py:183} INFO - Processing /home/airflow/.local/lib/python3.8/site-packages/airflow/example_dags/example_xcomargs.py took 0.109 seconds
[2026-04-16T03:47:42.285+0000] {processor.py:161} INFO - Started process (PID=361) to work on /home/airflow/.local/lib/python3.8/site-packages/airflow/example_dags/example_xcomargs.py
[2026-04-16T03:47:42.287+0000] {processor.py:830} INFO - Processing file /home/airflow/.local/lib/python3.8/site-packages/airflow/example_dags/example_xcomargs.py for tasks to queue
[2026-04-16T03:47:42.290+0000] {logging_mixin.py:188} INFO - [2026-04-16T03:47:42.289+0000] {dagbag.py:538} INFO - Filling up the DagBag from /home/airflow/.local/lib/python3.8/site-packages/airflow/example_dags/example_xcomargs.py
[2026-04-16T03:47:42.302+0000] {processor.py:840} INFO - DAG(s) 'example_xcom_args', 'example_xcom_args_with_operators' retrieved from /home/airflow/.local/lib/python3.8/site-packages/airflow/example_dags/example_xcomargs.py
[2026-04-16T03:47:42.341+0000] {logging_mixin.py:188} INFO - [2026-04-16T03:47:42.341+0000] {dag.py:3036} INFO - Sync 2 DAGs
[2026-04-16T03:47:42.366+0000] {logging_mixin.py:188} INFO - [2026-04-16T03:47:42.366+0000] {dag.py:3823} INFO - Setting next_dagrun for example_xcom_args to None, run_after=None
[2026-04-16T03:47:42.373+0000] {logging_mixin.py:188} INFO - [2026-04-16T03:47:42.372+0000] {dag.py:3823} INFO - Setting next_dagrun for example_xcom_args_with_operators to None, run_after=None
[2026-04-16T03:47:42.405+0000] {processor.py:183} INFO - Processing /home/airflow/.local/lib/python3.8/site-packages/airflow/example_dags/example_xcomargs.py took 0.125 seconds
[2026-04-16T03:48:13.060+0000] {processor.py:161} INFO - Started process (PID=416) to work on /home/airflow/.local/lib/python3.8/site-packages/airflow/example_dags/example_xcomargs.py
[2026-04-16T03:48:13.061+0000] {processor.py:830} INFO - Processing file /home/airflow/.local/lib/python3.8/site-packages/airflow/example_dags/example_xcomargs.py for tasks to queue
[2026-04-16T03:48:13.064+0000] {logging_mixin.py:188} INFO - [2026-04-16T03:48:13.063+0000] {dagbag.py:538} INFO - Filling up the DagBag from /home/airflow/.local/lib/python3.8/site-packages/airflow/example_dags/example_xcomargs.py
[2026-04-16T03:48:13.075+0000] {processor.py:840} INFO - DAG(s) 'example_xcom_args', 'example_xcom_args_with_operators' retrieved from /home/airflow/.local/lib/python3.8/site-packages/airflow/example_dags/example_xcomargs.py
[2026-04-16T03:48:13.112+0000] {logging_mixin.py:188} INFO - [2026-04-16T03:48:13.111+0000] {dag.py:3036} INFO - Sync 2 DAGs
[2026-04-16T03:48:13.130+0000] {logging_mixin.py:188} INFO - [2026-04-16T03:48:13.130+0000] {dag.py:3823} INFO - Setting next_dagrun for example_xcom_args to None, run_after=None
[2026-04-16T03:48:13.135+0000] {logging_mixin.py:188} INFO - [2026-04-16T03:48:13.135+0000] {dag.py:3823} INFO - Setting next_dagrun for example_xcom_args_with_operators to None, run_after=None
[2026-04-16T03:48:13.158+0000] {processor.py:183} INFO - Processing /home/airflow/.local/lib/python3.8/site-packages/airflow/example_dags/example_xcomargs.py took 0.103 seconds
[2026-04-16T03:48:43.987+0000] {processor.py:161} INFO - Started process (PID=471) to work on /home/airflow/.local/lib/python3.8/site-packages/airflow/example_dags/example_xcomargs.py
[2026-04-16T03:48:43.988+0000] {processor.py:830} INFO - Processing file /home/airflow/.local/lib/python3.8/site-packages/airflow/example_dags/example_xcomargs.py for tasks to queue
[2026-04-16T03:48:43.989+0000] {logging_mixin.py:188} INFO - [2026-04-16T03:48:43.989+0000] {dagbag.py:538} INFO - Filling up the DagBag from /home/airflow/.local/lib/python3.8/site-packages/airflow/example_dags/example_xcomargs.py
[2026-04-16T03:48:43.996+0000] {processor.py:840} INFO - DAG(s) 'example_xcom_args', 'example_xcom_args_with_operators' retrieved from /home/airflow/.local/lib/python3.8/site-packages/airflow/example_dags/example_xcomargs.py
[2026-04-16T03:48:44.018+0000] {logging_mixin.py:188} INFO - [2026-04-16T03:48:44.017+0000] {dag.py:3036} INFO - Sync 2 DAGs
[2026-04-16T03:48:44.029+0000] {logging_mixin.py:188} INFO - [2026-04-16T03:48:44.029+0000] {dag.py:3823} INFO - Setting next_dagrun for example_xcom_args to None, run_after=None
[2026-04-16T03:48:44.032+0000] {logging_mixin.py:188} INFO - [2026-04-16T03:48:44.032+0000] {dag.py:3823} INFO - Setting next_dagrun for example_xcom_args_with_operators to None, run_after=None
[2026-04-16T03:48:44.044+0000] {processor.py:183} INFO - Processing /home/airflow/.local/lib/python3.8/site-packages/airflow/example_dags/example_xcomargs.py took 0.061 seconds
[2026-04-16T03:49:14.976+0000] {processor.py:161} INFO - Started process (PID=526) to work on /home/airflow/.local/lib/python3.8/site-packages/airflow/example_dags/example_xcomargs.py
[2026-04-16T03:49:14.977+0000] {processor.py:830} INFO - Processing file /home/airflow/.local/lib/python3.8/site-packages/airflow/example_dags/example_xcomargs.py for tasks to queue
[2026-04-16T03:49:14.980+0000] {logging_mixin.py:188} INFO - [2026-04-16T03:49:14.979+0000] {dagbag.py:538} INFO - Filling up the DagBag from /home/airflow/.local/lib/python3.8/site-packages/airflow/example_dags/example_xcomargs.py
[2026-04-16T03:49:14.992+0000] {processor.py:840} INFO - DAG(s) 'example_xcom_args', 'example_xcom_args_with_operators' retrieved from /home/airflow/.local/lib/python3.8/site-packages/airflow/example_dags/example_xcomargs.py
[2026-04-16T03:49:15.027+0000] {logging_mixin.py:188} INFO - [2026-04-16T03:49:15.027+0000] {dag.py:3036} INFO - Sync 2 DAGs
[2026-04-16T03:49:15.046+0000] {logging_mixin.py:188} INFO - [2026-04-16T03:49:15.045+0000] {dag.py:3823} INFO - Setting next_dagrun for example_xcom_args to None, run_after=None
[2026-04-16T03:49:15.050+0000] {logging_mixin.py:188} INFO - [2026-04-16T03:49:15.050+0000] {dag.py:3823} INFO - Setting next_dagrun for example_xcom_args_with_operators to None, run_after=None
[2026-04-16T03:49:15.071+0000] {processor.py:183} INFO - Processing /home/airflow/.local/lib/python3.8/site-packages/airflow/example_dags/example_xcomargs.py took 0.100 seconds
[2026-04-16T03:49:45.543+0000] {processor.py:161} INFO - Started process (PID=582) to work on /home/airflow/.local/lib/python3.8/site-packages/airflow/example_dags/example_xcomargs.py
[2026-04-16T03:49:45.545+0000] {processor.py:830} INFO - Processing file /home/airflow/.local/lib/python3.8/site-packages/airflow/example_dags/example_xcomargs.py for tasks to queue
[2026-04-16T03:49:45.547+0000] {logging_mixin.py:188} INFO - [2026-04-16T03:49:45.546+0000] {dagbag.py:538} INFO - Filling up the DagBag from /home/airflow/.local/lib/python3.8/site-packages/airflow/example_dags/example_xcomargs.py
[2026-04-16T03:49:45.557+0000] {processor.py:840} INFO - DAG(s) 'example_xcom_args', 'example_xcom_args_with_operators' retrieved from /home/airflow/.local/lib/python3.8/site-packages/airflow/example_dags/example_xcomargs.py
[2026-04-16T03:49:45.590+0000] {logging_mixin.py:188} INFO - [2026-04-16T03:49:45.590+0000] {dag.py:3036} INFO - Sync 2 DAGs
[2026-04-16T03:49:45.607+0000] {logging_mixin.py:188} INFO - [2026-04-16T03:49:45.607+0000] {dag.py:3823} INFO - Setting next_dagrun for example_xcom_args to None, run_after=None
[2026-04-16T03:49:45.612+0000] {logging_mixin.py:188} INFO - [2026-04-16T03:49:45.611+0000] {dag.py:3823} INFO - Setting next_dagrun for example_xcom_args_with_operators to None, run_after=None
[2026-04-16T03:49:45.633+0000] {processor.py:183} INFO - Processing /home/airflow/.local/lib/python3.8/site-packages/airflow/example_dags/example_xcomargs.py took 0.094 seconds
[2026-04-16T03:50:16.366+0000] {processor.py:161} INFO - Started process (PID=637) to work on /home/airflow/.local/lib/python3.8/site-packages/airflow/example_dags/example_xcomargs.py
[2026-04-16T03:50:16.367+0000] {processor.py:830} INFO - Processing file /home/airflow/.local/lib/python3.8/site-packages/airflow/example_dags/example_xcomargs.py for tasks to queue
[2026-04-16T03:50:16.370+0000] {logging_mixin.py:188} INFO - [2026-04-16T03:50:16.370+0000] {dagbag.py:538} INFO - Filling up the DagBag from /home/airflow/.local/lib/python3.8/site-packages/airflow/example_dags/example_xcomargs.py
[2026-04-16T03:50:16.383+0000] {processor.py:840} INFO - DAG(s) 'example_xcom_args', 'example_xcom_args_with_operators' retrieved from /home/airflow/.local/lib/python3.8/site-packages/airflow/example_dags/example_xcomargs.py
[2026-04-16T03:50:16.424+0000] {logging_mixin.py:188} INFO - [2026-04-16T03:50:16.423+0000] {dag.py:3036} INFO - Sync 2 DAGs
[2026-04-16T03:50:16.450+0000] {logging_mixin.py:188} INFO - [2026-04-16T03:50:16.450+0000] {dag.py:3823} INFO - Setting next_dagrun for example_xcom_args to None, run_after=None
[2026-04-16T03:50:16.459+0000] {logging_mixin.py:188} INFO - [2026-04-16T03:50:16.458+0000] {dag.py:3823} INFO - Setting next_dagrun for example_xcom_args_with_operators to None, run_after=None
[2026-04-16T03:50:16.491+0000] {processor.py:183} INFO - Processing /home/airflow/.local/lib/python3.8/site-packages/airflow/example_dags/example_xcomargs.py took 0.130 seconds
[2026-04-16T03:51:57.137+0000] {processor.py:161} INFO - Started process (PID=88) to work on /home/airflow/.local/lib/python3.8/site-packages/airflow/example_dags/example_xcomargs.py
[2026-04-16T03:51:57.138+0000] {processor.py:830} INFO - Processing file /home/airflow/.local/lib/python3.8/site-packages/airflow/example_dags/example_xcomargs.py for tasks to queue
[2026-04-16T03:51:57.139+0000] {logging_mixin.py:188} INFO - [2026-04-16T03:51:57.139+0000] {dagbag.py:538} INFO - Filling up the DagBag from /home/airflow/.local/lib/python3.8/site-packages/airflow/example_dags/example_xcomargs.py
[2026-04-16T03:51:57.147+0000] {processor.py:840} INFO - DAG(s) 'example_xcom_args', 'example_xcom_args_with_operators' retrieved from /home/airflow/.local/lib/python3.8/site-packages/airflow/example_dags/example_xcomargs.py
[2026-04-16T03:51:57.166+0000] {logging_mixin.py:188} INFO - [2026-04-16T03:51:57.166+0000] {dag.py:3036} INFO - Sync 2 DAGs
[2026-04-16T03:51:57.175+0000] {logging_mixin.py:188} INFO - [2026-04-16T03:51:57.175+0000] {dag.py:3823} INFO - Setting next_dagrun for example_xcom_args to None, run_after=None
[2026-04-16T03:51:57.178+0000] {logging_mixin.py:188} INFO - [2026-04-16T03:51:57.178+0000] {dag.py:3823} INFO - Setting next_dagrun for example_xcom_args_with_operators to None, run_after=None
[2026-04-16T03:51:57.189+0000] {processor.py:183} INFO - Processing /home/airflow/.local/lib/python3.8/site-packages/airflow/example_dags/example_xcomargs.py took 0.056 seconds
[2026-04-16T03:52:28.544+0000] {processor.py:161} INFO - Started process (PID=143) to work on /home/airflow/.local/lib/python3.8/site-packages/airflow/example_dags/example_xcomargs.py
[2026-04-16T03:52:28.545+0000] {processor.py:830} INFO - Processing file /home/airflow/.local/lib/python3.8/site-packages/airflow/example_dags/example_xcomargs.py for tasks to queue
[2026-04-16T03:52:28.547+0000] {logging_mixin.py:188} INFO - [2026-04-16T03:52:28.547+0000] {dagbag.py:538} INFO - Filling up the DagBag from /home/airflow/.local/lib/python3.8/site-packages/airflow/example_dags/example_xcomargs.py
[2026-04-16T03:52:28.557+0000] {processor.py:840} INFO - DAG(s) 'example_xcom_args', 'example_xcom_args_with_operators' retrieved from /home/airflow/.local/lib/python3.8/site-packages/airflow/example_dags/example_xcomargs.py
[2026-04-16T03:52:28.590+0000] {logging_mixin.py:188} INFO - [2026-04-16T03:52:28.590+0000] {dag.py:3036} INFO - Sync 2 DAGs
[2026-04-16T03:52:28.606+0000] {logging_mixin.py:188} INFO - [2026-04-16T03:52:28.606+0000] {dag.py:3823} INFO - Setting next_dagrun for example_xcom_args to None, run_after=None
[2026-04-16T03:52:28.611+0000] {logging_mixin.py:188} INFO - [2026-04-16T03:52:28.610+0000] {dag.py:3823} INFO - Setting next_dagrun for example_xcom_args_with_operators to None, run_after=None
[2026-04-16T03:52:28.632+0000] {processor.py:183} INFO - Processing /home/airflow/.local/lib/python3.8/site-packages/airflow/example_dags/example_xcomargs.py took 0.092 seconds
[2026-04-16T03:52:58.974+0000] {processor.py:161} INFO - Started process (PID=198) to work on /home/airflow/.local/lib/python3.8/site-packages/airflow/example_dags/example_xcomargs.py
[2026-04-16T03:52:58.975+0000] {processor.py:830} INFO - Processing file /home/airflow/.local/lib/python3.8/site-packages/airflow/example_dags/example_xcomargs.py for tasks to queue
[2026-04-16T03:52:58.976+0000] {logging_mixin.py:188} INFO - [2026-04-16T03:52:58.976+0000] {dagbag.py:538} INFO - Filling up the DagBag from /home/airflow/.local/lib/python3.8/site-packages/airflow/example_dags/example_xcomargs.py
[2026-04-16T03:52:58.982+0000] {processor.py:840} INFO - DAG(s) 'example_xcom_args', 'example_xcom_args_with_operators' retrieved from /home/airflow/.local/lib/python3.8/site-packages/airflow/example_dags/example_xcomargs.py
[2026-04-16T03:52:59.001+0000] {logging_mixin.py:188} INFO - [2026-04-16T03:52:59.001+0000] {dag.py:3036} INFO - Sync 2 DAGs
[2026-04-16T03:52:59.011+0000] {logging_mixin.py:188} INFO - [2026-04-16T03:52:59.011+0000] {dag.py:3823} INFO - Setting next_dagrun for example_xcom_args to None, run_after=None
[2026-04-16T03:52:59.014+0000] {logging_mixin.py:188} INFO - [2026-04-16T03:52:59.014+0000] {dag.py:3823} INFO - Setting next_dagrun for example_xcom_args_with_operators to None, run_after=None
[2026-04-16T03:52:59.025+0000] {processor.py:183} INFO - Processing /home/airflow/.local/lib/python3.8/site-packages/airflow/example_dags/example_xcomargs.py took 0.054 seconds
[2026-04-16T03:53:30.256+0000] {processor.py:161} INFO - Started process (PID=253) to work on /home/airflow/.local/lib/python3.8/site-packages/airflow/example_dags/example_xcomargs.py
[2026-04-16T03:53:30.257+0000] {processor.py:830} INFO - Processing file /home/airflow/.local/lib/python3.8/site-packages/airflow/example_dags/example_xcomargs.py for tasks to queue
[2026-04-16T03:53:30.259+0000] {logging_mixin.py:188} INFO - [2026-04-16T03:53:30.259+0000] {dagbag.py:538} INFO - Filling up the DagBag from /home/airflow/.local/lib/python3.8/site-packages/airflow/example_dags/example_xcomargs.py
[2026-04-16T03:53:30.269+0000] {processor.py:840} INFO - DAG(s) 'example_xcom_args_with_operators', 'example_xcom_args' retrieved from /home/airflow/.local/lib/python3.8/site-packages/airflow/example_dags/example_xcomargs.py
[2026-04-16T03:53:30.299+0000] {logging_mixin.py:188} INFO - [2026-04-16T03:53:30.299+0000] {dag.py:3036} INFO - Sync 2 DAGs
[2026-04-16T03:53:30.315+0000] {logging_mixin.py:188} INFO - [2026-04-16T03:53:30.315+0000] {dag.py:3823} INFO - Setting next_dagrun for example_xcom_args to None, run_after=None
[2026-04-16T03:53:30.319+0000] {logging_mixin.py:188} INFO - [2026-04-16T03:53:30.319+0000] {dag.py:3823} INFO - Setting next_dagrun for example_xcom_args_with_operators to None, run_after=None
[2026-04-16T03:53:30.341+0000] {processor.py:183} INFO - Processing /home/airflow/.local/lib/python3.8/site-packages/airflow/example_dags/example_xcomargs.py took 0.089 seconds
[2026-04-16T03:54:55.598+0000] {processor.py:161} INFO - Started process (PID=80) to work on /home/airflow/.local/lib/python3.8/site-packages/airflow/example_dags/example_xcomargs.py
[2026-04-16T03:54:55.599+0000] {processor.py:830} INFO - Processing file /home/airflow/.local/lib/python3.8/site-packages/airflow/example_dags/example_xcomargs.py for tasks to queue
[2026-04-16T03:54:55.600+0000] {logging_mixin.py:188} INFO - [2026-04-16T03:54:55.600+0000] {dagbag.py:538} INFO - Filling up the DagBag from /home/airflow/.local/lib/python3.8/site-packages/airflow/example_dags/example_xcomargs.py
[2026-04-16T03:54:55.607+0000] {processor.py:840} INFO - DAG(s) 'example_xcom_args', 'example_xcom_args_with_operators' retrieved from /home/airflow/.local/lib/python3.8/site-packages/airflow/example_dags/example_xcomargs.py
[2026-04-16T03:54:55.624+0000] {logging_mixin.py:188} INFO - [2026-04-16T03:54:55.623+0000] {dag.py:3036} INFO - Sync 2 DAGs
[2026-04-16T03:54:55.632+0000] {logging_mixin.py:188} INFO - [2026-04-16T03:54:55.632+0000] {dag.py:3823} INFO - Setting next_dagrun for example_xcom_args to None, run_after=None
[2026-04-16T03:54:55.634+0000] {logging_mixin.py:188} INFO - [2026-04-16T03:54:55.634+0000] {dag.py:3823} INFO - Setting next_dagrun for example_xcom_args_with_operators to None, run_after=None
[2026-04-16T03:54:55.645+0000] {processor.py:183} INFO - Processing /home/airflow/.local/lib/python3.8/site-packages/airflow/example_dags/example_xcomargs.py took 0.049 seconds
[2026-04-16T03:56:06.782+0000] {processor.py:161} INFO - Started process (PID=135) to work on /home/airflow/.local/lib/python3.8/site-packages/airflow/example_dags/example_xcomargs.py
[2026-04-16T03:56:06.782+0000] {processor.py:830} INFO - Processing file /home/airflow/.local/lib/python3.8/site-packages/airflow/example_dags/example_xcomargs.py for tasks to queue
[2026-04-16T03:56:06.783+0000] {logging_mixin.py:188} INFO - [2026-04-16T03:56:06.783+0000] {dagbag.py:538} INFO - Filling up the DagBag from /home/airflow/.local/lib/python3.8/site-packages/airflow/example_dags/example_xcomargs.py
[2026-04-16T03:56:06.789+0000] {processor.py:840} INFO - DAG(s) 'example_xcom_args', 'example_xcom_args_with_operators' retrieved from /home/airflow/.local/lib/python3.8/site-packages/airflow/example_dags/example_xcomargs.py
[2026-04-16T03:56:06.806+0000] {logging_mixin.py:188} INFO - [2026-04-16T03:56:06.806+0000] {dag.py:3036} INFO - Sync 2 DAGs
[2026-04-16T03:56:06.815+0000] {logging_mixin.py:188} INFO - [2026-04-16T03:56:06.815+0000] {dag.py:3823} INFO - Setting next_dagrun for example_xcom_args to None, run_after=None
[2026-04-16T03:56:06.817+0000] {logging_mixin.py:188} INFO - [2026-04-16T03:56:06.817+0000] {dag.py:3823} INFO - Setting next_dagrun for example_xcom_args_with_operators to None, run_after=None
[2026-04-16T03:56:06.828+0000] {processor.py:183} INFO - Processing /home/airflow/.local/lib/python3.8/site-packages/airflow/example_dags/example_xcomargs.py took 0.048 seconds
[2026-04-16T03:56:37.081+0000] {processor.py:161} INFO - Started process (PID=190) to work on /home/airflow/.local/lib/python3.8/site-packages/airflow/example_dags/example_xcomargs.py
[2026-04-16T03:56:37.082+0000] {processor.py:830} INFO - Processing file /home/airflow/.local/lib/python3.8/site-packages/airflow/example_dags/example_xcomargs.py for tasks to queue
[2026-04-16T03:56:37.083+0000] {logging_mixin.py:188} INFO - [2026-04-16T03:56:37.083+0000] {dagbag.py:538} INFO - Filling up the DagBag from /home/airflow/.local/lib/python3.8/site-packages/airflow/example_dags/example_xcomargs.py
[2026-04-16T03:56:37.089+0000] {processor.py:840} INFO - DAG(s) 'example_xcom_args_with_operators', 'example_xcom_args' retrieved from /home/airflow/.local/lib/python3.8/site-packages/airflow/example_dags/example_xcomargs.py
[2026-04-16T03:56:37.106+0000] {logging_mixin.py:188} INFO - [2026-04-16T03:56:37.106+0000] {dag.py:3036} INFO - Sync 2 DAGs
[2026-04-16T03:56:37.115+0000] {logging_mixin.py:188} INFO - [2026-04-16T03:56:37.115+0000] {dag.py:3823} INFO - Setting next_dagrun for example_xcom_args to None, run_after=None
[2026-04-16T03:56:37.118+0000] {logging_mixin.py:188} INFO - [2026-04-16T03:56:37.118+0000] {dag.py:3823} INFO - Setting next_dagrun for example_xcom_args_with_operators to None, run_after=None
[2026-04-16T03:56:37.130+0000] {processor.py:183} INFO - Processing /home/airflow/.local/lib/python3.8/site-packages/airflow/example_dags/example_xcomargs.py took 0.051 seconds
[2026-04-16T03:57:07.202+0000] {processor.py:161} INFO - Started process (PID=245) to work on /home/airflow/.local/lib/python3.8/site-packages/airflow/example_dags/example_xcomargs.py
[2026-04-16T03:57:07.202+0000] {processor.py:830} INFO - Processing file /home/airflow/.local/lib/python3.8/site-packages/airflow/example_dags/example_xcomargs.py for tasks to queue
[2026-04-16T03:57:07.204+0000] {logging_mixin.py:188} INFO - [2026-04-16T03:57:07.203+0000] {dagbag.py:538} INFO - Filling up the DagBag from /home/airflow/.local/lib/python3.8/site-packages/airflow/example_dags/example_xcomargs.py
[2026-04-16T03:57:07.209+0000] {processor.py:840} INFO - DAG(s) 'example_xcom_args', 'example_xcom_args_with_operators' retrieved from /home/airflow/.local/lib/python3.8/site-packages/airflow/example_dags/example_xcomargs.py
[2026-04-16T03:57:07.225+0000] {logging_mixin.py:188} INFO - [2026-04-16T03:57:07.225+0000] {dag.py:3036} INFO - Sync 2 DAGs
[2026-04-16T03:57:07.234+0000] {logging_mixin.py:188} INFO - [2026-04-16T03:57:07.233+0000] {dag.py:3823} INFO - Setting next_dagrun for example_xcom_args to None, run_after=None
[2026-04-16T03:57:07.236+0000] {logging_mixin.py:188} INFO - [2026-04-16T03:57:07.236+0000] {dag.py:3823} INFO - Setting next_dagrun for example_xcom_args_with_operators to None, run_after=None
[2026-04-16T03:57:07.245+0000] {processor.py:183} INFO - Processing /home/airflow/.local/lib/python3.8/site-packages/airflow/example_dags/example_xcomargs.py took 0.045 seconds
[2026-04-16T03:57:37.404+0000] {processor.py:161} INFO - Started process (PID=300) to work on /home/airflow/.local/lib/python3.8/site-packages/airflow/example_dags/example_xcomargs.py
[2026-04-16T03:57:37.405+0000] {processor.py:830} INFO - Processing file /home/airflow/.local/lib/python3.8/site-packages/airflow/example_dags/example_xcomargs.py for tasks to queue
[2026-04-16T03:57:37.406+0000] {logging_mixin.py:188} INFO - [2026-04-16T03:57:37.406+0000] {dagbag.py:538} INFO - Filling up the DagBag from /home/airflow/.local/lib/python3.8/site-packages/airflow/example_dags/example_xcomargs.py
[2026-04-16T03:57:37.411+0000] {processor.py:840} INFO - DAG(s) 'example_xcom_args', 'example_xcom_args_with_operators' retrieved from /home/airflow/.local/lib/python3.8/site-packages/airflow/example_dags/example_xcomargs.py
[2026-04-16T03:57:37.427+0000] {logging_mixin.py:188} INFO - [2026-04-16T03:57:37.427+0000] {dag.py:3036} INFO - Sync 2 DAGs
[2026-04-16T03:57:37.435+0000] {logging_mixin.py:188} INFO - [2026-04-16T03:57:37.435+0000] {dag.py:3823} INFO - Setting next_dagrun for example_xcom_args to None, run_after=None
[2026-04-16T03:57:37.438+0000] {logging_mixin.py:188} INFO - [2026-04-16T03:57:37.438+0000] {dag.py:3823} INFO - Setting next_dagrun for example_xcom_args_with_operators to None, run_after=None
[2026-04-16T03:57:37.447+0000] {processor.py:183} INFO - Processing /home/airflow/.local/lib/python3.8/site-packages/airflow/example_dags/example_xcomargs.py took 0.046 seconds
[2026-04-16T03:58:07.559+0000] {processor.py:161} INFO - Started process (PID=355) to work on /home/airflow/.local/lib/python3.8/site-packages/airflow/example_dags/example_xcomargs.py
[2026-04-16T03:58:07.559+0000] {processor.py:830} INFO - Processing file /home/airflow/.local/lib/python3.8/site-packages/airflow/example_dags/example_xcomargs.py for tasks to queue
[2026-04-16T03:58:07.561+0000] {logging_mixin.py:188} INFO - [2026-04-16T03:58:07.560+0000] {dagbag.py:538} INFO - Filling up the DagBag from /home/airflow/.local/lib/python3.8/site-packages/airflow/example_dags/example_xcomargs.py
[2026-04-16T03:58:07.566+0000] {processor.py:840} INFO - DAG(s) 'example_xcom_args_with_operators', 'example_xcom_args' retrieved from /home/airflow/.local/lib/python3.8/site-packages/airflow/example_dags/example_xcomargs.py
[2026-04-16T03:58:07.583+0000] {logging_mixin.py:188} INFO - [2026-04-16T03:58:07.582+0000] {dag.py:3036} INFO - Sync 2 DAGs
[2026-04-16T03:58:07.591+0000] {logging_mixin.py:188} INFO - [2026-04-16T03:58:07.591+0000] {dag.py:3823} INFO - Setting next_dagrun for example_xcom_args to None, run_after=None
[2026-04-16T03:58:07.593+0000] {logging_mixin.py:188} INFO - [2026-04-16T03:58:07.593+0000] {dag.py:3823} INFO - Setting next_dagrun for example_xcom_args_with_operators to None, run_after=None
[2026-04-16T03:58:07.603+0000] {processor.py:183} INFO - Processing /home/airflow/.local/lib/python3.8/site-packages/airflow/example_dags/example_xcomargs.py took 0.047 seconds
[2026-04-16T03:58:37.775+0000] {processor.py:161} INFO - Started process (PID=410) to work on /home/airflow/.local/lib/python3.8/site-packages/airflow/example_dags/example_xcomargs.py
[2026-04-16T03:58:37.775+0000] {processor.py:830} INFO - Processing file /home/airflow/.local/lib/python3.8/site-packages/airflow/example_dags/example_xcomargs.py for tasks to queue
[2026-04-16T03:58:37.777+0000] {logging_mixin.py:188} INFO - [2026-04-16T03:58:37.776+0000] {dagbag.py:538} INFO - Filling up the DagBag from /home/airflow/.local/lib/python3.8/site-packages/airflow/example_dags/example_xcomargs.py
[2026-04-16T03:58:37.782+0000] {processor.py:840} INFO - DAG(s) 'example_xcom_args_with_operators', 'example_xcom_args' retrieved from /home/airflow/.local/lib/python3.8/site-packages/airflow/example_dags/example_xcomargs.py
[2026-04-16T03:58:37.799+0000] {logging_mixin.py:188} INFO - [2026-04-16T03:58:37.798+0000] {dag.py:3036} INFO - Sync 2 DAGs
[2026-04-16T03:58:37.807+0000] {logging_mixin.py:188} INFO - [2026-04-16T03:58:37.807+0000] {dag.py:3823} INFO - Setting next_dagrun for example_xcom_args to None, run_after=None
[2026-04-16T03:58:37.809+0000] {logging_mixin.py:188} INFO - [2026-04-16T03:58:37.809+0000] {dag.py:3823} INFO - Setting next_dagrun for example_xcom_args_with_operators to None, run_after=None
[2026-04-16T03:58:37.819+0000] {processor.py:183} INFO - Processing /home/airflow/.local/lib/python3.8/site-packages/airflow/example_dags/example_xcomargs.py took 0.047 seconds
[2026-04-16T03:59:08.086+0000] {processor.py:161} INFO - Started process (PID=465) to work on /home/airflow/.local/lib/python3.8/site-packages/airflow/example_dags/example_xcomargs.py
[2026-04-16T03:59:08.086+0000] {processor.py:830} INFO - Processing file /home/airflow/.local/lib/python3.8/site-packages/airflow/example_dags/example_xcomargs.py for tasks to queue
[2026-04-16T03:59:08.088+0000] {logging_mixin.py:188} INFO - [2026-04-16T03:59:08.087+0000] {dagbag.py:538} INFO - Filling up the DagBag from /home/airflow/.local/lib/python3.8/site-packages/airflow/example_dags/example_xcomargs.py
[2026-04-16T03:59:08.094+0000] {processor.py:840} INFO - DAG(s) 'example_xcom_args', 'example_xcom_args_with_operators' retrieved from /home/airflow/.local/lib/python3.8/site-packages/airflow/example_dags/example_xcomargs.py
[2026-04-16T03:59:08.110+0000] {logging_mixin.py:188} INFO - [2026-04-16T03:59:08.110+0000] {dag.py:3036} INFO - Sync 2 DAGs
[2026-04-16T03:59:08.119+0000] {logging_mixin.py:188} INFO - [2026-04-16T03:59:08.118+0000] {dag.py:3823} INFO - Setting next_dagrun for example_xcom_args to None, run_after=None
[2026-04-16T03:59:08.121+0000] {logging_mixin.py:188} INFO - [2026-04-16T03:59:08.121+0000] {dag.py:3823} INFO - Setting next_dagrun for example_xcom_args_with_operators to None, run_after=None
[2026-04-16T03:59:08.131+0000] {processor.py:183} INFO - Processing /home/airflow/.local/lib/python3.8/site-packages/airflow/example_dags/example_xcomargs.py took 0.048 seconds
[2026-04-16T03:59:38.159+0000] {processor.py:161} INFO - Started process (PID=520) to work on /home/airflow/.local/lib/python3.8/site-packages/airflow/example_dags/example_xcomargs.py
[2026-04-16T03:59:38.159+0000] {processor.py:830} INFO - Processing file /home/airflow/.local/lib/python3.8/site-packages/airflow/example_dags/example_xcomargs.py for tasks to queue
[2026-04-16T03:59:38.160+0000] {logging_mixin.py:188} INFO - [2026-04-16T03:59:38.160+0000] {dagbag.py:538} INFO - Filling up the DagBag from /home/airflow/.local/lib/python3.8/site-packages/airflow/example_dags/example_xcomargs.py
[2026-04-16T03:59:38.166+0000] {processor.py:840} INFO - DAG(s) 'example_xcom_args', 'example_xcom_args_with_operators' retrieved from /home/airflow/.local/lib/python3.8/site-packages/airflow/example_dags/example_xcomargs.py
[2026-04-16T03:59:38.182+0000] {logging_mixin.py:188} INFO - [2026-04-16T03:59:38.182+0000] {dag.py:3036} INFO - Sync 2 DAGs
[2026-04-16T03:59:38.192+0000] {logging_mixin.py:188} INFO - [2026-04-16T03:59:38.192+0000] {dag.py:3823} INFO - Setting next_dagrun for example_xcom_args to None, run_after=None
[2026-04-16T03:59:38.195+0000] {logging_mixin.py:188} INFO - [2026-04-16T03:59:38.194+0000] {dag.py:3823} INFO - Setting next_dagrun for example_xcom_args_with_operators to None, run_after=None
[2026-04-16T03:59:38.205+0000] {processor.py:183} INFO - Processing /home/airflow/.local/lib/python3.8/site-packages/airflow/example_dags/example_xcomargs.py took 0.049 seconds
[2026-04-16T04:00:08.332+0000] {processor.py:161} INFO - Started process (PID=575) to work on /home/airflow/.local/lib/python3.8/site-packages/airflow/example_dags/example_xcomargs.py
[2026-04-16T04:00:08.332+0000] {processor.py:830} INFO - Processing file /home/airflow/.local/lib/python3.8/site-packages/airflow/example_dags/example_xcomargs.py for tasks to queue
[2026-04-16T04:00:08.333+0000] {logging_mixin.py:188} INFO - [2026-04-16T04:00:08.333+0000] {dagbag.py:538} INFO - Filling up the DagBag from /home/airflow/.local/lib/python3.8/site-packages/airflow/example_dags/example_xcomargs.py
[2026-04-16T04:00:08.339+0000] {processor.py:840} INFO - DAG(s) 'example_xcom_args', 'example_xcom_args_with_operators' retrieved from /home/airflow/.local/lib/python3.8/site-packages/airflow/example_dags/example_xcomargs.py
[2026-04-16T04:00:08.354+0000] {logging_mixin.py:188} INFO - [2026-04-16T04:00:08.354+0000] {dag.py:3036} INFO - Sync 2 DAGs
[2026-04-16T04:00:08.364+0000] {logging_mixin.py:188} INFO - [2026-04-16T04:00:08.364+0000] {dag.py:3823} INFO - Setting next_dagrun for example_xcom_args to None, run_after=None
[2026-04-16T04:00:08.366+0000] {logging_mixin.py:188} INFO - [2026-04-16T04:00:08.366+0000] {dag.py:3823} INFO - Setting next_dagrun for example_xcom_args_with_operators to None, run_after=None
[2026-04-16T04:00:08.375+0000] {processor.py:183} INFO - Processing /home/airflow/.local/lib/python3.8/site-packages/airflow/example_dags/example_xcomargs.py took 0.046 seconds
[2026-04-16T04:00:38.509+0000] {processor.py:161} INFO - Started process (PID=630) to work on /home/airflow/.local/lib/python3.8/site-packages/airflow/example_dags/example_xcomargs.py
[2026-04-16T04:00:38.510+0000] {processor.py:830} INFO - Processing file /home/airflow/.local/lib/python3.8/site-packages/airflow/example_dags/example_xcomargs.py for tasks to queue
[2026-04-16T04:00:38.511+0000] {logging_mixin.py:188} INFO - [2026-04-16T04:00:38.511+0000] {dagbag.py:538} INFO - Filling up the DagBag from /home/airflow/.local/lib/python3.8/site-packages/airflow/example_dags/example_xcomargs.py
[2026-04-16T04:00:38.517+0000] {processor.py:840} INFO - DAG(s) 'example_xcom_args', 'example_xcom_args_with_operators' retrieved from /home/airflow/.local/lib/python3.8/site-packages/airflow/example_dags/example_xcomargs.py
[2026-04-16T04:00:38.532+0000] {logging_mixin.py:188} INFO - [2026-04-16T04:00:38.532+0000] {dag.py:3036} INFO - Sync 2 DAGs
[2026-04-16T04:00:38.541+0000] {logging_mixin.py:188} INFO - [2026-04-16T04:00:38.541+0000] {dag.py:3823} INFO - Setting next_dagrun for example_xcom_args to None, run_after=None
[2026-04-16T04:00:38.543+0000] {logging_mixin.py:188} INFO - [2026-04-16T04:00:38.543+0000] {dag.py:3823} INFO - Setting next_dagrun for example_xcom_args_with_operators to None, run_after=None
[2026-04-16T04:00:38.553+0000] {processor.py:183} INFO - Processing /home/airflow/.local/lib/python3.8/site-packages/airflow/example_dags/example_xcomargs.py took 0.046 seconds
[2026-04-16T04:01:09.298+0000] {processor.py:161} INFO - Started process (PID=685) to work on /home/airflow/.local/lib/python3.8/site-packages/airflow/example_dags/example_xcomargs.py
[2026-04-16T04:01:09.299+0000] {processor.py:830} INFO - Processing file /home/airflow/.local/lib/python3.8/site-packages/airflow/example_dags/example_xcomargs.py for tasks to queue
[2026-04-16T04:01:09.300+0000] {logging_mixin.py:188} INFO - [2026-04-16T04:01:09.300+0000] {dagbag.py:538} INFO - Filling up the DagBag from /home/airflow/.local/lib/python3.8/site-packages/airflow/example_dags/example_xcomargs.py
[2026-04-16T04:01:09.305+0000] {processor.py:840} INFO - DAG(s) 'example_xcom_args_with_operators', 'example_xcom_args' retrieved from /home/airflow/.local/lib/python3.8/site-packages/airflow/example_dags/example_xcomargs.py
[2026-04-16T04:01:09.321+0000] {logging_mixin.py:188} INFO - [2026-04-16T04:01:09.321+0000] {dag.py:3036} INFO - Sync 2 DAGs
[2026-04-16T04:01:09.330+0000] {logging_mixin.py:188} INFO - [2026-04-16T04:01:09.329+0000] {dag.py:3823} INFO - Setting next_dagrun for example_xcom_args to None, run_after=None
[2026-04-16T04:01:09.332+0000] {logging_mixin.py:188} INFO - [2026-04-16T04:01:09.332+0000] {dag.py:3823} INFO - Setting next_dagrun for example_xcom_args_with_operators to None, run_after=None
[2026-04-16T04:01:09.341+0000] {processor.py:183} INFO - Processing /home/airflow/.local/lib/python3.8/site-packages/airflow/example_dags/example_xcomargs.py took 0.045 seconds
[2026-04-16T04:01:39.521+0000] {processor.py:161} INFO - Started process (PID=740) to work on /home/airflow/.local/lib/python3.8/site-packages/airflow/example_dags/example_xcomargs.py
[2026-04-16T04:01:39.522+0000] {processor.py:830} INFO - Processing file /home/airflow/.local/lib/python3.8/site-packages/airflow/example_dags/example_xcomargs.py for tasks to queue
[2026-04-16T04:01:39.523+0000] {logging_mixin.py:188} INFO - [2026-04-16T04:01:39.523+0000] {dagbag.py:538} INFO - Filling up the DagBag from /home/airflow/.local/lib/python3.8/site-packages/airflow/example_dags/example_xcomargs.py
[2026-04-16T04:01:39.528+0000] {processor.py:840} INFO - DAG(s) 'example_xcom_args', 'example_xcom_args_with_operators' retrieved from /home/airflow/.local/lib/python3.8/site-packages/airflow/example_dags/example_xcomargs.py
[2026-04-16T04:01:39.544+0000] {logging_mixin.py:188} INFO - [2026-04-16T04:01:39.544+0000] {dag.py:3036} INFO - Sync 2 DAGs
[2026-04-16T04:01:39.552+0000] {logging_mixin.py:188} INFO - [2026-04-16T04:01:39.552+0000] {dag.py:3823} INFO - Setting next_dagrun for example_xcom_args to None, run_after=None
[2026-04-16T04:01:39.555+0000] {logging_mixin.py:188} INFO - [2026-04-16T04:01:39.554+0000] {dag.py:3823} INFO - Setting next_dagrun for example_xcom_args_with_operators to None, run_after=None
[2026-04-16T04:01:39.565+0000] {processor.py:183} INFO - Processing /home/airflow/.local/lib/python3.8/site-packages/airflow/example_dags/example_xcomargs.py took 0.046 seconds
[2026-04-16T04:02:09.876+0000] {processor.py:161} INFO - Started process (PID=795) to work on /home/airflow/.local/lib/python3.8/site-packages/airflow/example_dags/example_xcomargs.py
[2026-04-16T04:02:09.876+0000] {processor.py:830} INFO - Processing file /home/airflow/.local/lib/python3.8/site-packages/airflow/example_dags/example_xcomargs.py for tasks to queue
[2026-04-16T04:02:09.878+0000] {logging_mixin.py:188} INFO - [2026-04-16T04:02:09.877+0000] {dagbag.py:538} INFO - Filling up the DagBag from /home/airflow/.local/lib/python3.8/site-packages/airflow/example_dags/example_xcomargs.py
[2026-04-16T04:02:09.883+0000] {processor.py:840} INFO - DAG(s) 'example_xcom_args', 'example_xcom_args_with_operators' retrieved from /home/airflow/.local/lib/python3.8/site-packages/airflow/example_dags/example_xcomargs.py
[2026-04-16T04:02:09.900+0000] {logging_mixin.py:188} INFO - [2026-04-16T04:02:09.900+0000] {dag.py:3036} INFO - Sync 2 DAGs
[2026-04-16T04:02:09.909+0000] {logging_mixin.py:188} INFO - [2026-04-16T04:02:09.909+0000] {dag.py:3823} INFO - Setting next_dagrun for example_xcom_args to None, run_after=None
[2026-04-16T04:02:09.911+0000] {logging_mixin.py:188} INFO - [2026-04-16T04:02:09.911+0000] {dag.py:3823} INFO - Setting next_dagrun for example_xcom_args_with_operators to None, run_after=None
[2026-04-16T04:02:09.921+0000] {processor.py:183} INFO - Processing /home/airflow/.local/lib/python3.8/site-packages/airflow/example_dags/example_xcomargs.py took 0.048 seconds
[2026-04-16T04:02:40.862+0000] {processor.py:161} INFO - Started process (PID=850) to work on /home/airflow/.local/lib/python3.8/site-packages/airflow/example_dags/example_xcomargs.py
[2026-04-16T04:02:40.862+0000] {processor.py:830} INFO - Processing file /home/airflow/.local/lib/python3.8/site-packages/airflow/example_dags/example_xcomargs.py for tasks to queue
[2026-04-16T04:02:40.864+0000] {logging_mixin.py:188} INFO - [2026-04-16T04:02:40.863+0000] {dagbag.py:538} INFO - Filling up the DagBag from /home/airflow/.local/lib/python3.8/site-packages/airflow/example_dags/example_xcomargs.py
[2026-04-16T04:02:40.869+0000] {processor.py:840} INFO - DAG(s) 'example_xcom_args', 'example_xcom_args_with_operators' retrieved from /home/airflow/.local/lib/python3.8/site-packages/airflow/example_dags/example_xcomargs.py
[2026-04-16T04:02:40.887+0000] {logging_mixin.py:188} INFO - [2026-04-16T04:02:40.886+0000] {dag.py:3036} INFO - Sync 2 DAGs
[2026-04-16T04:02:40.896+0000] {logging_mixin.py:188} INFO - [2026-04-16T04:02:40.896+0000] {dag.py:3823} INFO - Setting next_dagrun for example_xcom_args to None, run_after=None
[2026-04-16T04:02:40.898+0000] {logging_mixin.py:188} INFO - [2026-04-16T04:02:40.898+0000] {dag.py:3823} INFO - Setting next_dagrun for example_xcom_args_with_operators to None, run_after=None
[2026-04-16T04:02:40.910+0000] {processor.py:183} INFO - Processing /home/airflow/.local/lib/python3.8/site-packages/airflow/example_dags/example_xcomargs.py took 0.050 seconds
[2026-04-16T04:03:10.992+0000] {processor.py:161} INFO - Started process (PID=905) to work on /home/airflow/.local/lib/python3.8/site-packages/airflow/example_dags/example_xcomargs.py
[2026-04-16T04:03:10.993+0000] {processor.py:830} INFO - Processing file /home/airflow/.local/lib/python3.8/site-packages/airflow/example_dags/example_xcomargs.py for tasks to queue
[2026-04-16T04:03:10.994+0000] {logging_mixin.py:188} INFO - [2026-04-16T04:03:10.994+0000] {dagbag.py:538} INFO - Filling up the DagBag from /home/airflow/.local/lib/python3.8/site-packages/airflow/example_dags/example_xcomargs.py
[2026-04-16T04:03:11.000+0000] {processor.py:840} INFO - DAG(s) 'example_xcom_args_with_operators', 'example_xcom_args' retrieved from /home/airflow/.local/lib/python3.8/site-packages/airflow/example_dags/example_xcomargs.py
[2026-04-16T04:03:11.016+0000] {logging_mixin.py:188} INFO - [2026-04-16T04:03:11.016+0000] {dag.py:3036} INFO - Sync 2 DAGs
[2026-04-16T04:03:11.025+0000] {logging_mixin.py:188} INFO - [2026-04-16T04:03:11.025+0000] {dag.py:3823} INFO - Setting next_dagrun for example_xcom_args to None, run_after=None
[2026-04-16T04:03:11.028+0000] {logging_mixin.py:188} INFO - [2026-04-16T04:03:11.028+0000] {dag.py:3823} INFO - Setting next_dagrun for example_xcom_args_with_operators to None, run_after=None
[2026-04-16T04:03:11.038+0000] {processor.py:183} INFO - Processing /home/airflow/.local/lib/python3.8/site-packages/airflow/example_dags/example_xcomargs.py took 0.048 seconds
[2026-04-16T04:03:41.586+0000] {processor.py:161} INFO - Started process (PID=960) to work on /home/airflow/.local/lib/python3.8/site-packages/airflow/example_dags/example_xcomargs.py
[2026-04-16T04:03:41.587+0000] {processor.py:830} INFO - Processing file /home/airflow/.local/lib/python3.8/site-packages/airflow/example_dags/example_xcomargs.py for tasks to queue
[2026-04-16T04:03:41.589+0000] {logging_mixin.py:188} INFO - [2026-04-16T04:03:41.588+0000] {dagbag.py:538} INFO - Filling up the DagBag from /home/airflow/.local/lib/python3.8/site-packages/airflow/example_dags/example_xcomargs.py
[2026-04-16T04:03:41.595+0000] {processor.py:840} INFO - DAG(s) 'example_xcom_args', 'example_xcom_args_with_operators' retrieved from /home/airflow/.local/lib/python3.8/site-packages/airflow/example_dags/example_xcomargs.py
[2026-04-16T04:03:41.615+0000] {logging_mixin.py:188} INFO - [2026-04-16T04:03:41.615+0000] {dag.py:3036} INFO - Sync 2 DAGs
[2026-04-16T04:03:41.628+0000] {logging_mixin.py:188} INFO - [2026-04-16T04:03:41.628+0000] {dag.py:3823} INFO - Setting next_dagrun for example_xcom_args to None, run_after=None
[2026-04-16T04:03:41.631+0000] {logging_mixin.py:188} INFO - [2026-04-16T04:03:41.631+0000] {dag.py:3823} INFO - Setting next_dagrun for example_xcom_args_with_operators to None, run_after=None
[2026-04-16T04:03:41.643+0000] {processor.py:183} INFO - Processing /home/airflow/.local/lib/python3.8/site-packages/airflow/example_dags/example_xcomargs.py took 0.060 seconds
[2026-04-16T04:04:12.585+0000] {processor.py:161} INFO - Started process (PID=1015) to work on /home/airflow/.local/lib/python3.8/site-packages/airflow/example_dags/example_xcomargs.py
[2026-04-16T04:04:12.586+0000] {processor.py:830} INFO - Processing file /home/airflow/.local/lib/python3.8/site-packages/airflow/example_dags/example_xcomargs.py for tasks to queue
[2026-04-16T04:04:12.587+0000] {logging_mixin.py:188} INFO - [2026-04-16T04:04:12.587+0000] {dagbag.py:538} INFO - Filling up the DagBag from /home/airflow/.local/lib/python3.8/site-packages/airflow/example_dags/example_xcomargs.py
[2026-04-16T04:04:12.593+0000] {processor.py:840} INFO - DAG(s) 'example_xcom_args', 'example_xcom_args_with_operators' retrieved from /home/airflow/.local/lib/python3.8/site-packages/airflow/example_dags/example_xcomargs.py
[2026-04-16T04:04:12.609+0000] {logging_mixin.py:188} INFO - [2026-04-16T04:04:12.608+0000] {dag.py:3036} INFO - Sync 2 DAGs
[2026-04-16T04:04:12.617+0000] {logging_mixin.py:188} INFO - [2026-04-16T04:04:12.617+0000] {dag.py:3823} INFO - Setting next_dagrun for example_xcom_args to None, run_after=None
[2026-04-16T04:04:12.619+0000] {logging_mixin.py:188} INFO - [2026-04-16T04:04:12.619+0000] {dag.py:3823} INFO - Setting next_dagrun for example_xcom_args_with_operators to None, run_after=None
[2026-04-16T04:04:12.628+0000] {processor.py:183} INFO - Processing /home/airflow/.local/lib/python3.8/site-packages/airflow/example_dags/example_xcomargs.py took 0.045 seconds
[2026-04-16T04:04:42.762+0000] {processor.py:161} INFO - Started process (PID=1070) to work on /home/airflow/.local/lib/python3.8/site-packages/airflow/example_dags/example_xcomargs.py
[2026-04-16T04:04:42.763+0000] {processor.py:830} INFO - Processing file /home/airflow/.local/lib/python3.8/site-packages/airflow/example_dags/example_xcomargs.py for tasks to queue
[2026-04-16T04:04:42.764+0000] {logging_mixin.py:188} INFO - [2026-04-16T04:04:42.764+0000] {dagbag.py:538} INFO - Filling up the DagBag from /home/airflow/.local/lib/python3.8/site-packages/airflow/example_dags/example_xcomargs.py
[2026-04-16T04:04:42.770+0000] {processor.py:840} INFO - DAG(s) 'example_xcom_args_with_operators', 'example_xcom_args' retrieved from /home/airflow/.local/lib/python3.8/site-packages/airflow/example_dags/example_xcomargs.py
[2026-04-16T04:04:42.786+0000] {logging_mixin.py:188} INFO - [2026-04-16T04:04:42.786+0000] {dag.py:3036} INFO - Sync 2 DAGs
[2026-04-16T04:04:42.795+0000] {logging_mixin.py:188} INFO - [2026-04-16T04:04:42.795+0000] {dag.py:3823} INFO - Setting next_dagrun for example_xcom_args to None, run_after=None
[2026-04-16T04:04:42.798+0000] {logging_mixin.py:188} INFO - [2026-04-16T04:04:42.798+0000] {dag.py:3823} INFO - Setting next_dagrun for example_xcom_args_with_operators to None, run_after=None
[2026-04-16T04:04:42.807+0000] {processor.py:183} INFO - Processing /home/airflow/.local/lib/python3.8/site-packages/airflow/example_dags/example_xcomargs.py took 0.048 seconds
[2026-04-16T04:05:12.928+0000] {processor.py:161} INFO - Started process (PID=1125) to work on /home/airflow/.local/lib/python3.8/site-packages/airflow/example_dags/example_xcomargs.py
[2026-04-16T04:05:12.928+0000] {processor.py:830} INFO - Processing file /home/airflow/.local/lib/python3.8/site-packages/airflow/example_dags/example_xcomargs.py for tasks to queue
[2026-04-16T04:05:12.929+0000] {logging_mixin.py:188} INFO - [2026-04-16T04:05:12.929+0000] {dagbag.py:538} INFO - Filling up the DagBag from /home/airflow/.local/lib/python3.8/site-packages/airflow/example_dags/example_xcomargs.py
[2026-04-16T04:05:12.935+0000] {processor.py:840} INFO - DAG(s) 'example_xcom_args', 'example_xcom_args_with_operators' retrieved from /home/airflow/.local/lib/python3.8/site-packages/airflow/example_dags/example_xcomargs.py
[2026-04-16T04:05:12.951+0000] {logging_mixin.py:188} INFO - [2026-04-16T04:05:12.951+0000] {dag.py:3036} INFO - Sync 2 DAGs
[2026-04-16T04:05:12.959+0000] {logging_mixin.py:188} INFO - [2026-04-16T04:05:12.959+0000] {dag.py:3823} INFO - Setting next_dagrun for example_xcom_args to None, run_after=None
[2026-04-16T04:05:12.961+0000] {logging_mixin.py:188} INFO - [2026-04-16T04:05:12.961+0000] {dag.py:3823} INFO - Setting next_dagrun for example_xcom_args_with_operators to None, run_after=None
[2026-04-16T04:05:12.971+0000] {processor.py:183} INFO - Processing /home/airflow/.local/lib/python3.8/site-packages/airflow/example_dags/example_xcomargs.py took 0.045 seconds
[2026-04-16T04:05:43.941+0000] {processor.py:161} INFO - Started process (PID=1180) to work on /home/airflow/.local/lib/python3.8/site-packages/airflow/example_dags/example_xcomargs.py
[2026-04-16T04:05:43.942+0000] {processor.py:830} INFO - Processing file /home/airflow/.local/lib/python3.8/site-packages/airflow/example_dags/example_xcomargs.py for tasks to queue
[2026-04-16T04:05:43.943+0000] {logging_mixin.py:188} INFO - [2026-04-16T04:05:43.943+0000] {dagbag.py:538} INFO - Filling up the DagBag from /home/airflow/.local/lib/python3.8/site-packages/airflow/example_dags/example_xcomargs.py
[2026-04-16T04:05:43.949+0000] {processor.py:840} INFO - DAG(s) 'example_xcom_args', 'example_xcom_args_with_operators' retrieved from /home/airflow/.local/lib/python3.8/site-packages/airflow/example_dags/example_xcomargs.py
[2026-04-16T04:05:43.964+0000] {logging_mixin.py:188} INFO - [2026-04-16T04:05:43.964+0000] {dag.py:3036} INFO - Sync 2 DAGs
[2026-04-16T04:05:43.973+0000] {logging_mixin.py:188} INFO - [2026-04-16T04:05:43.973+0000] {dag.py:3823} INFO - Setting next_dagrun for example_xcom_args to None, run_after=None
[2026-04-16T04:05:43.975+0000] {logging_mixin.py:188} INFO - [2026-04-16T04:05:43.975+0000] {dag.py:3823} INFO - Setting next_dagrun for example_xcom_args_with_operators to None, run_after=None
[2026-04-16T04:05:43.984+0000] {processor.py:183} INFO - Processing /home/airflow/.local/lib/python3.8/site-packages/airflow/example_dags/example_xcomargs.py took 0.045 seconds
[2026-04-16T04:06:14.684+0000] {processor.py:161} INFO - Started process (PID=1235) to work on /home/airflow/.local/lib/python3.8/site-packages/airflow/example_dags/example_xcomargs.py
[2026-04-16T04:06:14.685+0000] {processor.py:830} INFO - Processing file /home/airflow/.local/lib/python3.8/site-packages/airflow/example_dags/example_xcomargs.py for tasks to queue
[2026-04-16T04:06:14.686+0000] {logging_mixin.py:188} INFO - [2026-04-16T04:06:14.686+0000] {dagbag.py:538} INFO - Filling up the DagBag from /home/airflow/.local/lib/python3.8/site-packages/airflow/example_dags/example_xcomargs.py
[2026-04-16T04:06:14.692+0000] {processor.py:840} INFO - DAG(s) 'example_xcom_args', 'example_xcom_args_with_operators' retrieved from /home/airflow/.local/lib/python3.8/site-packages/airflow/example_dags/example_xcomargs.py
[2026-04-16T04:06:14.708+0000] {logging_mixin.py:188} INFO - [2026-04-16T04:06:14.708+0000] {dag.py:3036} INFO - Sync 2 DAGs
[2026-04-16T04:06:14.716+0000] {logging_mixin.py:188} INFO - [2026-04-16T04:06:14.716+0000] {dag.py:3823} INFO - Setting next_dagrun for example_xcom_args to None, run_after=None
[2026-04-16T04:06:14.718+0000] {logging_mixin.py:188} INFO - [2026-04-16T04:06:14.718+0000] {dag.py:3823} INFO - Setting next_dagrun for example_xcom_args_with_operators to None, run_after=None
[2026-04-16T04:06:14.727+0000] {processor.py:183} INFO - Processing /home/airflow/.local/lib/python3.8/site-packages/airflow/example_dags/example_xcomargs.py took 0.045 seconds
[2026-04-16T04:06:45.382+0000] {processor.py:161} INFO - Started process (PID=1290) to work on /home/airflow/.local/lib/python3.8/site-packages/airflow/example_dags/example_xcomargs.py
[2026-04-16T04:06:45.382+0000] {processor.py:830} INFO - Processing file /home/airflow/.local/lib/python3.8/site-packages/airflow/example_dags/example_xcomargs.py for tasks to queue
[2026-04-16T04:06:45.383+0000] {logging_mixin.py:188} INFO - [2026-04-16T04:06:45.383+0000] {dagbag.py:538} INFO - Filling up the DagBag from /home/airflow/.local/lib/python3.8/site-packages/airflow/example_dags/example_xcomargs.py
[2026-04-16T04:06:45.389+0000] {processor.py:840} INFO - DAG(s) 'example_xcom_args', 'example_xcom_args_with_operators' retrieved from /home/airflow/.local/lib/python3.8/site-packages/airflow/example_dags/example_xcomargs.py
[2026-04-16T04:06:45.404+0000] {logging_mixin.py:188} INFO - [2026-04-16T04:06:45.404+0000] {dag.py:3036} INFO - Sync 2 DAGs
[2026-04-16T04:06:45.413+0000] {logging_mixin.py:188} INFO - [2026-04-16T04:06:45.412+0000] {dag.py:3823} INFO - Setting next_dagrun for example_xcom_args to None, run_after=None
[2026-04-16T04:06:45.415+0000] {logging_mixin.py:188} INFO - [2026-04-16T04:06:45.415+0000] {dag.py:3823} INFO - Setting next_dagrun for example_xcom_args_with_operators to None, run_after=None
[2026-04-16T04:06:45.424+0000] {processor.py:183} INFO - Processing /home/airflow/.local/lib/python3.8/site-packages/airflow/example_dags/example_xcomargs.py took 0.044 seconds
[2026-04-16T04:07:16.160+0000] {processor.py:161} INFO - Started process (PID=1345) to work on /home/airflow/.local/lib/python3.8/site-packages/airflow/example_dags/example_xcomargs.py
[2026-04-16T04:07:16.161+0000] {processor.py:830} INFO - Processing file /home/airflow/.local/lib/python3.8/site-packages/airflow/example_dags/example_xcomargs.py for tasks to queue
[2026-04-16T04:07:16.162+0000] {logging_mixin.py:188} INFO - [2026-04-16T04:07:16.162+0000] {dagbag.py:538} INFO - Filling up the DagBag from /home/airflow/.local/lib/python3.8/site-packages/airflow/example_dags/example_xcomargs.py
[2026-04-16T04:07:16.167+0000] {processor.py:840} INFO - DAG(s) 'example_xcom_args', 'example_xcom_args_with_operators' retrieved from /home/airflow/.local/lib/python3.8/site-packages/airflow/example_dags/example_xcomargs.py
[2026-04-16T04:07:16.183+0000] {logging_mixin.py:188} INFO - [2026-04-16T04:07:16.183+0000] {dag.py:3036} INFO - Sync 2 DAGs
[2026-04-16T04:07:16.192+0000] {logging_mixin.py:188} INFO - [2026-04-16T04:07:16.192+0000] {dag.py:3823} INFO - Setting next_dagrun for example_xcom_args to None, run_after=None
[2026-04-16T04:07:16.194+0000] {logging_mixin.py:188} INFO - [2026-04-16T04:07:16.194+0000] {dag.py:3823} INFO - Setting next_dagrun for example_xcom_args_with_operators to None, run_after=None
[2026-04-16T04:07:16.204+0000] {processor.py:183} INFO - Processing /home/airflow/.local/lib/python3.8/site-packages/airflow/example_dags/example_xcomargs.py took 0.046 seconds
[2026-04-16T04:07:46.890+0000] {processor.py:161} INFO - Started process (PID=1400) to work on /home/airflow/.local/lib/python3.8/site-packages/airflow/example_dags/example_xcomargs.py
[2026-04-16T04:07:46.890+0000] {processor.py:830} INFO - Processing file /home/airflow/.local/lib/python3.8/site-packages/airflow/example_dags/example_xcomargs.py for tasks to queue
[2026-04-16T04:07:46.892+0000] {logging_mixin.py:188} INFO - [2026-04-16T04:07:46.891+0000] {dagbag.py:538} INFO - Filling up the DagBag from /home/airflow/.local/lib/python3.8/site-packages/airflow/example_dags/example_xcomargs.py
[2026-04-16T04:07:46.897+0000] {processor.py:840} INFO - DAG(s) 'example_xcom_args_with_operators', 'example_xcom_args' retrieved from /home/airflow/.local/lib/python3.8/site-packages/airflow/example_dags/example_xcomargs.py
[2026-04-16T04:07:46.913+0000] {logging_mixin.py:188} INFO - [2026-04-16T04:07:46.913+0000] {dag.py:3036} INFO - Sync 2 DAGs
[2026-04-16T04:07:46.921+0000] {logging_mixin.py:188} INFO - [2026-04-16T04:07:46.921+0000] {dag.py:3823} INFO - Setting next_dagrun for example_xcom_args to None, run_after=None
[2026-04-16T04:07:46.923+0000] {logging_mixin.py:188} INFO - [2026-04-16T04:07:46.923+0000] {dag.py:3823} INFO - Setting next_dagrun for example_xcom_args_with_operators to None, run_after=None
[2026-04-16T04:07:46.933+0000] {processor.py:183} INFO - Processing /home/airflow/.local/lib/python3.8/site-packages/airflow/example_dags/example_xcomargs.py took 0.046 seconds
[2026-04-16T04:08:17.596+0000] {processor.py:161} INFO - Started process (PID=1455) to work on /home/airflow/.local/lib/python3.8/site-packages/airflow/example_dags/example_xcomargs.py
[2026-04-16T04:08:17.597+0000] {processor.py:830} INFO - Processing file /home/airflow/.local/lib/python3.8/site-packages/airflow/example_dags/example_xcomargs.py for tasks to queue
[2026-04-16T04:08:17.598+0000] {logging_mixin.py:188} INFO - [2026-04-16T04:08:17.598+0000] {dagbag.py:538} INFO - Filling up the DagBag from /home/airflow/.local/lib/python3.8/site-packages/airflow/example_dags/example_xcomargs.py
[2026-04-16T04:08:17.603+0000] {processor.py:840} INFO - DAG(s) 'example_xcom_args_with_operators', 'example_xcom_args' retrieved from /home/airflow/.local/lib/python3.8/site-packages/airflow/example_dags/example_xcomargs.py
[2026-04-16T04:08:17.620+0000] {logging_mixin.py:188} INFO - [2026-04-16T04:08:17.620+0000] {dag.py:3036} INFO - Sync 2 DAGs
[2026-04-16T04:08:17.628+0000] {logging_mixin.py:188} INFO - [2026-04-16T04:08:17.628+0000] {dag.py:3823} INFO - Setting next_dagrun for example_xcom_args to None, run_after=None
[2026-04-16T04:08:17.631+0000] {logging_mixin.py:188} INFO - [2026-04-16T04:08:17.630+0000] {dag.py:3823} INFO - Setting next_dagrun for example_xcom_args_with_operators to None, run_after=None
[2026-04-16T04:08:17.640+0000] {processor.py:183} INFO - Processing /home/airflow/.local/lib/python3.8/site-packages/airflow/example_dags/example_xcomargs.py took 0.046 seconds
[2026-04-16T04:08:48.338+0000] {processor.py:161} INFO - Started process (PID=1510) to work on /home/airflow/.local/lib/python3.8/site-packages/airflow/example_dags/example_xcomargs.py
[2026-04-16T04:08:48.338+0000] {processor.py:830} INFO - Processing file /home/airflow/.local/lib/python3.8/site-packages/airflow/example_dags/example_xcomargs.py for tasks to queue
[2026-04-16T04:08:48.339+0000] {logging_mixin.py:188} INFO - [2026-04-16T04:08:48.339+0000] {dagbag.py:538} INFO - Filling up the DagBag from /home/airflow/.local/lib/python3.8/site-packages/airflow/example_dags/example_xcomargs.py
[2026-04-16T04:08:48.345+0000] {processor.py:840} INFO - DAG(s) 'example_xcom_args_with_operators', 'example_xcom_args' retrieved from /home/airflow/.local/lib/python3.8/site-packages/airflow/example_dags/example_xcomargs.py
[2026-04-16T04:08:48.361+0000] {logging_mixin.py:188} INFO - [2026-04-16T04:08:48.361+0000] {dag.py:3036} INFO - Sync 2 DAGs
[2026-04-16T04:08:48.369+0000] {logging_mixin.py:188} INFO - [2026-04-16T04:08:48.369+0000] {dag.py:3823} INFO - Setting next_dagrun for example_xcom_args to None, run_after=None
[2026-04-16T04:08:48.372+0000] {logging_mixin.py:188} INFO - [2026-04-16T04:08:48.371+0000] {dag.py:3823} INFO - Setting next_dagrun for example_xcom_args_with_operators to None, run_after=None
[2026-04-16T04:08:48.380+0000] {processor.py:183} INFO - Processing /home/airflow/.local/lib/python3.8/site-packages/airflow/example_dags/example_xcomargs.py took 0.045 seconds
[2026-04-16T04:09:19.223+0000] {processor.py:161} INFO - Started process (PID=1565) to work on /home/airflow/.local/lib/python3.8/site-packages/airflow/example_dags/example_xcomargs.py
[2026-04-16T04:09:19.223+0000] {processor.py:830} INFO - Processing file /home/airflow/.local/lib/python3.8/site-packages/airflow/example_dags/example_xcomargs.py for tasks to queue
[2026-04-16T04:09:19.225+0000] {logging_mixin.py:188} INFO - [2026-04-16T04:09:19.224+0000] {dagbag.py:538} INFO - Filling up the DagBag from /home/airflow/.local/lib/python3.8/site-packages/airflow/example_dags/example_xcomargs.py
[2026-04-16T04:09:19.230+0000] {processor.py:840} INFO - DAG(s) 'example_xcom_args_with_operators', 'example_xcom_args' retrieved from /home/airflow/.local/lib/python3.8/site-packages/airflow/example_dags/example_xcomargs.py
[2026-04-16T04:09:19.246+0000] {logging_mixin.py:188} INFO - [2026-04-16T04:09:19.245+0000] {dag.py:3036} INFO - Sync 2 DAGs
[2026-04-16T04:09:19.254+0000] {logging_mixin.py:188} INFO - [2026-04-16T04:09:19.254+0000] {dag.py:3823} INFO - Setting next_dagrun for example_xcom_args to None, run_after=None
[2026-04-16T04:09:19.256+0000] {logging_mixin.py:188} INFO - [2026-04-16T04:09:19.256+0000] {dag.py:3823} INFO - Setting next_dagrun for example_xcom_args_with_operators to None, run_after=None
[2026-04-16T04:09:19.265+0000] {processor.py:183} INFO - Processing /home/airflow/.local/lib/python3.8/site-packages/airflow/example_dags/example_xcomargs.py took 0.044 seconds
[2026-04-16T04:09:49.341+0000] {processor.py:161} INFO - Started process (PID=1620) to work on /home/airflow/.local/lib/python3.8/site-packages/airflow/example_dags/example_xcomargs.py
[2026-04-16T04:09:49.342+0000] {processor.py:830} INFO - Processing file /home/airflow/.local/lib/python3.8/site-packages/airflow/example_dags/example_xcomargs.py for tasks to queue
[2026-04-16T04:09:49.343+0000] {logging_mixin.py:188} INFO - [2026-04-16T04:09:49.343+0000] {dagbag.py:538} INFO - Filling up the DagBag from /home/airflow/.local/lib/python3.8/site-packages/airflow/example_dags/example_xcomargs.py
[2026-04-16T04:09:49.348+0000] {processor.py:840} INFO - DAG(s) 'example_xcom_args', 'example_xcom_args_with_operators' retrieved from /home/airflow/.local/lib/python3.8/site-packages/airflow/example_dags/example_xcomargs.py
[2026-04-16T04:09:49.365+0000] {logging_mixin.py:188} INFO - [2026-04-16T04:09:49.365+0000] {dag.py:3036} INFO - Sync 2 DAGs
[2026-04-16T04:09:49.373+0000] {logging_mixin.py:188} INFO - [2026-04-16T04:09:49.373+0000] {dag.py:3823} INFO - Setting next_dagrun for example_xcom_args to None, run_after=None
[2026-04-16T04:09:49.375+0000] {logging_mixin.py:188} INFO - [2026-04-16T04:09:49.375+0000] {dag.py:3823} INFO - Setting next_dagrun for example_xcom_args_with_operators to None, run_after=None
[2026-04-16T04:09:49.384+0000] {processor.py:183} INFO - Processing /home/airflow/.local/lib/python3.8/site-packages/airflow/example_dags/example_xcomargs.py took 0.045 seconds
[2026-04-16T04:10:19.478+0000] {processor.py:161} INFO - Started process (PID=1675) to work on /home/airflow/.local/lib/python3.8/site-packages/airflow/example_dags/example_xcomargs.py
[2026-04-16T04:10:19.479+0000] {processor.py:830} INFO - Processing file /home/airflow/.local/lib/python3.8/site-packages/airflow/example_dags/example_xcomargs.py for tasks to queue
[2026-04-16T04:10:19.480+0000] {logging_mixin.py:188} INFO - [2026-04-16T04:10:19.480+0000] {dagbag.py:538} INFO - Filling up the DagBag from /home/airflow/.local/lib/python3.8/site-packages/airflow/example_dags/example_xcomargs.py
[2026-04-16T04:10:19.486+0000] {processor.py:840} INFO - DAG(s) 'example_xcom_args_with_operators', 'example_xcom_args' retrieved from /home/airflow/.local/lib/python3.8/site-packages/airflow/example_dags/example_xcomargs.py
[2026-04-16T04:10:19.502+0000] {logging_mixin.py:188} INFO - [2026-04-16T04:10:19.502+0000] {dag.py:3036} INFO - Sync 2 DAGs
[2026-04-16T04:10:19.511+0000] {logging_mixin.py:188} INFO - [2026-04-16T04:10:19.511+0000] {dag.py:3823} INFO - Setting next_dagrun for example_xcom_args to None, run_after=None
[2026-04-16T04:10:19.514+0000] {logging_mixin.py:188} INFO - [2026-04-16T04:10:19.514+0000] {dag.py:3823} INFO - Setting next_dagrun for example_xcom_args_with_operators to None, run_after=None
[2026-04-16T04:10:19.524+0000] {processor.py:183} INFO - Processing /home/airflow/.local/lib/python3.8/site-packages/airflow/example_dags/example_xcomargs.py took 0.048 seconds
[2026-04-16T04:10:50.607+0000] {processor.py:161} INFO - Started process (PID=1730) to work on /home/airflow/.local/lib/python3.8/site-packages/airflow/example_dags/example_xcomargs.py
[2026-04-16T04:10:50.608+0000] {processor.py:830} INFO - Processing file /home/airflow/.local/lib/python3.8/site-packages/airflow/example_dags/example_xcomargs.py for tasks to queue
[2026-04-16T04:10:50.609+0000] {logging_mixin.py:188} INFO - [2026-04-16T04:10:50.609+0000] {dagbag.py:538} INFO - Filling up the DagBag from /home/airflow/.local/lib/python3.8/site-packages/airflow/example_dags/example_xcomargs.py
[2026-04-16T04:10:50.615+0000] {processor.py:840} INFO - DAG(s) 'example_xcom_args_with_operators', 'example_xcom_args' retrieved from /home/airflow/.local/lib/python3.8/site-packages/airflow/example_dags/example_xcomargs.py
[2026-04-16T04:10:50.632+0000] {logging_mixin.py:188} INFO - [2026-04-16T04:10:50.632+0000] {dag.py:3036} INFO - Sync 2 DAGs
[2026-04-16T04:10:50.642+0000] {logging_mixin.py:188} INFO - [2026-04-16T04:10:50.642+0000] {dag.py:3823} INFO - Setting next_dagrun for example_xcom_args to None, run_after=None
[2026-04-16T04:10:50.645+0000] {logging_mixin.py:188} INFO - [2026-04-16T04:10:50.644+0000] {dag.py:3823} INFO - Setting next_dagrun for example_xcom_args_with_operators to None, run_after=None
[2026-04-16T04:10:50.654+0000] {processor.py:183} INFO - Processing /home/airflow/.local/lib/python3.8/site-packages/airflow/example_dags/example_xcomargs.py took 0.048 seconds
[2026-04-16T04:11:21.734+0000] {processor.py:161} INFO - Started process (PID=1785) to work on /home/airflow/.local/lib/python3.8/site-packages/airflow/example_dags/example_xcomargs.py
[2026-04-16T04:11:21.735+0000] {processor.py:830} INFO - Processing file /home/airflow/.local/lib/python3.8/site-packages/airflow/example_dags/example_xcomargs.py for tasks to queue
[2026-04-16T04:11:21.736+0000] {logging_mixin.py:188} INFO - [2026-04-16T04:11:21.735+0000] {dagbag.py:538} INFO - Filling up the DagBag from /home/airflow/.local/lib/python3.8/site-packages/airflow/example_dags/example_xcomargs.py
[2026-04-16T04:11:21.741+0000] {processor.py:840} INFO - DAG(s) 'example_xcom_args', 'example_xcom_args_with_operators' retrieved from /home/airflow/.local/lib/python3.8/site-packages/airflow/example_dags/example_xcomargs.py
[2026-04-16T04:11:21.756+0000] {logging_mixin.py:188} INFO - [2026-04-16T04:11:21.756+0000] {dag.py:3036} INFO - Sync 2 DAGs
[2026-04-16T04:11:21.765+0000] {logging_mixin.py:188} INFO - [2026-04-16T04:11:21.765+0000] {dag.py:3823} INFO - Setting next_dagrun for example_xcom_args to None, run_after=None
[2026-04-16T04:11:21.767+0000] {logging_mixin.py:188} INFO - [2026-04-16T04:11:21.767+0000] {dag.py:3823} INFO - Setting next_dagrun for example_xcom_args_with_operators to None, run_after=None
[2026-04-16T04:11:21.776+0000] {processor.py:183} INFO - Processing /home/airflow/.local/lib/python3.8/site-packages/airflow/example_dags/example_xcomargs.py took 0.045 seconds
[2026-04-16T04:11:52.419+0000] {processor.py:161} INFO - Started process (PID=1840) to work on /home/airflow/.local/lib/python3.8/site-packages/airflow/example_dags/example_xcomargs.py
[2026-04-16T04:11:52.420+0000] {processor.py:830} INFO - Processing file /home/airflow/.local/lib/python3.8/site-packages/airflow/example_dags/example_xcomargs.py for tasks to queue
[2026-04-16T04:11:52.421+0000] {logging_mixin.py:188} INFO - [2026-04-16T04:11:52.421+0000] {dagbag.py:538} INFO - Filling up the DagBag from /home/airflow/.local/lib/python3.8/site-packages/airflow/example_dags/example_xcomargs.py
[2026-04-16T04:11:52.426+0000] {processor.py:840} INFO - DAG(s) 'example_xcom_args_with_operators', 'example_xcom_args' retrieved from /home/airflow/.local/lib/python3.8/site-packages/airflow/example_dags/example_xcomargs.py
[2026-04-16T04:11:52.443+0000] {logging_mixin.py:188} INFO - [2026-04-16T04:11:52.443+0000] {dag.py:3036} INFO - Sync 2 DAGs
[2026-04-16T04:11:52.452+0000] {logging_mixin.py:188} INFO - [2026-04-16T04:11:52.452+0000] {dag.py:3823} INFO - Setting next_dagrun for example_xcom_args to None, run_after=None
[2026-04-16T04:11:52.454+0000] {logging_mixin.py:188} INFO - [2026-04-16T04:11:52.454+0000] {dag.py:3823} INFO - Setting next_dagrun for example_xcom_args_with_operators to None, run_after=None
[2026-04-16T04:11:52.464+0000] {processor.py:183} INFO - Processing /home/airflow/.local/lib/python3.8/site-packages/airflow/example_dags/example_xcomargs.py took 0.047 seconds
[2026-04-16T04:12:23.052+0000] {processor.py:161} INFO - Started process (PID=1895) to work on /home/airflow/.local/lib/python3.8/site-packages/airflow/example_dags/example_xcomargs.py
[2026-04-16T04:12:23.053+0000] {processor.py:830} INFO - Processing file /home/airflow/.local/lib/python3.8/site-packages/airflow/example_dags/example_xcomargs.py for tasks to queue
[2026-04-16T04:12:23.054+0000] {logging_mixin.py:188} INFO - [2026-04-16T04:12:23.054+0000] {dagbag.py:538} INFO - Filling up the DagBag from /home/airflow/.local/lib/python3.8/site-packages/airflow/example_dags/example_xcomargs.py
[2026-04-16T04:12:23.059+0000] {processor.py:840} INFO - DAG(s) 'example_xcom_args_with_operators', 'example_xcom_args' retrieved from /home/airflow/.local/lib/python3.8/site-packages/airflow/example_dags/example_xcomargs.py
[2026-04-16T04:12:23.075+0000] {logging_mixin.py:188} INFO - [2026-04-16T04:12:23.075+0000] {dag.py:3036} INFO - Sync 2 DAGs
[2026-04-16T04:12:23.084+0000] {logging_mixin.py:188} INFO - [2026-04-16T04:12:23.084+0000] {dag.py:3823} INFO - Setting next_dagrun for example_xcom_args to None, run_after=None
[2026-04-16T04:12:23.086+0000] {logging_mixin.py:188} INFO - [2026-04-16T04:12:23.086+0000] {dag.py:3823} INFO - Setting next_dagrun for example_xcom_args_with_operators to None, run_after=None
[2026-04-16T04:12:23.095+0000] {processor.py:183} INFO - Processing /home/airflow/.local/lib/python3.8/site-packages/airflow/example_dags/example_xcomargs.py took 0.045 seconds
[2026-04-16T04:12:53.660+0000] {processor.py:161} INFO - Started process (PID=1950) to work on /home/airflow/.local/lib/python3.8/site-packages/airflow/example_dags/example_xcomargs.py
[2026-04-16T04:12:53.660+0000] {processor.py:830} INFO - Processing file /home/airflow/.local/lib/python3.8/site-packages/airflow/example_dags/example_xcomargs.py for tasks to queue
[2026-04-16T04:12:53.661+0000] {logging_mixin.py:188} INFO - [2026-04-16T04:12:53.661+0000] {dagbag.py:538} INFO - Filling up the DagBag from /home/airflow/.local/lib/python3.8/site-packages/airflow/example_dags/example_xcomargs.py
[2026-04-16T04:12:53.667+0000] {processor.py:840} INFO - DAG(s) 'example_xcom_args', 'example_xcom_args_with_operators' retrieved from /home/airflow/.local/lib/python3.8/site-packages/airflow/example_dags/example_xcomargs.py
[2026-04-16T04:12:53.682+0000] {logging_mixin.py:188} INFO - [2026-04-16T04:12:53.682+0000] {dag.py:3036} INFO - Sync 2 DAGs
[2026-04-16T04:12:53.690+0000] {logging_mixin.py:188} INFO - [2026-04-16T04:12:53.690+0000] {dag.py:3823} INFO - Setting next_dagrun for example_xcom_args to None, run_after=None
[2026-04-16T04:12:53.692+0000] {logging_mixin.py:188} INFO - [2026-04-16T04:12:53.692+0000] {dag.py:3823} INFO - Setting next_dagrun for example_xcom_args_with_operators to None, run_after=None
[2026-04-16T04:12:53.702+0000] {processor.py:183} INFO - Processing /home/airflow/.local/lib/python3.8/site-packages/airflow/example_dags/example_xcomargs.py took 0.044 seconds
[2026-04-16T04:13:24.308+0000] {processor.py:161} INFO - Started process (PID=2005) to work on /home/airflow/.local/lib/python3.8/site-packages/airflow/example_dags/example_xcomargs.py
[2026-04-16T04:13:24.309+0000] {processor.py:830} INFO - Processing file /home/airflow/.local/lib/python3.8/site-packages/airflow/example_dags/example_xcomargs.py for tasks to queue
[2026-04-16T04:13:24.310+0000] {logging_mixin.py:188} INFO - [2026-04-16T04:13:24.310+0000] {dagbag.py:538} INFO - Filling up the DagBag from /home/airflow/.local/lib/python3.8/site-packages/airflow/example_dags/example_xcomargs.py
[2026-04-16T04:13:24.316+0000] {processor.py:840} INFO - DAG(s) 'example_xcom_args', 'example_xcom_args_with_operators' retrieved from /home/airflow/.local/lib/python3.8/site-packages/airflow/example_dags/example_xcomargs.py
[2026-04-16T04:13:24.332+0000] {logging_mixin.py:188} INFO - [2026-04-16T04:13:24.332+0000] {dag.py:3036} INFO - Sync 2 DAGs
[2026-04-16T04:13:24.341+0000] {logging_mixin.py:188} INFO - [2026-04-16T04:13:24.340+0000] {dag.py:3823} INFO - Setting next_dagrun for example_xcom_args to None, run_after=None
[2026-04-16T04:13:24.343+0000] {logging_mixin.py:188} INFO - [2026-04-16T04:13:24.343+0000] {dag.py:3823} INFO - Setting next_dagrun for example_xcom_args_with_operators to None, run_after=None
[2026-04-16T04:13:24.353+0000] {processor.py:183} INFO - Processing /home/airflow/.local/lib/python3.8/site-packages/airflow/example_dags/example_xcomargs.py took 0.047 seconds
[2026-04-16T04:13:55.157+0000] {processor.py:161} INFO - Started process (PID=2060) to work on /home/airflow/.local/lib/python3.8/site-packages/airflow/example_dags/example_xcomargs.py
[2026-04-16T04:13:55.158+0000] {processor.py:830} INFO - Processing file /home/airflow/.local/lib/python3.8/site-packages/airflow/example_dags/example_xcomargs.py for tasks to queue
[2026-04-16T04:13:55.159+0000] {logging_mixin.py:188} INFO - [2026-04-16T04:13:55.159+0000] {dagbag.py:538} INFO - Filling up the DagBag from /home/airflow/.local/lib/python3.8/site-packages/airflow/example_dags/example_xcomargs.py
[2026-04-16T04:13:55.165+0000] {processor.py:840} INFO - DAG(s) 'example_xcom_args', 'example_xcom_args_with_operators' retrieved from /home/airflow/.local/lib/python3.8/site-packages/airflow/example_dags/example_xcomargs.py
[2026-04-16T04:13:55.180+0000] {logging_mixin.py:188} INFO - [2026-04-16T04:13:55.180+0000] {dag.py:3036} INFO - Sync 2 DAGs
[2026-04-16T04:13:55.189+0000] {logging_mixin.py:188} INFO - [2026-04-16T04:13:55.189+0000] {dag.py:3823} INFO - Setting next_dagrun for example_xcom_args to None, run_after=None
[2026-04-16T04:13:55.192+0000] {logging_mixin.py:188} INFO - [2026-04-16T04:13:55.192+0000] {dag.py:3823} INFO - Setting next_dagrun for example_xcom_args_with_operators to None, run_after=None
[2026-04-16T04:13:55.202+0000] {processor.py:183} INFO - Processing /home/airflow/.local/lib/python3.8/site-packages/airflow/example_dags/example_xcomargs.py took 0.048 seconds
[2026-04-16T04:14:26.175+0000] {processor.py:161} INFO - Started process (PID=2115) to work on /home/airflow/.local/lib/python3.8/site-packages/airflow/example_dags/example_xcomargs.py
[2026-04-16T04:14:26.176+0000] {processor.py:830} INFO - Processing file /home/airflow/.local/lib/python3.8/site-packages/airflow/example_dags/example_xcomargs.py for tasks to queue
[2026-04-16T04:14:26.177+0000] {logging_mixin.py:188} INFO - [2026-04-16T04:14:26.177+0000] {dagbag.py:538} INFO - Filling up the DagBag from /home/airflow/.local/lib/python3.8/site-packages/airflow/example_dags/example_xcomargs.py
[2026-04-16T04:14:26.182+0000] {processor.py:840} INFO - DAG(s) 'example_xcom_args_with_operators', 'example_xcom_args' retrieved from /home/airflow/.local/lib/python3.8/site-packages/airflow/example_dags/example_xcomargs.py
[2026-04-16T04:14:26.199+0000] {logging_mixin.py:188} INFO - [2026-04-16T04:14:26.199+0000] {dag.py:3036} INFO - Sync 2 DAGs
[2026-04-16T04:14:26.208+0000] {logging_mixin.py:188} INFO - [2026-04-16T04:14:26.208+0000] {dag.py:3823} INFO - Setting next_dagrun for example_xcom_args to None, run_after=None
[2026-04-16T04:14:26.210+0000] {logging_mixin.py:188} INFO - [2026-04-16T04:14:26.210+0000] {dag.py:3823} INFO - Setting next_dagrun for example_xcom_args_with_operators to None, run_after=None
[2026-04-16T04:14:26.219+0000] {processor.py:183} INFO - Processing /home/airflow/.local/lib/python3.8/site-packages/airflow/example_dags/example_xcomargs.py took 0.046 seconds
[2026-04-16T04:14:57.009+0000] {processor.py:161} INFO - Started process (PID=2170) to work on /home/airflow/.local/lib/python3.8/site-packages/airflow/example_dags/example_xcomargs.py
[2026-04-16T04:14:57.009+0000] {processor.py:830} INFO - Processing file /home/airflow/.local/lib/python3.8/site-packages/airflow/example_dags/example_xcomargs.py for tasks to queue
[2026-04-16T04:14:57.011+0000] {logging_mixin.py:188} INFO - [2026-04-16T04:14:57.010+0000] {dagbag.py:538} INFO - Filling up the DagBag from /home/airflow/.local/lib/python3.8/site-packages/airflow/example_dags/example_xcomargs.py
[2026-04-16T04:14:57.016+0000] {processor.py:840} INFO - DAG(s) 'example_xcom_args_with_operators', 'example_xcom_args' retrieved from /home/airflow/.local/lib/python3.8/site-packages/airflow/example_dags/example_xcomargs.py
[2026-04-16T04:14:57.033+0000] {logging_mixin.py:188} INFO - [2026-04-16T04:14:57.032+0000] {dag.py:3036} INFO - Sync 2 DAGs
[2026-04-16T04:14:57.041+0000] {logging_mixin.py:188} INFO - [2026-04-16T04:14:57.041+0000] {dag.py:3823} INFO - Setting next_dagrun for example_xcom_args to None, run_after=None
[2026-04-16T04:14:57.044+0000] {logging_mixin.py:188} INFO - [2026-04-16T04:14:57.043+0000] {dag.py:3823} INFO - Setting next_dagrun for example_xcom_args_with_operators to None, run_after=None
[2026-04-16T04:14:57.053+0000] {processor.py:183} INFO - Processing /home/airflow/.local/lib/python3.8/site-packages/airflow/example_dags/example_xcomargs.py took 0.046 seconds
[2026-04-16T04:15:27.183+0000] {processor.py:161} INFO - Started process (PID=2224) to work on /home/airflow/.local/lib/python3.8/site-packages/airflow/example_dags/example_xcomargs.py
[2026-04-16T04:15:27.186+0000] {processor.py:830} INFO - Processing file /home/airflow/.local/lib/python3.8/site-packages/airflow/example_dags/example_xcomargs.py for tasks to queue
[2026-04-16T04:15:27.187+0000] {logging_mixin.py:188} INFO - [2026-04-16T04:15:27.187+0000] {dagbag.py:538} INFO - Filling up the DagBag from /home/airflow/.local/lib/python3.8/site-packages/airflow/example_dags/example_xcomargs.py
[2026-04-16T04:15:27.193+0000] {processor.py:840} INFO - DAG(s) 'example_xcom_args_with_operators', 'example_xcom_args' retrieved from /home/airflow/.local/lib/python3.8/site-packages/airflow/example_dags/example_xcomargs.py
[2026-04-16T04:15:27.209+0000] {logging_mixin.py:188} INFO - [2026-04-16T04:15:27.209+0000] {dag.py:3036} INFO - Sync 2 DAGs
[2026-04-16T04:15:27.218+0000] {logging_mixin.py:188} INFO - [2026-04-16T04:15:27.218+0000] {dag.py:3823} INFO - Setting next_dagrun for example_xcom_args to None, run_after=None
[2026-04-16T04:15:27.220+0000] {logging_mixin.py:188} INFO - [2026-04-16T04:15:27.220+0000] {dag.py:3823} INFO - Setting next_dagrun for example_xcom_args_with_operators to None, run_after=None
[2026-04-16T04:15:27.230+0000] {processor.py:183} INFO - Processing /home/airflow/.local/lib/python3.8/site-packages/airflow/example_dags/example_xcomargs.py took 0.050 seconds
[2026-04-16T04:15:57.523+0000] {processor.py:161} INFO - Started process (PID=2279) to work on /home/airflow/.local/lib/python3.8/site-packages/airflow/example_dags/example_xcomargs.py
[2026-04-16T04:15:57.526+0000] {processor.py:830} INFO - Processing file /home/airflow/.local/lib/python3.8/site-packages/airflow/example_dags/example_xcomargs.py for tasks to queue
[2026-04-16T04:15:57.527+0000] {logging_mixin.py:188} INFO - [2026-04-16T04:15:57.527+0000] {dagbag.py:538} INFO - Filling up the DagBag from /home/airflow/.local/lib/python3.8/site-packages/airflow/example_dags/example_xcomargs.py
[2026-04-16T04:15:57.533+0000] {processor.py:840} INFO - DAG(s) 'example_xcom_args', 'example_xcom_args_with_operators' retrieved from /home/airflow/.local/lib/python3.8/site-packages/airflow/example_dags/example_xcomargs.py
[2026-04-16T04:15:57.551+0000] {logging_mixin.py:188} INFO - [2026-04-16T04:15:57.550+0000] {dag.py:3036} INFO - Sync 2 DAGs
[2026-04-16T04:15:57.560+0000] {logging_mixin.py:188} INFO - [2026-04-16T04:15:57.560+0000] {dag.py:3823} INFO - Setting next_dagrun for example_xcom_args to None, run_after=None
[2026-04-16T04:15:57.563+0000] {logging_mixin.py:188} INFO - [2026-04-16T04:15:57.563+0000] {dag.py:3823} INFO - Setting next_dagrun for example_xcom_args_with_operators to None, run_after=None
[2026-04-16T04:15:57.575+0000] {processor.py:183} INFO - Processing /home/airflow/.local/lib/python3.8/site-packages/airflow/example_dags/example_xcomargs.py took 0.054 seconds
[2026-04-16T04:16:27.967+0000] {processor.py:161} INFO - Started process (PID=2334) to work on /home/airflow/.local/lib/python3.8/site-packages/airflow/example_dags/example_xcomargs.py
[2026-04-16T04:16:27.971+0000] {processor.py:830} INFO - Processing file /home/airflow/.local/lib/python3.8/site-packages/airflow/example_dags/example_xcomargs.py for tasks to queue
[2026-04-16T04:16:27.973+0000] {logging_mixin.py:188} INFO - [2026-04-16T04:16:27.973+0000] {dagbag.py:538} INFO - Filling up the DagBag from /home/airflow/.local/lib/python3.8/site-packages/airflow/example_dags/example_xcomargs.py
[2026-04-16T04:16:27.978+0000] {processor.py:840} INFO - DAG(s) 'example_xcom_args_with_operators', 'example_xcom_args' retrieved from /home/airflow/.local/lib/python3.8/site-packages/airflow/example_dags/example_xcomargs.py
[2026-04-16T04:16:27.995+0000] {logging_mixin.py:188} INFO - [2026-04-16T04:16:27.995+0000] {dag.py:3036} INFO - Sync 2 DAGs
[2026-04-16T04:16:28.005+0000] {logging_mixin.py:188} INFO - [2026-04-16T04:16:28.005+0000] {dag.py:3823} INFO - Setting next_dagrun for example_xcom_args to None, run_after=None
[2026-04-16T04:16:28.008+0000] {logging_mixin.py:188} INFO - [2026-04-16T04:16:28.008+0000] {dag.py:3823} INFO - Setting next_dagrun for example_xcom_args_with_operators to None, run_after=None
[2026-04-16T04:16:28.019+0000] {processor.py:183} INFO - Processing /home/airflow/.local/lib/python3.8/site-packages/airflow/example_dags/example_xcomargs.py took 0.054 seconds
[2026-04-16T04:16:58.270+0000] {processor.py:161} INFO - Started process (PID=2389) to work on /home/airflow/.local/lib/python3.8/site-packages/airflow/example_dags/example_xcomargs.py
[2026-04-16T04:16:58.270+0000] {processor.py:830} INFO - Processing file /home/airflow/.local/lib/python3.8/site-packages/airflow/example_dags/example_xcomargs.py for tasks to queue
[2026-04-16T04:16:58.272+0000] {logging_mixin.py:188} INFO - [2026-04-16T04:16:58.271+0000] {dagbag.py:538} INFO - Filling up the DagBag from /home/airflow/.local/lib/python3.8/site-packages/airflow/example_dags/example_xcomargs.py
[2026-04-16T04:16:58.277+0000] {processor.py:840} INFO - DAG(s) 'example_xcom_args_with_operators', 'example_xcom_args' retrieved from /home/airflow/.local/lib/python3.8/site-packages/airflow/example_dags/example_xcomargs.py
[2026-04-16T04:16:58.295+0000] {logging_mixin.py:188} INFO - [2026-04-16T04:16:58.295+0000] {dag.py:3036} INFO - Sync 2 DAGs
[2026-04-16T04:16:58.305+0000] {logging_mixin.py:188} INFO - [2026-04-16T04:16:58.304+0000] {dag.py:3823} INFO - Setting next_dagrun for example_xcom_args to None, run_after=None
[2026-04-16T04:16:58.307+0000] {logging_mixin.py:188} INFO - [2026-04-16T04:16:58.307+0000] {dag.py:3823} INFO - Setting next_dagrun for example_xcom_args_with_operators to None, run_after=None
[2026-04-16T04:16:58.319+0000] {processor.py:183} INFO - Processing /home/airflow/.local/lib/python3.8/site-packages/airflow/example_dags/example_xcomargs.py took 0.052 seconds
[2026-04-16T04:17:29.198+0000] {processor.py:161} INFO - Started process (PID=2445) to work on /home/airflow/.local/lib/python3.8/site-packages/airflow/example_dags/example_xcomargs.py
[2026-04-16T04:17:29.198+0000] {processor.py:830} INFO - Processing file /home/airflow/.local/lib/python3.8/site-packages/airflow/example_dags/example_xcomargs.py for tasks to queue
[2026-04-16T04:17:29.200+0000] {logging_mixin.py:188} INFO - [2026-04-16T04:17:29.200+0000] {dagbag.py:538} INFO - Filling up the DagBag from /home/airflow/.local/lib/python3.8/site-packages/airflow/example_dags/example_xcomargs.py
[2026-04-16T04:17:29.205+0000] {processor.py:840} INFO - DAG(s) 'example_xcom_args', 'example_xcom_args_with_operators' retrieved from /home/airflow/.local/lib/python3.8/site-packages/airflow/example_dags/example_xcomargs.py
[2026-04-16T04:17:29.222+0000] {logging_mixin.py:188} INFO - [2026-04-16T04:17:29.222+0000] {dag.py:3036} INFO - Sync 2 DAGs
[2026-04-16T04:17:29.231+0000] {logging_mixin.py:188} INFO - [2026-04-16T04:17:29.231+0000] {dag.py:3823} INFO - Setting next_dagrun for example_xcom_args to None, run_after=None
[2026-04-16T04:17:29.233+0000] {logging_mixin.py:188} INFO - [2026-04-16T04:17:29.233+0000] {dag.py:3823} INFO - Setting next_dagrun for example_xcom_args_with_operators to None, run_after=None
[2026-04-16T04:17:29.242+0000] {processor.py:183} INFO - Processing /home/airflow/.local/lib/python3.8/site-packages/airflow/example_dags/example_xcomargs.py took 0.047 seconds
[2026-04-16T04:18:00.015+0000] {processor.py:161} INFO - Started process (PID=2500) to work on /home/airflow/.local/lib/python3.8/site-packages/airflow/example_dags/example_xcomargs.py
[2026-04-16T04:18:00.015+0000] {processor.py:830} INFO - Processing file /home/airflow/.local/lib/python3.8/site-packages/airflow/example_dags/example_xcomargs.py for tasks to queue
[2026-04-16T04:18:00.017+0000] {logging_mixin.py:188} INFO - [2026-04-16T04:18:00.016+0000] {dagbag.py:538} INFO - Filling up the DagBag from /home/airflow/.local/lib/python3.8/site-packages/airflow/example_dags/example_xcomargs.py
[2026-04-16T04:18:00.023+0000] {processor.py:840} INFO - DAG(s) 'example_xcom_args', 'example_xcom_args_with_operators' retrieved from /home/airflow/.local/lib/python3.8/site-packages/airflow/example_dags/example_xcomargs.py
[2026-04-16T04:18:00.044+0000] {logging_mixin.py:188} INFO - [2026-04-16T04:18:00.043+0000] {dag.py:3036} INFO - Sync 2 DAGs
[2026-04-16T04:18:00.055+0000] {logging_mixin.py:188} INFO - [2026-04-16T04:18:00.054+0000] {dag.py:3823} INFO - Setting next_dagrun for example_xcom_args to None, run_after=None
[2026-04-16T04:18:00.057+0000] {logging_mixin.py:188} INFO - [2026-04-16T04:18:00.057+0000] {dag.py:3823} INFO - Setting next_dagrun for example_xcom_args_with_operators to None, run_after=None
[2026-04-16T04:18:00.068+0000] {processor.py:183} INFO - Processing /home/airflow/.local/lib/python3.8/site-packages/airflow/example_dags/example_xcomargs.py took 0.056 seconds
[2026-04-16T04:18:30.603+0000] {processor.py:161} INFO - Started process (PID=2555) to work on /home/airflow/.local/lib/python3.8/site-packages/airflow/example_dags/example_xcomargs.py
[2026-04-16T04:18:30.603+0000] {processor.py:830} INFO - Processing file /home/airflow/.local/lib/python3.8/site-packages/airflow/example_dags/example_xcomargs.py for tasks to queue
[2026-04-16T04:18:30.605+0000] {logging_mixin.py:188} INFO - [2026-04-16T04:18:30.604+0000] {dagbag.py:538} INFO - Filling up the DagBag from /home/airflow/.local/lib/python3.8/site-packages/airflow/example_dags/example_xcomargs.py
[2026-04-16T04:18:30.612+0000] {processor.py:840} INFO - DAG(s) 'example_xcom_args_with_operators', 'example_xcom_args' retrieved from /home/airflow/.local/lib/python3.8/site-packages/airflow/example_dags/example_xcomargs.py
[2026-04-16T04:18:30.634+0000] {logging_mixin.py:188} INFO - [2026-04-16T04:18:30.634+0000] {dag.py:3036} INFO - Sync 2 DAGs
[2026-04-16T04:18:30.645+0000] {logging_mixin.py:188} INFO - [2026-04-16T04:18:30.645+0000] {dag.py:3823} INFO - Setting next_dagrun for example_xcom_args to None, run_after=None
[2026-04-16T04:18:30.648+0000] {logging_mixin.py:188} INFO - [2026-04-16T04:18:30.648+0000] {dag.py:3823} INFO - Setting next_dagrun for example_xcom_args_with_operators to None, run_after=None
[2026-04-16T04:18:30.662+0000] {processor.py:183} INFO - Processing /home/airflow/.local/lib/python3.8/site-packages/airflow/example_dags/example_xcomargs.py took 0.062 seconds
[2026-04-16T04:19:01.501+0000] {processor.py:161} INFO - Started process (PID=2610) to work on /home/airflow/.local/lib/python3.8/site-packages/airflow/example_dags/example_xcomargs.py
[2026-04-16T04:19:01.502+0000] {processor.py:830} INFO - Processing file /home/airflow/.local/lib/python3.8/site-packages/airflow/example_dags/example_xcomargs.py for tasks to queue
[2026-04-16T04:19:01.503+0000] {logging_mixin.py:188} INFO - [2026-04-16T04:19:01.503+0000] {dagbag.py:538} INFO - Filling up the DagBag from /home/airflow/.local/lib/python3.8/site-packages/airflow/example_dags/example_xcomargs.py
[2026-04-16T04:19:01.510+0000] {processor.py:840} INFO - DAG(s) 'example_xcom_args_with_operators', 'example_xcom_args' retrieved from /home/airflow/.local/lib/python3.8/site-packages/airflow/example_dags/example_xcomargs.py
[2026-04-16T04:19:01.530+0000] {logging_mixin.py:188} INFO - [2026-04-16T04:19:01.530+0000] {dag.py:3036} INFO - Sync 2 DAGs
[2026-04-16T04:19:01.540+0000] {logging_mixin.py:188} INFO - [2026-04-16T04:19:01.540+0000] {dag.py:3823} INFO - Setting next_dagrun for example_xcom_args to None, run_after=None
[2026-04-16T04:19:01.543+0000] {logging_mixin.py:188} INFO - [2026-04-16T04:19:01.543+0000] {dag.py:3823} INFO - Setting next_dagrun for example_xcom_args_with_operators to None, run_after=None
[2026-04-16T04:19:01.554+0000] {processor.py:183} INFO - Processing /home/airflow/.local/lib/python3.8/site-packages/airflow/example_dags/example_xcomargs.py took 0.055 seconds
[2026-04-16T04:19:32.223+0000] {processor.py:161} INFO - Started process (PID=2665) to work on /home/airflow/.local/lib/python3.8/site-packages/airflow/example_dags/example_xcomargs.py
[2026-04-16T04:19:32.224+0000] {processor.py:830} INFO - Processing file /home/airflow/.local/lib/python3.8/site-packages/airflow/example_dags/example_xcomargs.py for tasks to queue
[2026-04-16T04:19:32.225+0000] {logging_mixin.py:188} INFO - [2026-04-16T04:19:32.225+0000] {dagbag.py:538} INFO - Filling up the DagBag from /home/airflow/.local/lib/python3.8/site-packages/airflow/example_dags/example_xcomargs.py
[2026-04-16T04:19:32.231+0000] {processor.py:840} INFO - DAG(s) 'example_xcom_args', 'example_xcom_args_with_operators' retrieved from /home/airflow/.local/lib/python3.8/site-packages/airflow/example_dags/example_xcomargs.py
[2026-04-16T04:19:32.381+0000] {logging_mixin.py:188} INFO - [2026-04-16T04:19:32.381+0000] {dag.py:3036} INFO - Sync 2 DAGs
[2026-04-16T04:19:32.393+0000] {logging_mixin.py:188} INFO - [2026-04-16T04:19:32.393+0000] {dag.py:3823} INFO - Setting next_dagrun for example_xcom_args to None, run_after=None
[2026-04-16T04:19:32.396+0000] {logging_mixin.py:188} INFO - [2026-04-16T04:19:32.396+0000] {dag.py:3823} INFO - Setting next_dagrun for example_xcom_args_with_operators to None, run_after=None
[2026-04-16T04:19:32.410+0000] {processor.py:183} INFO - Processing /home/airflow/.local/lib/python3.8/site-packages/airflow/example_dags/example_xcomargs.py took 0.190 seconds
[2026-04-16T04:20:02.624+0000] {processor.py:161} INFO - Started process (PID=2720) to work on /home/airflow/.local/lib/python3.8/site-packages/airflow/example_dags/example_xcomargs.py
[2026-04-16T04:20:02.625+0000] {processor.py:830} INFO - Processing file /home/airflow/.local/lib/python3.8/site-packages/airflow/example_dags/example_xcomargs.py for tasks to queue
[2026-04-16T04:20:02.626+0000] {logging_mixin.py:188} INFO - [2026-04-16T04:20:02.626+0000] {dagbag.py:538} INFO - Filling up the DagBag from /home/airflow/.local/lib/python3.8/site-packages/airflow/example_dags/example_xcomargs.py
[2026-04-16T04:20:02.632+0000] {processor.py:840} INFO - DAG(s) 'example_xcom_args_with_operators', 'example_xcom_args' retrieved from /home/airflow/.local/lib/python3.8/site-packages/airflow/example_dags/example_xcomargs.py
[2026-04-16T04:20:02.650+0000] {logging_mixin.py:188} INFO - [2026-04-16T04:20:02.650+0000] {dag.py:3036} INFO - Sync 2 DAGs
[2026-04-16T04:20:02.660+0000] {logging_mixin.py:188} INFO - [2026-04-16T04:20:02.659+0000] {dag.py:3823} INFO - Setting next_dagrun for example_xcom_args to None, run_after=None
[2026-04-16T04:20:02.662+0000] {logging_mixin.py:188} INFO - [2026-04-16T04:20:02.662+0000] {dag.py:3823} INFO - Setting next_dagrun for example_xcom_args_with_operators to None, run_after=None
[2026-04-16T04:20:02.675+0000] {processor.py:183} INFO - Processing /home/airflow/.local/lib/python3.8/site-packages/airflow/example_dags/example_xcomargs.py took 0.053 seconds
[2026-04-16T04:28:29.828+0000] {processor.py:161} INFO - Started process (PID=2770) to work on /home/airflow/.local/lib/python3.8/site-packages/airflow/example_dags/example_xcomargs.py
[2026-04-16T04:28:29.830+0000] {processor.py:830} INFO - Processing file /home/airflow/.local/lib/python3.8/site-packages/airflow/example_dags/example_xcomargs.py for tasks to queue
[2026-04-16T04:28:29.832+0000] {logging_mixin.py:188} INFO - [2026-04-16T04:28:29.832+0000] {dagbag.py:538} INFO - Filling up the DagBag from /home/airflow/.local/lib/python3.8/site-packages/airflow/example_dags/example_xcomargs.py
[2026-04-16T04:28:29.845+0000] {processor.py:840} INFO - DAG(s) 'example_xcom_args_with_operators', 'example_xcom_args' retrieved from /home/airflow/.local/lib/python3.8/site-packages/airflow/example_dags/example_xcomargs.py
[2026-04-16T04:28:29.886+0000] {logging_mixin.py:188} INFO - [2026-04-16T04:28:29.885+0000] {dag.py:3036} INFO - Sync 2 DAGs
[2026-04-16T04:28:29.909+0000] {logging_mixin.py:188} INFO - [2026-04-16T04:28:29.908+0000] {dag.py:3823} INFO - Setting next_dagrun for example_xcom_args to None, run_after=None
[2026-04-16T04:28:29.916+0000] {logging_mixin.py:188} INFO - [2026-04-16T04:28:29.915+0000] {dag.py:3823} INFO - Setting next_dagrun for example_xcom_args_with_operators to None, run_after=None
[2026-04-16T04:28:29.941+0000] {processor.py:183} INFO - Processing /home/airflow/.local/lib/python3.8/site-packages/airflow/example_dags/example_xcomargs.py took 0.119 seconds
[2026-04-16T04:29:00.788+0000] {processor.py:161} INFO - Started process (PID=2825) to work on /home/airflow/.local/lib/python3.8/site-packages/airflow/example_dags/example_xcomargs.py
[2026-04-16T04:29:00.788+0000] {processor.py:830} INFO - Processing file /home/airflow/.local/lib/python3.8/site-packages/airflow/example_dags/example_xcomargs.py for tasks to queue
[2026-04-16T04:29:00.789+0000] {logging_mixin.py:188} INFO - [2026-04-16T04:29:00.789+0000] {dagbag.py:538} INFO - Filling up the DagBag from /home/airflow/.local/lib/python3.8/site-packages/airflow/example_dags/example_xcomargs.py
[2026-04-16T04:29:00.795+0000] {processor.py:840} INFO - DAG(s) 'example_xcom_args', 'example_xcom_args_with_operators' retrieved from /home/airflow/.local/lib/python3.8/site-packages/airflow/example_dags/example_xcomargs.py
[2026-04-16T04:29:00.812+0000] {logging_mixin.py:188} INFO - [2026-04-16T04:29:00.811+0000] {dag.py:3036} INFO - Sync 2 DAGs
[2026-04-16T04:29:00.821+0000] {logging_mixin.py:188} INFO - [2026-04-16T04:29:00.821+0000] {dag.py:3823} INFO - Setting next_dagrun for example_xcom_args to None, run_after=None
[2026-04-16T04:29:00.824+0000] {logging_mixin.py:188} INFO - [2026-04-16T04:29:00.823+0000] {dag.py:3823} INFO - Setting next_dagrun for example_xcom_args_with_operators to None, run_after=None
[2026-04-16T04:29:00.836+0000] {processor.py:183} INFO - Processing /home/airflow/.local/lib/python3.8/site-packages/airflow/example_dags/example_xcomargs.py took 0.050 seconds
[2026-04-16T04:29:30.885+0000] {processor.py:161} INFO - Started process (PID=2880) to work on /home/airflow/.local/lib/python3.8/site-packages/airflow/example_dags/example_xcomargs.py
[2026-04-16T04:29:30.886+0000] {processor.py:830} INFO - Processing file /home/airflow/.local/lib/python3.8/site-packages/airflow/example_dags/example_xcomargs.py for tasks to queue
[2026-04-16T04:29:30.887+0000] {logging_mixin.py:188} INFO - [2026-04-16T04:29:30.887+0000] {dagbag.py:538} INFO - Filling up the DagBag from /home/airflow/.local/lib/python3.8/site-packages/airflow/example_dags/example_xcomargs.py
[2026-04-16T04:29:30.893+0000] {processor.py:840} INFO - DAG(s) 'example_xcom_args', 'example_xcom_args_with_operators' retrieved from /home/airflow/.local/lib/python3.8/site-packages/airflow/example_dags/example_xcomargs.py
[2026-04-16T04:29:30.910+0000] {logging_mixin.py:188} INFO - [2026-04-16T04:29:30.910+0000] {dag.py:3036} INFO - Sync 2 DAGs
[2026-04-16T04:29:30.919+0000] {logging_mixin.py:188} INFO - [2026-04-16T04:29:30.919+0000] {dag.py:3823} INFO - Setting next_dagrun for example_xcom_args to None, run_after=None
[2026-04-16T04:29:30.921+0000] {logging_mixin.py:188} INFO - [2026-04-16T04:29:30.921+0000] {dag.py:3823} INFO - Setting next_dagrun for example_xcom_args_with_operators to None, run_after=None
[2026-04-16T04:29:30.932+0000] {processor.py:183} INFO - Processing /home/airflow/.local/lib/python3.8/site-packages/airflow/example_dags/example_xcomargs.py took 0.049 seconds
[2026-04-16T04:30:00.953+0000] {processor.py:161} INFO - Started process (PID=2934) to work on /home/airflow/.local/lib/python3.8/site-packages/airflow/example_dags/example_xcomargs.py
[2026-04-16T04:30:00.954+0000] {processor.py:830} INFO - Processing file /home/airflow/.local/lib/python3.8/site-packages/airflow/example_dags/example_xcomargs.py for tasks to queue
[2026-04-16T04:30:00.955+0000] {logging_mixin.py:188} INFO - [2026-04-16T04:30:00.955+0000] {dagbag.py:538} INFO - Filling up the DagBag from /home/airflow/.local/lib/python3.8/site-packages/airflow/example_dags/example_xcomargs.py
[2026-04-16T04:30:00.961+0000] {processor.py:840} INFO - DAG(s) 'example_xcom_args', 'example_xcom_args_with_operators' retrieved from /home/airflow/.local/lib/python3.8/site-packages/airflow/example_dags/example_xcomargs.py
[2026-04-16T04:30:00.978+0000] {logging_mixin.py:188} INFO - [2026-04-16T04:30:00.977+0000] {dag.py:3036} INFO - Sync 2 DAGs
[2026-04-16T04:30:00.987+0000] {logging_mixin.py:188} INFO - [2026-04-16T04:30:00.987+0000] {dag.py:3823} INFO - Setting next_dagrun for example_xcom_args to None, run_after=None
[2026-04-16T04:30:00.989+0000] {logging_mixin.py:188} INFO - [2026-04-16T04:30:00.989+0000] {dag.py:3823} INFO - Setting next_dagrun for example_xcom_args_with_operators to None, run_after=None
[2026-04-16T04:30:00.999+0000] {processor.py:183} INFO - Processing /home/airflow/.local/lib/python3.8/site-packages/airflow/example_dags/example_xcomargs.py took 0.048 seconds
[2026-04-16T04:30:31.039+0000] {processor.py:161} INFO - Started process (PID=2989) to work on /home/airflow/.local/lib/python3.8/site-packages/airflow/example_dags/example_xcomargs.py
[2026-04-16T04:30:31.040+0000] {processor.py:830} INFO - Processing file /home/airflow/.local/lib/python3.8/site-packages/airflow/example_dags/example_xcomargs.py for tasks to queue
[2026-04-16T04:30:31.041+0000] {logging_mixin.py:188} INFO - [2026-04-16T04:30:31.041+0000] {dagbag.py:538} INFO - Filling up the DagBag from /home/airflow/.local/lib/python3.8/site-packages/airflow/example_dags/example_xcomargs.py
[2026-04-16T04:30:31.048+0000] {processor.py:840} INFO - DAG(s) 'example_xcom_args_with_operators', 'example_xcom_args' retrieved from /home/airflow/.local/lib/python3.8/site-packages/airflow/example_dags/example_xcomargs.py
[2026-04-16T04:30:31.068+0000] {logging_mixin.py:188} INFO - [2026-04-16T04:30:31.067+0000] {dag.py:3036} INFO - Sync 2 DAGs
[2026-04-16T04:30:31.079+0000] {logging_mixin.py:188} INFO - [2026-04-16T04:30:31.079+0000] {dag.py:3823} INFO - Setting next_dagrun for example_xcom_args to None, run_after=None
[2026-04-16T04:30:31.082+0000] {logging_mixin.py:188} INFO - [2026-04-16T04:30:31.081+0000] {dag.py:3823} INFO - Setting next_dagrun for example_xcom_args_with_operators to None, run_after=None
[2026-04-16T04:30:31.092+0000] {processor.py:183} INFO - Processing /home/airflow/.local/lib/python3.8/site-packages/airflow/example_dags/example_xcomargs.py took 0.056 seconds
[2026-04-16T04:31:01.888+0000] {processor.py:161} INFO - Started process (PID=3044) to work on /home/airflow/.local/lib/python3.8/site-packages/airflow/example_dags/example_xcomargs.py
[2026-04-16T04:31:01.889+0000] {processor.py:830} INFO - Processing file /home/airflow/.local/lib/python3.8/site-packages/airflow/example_dags/example_xcomargs.py for tasks to queue
[2026-04-16T04:31:01.890+0000] {logging_mixin.py:188} INFO - [2026-04-16T04:31:01.890+0000] {dagbag.py:538} INFO - Filling up the DagBag from /home/airflow/.local/lib/python3.8/site-packages/airflow/example_dags/example_xcomargs.py
[2026-04-16T04:31:01.895+0000] {processor.py:840} INFO - DAG(s) 'example_xcom_args_with_operators', 'example_xcom_args' retrieved from /home/airflow/.local/lib/python3.8/site-packages/airflow/example_dags/example_xcomargs.py
[2026-04-16T04:31:01.914+0000] {logging_mixin.py:188} INFO - [2026-04-16T04:31:01.914+0000] {dag.py:3036} INFO - Sync 2 DAGs
[2026-04-16T04:31:01.923+0000] {logging_mixin.py:188} INFO - [2026-04-16T04:31:01.923+0000] {dag.py:3823} INFO - Setting next_dagrun for example_xcom_args to None, run_after=None
[2026-04-16T04:31:01.925+0000] {logging_mixin.py:188} INFO - [2026-04-16T04:31:01.925+0000] {dag.py:3823} INFO - Setting next_dagrun for example_xcom_args_with_operators to None, run_after=None
[2026-04-16T04:31:01.934+0000] {processor.py:183} INFO - Processing /home/airflow/.local/lib/python3.8/site-packages/airflow/example_dags/example_xcomargs.py took 0.048 seconds
[2026-04-16T04:31:32.625+0000] {processor.py:161} INFO - Started process (PID=3100) to work on /home/airflow/.local/lib/python3.8/site-packages/airflow/example_dags/example_xcomargs.py
[2026-04-16T04:31:32.625+0000] {processor.py:830} INFO - Processing file /home/airflow/.local/lib/python3.8/site-packages/airflow/example_dags/example_xcomargs.py for tasks to queue
[2026-04-16T04:31:32.626+0000] {logging_mixin.py:188} INFO - [2026-04-16T04:31:32.626+0000] {dagbag.py:538} INFO - Filling up the DagBag from /home/airflow/.local/lib/python3.8/site-packages/airflow/example_dags/example_xcomargs.py
[2026-04-16T04:31:32.632+0000] {processor.py:840} INFO - DAG(s) 'example_xcom_args_with_operators', 'example_xcom_args' retrieved from /home/airflow/.local/lib/python3.8/site-packages/airflow/example_dags/example_xcomargs.py
[2026-04-16T04:31:32.647+0000] {logging_mixin.py:188} INFO - [2026-04-16T04:31:32.647+0000] {dag.py:3036} INFO - Sync 2 DAGs
[2026-04-16T04:31:32.656+0000] {logging_mixin.py:188} INFO - [2026-04-16T04:31:32.656+0000] {dag.py:3823} INFO - Setting next_dagrun for example_xcom_args to None, run_after=None
[2026-04-16T04:31:32.658+0000] {logging_mixin.py:188} INFO - [2026-04-16T04:31:32.658+0000] {dag.py:3823} INFO - Setting next_dagrun for example_xcom_args_with_operators to None, run_after=None
[2026-04-16T04:31:32.667+0000] {processor.py:183} INFO - Processing /home/airflow/.local/lib/python3.8/site-packages/airflow/example_dags/example_xcomargs.py took 0.045 seconds
[2026-04-16T04:32:03.401+0000] {processor.py:161} INFO - Started process (PID=3155) to work on /home/airflow/.local/lib/python3.8/site-packages/airflow/example_dags/example_xcomargs.py
[2026-04-16T04:32:03.401+0000] {processor.py:830} INFO - Processing file /home/airflow/.local/lib/python3.8/site-packages/airflow/example_dags/example_xcomargs.py for tasks to queue
[2026-04-16T04:32:03.402+0000] {logging_mixin.py:188} INFO - [2026-04-16T04:32:03.402+0000] {dagbag.py:538} INFO - Filling up the DagBag from /home/airflow/.local/lib/python3.8/site-packages/airflow/example_dags/example_xcomargs.py
[2026-04-16T04:32:03.408+0000] {processor.py:840} INFO - DAG(s) 'example_xcom_args_with_operators', 'example_xcom_args' retrieved from /home/airflow/.local/lib/python3.8/site-packages/airflow/example_dags/example_xcomargs.py
[2026-04-16T04:32:03.424+0000] {logging_mixin.py:188} INFO - [2026-04-16T04:32:03.424+0000] {dag.py:3036} INFO - Sync 2 DAGs
[2026-04-16T04:32:03.432+0000] {logging_mixin.py:188} INFO - [2026-04-16T04:32:03.432+0000] {dag.py:3823} INFO - Setting next_dagrun for example_xcom_args to None, run_after=None
[2026-04-16T04:32:03.435+0000] {logging_mixin.py:188} INFO - [2026-04-16T04:32:03.434+0000] {dag.py:3823} INFO - Setting next_dagrun for example_xcom_args_with_operators to None, run_after=None
[2026-04-16T04:32:03.444+0000] {processor.py:183} INFO - Processing /home/airflow/.local/lib/python3.8/site-packages/airflow/example_dags/example_xcomargs.py took 0.046 seconds
[2026-04-16T04:32:34.200+0000] {processor.py:161} INFO - Started process (PID=3210) to work on /home/airflow/.local/lib/python3.8/site-packages/airflow/example_dags/example_xcomargs.py
[2026-04-16T04:32:34.201+0000] {processor.py:830} INFO - Processing file /home/airflow/.local/lib/python3.8/site-packages/airflow/example_dags/example_xcomargs.py for tasks to queue
[2026-04-16T04:32:34.202+0000] {logging_mixin.py:188} INFO - [2026-04-16T04:32:34.202+0000] {dagbag.py:538} INFO - Filling up the DagBag from /home/airflow/.local/lib/python3.8/site-packages/airflow/example_dags/example_xcomargs.py
[2026-04-16T04:32:34.208+0000] {processor.py:840} INFO - DAG(s) 'example_xcom_args_with_operators', 'example_xcom_args' retrieved from /home/airflow/.local/lib/python3.8/site-packages/airflow/example_dags/example_xcomargs.py
[2026-04-16T04:32:34.223+0000] {logging_mixin.py:188} INFO - [2026-04-16T04:32:34.223+0000] {dag.py:3036} INFO - Sync 2 DAGs
[2026-04-16T04:32:34.232+0000] {logging_mixin.py:188} INFO - [2026-04-16T04:32:34.231+0000] {dag.py:3823} INFO - Setting next_dagrun for example_xcom_args to None, run_after=None
[2026-04-16T04:32:34.234+0000] {logging_mixin.py:188} INFO - [2026-04-16T04:32:34.234+0000] {dag.py:3823} INFO - Setting next_dagrun for example_xcom_args_with_operators to None, run_after=None
[2026-04-16T04:32:34.242+0000] {processor.py:183} INFO - Processing /home/airflow/.local/lib/python3.8/site-packages/airflow/example_dags/example_xcomargs.py took 0.045 seconds
[2026-04-16T04:33:04.970+0000] {processor.py:161} INFO - Started process (PID=3265) to work on /home/airflow/.local/lib/python3.8/site-packages/airflow/example_dags/example_xcomargs.py
[2026-04-16T04:33:04.971+0000] {processor.py:830} INFO - Processing file /home/airflow/.local/lib/python3.8/site-packages/airflow/example_dags/example_xcomargs.py for tasks to queue
[2026-04-16T04:33:04.972+0000] {logging_mixin.py:188} INFO - [2026-04-16T04:33:04.972+0000] {dagbag.py:538} INFO - Filling up the DagBag from /home/airflow/.local/lib/python3.8/site-packages/airflow/example_dags/example_xcomargs.py
[2026-04-16T04:33:04.977+0000] {processor.py:840} INFO - DAG(s) 'example_xcom_args', 'example_xcom_args_with_operators' retrieved from /home/airflow/.local/lib/python3.8/site-packages/airflow/example_dags/example_xcomargs.py
[2026-04-16T04:33:04.992+0000] {logging_mixin.py:188} INFO - [2026-04-16T04:33:04.992+0000] {dag.py:3036} INFO - Sync 2 DAGs
[2026-04-16T04:33:05.001+0000] {logging_mixin.py:188} INFO - [2026-04-16T04:33:05.001+0000] {dag.py:3823} INFO - Setting next_dagrun for example_xcom_args to None, run_after=None
[2026-04-16T04:33:05.003+0000] {logging_mixin.py:188} INFO - [2026-04-16T04:33:05.003+0000] {dag.py:3823} INFO - Setting next_dagrun for example_xcom_args_with_operators to None, run_after=None
[2026-04-16T04:33:05.012+0000] {processor.py:183} INFO - Processing /home/airflow/.local/lib/python3.8/site-packages/airflow/example_dags/example_xcomargs.py took 0.044 seconds
[2026-04-16T04:33:35.914+0000] {processor.py:161} INFO - Started process (PID=3320) to work on /home/airflow/.local/lib/python3.8/site-packages/airflow/example_dags/example_xcomargs.py
[2026-04-16T04:33:35.915+0000] {processor.py:830} INFO - Processing file /home/airflow/.local/lib/python3.8/site-packages/airflow/example_dags/example_xcomargs.py for tasks to queue
[2026-04-16T04:33:35.916+0000] {logging_mixin.py:188} INFO - [2026-04-16T04:33:35.916+0000] {dagbag.py:538} INFO - Filling up the DagBag from /home/airflow/.local/lib/python3.8/site-packages/airflow/example_dags/example_xcomargs.py
[2026-04-16T04:33:35.922+0000] {processor.py:840} INFO - DAG(s) 'example_xcom_args_with_operators', 'example_xcom_args' retrieved from /home/airflow/.local/lib/python3.8/site-packages/airflow/example_dags/example_xcomargs.py
[2026-04-16T04:33:35.938+0000] {logging_mixin.py:188} INFO - [2026-04-16T04:33:35.938+0000] {dag.py:3036} INFO - Sync 2 DAGs
[2026-04-16T04:33:35.947+0000] {logging_mixin.py:188} INFO - [2026-04-16T04:33:35.947+0000] {dag.py:3823} INFO - Setting next_dagrun for example_xcom_args to None, run_after=None
[2026-04-16T04:33:35.949+0000] {logging_mixin.py:188} INFO - [2026-04-16T04:33:35.949+0000] {dag.py:3823} INFO - Setting next_dagrun for example_xcom_args_with_operators to None, run_after=None
[2026-04-16T04:33:35.958+0000] {processor.py:183} INFO - Processing /home/airflow/.local/lib/python3.8/site-packages/airflow/example_dags/example_xcomargs.py took 0.046 seconds
[2026-04-16T04:34:06.739+0000] {processor.py:161} INFO - Started process (PID=3375) to work on /home/airflow/.local/lib/python3.8/site-packages/airflow/example_dags/example_xcomargs.py
[2026-04-16T04:34:06.740+0000] {processor.py:830} INFO - Processing file /home/airflow/.local/lib/python3.8/site-packages/airflow/example_dags/example_xcomargs.py for tasks to queue
[2026-04-16T04:34:06.741+0000] {logging_mixin.py:188} INFO - [2026-04-16T04:34:06.741+0000] {dagbag.py:538} INFO - Filling up the DagBag from /home/airflow/.local/lib/python3.8/site-packages/airflow/example_dags/example_xcomargs.py
[2026-04-16T04:34:06.746+0000] {processor.py:840} INFO - DAG(s) 'example_xcom_args', 'example_xcom_args_with_operators' retrieved from /home/airflow/.local/lib/python3.8/site-packages/airflow/example_dags/example_xcomargs.py
[2026-04-16T04:34:06.762+0000] {logging_mixin.py:188} INFO - [2026-04-16T04:34:06.762+0000] {dag.py:3036} INFO - Sync 2 DAGs
[2026-04-16T04:34:06.770+0000] {logging_mixin.py:188} INFO - [2026-04-16T04:34:06.770+0000] {dag.py:3823} INFO - Setting next_dagrun for example_xcom_args to None, run_after=None
[2026-04-16T04:34:06.773+0000] {logging_mixin.py:188} INFO - [2026-04-16T04:34:06.772+0000] {dag.py:3823} INFO - Setting next_dagrun for example_xcom_args_with_operators to None, run_after=None
[2026-04-16T04:34:06.782+0000] {processor.py:183} INFO - Processing /home/airflow/.local/lib/python3.8/site-packages/airflow/example_dags/example_xcomargs.py took 0.045 seconds
[2026-04-16T04:34:37.587+0000] {processor.py:161} INFO - Started process (PID=3430) to work on /home/airflow/.local/lib/python3.8/site-packages/airflow/example_dags/example_xcomargs.py
[2026-04-16T04:34:37.588+0000] {processor.py:830} INFO - Processing file /home/airflow/.local/lib/python3.8/site-packages/airflow/example_dags/example_xcomargs.py for tasks to queue
[2026-04-16T04:34:37.589+0000] {logging_mixin.py:188} INFO - [2026-04-16T04:34:37.589+0000] {dagbag.py:538} INFO - Filling up the DagBag from /home/airflow/.local/lib/python3.8/site-packages/airflow/example_dags/example_xcomargs.py
[2026-04-16T04:34:37.595+0000] {processor.py:840} INFO - DAG(s) 'example_xcom_args', 'example_xcom_args_with_operators' retrieved from /home/airflow/.local/lib/python3.8/site-packages/airflow/example_dags/example_xcomargs.py
[2026-04-16T04:34:37.612+0000] {logging_mixin.py:188} INFO - [2026-04-16T04:34:37.612+0000] {dag.py:3036} INFO - Sync 2 DAGs
[2026-04-16T04:34:37.621+0000] {logging_mixin.py:188} INFO - [2026-04-16T04:34:37.621+0000] {dag.py:3823} INFO - Setting next_dagrun for example_xcom_args to None, run_after=None
[2026-04-16T04:34:37.623+0000] {logging_mixin.py:188} INFO - [2026-04-16T04:34:37.623+0000] {dag.py:3823} INFO - Setting next_dagrun for example_xcom_args_with_operators to None, run_after=None
[2026-04-16T04:34:37.634+0000] {processor.py:183} INFO - Processing /home/airflow/.local/lib/python3.8/site-packages/airflow/example_dags/example_xcomargs.py took 0.049 seconds
[2026-04-16T04:35:08.469+0000] {processor.py:161} INFO - Started process (PID=3485) to work on /home/airflow/.local/lib/python3.8/site-packages/airflow/example_dags/example_xcomargs.py
[2026-04-16T04:35:08.470+0000] {processor.py:830} INFO - Processing file /home/airflow/.local/lib/python3.8/site-packages/airflow/example_dags/example_xcomargs.py for tasks to queue
[2026-04-16T04:35:08.471+0000] {logging_mixin.py:188} INFO - [2026-04-16T04:35:08.471+0000] {dagbag.py:538} INFO - Filling up the DagBag from /home/airflow/.local/lib/python3.8/site-packages/airflow/example_dags/example_xcomargs.py
[2026-04-16T04:35:08.476+0000] {processor.py:840} INFO - DAG(s) 'example_xcom_args', 'example_xcom_args_with_operators' retrieved from /home/airflow/.local/lib/python3.8/site-packages/airflow/example_dags/example_xcomargs.py
[2026-04-16T04:35:08.493+0000] {logging_mixin.py:188} INFO - [2026-04-16T04:35:08.492+0000] {dag.py:3036} INFO - Sync 2 DAGs
[2026-04-16T04:35:08.503+0000] {logging_mixin.py:188} INFO - [2026-04-16T04:35:08.502+0000] {dag.py:3823} INFO - Setting next_dagrun for example_xcom_args to None, run_after=None
[2026-04-16T04:35:08.505+0000] {logging_mixin.py:188} INFO - [2026-04-16T04:35:08.505+0000] {dag.py:3823} INFO - Setting next_dagrun for example_xcom_args_with_operators to None, run_after=None
[2026-04-16T04:35:08.516+0000] {processor.py:183} INFO - Processing /home/airflow/.local/lib/python3.8/site-packages/airflow/example_dags/example_xcomargs.py took 0.049 seconds
[2026-04-16T04:35:39.206+0000] {processor.py:161} INFO - Started process (PID=3540) to work on /home/airflow/.local/lib/python3.8/site-packages/airflow/example_dags/example_xcomargs.py
[2026-04-16T04:35:39.207+0000] {processor.py:830} INFO - Processing file /home/airflow/.local/lib/python3.8/site-packages/airflow/example_dags/example_xcomargs.py for tasks to queue
[2026-04-16T04:35:39.208+0000] {logging_mixin.py:188} INFO - [2026-04-16T04:35:39.208+0000] {dagbag.py:538} INFO - Filling up the DagBag from /home/airflow/.local/lib/python3.8/site-packages/airflow/example_dags/example_xcomargs.py
[2026-04-16T04:35:39.213+0000] {processor.py:840} INFO - DAG(s) 'example_xcom_args', 'example_xcom_args_with_operators' retrieved from /home/airflow/.local/lib/python3.8/site-packages/airflow/example_dags/example_xcomargs.py
[2026-04-16T04:35:39.230+0000] {logging_mixin.py:188} INFO - [2026-04-16T04:35:39.230+0000] {dag.py:3036} INFO - Sync 2 DAGs
[2026-04-16T04:35:39.239+0000] {logging_mixin.py:188} INFO - [2026-04-16T04:35:39.239+0000] {dag.py:3823} INFO - Setting next_dagrun for example_xcom_args to None, run_after=None
[2026-04-16T04:35:39.241+0000] {logging_mixin.py:188} INFO - [2026-04-16T04:35:39.241+0000] {dag.py:3823} INFO - Setting next_dagrun for example_xcom_args_with_operators to None, run_after=None
[2026-04-16T04:35:39.251+0000] {processor.py:183} INFO - Processing /home/airflow/.local/lib/python3.8/site-packages/airflow/example_dags/example_xcomargs.py took 0.046 seconds
[2026-04-16T04:36:10.003+0000] {processor.py:161} INFO - Started process (PID=3595) to work on /home/airflow/.local/lib/python3.8/site-packages/airflow/example_dags/example_xcomargs.py
[2026-04-16T04:36:10.004+0000] {processor.py:830} INFO - Processing file /home/airflow/.local/lib/python3.8/site-packages/airflow/example_dags/example_xcomargs.py for tasks to queue
[2026-04-16T04:36:10.005+0000] {logging_mixin.py:188} INFO - [2026-04-16T04:36:10.005+0000] {dagbag.py:538} INFO - Filling up the DagBag from /home/airflow/.local/lib/python3.8/site-packages/airflow/example_dags/example_xcomargs.py
[2026-04-16T04:36:10.011+0000] {processor.py:840} INFO - DAG(s) 'example_xcom_args_with_operators', 'example_xcom_args' retrieved from /home/airflow/.local/lib/python3.8/site-packages/airflow/example_dags/example_xcomargs.py
[2026-04-16T04:36:10.027+0000] {logging_mixin.py:188} INFO - [2026-04-16T04:36:10.027+0000] {dag.py:3036} INFO - Sync 2 DAGs
[2026-04-16T04:36:10.035+0000] {logging_mixin.py:188} INFO - [2026-04-16T04:36:10.035+0000] {dag.py:3823} INFO - Setting next_dagrun for example_xcom_args to None, run_after=None
[2026-04-16T04:36:10.038+0000] {logging_mixin.py:188} INFO - [2026-04-16T04:36:10.037+0000] {dag.py:3823} INFO - Setting next_dagrun for example_xcom_args_with_operators to None, run_after=None
[2026-04-16T04:36:10.046+0000] {processor.py:183} INFO - Processing /home/airflow/.local/lib/python3.8/site-packages/airflow/example_dags/example_xcomargs.py took 0.045 seconds
[2026-04-16T04:36:40.852+0000] {processor.py:161} INFO - Started process (PID=3650) to work on /home/airflow/.local/lib/python3.8/site-packages/airflow/example_dags/example_xcomargs.py
[2026-04-16T04:36:40.853+0000] {processor.py:830} INFO - Processing file /home/airflow/.local/lib/python3.8/site-packages/airflow/example_dags/example_xcomargs.py for tasks to queue
[2026-04-16T04:36:40.854+0000] {logging_mixin.py:188} INFO - [2026-04-16T04:36:40.854+0000] {dagbag.py:538} INFO - Filling up the DagBag from /home/airflow/.local/lib/python3.8/site-packages/airflow/example_dags/example_xcomargs.py
[2026-04-16T04:36:40.859+0000] {processor.py:840} INFO - DAG(s) 'example_xcom_args_with_operators', 'example_xcom_args' retrieved from /home/airflow/.local/lib/python3.8/site-packages/airflow/example_dags/example_xcomargs.py
[2026-04-16T04:36:40.875+0000] {logging_mixin.py:188} INFO - [2026-04-16T04:36:40.875+0000] {dag.py:3036} INFO - Sync 2 DAGs
[2026-04-16T04:36:40.884+0000] {logging_mixin.py:188} INFO - [2026-04-16T04:36:40.884+0000] {dag.py:3823} INFO - Setting next_dagrun for example_xcom_args to None, run_after=None
[2026-04-16T04:36:40.886+0000] {logging_mixin.py:188} INFO - [2026-04-16T04:36:40.886+0000] {dag.py:3823} INFO - Setting next_dagrun for example_xcom_args_with_operators to None, run_after=None
[2026-04-16T04:36:40.895+0000] {processor.py:183} INFO - Processing /home/airflow/.local/lib/python3.8/site-packages/airflow/example_dags/example_xcomargs.py took 0.045 seconds
[2026-04-16T04:37:11.592+0000] {processor.py:161} INFO - Started process (PID=3705) to work on /home/airflow/.local/lib/python3.8/site-packages/airflow/example_dags/example_xcomargs.py
[2026-04-16T04:37:11.593+0000] {processor.py:830} INFO - Processing file /home/airflow/.local/lib/python3.8/site-packages/airflow/example_dags/example_xcomargs.py for tasks to queue
[2026-04-16T04:37:11.594+0000] {logging_mixin.py:188} INFO - [2026-04-16T04:37:11.594+0000] {dagbag.py:538} INFO - Filling up the DagBag from /home/airflow/.local/lib/python3.8/site-packages/airflow/example_dags/example_xcomargs.py
[2026-04-16T04:37:11.599+0000] {processor.py:840} INFO - DAG(s) 'example_xcom_args_with_operators', 'example_xcom_args' retrieved from /home/airflow/.local/lib/python3.8/site-packages/airflow/example_dags/example_xcomargs.py
[2026-04-16T04:37:11.614+0000] {logging_mixin.py:188} INFO - [2026-04-16T04:37:11.614+0000] {dag.py:3036} INFO - Sync 2 DAGs
[2026-04-16T04:37:11.622+0000] {logging_mixin.py:188} INFO - [2026-04-16T04:37:11.622+0000] {dag.py:3823} INFO - Setting next_dagrun for example_xcom_args to None, run_after=None
[2026-04-16T04:37:11.624+0000] {logging_mixin.py:188} INFO - [2026-04-16T04:37:11.624+0000] {dag.py:3823} INFO - Setting next_dagrun for example_xcom_args_with_operators to None, run_after=None
[2026-04-16T04:37:11.633+0000] {processor.py:183} INFO - Processing /home/airflow/.local/lib/python3.8/site-packages/airflow/example_dags/example_xcomargs.py took 0.043 seconds
[2026-04-16T04:37:42.488+0000] {processor.py:161} INFO - Started process (PID=3760) to work on /home/airflow/.local/lib/python3.8/site-packages/airflow/example_dags/example_xcomargs.py
[2026-04-16T04:37:42.488+0000] {processor.py:830} INFO - Processing file /home/airflow/.local/lib/python3.8/site-packages/airflow/example_dags/example_xcomargs.py for tasks to queue
[2026-04-16T04:37:42.489+0000] {logging_mixin.py:188} INFO - [2026-04-16T04:37:42.489+0000] {dagbag.py:538} INFO - Filling up the DagBag from /home/airflow/.local/lib/python3.8/site-packages/airflow/example_dags/example_xcomargs.py
[2026-04-16T04:37:42.495+0000] {processor.py:840} INFO - DAG(s) 'example_xcom_args', 'example_xcom_args_with_operators' retrieved from /home/airflow/.local/lib/python3.8/site-packages/airflow/example_dags/example_xcomargs.py
[2026-04-16T04:37:42.513+0000] {logging_mixin.py:188} INFO - [2026-04-16T04:37:42.512+0000] {dag.py:3036} INFO - Sync 2 DAGs
[2026-04-16T04:37:42.521+0000] {logging_mixin.py:188} INFO - [2026-04-16T04:37:42.521+0000] {dag.py:3823} INFO - Setting next_dagrun for example_xcom_args to None, run_after=None
[2026-04-16T04:37:42.524+0000] {logging_mixin.py:188} INFO - [2026-04-16T04:37:42.523+0000] {dag.py:3823} INFO - Setting next_dagrun for example_xcom_args_with_operators to None, run_after=None
[2026-04-16T04:37:42.533+0000] {processor.py:183} INFO - Processing /home/airflow/.local/lib/python3.8/site-packages/airflow/example_dags/example_xcomargs.py took 0.047 seconds
[2026-04-16T04:38:13.307+0000] {processor.py:161} INFO - Started process (PID=3815) to work on /home/airflow/.local/lib/python3.8/site-packages/airflow/example_dags/example_xcomargs.py
[2026-04-16T04:38:13.308+0000] {processor.py:830} INFO - Processing file /home/airflow/.local/lib/python3.8/site-packages/airflow/example_dags/example_xcomargs.py for tasks to queue
[2026-04-16T04:38:13.309+0000] {logging_mixin.py:188} INFO - [2026-04-16T04:38:13.309+0000] {dagbag.py:538} INFO - Filling up the DagBag from /home/airflow/.local/lib/python3.8/site-packages/airflow/example_dags/example_xcomargs.py
[2026-04-16T04:38:13.314+0000] {processor.py:840} INFO - DAG(s) 'example_xcom_args', 'example_xcom_args_with_operators' retrieved from /home/airflow/.local/lib/python3.8/site-packages/airflow/example_dags/example_xcomargs.py
[2026-04-16T04:38:13.331+0000] {logging_mixin.py:188} INFO - [2026-04-16T04:38:13.331+0000] {dag.py:3036} INFO - Sync 2 DAGs
[2026-04-16T04:38:13.341+0000] {logging_mixin.py:188} INFO - [2026-04-16T04:38:13.340+0000] {dag.py:3823} INFO - Setting next_dagrun for example_xcom_args to None, run_after=None
[2026-04-16T04:38:13.343+0000] {logging_mixin.py:188} INFO - [2026-04-16T04:38:13.343+0000] {dag.py:3823} INFO - Setting next_dagrun for example_xcom_args_with_operators to None, run_after=None
[2026-04-16T04:38:13.354+0000] {processor.py:183} INFO - Processing /home/airflow/.local/lib/python3.8/site-packages/airflow/example_dags/example_xcomargs.py took 0.049 seconds
[2026-04-16T04:38:44.103+0000] {processor.py:161} INFO - Started process (PID=3870) to work on /home/airflow/.local/lib/python3.8/site-packages/airflow/example_dags/example_xcomargs.py
[2026-04-16T04:38:44.103+0000] {processor.py:830} INFO - Processing file /home/airflow/.local/lib/python3.8/site-packages/airflow/example_dags/example_xcomargs.py for tasks to queue
[2026-04-16T04:38:44.105+0000] {logging_mixin.py:188} INFO - [2026-04-16T04:38:44.104+0000] {dagbag.py:538} INFO - Filling up the DagBag from /home/airflow/.local/lib/python3.8/site-packages/airflow/example_dags/example_xcomargs.py
[2026-04-16T04:38:44.110+0000] {processor.py:840} INFO - DAG(s) 'example_xcom_args_with_operators', 'example_xcom_args' retrieved from /home/airflow/.local/lib/python3.8/site-packages/airflow/example_dags/example_xcomargs.py
[2026-04-16T04:38:44.127+0000] {logging_mixin.py:188} INFO - [2026-04-16T04:38:44.127+0000] {dag.py:3036} INFO - Sync 2 DAGs
[2026-04-16T04:38:44.136+0000] {logging_mixin.py:188} INFO - [2026-04-16T04:38:44.135+0000] {dag.py:3823} INFO - Setting next_dagrun for example_xcom_args to None, run_after=None
[2026-04-16T04:38:44.138+0000] {logging_mixin.py:188} INFO - [2026-04-16T04:38:44.138+0000] {dag.py:3823} INFO - Setting next_dagrun for example_xcom_args_with_operators to None, run_after=None
[2026-04-16T04:38:44.147+0000] {processor.py:183} INFO - Processing /home/airflow/.local/lib/python3.8/site-packages/airflow/example_dags/example_xcomargs.py took 0.046 seconds
[2026-04-16T04:39:14.989+0000] {processor.py:161} INFO - Started process (PID=3925) to work on /home/airflow/.local/lib/python3.8/site-packages/airflow/example_dags/example_xcomargs.py
[2026-04-16T04:39:14.990+0000] {processor.py:830} INFO - Processing file /home/airflow/.local/lib/python3.8/site-packages/airflow/example_dags/example_xcomargs.py for tasks to queue
[2026-04-16T04:39:14.991+0000] {logging_mixin.py:188} INFO - [2026-04-16T04:39:14.991+0000] {dagbag.py:538} INFO - Filling up the DagBag from /home/airflow/.local/lib/python3.8/site-packages/airflow/example_dags/example_xcomargs.py
[2026-04-16T04:39:14.996+0000] {processor.py:840} INFO - DAG(s) 'example_xcom_args', 'example_xcom_args_with_operators' retrieved from /home/airflow/.local/lib/python3.8/site-packages/airflow/example_dags/example_xcomargs.py
[2026-04-16T04:39:15.013+0000] {logging_mixin.py:188} INFO - [2026-04-16T04:39:15.012+0000] {dag.py:3036} INFO - Sync 2 DAGs
[2026-04-16T04:39:15.021+0000] {logging_mixin.py:188} INFO - [2026-04-16T04:39:15.021+0000] {dag.py:3823} INFO - Setting next_dagrun for example_xcom_args to None, run_after=None
[2026-04-16T04:39:15.023+0000] {logging_mixin.py:188} INFO - [2026-04-16T04:39:15.023+0000] {dag.py:3823} INFO - Setting next_dagrun for example_xcom_args_with_operators to None, run_after=None
[2026-04-16T04:39:15.033+0000] {processor.py:183} INFO - Processing /home/airflow/.local/lib/python3.8/site-packages/airflow/example_dags/example_xcomargs.py took 0.046 seconds
[2026-04-16T04:39:45.759+0000] {processor.py:161} INFO - Started process (PID=3980) to work on /home/airflow/.local/lib/python3.8/site-packages/airflow/example_dags/example_xcomargs.py
[2026-04-16T04:39:45.760+0000] {processor.py:830} INFO - Processing file /home/airflow/.local/lib/python3.8/site-packages/airflow/example_dags/example_xcomargs.py for tasks to queue
[2026-04-16T04:39:45.761+0000] {logging_mixin.py:188} INFO - [2026-04-16T04:39:45.761+0000] {dagbag.py:538} INFO - Filling up the DagBag from /home/airflow/.local/lib/python3.8/site-packages/airflow/example_dags/example_xcomargs.py
[2026-04-16T04:39:45.766+0000] {processor.py:840} INFO - DAG(s) 'example_xcom_args', 'example_xcom_args_with_operators' retrieved from /home/airflow/.local/lib/python3.8/site-packages/airflow/example_dags/example_xcomargs.py
[2026-04-16T04:39:45.781+0000] {logging_mixin.py:188} INFO - [2026-04-16T04:39:45.781+0000] {dag.py:3036} INFO - Sync 2 DAGs
[2026-04-16T04:39:45.790+0000] {logging_mixin.py:188} INFO - [2026-04-16T04:39:45.790+0000] {dag.py:3823} INFO - Setting next_dagrun for example_xcom_args to None, run_after=None
[2026-04-16T04:39:45.792+0000] {logging_mixin.py:188} INFO - [2026-04-16T04:39:45.792+0000] {dag.py:3823} INFO - Setting next_dagrun for example_xcom_args_with_operators to None, run_after=None
[2026-04-16T04:39:45.802+0000] {processor.py:183} INFO - Processing /home/airflow/.local/lib/python3.8/site-packages/airflow/example_dags/example_xcomargs.py took 0.045 seconds
[2026-04-16T04:40:16.613+0000] {processor.py:161} INFO - Started process (PID=4035) to work on /home/airflow/.local/lib/python3.8/site-packages/airflow/example_dags/example_xcomargs.py
[2026-04-16T04:40:16.613+0000] {processor.py:830} INFO - Processing file /home/airflow/.local/lib/python3.8/site-packages/airflow/example_dags/example_xcomargs.py for tasks to queue
[2026-04-16T04:40:16.615+0000] {logging_mixin.py:188} INFO - [2026-04-16T04:40:16.615+0000] {dagbag.py:538} INFO - Filling up the DagBag from /home/airflow/.local/lib/python3.8/site-packages/airflow/example_dags/example_xcomargs.py
[2026-04-16T04:40:16.620+0000] {processor.py:840} INFO - DAG(s) 'example_xcom_args_with_operators', 'example_xcom_args' retrieved from /home/airflow/.local/lib/python3.8/site-packages/airflow/example_dags/example_xcomargs.py
[2026-04-16T04:40:16.635+0000] {logging_mixin.py:188} INFO - [2026-04-16T04:40:16.635+0000] {dag.py:3036} INFO - Sync 2 DAGs
[2026-04-16T04:40:16.643+0000] {logging_mixin.py:188} INFO - [2026-04-16T04:40:16.643+0000] {dag.py:3823} INFO - Setting next_dagrun for example_xcom_args to None, run_after=None
[2026-04-16T04:40:16.646+0000] {logging_mixin.py:188} INFO - [2026-04-16T04:40:16.645+0000] {dag.py:3823} INFO - Setting next_dagrun for example_xcom_args_with_operators to None, run_after=None
[2026-04-16T04:40:16.655+0000] {processor.py:183} INFO - Processing /home/airflow/.local/lib/python3.8/site-packages/airflow/example_dags/example_xcomargs.py took 0.044 seconds
[2026-04-16T04:40:46.796+0000] {processor.py:161} INFO - Started process (PID=4090) to work on /home/airflow/.local/lib/python3.8/site-packages/airflow/example_dags/example_xcomargs.py
[2026-04-16T04:40:46.797+0000] {processor.py:830} INFO - Processing file /home/airflow/.local/lib/python3.8/site-packages/airflow/example_dags/example_xcomargs.py for tasks to queue
[2026-04-16T04:40:46.798+0000] {logging_mixin.py:188} INFO - [2026-04-16T04:40:46.798+0000] {dagbag.py:538} INFO - Filling up the DagBag from /home/airflow/.local/lib/python3.8/site-packages/airflow/example_dags/example_xcomargs.py
[2026-04-16T04:40:46.804+0000] {processor.py:840} INFO - DAG(s) 'example_xcom_args_with_operators', 'example_xcom_args' retrieved from /home/airflow/.local/lib/python3.8/site-packages/airflow/example_dags/example_xcomargs.py
[2026-04-16T04:40:46.821+0000] {logging_mixin.py:188} INFO - [2026-04-16T04:40:46.820+0000] {dag.py:3036} INFO - Sync 2 DAGs
[2026-04-16T04:40:46.831+0000] {logging_mixin.py:188} INFO - [2026-04-16T04:40:46.831+0000] {dag.py:3823} INFO - Setting next_dagrun for example_xcom_args to None, run_after=None
[2026-04-16T04:40:46.833+0000] {logging_mixin.py:188} INFO - [2026-04-16T04:40:46.833+0000] {dag.py:3823} INFO - Setting next_dagrun for example_xcom_args_with_operators to None, run_after=None
[2026-04-16T04:40:46.843+0000] {processor.py:183} INFO - Processing /home/airflow/.local/lib/python3.8/site-packages/airflow/example_dags/example_xcomargs.py took 0.050 seconds
[2026-04-16T04:41:17.003+0000] {processor.py:161} INFO - Started process (PID=4145) to work on /home/airflow/.local/lib/python3.8/site-packages/airflow/example_dags/example_xcomargs.py
[2026-04-16T04:41:17.004+0000] {processor.py:830} INFO - Processing file /home/airflow/.local/lib/python3.8/site-packages/airflow/example_dags/example_xcomargs.py for tasks to queue
[2026-04-16T04:41:17.006+0000] {logging_mixin.py:188} INFO - [2026-04-16T04:41:17.005+0000] {dagbag.py:538} INFO - Filling up the DagBag from /home/airflow/.local/lib/python3.8/site-packages/airflow/example_dags/example_xcomargs.py
[2026-04-16T04:41:17.011+0000] {processor.py:840} INFO - DAG(s) 'example_xcom_args_with_operators', 'example_xcom_args' retrieved from /home/airflow/.local/lib/python3.8/site-packages/airflow/example_dags/example_xcomargs.py
[2026-04-16T04:41:17.029+0000] {logging_mixin.py:188} INFO - [2026-04-16T04:41:17.029+0000] {dag.py:3036} INFO - Sync 2 DAGs
[2026-04-16T04:41:17.039+0000] {logging_mixin.py:188} INFO - [2026-04-16T04:41:17.038+0000] {dag.py:3823} INFO - Setting next_dagrun for example_xcom_args to None, run_after=None
[2026-04-16T04:41:17.042+0000] {logging_mixin.py:188} INFO - [2026-04-16T04:41:17.042+0000] {dag.py:3823} INFO - Setting next_dagrun for example_xcom_args_with_operators to None, run_after=None
[2026-04-16T04:41:17.054+0000] {processor.py:183} INFO - Processing /home/airflow/.local/lib/python3.8/site-packages/airflow/example_dags/example_xcomargs.py took 0.053 seconds
[2026-04-16T04:41:47.228+0000] {processor.py:161} INFO - Started process (PID=4200) to work on /home/airflow/.local/lib/python3.8/site-packages/airflow/example_dags/example_xcomargs.py
[2026-04-16T04:41:47.229+0000] {processor.py:830} INFO - Processing file /home/airflow/.local/lib/python3.8/site-packages/airflow/example_dags/example_xcomargs.py for tasks to queue
[2026-04-16T04:41:47.230+0000] {logging_mixin.py:188} INFO - [2026-04-16T04:41:47.230+0000] {dagbag.py:538} INFO - Filling up the DagBag from /home/airflow/.local/lib/python3.8/site-packages/airflow/example_dags/example_xcomargs.py
[2026-04-16T04:41:47.236+0000] {processor.py:840} INFO - DAG(s) 'example_xcom_args', 'example_xcom_args_with_operators' retrieved from /home/airflow/.local/lib/python3.8/site-packages/airflow/example_dags/example_xcomargs.py
[2026-04-16T04:41:47.253+0000] {logging_mixin.py:188} INFO - [2026-04-16T04:41:47.252+0000] {dag.py:3036} INFO - Sync 2 DAGs
[2026-04-16T04:41:47.262+0000] {logging_mixin.py:188} INFO - [2026-04-16T04:41:47.262+0000] {dag.py:3823} INFO - Setting next_dagrun for example_xcom_args to None, run_after=None
[2026-04-16T04:41:47.265+0000] {logging_mixin.py:188} INFO - [2026-04-16T04:41:47.265+0000] {dag.py:3823} INFO - Setting next_dagrun for example_xcom_args_with_operators to None, run_after=None
[2026-04-16T04:41:47.276+0000] {processor.py:183} INFO - Processing /home/airflow/.local/lib/python3.8/site-packages/airflow/example_dags/example_xcomargs.py took 0.050 seconds
[2026-04-16T04:42:18.097+0000] {processor.py:161} INFO - Started process (PID=4255) to work on /home/airflow/.local/lib/python3.8/site-packages/airflow/example_dags/example_xcomargs.py
[2026-04-16T04:42:18.098+0000] {processor.py:830} INFO - Processing file /home/airflow/.local/lib/python3.8/site-packages/airflow/example_dags/example_xcomargs.py for tasks to queue
[2026-04-16T04:42:18.099+0000] {logging_mixin.py:188} INFO - [2026-04-16T04:42:18.099+0000] {dagbag.py:538} INFO - Filling up the DagBag from /home/airflow/.local/lib/python3.8/site-packages/airflow/example_dags/example_xcomargs.py
[2026-04-16T04:42:18.105+0000] {processor.py:840} INFO - DAG(s) 'example_xcom_args', 'example_xcom_args_with_operators' retrieved from /home/airflow/.local/lib/python3.8/site-packages/airflow/example_dags/example_xcomargs.py
[2026-04-16T04:42:18.121+0000] {logging_mixin.py:188} INFO - [2026-04-16T04:42:18.121+0000] {dag.py:3036} INFO - Sync 2 DAGs
[2026-04-16T04:42:18.129+0000] {logging_mixin.py:188} INFO - [2026-04-16T04:42:18.129+0000] {dag.py:3823} INFO - Setting next_dagrun for example_xcom_args to None, run_after=None
[2026-04-16T04:42:18.132+0000] {logging_mixin.py:188} INFO - [2026-04-16T04:42:18.132+0000] {dag.py:3823} INFO - Setting next_dagrun for example_xcom_args_with_operators to None, run_after=None
[2026-04-16T04:42:18.141+0000] {processor.py:183} INFO - Processing /home/airflow/.local/lib/python3.8/site-packages/airflow/example_dags/example_xcomargs.py took 0.045 seconds
[2026-04-16T04:42:48.818+0000] {processor.py:161} INFO - Started process (PID=4310) to work on /home/airflow/.local/lib/python3.8/site-packages/airflow/example_dags/example_xcomargs.py
[2026-04-16T04:42:48.818+0000] {processor.py:830} INFO - Processing file /home/airflow/.local/lib/python3.8/site-packages/airflow/example_dags/example_xcomargs.py for tasks to queue
[2026-04-16T04:42:48.820+0000] {logging_mixin.py:188} INFO - [2026-04-16T04:42:48.819+0000] {dagbag.py:538} INFO - Filling up the DagBag from /home/airflow/.local/lib/python3.8/site-packages/airflow/example_dags/example_xcomargs.py
[2026-04-16T04:42:48.826+0000] {processor.py:840} INFO - DAG(s) 'example_xcom_args_with_operators', 'example_xcom_args' retrieved from /home/airflow/.local/lib/python3.8/site-packages/airflow/example_dags/example_xcomargs.py
[2026-04-16T04:42:48.842+0000] {logging_mixin.py:188} INFO - [2026-04-16T04:42:48.842+0000] {dag.py:3036} INFO - Sync 2 DAGs
[2026-04-16T04:42:48.850+0000] {logging_mixin.py:188} INFO - [2026-04-16T04:42:48.850+0000] {dag.py:3823} INFO - Setting next_dagrun for example_xcom_args to None, run_after=None
[2026-04-16T04:42:48.853+0000] {logging_mixin.py:188} INFO - [2026-04-16T04:42:48.853+0000] {dag.py:3823} INFO - Setting next_dagrun for example_xcom_args_with_operators to None, run_after=None
[2026-04-16T04:42:48.862+0000] {processor.py:183} INFO - Processing /home/airflow/.local/lib/python3.8/site-packages/airflow/example_dags/example_xcomargs.py took 0.046 seconds
[2026-04-16T04:43:19.555+0000] {processor.py:161} INFO - Started process (PID=4365) to work on /home/airflow/.local/lib/python3.8/site-packages/airflow/example_dags/example_xcomargs.py
[2026-04-16T04:43:19.555+0000] {processor.py:830} INFO - Processing file /home/airflow/.local/lib/python3.8/site-packages/airflow/example_dags/example_xcomargs.py for tasks to queue
[2026-04-16T04:43:19.557+0000] {logging_mixin.py:188} INFO - [2026-04-16T04:43:19.556+0000] {dagbag.py:538} INFO - Filling up the DagBag from /home/airflow/.local/lib/python3.8/site-packages/airflow/example_dags/example_xcomargs.py
[2026-04-16T04:43:19.562+0000] {processor.py:840} INFO - DAG(s) 'example_xcom_args_with_operators', 'example_xcom_args' retrieved from /home/airflow/.local/lib/python3.8/site-packages/airflow/example_dags/example_xcomargs.py
[2026-04-16T04:43:19.578+0000] {logging_mixin.py:188} INFO - [2026-04-16T04:43:19.578+0000] {dag.py:3036} INFO - Sync 2 DAGs
[2026-04-16T04:43:19.587+0000] {logging_mixin.py:188} INFO - [2026-04-16T04:43:19.587+0000] {dag.py:3823} INFO - Setting next_dagrun for example_xcom_args to None, run_after=None
[2026-04-16T04:43:19.590+0000] {logging_mixin.py:188} INFO - [2026-04-16T04:43:19.590+0000] {dag.py:3823} INFO - Setting next_dagrun for example_xcom_args_with_operators to None, run_after=None
[2026-04-16T04:43:19.599+0000] {processor.py:183} INFO - Processing /home/airflow/.local/lib/python3.8/site-packages/airflow/example_dags/example_xcomargs.py took 0.047 seconds
[2026-04-16T04:43:50.384+0000] {processor.py:161} INFO - Started process (PID=4420) to work on /home/airflow/.local/lib/python3.8/site-packages/airflow/example_dags/example_xcomargs.py
[2026-04-16T04:43:50.384+0000] {processor.py:830} INFO - Processing file /home/airflow/.local/lib/python3.8/site-packages/airflow/example_dags/example_xcomargs.py for tasks to queue
[2026-04-16T04:43:50.386+0000] {logging_mixin.py:188} INFO - [2026-04-16T04:43:50.385+0000] {dagbag.py:538} INFO - Filling up the DagBag from /home/airflow/.local/lib/python3.8/site-packages/airflow/example_dags/example_xcomargs.py
[2026-04-16T04:43:50.391+0000] {processor.py:840} INFO - DAG(s) 'example_xcom_args', 'example_xcom_args_with_operators' retrieved from /home/airflow/.local/lib/python3.8/site-packages/airflow/example_dags/example_xcomargs.py
[2026-04-16T04:43:50.408+0000] {logging_mixin.py:188} INFO - [2026-04-16T04:43:50.408+0000] {dag.py:3036} INFO - Sync 2 DAGs
[2026-04-16T04:43:50.416+0000] {logging_mixin.py:188} INFO - [2026-04-16T04:43:50.416+0000] {dag.py:3823} INFO - Setting next_dagrun for example_xcom_args to None, run_after=None
[2026-04-16T04:43:50.419+0000] {logging_mixin.py:188} INFO - [2026-04-16T04:43:50.419+0000] {dag.py:3823} INFO - Setting next_dagrun for example_xcom_args_with_operators to None, run_after=None
[2026-04-16T04:43:50.428+0000] {processor.py:183} INFO - Processing /home/airflow/.local/lib/python3.8/site-packages/airflow/example_dags/example_xcomargs.py took 0.046 seconds
[2026-04-16T04:44:21.140+0000] {processor.py:161} INFO - Started process (PID=4475) to work on /home/airflow/.local/lib/python3.8/site-packages/airflow/example_dags/example_xcomargs.py
[2026-04-16T04:44:21.141+0000] {processor.py:830} INFO - Processing file /home/airflow/.local/lib/python3.8/site-packages/airflow/example_dags/example_xcomargs.py for tasks to queue
[2026-04-16T04:44:21.142+0000] {logging_mixin.py:188} INFO - [2026-04-16T04:44:21.142+0000] {dagbag.py:538} INFO - Filling up the DagBag from /home/airflow/.local/lib/python3.8/site-packages/airflow/example_dags/example_xcomargs.py
[2026-04-16T04:44:21.148+0000] {processor.py:840} INFO - DAG(s) 'example_xcom_args', 'example_xcom_args_with_operators' retrieved from /home/airflow/.local/lib/python3.8/site-packages/airflow/example_dags/example_xcomargs.py
[2026-04-16T04:44:21.163+0000] {logging_mixin.py:188} INFO - [2026-04-16T04:44:21.163+0000] {dag.py:3036} INFO - Sync 2 DAGs
[2026-04-16T04:44:21.172+0000] {logging_mixin.py:188} INFO - [2026-04-16T04:44:21.172+0000] {dag.py:3823} INFO - Setting next_dagrun for example_xcom_args to None, run_after=None
[2026-04-16T04:44:21.174+0000] {logging_mixin.py:188} INFO - [2026-04-16T04:44:21.174+0000] {dag.py:3823} INFO - Setting next_dagrun for example_xcom_args_with_operators to None, run_after=None
[2026-04-16T04:44:21.183+0000] {processor.py:183} INFO - Processing /home/airflow/.local/lib/python3.8/site-packages/airflow/example_dags/example_xcomargs.py took 0.045 seconds
[2026-04-16T04:44:51.896+0000] {processor.py:161} INFO - Started process (PID=4530) to work on /home/airflow/.local/lib/python3.8/site-packages/airflow/example_dags/example_xcomargs.py
[2026-04-16T04:44:51.897+0000] {processor.py:830} INFO - Processing file /home/airflow/.local/lib/python3.8/site-packages/airflow/example_dags/example_xcomargs.py for tasks to queue
[2026-04-16T04:44:51.898+0000] {logging_mixin.py:188} INFO - [2026-04-16T04:44:51.898+0000] {dagbag.py:538} INFO - Filling up the DagBag from /home/airflow/.local/lib/python3.8/site-packages/airflow/example_dags/example_xcomargs.py
[2026-04-16T04:44:51.904+0000] {processor.py:840} INFO - DAG(s) 'example_xcom_args', 'example_xcom_args_with_operators' retrieved from /home/airflow/.local/lib/python3.8/site-packages/airflow/example_dags/example_xcomargs.py
[2026-04-16T04:44:51.921+0000] {logging_mixin.py:188} INFO - [2026-04-16T04:44:51.921+0000] {dag.py:3036} INFO - Sync 2 DAGs
[2026-04-16T04:44:51.931+0000] {logging_mixin.py:188} INFO - [2026-04-16T04:44:51.930+0000] {dag.py:3823} INFO - Setting next_dagrun for example_xcom_args to None, run_after=None
[2026-04-16T04:44:51.934+0000] {logging_mixin.py:188} INFO - [2026-04-16T04:44:51.933+0000] {dag.py:3823} INFO - Setting next_dagrun for example_xcom_args_with_operators to None, run_after=None
[2026-04-16T04:44:51.945+0000] {processor.py:183} INFO - Processing /home/airflow/.local/lib/python3.8/site-packages/airflow/example_dags/example_xcomargs.py took 0.052 seconds
[2026-04-16T04:45:22.657+0000] {processor.py:161} INFO - Started process (PID=4585) to work on /home/airflow/.local/lib/python3.8/site-packages/airflow/example_dags/example_xcomargs.py
[2026-04-16T04:45:22.657+0000] {processor.py:830} INFO - Processing file /home/airflow/.local/lib/python3.8/site-packages/airflow/example_dags/example_xcomargs.py for tasks to queue
[2026-04-16T04:45:22.658+0000] {logging_mixin.py:188} INFO - [2026-04-16T04:45:22.658+0000] {dagbag.py:538} INFO - Filling up the DagBag from /home/airflow/.local/lib/python3.8/site-packages/airflow/example_dags/example_xcomargs.py
[2026-04-16T04:45:22.664+0000] {processor.py:840} INFO - DAG(s) 'example_xcom_args_with_operators', 'example_xcom_args' retrieved from /home/airflow/.local/lib/python3.8/site-packages/airflow/example_dags/example_xcomargs.py
[2026-04-16T04:45:22.681+0000] {logging_mixin.py:188} INFO - [2026-04-16T04:45:22.681+0000] {dag.py:3036} INFO - Sync 2 DAGs
[2026-04-16T04:45:22.689+0000] {logging_mixin.py:188} INFO - [2026-04-16T04:45:22.689+0000] {dag.py:3823} INFO - Setting next_dagrun for example_xcom_args to None, run_after=None
[2026-04-16T04:45:22.691+0000] {logging_mixin.py:188} INFO - [2026-04-16T04:45:22.691+0000] {dag.py:3823} INFO - Setting next_dagrun for example_xcom_args_with_operators to None, run_after=None
[2026-04-16T04:45:22.700+0000] {processor.py:183} INFO - Processing /home/airflow/.local/lib/python3.8/site-packages/airflow/example_dags/example_xcomargs.py took 0.046 seconds
[2026-04-16T04:45:52.855+0000] {processor.py:161} INFO - Started process (PID=4640) to work on /home/airflow/.local/lib/python3.8/site-packages/airflow/example_dags/example_xcomargs.py
[2026-04-16T04:45:52.855+0000] {processor.py:830} INFO - Processing file /home/airflow/.local/lib/python3.8/site-packages/airflow/example_dags/example_xcomargs.py for tasks to queue
[2026-04-16T04:45:52.857+0000] {logging_mixin.py:188} INFO - [2026-04-16T04:45:52.856+0000] {dagbag.py:538} INFO - Filling up the DagBag from /home/airflow/.local/lib/python3.8/site-packages/airflow/example_dags/example_xcomargs.py
[2026-04-16T04:45:52.862+0000] {processor.py:840} INFO - DAG(s) 'example_xcom_args', 'example_xcom_args_with_operators' retrieved from /home/airflow/.local/lib/python3.8/site-packages/airflow/example_dags/example_xcomargs.py
[2026-04-16T04:45:52.879+0000] {logging_mixin.py:188} INFO - [2026-04-16T04:45:52.878+0000] {dag.py:3036} INFO - Sync 2 DAGs
[2026-04-16T04:45:52.888+0000] {logging_mixin.py:188} INFO - [2026-04-16T04:45:52.887+0000] {dag.py:3823} INFO - Setting next_dagrun for example_xcom_args to None, run_after=None
[2026-04-16T04:45:52.890+0000] {logging_mixin.py:188} INFO - [2026-04-16T04:45:52.890+0000] {dag.py:3823} INFO - Setting next_dagrun for example_xcom_args_with_operators to None, run_after=None
[2026-04-16T04:45:52.901+0000] {processor.py:183} INFO - Processing /home/airflow/.local/lib/python3.8/site-packages/airflow/example_dags/example_xcomargs.py took 0.049 seconds
[2026-04-16T04:46:23.573+0000] {processor.py:161} INFO - Started process (PID=4695) to work on /home/airflow/.local/lib/python3.8/site-packages/airflow/example_dags/example_xcomargs.py
[2026-04-16T04:46:23.573+0000] {processor.py:830} INFO - Processing file /home/airflow/.local/lib/python3.8/site-packages/airflow/example_dags/example_xcomargs.py for tasks to queue
[2026-04-16T04:46:23.575+0000] {logging_mixin.py:188} INFO - [2026-04-16T04:46:23.574+0000] {dagbag.py:538} INFO - Filling up the DagBag from /home/airflow/.local/lib/python3.8/site-packages/airflow/example_dags/example_xcomargs.py
[2026-04-16T04:46:23.580+0000] {processor.py:840} INFO - DAG(s) 'example_xcom_args', 'example_xcom_args_with_operators' retrieved from /home/airflow/.local/lib/python3.8/site-packages/airflow/example_dags/example_xcomargs.py
[2026-04-16T04:46:23.596+0000] {logging_mixin.py:188} INFO - [2026-04-16T04:46:23.596+0000] {dag.py:3036} INFO - Sync 2 DAGs
[2026-04-16T04:46:23.605+0000] {logging_mixin.py:188} INFO - [2026-04-16T04:46:23.605+0000] {dag.py:3823} INFO - Setting next_dagrun for example_xcom_args to None, run_after=None
[2026-04-16T04:46:23.607+0000] {logging_mixin.py:188} INFO - [2026-04-16T04:46:23.607+0000] {dag.py:3823} INFO - Setting next_dagrun for example_xcom_args_with_operators to None, run_after=None
[2026-04-16T04:46:23.616+0000] {processor.py:183} INFO - Processing /home/airflow/.local/lib/python3.8/site-packages/airflow/example_dags/example_xcomargs.py took 0.046 seconds
[2026-04-16T04:46:54.383+0000] {processor.py:161} INFO - Started process (PID=4750) to work on /home/airflow/.local/lib/python3.8/site-packages/airflow/example_dags/example_xcomargs.py
[2026-04-16T04:46:54.384+0000] {processor.py:830} INFO - Processing file /home/airflow/.local/lib/python3.8/site-packages/airflow/example_dags/example_xcomargs.py for tasks to queue
[2026-04-16T04:46:54.385+0000] {logging_mixin.py:188} INFO - [2026-04-16T04:46:54.385+0000] {dagbag.py:538} INFO - Filling up the DagBag from /home/airflow/.local/lib/python3.8/site-packages/airflow/example_dags/example_xcomargs.py
[2026-04-16T04:46:54.390+0000] {processor.py:840} INFO - DAG(s) 'example_xcom_args', 'example_xcom_args_with_operators' retrieved from /home/airflow/.local/lib/python3.8/site-packages/airflow/example_dags/example_xcomargs.py
[2026-04-16T04:46:54.406+0000] {logging_mixin.py:188} INFO - [2026-04-16T04:46:54.406+0000] {dag.py:3036} INFO - Sync 2 DAGs
[2026-04-16T04:46:54.415+0000] {logging_mixin.py:188} INFO - [2026-04-16T04:46:54.415+0000] {dag.py:3823} INFO - Setting next_dagrun for example_xcom_args to None, run_after=None
[2026-04-16T04:46:54.417+0000] {logging_mixin.py:188} INFO - [2026-04-16T04:46:54.417+0000] {dag.py:3823} INFO - Setting next_dagrun for example_xcom_args_with_operators to None, run_after=None
[2026-04-16T04:46:54.426+0000] {processor.py:183} INFO - Processing /home/airflow/.local/lib/python3.8/site-packages/airflow/example_dags/example_xcomargs.py took 0.045 seconds
[2026-04-16T04:47:25.073+0000] {processor.py:161} INFO - Started process (PID=4805) to work on /home/airflow/.local/lib/python3.8/site-packages/airflow/example_dags/example_xcomargs.py
[2026-04-16T04:47:25.074+0000] {processor.py:830} INFO - Processing file /home/airflow/.local/lib/python3.8/site-packages/airflow/example_dags/example_xcomargs.py for tasks to queue
[2026-04-16T04:47:25.075+0000] {logging_mixin.py:188} INFO - [2026-04-16T04:47:25.075+0000] {dagbag.py:538} INFO - Filling up the DagBag from /home/airflow/.local/lib/python3.8/site-packages/airflow/example_dags/example_xcomargs.py
[2026-04-16T04:47:25.081+0000] {processor.py:840} INFO - DAG(s) 'example_xcom_args', 'example_xcom_args_with_operators' retrieved from /home/airflow/.local/lib/python3.8/site-packages/airflow/example_dags/example_xcomargs.py
[2026-04-16T04:47:25.097+0000] {logging_mixin.py:188} INFO - [2026-04-16T04:47:25.096+0000] {dag.py:3036} INFO - Sync 2 DAGs
[2026-04-16T04:47:25.105+0000] {logging_mixin.py:188} INFO - [2026-04-16T04:47:25.105+0000] {dag.py:3823} INFO - Setting next_dagrun for example_xcom_args to None, run_after=None
[2026-04-16T04:47:25.108+0000] {logging_mixin.py:188} INFO - [2026-04-16T04:47:25.108+0000] {dag.py:3823} INFO - Setting next_dagrun for example_xcom_args_with_operators to None, run_after=None
[2026-04-16T04:47:25.117+0000] {processor.py:183} INFO - Processing /home/airflow/.local/lib/python3.8/site-packages/airflow/example_dags/example_xcomargs.py took 0.046 seconds
[2026-04-16T04:47:55.803+0000] {processor.py:161} INFO - Started process (PID=4860) to work on /home/airflow/.local/lib/python3.8/site-packages/airflow/example_dags/example_xcomargs.py
[2026-04-16T04:47:55.803+0000] {processor.py:830} INFO - Processing file /home/airflow/.local/lib/python3.8/site-packages/airflow/example_dags/example_xcomargs.py for tasks to queue
[2026-04-16T04:47:55.805+0000] {logging_mixin.py:188} INFO - [2026-04-16T04:47:55.804+0000] {dagbag.py:538} INFO - Filling up the DagBag from /home/airflow/.local/lib/python3.8/site-packages/airflow/example_dags/example_xcomargs.py
[2026-04-16T04:47:55.810+0000] {processor.py:840} INFO - DAG(s) 'example_xcom_args_with_operators', 'example_xcom_args' retrieved from /home/airflow/.local/lib/python3.8/site-packages/airflow/example_dags/example_xcomargs.py
[2026-04-16T04:47:55.826+0000] {logging_mixin.py:188} INFO - [2026-04-16T04:47:55.826+0000] {dag.py:3036} INFO - Sync 2 DAGs
[2026-04-16T04:47:55.835+0000] {logging_mixin.py:188} INFO - [2026-04-16T04:47:55.835+0000] {dag.py:3823} INFO - Setting next_dagrun for example_xcom_args to None, run_after=None
[2026-04-16T04:47:55.837+0000] {logging_mixin.py:188} INFO - [2026-04-16T04:47:55.837+0000] {dag.py:3823} INFO - Setting next_dagrun for example_xcom_args_with_operators to None, run_after=None
[2026-04-16T04:47:55.847+0000] {processor.py:183} INFO - Processing /home/airflow/.local/lib/python3.8/site-packages/airflow/example_dags/example_xcomargs.py took 0.047 seconds
[2026-04-16T04:48:26.601+0000] {processor.py:161} INFO - Started process (PID=4915) to work on /home/airflow/.local/lib/python3.8/site-packages/airflow/example_dags/example_xcomargs.py
[2026-04-16T04:48:26.602+0000] {processor.py:830} INFO - Processing file /home/airflow/.local/lib/python3.8/site-packages/airflow/example_dags/example_xcomargs.py for tasks to queue
[2026-04-16T04:48:26.603+0000] {logging_mixin.py:188} INFO - [2026-04-16T04:48:26.603+0000] {dagbag.py:538} INFO - Filling up the DagBag from /home/airflow/.local/lib/python3.8/site-packages/airflow/example_dags/example_xcomargs.py
[2026-04-16T04:48:26.608+0000] {processor.py:840} INFO - DAG(s) 'example_xcom_args_with_operators', 'example_xcom_args' retrieved from /home/airflow/.local/lib/python3.8/site-packages/airflow/example_dags/example_xcomargs.py
[2026-04-16T04:48:26.624+0000] {logging_mixin.py:188} INFO - [2026-04-16T04:48:26.623+0000] {dag.py:3036} INFO - Sync 2 DAGs
[2026-04-16T04:48:26.632+0000] {logging_mixin.py:188} INFO - [2026-04-16T04:48:26.632+0000] {dag.py:3823} INFO - Setting next_dagrun for example_xcom_args to None, run_after=None
[2026-04-16T04:48:26.635+0000] {logging_mixin.py:188} INFO - [2026-04-16T04:48:26.635+0000] {dag.py:3823} INFO - Setting next_dagrun for example_xcom_args_with_operators to None, run_after=None
[2026-04-16T04:48:26.646+0000] {processor.py:183} INFO - Processing /home/airflow/.local/lib/python3.8/site-packages/airflow/example_dags/example_xcomargs.py took 0.047 seconds
[2026-04-16T04:48:57.380+0000] {processor.py:161} INFO - Started process (PID=4970) to work on /home/airflow/.local/lib/python3.8/site-packages/airflow/example_dags/example_xcomargs.py
[2026-04-16T04:48:57.381+0000] {processor.py:830} INFO - Processing file /home/airflow/.local/lib/python3.8/site-packages/airflow/example_dags/example_xcomargs.py for tasks to queue
[2026-04-16T04:48:57.382+0000] {logging_mixin.py:188} INFO - [2026-04-16T04:48:57.382+0000] {dagbag.py:538} INFO - Filling up the DagBag from /home/airflow/.local/lib/python3.8/site-packages/airflow/example_dags/example_xcomargs.py
[2026-04-16T04:48:57.388+0000] {processor.py:840} INFO - DAG(s) 'example_xcom_args_with_operators', 'example_xcom_args' retrieved from /home/airflow/.local/lib/python3.8/site-packages/airflow/example_dags/example_xcomargs.py
[2026-04-16T04:48:57.403+0000] {logging_mixin.py:188} INFO - [2026-04-16T04:48:57.403+0000] {dag.py:3036} INFO - Sync 2 DAGs
[2026-04-16T04:48:57.412+0000] {logging_mixin.py:188} INFO - [2026-04-16T04:48:57.412+0000] {dag.py:3823} INFO - Setting next_dagrun for example_xcom_args to None, run_after=None
[2026-04-16T04:48:57.414+0000] {logging_mixin.py:188} INFO - [2026-04-16T04:48:57.414+0000] {dag.py:3823} INFO - Setting next_dagrun for example_xcom_args_with_operators to None, run_after=None
[2026-04-16T04:48:57.423+0000] {processor.py:183} INFO - Processing /home/airflow/.local/lib/python3.8/site-packages/airflow/example_dags/example_xcomargs.py took 0.045 seconds
[2026-04-16T04:49:28.084+0000] {processor.py:161} INFO - Started process (PID=5025) to work on /home/airflow/.local/lib/python3.8/site-packages/airflow/example_dags/example_xcomargs.py
[2026-04-16T04:49:28.084+0000] {processor.py:830} INFO - Processing file /home/airflow/.local/lib/python3.8/site-packages/airflow/example_dags/example_xcomargs.py for tasks to queue
[2026-04-16T04:49:28.086+0000] {logging_mixin.py:188} INFO - [2026-04-16T04:49:28.085+0000] {dagbag.py:538} INFO - Filling up the DagBag from /home/airflow/.local/lib/python3.8/site-packages/airflow/example_dags/example_xcomargs.py
[2026-04-16T04:49:28.091+0000] {processor.py:840} INFO - DAG(s) 'example_xcom_args', 'example_xcom_args_with_operators' retrieved from /home/airflow/.local/lib/python3.8/site-packages/airflow/example_dags/example_xcomargs.py
[2026-04-16T04:49:28.107+0000] {logging_mixin.py:188} INFO - [2026-04-16T04:49:28.107+0000] {dag.py:3036} INFO - Sync 2 DAGs
[2026-04-16T04:49:28.116+0000] {logging_mixin.py:188} INFO - [2026-04-16T04:49:28.116+0000] {dag.py:3823} INFO - Setting next_dagrun for example_xcom_args to None, run_after=None
[2026-04-16T04:49:28.118+0000] {logging_mixin.py:188} INFO - [2026-04-16T04:49:28.118+0000] {dag.py:3823} INFO - Setting next_dagrun for example_xcom_args_with_operators to None, run_after=None
[2026-04-16T04:49:28.127+0000] {processor.py:183} INFO - Processing /home/airflow/.local/lib/python3.8/site-packages/airflow/example_dags/example_xcomargs.py took 0.046 seconds
[2026-04-16T04:49:58.798+0000] {processor.py:161} INFO - Started process (PID=5080) to work on /home/airflow/.local/lib/python3.8/site-packages/airflow/example_dags/example_xcomargs.py
[2026-04-16T04:49:58.799+0000] {processor.py:830} INFO - Processing file /home/airflow/.local/lib/python3.8/site-packages/airflow/example_dags/example_xcomargs.py for tasks to queue
[2026-04-16T04:49:58.800+0000] {logging_mixin.py:188} INFO - [2026-04-16T04:49:58.800+0000] {dagbag.py:538} INFO - Filling up the DagBag from /home/airflow/.local/lib/python3.8/site-packages/airflow/example_dags/example_xcomargs.py
[2026-04-16T04:49:58.806+0000] {processor.py:840} INFO - DAG(s) 'example_xcom_args_with_operators', 'example_xcom_args' retrieved from /home/airflow/.local/lib/python3.8/site-packages/airflow/example_dags/example_xcomargs.py
[2026-04-16T04:49:58.821+0000] {logging_mixin.py:188} INFO - [2026-04-16T04:49:58.821+0000] {dag.py:3036} INFO - Sync 2 DAGs
[2026-04-16T04:49:58.829+0000] {logging_mixin.py:188} INFO - [2026-04-16T04:49:58.829+0000] {dag.py:3823} INFO - Setting next_dagrun for example_xcom_args to None, run_after=None
[2026-04-16T04:49:58.832+0000] {logging_mixin.py:188} INFO - [2026-04-16T04:49:58.831+0000] {dag.py:3823} INFO - Setting next_dagrun for example_xcom_args_with_operators to None, run_after=None
[2026-04-16T04:49:58.841+0000] {processor.py:183} INFO - Processing /home/airflow/.local/lib/python3.8/site-packages/airflow/example_dags/example_xcomargs.py took 0.045 seconds
[2026-04-16T04:50:29.517+0000] {processor.py:161} INFO - Started process (PID=5135) to work on /home/airflow/.local/lib/python3.8/site-packages/airflow/example_dags/example_xcomargs.py
[2026-04-16T04:50:29.518+0000] {processor.py:830} INFO - Processing file /home/airflow/.local/lib/python3.8/site-packages/airflow/example_dags/example_xcomargs.py for tasks to queue
[2026-04-16T04:50:29.519+0000] {logging_mixin.py:188} INFO - [2026-04-16T04:50:29.519+0000] {dagbag.py:538} INFO - Filling up the DagBag from /home/airflow/.local/lib/python3.8/site-packages/airflow/example_dags/example_xcomargs.py
[2026-04-16T04:50:29.525+0000] {processor.py:840} INFO - DAG(s) 'example_xcom_args', 'example_xcom_args_with_operators' retrieved from /home/airflow/.local/lib/python3.8/site-packages/airflow/example_dags/example_xcomargs.py
[2026-04-16T04:50:29.540+0000] {logging_mixin.py:188} INFO - [2026-04-16T04:50:29.540+0000] {dag.py:3036} INFO - Sync 2 DAGs
[2026-04-16T04:50:29.549+0000] {logging_mixin.py:188} INFO - [2026-04-16T04:50:29.549+0000] {dag.py:3823} INFO - Setting next_dagrun for example_xcom_args to None, run_after=None
[2026-04-16T04:50:29.551+0000] {logging_mixin.py:188} INFO - [2026-04-16T04:50:29.551+0000] {dag.py:3823} INFO - Setting next_dagrun for example_xcom_args_with_operators to None, run_after=None
[2026-04-16T04:50:29.560+0000] {processor.py:183} INFO - Processing /home/airflow/.local/lib/python3.8/site-packages/airflow/example_dags/example_xcomargs.py took 0.045 seconds
[2026-04-16T04:51:00.219+0000] {processor.py:161} INFO - Started process (PID=5196) to work on /home/airflow/.local/lib/python3.8/site-packages/airflow/example_dags/example_xcomargs.py
[2026-04-16T04:51:00.220+0000] {processor.py:830} INFO - Processing file /home/airflow/.local/lib/python3.8/site-packages/airflow/example_dags/example_xcomargs.py for tasks to queue
[2026-04-16T04:51:00.221+0000] {logging_mixin.py:188} INFO - [2026-04-16T04:51:00.221+0000] {dagbag.py:538} INFO - Filling up the DagBag from /home/airflow/.local/lib/python3.8/site-packages/airflow/example_dags/example_xcomargs.py
[2026-04-16T04:51:00.227+0000] {processor.py:840} INFO - DAG(s) 'example_xcom_args', 'example_xcom_args_with_operators' retrieved from /home/airflow/.local/lib/python3.8/site-packages/airflow/example_dags/example_xcomargs.py
[2026-04-16T04:51:00.243+0000] {logging_mixin.py:188} INFO - [2026-04-16T04:51:00.242+0000] {dag.py:3036} INFO - Sync 2 DAGs
[2026-04-16T04:51:00.251+0000] {logging_mixin.py:188} INFO - [2026-04-16T04:51:00.251+0000] {dag.py:3823} INFO - Setting next_dagrun for example_xcom_args to None, run_after=None
[2026-04-16T04:51:00.254+0000] {logging_mixin.py:188} INFO - [2026-04-16T04:51:00.254+0000] {dag.py:3823} INFO - Setting next_dagrun for example_xcom_args_with_operators to None, run_after=None
[2026-04-16T04:51:00.263+0000] {processor.py:183} INFO - Processing /home/airflow/.local/lib/python3.8/site-packages/airflow/example_dags/example_xcomargs.py took 0.046 seconds
[2026-04-16T04:51:31.073+0000] {processor.py:161} INFO - Started process (PID=5251) to work on /home/airflow/.local/lib/python3.8/site-packages/airflow/example_dags/example_xcomargs.py
[2026-04-16T04:51:31.073+0000] {processor.py:830} INFO - Processing file /home/airflow/.local/lib/python3.8/site-packages/airflow/example_dags/example_xcomargs.py for tasks to queue
[2026-04-16T04:51:31.075+0000] {logging_mixin.py:188} INFO - [2026-04-16T04:51:31.075+0000] {dagbag.py:538} INFO - Filling up the DagBag from /home/airflow/.local/lib/python3.8/site-packages/airflow/example_dags/example_xcomargs.py
[2026-04-16T04:51:31.081+0000] {processor.py:840} INFO - DAG(s) 'example_xcom_args', 'example_xcom_args_with_operators' retrieved from /home/airflow/.local/lib/python3.8/site-packages/airflow/example_dags/example_xcomargs.py
[2026-04-16T04:51:31.098+0000] {logging_mixin.py:188} INFO - [2026-04-16T04:51:31.098+0000] {dag.py:3036} INFO - Sync 2 DAGs
[2026-04-16T04:51:31.107+0000] {logging_mixin.py:188} INFO - [2026-04-16T04:51:31.107+0000] {dag.py:3823} INFO - Setting next_dagrun for example_xcom_args to None, run_after=None
[2026-04-16T04:51:31.110+0000] {logging_mixin.py:188} INFO - [2026-04-16T04:51:31.110+0000] {dag.py:3823} INFO - Setting next_dagrun for example_xcom_args_with_operators to None, run_after=None
[2026-04-16T04:51:31.120+0000] {processor.py:183} INFO - Processing /home/airflow/.local/lib/python3.8/site-packages/airflow/example_dags/example_xcomargs.py took 0.050 seconds
[2026-04-16T04:52:01.228+0000] {processor.py:161} INFO - Started process (PID=5306) to work on /home/airflow/.local/lib/python3.8/site-packages/airflow/example_dags/example_xcomargs.py
[2026-04-16T04:52:01.228+0000] {processor.py:830} INFO - Processing file /home/airflow/.local/lib/python3.8/site-packages/airflow/example_dags/example_xcomargs.py for tasks to queue
[2026-04-16T04:52:01.230+0000] {logging_mixin.py:188} INFO - [2026-04-16T04:52:01.229+0000] {dagbag.py:538} INFO - Filling up the DagBag from /home/airflow/.local/lib/python3.8/site-packages/airflow/example_dags/example_xcomargs.py
[2026-04-16T04:52:01.235+0000] {processor.py:840} INFO - DAG(s) 'example_xcom_args', 'example_xcom_args_with_operators' retrieved from /home/airflow/.local/lib/python3.8/site-packages/airflow/example_dags/example_xcomargs.py
[2026-04-16T04:52:01.250+0000] {logging_mixin.py:188} INFO - [2026-04-16T04:52:01.250+0000] {dag.py:3036} INFO - Sync 2 DAGs
[2026-04-16T04:52:01.259+0000] {logging_mixin.py:188} INFO - [2026-04-16T04:52:01.259+0000] {dag.py:3823} INFO - Setting next_dagrun for example_xcom_args to None, run_after=None
[2026-04-16T04:52:01.261+0000] {logging_mixin.py:188} INFO - [2026-04-16T04:52:01.261+0000] {dag.py:3823} INFO - Setting next_dagrun for example_xcom_args_with_operators to None, run_after=None
[2026-04-16T04:52:01.270+0000] {processor.py:183} INFO - Processing /home/airflow/.local/lib/python3.8/site-packages/airflow/example_dags/example_xcomargs.py took 0.045 seconds
[2026-04-16T04:52:31.299+0000] {processor.py:161} INFO - Started process (PID=5361) to work on /home/airflow/.local/lib/python3.8/site-packages/airflow/example_dags/example_xcomargs.py
[2026-04-16T04:52:31.300+0000] {processor.py:830} INFO - Processing file /home/airflow/.local/lib/python3.8/site-packages/airflow/example_dags/example_xcomargs.py for tasks to queue
[2026-04-16T04:52:31.301+0000] {logging_mixin.py:188} INFO - [2026-04-16T04:52:31.301+0000] {dagbag.py:538} INFO - Filling up the DagBag from /home/airflow/.local/lib/python3.8/site-packages/airflow/example_dags/example_xcomargs.py
[2026-04-16T04:52:31.307+0000] {processor.py:840} INFO - DAG(s) 'example_xcom_args', 'example_xcom_args_with_operators' retrieved from /home/airflow/.local/lib/python3.8/site-packages/airflow/example_dags/example_xcomargs.py
[2026-04-16T04:52:31.323+0000] {logging_mixin.py:188} INFO - [2026-04-16T04:52:31.323+0000] {dag.py:3036} INFO - Sync 2 DAGs
[2026-04-16T04:52:31.332+0000] {logging_mixin.py:188} INFO - [2026-04-16T04:52:31.332+0000] {dag.py:3823} INFO - Setting next_dagrun for example_xcom_args to None, run_after=None
[2026-04-16T04:52:31.334+0000] {logging_mixin.py:188} INFO - [2026-04-16T04:52:31.334+0000] {dag.py:3823} INFO - Setting next_dagrun for example_xcom_args_with_operators to None, run_after=None
[2026-04-16T04:52:31.343+0000] {processor.py:183} INFO - Processing /home/airflow/.local/lib/python3.8/site-packages/airflow/example_dags/example_xcomargs.py took 0.046 seconds
[2026-04-16T04:53:01.451+0000] {processor.py:161} INFO - Started process (PID=5416) to work on /home/airflow/.local/lib/python3.8/site-packages/airflow/example_dags/example_xcomargs.py
[2026-04-16T04:53:01.452+0000] {processor.py:830} INFO - Processing file /home/airflow/.local/lib/python3.8/site-packages/airflow/example_dags/example_xcomargs.py for tasks to queue
[2026-04-16T04:53:01.453+0000] {logging_mixin.py:188} INFO - [2026-04-16T04:53:01.453+0000] {dagbag.py:538} INFO - Filling up the DagBag from /home/airflow/.local/lib/python3.8/site-packages/airflow/example_dags/example_xcomargs.py
[2026-04-16T04:53:01.459+0000] {processor.py:840} INFO - DAG(s) 'example_xcom_args_with_operators', 'example_xcom_args' retrieved from /home/airflow/.local/lib/python3.8/site-packages/airflow/example_dags/example_xcomargs.py
[2026-04-16T04:53:01.475+0000] {logging_mixin.py:188} INFO - [2026-04-16T04:53:01.474+0000] {dag.py:3036} INFO - Sync 2 DAGs
[2026-04-16T04:53:01.483+0000] {logging_mixin.py:188} INFO - [2026-04-16T04:53:01.483+0000] {dag.py:3823} INFO - Setting next_dagrun for example_xcom_args to None, run_after=None
[2026-04-16T04:53:01.486+0000] {logging_mixin.py:188} INFO - [2026-04-16T04:53:01.486+0000] {dag.py:3823} INFO - Setting next_dagrun for example_xcom_args_with_operators to None, run_after=None
[2026-04-16T04:53:01.496+0000] {processor.py:183} INFO - Processing /home/airflow/.local/lib/python3.8/site-packages/airflow/example_dags/example_xcomargs.py took 0.047 seconds
[2026-04-16T04:53:31.598+0000] {processor.py:161} INFO - Started process (PID=5471) to work on /home/airflow/.local/lib/python3.8/site-packages/airflow/example_dags/example_xcomargs.py
[2026-04-16T04:53:31.599+0000] {processor.py:830} INFO - Processing file /home/airflow/.local/lib/python3.8/site-packages/airflow/example_dags/example_xcomargs.py for tasks to queue
[2026-04-16T04:53:31.600+0000] {logging_mixin.py:188} INFO - [2026-04-16T04:53:31.600+0000] {dagbag.py:538} INFO - Filling up the DagBag from /home/airflow/.local/lib/python3.8/site-packages/airflow/example_dags/example_xcomargs.py
[2026-04-16T04:53:31.605+0000] {processor.py:840} INFO - DAG(s) 'example_xcom_args_with_operators', 'example_xcom_args' retrieved from /home/airflow/.local/lib/python3.8/site-packages/airflow/example_dags/example_xcomargs.py
[2026-04-16T04:53:31.621+0000] {logging_mixin.py:188} INFO - [2026-04-16T04:53:31.621+0000] {dag.py:3036} INFO - Sync 2 DAGs
[2026-04-16T04:53:31.629+0000] {logging_mixin.py:188} INFO - [2026-04-16T04:53:31.629+0000] {dag.py:3823} INFO - Setting next_dagrun for example_xcom_args to None, run_after=None
[2026-04-16T04:53:31.632+0000] {logging_mixin.py:188} INFO - [2026-04-16T04:53:31.632+0000] {dag.py:3823} INFO - Setting next_dagrun for example_xcom_args_with_operators to None, run_after=None
[2026-04-16T04:53:31.641+0000] {processor.py:183} INFO - Processing /home/airflow/.local/lib/python3.8/site-packages/airflow/example_dags/example_xcomargs.py took 0.045 seconds
[2026-04-16T04:54:01.733+0000] {processor.py:161} INFO - Started process (PID=5526) to work on /home/airflow/.local/lib/python3.8/site-packages/airflow/example_dags/example_xcomargs.py
[2026-04-16T04:54:01.734+0000] {processor.py:830} INFO - Processing file /home/airflow/.local/lib/python3.8/site-packages/airflow/example_dags/example_xcomargs.py for tasks to queue
[2026-04-16T04:54:01.735+0000] {logging_mixin.py:188} INFO - [2026-04-16T04:54:01.735+0000] {dagbag.py:538} INFO - Filling up the DagBag from /home/airflow/.local/lib/python3.8/site-packages/airflow/example_dags/example_xcomargs.py
[2026-04-16T04:54:01.741+0000] {processor.py:840} INFO - DAG(s) 'example_xcom_args', 'example_xcom_args_with_operators' retrieved from /home/airflow/.local/lib/python3.8/site-packages/airflow/example_dags/example_xcomargs.py
[2026-04-16T04:54:01.756+0000] {logging_mixin.py:188} INFO - [2026-04-16T04:54:01.756+0000] {dag.py:3036} INFO - Sync 2 DAGs
[2026-04-16T04:54:01.765+0000] {logging_mixin.py:188} INFO - [2026-04-16T04:54:01.764+0000] {dag.py:3823} INFO - Setting next_dagrun for example_xcom_args to None, run_after=None
[2026-04-16T04:54:01.767+0000] {logging_mixin.py:188} INFO - [2026-04-16T04:54:01.767+0000] {dag.py:3823} INFO - Setting next_dagrun for example_xcom_args_with_operators to None, run_after=None
[2026-04-16T04:54:01.776+0000] {processor.py:183} INFO - Processing /home/airflow/.local/lib/python3.8/site-packages/airflow/example_dags/example_xcomargs.py took 0.045 seconds
[2026-04-16T04:54:31.896+0000] {processor.py:161} INFO - Started process (PID=5581) to work on /home/airflow/.local/lib/python3.8/site-packages/airflow/example_dags/example_xcomargs.py
[2026-04-16T04:54:31.897+0000] {processor.py:830} INFO - Processing file /home/airflow/.local/lib/python3.8/site-packages/airflow/example_dags/example_xcomargs.py for tasks to queue
[2026-04-16T04:54:31.898+0000] {logging_mixin.py:188} INFO - [2026-04-16T04:54:31.897+0000] {dagbag.py:538} INFO - Filling up the DagBag from /home/airflow/.local/lib/python3.8/site-packages/airflow/example_dags/example_xcomargs.py
[2026-04-16T04:54:31.903+0000] {processor.py:840} INFO - DAG(s) 'example_xcom_args', 'example_xcom_args_with_operators' retrieved from /home/airflow/.local/lib/python3.8/site-packages/airflow/example_dags/example_xcomargs.py
[2026-04-16T04:54:31.919+0000] {logging_mixin.py:188} INFO - [2026-04-16T04:54:31.919+0000] {dag.py:3036} INFO - Sync 2 DAGs
[2026-04-16T04:54:31.927+0000] {logging_mixin.py:188} INFO - [2026-04-16T04:54:31.927+0000] {dag.py:3823} INFO - Setting next_dagrun for example_xcom_args to None, run_after=None
[2026-04-16T04:54:31.930+0000] {logging_mixin.py:188} INFO - [2026-04-16T04:54:31.929+0000] {dag.py:3823} INFO - Setting next_dagrun for example_xcom_args_with_operators to None, run_after=None
[2026-04-16T04:54:31.939+0000] {processor.py:183} INFO - Processing /home/airflow/.local/lib/python3.8/site-packages/airflow/example_dags/example_xcomargs.py took 0.046 seconds
[2026-04-16T04:55:02.038+0000] {processor.py:161} INFO - Started process (PID=5636) to work on /home/airflow/.local/lib/python3.8/site-packages/airflow/example_dags/example_xcomargs.py
[2026-04-16T04:55:02.039+0000] {processor.py:830} INFO - Processing file /home/airflow/.local/lib/python3.8/site-packages/airflow/example_dags/example_xcomargs.py for tasks to queue
[2026-04-16T04:55:02.040+0000] {logging_mixin.py:188} INFO - [2026-04-16T04:55:02.040+0000] {dagbag.py:538} INFO - Filling up the DagBag from /home/airflow/.local/lib/python3.8/site-packages/airflow/example_dags/example_xcomargs.py
[2026-04-16T04:55:02.045+0000] {processor.py:840} INFO - DAG(s) 'example_xcom_args', 'example_xcom_args_with_operators' retrieved from /home/airflow/.local/lib/python3.8/site-packages/airflow/example_dags/example_xcomargs.py
[2026-04-16T04:55:02.061+0000] {logging_mixin.py:188} INFO - [2026-04-16T04:55:02.061+0000] {dag.py:3036} INFO - Sync 2 DAGs
[2026-04-16T04:55:02.069+0000] {logging_mixin.py:188} INFO - [2026-04-16T04:55:02.069+0000] {dag.py:3823} INFO - Setting next_dagrun for example_xcom_args to None, run_after=None
[2026-04-16T04:55:02.071+0000] {logging_mixin.py:188} INFO - [2026-04-16T04:55:02.071+0000] {dag.py:3823} INFO - Setting next_dagrun for example_xcom_args_with_operators to None, run_after=None
[2026-04-16T04:55:02.080+0000] {processor.py:183} INFO - Processing /home/airflow/.local/lib/python3.8/site-packages/airflow/example_dags/example_xcomargs.py took 0.045 seconds
[2026-04-16T04:55:32.147+0000] {processor.py:161} INFO - Started process (PID=5691) to work on /home/airflow/.local/lib/python3.8/site-packages/airflow/example_dags/example_xcomargs.py
[2026-04-16T04:55:32.148+0000] {processor.py:830} INFO - Processing file /home/airflow/.local/lib/python3.8/site-packages/airflow/example_dags/example_xcomargs.py for tasks to queue
[2026-04-16T04:55:32.149+0000] {logging_mixin.py:188} INFO - [2026-04-16T04:55:32.149+0000] {dagbag.py:538} INFO - Filling up the DagBag from /home/airflow/.local/lib/python3.8/site-packages/airflow/example_dags/example_xcomargs.py
[2026-04-16T04:55:32.155+0000] {processor.py:840} INFO - DAG(s) 'example_xcom_args', 'example_xcom_args_with_operators' retrieved from /home/airflow/.local/lib/python3.8/site-packages/airflow/example_dags/example_xcomargs.py
[2026-04-16T04:55:32.171+0000] {logging_mixin.py:188} INFO - [2026-04-16T04:55:32.171+0000] {dag.py:3036} INFO - Sync 2 DAGs
[2026-04-16T04:55:32.179+0000] {logging_mixin.py:188} INFO - [2026-04-16T04:55:32.179+0000] {dag.py:3823} INFO - Setting next_dagrun for example_xcom_args to None, run_after=None
[2026-04-16T04:55:32.182+0000] {logging_mixin.py:188} INFO - [2026-04-16T04:55:32.182+0000] {dag.py:3823} INFO - Setting next_dagrun for example_xcom_args_with_operators to None, run_after=None
[2026-04-16T04:55:32.192+0000] {processor.py:183} INFO - Processing /home/airflow/.local/lib/python3.8/site-packages/airflow/example_dags/example_xcomargs.py took 0.047 seconds
[2026-04-16T04:56:02.237+0000] {processor.py:161} INFO - Started process (PID=5745) to work on /home/airflow/.local/lib/python3.8/site-packages/airflow/example_dags/example_xcomargs.py
[2026-04-16T04:56:02.237+0000] {processor.py:830} INFO - Processing file /home/airflow/.local/lib/python3.8/site-packages/airflow/example_dags/example_xcomargs.py for tasks to queue
[2026-04-16T04:56:02.239+0000] {logging_mixin.py:188} INFO - [2026-04-16T04:56:02.239+0000] {dagbag.py:538} INFO - Filling up the DagBag from /home/airflow/.local/lib/python3.8/site-packages/airflow/example_dags/example_xcomargs.py
[2026-04-16T04:56:02.247+0000] {processor.py:840} INFO - DAG(s) 'example_xcom_args', 'example_xcom_args_with_operators' retrieved from /home/airflow/.local/lib/python3.8/site-packages/airflow/example_dags/example_xcomargs.py
[2026-04-16T04:56:02.270+0000] {logging_mixin.py:188} INFO - [2026-04-16T04:56:02.269+0000] {dag.py:3036} INFO - Sync 2 DAGs
[2026-04-16T04:56:02.282+0000] {logging_mixin.py:188} INFO - [2026-04-16T04:56:02.281+0000] {dag.py:3823} INFO - Setting next_dagrun for example_xcom_args to None, run_after=None
[2026-04-16T04:56:02.285+0000] {logging_mixin.py:188} INFO - [2026-04-16T04:56:02.284+0000] {dag.py:3823} INFO - Setting next_dagrun for example_xcom_args_with_operators to None, run_after=None
[2026-04-16T04:56:02.298+0000] {processor.py:183} INFO - Processing /home/airflow/.local/lib/python3.8/site-packages/airflow/example_dags/example_xcomargs.py took 0.064 seconds
[2026-04-16T04:56:33.250+0000] {processor.py:161} INFO - Started process (PID=5801) to work on /home/airflow/.local/lib/python3.8/site-packages/airflow/example_dags/example_xcomargs.py
[2026-04-16T04:56:33.251+0000] {processor.py:830} INFO - Processing file /home/airflow/.local/lib/python3.8/site-packages/airflow/example_dags/example_xcomargs.py for tasks to queue
[2026-04-16T04:56:33.252+0000] {logging_mixin.py:188} INFO - [2026-04-16T04:56:33.252+0000] {dagbag.py:538} INFO - Filling up the DagBag from /home/airflow/.local/lib/python3.8/site-packages/airflow/example_dags/example_xcomargs.py
[2026-04-16T04:56:33.258+0000] {processor.py:840} INFO - DAG(s) 'example_xcom_args', 'example_xcom_args_with_operators' retrieved from /home/airflow/.local/lib/python3.8/site-packages/airflow/example_dags/example_xcomargs.py
[2026-04-16T04:56:33.274+0000] {logging_mixin.py:188} INFO - [2026-04-16T04:56:33.274+0000] {dag.py:3036} INFO - Sync 2 DAGs
[2026-04-16T04:56:33.283+0000] {logging_mixin.py:188} INFO - [2026-04-16T04:56:33.283+0000] {dag.py:3823} INFO - Setting next_dagrun for example_xcom_args to None, run_after=None
[2026-04-16T04:56:33.285+0000] {logging_mixin.py:188} INFO - [2026-04-16T04:56:33.285+0000] {dag.py:3823} INFO - Setting next_dagrun for example_xcom_args_with_operators to None, run_after=None
[2026-04-16T04:56:33.294+0000] {processor.py:183} INFO - Processing /home/airflow/.local/lib/python3.8/site-packages/airflow/example_dags/example_xcomargs.py took 0.046 seconds
[2026-04-16T04:57:03.951+0000] {processor.py:161} INFO - Started process (PID=5856) to work on /home/airflow/.local/lib/python3.8/site-packages/airflow/example_dags/example_xcomargs.py
[2026-04-16T04:57:03.951+0000] {processor.py:830} INFO - Processing file /home/airflow/.local/lib/python3.8/site-packages/airflow/example_dags/example_xcomargs.py for tasks to queue
[2026-04-16T04:57:03.952+0000] {logging_mixin.py:188} INFO - [2026-04-16T04:57:03.952+0000] {dagbag.py:538} INFO - Filling up the DagBag from /home/airflow/.local/lib/python3.8/site-packages/airflow/example_dags/example_xcomargs.py
[2026-04-16T04:57:03.958+0000] {processor.py:840} INFO - DAG(s) 'example_xcom_args', 'example_xcom_args_with_operators' retrieved from /home/airflow/.local/lib/python3.8/site-packages/airflow/example_dags/example_xcomargs.py
[2026-04-16T04:57:03.974+0000] {logging_mixin.py:188} INFO - [2026-04-16T04:57:03.974+0000] {dag.py:3036} INFO - Sync 2 DAGs
[2026-04-16T04:57:03.982+0000] {logging_mixin.py:188} INFO - [2026-04-16T04:57:03.982+0000] {dag.py:3823} INFO - Setting next_dagrun for example_xcom_args to None, run_after=None
[2026-04-16T04:57:03.985+0000] {logging_mixin.py:188} INFO - [2026-04-16T04:57:03.984+0000] {dag.py:3823} INFO - Setting next_dagrun for example_xcom_args_with_operators to None, run_after=None
[2026-04-16T04:57:03.995+0000] {processor.py:183} INFO - Processing /home/airflow/.local/lib/python3.8/site-packages/airflow/example_dags/example_xcomargs.py took 0.046 seconds
[2026-04-16T04:57:34.749+0000] {processor.py:161} INFO - Started process (PID=5911) to work on /home/airflow/.local/lib/python3.8/site-packages/airflow/example_dags/example_xcomargs.py
[2026-04-16T04:57:34.750+0000] {processor.py:830} INFO - Processing file /home/airflow/.local/lib/python3.8/site-packages/airflow/example_dags/example_xcomargs.py for tasks to queue
[2026-04-16T04:57:34.751+0000] {logging_mixin.py:188} INFO - [2026-04-16T04:57:34.751+0000] {dagbag.py:538} INFO - Filling up the DagBag from /home/airflow/.local/lib/python3.8/site-packages/airflow/example_dags/example_xcomargs.py
[2026-04-16T04:57:34.757+0000] {processor.py:840} INFO - DAG(s) 'example_xcom_args', 'example_xcom_args_with_operators' retrieved from /home/airflow/.local/lib/python3.8/site-packages/airflow/example_dags/example_xcomargs.py
[2026-04-16T04:57:34.773+0000] {logging_mixin.py:188} INFO - [2026-04-16T04:57:34.773+0000] {dag.py:3036} INFO - Sync 2 DAGs
[2026-04-16T04:57:34.782+0000] {logging_mixin.py:188} INFO - [2026-04-16T04:57:34.781+0000] {dag.py:3823} INFO - Setting next_dagrun for example_xcom_args to None, run_after=None
[2026-04-16T04:57:34.785+0000] {logging_mixin.py:188} INFO - [2026-04-16T04:57:34.784+0000] {dag.py:3823} INFO - Setting next_dagrun for example_xcom_args_with_operators to None, run_after=None
[2026-04-16T04:57:34.795+0000] {processor.py:183} INFO - Processing /home/airflow/.local/lib/python3.8/site-packages/airflow/example_dags/example_xcomargs.py took 0.047 seconds
[2026-04-16T04:58:05.443+0000] {processor.py:161} INFO - Started process (PID=5966) to work on /home/airflow/.local/lib/python3.8/site-packages/airflow/example_dags/example_xcomargs.py
[2026-04-16T04:58:05.443+0000] {processor.py:830} INFO - Processing file /home/airflow/.local/lib/python3.8/site-packages/airflow/example_dags/example_xcomargs.py for tasks to queue
[2026-04-16T04:58:05.444+0000] {logging_mixin.py:188} INFO - [2026-04-16T04:58:05.444+0000] {dagbag.py:538} INFO - Filling up the DagBag from /home/airflow/.local/lib/python3.8/site-packages/airflow/example_dags/example_xcomargs.py
[2026-04-16T04:58:05.450+0000] {processor.py:840} INFO - DAG(s) 'example_xcom_args', 'example_xcom_args_with_operators' retrieved from /home/airflow/.local/lib/python3.8/site-packages/airflow/example_dags/example_xcomargs.py
[2026-04-16T04:58:05.465+0000] {logging_mixin.py:188} INFO - [2026-04-16T04:58:05.465+0000] {dag.py:3036} INFO - Sync 2 DAGs
[2026-04-16T04:58:05.474+0000] {logging_mixin.py:188} INFO - [2026-04-16T04:58:05.474+0000] {dag.py:3823} INFO - Setting next_dagrun for example_xcom_args to None, run_after=None
[2026-04-16T04:58:05.476+0000] {logging_mixin.py:188} INFO - [2026-04-16T04:58:05.476+0000] {dag.py:3823} INFO - Setting next_dagrun for example_xcom_args_with_operators to None, run_after=None
[2026-04-16T04:58:05.485+0000] {processor.py:183} INFO - Processing /home/airflow/.local/lib/python3.8/site-packages/airflow/example_dags/example_xcomargs.py took 0.045 seconds
[2026-04-16T04:58:36.180+0000] {processor.py:161} INFO - Started process (PID=6021) to work on /home/airflow/.local/lib/python3.8/site-packages/airflow/example_dags/example_xcomargs.py
[2026-04-16T04:58:36.181+0000] {processor.py:830} INFO - Processing file /home/airflow/.local/lib/python3.8/site-packages/airflow/example_dags/example_xcomargs.py for tasks to queue
[2026-04-16T04:58:36.182+0000] {logging_mixin.py:188} INFO - [2026-04-16T04:58:36.182+0000] {dagbag.py:538} INFO - Filling up the DagBag from /home/airflow/.local/lib/python3.8/site-packages/airflow/example_dags/example_xcomargs.py
[2026-04-16T04:58:36.187+0000] {processor.py:840} INFO - DAG(s) 'example_xcom_args', 'example_xcom_args_with_operators' retrieved from /home/airflow/.local/lib/python3.8/site-packages/airflow/example_dags/example_xcomargs.py
[2026-04-16T04:58:36.204+0000] {logging_mixin.py:188} INFO - [2026-04-16T04:58:36.203+0000] {dag.py:3036} INFO - Sync 2 DAGs
[2026-04-16T04:58:36.212+0000] {logging_mixin.py:188} INFO - [2026-04-16T04:58:36.212+0000] {dag.py:3823} INFO - Setting next_dagrun for example_xcom_args to None, run_after=None
[2026-04-16T04:58:36.215+0000] {logging_mixin.py:188} INFO - [2026-04-16T04:58:36.215+0000] {dag.py:3823} INFO - Setting next_dagrun for example_xcom_args_with_operators to None, run_after=None
[2026-04-16T04:58:36.224+0000] {processor.py:183} INFO - Processing /home/airflow/.local/lib/python3.8/site-packages/airflow/example_dags/example_xcomargs.py took 0.046 seconds
[2026-04-16T04:59:06.930+0000] {processor.py:161} INFO - Started process (PID=6076) to work on /home/airflow/.local/lib/python3.8/site-packages/airflow/example_dags/example_xcomargs.py
[2026-04-16T04:59:06.931+0000] {processor.py:830} INFO - Processing file /home/airflow/.local/lib/python3.8/site-packages/airflow/example_dags/example_xcomargs.py for tasks to queue
[2026-04-16T04:59:06.932+0000] {logging_mixin.py:188} INFO - [2026-04-16T04:59:06.932+0000] {dagbag.py:538} INFO - Filling up the DagBag from /home/airflow/.local/lib/python3.8/site-packages/airflow/example_dags/example_xcomargs.py
[2026-04-16T04:59:06.938+0000] {processor.py:840} INFO - DAG(s) 'example_xcom_args_with_operators', 'example_xcom_args' retrieved from /home/airflow/.local/lib/python3.8/site-packages/airflow/example_dags/example_xcomargs.py
[2026-04-16T04:59:06.954+0000] {logging_mixin.py:188} INFO - [2026-04-16T04:59:06.954+0000] {dag.py:3036} INFO - Sync 2 DAGs
[2026-04-16T04:59:06.963+0000] {logging_mixin.py:188} INFO - [2026-04-16T04:59:06.963+0000] {dag.py:3823} INFO - Setting next_dagrun for example_xcom_args to None, run_after=None
[2026-04-16T04:59:06.965+0000] {logging_mixin.py:188} INFO - [2026-04-16T04:59:06.965+0000] {dag.py:3823} INFO - Setting next_dagrun for example_xcom_args_with_operators to None, run_after=None
[2026-04-16T04:59:06.976+0000] {processor.py:183} INFO - Processing /home/airflow/.local/lib/python3.8/site-packages/airflow/example_dags/example_xcomargs.py took 0.047 seconds
[2026-04-16T04:59:37.664+0000] {processor.py:161} INFO - Started process (PID=6131) to work on /home/airflow/.local/lib/python3.8/site-packages/airflow/example_dags/example_xcomargs.py
[2026-04-16T04:59:37.665+0000] {processor.py:830} INFO - Processing file /home/airflow/.local/lib/python3.8/site-packages/airflow/example_dags/example_xcomargs.py for tasks to queue
[2026-04-16T04:59:37.666+0000] {logging_mixin.py:188} INFO - [2026-04-16T04:59:37.666+0000] {dagbag.py:538} INFO - Filling up the DagBag from /home/airflow/.local/lib/python3.8/site-packages/airflow/example_dags/example_xcomargs.py
[2026-04-16T04:59:37.672+0000] {processor.py:840} INFO - DAG(s) 'example_xcom_args', 'example_xcom_args_with_operators' retrieved from /home/airflow/.local/lib/python3.8/site-packages/airflow/example_dags/example_xcomargs.py
[2026-04-16T04:59:37.687+0000] {logging_mixin.py:188} INFO - [2026-04-16T04:59:37.687+0000] {dag.py:3036} INFO - Sync 2 DAGs
[2026-04-16T04:59:37.696+0000] {logging_mixin.py:188} INFO - [2026-04-16T04:59:37.696+0000] {dag.py:3823} INFO - Setting next_dagrun for example_xcom_args to None, run_after=None
[2026-04-16T04:59:37.698+0000] {logging_mixin.py:188} INFO - [2026-04-16T04:59:37.698+0000] {dag.py:3823} INFO - Setting next_dagrun for example_xcom_args_with_operators to None, run_after=None
[2026-04-16T04:59:37.708+0000] {processor.py:183} INFO - Processing /home/airflow/.local/lib/python3.8/site-packages/airflow/example_dags/example_xcomargs.py took 0.045 seconds
[2026-04-16T05:00:08.475+0000] {processor.py:161} INFO - Started process (PID=6186) to work on /home/airflow/.local/lib/python3.8/site-packages/airflow/example_dags/example_xcomargs.py
[2026-04-16T05:00:08.475+0000] {processor.py:830} INFO - Processing file /home/airflow/.local/lib/python3.8/site-packages/airflow/example_dags/example_xcomargs.py for tasks to queue
[2026-04-16T05:00:08.477+0000] {logging_mixin.py:188} INFO - [2026-04-16T05:00:08.476+0000] {dagbag.py:538} INFO - Filling up the DagBag from /home/airflow/.local/lib/python3.8/site-packages/airflow/example_dags/example_xcomargs.py
[2026-04-16T05:00:08.482+0000] {processor.py:840} INFO - DAG(s) 'example_xcom_args', 'example_xcom_args_with_operators' retrieved from /home/airflow/.local/lib/python3.8/site-packages/airflow/example_dags/example_xcomargs.py
[2026-04-16T05:00:08.498+0000] {logging_mixin.py:188} INFO - [2026-04-16T05:00:08.497+0000] {dag.py:3036} INFO - Sync 2 DAGs
[2026-04-16T05:00:08.506+0000] {logging_mixin.py:188} INFO - [2026-04-16T05:00:08.506+0000] {dag.py:3823} INFO - Setting next_dagrun for example_xcom_args to None, run_after=None
[2026-04-16T05:00:08.508+0000] {logging_mixin.py:188} INFO - [2026-04-16T05:00:08.508+0000] {dag.py:3823} INFO - Setting next_dagrun for example_xcom_args_with_operators to None, run_after=None
[2026-04-16T05:00:08.517+0000] {processor.py:183} INFO - Processing /home/airflow/.local/lib/python3.8/site-packages/airflow/example_dags/example_xcomargs.py took 0.045 seconds
[2026-04-16T05:00:39.413+0000] {processor.py:161} INFO - Started process (PID=6241) to work on /home/airflow/.local/lib/python3.8/site-packages/airflow/example_dags/example_xcomargs.py
[2026-04-16T05:00:39.414+0000] {processor.py:830} INFO - Processing file /home/airflow/.local/lib/python3.8/site-packages/airflow/example_dags/example_xcomargs.py for tasks to queue
[2026-04-16T05:00:39.415+0000] {logging_mixin.py:188} INFO - [2026-04-16T05:00:39.415+0000] {dagbag.py:538} INFO - Filling up the DagBag from /home/airflow/.local/lib/python3.8/site-packages/airflow/example_dags/example_xcomargs.py
[2026-04-16T05:00:39.420+0000] {processor.py:840} INFO - DAG(s) 'example_xcom_args', 'example_xcom_args_with_operators' retrieved from /home/airflow/.local/lib/python3.8/site-packages/airflow/example_dags/example_xcomargs.py
[2026-04-16T05:00:39.436+0000] {logging_mixin.py:188} INFO - [2026-04-16T05:00:39.436+0000] {dag.py:3036} INFO - Sync 2 DAGs
[2026-04-16T05:00:39.445+0000] {logging_mixin.py:188} INFO - [2026-04-16T05:00:39.444+0000] {dag.py:3823} INFO - Setting next_dagrun for example_xcom_args to None, run_after=None
[2026-04-16T05:00:39.447+0000] {logging_mixin.py:188} INFO - [2026-04-16T05:00:39.447+0000] {dag.py:3823} INFO - Setting next_dagrun for example_xcom_args_with_operators to None, run_after=None
[2026-04-16T05:00:39.456+0000] {processor.py:183} INFO - Processing /home/airflow/.local/lib/python3.8/site-packages/airflow/example_dags/example_xcomargs.py took 0.045 seconds
[2026-04-16T05:01:10.117+0000] {processor.py:161} INFO - Started process (PID=6296) to work on /home/airflow/.local/lib/python3.8/site-packages/airflow/example_dags/example_xcomargs.py
[2026-04-16T05:01:10.118+0000] {processor.py:830} INFO - Processing file /home/airflow/.local/lib/python3.8/site-packages/airflow/example_dags/example_xcomargs.py for tasks to queue
[2026-04-16T05:01:10.119+0000] {logging_mixin.py:188} INFO - [2026-04-16T05:01:10.119+0000] {dagbag.py:538} INFO - Filling up the DagBag from /home/airflow/.local/lib/python3.8/site-packages/airflow/example_dags/example_xcomargs.py
[2026-04-16T05:01:10.124+0000] {processor.py:840} INFO - DAG(s) 'example_xcom_args_with_operators', 'example_xcom_args' retrieved from /home/airflow/.local/lib/python3.8/site-packages/airflow/example_dags/example_xcomargs.py
[2026-04-16T05:01:10.140+0000] {logging_mixin.py:188} INFO - [2026-04-16T05:01:10.140+0000] {dag.py:3036} INFO - Sync 2 DAGs
[2026-04-16T05:01:10.148+0000] {logging_mixin.py:188} INFO - [2026-04-16T05:01:10.148+0000] {dag.py:3823} INFO - Setting next_dagrun for example_xcom_args to None, run_after=None
[2026-04-16T05:01:10.151+0000] {logging_mixin.py:188} INFO - [2026-04-16T05:01:10.151+0000] {dag.py:3823} INFO - Setting next_dagrun for example_xcom_args_with_operators to None, run_after=None
[2026-04-16T05:01:10.160+0000] {processor.py:183} INFO - Processing /home/airflow/.local/lib/python3.8/site-packages/airflow/example_dags/example_xcomargs.py took 0.045 seconds
[2026-04-16T05:01:40.840+0000] {processor.py:161} INFO - Started process (PID=6351) to work on /home/airflow/.local/lib/python3.8/site-packages/airflow/example_dags/example_xcomargs.py
[2026-04-16T05:01:40.841+0000] {processor.py:830} INFO - Processing file /home/airflow/.local/lib/python3.8/site-packages/airflow/example_dags/example_xcomargs.py for tasks to queue
[2026-04-16T05:01:40.842+0000] {logging_mixin.py:188} INFO - [2026-04-16T05:01:40.842+0000] {dagbag.py:538} INFO - Filling up the DagBag from /home/airflow/.local/lib/python3.8/site-packages/airflow/example_dags/example_xcomargs.py
[2026-04-16T05:01:40.847+0000] {processor.py:840} INFO - DAG(s) 'example_xcom_args', 'example_xcom_args_with_operators' retrieved from /home/airflow/.local/lib/python3.8/site-packages/airflow/example_dags/example_xcomargs.py
[2026-04-16T05:01:40.863+0000] {logging_mixin.py:188} INFO - [2026-04-16T05:01:40.862+0000] {dag.py:3036} INFO - Sync 2 DAGs
[2026-04-16T05:01:40.871+0000] {logging_mixin.py:188} INFO - [2026-04-16T05:01:40.871+0000] {dag.py:3823} INFO - Setting next_dagrun for example_xcom_args to None, run_after=None
[2026-04-16T05:01:40.873+0000] {logging_mixin.py:188} INFO - [2026-04-16T05:01:40.873+0000] {dag.py:3823} INFO - Setting next_dagrun for example_xcom_args_with_operators to None, run_after=None
[2026-04-16T05:01:40.883+0000] {processor.py:183} INFO - Processing /home/airflow/.local/lib/python3.8/site-packages/airflow/example_dags/example_xcomargs.py took 0.045 seconds
[2026-04-16T05:02:11.422+0000] {processor.py:161} INFO - Started process (PID=6406) to work on /home/airflow/.local/lib/python3.8/site-packages/airflow/example_dags/example_xcomargs.py
[2026-04-16T05:02:11.422+0000] {processor.py:830} INFO - Processing file /home/airflow/.local/lib/python3.8/site-packages/airflow/example_dags/example_xcomargs.py for tasks to queue
[2026-04-16T05:02:11.423+0000] {logging_mixin.py:188} INFO - [2026-04-16T05:02:11.423+0000] {dagbag.py:538} INFO - Filling up the DagBag from /home/airflow/.local/lib/python3.8/site-packages/airflow/example_dags/example_xcomargs.py
[2026-04-16T05:02:11.429+0000] {processor.py:840} INFO - DAG(s) 'example_xcom_args', 'example_xcom_args_with_operators' retrieved from /home/airflow/.local/lib/python3.8/site-packages/airflow/example_dags/example_xcomargs.py
[2026-04-16T05:02:11.445+0000] {logging_mixin.py:188} INFO - [2026-04-16T05:02:11.444+0000] {dag.py:3036} INFO - Sync 2 DAGs
[2026-04-16T05:02:11.453+0000] {logging_mixin.py:188} INFO - [2026-04-16T05:02:11.453+0000] {dag.py:3823} INFO - Setting next_dagrun for example_xcom_args to None, run_after=None
[2026-04-16T05:02:11.455+0000] {logging_mixin.py:188} INFO - [2026-04-16T05:02:11.455+0000] {dag.py:3823} INFO - Setting next_dagrun for example_xcom_args_with_operators to None, run_after=None
[2026-04-16T05:02:11.464+0000] {processor.py:183} INFO - Processing /home/airflow/.local/lib/python3.8/site-packages/airflow/example_dags/example_xcomargs.py took 0.045 seconds
[2026-04-16T05:02:42.175+0000] {processor.py:161} INFO - Started process (PID=6461) to work on /home/airflow/.local/lib/python3.8/site-packages/airflow/example_dags/example_xcomargs.py
[2026-04-16T05:02:42.175+0000] {processor.py:830} INFO - Processing file /home/airflow/.local/lib/python3.8/site-packages/airflow/example_dags/example_xcomargs.py for tasks to queue
[2026-04-16T05:02:42.176+0000] {logging_mixin.py:188} INFO - [2026-04-16T05:02:42.176+0000] {dagbag.py:538} INFO - Filling up the DagBag from /home/airflow/.local/lib/python3.8/site-packages/airflow/example_dags/example_xcomargs.py
[2026-04-16T05:02:42.182+0000] {processor.py:840} INFO - DAG(s) 'example_xcom_args_with_operators', 'example_xcom_args' retrieved from /home/airflow/.local/lib/python3.8/site-packages/airflow/example_dags/example_xcomargs.py
[2026-04-16T05:02:42.198+0000] {logging_mixin.py:188} INFO - [2026-04-16T05:02:42.198+0000] {dag.py:3036} INFO - Sync 2 DAGs
[2026-04-16T05:02:42.207+0000] {logging_mixin.py:188} INFO - [2026-04-16T05:02:42.207+0000] {dag.py:3823} INFO - Setting next_dagrun for example_xcom_args to None, run_after=None
[2026-04-16T05:02:42.210+0000] {logging_mixin.py:188} INFO - [2026-04-16T05:02:42.209+0000] {dag.py:3823} INFO - Setting next_dagrun for example_xcom_args_with_operators to None, run_after=None
[2026-04-16T05:02:42.220+0000] {processor.py:183} INFO - Processing /home/airflow/.local/lib/python3.8/site-packages/airflow/example_dags/example_xcomargs.py took 0.047 seconds
[2026-04-16T05:03:12.831+0000] {processor.py:161} INFO - Started process (PID=6516) to work on /home/airflow/.local/lib/python3.8/site-packages/airflow/example_dags/example_xcomargs.py
[2026-04-16T05:03:12.832+0000] {processor.py:830} INFO - Processing file /home/airflow/.local/lib/python3.8/site-packages/airflow/example_dags/example_xcomargs.py for tasks to queue
[2026-04-16T05:03:12.833+0000] {logging_mixin.py:188} INFO - [2026-04-16T05:03:12.833+0000] {dagbag.py:538} INFO - Filling up the DagBag from /home/airflow/.local/lib/python3.8/site-packages/airflow/example_dags/example_xcomargs.py
[2026-04-16T05:03:12.838+0000] {processor.py:840} INFO - DAG(s) 'example_xcom_args', 'example_xcom_args_with_operators' retrieved from /home/airflow/.local/lib/python3.8/site-packages/airflow/example_dags/example_xcomargs.py
[2026-04-16T05:03:12.854+0000] {logging_mixin.py:188} INFO - [2026-04-16T05:03:12.854+0000] {dag.py:3036} INFO - Sync 2 DAGs
[2026-04-16T05:03:12.863+0000] {logging_mixin.py:188} INFO - [2026-04-16T05:03:12.862+0000] {dag.py:3823} INFO - Setting next_dagrun for example_xcom_args to None, run_after=None
[2026-04-16T05:03:12.865+0000] {logging_mixin.py:188} INFO - [2026-04-16T05:03:12.865+0000] {dag.py:3823} INFO - Setting next_dagrun for example_xcom_args_with_operators to None, run_after=None
[2026-04-16T05:03:12.874+0000] {processor.py:183} INFO - Processing /home/airflow/.local/lib/python3.8/site-packages/airflow/example_dags/example_xcomargs.py took 0.045 seconds
[2026-04-16T05:03:43.553+0000] {processor.py:161} INFO - Started process (PID=6571) to work on /home/airflow/.local/lib/python3.8/site-packages/airflow/example_dags/example_xcomargs.py
[2026-04-16T05:03:43.554+0000] {processor.py:830} INFO - Processing file /home/airflow/.local/lib/python3.8/site-packages/airflow/example_dags/example_xcomargs.py for tasks to queue
[2026-04-16T05:03:43.555+0000] {logging_mixin.py:188} INFO - [2026-04-16T05:03:43.555+0000] {dagbag.py:538} INFO - Filling up the DagBag from /home/airflow/.local/lib/python3.8/site-packages/airflow/example_dags/example_xcomargs.py
[2026-04-16T05:03:43.561+0000] {processor.py:840} INFO - DAG(s) 'example_xcom_args', 'example_xcom_args_with_operators' retrieved from /home/airflow/.local/lib/python3.8/site-packages/airflow/example_dags/example_xcomargs.py
[2026-04-16T05:03:43.576+0000] {logging_mixin.py:188} INFO - [2026-04-16T05:03:43.576+0000] {dag.py:3036} INFO - Sync 2 DAGs
[2026-04-16T05:03:43.585+0000] {logging_mixin.py:188} INFO - [2026-04-16T05:03:43.585+0000] {dag.py:3823} INFO - Setting next_dagrun for example_xcom_args to None, run_after=None
[2026-04-16T05:03:43.587+0000] {logging_mixin.py:188} INFO - [2026-04-16T05:03:43.587+0000] {dag.py:3823} INFO - Setting next_dagrun for example_xcom_args_with_operators to None, run_after=None
[2026-04-16T05:03:43.597+0000] {processor.py:183} INFO - Processing /home/airflow/.local/lib/python3.8/site-packages/airflow/example_dags/example_xcomargs.py took 0.046 seconds
[2026-04-16T05:04:14.163+0000] {processor.py:161} INFO - Started process (PID=6626) to work on /home/airflow/.local/lib/python3.8/site-packages/airflow/example_dags/example_xcomargs.py
[2026-04-16T05:04:14.163+0000] {processor.py:830} INFO - Processing file /home/airflow/.local/lib/python3.8/site-packages/airflow/example_dags/example_xcomargs.py for tasks to queue
[2026-04-16T05:04:14.165+0000] {logging_mixin.py:188} INFO - [2026-04-16T05:04:14.165+0000] {dagbag.py:538} INFO - Filling up the DagBag from /home/airflow/.local/lib/python3.8/site-packages/airflow/example_dags/example_xcomargs.py
[2026-04-16T05:04:14.171+0000] {processor.py:840} INFO - DAG(s) 'example_xcom_args_with_operators', 'example_xcom_args' retrieved from /home/airflow/.local/lib/python3.8/site-packages/airflow/example_dags/example_xcomargs.py
[2026-04-16T05:04:14.187+0000] {logging_mixin.py:188} INFO - [2026-04-16T05:04:14.186+0000] {dag.py:3036} INFO - Sync 2 DAGs
[2026-04-16T05:04:14.195+0000] {logging_mixin.py:188} INFO - [2026-04-16T05:04:14.195+0000] {dag.py:3823} INFO - Setting next_dagrun for example_xcom_args to None, run_after=None
[2026-04-16T05:04:14.197+0000] {logging_mixin.py:188} INFO - [2026-04-16T05:04:14.197+0000] {dag.py:3823} INFO - Setting next_dagrun for example_xcom_args_with_operators to None, run_after=None
[2026-04-16T05:04:14.206+0000] {processor.py:183} INFO - Processing /home/airflow/.local/lib/python3.8/site-packages/airflow/example_dags/example_xcomargs.py took 0.046 seconds
[2026-04-16T05:04:44.841+0000] {processor.py:161} INFO - Started process (PID=6681) to work on /home/airflow/.local/lib/python3.8/site-packages/airflow/example_dags/example_xcomargs.py
[2026-04-16T05:04:44.842+0000] {processor.py:830} INFO - Processing file /home/airflow/.local/lib/python3.8/site-packages/airflow/example_dags/example_xcomargs.py for tasks to queue
[2026-04-16T05:04:44.843+0000] {logging_mixin.py:188} INFO - [2026-04-16T05:04:44.843+0000] {dagbag.py:538} INFO - Filling up the DagBag from /home/airflow/.local/lib/python3.8/site-packages/airflow/example_dags/example_xcomargs.py
[2026-04-16T05:04:44.849+0000] {processor.py:840} INFO - DAG(s) 'example_xcom_args', 'example_xcom_args_with_operators' retrieved from /home/airflow/.local/lib/python3.8/site-packages/airflow/example_dags/example_xcomargs.py
[2026-04-16T05:04:44.864+0000] {logging_mixin.py:188} INFO - [2026-04-16T05:04:44.864+0000] {dag.py:3036} INFO - Sync 2 DAGs
[2026-04-16T05:04:44.873+0000] {logging_mixin.py:188} INFO - [2026-04-16T05:04:44.872+0000] {dag.py:3823} INFO - Setting next_dagrun for example_xcom_args to None, run_after=None
[2026-04-16T05:04:44.875+0000] {logging_mixin.py:188} INFO - [2026-04-16T05:04:44.875+0000] {dag.py:3823} INFO - Setting next_dagrun for example_xcom_args_with_operators to None, run_after=None
[2026-04-16T05:04:44.884+0000] {processor.py:183} INFO - Processing /home/airflow/.local/lib/python3.8/site-packages/airflow/example_dags/example_xcomargs.py took 0.045 seconds
[2026-04-16T05:05:15.499+0000] {processor.py:161} INFO - Started process (PID=6736) to work on /home/airflow/.local/lib/python3.8/site-packages/airflow/example_dags/example_xcomargs.py
[2026-04-16T05:05:15.500+0000] {processor.py:830} INFO - Processing file /home/airflow/.local/lib/python3.8/site-packages/airflow/example_dags/example_xcomargs.py for tasks to queue
[2026-04-16T05:05:15.501+0000] {logging_mixin.py:188} INFO - [2026-04-16T05:05:15.501+0000] {dagbag.py:538} INFO - Filling up the DagBag from /home/airflow/.local/lib/python3.8/site-packages/airflow/example_dags/example_xcomargs.py
[2026-04-16T05:05:15.506+0000] {processor.py:840} INFO - DAG(s) 'example_xcom_args_with_operators', 'example_xcom_args' retrieved from /home/airflow/.local/lib/python3.8/site-packages/airflow/example_dags/example_xcomargs.py
[2026-04-16T05:05:15.522+0000] {logging_mixin.py:188} INFO - [2026-04-16T05:05:15.522+0000] {dag.py:3036} INFO - Sync 2 DAGs
[2026-04-16T05:05:15.531+0000] {logging_mixin.py:188} INFO - [2026-04-16T05:05:15.531+0000] {dag.py:3823} INFO - Setting next_dagrun for example_xcom_args to None, run_after=None
[2026-04-16T05:05:15.533+0000] {logging_mixin.py:188} INFO - [2026-04-16T05:05:15.533+0000] {dag.py:3823} INFO - Setting next_dagrun for example_xcom_args_with_operators to None, run_after=None
[2026-04-16T05:05:15.542+0000] {processor.py:183} INFO - Processing /home/airflow/.local/lib/python3.8/site-packages/airflow/example_dags/example_xcomargs.py took 0.046 seconds
[2026-04-16T05:05:46.160+0000] {processor.py:161} INFO - Started process (PID=6791) to work on /home/airflow/.local/lib/python3.8/site-packages/airflow/example_dags/example_xcomargs.py
[2026-04-16T05:05:46.161+0000] {processor.py:830} INFO - Processing file /home/airflow/.local/lib/python3.8/site-packages/airflow/example_dags/example_xcomargs.py for tasks to queue
[2026-04-16T05:05:46.162+0000] {logging_mixin.py:188} INFO - [2026-04-16T05:05:46.162+0000] {dagbag.py:538} INFO - Filling up the DagBag from /home/airflow/.local/lib/python3.8/site-packages/airflow/example_dags/example_xcomargs.py
[2026-04-16T05:05:46.167+0000] {processor.py:840} INFO - DAG(s) 'example_xcom_args_with_operators', 'example_xcom_args' retrieved from /home/airflow/.local/lib/python3.8/site-packages/airflow/example_dags/example_xcomargs.py
[2026-04-16T05:05:46.184+0000] {logging_mixin.py:188} INFO - [2026-04-16T05:05:46.183+0000] {dag.py:3036} INFO - Sync 2 DAGs
[2026-04-16T05:05:46.192+0000] {logging_mixin.py:188} INFO - [2026-04-16T05:05:46.192+0000] {dag.py:3823} INFO - Setting next_dagrun for example_xcom_args to None, run_after=None
[2026-04-16T05:05:46.195+0000] {logging_mixin.py:188} INFO - [2026-04-16T05:05:46.195+0000] {dag.py:3823} INFO - Setting next_dagrun for example_xcom_args_with_operators to None, run_after=None
[2026-04-16T05:05:46.204+0000] {processor.py:183} INFO - Processing /home/airflow/.local/lib/python3.8/site-packages/airflow/example_dags/example_xcomargs.py took 0.046 seconds
[2026-04-16T05:06:16.814+0000] {processor.py:161} INFO - Started process (PID=6846) to work on /home/airflow/.local/lib/python3.8/site-packages/airflow/example_dags/example_xcomargs.py
[2026-04-16T05:06:16.815+0000] {processor.py:830} INFO - Processing file /home/airflow/.local/lib/python3.8/site-packages/airflow/example_dags/example_xcomargs.py for tasks to queue
[2026-04-16T05:06:16.816+0000] {logging_mixin.py:188} INFO - [2026-04-16T05:06:16.816+0000] {dagbag.py:538} INFO - Filling up the DagBag from /home/airflow/.local/lib/python3.8/site-packages/airflow/example_dags/example_xcomargs.py
[2026-04-16T05:06:16.822+0000] {processor.py:840} INFO - DAG(s) 'example_xcom_args_with_operators', 'example_xcom_args' retrieved from /home/airflow/.local/lib/python3.8/site-packages/airflow/example_dags/example_xcomargs.py
[2026-04-16T05:06:16.839+0000] {logging_mixin.py:188} INFO - [2026-04-16T05:06:16.839+0000] {dag.py:3036} INFO - Sync 2 DAGs
[2026-04-16T05:06:16.847+0000] {logging_mixin.py:188} INFO - [2026-04-16T05:06:16.847+0000] {dag.py:3823} INFO - Setting next_dagrun for example_xcom_args to None, run_after=None
[2026-04-16T05:06:16.850+0000] {logging_mixin.py:188} INFO - [2026-04-16T05:06:16.850+0000] {dag.py:3823} INFO - Setting next_dagrun for example_xcom_args_with_operators to None, run_after=None
[2026-04-16T05:06:16.859+0000] {processor.py:183} INFO - Processing /home/airflow/.local/lib/python3.8/site-packages/airflow/example_dags/example_xcomargs.py took 0.047 seconds
[2026-04-16T05:06:47.532+0000] {processor.py:161} INFO - Started process (PID=6901) to work on /home/airflow/.local/lib/python3.8/site-packages/airflow/example_dags/example_xcomargs.py
[2026-04-16T05:06:47.533+0000] {processor.py:830} INFO - Processing file /home/airflow/.local/lib/python3.8/site-packages/airflow/example_dags/example_xcomargs.py for tasks to queue
[2026-04-16T05:06:47.534+0000] {logging_mixin.py:188} INFO - [2026-04-16T05:06:47.534+0000] {dagbag.py:538} INFO - Filling up the DagBag from /home/airflow/.local/lib/python3.8/site-packages/airflow/example_dags/example_xcomargs.py
[2026-04-16T05:06:47.540+0000] {processor.py:840} INFO - DAG(s) 'example_xcom_args_with_operators', 'example_xcom_args' retrieved from /home/airflow/.local/lib/python3.8/site-packages/airflow/example_dags/example_xcomargs.py
[2026-04-16T05:06:47.556+0000] {logging_mixin.py:188} INFO - [2026-04-16T05:06:47.556+0000] {dag.py:3036} INFO - Sync 2 DAGs
[2026-04-16T05:06:47.564+0000] {logging_mixin.py:188} INFO - [2026-04-16T05:06:47.564+0000] {dag.py:3823} INFO - Setting next_dagrun for example_xcom_args to None, run_after=None
[2026-04-16T05:06:47.567+0000] {logging_mixin.py:188} INFO - [2026-04-16T05:06:47.567+0000] {dag.py:3823} INFO - Setting next_dagrun for example_xcom_args_with_operators to None, run_after=None
[2026-04-16T05:06:47.577+0000] {processor.py:183} INFO - Processing /home/airflow/.local/lib/python3.8/site-packages/airflow/example_dags/example_xcomargs.py took 0.047 seconds
[2026-04-16T05:07:18.215+0000] {processor.py:161} INFO - Started process (PID=6956) to work on /home/airflow/.local/lib/python3.8/site-packages/airflow/example_dags/example_xcomargs.py
[2026-04-16T05:07:18.216+0000] {processor.py:830} INFO - Processing file /home/airflow/.local/lib/python3.8/site-packages/airflow/example_dags/example_xcomargs.py for tasks to queue
[2026-04-16T05:07:18.217+0000] {logging_mixin.py:188} INFO - [2026-04-16T05:07:18.217+0000] {dagbag.py:538} INFO - Filling up the DagBag from /home/airflow/.local/lib/python3.8/site-packages/airflow/example_dags/example_xcomargs.py
[2026-04-16T05:07:18.222+0000] {processor.py:840} INFO - DAG(s) 'example_xcom_args_with_operators', 'example_xcom_args' retrieved from /home/airflow/.local/lib/python3.8/site-packages/airflow/example_dags/example_xcomargs.py
[2026-04-16T05:07:18.238+0000] {logging_mixin.py:188} INFO - [2026-04-16T05:07:18.238+0000] {dag.py:3036} INFO - Sync 2 DAGs
[2026-04-16T05:07:18.246+0000] {logging_mixin.py:188} INFO - [2026-04-16T05:07:18.246+0000] {dag.py:3823} INFO - Setting next_dagrun for example_xcom_args to None, run_after=None
[2026-04-16T05:07:18.249+0000] {logging_mixin.py:188} INFO - [2026-04-16T05:07:18.249+0000] {dag.py:3823} INFO - Setting next_dagrun for example_xcom_args_with_operators to None, run_after=None
[2026-04-16T05:07:18.258+0000] {processor.py:183} INFO - Processing /home/airflow/.local/lib/python3.8/site-packages/airflow/example_dags/example_xcomargs.py took 0.046 seconds
[2026-04-16T05:07:48.892+0000] {processor.py:161} INFO - Started process (PID=7011) to work on /home/airflow/.local/lib/python3.8/site-packages/airflow/example_dags/example_xcomargs.py
[2026-04-16T05:07:48.893+0000] {processor.py:830} INFO - Processing file /home/airflow/.local/lib/python3.8/site-packages/airflow/example_dags/example_xcomargs.py for tasks to queue
[2026-04-16T05:07:48.894+0000] {logging_mixin.py:188} INFO - [2026-04-16T05:07:48.894+0000] {dagbag.py:538} INFO - Filling up the DagBag from /home/airflow/.local/lib/python3.8/site-packages/airflow/example_dags/example_xcomargs.py
[2026-04-16T05:07:48.900+0000] {processor.py:840} INFO - DAG(s) 'example_xcom_args', 'example_xcom_args_with_operators' retrieved from /home/airflow/.local/lib/python3.8/site-packages/airflow/example_dags/example_xcomargs.py
[2026-04-16T05:07:48.915+0000] {logging_mixin.py:188} INFO - [2026-04-16T05:07:48.915+0000] {dag.py:3036} INFO - Sync 2 DAGs
[2026-04-16T05:07:48.924+0000] {logging_mixin.py:188} INFO - [2026-04-16T05:07:48.924+0000] {dag.py:3823} INFO - Setting next_dagrun for example_xcom_args to None, run_after=None
[2026-04-16T05:07:48.926+0000] {logging_mixin.py:188} INFO - [2026-04-16T05:07:48.926+0000] {dag.py:3823} INFO - Setting next_dagrun for example_xcom_args_with_operators to None, run_after=None
[2026-04-16T05:07:48.935+0000] {processor.py:183} INFO - Processing /home/airflow/.local/lib/python3.8/site-packages/airflow/example_dags/example_xcomargs.py took 0.045 seconds
[2026-04-16T05:08:19.607+0000] {processor.py:161} INFO - Started process (PID=7066) to work on /home/airflow/.local/lib/python3.8/site-packages/airflow/example_dags/example_xcomargs.py
[2026-04-16T05:08:19.608+0000] {processor.py:830} INFO - Processing file /home/airflow/.local/lib/python3.8/site-packages/airflow/example_dags/example_xcomargs.py for tasks to queue
[2026-04-16T05:08:19.609+0000] {logging_mixin.py:188} INFO - [2026-04-16T05:08:19.609+0000] {dagbag.py:538} INFO - Filling up the DagBag from /home/airflow/.local/lib/python3.8/site-packages/airflow/example_dags/example_xcomargs.py
[2026-04-16T05:08:19.614+0000] {processor.py:840} INFO - DAG(s) 'example_xcom_args', 'example_xcom_args_with_operators' retrieved from /home/airflow/.local/lib/python3.8/site-packages/airflow/example_dags/example_xcomargs.py
[2026-04-16T05:08:19.631+0000] {logging_mixin.py:188} INFO - [2026-04-16T05:08:19.631+0000] {dag.py:3036} INFO - Sync 2 DAGs
[2026-04-16T05:08:19.640+0000] {logging_mixin.py:188} INFO - [2026-04-16T05:08:19.640+0000] {dag.py:3823} INFO - Setting next_dagrun for example_xcom_args to None, run_after=None
[2026-04-16T05:08:19.643+0000] {logging_mixin.py:188} INFO - [2026-04-16T05:08:19.643+0000] {dag.py:3823} INFO - Setting next_dagrun for example_xcom_args_with_operators to None, run_after=None
[2026-04-16T05:08:19.653+0000] {processor.py:183} INFO - Processing /home/airflow/.local/lib/python3.8/site-packages/airflow/example_dags/example_xcomargs.py took 0.048 seconds
[2026-04-16T05:08:50.311+0000] {processor.py:161} INFO - Started process (PID=7121) to work on /home/airflow/.local/lib/python3.8/site-packages/airflow/example_dags/example_xcomargs.py
[2026-04-16T05:08:50.312+0000] {processor.py:830} INFO - Processing file /home/airflow/.local/lib/python3.8/site-packages/airflow/example_dags/example_xcomargs.py for tasks to queue
[2026-04-16T05:08:50.313+0000] {logging_mixin.py:188} INFO - [2026-04-16T05:08:50.313+0000] {dagbag.py:538} INFO - Filling up the DagBag from /home/airflow/.local/lib/python3.8/site-packages/airflow/example_dags/example_xcomargs.py
[2026-04-16T05:08:50.319+0000] {processor.py:840} INFO - DAG(s) 'example_xcom_args_with_operators', 'example_xcom_args' retrieved from /home/airflow/.local/lib/python3.8/site-packages/airflow/example_dags/example_xcomargs.py
[2026-04-16T05:08:50.334+0000] {logging_mixin.py:188} INFO - [2026-04-16T05:08:50.334+0000] {dag.py:3036} INFO - Sync 2 DAGs
[2026-04-16T05:08:50.343+0000] {logging_mixin.py:188} INFO - [2026-04-16T05:08:50.343+0000] {dag.py:3823} INFO - Setting next_dagrun for example_xcom_args to None, run_after=None
[2026-04-16T05:08:50.345+0000] {logging_mixin.py:188} INFO - [2026-04-16T05:08:50.345+0000] {dag.py:3823} INFO - Setting next_dagrun for example_xcom_args_with_operators to None, run_after=None
[2026-04-16T05:08:50.354+0000] {processor.py:183} INFO - Processing /home/airflow/.local/lib/python3.8/site-packages/airflow/example_dags/example_xcomargs.py took 0.045 seconds
[2026-04-16T05:09:21.047+0000] {processor.py:161} INFO - Started process (PID=7176) to work on /home/airflow/.local/lib/python3.8/site-packages/airflow/example_dags/example_xcomargs.py
[2026-04-16T05:09:21.047+0000] {processor.py:830} INFO - Processing file /home/airflow/.local/lib/python3.8/site-packages/airflow/example_dags/example_xcomargs.py for tasks to queue
[2026-04-16T05:09:21.048+0000] {logging_mixin.py:188} INFO - [2026-04-16T05:09:21.048+0000] {dagbag.py:538} INFO - Filling up the DagBag from /home/airflow/.local/lib/python3.8/site-packages/airflow/example_dags/example_xcomargs.py
[2026-04-16T05:09:21.054+0000] {processor.py:840} INFO - DAG(s) 'example_xcom_args_with_operators', 'example_xcom_args' retrieved from /home/airflow/.local/lib/python3.8/site-packages/airflow/example_dags/example_xcomargs.py
[2026-04-16T05:09:21.070+0000] {logging_mixin.py:188} INFO - [2026-04-16T05:09:21.069+0000] {dag.py:3036} INFO - Sync 2 DAGs
[2026-04-16T05:09:21.078+0000] {logging_mixin.py:188} INFO - [2026-04-16T05:09:21.078+0000] {dag.py:3823} INFO - Setting next_dagrun for example_xcom_args to None, run_after=None
[2026-04-16T05:09:21.080+0000] {logging_mixin.py:188} INFO - [2026-04-16T05:09:21.080+0000] {dag.py:3823} INFO - Setting next_dagrun for example_xcom_args_with_operators to None, run_after=None
[2026-04-16T05:09:21.089+0000] {processor.py:183} INFO - Processing /home/airflow/.local/lib/python3.8/site-packages/airflow/example_dags/example_xcomargs.py took 0.045 seconds
[2026-04-16T05:09:51.685+0000] {processor.py:161} INFO - Started process (PID=7231) to work on /home/airflow/.local/lib/python3.8/site-packages/airflow/example_dags/example_xcomargs.py
[2026-04-16T05:09:51.686+0000] {processor.py:830} INFO - Processing file /home/airflow/.local/lib/python3.8/site-packages/airflow/example_dags/example_xcomargs.py for tasks to queue
[2026-04-16T05:09:51.687+0000] {logging_mixin.py:188} INFO - [2026-04-16T05:09:51.687+0000] {dagbag.py:538} INFO - Filling up the DagBag from /home/airflow/.local/lib/python3.8/site-packages/airflow/example_dags/example_xcomargs.py
[2026-04-16T05:09:51.692+0000] {processor.py:840} INFO - DAG(s) 'example_xcom_args_with_operators', 'example_xcom_args' retrieved from /home/airflow/.local/lib/python3.8/site-packages/airflow/example_dags/example_xcomargs.py
[2026-04-16T05:09:51.708+0000] {logging_mixin.py:188} INFO - [2026-04-16T05:09:51.708+0000] {dag.py:3036} INFO - Sync 2 DAGs
[2026-04-16T05:09:51.717+0000] {logging_mixin.py:188} INFO - [2026-04-16T05:09:51.716+0000] {dag.py:3823} INFO - Setting next_dagrun for example_xcom_args to None, run_after=None
[2026-04-16T05:09:51.719+0000] {logging_mixin.py:188} INFO - [2026-04-16T05:09:51.719+0000] {dag.py:3823} INFO - Setting next_dagrun for example_xcom_args_with_operators to None, run_after=None
[2026-04-16T05:09:51.728+0000] {processor.py:183} INFO - Processing /home/airflow/.local/lib/python3.8/site-packages/airflow/example_dags/example_xcomargs.py took 0.045 seconds
[2026-04-16T05:10:22.396+0000] {processor.py:161} INFO - Started process (PID=7286) to work on /home/airflow/.local/lib/python3.8/site-packages/airflow/example_dags/example_xcomargs.py
[2026-04-16T05:10:22.397+0000] {processor.py:830} INFO - Processing file /home/airflow/.local/lib/python3.8/site-packages/airflow/example_dags/example_xcomargs.py for tasks to queue
[2026-04-16T05:10:22.398+0000] {logging_mixin.py:188} INFO - [2026-04-16T05:10:22.398+0000] {dagbag.py:538} INFO - Filling up the DagBag from /home/airflow/.local/lib/python3.8/site-packages/airflow/example_dags/example_xcomargs.py
[2026-04-16T05:10:22.404+0000] {processor.py:840} INFO - DAG(s) 'example_xcom_args', 'example_xcom_args_with_operators' retrieved from /home/airflow/.local/lib/python3.8/site-packages/airflow/example_dags/example_xcomargs.py
[2026-04-16T05:10:22.420+0000] {logging_mixin.py:188} INFO - [2026-04-16T05:10:22.419+0000] {dag.py:3036} INFO - Sync 2 DAGs
[2026-04-16T05:10:22.428+0000] {logging_mixin.py:188} INFO - [2026-04-16T05:10:22.428+0000] {dag.py:3823} INFO - Setting next_dagrun for example_xcom_args to None, run_after=None
[2026-04-16T05:10:22.431+0000] {logging_mixin.py:188} INFO - [2026-04-16T05:10:22.431+0000] {dag.py:3823} INFO - Setting next_dagrun for example_xcom_args_with_operators to None, run_after=None
[2026-04-16T05:10:22.440+0000] {processor.py:183} INFO - Processing /home/airflow/.local/lib/python3.8/site-packages/airflow/example_dags/example_xcomargs.py took 0.046 seconds
[2026-04-16T05:10:53.000+0000] {processor.py:161} INFO - Started process (PID=7341) to work on /home/airflow/.local/lib/python3.8/site-packages/airflow/example_dags/example_xcomargs.py
[2026-04-16T05:10:53.001+0000] {processor.py:830} INFO - Processing file /home/airflow/.local/lib/python3.8/site-packages/airflow/example_dags/example_xcomargs.py for tasks to queue
[2026-04-16T05:10:53.002+0000] {logging_mixin.py:188} INFO - [2026-04-16T05:10:53.002+0000] {dagbag.py:538} INFO - Filling up the DagBag from /home/airflow/.local/lib/python3.8/site-packages/airflow/example_dags/example_xcomargs.py
[2026-04-16T05:10:53.007+0000] {processor.py:840} INFO - DAG(s) 'example_xcom_args_with_operators', 'example_xcom_args' retrieved from /home/airflow/.local/lib/python3.8/site-packages/airflow/example_dags/example_xcomargs.py
[2026-04-16T05:10:53.023+0000] {logging_mixin.py:188} INFO - [2026-04-16T05:10:53.023+0000] {dag.py:3036} INFO - Sync 2 DAGs
[2026-04-16T05:10:53.032+0000] {logging_mixin.py:188} INFO - [2026-04-16T05:10:53.031+0000] {dag.py:3823} INFO - Setting next_dagrun for example_xcom_args to None, run_after=None
[2026-04-16T05:10:53.034+0000] {logging_mixin.py:188} INFO - [2026-04-16T05:10:53.034+0000] {dag.py:3823} INFO - Setting next_dagrun for example_xcom_args_with_operators to None, run_after=None
[2026-04-16T05:10:53.043+0000] {processor.py:183} INFO - Processing /home/airflow/.local/lib/python3.8/site-packages/airflow/example_dags/example_xcomargs.py took 0.045 seconds
[2026-04-16T05:11:23.655+0000] {processor.py:161} INFO - Started process (PID=7396) to work on /home/airflow/.local/lib/python3.8/site-packages/airflow/example_dags/example_xcomargs.py
[2026-04-16T05:11:23.656+0000] {processor.py:830} INFO - Processing file /home/airflow/.local/lib/python3.8/site-packages/airflow/example_dags/example_xcomargs.py for tasks to queue
[2026-04-16T05:11:23.657+0000] {logging_mixin.py:188} INFO - [2026-04-16T05:11:23.657+0000] {dagbag.py:538} INFO - Filling up the DagBag from /home/airflow/.local/lib/python3.8/site-packages/airflow/example_dags/example_xcomargs.py
[2026-04-16T05:11:23.663+0000] {processor.py:840} INFO - DAG(s) 'example_xcom_args_with_operators', 'example_xcom_args' retrieved from /home/airflow/.local/lib/python3.8/site-packages/airflow/example_dags/example_xcomargs.py
[2026-04-16T05:11:23.678+0000] {logging_mixin.py:188} INFO - [2026-04-16T05:11:23.678+0000] {dag.py:3036} INFO - Sync 2 DAGs
[2026-04-16T05:11:23.687+0000] {logging_mixin.py:188} INFO - [2026-04-16T05:11:23.687+0000] {dag.py:3823} INFO - Setting next_dagrun for example_xcom_args to None, run_after=None
[2026-04-16T05:11:23.690+0000] {logging_mixin.py:188} INFO - [2026-04-16T05:11:23.690+0000] {dag.py:3823} INFO - Setting next_dagrun for example_xcom_args_with_operators to None, run_after=None
[2026-04-16T05:11:23.699+0000] {processor.py:183} INFO - Processing /home/airflow/.local/lib/python3.8/site-packages/airflow/example_dags/example_xcomargs.py took 0.045 seconds
[2026-04-16T05:11:54.313+0000] {processor.py:161} INFO - Started process (PID=7451) to work on /home/airflow/.local/lib/python3.8/site-packages/airflow/example_dags/example_xcomargs.py
[2026-04-16T05:11:54.314+0000] {processor.py:830} INFO - Processing file /home/airflow/.local/lib/python3.8/site-packages/airflow/example_dags/example_xcomargs.py for tasks to queue
[2026-04-16T05:11:54.315+0000] {logging_mixin.py:188} INFO - [2026-04-16T05:11:54.315+0000] {dagbag.py:538} INFO - Filling up the DagBag from /home/airflow/.local/lib/python3.8/site-packages/airflow/example_dags/example_xcomargs.py
[2026-04-16T05:11:54.320+0000] {processor.py:840} INFO - DAG(s) 'example_xcom_args', 'example_xcom_args_with_operators' retrieved from /home/airflow/.local/lib/python3.8/site-packages/airflow/example_dags/example_xcomargs.py
[2026-04-16T05:11:54.336+0000] {logging_mixin.py:188} INFO - [2026-04-16T05:11:54.336+0000] {dag.py:3036} INFO - Sync 2 DAGs
[2026-04-16T05:11:54.344+0000] {logging_mixin.py:188} INFO - [2026-04-16T05:11:54.344+0000] {dag.py:3823} INFO - Setting next_dagrun for example_xcom_args to None, run_after=None
[2026-04-16T05:11:54.347+0000] {logging_mixin.py:188} INFO - [2026-04-16T05:11:54.347+0000] {dag.py:3823} INFO - Setting next_dagrun for example_xcom_args_with_operators to None, run_after=None
[2026-04-16T05:11:54.356+0000] {processor.py:183} INFO - Processing /home/airflow/.local/lib/python3.8/site-packages/airflow/example_dags/example_xcomargs.py took 0.045 seconds
[2026-04-16T05:12:25.020+0000] {processor.py:161} INFO - Started process (PID=7506) to work on /home/airflow/.local/lib/python3.8/site-packages/airflow/example_dags/example_xcomargs.py
[2026-04-16T05:12:25.020+0000] {processor.py:830} INFO - Processing file /home/airflow/.local/lib/python3.8/site-packages/airflow/example_dags/example_xcomargs.py for tasks to queue
[2026-04-16T05:12:25.022+0000] {logging_mixin.py:188} INFO - [2026-04-16T05:12:25.021+0000] {dagbag.py:538} INFO - Filling up the DagBag from /home/airflow/.local/lib/python3.8/site-packages/airflow/example_dags/example_xcomargs.py
[2026-04-16T05:12:25.027+0000] {processor.py:840} INFO - DAG(s) 'example_xcom_args_with_operators', 'example_xcom_args' retrieved from /home/airflow/.local/lib/python3.8/site-packages/airflow/example_dags/example_xcomargs.py
[2026-04-16T05:12:25.043+0000] {logging_mixin.py:188} INFO - [2026-04-16T05:12:25.043+0000] {dag.py:3036} INFO - Sync 2 DAGs
[2026-04-16T05:12:25.052+0000] {logging_mixin.py:188} INFO - [2026-04-16T05:12:25.052+0000] {dag.py:3823} INFO - Setting next_dagrun for example_xcom_args to None, run_after=None
[2026-04-16T05:12:25.054+0000] {logging_mixin.py:188} INFO - [2026-04-16T05:12:25.054+0000] {dag.py:3823} INFO - Setting next_dagrun for example_xcom_args_with_operators to None, run_after=None
[2026-04-16T05:12:25.063+0000] {processor.py:183} INFO - Processing /home/airflow/.local/lib/python3.8/site-packages/airflow/example_dags/example_xcomargs.py took 0.046 seconds
[2026-04-16T05:12:55.663+0000] {processor.py:161} INFO - Started process (PID=7561) to work on /home/airflow/.local/lib/python3.8/site-packages/airflow/example_dags/example_xcomargs.py
[2026-04-16T05:12:55.664+0000] {processor.py:830} INFO - Processing file /home/airflow/.local/lib/python3.8/site-packages/airflow/example_dags/example_xcomargs.py for tasks to queue
[2026-04-16T05:12:55.665+0000] {logging_mixin.py:188} INFO - [2026-04-16T05:12:55.665+0000] {dagbag.py:538} INFO - Filling up the DagBag from /home/airflow/.local/lib/python3.8/site-packages/airflow/example_dags/example_xcomargs.py
[2026-04-16T05:12:55.671+0000] {processor.py:840} INFO - DAG(s) 'example_xcom_args_with_operators', 'example_xcom_args' retrieved from /home/airflow/.local/lib/python3.8/site-packages/airflow/example_dags/example_xcomargs.py
[2026-04-16T05:12:55.686+0000] {logging_mixin.py:188} INFO - [2026-04-16T05:12:55.686+0000] {dag.py:3036} INFO - Sync 2 DAGs
[2026-04-16T05:12:55.695+0000] {logging_mixin.py:188} INFO - [2026-04-16T05:12:55.695+0000] {dag.py:3823} INFO - Setting next_dagrun for example_xcom_args to None, run_after=None
[2026-04-16T05:12:55.700+0000] {logging_mixin.py:188} INFO - [2026-04-16T05:12:55.700+0000] {dag.py:3823} INFO - Setting next_dagrun for example_xcom_args_with_operators to None, run_after=None
[2026-04-16T05:12:55.710+0000] {processor.py:183} INFO - Processing /home/airflow/.local/lib/python3.8/site-packages/airflow/example_dags/example_xcomargs.py took 0.049 seconds
[2026-04-16T05:13:26.325+0000] {processor.py:161} INFO - Started process (PID=7616) to work on /home/airflow/.local/lib/python3.8/site-packages/airflow/example_dags/example_xcomargs.py
[2026-04-16T05:13:26.326+0000] {processor.py:830} INFO - Processing file /home/airflow/.local/lib/python3.8/site-packages/airflow/example_dags/example_xcomargs.py for tasks to queue
[2026-04-16T05:13:26.327+0000] {logging_mixin.py:188} INFO - [2026-04-16T05:13:26.327+0000] {dagbag.py:538} INFO - Filling up the DagBag from /home/airflow/.local/lib/python3.8/site-packages/airflow/example_dags/example_xcomargs.py
[2026-04-16T05:13:26.332+0000] {processor.py:840} INFO - DAG(s) 'example_xcom_args_with_operators', 'example_xcom_args' retrieved from /home/airflow/.local/lib/python3.8/site-packages/airflow/example_dags/example_xcomargs.py
[2026-04-16T05:13:26.348+0000] {logging_mixin.py:188} INFO - [2026-04-16T05:13:26.348+0000] {dag.py:3036} INFO - Sync 2 DAGs
[2026-04-16T05:13:26.357+0000] {logging_mixin.py:188} INFO - [2026-04-16T05:13:26.357+0000] {dag.py:3823} INFO - Setting next_dagrun for example_xcom_args to None, run_after=None
[2026-04-16T05:13:26.360+0000] {logging_mixin.py:188} INFO - [2026-04-16T05:13:26.359+0000] {dag.py:3823} INFO - Setting next_dagrun for example_xcom_args_with_operators to None, run_after=None
[2026-04-16T05:13:26.369+0000] {processor.py:183} INFO - Processing /home/airflow/.local/lib/python3.8/site-packages/airflow/example_dags/example_xcomargs.py took 0.046 seconds
[2026-04-16T05:13:57.160+0000] {processor.py:161} INFO - Started process (PID=7671) to work on /home/airflow/.local/lib/python3.8/site-packages/airflow/example_dags/example_xcomargs.py
[2026-04-16T05:13:57.160+0000] {processor.py:830} INFO - Processing file /home/airflow/.local/lib/python3.8/site-packages/airflow/example_dags/example_xcomargs.py for tasks to queue
[2026-04-16T05:13:57.162+0000] {logging_mixin.py:188} INFO - [2026-04-16T05:13:57.161+0000] {dagbag.py:538} INFO - Filling up the DagBag from /home/airflow/.local/lib/python3.8/site-packages/airflow/example_dags/example_xcomargs.py
[2026-04-16T05:13:57.168+0000] {processor.py:840} INFO - DAG(s) 'example_xcom_args_with_operators', 'example_xcom_args' retrieved from /home/airflow/.local/lib/python3.8/site-packages/airflow/example_dags/example_xcomargs.py
[2026-04-16T05:13:57.184+0000] {logging_mixin.py:188} INFO - [2026-04-16T05:13:57.184+0000] {dag.py:3036} INFO - Sync 2 DAGs
[2026-04-16T05:13:57.194+0000] {logging_mixin.py:188} INFO - [2026-04-16T05:13:57.194+0000] {dag.py:3823} INFO - Setting next_dagrun for example_xcom_args to None, run_after=None
[2026-04-16T05:13:57.197+0000] {logging_mixin.py:188} INFO - [2026-04-16T05:13:57.197+0000] {dag.py:3823} INFO - Setting next_dagrun for example_xcom_args_with_operators to None, run_after=None
[2026-04-16T05:13:57.207+0000] {processor.py:183} INFO - Processing /home/airflow/.local/lib/python3.8/site-packages/airflow/example_dags/example_xcomargs.py took 0.050 seconds
[2026-04-16T05:14:27.247+0000] {processor.py:161} INFO - Started process (PID=7726) to work on /home/airflow/.local/lib/python3.8/site-packages/airflow/example_dags/example_xcomargs.py
[2026-04-16T05:14:27.247+0000] {processor.py:830} INFO - Processing file /home/airflow/.local/lib/python3.8/site-packages/airflow/example_dags/example_xcomargs.py for tasks to queue
[2026-04-16T05:14:27.249+0000] {logging_mixin.py:188} INFO - [2026-04-16T05:14:27.248+0000] {dagbag.py:538} INFO - Filling up the DagBag from /home/airflow/.local/lib/python3.8/site-packages/airflow/example_dags/example_xcomargs.py
[2026-04-16T05:14:27.254+0000] {processor.py:840} INFO - DAG(s) 'example_xcom_args_with_operators', 'example_xcom_args' retrieved from /home/airflow/.local/lib/python3.8/site-packages/airflow/example_dags/example_xcomargs.py
[2026-04-16T05:14:27.270+0000] {logging_mixin.py:188} INFO - [2026-04-16T05:14:27.270+0000] {dag.py:3036} INFO - Sync 2 DAGs
[2026-04-16T05:14:27.279+0000] {logging_mixin.py:188} INFO - [2026-04-16T05:14:27.278+0000] {dag.py:3823} INFO - Setting next_dagrun for example_xcom_args to None, run_after=None
[2026-04-16T05:14:27.281+0000] {logging_mixin.py:188} INFO - [2026-04-16T05:14:27.281+0000] {dag.py:3823} INFO - Setting next_dagrun for example_xcom_args_with_operators to None, run_after=None
[2026-04-16T05:14:27.290+0000] {processor.py:183} INFO - Processing /home/airflow/.local/lib/python3.8/site-packages/airflow/example_dags/example_xcomargs.py took 0.045 seconds
[2026-04-16T05:14:57.352+0000] {processor.py:161} INFO - Started process (PID=7780) to work on /home/airflow/.local/lib/python3.8/site-packages/airflow/example_dags/example_xcomargs.py
[2026-04-16T05:14:57.355+0000] {processor.py:830} INFO - Processing file /home/airflow/.local/lib/python3.8/site-packages/airflow/example_dags/example_xcomargs.py for tasks to queue
[2026-04-16T05:14:57.356+0000] {logging_mixin.py:188} INFO - [2026-04-16T05:14:57.356+0000] {dagbag.py:538} INFO - Filling up the DagBag from /home/airflow/.local/lib/python3.8/site-packages/airflow/example_dags/example_xcomargs.py
[2026-04-16T05:14:57.362+0000] {processor.py:840} INFO - DAG(s) 'example_xcom_args_with_operators', 'example_xcom_args' retrieved from /home/airflow/.local/lib/python3.8/site-packages/airflow/example_dags/example_xcomargs.py
[2026-04-16T05:14:57.379+0000] {logging_mixin.py:188} INFO - [2026-04-16T05:14:57.379+0000] {dag.py:3036} INFO - Sync 2 DAGs
[2026-04-16T05:14:57.388+0000] {logging_mixin.py:188} INFO - [2026-04-16T05:14:57.388+0000] {dag.py:3823} INFO - Setting next_dagrun for example_xcom_args to None, run_after=None
[2026-04-16T05:14:57.390+0000] {logging_mixin.py:188} INFO - [2026-04-16T05:14:57.390+0000] {dag.py:3823} INFO - Setting next_dagrun for example_xcom_args_with_operators to None, run_after=None
[2026-04-16T05:14:57.399+0000] {processor.py:183} INFO - Processing /home/airflow/.local/lib/python3.8/site-packages/airflow/example_dags/example_xcomargs.py took 0.049 seconds
[2026-04-16T05:15:27.487+0000] {processor.py:161} INFO - Started process (PID=7835) to work on /home/airflow/.local/lib/python3.8/site-packages/airflow/example_dags/example_xcomargs.py
[2026-04-16T05:15:27.487+0000] {processor.py:830} INFO - Processing file /home/airflow/.local/lib/python3.8/site-packages/airflow/example_dags/example_xcomargs.py for tasks to queue
[2026-04-16T05:15:27.488+0000] {logging_mixin.py:188} INFO - [2026-04-16T05:15:27.488+0000] {dagbag.py:538} INFO - Filling up the DagBag from /home/airflow/.local/lib/python3.8/site-packages/airflow/example_dags/example_xcomargs.py
[2026-04-16T05:15:27.494+0000] {processor.py:840} INFO - DAG(s) 'example_xcom_args_with_operators', 'example_xcom_args' retrieved from /home/airflow/.local/lib/python3.8/site-packages/airflow/example_dags/example_xcomargs.py
[2026-04-16T05:15:27.509+0000] {logging_mixin.py:188} INFO - [2026-04-16T05:15:27.509+0000] {dag.py:3036} INFO - Sync 2 DAGs
[2026-04-16T05:15:27.517+0000] {logging_mixin.py:188} INFO - [2026-04-16T05:15:27.517+0000] {dag.py:3823} INFO - Setting next_dagrun for example_xcom_args to None, run_after=None
[2026-04-16T05:15:27.520+0000] {logging_mixin.py:188} INFO - [2026-04-16T05:15:27.519+0000] {dag.py:3823} INFO - Setting next_dagrun for example_xcom_args_with_operators to None, run_after=None
[2026-04-16T05:15:27.529+0000] {processor.py:183} INFO - Processing /home/airflow/.local/lib/python3.8/site-packages/airflow/example_dags/example_xcomargs.py took 0.044 seconds
[2026-04-16T05:15:57.718+0000] {processor.py:161} INFO - Started process (PID=7890) to work on /home/airflow/.local/lib/python3.8/site-packages/airflow/example_dags/example_xcomargs.py
[2026-04-16T05:15:57.722+0000] {processor.py:830} INFO - Processing file /home/airflow/.local/lib/python3.8/site-packages/airflow/example_dags/example_xcomargs.py for tasks to queue
[2026-04-16T05:15:57.723+0000] {logging_mixin.py:188} INFO - [2026-04-16T05:15:57.723+0000] {dagbag.py:538} INFO - Filling up the DagBag from /home/airflow/.local/lib/python3.8/site-packages/airflow/example_dags/example_xcomargs.py
[2026-04-16T05:15:57.728+0000] {processor.py:840} INFO - DAG(s) 'example_xcom_args_with_operators', 'example_xcom_args' retrieved from /home/airflow/.local/lib/python3.8/site-packages/airflow/example_dags/example_xcomargs.py
[2026-04-16T05:15:57.745+0000] {logging_mixin.py:188} INFO - [2026-04-16T05:15:57.744+0000] {dag.py:3036} INFO - Sync 2 DAGs
[2026-04-16T05:15:57.753+0000] {logging_mixin.py:188} INFO - [2026-04-16T05:15:57.753+0000] {dag.py:3823} INFO - Setting next_dagrun for example_xcom_args to None, run_after=None
[2026-04-16T05:15:57.755+0000] {logging_mixin.py:188} INFO - [2026-04-16T05:15:57.755+0000] {dag.py:3823} INFO - Setting next_dagrun for example_xcom_args_with_operators to None, run_after=None
[2026-04-16T05:15:57.764+0000] {processor.py:183} INFO - Processing /home/airflow/.local/lib/python3.8/site-packages/airflow/example_dags/example_xcomargs.py took 0.048 seconds
[2026-04-16T05:16:27.820+0000] {processor.py:161} INFO - Started process (PID=7945) to work on /home/airflow/.local/lib/python3.8/site-packages/airflow/example_dags/example_xcomargs.py
[2026-04-16T05:16:27.823+0000] {processor.py:830} INFO - Processing file /home/airflow/.local/lib/python3.8/site-packages/airflow/example_dags/example_xcomargs.py for tasks to queue
[2026-04-16T05:16:27.824+0000] {logging_mixin.py:188} INFO - [2026-04-16T05:16:27.824+0000] {dagbag.py:538} INFO - Filling up the DagBag from /home/airflow/.local/lib/python3.8/site-packages/airflow/example_dags/example_xcomargs.py
[2026-04-16T05:16:27.830+0000] {processor.py:840} INFO - DAG(s) 'example_xcom_args_with_operators', 'example_xcom_args' retrieved from /home/airflow/.local/lib/python3.8/site-packages/airflow/example_dags/example_xcomargs.py
[2026-04-16T05:16:27.846+0000] {logging_mixin.py:188} INFO - [2026-04-16T05:16:27.845+0000] {dag.py:3036} INFO - Sync 2 DAGs
[2026-04-16T05:16:27.854+0000] {logging_mixin.py:188} INFO - [2026-04-16T05:16:27.854+0000] {dag.py:3823} INFO - Setting next_dagrun for example_xcom_args to None, run_after=None
[2026-04-16T05:16:27.856+0000] {logging_mixin.py:188} INFO - [2026-04-16T05:16:27.856+0000] {dag.py:3823} INFO - Setting next_dagrun for example_xcom_args_with_operators to None, run_after=None
[2026-04-16T05:16:27.865+0000] {processor.py:183} INFO - Processing /home/airflow/.local/lib/python3.8/site-packages/airflow/example_dags/example_xcomargs.py took 0.047 seconds
[2026-04-16T05:16:58.113+0000] {processor.py:161} INFO - Started process (PID=8000) to work on /home/airflow/.local/lib/python3.8/site-packages/airflow/example_dags/example_xcomargs.py
[2026-04-16T05:16:58.114+0000] {processor.py:830} INFO - Processing file /home/airflow/.local/lib/python3.8/site-packages/airflow/example_dags/example_xcomargs.py for tasks to queue
[2026-04-16T05:16:58.115+0000] {logging_mixin.py:188} INFO - [2026-04-16T05:16:58.115+0000] {dagbag.py:538} INFO - Filling up the DagBag from /home/airflow/.local/lib/python3.8/site-packages/airflow/example_dags/example_xcomargs.py
[2026-04-16T05:16:58.120+0000] {processor.py:840} INFO - DAG(s) 'example_xcom_args_with_operators', 'example_xcom_args' retrieved from /home/airflow/.local/lib/python3.8/site-packages/airflow/example_dags/example_xcomargs.py
[2026-04-16T05:16:58.138+0000] {logging_mixin.py:188} INFO - [2026-04-16T05:16:58.138+0000] {dag.py:3036} INFO - Sync 2 DAGs
[2026-04-16T05:16:58.146+0000] {logging_mixin.py:188} INFO - [2026-04-16T05:16:58.146+0000] {dag.py:3823} INFO - Setting next_dagrun for example_xcom_args to None, run_after=None
[2026-04-16T05:16:58.148+0000] {logging_mixin.py:188} INFO - [2026-04-16T05:16:58.148+0000] {dag.py:3823} INFO - Setting next_dagrun for example_xcom_args_with_operators to None, run_after=None
[2026-04-16T05:16:58.157+0000] {processor.py:183} INFO - Processing /home/airflow/.local/lib/python3.8/site-packages/airflow/example_dags/example_xcomargs.py took 0.046 seconds
[2026-04-16T05:17:28.975+0000] {processor.py:161} INFO - Started process (PID=8055) to work on /home/airflow/.local/lib/python3.8/site-packages/airflow/example_dags/example_xcomargs.py
[2026-04-16T05:17:28.978+0000] {processor.py:830} INFO - Processing file /home/airflow/.local/lib/python3.8/site-packages/airflow/example_dags/example_xcomargs.py for tasks to queue
[2026-04-16T05:17:28.979+0000] {logging_mixin.py:188} INFO - [2026-04-16T05:17:28.979+0000] {dagbag.py:538} INFO - Filling up the DagBag from /home/airflow/.local/lib/python3.8/site-packages/airflow/example_dags/example_xcomargs.py
[2026-04-16T05:17:28.984+0000] {processor.py:840} INFO - DAG(s) 'example_xcom_args', 'example_xcom_args_with_operators' retrieved from /home/airflow/.local/lib/python3.8/site-packages/airflow/example_dags/example_xcomargs.py
[2026-04-16T05:17:29.001+0000] {logging_mixin.py:188} INFO - [2026-04-16T05:17:29.001+0000] {dag.py:3036} INFO - Sync 2 DAGs
[2026-04-16T05:17:29.010+0000] {logging_mixin.py:188} INFO - [2026-04-16T05:17:29.010+0000] {dag.py:3823} INFO - Setting next_dagrun for example_xcom_args to None, run_after=None
[2026-04-16T05:17:29.012+0000] {logging_mixin.py:188} INFO - [2026-04-16T05:17:29.012+0000] {dag.py:3823} INFO - Setting next_dagrun for example_xcom_args_with_operators to None, run_after=None
[2026-04-16T05:17:29.021+0000] {processor.py:183} INFO - Processing /home/airflow/.local/lib/python3.8/site-packages/airflow/example_dags/example_xcomargs.py took 0.049 seconds
[2026-04-16T05:17:59.635+0000] {processor.py:161} INFO - Started process (PID=8110) to work on /home/airflow/.local/lib/python3.8/site-packages/airflow/example_dags/example_xcomargs.py
[2026-04-16T05:17:59.638+0000] {processor.py:830} INFO - Processing file /home/airflow/.local/lib/python3.8/site-packages/airflow/example_dags/example_xcomargs.py for tasks to queue
[2026-04-16T05:17:59.640+0000] {logging_mixin.py:188} INFO - [2026-04-16T05:17:59.640+0000] {dagbag.py:538} INFO - Filling up the DagBag from /home/airflow/.local/lib/python3.8/site-packages/airflow/example_dags/example_xcomargs.py
[2026-04-16T05:17:59.645+0000] {processor.py:840} INFO - DAG(s) 'example_xcom_args_with_operators', 'example_xcom_args' retrieved from /home/airflow/.local/lib/python3.8/site-packages/airflow/example_dags/example_xcomargs.py
[2026-04-16T05:17:59.662+0000] {logging_mixin.py:188} INFO - [2026-04-16T05:17:59.662+0000] {dag.py:3036} INFO - Sync 2 DAGs
[2026-04-16T05:17:59.670+0000] {logging_mixin.py:188} INFO - [2026-04-16T05:17:59.670+0000] {dag.py:3823} INFO - Setting next_dagrun for example_xcom_args to None, run_after=None
[2026-04-16T05:17:59.673+0000] {logging_mixin.py:188} INFO - [2026-04-16T05:17:59.672+0000] {dag.py:3823} INFO - Setting next_dagrun for example_xcom_args_with_operators to None, run_after=None
[2026-04-16T05:17:59.682+0000] {processor.py:183} INFO - Processing /home/airflow/.local/lib/python3.8/site-packages/airflow/example_dags/example_xcomargs.py took 0.049 seconds
[2026-04-16T05:18:30.417+0000] {processor.py:161} INFO - Started process (PID=8165) to work on /home/airflow/.local/lib/python3.8/site-packages/airflow/example_dags/example_xcomargs.py
[2026-04-16T05:18:30.418+0000] {processor.py:830} INFO - Processing file /home/airflow/.local/lib/python3.8/site-packages/airflow/example_dags/example_xcomargs.py for tasks to queue
[2026-04-16T05:18:30.419+0000] {logging_mixin.py:188} INFO - [2026-04-16T05:18:30.419+0000] {dagbag.py:538} INFO - Filling up the DagBag from /home/airflow/.local/lib/python3.8/site-packages/airflow/example_dags/example_xcomargs.py
[2026-04-16T05:18:30.424+0000] {processor.py:840} INFO - DAG(s) 'example_xcom_args', 'example_xcom_args_with_operators' retrieved from /home/airflow/.local/lib/python3.8/site-packages/airflow/example_dags/example_xcomargs.py
[2026-04-16T05:18:30.440+0000] {logging_mixin.py:188} INFO - [2026-04-16T05:18:30.440+0000] {dag.py:3036} INFO - Sync 2 DAGs
[2026-04-16T05:18:30.450+0000] {logging_mixin.py:188} INFO - [2026-04-16T05:18:30.450+0000] {dag.py:3823} INFO - Setting next_dagrun for example_xcom_args to None, run_after=None
[2026-04-16T05:18:30.452+0000] {logging_mixin.py:188} INFO - [2026-04-16T05:18:30.452+0000] {dag.py:3823} INFO - Setting next_dagrun for example_xcom_args_with_operators to None, run_after=None
[2026-04-16T05:18:30.462+0000] {processor.py:183} INFO - Processing /home/airflow/.local/lib/python3.8/site-packages/airflow/example_dags/example_xcomargs.py took 0.047 seconds
[2026-04-16T05:19:00.607+0000] {processor.py:161} INFO - Started process (PID=8220) to work on /home/airflow/.local/lib/python3.8/site-packages/airflow/example_dags/example_xcomargs.py
[2026-04-16T05:19:00.611+0000] {processor.py:830} INFO - Processing file /home/airflow/.local/lib/python3.8/site-packages/airflow/example_dags/example_xcomargs.py for tasks to queue
[2026-04-16T05:19:00.613+0000] {logging_mixin.py:188} INFO - [2026-04-16T05:19:00.613+0000] {dagbag.py:538} INFO - Filling up the DagBag from /home/airflow/.local/lib/python3.8/site-packages/airflow/example_dags/example_xcomargs.py
[2026-04-16T05:19:00.618+0000] {processor.py:840} INFO - DAG(s) 'example_xcom_args', 'example_xcom_args_with_operators' retrieved from /home/airflow/.local/lib/python3.8/site-packages/airflow/example_dags/example_xcomargs.py
[2026-04-16T05:19:00.635+0000] {logging_mixin.py:188} INFO - [2026-04-16T05:19:00.634+0000] {dag.py:3036} INFO - Sync 2 DAGs
[2026-04-16T05:19:00.643+0000] {logging_mixin.py:188} INFO - [2026-04-16T05:19:00.643+0000] {dag.py:3823} INFO - Setting next_dagrun for example_xcom_args to None, run_after=None
[2026-04-16T05:19:00.646+0000] {logging_mixin.py:188} INFO - [2026-04-16T05:19:00.645+0000] {dag.py:3823} INFO - Setting next_dagrun for example_xcom_args_with_operators to None, run_after=None
[2026-04-16T05:19:00.654+0000] {processor.py:183} INFO - Processing /home/airflow/.local/lib/python3.8/site-packages/airflow/example_dags/example_xcomargs.py took 0.049 seconds
[2026-04-16T05:19:30.911+0000] {processor.py:161} INFO - Started process (PID=8275) to work on /home/airflow/.local/lib/python3.8/site-packages/airflow/example_dags/example_xcomargs.py
[2026-04-16T05:19:30.912+0000] {processor.py:830} INFO - Processing file /home/airflow/.local/lib/python3.8/site-packages/airflow/example_dags/example_xcomargs.py for tasks to queue
[2026-04-16T05:19:30.913+0000] {logging_mixin.py:188} INFO - [2026-04-16T05:19:30.913+0000] {dagbag.py:538} INFO - Filling up the DagBag from /home/airflow/.local/lib/python3.8/site-packages/airflow/example_dags/example_xcomargs.py
[2026-04-16T05:19:30.919+0000] {processor.py:840} INFO - DAG(s) 'example_xcom_args', 'example_xcom_args_with_operators' retrieved from /home/airflow/.local/lib/python3.8/site-packages/airflow/example_dags/example_xcomargs.py
[2026-04-16T05:19:30.933+0000] {logging_mixin.py:188} INFO - [2026-04-16T05:19:30.933+0000] {dag.py:3036} INFO - Sync 2 DAGs
[2026-04-16T05:19:30.942+0000] {logging_mixin.py:188} INFO - [2026-04-16T05:19:30.942+0000] {dag.py:3823} INFO - Setting next_dagrun for example_xcom_args to None, run_after=None
[2026-04-16T05:19:30.944+0000] {logging_mixin.py:188} INFO - [2026-04-16T05:19:30.944+0000] {dag.py:3823} INFO - Setting next_dagrun for example_xcom_args_with_operators to None, run_after=None
[2026-04-16T05:19:30.953+0000] {processor.py:183} INFO - Processing /home/airflow/.local/lib/python3.8/site-packages/airflow/example_dags/example_xcomargs.py took 0.044 seconds
[2026-04-16T05:20:01.297+0000] {processor.py:161} INFO - Started process (PID=8330) to work on /home/airflow/.local/lib/python3.8/site-packages/airflow/example_dags/example_xcomargs.py
[2026-04-16T05:20:01.300+0000] {processor.py:830} INFO - Processing file /home/airflow/.local/lib/python3.8/site-packages/airflow/example_dags/example_xcomargs.py for tasks to queue
[2026-04-16T05:20:01.301+0000] {logging_mixin.py:188} INFO - [2026-04-16T05:20:01.301+0000] {dagbag.py:538} INFO - Filling up the DagBag from /home/airflow/.local/lib/python3.8/site-packages/airflow/example_dags/example_xcomargs.py
[2026-04-16T05:20:01.307+0000] {processor.py:840} INFO - DAG(s) 'example_xcom_args', 'example_xcom_args_with_operators' retrieved from /home/airflow/.local/lib/python3.8/site-packages/airflow/example_dags/example_xcomargs.py
[2026-04-16T05:20:01.323+0000] {logging_mixin.py:188} INFO - [2026-04-16T05:20:01.323+0000] {dag.py:3036} INFO - Sync 2 DAGs
[2026-04-16T05:20:01.332+0000] {logging_mixin.py:188} INFO - [2026-04-16T05:20:01.332+0000] {dag.py:3823} INFO - Setting next_dagrun for example_xcom_args to None, run_after=None
[2026-04-16T05:20:01.335+0000] {logging_mixin.py:188} INFO - [2026-04-16T05:20:01.334+0000] {dag.py:3823} INFO - Setting next_dagrun for example_xcom_args_with_operators to None, run_after=None
[2026-04-16T05:20:01.345+0000] {processor.py:183} INFO - Processing /home/airflow/.local/lib/python3.8/site-packages/airflow/example_dags/example_xcomargs.py took 0.050 seconds
[2026-04-16T05:20:31.565+0000] {processor.py:161} INFO - Started process (PID=8385) to work on /home/airflow/.local/lib/python3.8/site-packages/airflow/example_dags/example_xcomargs.py
[2026-04-16T05:20:31.566+0000] {processor.py:830} INFO - Processing file /home/airflow/.local/lib/python3.8/site-packages/airflow/example_dags/example_xcomargs.py for tasks to queue
[2026-04-16T05:20:31.567+0000] {logging_mixin.py:188} INFO - [2026-04-16T05:20:31.567+0000] {dagbag.py:538} INFO - Filling up the DagBag from /home/airflow/.local/lib/python3.8/site-packages/airflow/example_dags/example_xcomargs.py
[2026-04-16T05:20:31.572+0000] {processor.py:840} INFO - DAG(s) 'example_xcom_args_with_operators', 'example_xcom_args' retrieved from /home/airflow/.local/lib/python3.8/site-packages/airflow/example_dags/example_xcomargs.py
[2026-04-16T05:20:31.587+0000] {logging_mixin.py:188} INFO - [2026-04-16T05:20:31.587+0000] {dag.py:3036} INFO - Sync 2 DAGs
[2026-04-16T05:20:31.596+0000] {logging_mixin.py:188} INFO - [2026-04-16T05:20:31.596+0000] {dag.py:3823} INFO - Setting next_dagrun for example_xcom_args to None, run_after=None
[2026-04-16T05:20:31.598+0000] {logging_mixin.py:188} INFO - [2026-04-16T05:20:31.598+0000] {dag.py:3823} INFO - Setting next_dagrun for example_xcom_args_with_operators to None, run_after=None
[2026-04-16T05:20:31.609+0000] {processor.py:183} INFO - Processing /home/airflow/.local/lib/python3.8/site-packages/airflow/example_dags/example_xcomargs.py took 0.046 seconds
[2026-04-16T05:21:01.926+0000] {processor.py:161} INFO - Started process (PID=8440) to work on /home/airflow/.local/lib/python3.8/site-packages/airflow/example_dags/example_xcomargs.py
[2026-04-16T05:21:01.929+0000] {processor.py:830} INFO - Processing file /home/airflow/.local/lib/python3.8/site-packages/airflow/example_dags/example_xcomargs.py for tasks to queue
[2026-04-16T05:21:01.930+0000] {logging_mixin.py:188} INFO - [2026-04-16T05:21:01.930+0000] {dagbag.py:538} INFO - Filling up the DagBag from /home/airflow/.local/lib/python3.8/site-packages/airflow/example_dags/example_xcomargs.py
[2026-04-16T05:21:01.935+0000] {processor.py:840} INFO - DAG(s) 'example_xcom_args', 'example_xcom_args_with_operators' retrieved from /home/airflow/.local/lib/python3.8/site-packages/airflow/example_dags/example_xcomargs.py
[2026-04-16T05:21:01.951+0000] {logging_mixin.py:188} INFO - [2026-04-16T05:21:01.951+0000] {dag.py:3036} INFO - Sync 2 DAGs
[2026-04-16T05:21:01.959+0000] {logging_mixin.py:188} INFO - [2026-04-16T05:21:01.959+0000] {dag.py:3823} INFO - Setting next_dagrun for example_xcom_args to None, run_after=None
[2026-04-16T05:21:01.962+0000] {logging_mixin.py:188} INFO - [2026-04-16T05:21:01.961+0000] {dag.py:3823} INFO - Setting next_dagrun for example_xcom_args_with_operators to None, run_after=None
[2026-04-16T05:21:01.970+0000] {processor.py:183} INFO - Processing /home/airflow/.local/lib/python3.8/site-packages/airflow/example_dags/example_xcomargs.py took 0.047 seconds
[2026-04-16T05:49:36.363+0000] {processor.py:161} INFO - Started process (PID=8492) to work on /home/airflow/.local/lib/python3.8/site-packages/airflow/example_dags/example_xcomargs.py
[2026-04-16T05:49:36.364+0000] {processor.py:830} INFO - Processing file /home/airflow/.local/lib/python3.8/site-packages/airflow/example_dags/example_xcomargs.py for tasks to queue
[2026-04-16T05:49:36.367+0000] {logging_mixin.py:188} INFO - [2026-04-16T05:49:36.367+0000] {dagbag.py:538} INFO - Filling up the DagBag from /home/airflow/.local/lib/python3.8/site-packages/airflow/example_dags/example_xcomargs.py
[2026-04-16T05:49:36.379+0000] {processor.py:840} INFO - DAG(s) 'example_xcom_args', 'example_xcom_args_with_operators' retrieved from /home/airflow/.local/lib/python3.8/site-packages/airflow/example_dags/example_xcomargs.py
[2026-04-16T05:49:36.418+0000] {logging_mixin.py:188} INFO - [2026-04-16T05:49:36.418+0000] {dag.py:3036} INFO - Sync 2 DAGs
[2026-04-16T05:49:36.438+0000] {logging_mixin.py:188} INFO - [2026-04-16T05:49:36.437+0000] {dag.py:3823} INFO - Setting next_dagrun for example_xcom_args to None, run_after=None
[2026-04-16T05:49:36.444+0000] {logging_mixin.py:188} INFO - [2026-04-16T05:49:36.443+0000] {dag.py:3823} INFO - Setting next_dagrun for example_xcom_args_with_operators to None, run_after=None
[2026-04-16T05:49:36.469+0000] {processor.py:183} INFO - Processing /home/airflow/.local/lib/python3.8/site-packages/airflow/example_dags/example_xcomargs.py took 0.112 seconds
[2026-04-16T05:50:06.587+0000] {processor.py:161} INFO - Started process (PID=8547) to work on /home/airflow/.local/lib/python3.8/site-packages/airflow/example_dags/example_xcomargs.py
[2026-04-16T05:50:06.587+0000] {processor.py:830} INFO - Processing file /home/airflow/.local/lib/python3.8/site-packages/airflow/example_dags/example_xcomargs.py for tasks to queue
[2026-04-16T05:50:06.588+0000] {logging_mixin.py:188} INFO - [2026-04-16T05:50:06.588+0000] {dagbag.py:538} INFO - Filling up the DagBag from /home/airflow/.local/lib/python3.8/site-packages/airflow/example_dags/example_xcomargs.py
[2026-04-16T05:50:06.594+0000] {processor.py:840} INFO - DAG(s) 'example_xcom_args', 'example_xcom_args_with_operators' retrieved from /home/airflow/.local/lib/python3.8/site-packages/airflow/example_dags/example_xcomargs.py
[2026-04-16T05:50:06.609+0000] {logging_mixin.py:188} INFO - [2026-04-16T05:50:06.609+0000] {dag.py:3036} INFO - Sync 2 DAGs
[2026-04-16T05:50:06.618+0000] {logging_mixin.py:188} INFO - [2026-04-16T05:50:06.618+0000] {dag.py:3823} INFO - Setting next_dagrun for example_xcom_args to None, run_after=None
[2026-04-16T05:50:06.620+0000] {logging_mixin.py:188} INFO - [2026-04-16T05:50:06.620+0000] {dag.py:3823} INFO - Setting next_dagrun for example_xcom_args_with_operators to None, run_after=None
[2026-04-16T05:50:06.629+0000] {processor.py:183} INFO - Processing /home/airflow/.local/lib/python3.8/site-packages/airflow/example_dags/example_xcomargs.py took 0.045 seconds
[2026-04-16T05:50:37.371+0000] {processor.py:161} INFO - Started process (PID=8602) to work on /home/airflow/.local/lib/python3.8/site-packages/airflow/example_dags/example_xcomargs.py
[2026-04-16T05:50:37.372+0000] {processor.py:830} INFO - Processing file /home/airflow/.local/lib/python3.8/site-packages/airflow/example_dags/example_xcomargs.py for tasks to queue
[2026-04-16T05:50:37.373+0000] {logging_mixin.py:188} INFO - [2026-04-16T05:50:37.373+0000] {dagbag.py:538} INFO - Filling up the DagBag from /home/airflow/.local/lib/python3.8/site-packages/airflow/example_dags/example_xcomargs.py
[2026-04-16T05:50:37.379+0000] {processor.py:840} INFO - DAG(s) 'example_xcom_args_with_operators', 'example_xcom_args' retrieved from /home/airflow/.local/lib/python3.8/site-packages/airflow/example_dags/example_xcomargs.py
[2026-04-16T05:50:37.395+0000] {logging_mixin.py:188} INFO - [2026-04-16T05:50:37.395+0000] {dag.py:3036} INFO - Sync 2 DAGs
[2026-04-16T05:50:37.405+0000] {logging_mixin.py:188} INFO - [2026-04-16T05:50:37.405+0000] {dag.py:3823} INFO - Setting next_dagrun for example_xcom_args to None, run_after=None
[2026-04-16T05:50:37.408+0000] {logging_mixin.py:188} INFO - [2026-04-16T05:50:37.408+0000] {dag.py:3823} INFO - Setting next_dagrun for example_xcom_args_with_operators to None, run_after=None
[2026-04-16T05:50:37.418+0000] {processor.py:183} INFO - Processing /home/airflow/.local/lib/python3.8/site-packages/airflow/example_dags/example_xcomargs.py took 0.048 seconds
[2026-04-16T05:51:08.105+0000] {processor.py:161} INFO - Started process (PID=8657) to work on /home/airflow/.local/lib/python3.8/site-packages/airflow/example_dags/example_xcomargs.py
[2026-04-16T05:51:08.106+0000] {processor.py:830} INFO - Processing file /home/airflow/.local/lib/python3.8/site-packages/airflow/example_dags/example_xcomargs.py for tasks to queue
[2026-04-16T05:51:08.107+0000] {logging_mixin.py:188} INFO - [2026-04-16T05:51:08.107+0000] {dagbag.py:538} INFO - Filling up the DagBag from /home/airflow/.local/lib/python3.8/site-packages/airflow/example_dags/example_xcomargs.py
[2026-04-16T05:51:08.113+0000] {processor.py:840} INFO - DAG(s) 'example_xcom_args', 'example_xcom_args_with_operators' retrieved from /home/airflow/.local/lib/python3.8/site-packages/airflow/example_dags/example_xcomargs.py
[2026-04-16T05:51:08.130+0000] {logging_mixin.py:188} INFO - [2026-04-16T05:51:08.130+0000] {dag.py:3036} INFO - Sync 2 DAGs
[2026-04-16T05:51:08.253+0000] {logging_mixin.py:188} INFO - [2026-04-16T05:51:08.253+0000] {dag.py:3823} INFO - Setting next_dagrun for example_xcom_args to None, run_after=None
[2026-04-16T05:51:08.255+0000] {logging_mixin.py:188} INFO - [2026-04-16T05:51:08.255+0000] {dag.py:3823} INFO - Setting next_dagrun for example_xcom_args_with_operators to None, run_after=None
[2026-04-16T05:51:08.266+0000] {processor.py:183} INFO - Processing /home/airflow/.local/lib/python3.8/site-packages/airflow/example_dags/example_xcomargs.py took 0.163 seconds
[2026-04-16T05:51:39.103+0000] {processor.py:161} INFO - Started process (PID=8712) to work on /home/airflow/.local/lib/python3.8/site-packages/airflow/example_dags/example_xcomargs.py
[2026-04-16T05:51:39.104+0000] {processor.py:830} INFO - Processing file /home/airflow/.local/lib/python3.8/site-packages/airflow/example_dags/example_xcomargs.py for tasks to queue
[2026-04-16T05:51:39.105+0000] {logging_mixin.py:188} INFO - [2026-04-16T05:51:39.105+0000] {dagbag.py:538} INFO - Filling up the DagBag from /home/airflow/.local/lib/python3.8/site-packages/airflow/example_dags/example_xcomargs.py
[2026-04-16T05:51:39.111+0000] {processor.py:840} INFO - DAG(s) 'example_xcom_args', 'example_xcom_args_with_operators' retrieved from /home/airflow/.local/lib/python3.8/site-packages/airflow/example_dags/example_xcomargs.py
[2026-04-16T05:51:39.127+0000] {logging_mixin.py:188} INFO - [2026-04-16T05:51:39.127+0000] {dag.py:3036} INFO - Sync 2 DAGs
[2026-04-16T05:51:39.136+0000] {logging_mixin.py:188} INFO - [2026-04-16T05:51:39.136+0000] {dag.py:3823} INFO - Setting next_dagrun for example_xcom_args to None, run_after=None
[2026-04-16T05:51:39.138+0000] {logging_mixin.py:188} INFO - [2026-04-16T05:51:39.138+0000] {dag.py:3823} INFO - Setting next_dagrun for example_xcom_args_with_operators to None, run_after=None
[2026-04-16T05:51:39.263+0000] {processor.py:183} INFO - Processing /home/airflow/.local/lib/python3.8/site-packages/airflow/example_dags/example_xcomargs.py took 0.162 seconds
[2026-04-16T05:52:09.605+0000] {processor.py:161} INFO - Started process (PID=8767) to work on /home/airflow/.local/lib/python3.8/site-packages/airflow/example_dags/example_xcomargs.py
[2026-04-16T05:52:09.606+0000] {processor.py:830} INFO - Processing file /home/airflow/.local/lib/python3.8/site-packages/airflow/example_dags/example_xcomargs.py for tasks to queue
[2026-04-16T05:52:09.607+0000] {logging_mixin.py:188} INFO - [2026-04-16T05:52:09.607+0000] {dagbag.py:538} INFO - Filling up the DagBag from /home/airflow/.local/lib/python3.8/site-packages/airflow/example_dags/example_xcomargs.py
[2026-04-16T05:52:09.612+0000] {processor.py:840} INFO - DAG(s) 'example_xcom_args_with_operators', 'example_xcom_args' retrieved from /home/airflow/.local/lib/python3.8/site-packages/airflow/example_dags/example_xcomargs.py
[2026-04-16T05:52:09.627+0000] {logging_mixin.py:188} INFO - [2026-04-16T05:52:09.627+0000] {dag.py:3036} INFO - Sync 2 DAGs
[2026-04-16T05:52:09.636+0000] {logging_mixin.py:188} INFO - [2026-04-16T05:52:09.635+0000] {dag.py:3823} INFO - Setting next_dagrun for example_xcom_args to None, run_after=None
[2026-04-16T05:52:09.638+0000] {logging_mixin.py:188} INFO - [2026-04-16T05:52:09.638+0000] {dag.py:3823} INFO - Setting next_dagrun for example_xcom_args_with_operators to None, run_after=None
[2026-04-16T05:52:09.648+0000] {processor.py:183} INFO - Processing /home/airflow/.local/lib/python3.8/site-packages/airflow/example_dags/example_xcomargs.py took 0.045 seconds
[2026-04-16T05:52:40.529+0000] {processor.py:161} INFO - Started process (PID=8822) to work on /home/airflow/.local/lib/python3.8/site-packages/airflow/example_dags/example_xcomargs.py
[2026-04-16T05:52:40.529+0000] {processor.py:830} INFO - Processing file /home/airflow/.local/lib/python3.8/site-packages/airflow/example_dags/example_xcomargs.py for tasks to queue
[2026-04-16T05:52:40.530+0000] {logging_mixin.py:188} INFO - [2026-04-16T05:52:40.530+0000] {dagbag.py:538} INFO - Filling up the DagBag from /home/airflow/.local/lib/python3.8/site-packages/airflow/example_dags/example_xcomargs.py
[2026-04-16T05:52:40.536+0000] {processor.py:840} INFO - DAG(s) 'example_xcom_args', 'example_xcom_args_with_operators' retrieved from /home/airflow/.local/lib/python3.8/site-packages/airflow/example_dags/example_xcomargs.py
[2026-04-16T05:52:40.552+0000] {logging_mixin.py:188} INFO - [2026-04-16T05:52:40.551+0000] {dag.py:3036} INFO - Sync 2 DAGs
[2026-04-16T05:52:40.560+0000] {logging_mixin.py:188} INFO - [2026-04-16T05:52:40.560+0000] {dag.py:3823} INFO - Setting next_dagrun for example_xcom_args to None, run_after=None
[2026-04-16T05:52:40.562+0000] {logging_mixin.py:188} INFO - [2026-04-16T05:52:40.562+0000] {dag.py:3823} INFO - Setting next_dagrun for example_xcom_args_with_operators to None, run_after=None
[2026-04-16T05:52:40.572+0000] {processor.py:183} INFO - Processing /home/airflow/.local/lib/python3.8/site-packages/airflow/example_dags/example_xcomargs.py took 0.046 seconds
[2026-04-16T05:53:11.196+0000] {processor.py:161} INFO - Started process (PID=8877) to work on /home/airflow/.local/lib/python3.8/site-packages/airflow/example_dags/example_xcomargs.py
[2026-04-16T05:53:11.197+0000] {processor.py:830} INFO - Processing file /home/airflow/.local/lib/python3.8/site-packages/airflow/example_dags/example_xcomargs.py for tasks to queue
[2026-04-16T05:53:11.198+0000] {logging_mixin.py:188} INFO - [2026-04-16T05:53:11.198+0000] {dagbag.py:538} INFO - Filling up the DagBag from /home/airflow/.local/lib/python3.8/site-packages/airflow/example_dags/example_xcomargs.py
[2026-04-16T05:53:11.203+0000] {processor.py:840} INFO - DAG(s) 'example_xcom_args_with_operators', 'example_xcom_args' retrieved from /home/airflow/.local/lib/python3.8/site-packages/airflow/example_dags/example_xcomargs.py
[2026-04-16T05:53:11.219+0000] {logging_mixin.py:188} INFO - [2026-04-16T05:53:11.219+0000] {dag.py:3036} INFO - Sync 2 DAGs
[2026-04-16T05:53:11.228+0000] {logging_mixin.py:188} INFO - [2026-04-16T05:53:11.228+0000] {dag.py:3823} INFO - Setting next_dagrun for example_xcom_args to None, run_after=None
[2026-04-16T05:53:11.230+0000] {logging_mixin.py:188} INFO - [2026-04-16T05:53:11.230+0000] {dag.py:3823} INFO - Setting next_dagrun for example_xcom_args_with_operators to None, run_after=None
[2026-04-16T05:53:11.239+0000] {processor.py:183} INFO - Processing /home/airflow/.local/lib/python3.8/site-packages/airflow/example_dags/example_xcomargs.py took 0.045 seconds
[2026-04-16T05:53:41.884+0000] {processor.py:161} INFO - Started process (PID=8932) to work on /home/airflow/.local/lib/python3.8/site-packages/airflow/example_dags/example_xcomargs.py
[2026-04-16T05:53:41.885+0000] {processor.py:830} INFO - Processing file /home/airflow/.local/lib/python3.8/site-packages/airflow/example_dags/example_xcomargs.py for tasks to queue
[2026-04-16T05:53:41.886+0000] {logging_mixin.py:188} INFO - [2026-04-16T05:53:41.886+0000] {dagbag.py:538} INFO - Filling up the DagBag from /home/airflow/.local/lib/python3.8/site-packages/airflow/example_dags/example_xcomargs.py
[2026-04-16T05:53:41.891+0000] {processor.py:840} INFO - DAG(s) 'example_xcom_args', 'example_xcom_args_with_operators' retrieved from /home/airflow/.local/lib/python3.8/site-packages/airflow/example_dags/example_xcomargs.py
[2026-04-16T05:53:41.907+0000] {logging_mixin.py:188} INFO - [2026-04-16T05:53:41.906+0000] {dag.py:3036} INFO - Sync 2 DAGs
[2026-04-16T05:53:41.915+0000] {logging_mixin.py:188} INFO - [2026-04-16T05:53:41.914+0000] {dag.py:3823} INFO - Setting next_dagrun for example_xcom_args to None, run_after=None
[2026-04-16T05:53:41.917+0000] {logging_mixin.py:188} INFO - [2026-04-16T05:53:41.917+0000] {dag.py:3823} INFO - Setting next_dagrun for example_xcom_args_with_operators to None, run_after=None
[2026-04-16T05:53:41.925+0000] {processor.py:183} INFO - Processing /home/airflow/.local/lib/python3.8/site-packages/airflow/example_dags/example_xcomargs.py took 0.043 seconds
[2026-04-16T05:54:12.613+0000] {processor.py:161} INFO - Started process (PID=8987) to work on /home/airflow/.local/lib/python3.8/site-packages/airflow/example_dags/example_xcomargs.py
[2026-04-16T05:54:12.614+0000] {processor.py:830} INFO - Processing file /home/airflow/.local/lib/python3.8/site-packages/airflow/example_dags/example_xcomargs.py for tasks to queue
[2026-04-16T05:54:12.615+0000] {logging_mixin.py:188} INFO - [2026-04-16T05:54:12.615+0000] {dagbag.py:538} INFO - Filling up the DagBag from /home/airflow/.local/lib/python3.8/site-packages/airflow/example_dags/example_xcomargs.py
[2026-04-16T05:54:12.620+0000] {processor.py:840} INFO - DAG(s) 'example_xcom_args_with_operators', 'example_xcom_args' retrieved from /home/airflow/.local/lib/python3.8/site-packages/airflow/example_dags/example_xcomargs.py
[2026-04-16T05:54:12.636+0000] {logging_mixin.py:188} INFO - [2026-04-16T05:54:12.636+0000] {dag.py:3036} INFO - Sync 2 DAGs
[2026-04-16T05:54:12.644+0000] {logging_mixin.py:188} INFO - [2026-04-16T05:54:12.644+0000] {dag.py:3823} INFO - Setting next_dagrun for example_xcom_args to None, run_after=None
[2026-04-16T05:54:12.646+0000] {logging_mixin.py:188} INFO - [2026-04-16T05:54:12.646+0000] {dag.py:3823} INFO - Setting next_dagrun for example_xcom_args_with_operators to None, run_after=None
[2026-04-16T05:54:12.655+0000] {processor.py:183} INFO - Processing /home/airflow/.local/lib/python3.8/site-packages/airflow/example_dags/example_xcomargs.py took 0.044 seconds
[2026-04-16T05:54:43.383+0000] {processor.py:161} INFO - Started process (PID=9042) to work on /home/airflow/.local/lib/python3.8/site-packages/airflow/example_dags/example_xcomargs.py
[2026-04-16T05:54:43.384+0000] {processor.py:830} INFO - Processing file /home/airflow/.local/lib/python3.8/site-packages/airflow/example_dags/example_xcomargs.py for tasks to queue
[2026-04-16T05:54:43.385+0000] {logging_mixin.py:188} INFO - [2026-04-16T05:54:43.385+0000] {dagbag.py:538} INFO - Filling up the DagBag from /home/airflow/.local/lib/python3.8/site-packages/airflow/example_dags/example_xcomargs.py
[2026-04-16T05:54:43.390+0000] {processor.py:840} INFO - DAG(s) 'example_xcom_args_with_operators', 'example_xcom_args' retrieved from /home/airflow/.local/lib/python3.8/site-packages/airflow/example_dags/example_xcomargs.py
[2026-04-16T05:54:43.407+0000] {logging_mixin.py:188} INFO - [2026-04-16T05:54:43.407+0000] {dag.py:3036} INFO - Sync 2 DAGs
[2026-04-16T05:54:43.416+0000] {logging_mixin.py:188} INFO - [2026-04-16T05:54:43.416+0000] {dag.py:3823} INFO - Setting next_dagrun for example_xcom_args to None, run_after=None
[2026-04-16T05:54:43.418+0000] {logging_mixin.py:188} INFO - [2026-04-16T05:54:43.418+0000] {dag.py:3823} INFO - Setting next_dagrun for example_xcom_args_with_operators to None, run_after=None
[2026-04-16T05:54:43.427+0000] {processor.py:183} INFO - Processing /home/airflow/.local/lib/python3.8/site-packages/airflow/example_dags/example_xcomargs.py took 0.046 seconds
[2026-04-16T05:55:14.052+0000] {processor.py:161} INFO - Started process (PID=9097) to work on /home/airflow/.local/lib/python3.8/site-packages/airflow/example_dags/example_xcomargs.py
[2026-04-16T05:55:14.053+0000] {processor.py:830} INFO - Processing file /home/airflow/.local/lib/python3.8/site-packages/airflow/example_dags/example_xcomargs.py for tasks to queue
[2026-04-16T05:55:14.054+0000] {logging_mixin.py:188} INFO - [2026-04-16T05:55:14.054+0000] {dagbag.py:538} INFO - Filling up the DagBag from /home/airflow/.local/lib/python3.8/site-packages/airflow/example_dags/example_xcomargs.py
[2026-04-16T05:55:14.059+0000] {processor.py:840} INFO - DAG(s) 'example_xcom_args_with_operators', 'example_xcom_args' retrieved from /home/airflow/.local/lib/python3.8/site-packages/airflow/example_dags/example_xcomargs.py
[2026-04-16T05:55:14.075+0000] {logging_mixin.py:188} INFO - [2026-04-16T05:55:14.075+0000] {dag.py:3036} INFO - Sync 2 DAGs
[2026-04-16T05:55:14.084+0000] {logging_mixin.py:188} INFO - [2026-04-16T05:55:14.083+0000] {dag.py:3823} INFO - Setting next_dagrun for example_xcom_args to None, run_after=None
[2026-04-16T05:55:14.086+0000] {logging_mixin.py:188} INFO - [2026-04-16T05:55:14.085+0000] {dag.py:3823} INFO - Setting next_dagrun for example_xcom_args_with_operators to None, run_after=None
[2026-04-16T05:55:14.095+0000] {processor.py:183} INFO - Processing /home/airflow/.local/lib/python3.8/site-packages/airflow/example_dags/example_xcomargs.py took 0.045 seconds
[2026-04-16T05:55:44.829+0000] {processor.py:161} INFO - Started process (PID=9152) to work on /home/airflow/.local/lib/python3.8/site-packages/airflow/example_dags/example_xcomargs.py
[2026-04-16T05:55:44.830+0000] {processor.py:830} INFO - Processing file /home/airflow/.local/lib/python3.8/site-packages/airflow/example_dags/example_xcomargs.py for tasks to queue
[2026-04-16T05:55:44.831+0000] {logging_mixin.py:188} INFO - [2026-04-16T05:55:44.831+0000] {dagbag.py:538} INFO - Filling up the DagBag from /home/airflow/.local/lib/python3.8/site-packages/airflow/example_dags/example_xcomargs.py
[2026-04-16T05:55:44.837+0000] {processor.py:840} INFO - DAG(s) 'example_xcom_args_with_operators', 'example_xcom_args' retrieved from /home/airflow/.local/lib/python3.8/site-packages/airflow/example_dags/example_xcomargs.py
[2026-04-16T05:55:44.853+0000] {logging_mixin.py:188} INFO - [2026-04-16T05:55:44.853+0000] {dag.py:3036} INFO - Sync 2 DAGs
[2026-04-16T05:55:44.862+0000] {logging_mixin.py:188} INFO - [2026-04-16T05:55:44.862+0000] {dag.py:3823} INFO - Setting next_dagrun for example_xcom_args to None, run_after=None
[2026-04-16T05:55:44.864+0000] {logging_mixin.py:188} INFO - [2026-04-16T05:55:44.864+0000] {dag.py:3823} INFO - Setting next_dagrun for example_xcom_args_with_operators to None, run_after=None
[2026-04-16T05:55:44.876+0000] {processor.py:183} INFO - Processing /home/airflow/.local/lib/python3.8/site-packages/airflow/example_dags/example_xcomargs.py took 0.049 seconds
[2026-04-16T05:56:15.728+0000] {processor.py:161} INFO - Started process (PID=9207) to work on /home/airflow/.local/lib/python3.8/site-packages/airflow/example_dags/example_xcomargs.py
[2026-04-16T05:56:15.730+0000] {processor.py:830} INFO - Processing file /home/airflow/.local/lib/python3.8/site-packages/airflow/example_dags/example_xcomargs.py for tasks to queue
[2026-04-16T05:56:15.731+0000] {logging_mixin.py:188} INFO - [2026-04-16T05:56:15.731+0000] {dagbag.py:538} INFO - Filling up the DagBag from /home/airflow/.local/lib/python3.8/site-packages/airflow/example_dags/example_xcomargs.py
[2026-04-16T05:56:15.737+0000] {processor.py:840} INFO - DAG(s) 'example_xcom_args', 'example_xcom_args_with_operators' retrieved from /home/airflow/.local/lib/python3.8/site-packages/airflow/example_dags/example_xcomargs.py
[2026-04-16T05:56:15.759+0000] {logging_mixin.py:188} INFO - [2026-04-16T05:56:15.758+0000] {dag.py:3036} INFO - Sync 2 DAGs
[2026-04-16T05:56:15.769+0000] {logging_mixin.py:188} INFO - [2026-04-16T05:56:15.769+0000] {dag.py:3823} INFO - Setting next_dagrun for example_xcom_args to None, run_after=None
[2026-04-16T05:56:15.772+0000] {logging_mixin.py:188} INFO - [2026-04-16T05:56:15.772+0000] {dag.py:3823} INFO - Setting next_dagrun for example_xcom_args_with_operators to None, run_after=None
[2026-04-16T05:56:15.784+0000] {processor.py:183} INFO - Processing /home/airflow/.local/lib/python3.8/site-packages/airflow/example_dags/example_xcomargs.py took 0.059 seconds
[2026-04-16T05:56:45.869+0000] {processor.py:161} INFO - Started process (PID=9268) to work on /home/airflow/.local/lib/python3.8/site-packages/airflow/example_dags/example_xcomargs.py
[2026-04-16T05:56:45.870+0000] {processor.py:830} INFO - Processing file /home/airflow/.local/lib/python3.8/site-packages/airflow/example_dags/example_xcomargs.py for tasks to queue
[2026-04-16T05:56:45.871+0000] {logging_mixin.py:188} INFO - [2026-04-16T05:56:45.871+0000] {dagbag.py:538} INFO - Filling up the DagBag from /home/airflow/.local/lib/python3.8/site-packages/airflow/example_dags/example_xcomargs.py
[2026-04-16T05:56:45.877+0000] {processor.py:840} INFO - DAG(s) 'example_xcom_args', 'example_xcom_args_with_operators' retrieved from /home/airflow/.local/lib/python3.8/site-packages/airflow/example_dags/example_xcomargs.py
[2026-04-16T05:56:45.894+0000] {logging_mixin.py:188} INFO - [2026-04-16T05:56:45.893+0000] {dag.py:3036} INFO - Sync 2 DAGs
[2026-04-16T05:56:45.903+0000] {logging_mixin.py:188} INFO - [2026-04-16T05:56:45.902+0000] {dag.py:3823} INFO - Setting next_dagrun for example_xcom_args to None, run_after=None
[2026-04-16T05:56:45.905+0000] {logging_mixin.py:188} INFO - [2026-04-16T05:56:45.905+0000] {dag.py:3823} INFO - Setting next_dagrun for example_xcom_args_with_operators to None, run_after=None
[2026-04-16T05:56:45.915+0000] {processor.py:183} INFO - Processing /home/airflow/.local/lib/python3.8/site-packages/airflow/example_dags/example_xcomargs.py took 0.048 seconds
[2026-04-16T05:57:15.954+0000] {processor.py:161} INFO - Started process (PID=9323) to work on /home/airflow/.local/lib/python3.8/site-packages/airflow/example_dags/example_xcomargs.py
[2026-04-16T05:57:15.954+0000] {processor.py:830} INFO - Processing file /home/airflow/.local/lib/python3.8/site-packages/airflow/example_dags/example_xcomargs.py for tasks to queue
[2026-04-16T05:57:15.956+0000] {logging_mixin.py:188} INFO - [2026-04-16T05:57:15.955+0000] {dagbag.py:538} INFO - Filling up the DagBag from /home/airflow/.local/lib/python3.8/site-packages/airflow/example_dags/example_xcomargs.py
[2026-04-16T05:57:15.961+0000] {processor.py:840} INFO - DAG(s) 'example_xcom_args', 'example_xcom_args_with_operators' retrieved from /home/airflow/.local/lib/python3.8/site-packages/airflow/example_dags/example_xcomargs.py
[2026-04-16T05:57:15.978+0000] {logging_mixin.py:188} INFO - [2026-04-16T05:57:15.978+0000] {dag.py:3036} INFO - Sync 2 DAGs
[2026-04-16T05:57:15.987+0000] {logging_mixin.py:188} INFO - [2026-04-16T05:57:15.986+0000] {dag.py:3823} INFO - Setting next_dagrun for example_xcom_args to None, run_after=None
[2026-04-16T05:57:15.989+0000] {logging_mixin.py:188} INFO - [2026-04-16T05:57:15.989+0000] {dag.py:3823} INFO - Setting next_dagrun for example_xcom_args_with_operators to None, run_after=None
[2026-04-16T05:57:15.998+0000] {processor.py:183} INFO - Processing /home/airflow/.local/lib/python3.8/site-packages/airflow/example_dags/example_xcomargs.py took 0.047 seconds
[2026-04-16T05:57:46.923+0000] {processor.py:161} INFO - Started process (PID=9378) to work on /home/airflow/.local/lib/python3.8/site-packages/airflow/example_dags/example_xcomargs.py
[2026-04-16T05:57:46.924+0000] {processor.py:830} INFO - Processing file /home/airflow/.local/lib/python3.8/site-packages/airflow/example_dags/example_xcomargs.py for tasks to queue
[2026-04-16T05:57:46.925+0000] {logging_mixin.py:188} INFO - [2026-04-16T05:57:46.925+0000] {dagbag.py:538} INFO - Filling up the DagBag from /home/airflow/.local/lib/python3.8/site-packages/airflow/example_dags/example_xcomargs.py
[2026-04-16T05:57:46.930+0000] {processor.py:840} INFO - DAG(s) 'example_xcom_args', 'example_xcom_args_with_operators' retrieved from /home/airflow/.local/lib/python3.8/site-packages/airflow/example_dags/example_xcomargs.py
[2026-04-16T05:57:46.947+0000] {logging_mixin.py:188} INFO - [2026-04-16T05:57:46.947+0000] {dag.py:3036} INFO - Sync 2 DAGs
[2026-04-16T05:57:46.956+0000] {logging_mixin.py:188} INFO - [2026-04-16T05:57:46.956+0000] {dag.py:3823} INFO - Setting next_dagrun for example_xcom_args to None, run_after=None
[2026-04-16T05:57:46.958+0000] {logging_mixin.py:188} INFO - [2026-04-16T05:57:46.958+0000] {dag.py:3823} INFO - Setting next_dagrun for example_xcom_args_with_operators to None, run_after=None
[2026-04-16T05:57:46.968+0000] {processor.py:183} INFO - Processing /home/airflow/.local/lib/python3.8/site-packages/airflow/example_dags/example_xcomargs.py took 0.047 seconds
[2026-04-16T05:58:17.650+0000] {processor.py:161} INFO - Started process (PID=9433) to work on /home/airflow/.local/lib/python3.8/site-packages/airflow/example_dags/example_xcomargs.py
[2026-04-16T05:58:17.651+0000] {processor.py:830} INFO - Processing file /home/airflow/.local/lib/python3.8/site-packages/airflow/example_dags/example_xcomargs.py for tasks to queue
[2026-04-16T05:58:17.652+0000] {logging_mixin.py:188} INFO - [2026-04-16T05:58:17.652+0000] {dagbag.py:538} INFO - Filling up the DagBag from /home/airflow/.local/lib/python3.8/site-packages/airflow/example_dags/example_xcomargs.py
[2026-04-16T05:58:17.658+0000] {processor.py:840} INFO - DAG(s) 'example_xcom_args', 'example_xcom_args_with_operators' retrieved from /home/airflow/.local/lib/python3.8/site-packages/airflow/example_dags/example_xcomargs.py
[2026-04-16T05:58:17.674+0000] {logging_mixin.py:188} INFO - [2026-04-16T05:58:17.674+0000] {dag.py:3036} INFO - Sync 2 DAGs
[2026-04-16T05:58:17.683+0000] {logging_mixin.py:188} INFO - [2026-04-16T05:58:17.683+0000] {dag.py:3823} INFO - Setting next_dagrun for example_xcom_args to None, run_after=None
[2026-04-16T05:58:17.686+0000] {logging_mixin.py:188} INFO - [2026-04-16T05:58:17.686+0000] {dag.py:3823} INFO - Setting next_dagrun for example_xcom_args_with_operators to None, run_after=None
[2026-04-16T05:58:17.695+0000] {processor.py:183} INFO - Processing /home/airflow/.local/lib/python3.8/site-packages/airflow/example_dags/example_xcomargs.py took 0.048 seconds
[2026-04-16T05:58:48.413+0000] {processor.py:161} INFO - Started process (PID=9488) to work on /home/airflow/.local/lib/python3.8/site-packages/airflow/example_dags/example_xcomargs.py
[2026-04-16T05:58:48.413+0000] {processor.py:830} INFO - Processing file /home/airflow/.local/lib/python3.8/site-packages/airflow/example_dags/example_xcomargs.py for tasks to queue
[2026-04-16T05:58:48.414+0000] {logging_mixin.py:188} INFO - [2026-04-16T05:58:48.414+0000] {dagbag.py:538} INFO - Filling up the DagBag from /home/airflow/.local/lib/python3.8/site-packages/airflow/example_dags/example_xcomargs.py
[2026-04-16T05:58:48.420+0000] {processor.py:840} INFO - DAG(s) 'example_xcom_args', 'example_xcom_args_with_operators' retrieved from /home/airflow/.local/lib/python3.8/site-packages/airflow/example_dags/example_xcomargs.py
[2026-04-16T05:58:48.436+0000] {logging_mixin.py:188} INFO - [2026-04-16T05:58:48.436+0000] {dag.py:3036} INFO - Sync 2 DAGs
[2026-04-16T05:58:48.445+0000] {logging_mixin.py:188} INFO - [2026-04-16T05:58:48.445+0000] {dag.py:3823} INFO - Setting next_dagrun for example_xcom_args to None, run_after=None
[2026-04-16T05:58:48.447+0000] {logging_mixin.py:188} INFO - [2026-04-16T05:58:48.447+0000] {dag.py:3823} INFO - Setting next_dagrun for example_xcom_args_with_operators to None, run_after=None
[2026-04-16T05:58:48.457+0000] {processor.py:183} INFO - Processing /home/airflow/.local/lib/python3.8/site-packages/airflow/example_dags/example_xcomargs.py took 0.047 seconds
[2026-04-16T05:59:19.128+0000] {processor.py:161} INFO - Started process (PID=9543) to work on /home/airflow/.local/lib/python3.8/site-packages/airflow/example_dags/example_xcomargs.py
[2026-04-16T05:59:19.129+0000] {processor.py:830} INFO - Processing file /home/airflow/.local/lib/python3.8/site-packages/airflow/example_dags/example_xcomargs.py for tasks to queue
[2026-04-16T05:59:19.130+0000] {logging_mixin.py:188} INFO - [2026-04-16T05:59:19.130+0000] {dagbag.py:538} INFO - Filling up the DagBag from /home/airflow/.local/lib/python3.8/site-packages/airflow/example_dags/example_xcomargs.py
[2026-04-16T05:59:19.135+0000] {processor.py:840} INFO - DAG(s) 'example_xcom_args_with_operators', 'example_xcom_args' retrieved from /home/airflow/.local/lib/python3.8/site-packages/airflow/example_dags/example_xcomargs.py
[2026-04-16T05:59:19.151+0000] {logging_mixin.py:188} INFO - [2026-04-16T05:59:19.151+0000] {dag.py:3036} INFO - Sync 2 DAGs
[2026-04-16T05:59:19.159+0000] {logging_mixin.py:188} INFO - [2026-04-16T05:59:19.159+0000] {dag.py:3823} INFO - Setting next_dagrun for example_xcom_args to None, run_after=None
[2026-04-16T05:59:19.162+0000] {logging_mixin.py:188} INFO - [2026-04-16T05:59:19.161+0000] {dag.py:3823} INFO - Setting next_dagrun for example_xcom_args_with_operators to None, run_after=None
[2026-04-16T05:59:19.171+0000] {processor.py:183} INFO - Processing /home/airflow/.local/lib/python3.8/site-packages/airflow/example_dags/example_xcomargs.py took 0.045 seconds
[2026-04-16T05:59:49.860+0000] {processor.py:161} INFO - Started process (PID=9598) to work on /home/airflow/.local/lib/python3.8/site-packages/airflow/example_dags/example_xcomargs.py
[2026-04-16T05:59:49.861+0000] {processor.py:830} INFO - Processing file /home/airflow/.local/lib/python3.8/site-packages/airflow/example_dags/example_xcomargs.py for tasks to queue
[2026-04-16T05:59:49.862+0000] {logging_mixin.py:188} INFO - [2026-04-16T05:59:49.862+0000] {dagbag.py:538} INFO - Filling up the DagBag from /home/airflow/.local/lib/python3.8/site-packages/airflow/example_dags/example_xcomargs.py
[2026-04-16T05:59:49.868+0000] {processor.py:840} INFO - DAG(s) 'example_xcom_args', 'example_xcom_args_with_operators' retrieved from /home/airflow/.local/lib/python3.8/site-packages/airflow/example_dags/example_xcomargs.py
[2026-04-16T05:59:49.884+0000] {logging_mixin.py:188} INFO - [2026-04-16T05:59:49.884+0000] {dag.py:3036} INFO - Sync 2 DAGs
[2026-04-16T05:59:49.893+0000] {logging_mixin.py:188} INFO - [2026-04-16T05:59:49.892+0000] {dag.py:3823} INFO - Setting next_dagrun for example_xcom_args to None, run_after=None
[2026-04-16T05:59:49.895+0000] {logging_mixin.py:188} INFO - [2026-04-16T05:59:49.895+0000] {dag.py:3823} INFO - Setting next_dagrun for example_xcom_args_with_operators to None, run_after=None
[2026-04-16T05:59:49.904+0000] {processor.py:183} INFO - Processing /home/airflow/.local/lib/python3.8/site-packages/airflow/example_dags/example_xcomargs.py took 0.046 seconds
[2026-04-16T06:00:20.572+0000] {processor.py:161} INFO - Started process (PID=9653) to work on /home/airflow/.local/lib/python3.8/site-packages/airflow/example_dags/example_xcomargs.py
[2026-04-16T06:00:20.573+0000] {processor.py:830} INFO - Processing file /home/airflow/.local/lib/python3.8/site-packages/airflow/example_dags/example_xcomargs.py for tasks to queue
[2026-04-16T06:00:20.574+0000] {logging_mixin.py:188} INFO - [2026-04-16T06:00:20.574+0000] {dagbag.py:538} INFO - Filling up the DagBag from /home/airflow/.local/lib/python3.8/site-packages/airflow/example_dags/example_xcomargs.py
[2026-04-16T06:00:20.580+0000] {processor.py:840} INFO - DAG(s) 'example_xcom_args', 'example_xcom_args_with_operators' retrieved from /home/airflow/.local/lib/python3.8/site-packages/airflow/example_dags/example_xcomargs.py
[2026-04-16T06:00:20.596+0000] {logging_mixin.py:188} INFO - [2026-04-16T06:00:20.595+0000] {dag.py:3036} INFO - Sync 2 DAGs
[2026-04-16T06:00:20.604+0000] {logging_mixin.py:188} INFO - [2026-04-16T06:00:20.604+0000] {dag.py:3823} INFO - Setting next_dagrun for example_xcom_args to None, run_after=None
[2026-04-16T06:00:20.606+0000] {logging_mixin.py:188} INFO - [2026-04-16T06:00:20.606+0000] {dag.py:3823} INFO - Setting next_dagrun for example_xcom_args_with_operators to None, run_after=None
[2026-04-16T06:00:20.616+0000] {processor.py:183} INFO - Processing /home/airflow/.local/lib/python3.8/site-packages/airflow/example_dags/example_xcomargs.py took 0.046 seconds
[2026-04-16T06:00:51.234+0000] {processor.py:161} INFO - Started process (PID=9708) to work on /home/airflow/.local/lib/python3.8/site-packages/airflow/example_dags/example_xcomargs.py
[2026-04-16T06:00:51.234+0000] {processor.py:830} INFO - Processing file /home/airflow/.local/lib/python3.8/site-packages/airflow/example_dags/example_xcomargs.py for tasks to queue
[2026-04-16T06:00:51.235+0000] {logging_mixin.py:188} INFO - [2026-04-16T06:00:51.235+0000] {dagbag.py:538} INFO - Filling up the DagBag from /home/airflow/.local/lib/python3.8/site-packages/airflow/example_dags/example_xcomargs.py
[2026-04-16T06:00:51.241+0000] {processor.py:840} INFO - DAG(s) 'example_xcom_args_with_operators', 'example_xcom_args' retrieved from /home/airflow/.local/lib/python3.8/site-packages/airflow/example_dags/example_xcomargs.py
[2026-04-16T06:00:51.257+0000] {logging_mixin.py:188} INFO - [2026-04-16T06:00:51.257+0000] {dag.py:3036} INFO - Sync 2 DAGs
[2026-04-16T06:00:51.267+0000] {logging_mixin.py:188} INFO - [2026-04-16T06:00:51.267+0000] {dag.py:3823} INFO - Setting next_dagrun for example_xcom_args to None, run_after=None
[2026-04-16T06:00:51.270+0000] {logging_mixin.py:188} INFO - [2026-04-16T06:00:51.269+0000] {dag.py:3823} INFO - Setting next_dagrun for example_xcom_args_with_operators to None, run_after=None
[2026-04-16T06:00:51.280+0000] {processor.py:183} INFO - Processing /home/airflow/.local/lib/python3.8/site-packages/airflow/example_dags/example_xcomargs.py took 0.048 seconds
[2026-04-16T06:01:21.933+0000] {processor.py:161} INFO - Started process (PID=9763) to work on /home/airflow/.local/lib/python3.8/site-packages/airflow/example_dags/example_xcomargs.py
[2026-04-16T06:01:21.934+0000] {processor.py:830} INFO - Processing file /home/airflow/.local/lib/python3.8/site-packages/airflow/example_dags/example_xcomargs.py for tasks to queue
[2026-04-16T06:01:21.935+0000] {logging_mixin.py:188} INFO - [2026-04-16T06:01:21.935+0000] {dagbag.py:538} INFO - Filling up the DagBag from /home/airflow/.local/lib/python3.8/site-packages/airflow/example_dags/example_xcomargs.py
[2026-04-16T06:01:21.941+0000] {processor.py:840} INFO - DAG(s) 'example_xcom_args_with_operators', 'example_xcom_args' retrieved from /home/airflow/.local/lib/python3.8/site-packages/airflow/example_dags/example_xcomargs.py
[2026-04-16T06:01:21.957+0000] {logging_mixin.py:188} INFO - [2026-04-16T06:01:21.957+0000] {dag.py:3036} INFO - Sync 2 DAGs
[2026-04-16T06:01:21.965+0000] {logging_mixin.py:188} INFO - [2026-04-16T06:01:21.965+0000] {dag.py:3823} INFO - Setting next_dagrun for example_xcom_args to None, run_after=None
[2026-04-16T06:01:21.968+0000] {logging_mixin.py:188} INFO - [2026-04-16T06:01:21.968+0000] {dag.py:3823} INFO - Setting next_dagrun for example_xcom_args_with_operators to None, run_after=None
[2026-04-16T06:01:21.977+0000] {processor.py:183} INFO - Processing /home/airflow/.local/lib/python3.8/site-packages/airflow/example_dags/example_xcomargs.py took 0.046 seconds
[2026-04-16T06:01:52.722+0000] {processor.py:161} INFO - Started process (PID=9818) to work on /home/airflow/.local/lib/python3.8/site-packages/airflow/example_dags/example_xcomargs.py
[2026-04-16T06:01:52.723+0000] {processor.py:830} INFO - Processing file /home/airflow/.local/lib/python3.8/site-packages/airflow/example_dags/example_xcomargs.py for tasks to queue
[2026-04-16T06:01:52.724+0000] {logging_mixin.py:188} INFO - [2026-04-16T06:01:52.724+0000] {dagbag.py:538} INFO - Filling up the DagBag from /home/airflow/.local/lib/python3.8/site-packages/airflow/example_dags/example_xcomargs.py
[2026-04-16T06:01:52.730+0000] {processor.py:840} INFO - DAG(s) 'example_xcom_args', 'example_xcom_args_with_operators' retrieved from /home/airflow/.local/lib/python3.8/site-packages/airflow/example_dags/example_xcomargs.py
[2026-04-16T06:01:52.745+0000] {logging_mixin.py:188} INFO - [2026-04-16T06:01:52.745+0000] {dag.py:3036} INFO - Sync 2 DAGs
[2026-04-16T06:01:52.754+0000] {logging_mixin.py:188} INFO - [2026-04-16T06:01:52.753+0000] {dag.py:3823} INFO - Setting next_dagrun for example_xcom_args to None, run_after=None
[2026-04-16T06:01:52.756+0000] {logging_mixin.py:188} INFO - [2026-04-16T06:01:52.756+0000] {dag.py:3823} INFO - Setting next_dagrun for example_xcom_args_with_operators to None, run_after=None
[2026-04-16T06:01:52.765+0000] {processor.py:183} INFO - Processing /home/airflow/.local/lib/python3.8/site-packages/airflow/example_dags/example_xcomargs.py took 0.045 seconds
[2026-04-16T06:02:23.468+0000] {processor.py:161} INFO - Started process (PID=9873) to work on /home/airflow/.local/lib/python3.8/site-packages/airflow/example_dags/example_xcomargs.py
[2026-04-16T06:02:23.468+0000] {processor.py:830} INFO - Processing file /home/airflow/.local/lib/python3.8/site-packages/airflow/example_dags/example_xcomargs.py for tasks to queue
[2026-04-16T06:02:23.470+0000] {logging_mixin.py:188} INFO - [2026-04-16T06:02:23.469+0000] {dagbag.py:538} INFO - Filling up the DagBag from /home/airflow/.local/lib/python3.8/site-packages/airflow/example_dags/example_xcomargs.py
[2026-04-16T06:02:23.475+0000] {processor.py:840} INFO - DAG(s) 'example_xcom_args_with_operators', 'example_xcom_args' retrieved from /home/airflow/.local/lib/python3.8/site-packages/airflow/example_dags/example_xcomargs.py
[2026-04-16T06:02:23.492+0000] {logging_mixin.py:188} INFO - [2026-04-16T06:02:23.492+0000] {dag.py:3036} INFO - Sync 2 DAGs
[2026-04-16T06:02:23.501+0000] {logging_mixin.py:188} INFO - [2026-04-16T06:02:23.501+0000] {dag.py:3823} INFO - Setting next_dagrun for example_xcom_args to None, run_after=None
[2026-04-16T06:02:23.504+0000] {logging_mixin.py:188} INFO - [2026-04-16T06:02:23.503+0000] {dag.py:3823} INFO - Setting next_dagrun for example_xcom_args_with_operators to None, run_after=None
[2026-04-16T06:02:23.513+0000] {processor.py:183} INFO - Processing /home/airflow/.local/lib/python3.8/site-packages/airflow/example_dags/example_xcomargs.py took 0.048 seconds
[2026-04-16T06:02:54.091+0000] {processor.py:161} INFO - Started process (PID=9928) to work on /home/airflow/.local/lib/python3.8/site-packages/airflow/example_dags/example_xcomargs.py
[2026-04-16T06:02:54.092+0000] {processor.py:830} INFO - Processing file /home/airflow/.local/lib/python3.8/site-packages/airflow/example_dags/example_xcomargs.py for tasks to queue
[2026-04-16T06:02:54.093+0000] {logging_mixin.py:188} INFO - [2026-04-16T06:02:54.093+0000] {dagbag.py:538} INFO - Filling up the DagBag from /home/airflow/.local/lib/python3.8/site-packages/airflow/example_dags/example_xcomargs.py
[2026-04-16T06:02:54.099+0000] {processor.py:840} INFO - DAG(s) 'example_xcom_args_with_operators', 'example_xcom_args' retrieved from /home/airflow/.local/lib/python3.8/site-packages/airflow/example_dags/example_xcomargs.py
[2026-04-16T06:02:54.114+0000] {logging_mixin.py:188} INFO - [2026-04-16T06:02:54.114+0000] {dag.py:3036} INFO - Sync 2 DAGs
[2026-04-16T06:02:54.123+0000] {logging_mixin.py:188} INFO - [2026-04-16T06:02:54.123+0000] {dag.py:3823} INFO - Setting next_dagrun for example_xcom_args to None, run_after=None
[2026-04-16T06:02:54.125+0000] {logging_mixin.py:188} INFO - [2026-04-16T06:02:54.125+0000] {dag.py:3823} INFO - Setting next_dagrun for example_xcom_args_with_operators to None, run_after=None
[2026-04-16T06:02:54.134+0000] {processor.py:183} INFO - Processing /home/airflow/.local/lib/python3.8/site-packages/airflow/example_dags/example_xcomargs.py took 0.046 seconds
[2026-04-16T06:03:24.844+0000] {processor.py:161} INFO - Started process (PID=9983) to work on /home/airflow/.local/lib/python3.8/site-packages/airflow/example_dags/example_xcomargs.py
[2026-04-16T06:03:24.845+0000] {processor.py:830} INFO - Processing file /home/airflow/.local/lib/python3.8/site-packages/airflow/example_dags/example_xcomargs.py for tasks to queue
[2026-04-16T06:03:24.846+0000] {logging_mixin.py:188} INFO - [2026-04-16T06:03:24.846+0000] {dagbag.py:538} INFO - Filling up the DagBag from /home/airflow/.local/lib/python3.8/site-packages/airflow/example_dags/example_xcomargs.py
[2026-04-16T06:03:24.852+0000] {processor.py:840} INFO - DAG(s) 'example_xcom_args_with_operators', 'example_xcom_args' retrieved from /home/airflow/.local/lib/python3.8/site-packages/airflow/example_dags/example_xcomargs.py
[2026-04-16T06:03:24.868+0000] {logging_mixin.py:188} INFO - [2026-04-16T06:03:24.868+0000] {dag.py:3036} INFO - Sync 2 DAGs
[2026-04-16T06:03:24.876+0000] {logging_mixin.py:188} INFO - [2026-04-16T06:03:24.876+0000] {dag.py:3823} INFO - Setting next_dagrun for example_xcom_args to None, run_after=None
[2026-04-16T06:03:24.879+0000] {logging_mixin.py:188} INFO - [2026-04-16T06:03:24.878+0000] {dag.py:3823} INFO - Setting next_dagrun for example_xcom_args_with_operators to None, run_after=None
[2026-04-16T06:03:24.887+0000] {processor.py:183} INFO - Processing /home/airflow/.local/lib/python3.8/site-packages/airflow/example_dags/example_xcomargs.py took 0.045 seconds
[2026-04-16T06:03:55.593+0000] {processor.py:161} INFO - Started process (PID=10038) to work on /home/airflow/.local/lib/python3.8/site-packages/airflow/example_dags/example_xcomargs.py
[2026-04-16T06:03:55.593+0000] {processor.py:830} INFO - Processing file /home/airflow/.local/lib/python3.8/site-packages/airflow/example_dags/example_xcomargs.py for tasks to queue
[2026-04-16T06:03:55.594+0000] {logging_mixin.py:188} INFO - [2026-04-16T06:03:55.594+0000] {dagbag.py:538} INFO - Filling up the DagBag from /home/airflow/.local/lib/python3.8/site-packages/airflow/example_dags/example_xcomargs.py
[2026-04-16T06:03:55.600+0000] {processor.py:840} INFO - DAG(s) 'example_xcom_args', 'example_xcom_args_with_operators' retrieved from /home/airflow/.local/lib/python3.8/site-packages/airflow/example_dags/example_xcomargs.py
[2026-04-16T06:03:55.616+0000] {logging_mixin.py:188} INFO - [2026-04-16T06:03:55.616+0000] {dag.py:3036} INFO - Sync 2 DAGs
[2026-04-16T06:03:55.624+0000] {logging_mixin.py:188} INFO - [2026-04-16T06:03:55.624+0000] {dag.py:3823} INFO - Setting next_dagrun for example_xcom_args to None, run_after=None
[2026-04-16T06:03:55.627+0000] {logging_mixin.py:188} INFO - [2026-04-16T06:03:55.627+0000] {dag.py:3823} INFO - Setting next_dagrun for example_xcom_args_with_operators to None, run_after=None
[2026-04-16T06:03:55.636+0000] {processor.py:183} INFO - Processing /home/airflow/.local/lib/python3.8/site-packages/airflow/example_dags/example_xcomargs.py took 0.045 seconds
[2026-04-16T06:04:26.307+0000] {processor.py:161} INFO - Started process (PID=10093) to work on /home/airflow/.local/lib/python3.8/site-packages/airflow/example_dags/example_xcomargs.py
[2026-04-16T06:04:26.308+0000] {processor.py:830} INFO - Processing file /home/airflow/.local/lib/python3.8/site-packages/airflow/example_dags/example_xcomargs.py for tasks to queue
[2026-04-16T06:04:26.309+0000] {logging_mixin.py:188} INFO - [2026-04-16T06:04:26.309+0000] {dagbag.py:538} INFO - Filling up the DagBag from /home/airflow/.local/lib/python3.8/site-packages/airflow/example_dags/example_xcomargs.py
[2026-04-16T06:04:26.314+0000] {processor.py:840} INFO - DAG(s) 'example_xcom_args', 'example_xcom_args_with_operators' retrieved from /home/airflow/.local/lib/python3.8/site-packages/airflow/example_dags/example_xcomargs.py
[2026-04-16T06:04:26.329+0000] {logging_mixin.py:188} INFO - [2026-04-16T06:04:26.329+0000] {dag.py:3036} INFO - Sync 2 DAGs
[2026-04-16T06:04:26.338+0000] {logging_mixin.py:188} INFO - [2026-04-16T06:04:26.338+0000] {dag.py:3823} INFO - Setting next_dagrun for example_xcom_args to None, run_after=None
[2026-04-16T06:04:26.341+0000] {logging_mixin.py:188} INFO - [2026-04-16T06:04:26.340+0000] {dag.py:3823} INFO - Setting next_dagrun for example_xcom_args_with_operators to None, run_after=None
[2026-04-16T06:04:26.350+0000] {processor.py:183} INFO - Processing /home/airflow/.local/lib/python3.8/site-packages/airflow/example_dags/example_xcomargs.py took 0.045 seconds
[2026-04-16T06:04:56.980+0000] {processor.py:161} INFO - Started process (PID=10148) to work on /home/airflow/.local/lib/python3.8/site-packages/airflow/example_dags/example_xcomargs.py
[2026-04-16T06:04:56.981+0000] {processor.py:830} INFO - Processing file /home/airflow/.local/lib/python3.8/site-packages/airflow/example_dags/example_xcomargs.py for tasks to queue
[2026-04-16T06:04:56.982+0000] {logging_mixin.py:188} INFO - [2026-04-16T06:04:56.982+0000] {dagbag.py:538} INFO - Filling up the DagBag from /home/airflow/.local/lib/python3.8/site-packages/airflow/example_dags/example_xcomargs.py
[2026-04-16T06:04:56.988+0000] {processor.py:840} INFO - DAG(s) 'example_xcom_args_with_operators', 'example_xcom_args' retrieved from /home/airflow/.local/lib/python3.8/site-packages/airflow/example_dags/example_xcomargs.py
[2026-04-16T06:04:57.004+0000] {logging_mixin.py:188} INFO - [2026-04-16T06:04:57.003+0000] {dag.py:3036} INFO - Sync 2 DAGs
[2026-04-16T06:04:57.013+0000] {logging_mixin.py:188} INFO - [2026-04-16T06:04:57.013+0000] {dag.py:3823} INFO - Setting next_dagrun for example_xcom_args to None, run_after=None
[2026-04-16T06:04:57.015+0000] {logging_mixin.py:188} INFO - [2026-04-16T06:04:57.015+0000] {dag.py:3823} INFO - Setting next_dagrun for example_xcom_args_with_operators to None, run_after=None
[2026-04-16T06:04:57.026+0000] {processor.py:183} INFO - Processing /home/airflow/.local/lib/python3.8/site-packages/airflow/example_dags/example_xcomargs.py took 0.048 seconds
[2026-04-16T06:05:27.682+0000] {processor.py:161} INFO - Started process (PID=10203) to work on /home/airflow/.local/lib/python3.8/site-packages/airflow/example_dags/example_xcomargs.py
[2026-04-16T06:05:27.683+0000] {processor.py:830} INFO - Processing file /home/airflow/.local/lib/python3.8/site-packages/airflow/example_dags/example_xcomargs.py for tasks to queue
[2026-04-16T06:05:27.684+0000] {logging_mixin.py:188} INFO - [2026-04-16T06:05:27.684+0000] {dagbag.py:538} INFO - Filling up the DagBag from /home/airflow/.local/lib/python3.8/site-packages/airflow/example_dags/example_xcomargs.py
[2026-04-16T06:05:27.689+0000] {processor.py:840} INFO - DAG(s) 'example_xcom_args', 'example_xcom_args_with_operators' retrieved from /home/airflow/.local/lib/python3.8/site-packages/airflow/example_dags/example_xcomargs.py
[2026-04-16T06:05:27.705+0000] {logging_mixin.py:188} INFO - [2026-04-16T06:05:27.705+0000] {dag.py:3036} INFO - Sync 2 DAGs
[2026-04-16T06:05:27.716+0000] {logging_mixin.py:188} INFO - [2026-04-16T06:05:27.715+0000] {dag.py:3823} INFO - Setting next_dagrun for example_xcom_args to None, run_after=None
[2026-04-16T06:05:27.718+0000] {logging_mixin.py:188} INFO - [2026-04-16T06:05:27.718+0000] {dag.py:3823} INFO - Setting next_dagrun for example_xcom_args_with_operators to None, run_after=None
[2026-04-16T06:05:27.727+0000] {processor.py:183} INFO - Processing /home/airflow/.local/lib/python3.8/site-packages/airflow/example_dags/example_xcomargs.py took 0.048 seconds
[2026-04-16T06:05:58.362+0000] {processor.py:161} INFO - Started process (PID=10258) to work on /home/airflow/.local/lib/python3.8/site-packages/airflow/example_dags/example_xcomargs.py
[2026-04-16T06:05:58.363+0000] {processor.py:830} INFO - Processing file /home/airflow/.local/lib/python3.8/site-packages/airflow/example_dags/example_xcomargs.py for tasks to queue
[2026-04-16T06:05:58.364+0000] {logging_mixin.py:188} INFO - [2026-04-16T06:05:58.364+0000] {dagbag.py:538} INFO - Filling up the DagBag from /home/airflow/.local/lib/python3.8/site-packages/airflow/example_dags/example_xcomargs.py
[2026-04-16T06:05:58.370+0000] {processor.py:840} INFO - DAG(s) 'example_xcom_args_with_operators', 'example_xcom_args' retrieved from /home/airflow/.local/lib/python3.8/site-packages/airflow/example_dags/example_xcomargs.py
[2026-04-16T06:05:58.387+0000] {logging_mixin.py:188} INFO - [2026-04-16T06:05:58.386+0000] {dag.py:3036} INFO - Sync 2 DAGs
[2026-04-16T06:05:58.395+0000] {logging_mixin.py:188} INFO - [2026-04-16T06:05:58.395+0000] {dag.py:3823} INFO - Setting next_dagrun for example_xcom_args to None, run_after=None
[2026-04-16T06:05:58.398+0000] {logging_mixin.py:188} INFO - [2026-04-16T06:05:58.398+0000] {dag.py:3823} INFO - Setting next_dagrun for example_xcom_args_with_operators to None, run_after=None
[2026-04-16T06:05:58.407+0000] {processor.py:183} INFO - Processing /home/airflow/.local/lib/python3.8/site-packages/airflow/example_dags/example_xcomargs.py took 0.047 seconds
[2026-04-16T06:06:29.021+0000] {processor.py:161} INFO - Started process (PID=10313) to work on /home/airflow/.local/lib/python3.8/site-packages/airflow/example_dags/example_xcomargs.py
[2026-04-16T06:06:29.022+0000] {processor.py:830} INFO - Processing file /home/airflow/.local/lib/python3.8/site-packages/airflow/example_dags/example_xcomargs.py for tasks to queue
[2026-04-16T06:06:29.023+0000] {logging_mixin.py:188} INFO - [2026-04-16T06:06:29.023+0000] {dagbag.py:538} INFO - Filling up the DagBag from /home/airflow/.local/lib/python3.8/site-packages/airflow/example_dags/example_xcomargs.py
[2026-04-16T06:06:29.028+0000] {processor.py:840} INFO - DAG(s) 'example_xcom_args', 'example_xcom_args_with_operators' retrieved from /home/airflow/.local/lib/python3.8/site-packages/airflow/example_dags/example_xcomargs.py
[2026-04-16T06:06:29.044+0000] {logging_mixin.py:188} INFO - [2026-04-16T06:06:29.044+0000] {dag.py:3036} INFO - Sync 2 DAGs
[2026-04-16T06:06:29.052+0000] {logging_mixin.py:188} INFO - [2026-04-16T06:06:29.052+0000] {dag.py:3823} INFO - Setting next_dagrun for example_xcom_args to None, run_after=None
[2026-04-16T06:06:29.055+0000] {logging_mixin.py:188} INFO - [2026-04-16T06:06:29.055+0000] {dag.py:3823} INFO - Setting next_dagrun for example_xcom_args_with_operators to None, run_after=None
[2026-04-16T06:06:29.064+0000] {processor.py:183} INFO - Processing /home/airflow/.local/lib/python3.8/site-packages/airflow/example_dags/example_xcomargs.py took 0.045 seconds
[2026-04-16T06:06:59.674+0000] {processor.py:161} INFO - Started process (PID=10368) to work on /home/airflow/.local/lib/python3.8/site-packages/airflow/example_dags/example_xcomargs.py
[2026-04-16T06:06:59.675+0000] {processor.py:830} INFO - Processing file /home/airflow/.local/lib/python3.8/site-packages/airflow/example_dags/example_xcomargs.py for tasks to queue
[2026-04-16T06:06:59.676+0000] {logging_mixin.py:188} INFO - [2026-04-16T06:06:59.676+0000] {dagbag.py:538} INFO - Filling up the DagBag from /home/airflow/.local/lib/python3.8/site-packages/airflow/example_dags/example_xcomargs.py
[2026-04-16T06:06:59.681+0000] {processor.py:840} INFO - DAG(s) 'example_xcom_args', 'example_xcom_args_with_operators' retrieved from /home/airflow/.local/lib/python3.8/site-packages/airflow/example_dags/example_xcomargs.py
[2026-04-16T06:06:59.697+0000] {logging_mixin.py:188} INFO - [2026-04-16T06:06:59.697+0000] {dag.py:3036} INFO - Sync 2 DAGs
[2026-04-16T06:06:59.705+0000] {logging_mixin.py:188} INFO - [2026-04-16T06:06:59.705+0000] {dag.py:3823} INFO - Setting next_dagrun for example_xcom_args to None, run_after=None
[2026-04-16T06:06:59.708+0000] {logging_mixin.py:188} INFO - [2026-04-16T06:06:59.708+0000] {dag.py:3823} INFO - Setting next_dagrun for example_xcom_args_with_operators to None, run_after=None
[2026-04-16T06:06:59.717+0000] {processor.py:183} INFO - Processing /home/airflow/.local/lib/python3.8/site-packages/airflow/example_dags/example_xcomargs.py took 0.045 seconds
[2026-04-16T06:07:30.416+0000] {processor.py:161} INFO - Started process (PID=10423) to work on /home/airflow/.local/lib/python3.8/site-packages/airflow/example_dags/example_xcomargs.py
[2026-04-16T06:07:30.417+0000] {processor.py:830} INFO - Processing file /home/airflow/.local/lib/python3.8/site-packages/airflow/example_dags/example_xcomargs.py for tasks to queue
[2026-04-16T06:07:30.418+0000] {logging_mixin.py:188} INFO - [2026-04-16T06:07:30.418+0000] {dagbag.py:538} INFO - Filling up the DagBag from /home/airflow/.local/lib/python3.8/site-packages/airflow/example_dags/example_xcomargs.py
[2026-04-16T06:07:30.423+0000] {processor.py:840} INFO - DAG(s) 'example_xcom_args_with_operators', 'example_xcom_args' retrieved from /home/airflow/.local/lib/python3.8/site-packages/airflow/example_dags/example_xcomargs.py
[2026-04-16T06:07:30.439+0000] {logging_mixin.py:188} INFO - [2026-04-16T06:07:30.439+0000] {dag.py:3036} INFO - Sync 2 DAGs
[2026-04-16T06:07:30.448+0000] {logging_mixin.py:188} INFO - [2026-04-16T06:07:30.448+0000] {dag.py:3823} INFO - Setting next_dagrun for example_xcom_args to None, run_after=None
[2026-04-16T06:07:30.450+0000] {logging_mixin.py:188} INFO - [2026-04-16T06:07:30.450+0000] {dag.py:3823} INFO - Setting next_dagrun for example_xcom_args_with_operators to None, run_after=None
[2026-04-16T06:07:30.459+0000] {processor.py:183} INFO - Processing /home/airflow/.local/lib/python3.8/site-packages/airflow/example_dags/example_xcomargs.py took 0.046 seconds
[2026-04-16T06:08:01.162+0000] {processor.py:161} INFO - Started process (PID=10478) to work on /home/airflow/.local/lib/python3.8/site-packages/airflow/example_dags/example_xcomargs.py
[2026-04-16T06:08:01.162+0000] {processor.py:830} INFO - Processing file /home/airflow/.local/lib/python3.8/site-packages/airflow/example_dags/example_xcomargs.py for tasks to queue
[2026-04-16T06:08:01.164+0000] {logging_mixin.py:188} INFO - [2026-04-16T06:08:01.163+0000] {dagbag.py:538} INFO - Filling up the DagBag from /home/airflow/.local/lib/python3.8/site-packages/airflow/example_dags/example_xcomargs.py
[2026-04-16T06:08:01.169+0000] {processor.py:840} INFO - DAG(s) 'example_xcom_args', 'example_xcom_args_with_operators' retrieved from /home/airflow/.local/lib/python3.8/site-packages/airflow/example_dags/example_xcomargs.py
[2026-04-16T06:08:01.185+0000] {logging_mixin.py:188} INFO - [2026-04-16T06:08:01.185+0000] {dag.py:3036} INFO - Sync 2 DAGs
[2026-04-16T06:08:01.193+0000] {logging_mixin.py:188} INFO - [2026-04-16T06:08:01.193+0000] {dag.py:3823} INFO - Setting next_dagrun for example_xcom_args to None, run_after=None
[2026-04-16T06:08:01.196+0000] {logging_mixin.py:188} INFO - [2026-04-16T06:08:01.196+0000] {dag.py:3823} INFO - Setting next_dagrun for example_xcom_args_with_operators to None, run_after=None
[2026-04-16T06:08:01.206+0000] {processor.py:183} INFO - Processing /home/airflow/.local/lib/python3.8/site-packages/airflow/example_dags/example_xcomargs.py took 0.047 seconds
[2026-04-16T06:08:32.034+0000] {processor.py:161} INFO - Started process (PID=10533) to work on /home/airflow/.local/lib/python3.8/site-packages/airflow/example_dags/example_xcomargs.py
[2026-04-16T06:08:32.035+0000] {processor.py:830} INFO - Processing file /home/airflow/.local/lib/python3.8/site-packages/airflow/example_dags/example_xcomargs.py for tasks to queue
[2026-04-16T06:08:32.036+0000] {logging_mixin.py:188} INFO - [2026-04-16T06:08:32.036+0000] {dagbag.py:538} INFO - Filling up the DagBag from /home/airflow/.local/lib/python3.8/site-packages/airflow/example_dags/example_xcomargs.py
[2026-04-16T06:08:32.041+0000] {processor.py:840} INFO - DAG(s) 'example_xcom_args_with_operators', 'example_xcom_args' retrieved from /home/airflow/.local/lib/python3.8/site-packages/airflow/example_dags/example_xcomargs.py
[2026-04-16T06:08:32.060+0000] {logging_mixin.py:188} INFO - [2026-04-16T06:08:32.060+0000] {dag.py:3036} INFO - Sync 2 DAGs
[2026-04-16T06:08:32.071+0000] {logging_mixin.py:188} INFO - [2026-04-16T06:08:32.071+0000] {dag.py:3823} INFO - Setting next_dagrun for example_xcom_args to None, run_after=None
[2026-04-16T06:08:32.074+0000] {logging_mixin.py:188} INFO - [2026-04-16T06:08:32.073+0000] {dag.py:3823} INFO - Setting next_dagrun for example_xcom_args_with_operators to None, run_after=None
[2026-04-16T06:08:32.085+0000] {processor.py:183} INFO - Processing /home/airflow/.local/lib/python3.8/site-packages/airflow/example_dags/example_xcomargs.py took 0.053 seconds
[2026-04-16T06:09:02.871+0000] {processor.py:161} INFO - Started process (PID=10588) to work on /home/airflow/.local/lib/python3.8/site-packages/airflow/example_dags/example_xcomargs.py
[2026-04-16T06:09:02.871+0000] {processor.py:830} INFO - Processing file /home/airflow/.local/lib/python3.8/site-packages/airflow/example_dags/example_xcomargs.py for tasks to queue
[2026-04-16T06:09:02.873+0000] {logging_mixin.py:188} INFO - [2026-04-16T06:09:02.872+0000] {dagbag.py:538} INFO - Filling up the DagBag from /home/airflow/.local/lib/python3.8/site-packages/airflow/example_dags/example_xcomargs.py
[2026-04-16T06:09:02.878+0000] {processor.py:840} INFO - DAG(s) 'example_xcom_args_with_operators', 'example_xcom_args' retrieved from /home/airflow/.local/lib/python3.8/site-packages/airflow/example_dags/example_xcomargs.py
[2026-04-16T06:09:02.897+0000] {logging_mixin.py:188} INFO - [2026-04-16T06:09:02.897+0000] {dag.py:3036} INFO - Sync 2 DAGs
[2026-04-16T06:09:02.907+0000] {logging_mixin.py:188} INFO - [2026-04-16T06:09:02.907+0000] {dag.py:3823} INFO - Setting next_dagrun for example_xcom_args to None, run_after=None
[2026-04-16T06:09:02.910+0000] {logging_mixin.py:188} INFO - [2026-04-16T06:09:02.910+0000] {dag.py:3823} INFO - Setting next_dagrun for example_xcom_args_with_operators to None, run_after=None
[2026-04-16T06:09:02.920+0000] {processor.py:183} INFO - Processing /home/airflow/.local/lib/python3.8/site-packages/airflow/example_dags/example_xcomargs.py took 0.052 seconds
[2026-04-16T06:09:33.641+0000] {processor.py:161} INFO - Started process (PID=10643) to work on /home/airflow/.local/lib/python3.8/site-packages/airflow/example_dags/example_xcomargs.py
[2026-04-16T06:09:33.641+0000] {processor.py:830} INFO - Processing file /home/airflow/.local/lib/python3.8/site-packages/airflow/example_dags/example_xcomargs.py for tasks to queue
[2026-04-16T06:09:33.642+0000] {logging_mixin.py:188} INFO - [2026-04-16T06:09:33.642+0000] {dagbag.py:538} INFO - Filling up the DagBag from /home/airflow/.local/lib/python3.8/site-packages/airflow/example_dags/example_xcomargs.py
[2026-04-16T06:09:33.648+0000] {processor.py:840} INFO - DAG(s) 'example_xcom_args', 'example_xcom_args_with_operators' retrieved from /home/airflow/.local/lib/python3.8/site-packages/airflow/example_dags/example_xcomargs.py
[2026-04-16T06:09:33.664+0000] {logging_mixin.py:188} INFO - [2026-04-16T06:09:33.664+0000] {dag.py:3036} INFO - Sync 2 DAGs
[2026-04-16T06:09:33.672+0000] {logging_mixin.py:188} INFO - [2026-04-16T06:09:33.672+0000] {dag.py:3823} INFO - Setting next_dagrun for example_xcom_args to None, run_after=None
[2026-04-16T06:09:33.675+0000] {logging_mixin.py:188} INFO - [2026-04-16T06:09:33.674+0000] {dag.py:3823} INFO - Setting next_dagrun for example_xcom_args_with_operators to None, run_after=None
[2026-04-16T06:09:33.684+0000] {processor.py:183} INFO - Processing /home/airflow/.local/lib/python3.8/site-packages/airflow/example_dags/example_xcomargs.py took 0.046 seconds
