[2026-04-21T03:50:52.133+0000] {processor.py:161} INFO - Started process (PID=65) to work on /home/airflow/.local/lib/python3.8/site-packages/airflow/example_dags/example_sensors.py
[2026-04-21T03:50:52.134+0000] {processor.py:830} INFO - Processing file /home/airflow/.local/lib/python3.8/site-packages/airflow/example_dags/example_sensors.py for tasks to queue
[2026-04-21T03:50:52.135+0000] {logging_mixin.py:188} INFO - [2026-04-21T03:50:52.135+0000] {dagbag.py:538} INFO - Filling up the DagBag from /home/airflow/.local/lib/python3.8/site-packages/airflow/example_dags/example_sensors.py
[2026-04-21T03:50:52.146+0000] {processor.py:840} INFO - DAG(s) 'example_sensors' retrieved from /home/airflow/.local/lib/python3.8/site-packages/airflow/example_dags/example_sensors.py
[2026-04-21T03:50:52.181+0000] {logging_mixin.py:188} INFO - [2026-04-21T03:50:52.181+0000] {dag.py:3036} INFO - Sync 1 DAGs
[2026-04-21T03:50:52.196+0000] {logging_mixin.py:188} INFO - [2026-04-21T03:50:52.196+0000] {dag.py:3823} INFO - Setting next_dagrun for example_sensors to None, run_after=None
[2026-04-21T03:50:52.236+0000] {processor.py:183} INFO - Processing /home/airflow/.local/lib/python3.8/site-packages/airflow/example_dags/example_sensors.py took 0.107 seconds
[2026-04-21T03:51:22.272+0000] {processor.py:161} INFO - Started process (PID=120) to work on /home/airflow/.local/lib/python3.8/site-packages/airflow/example_dags/example_sensors.py
[2026-04-21T03:51:22.273+0000] {processor.py:830} INFO - Processing file /home/airflow/.local/lib/python3.8/site-packages/airflow/example_dags/example_sensors.py for tasks to queue
[2026-04-21T03:51:22.274+0000] {logging_mixin.py:188} INFO - [2026-04-21T03:51:22.274+0000] {dagbag.py:538} INFO - Filling up the DagBag from /home/airflow/.local/lib/python3.8/site-packages/airflow/example_dags/example_sensors.py
[2026-04-21T03:51:22.282+0000] {processor.py:840} INFO - DAG(s) 'example_sensors' retrieved from /home/airflow/.local/lib/python3.8/site-packages/airflow/example_dags/example_sensors.py
[2026-04-21T03:51:22.302+0000] {logging_mixin.py:188} INFO - [2026-04-21T03:51:22.302+0000] {dag.py:3036} INFO - Sync 1 DAGs
[2026-04-21T03:51:22.311+0000] {logging_mixin.py:188} INFO - [2026-04-21T03:51:22.311+0000] {dag.py:3823} INFO - Setting next_dagrun for example_sensors to None, run_after=None
[2026-04-21T03:51:22.325+0000] {processor.py:183} INFO - Processing /home/airflow/.local/lib/python3.8/site-packages/airflow/example_dags/example_sensors.py took 0.056 seconds
[2026-04-21T03:51:53.206+0000] {processor.py:161} INFO - Started process (PID=175) to work on /home/airflow/.local/lib/python3.8/site-packages/airflow/example_dags/example_sensors.py
[2026-04-21T03:51:53.206+0000] {processor.py:830} INFO - Processing file /home/airflow/.local/lib/python3.8/site-packages/airflow/example_dags/example_sensors.py for tasks to queue
[2026-04-21T03:51:53.207+0000] {logging_mixin.py:188} INFO - [2026-04-21T03:51:53.207+0000] {dagbag.py:538} INFO - Filling up the DagBag from /home/airflow/.local/lib/python3.8/site-packages/airflow/example_dags/example_sensors.py
[2026-04-21T03:51:53.213+0000] {processor.py:840} INFO - DAG(s) 'example_sensors' retrieved from /home/airflow/.local/lib/python3.8/site-packages/airflow/example_dags/example_sensors.py
[2026-04-21T03:51:53.229+0000] {logging_mixin.py:188} INFO - [2026-04-21T03:51:53.229+0000] {dag.py:3036} INFO - Sync 1 DAGs
[2026-04-21T03:51:53.236+0000] {logging_mixin.py:188} INFO - [2026-04-21T03:51:53.236+0000] {dag.py:3823} INFO - Setting next_dagrun for example_sensors to None, run_after=None
[2026-04-21T03:51:53.246+0000] {processor.py:183} INFO - Processing /home/airflow/.local/lib/python3.8/site-packages/airflow/example_dags/example_sensors.py took 0.043 seconds
[2026-04-21T03:52:23.841+0000] {processor.py:161} INFO - Started process (PID=230) to work on /home/airflow/.local/lib/python3.8/site-packages/airflow/example_dags/example_sensors.py
[2026-04-21T03:52:23.842+0000] {processor.py:830} INFO - Processing file /home/airflow/.local/lib/python3.8/site-packages/airflow/example_dags/example_sensors.py for tasks to queue
[2026-04-21T03:52:23.843+0000] {logging_mixin.py:188} INFO - [2026-04-21T03:52:23.843+0000] {dagbag.py:538} INFO - Filling up the DagBag from /home/airflow/.local/lib/python3.8/site-packages/airflow/example_dags/example_sensors.py
[2026-04-21T03:52:23.849+0000] {processor.py:840} INFO - DAG(s) 'example_sensors' retrieved from /home/airflow/.local/lib/python3.8/site-packages/airflow/example_dags/example_sensors.py
[2026-04-21T03:52:23.866+0000] {logging_mixin.py:188} INFO - [2026-04-21T03:52:23.865+0000] {dag.py:3036} INFO - Sync 1 DAGs
[2026-04-21T03:52:23.873+0000] {logging_mixin.py:188} INFO - [2026-04-21T03:52:23.873+0000] {dag.py:3823} INFO - Setting next_dagrun for example_sensors to None, run_after=None
[2026-04-21T03:52:23.883+0000] {processor.py:183} INFO - Processing /home/airflow/.local/lib/python3.8/site-packages/airflow/example_dags/example_sensors.py took 0.044 seconds
[2026-04-21T03:52:54.621+0000] {processor.py:161} INFO - Started process (PID=285) to work on /home/airflow/.local/lib/python3.8/site-packages/airflow/example_dags/example_sensors.py
[2026-04-21T03:52:54.621+0000] {processor.py:830} INFO - Processing file /home/airflow/.local/lib/python3.8/site-packages/airflow/example_dags/example_sensors.py for tasks to queue
[2026-04-21T03:52:54.622+0000] {logging_mixin.py:188} INFO - [2026-04-21T03:52:54.622+0000] {dagbag.py:538} INFO - Filling up the DagBag from /home/airflow/.local/lib/python3.8/site-packages/airflow/example_dags/example_sensors.py
[2026-04-21T03:52:54.628+0000] {processor.py:840} INFO - DAG(s) 'example_sensors' retrieved from /home/airflow/.local/lib/python3.8/site-packages/airflow/example_dags/example_sensors.py
[2026-04-21T03:52:54.644+0000] {logging_mixin.py:188} INFO - [2026-04-21T03:52:54.643+0000] {dag.py:3036} INFO - Sync 1 DAGs
[2026-04-21T03:52:54.651+0000] {logging_mixin.py:188} INFO - [2026-04-21T03:52:54.651+0000] {dag.py:3823} INFO - Setting next_dagrun for example_sensors to None, run_after=None
[2026-04-21T03:52:54.661+0000] {processor.py:183} INFO - Processing /home/airflow/.local/lib/python3.8/site-packages/airflow/example_dags/example_sensors.py took 0.043 seconds
[2026-04-21T03:53:24.718+0000] {processor.py:161} INFO - Started process (PID=340) to work on /home/airflow/.local/lib/python3.8/site-packages/airflow/example_dags/example_sensors.py
[2026-04-21T03:53:24.719+0000] {processor.py:830} INFO - Processing file /home/airflow/.local/lib/python3.8/site-packages/airflow/example_dags/example_sensors.py for tasks to queue
[2026-04-21T03:53:24.720+0000] {logging_mixin.py:188} INFO - [2026-04-21T03:53:24.720+0000] {dagbag.py:538} INFO - Filling up the DagBag from /home/airflow/.local/lib/python3.8/site-packages/airflow/example_dags/example_sensors.py
[2026-04-21T03:53:24.726+0000] {processor.py:840} INFO - DAG(s) 'example_sensors' retrieved from /home/airflow/.local/lib/python3.8/site-packages/airflow/example_dags/example_sensors.py
[2026-04-21T03:53:24.742+0000] {logging_mixin.py:188} INFO - [2026-04-21T03:53:24.742+0000] {dag.py:3036} INFO - Sync 1 DAGs
[2026-04-21T03:53:24.750+0000] {logging_mixin.py:188} INFO - [2026-04-21T03:53:24.750+0000] {dag.py:3823} INFO - Setting next_dagrun for example_sensors to None, run_after=None
[2026-04-21T03:53:24.760+0000] {processor.py:183} INFO - Processing /home/airflow/.local/lib/python3.8/site-packages/airflow/example_dags/example_sensors.py took 0.044 seconds
[2026-04-21T03:53:54.853+0000] {processor.py:161} INFO - Started process (PID=395) to work on /home/airflow/.local/lib/python3.8/site-packages/airflow/example_dags/example_sensors.py
[2026-04-21T03:53:54.854+0000] {processor.py:830} INFO - Processing file /home/airflow/.local/lib/python3.8/site-packages/airflow/example_dags/example_sensors.py for tasks to queue
[2026-04-21T03:53:54.855+0000] {logging_mixin.py:188} INFO - [2026-04-21T03:53:54.855+0000] {dagbag.py:538} INFO - Filling up the DagBag from /home/airflow/.local/lib/python3.8/site-packages/airflow/example_dags/example_sensors.py
[2026-04-21T03:53:54.861+0000] {processor.py:840} INFO - DAG(s) 'example_sensors' retrieved from /home/airflow/.local/lib/python3.8/site-packages/airflow/example_dags/example_sensors.py
[2026-04-21T03:53:54.877+0000] {logging_mixin.py:188} INFO - [2026-04-21T03:53:54.877+0000] {dag.py:3036} INFO - Sync 1 DAGs
[2026-04-21T03:53:54.885+0000] {logging_mixin.py:188} INFO - [2026-04-21T03:53:54.884+0000] {dag.py:3823} INFO - Setting next_dagrun for example_sensors to None, run_after=None
[2026-04-21T03:53:54.895+0000] {processor.py:183} INFO - Processing /home/airflow/.local/lib/python3.8/site-packages/airflow/example_dags/example_sensors.py took 0.044 seconds
[2026-04-21T03:54:24.911+0000] {processor.py:161} INFO - Started process (PID=449) to work on /home/airflow/.local/lib/python3.8/site-packages/airflow/example_dags/example_sensors.py
[2026-04-21T03:54:24.912+0000] {processor.py:830} INFO - Processing file /home/airflow/.local/lib/python3.8/site-packages/airflow/example_dags/example_sensors.py for tasks to queue
[2026-04-21T03:54:24.913+0000] {logging_mixin.py:188} INFO - [2026-04-21T03:54:24.913+0000] {dagbag.py:538} INFO - Filling up the DagBag from /home/airflow/.local/lib/python3.8/site-packages/airflow/example_dags/example_sensors.py
[2026-04-21T03:54:24.919+0000] {processor.py:840} INFO - DAG(s) 'example_sensors' retrieved from /home/airflow/.local/lib/python3.8/site-packages/airflow/example_dags/example_sensors.py
[2026-04-21T03:54:24.935+0000] {logging_mixin.py:188} INFO - [2026-04-21T03:54:24.934+0000] {dag.py:3036} INFO - Sync 1 DAGs
[2026-04-21T03:54:24.942+0000] {logging_mixin.py:188} INFO - [2026-04-21T03:54:24.942+0000] {dag.py:3823} INFO - Setting next_dagrun for example_sensors to None, run_after=None
[2026-04-21T03:54:24.953+0000] {processor.py:183} INFO - Processing /home/airflow/.local/lib/python3.8/site-packages/airflow/example_dags/example_sensors.py took 0.044 seconds
[2026-04-21T03:54:55.189+0000] {processor.py:161} INFO - Started process (PID=504) to work on /home/airflow/.local/lib/python3.8/site-packages/airflow/example_dags/example_sensors.py
[2026-04-21T03:54:55.190+0000] {processor.py:830} INFO - Processing file /home/airflow/.local/lib/python3.8/site-packages/airflow/example_dags/example_sensors.py for tasks to queue
[2026-04-21T03:54:55.191+0000] {logging_mixin.py:188} INFO - [2026-04-21T03:54:55.191+0000] {dagbag.py:538} INFO - Filling up the DagBag from /home/airflow/.local/lib/python3.8/site-packages/airflow/example_dags/example_sensors.py
[2026-04-21T03:54:55.197+0000] {processor.py:840} INFO - DAG(s) 'example_sensors' retrieved from /home/airflow/.local/lib/python3.8/site-packages/airflow/example_dags/example_sensors.py
[2026-04-21T03:54:55.215+0000] {logging_mixin.py:188} INFO - [2026-04-21T03:54:55.215+0000] {dag.py:3036} INFO - Sync 1 DAGs
[2026-04-21T03:54:55.224+0000] {logging_mixin.py:188} INFO - [2026-04-21T03:54:55.224+0000] {dag.py:3823} INFO - Setting next_dagrun for example_sensors to None, run_after=None
[2026-04-21T03:54:55.235+0000] {processor.py:183} INFO - Processing /home/airflow/.local/lib/python3.8/site-packages/airflow/example_dags/example_sensors.py took 0.049 seconds
[2026-04-21T03:55:26.212+0000] {processor.py:161} INFO - Started process (PID=560) to work on /home/airflow/.local/lib/python3.8/site-packages/airflow/example_dags/example_sensors.py
[2026-04-21T03:55:26.212+0000] {processor.py:830} INFO - Processing file /home/airflow/.local/lib/python3.8/site-packages/airflow/example_dags/example_sensors.py for tasks to queue
[2026-04-21T03:55:26.213+0000] {logging_mixin.py:188} INFO - [2026-04-21T03:55:26.213+0000] {dagbag.py:538} INFO - Filling up the DagBag from /home/airflow/.local/lib/python3.8/site-packages/airflow/example_dags/example_sensors.py
[2026-04-21T03:55:26.219+0000] {processor.py:840} INFO - DAG(s) 'example_sensors' retrieved from /home/airflow/.local/lib/python3.8/site-packages/airflow/example_dags/example_sensors.py
[2026-04-21T03:55:26.236+0000] {logging_mixin.py:188} INFO - [2026-04-21T03:55:26.235+0000] {dag.py:3036} INFO - Sync 1 DAGs
[2026-04-21T03:55:26.243+0000] {logging_mixin.py:188} INFO - [2026-04-21T03:55:26.243+0000] {dag.py:3823} INFO - Setting next_dagrun for example_sensors to None, run_after=None
[2026-04-21T03:55:26.254+0000] {processor.py:183} INFO - Processing /home/airflow/.local/lib/python3.8/site-packages/airflow/example_dags/example_sensors.py took 0.044 seconds
[2026-04-21T03:55:57.009+0000] {processor.py:161} INFO - Started process (PID=621) to work on /home/airflow/.local/lib/python3.8/site-packages/airflow/example_dags/example_sensors.py
[2026-04-21T03:55:57.010+0000] {processor.py:830} INFO - Processing file /home/airflow/.local/lib/python3.8/site-packages/airflow/example_dags/example_sensors.py for tasks to queue
[2026-04-21T03:55:57.012+0000] {logging_mixin.py:188} INFO - [2026-04-21T03:55:57.011+0000] {dagbag.py:538} INFO - Filling up the DagBag from /home/airflow/.local/lib/python3.8/site-packages/airflow/example_dags/example_sensors.py
[2026-04-21T03:55:57.018+0000] {processor.py:840} INFO - DAG(s) 'example_sensors' retrieved from /home/airflow/.local/lib/python3.8/site-packages/airflow/example_dags/example_sensors.py
[2026-04-21T03:55:57.035+0000] {logging_mixin.py:188} INFO - [2026-04-21T03:55:57.035+0000] {dag.py:3036} INFO - Sync 1 DAGs
[2026-04-21T03:55:57.044+0000] {logging_mixin.py:188} INFO - [2026-04-21T03:55:57.044+0000] {dag.py:3823} INFO - Setting next_dagrun for example_sensors to None, run_after=None
[2026-04-21T03:55:57.055+0000] {processor.py:183} INFO - Processing /home/airflow/.local/lib/python3.8/site-packages/airflow/example_dags/example_sensors.py took 0.049 seconds
[2026-04-21T03:56:27.870+0000] {processor.py:161} INFO - Started process (PID=676) to work on /home/airflow/.local/lib/python3.8/site-packages/airflow/example_dags/example_sensors.py
[2026-04-21T03:56:27.870+0000] {processor.py:830} INFO - Processing file /home/airflow/.local/lib/python3.8/site-packages/airflow/example_dags/example_sensors.py for tasks to queue
[2026-04-21T03:56:27.872+0000] {logging_mixin.py:188} INFO - [2026-04-21T03:56:27.872+0000] {dagbag.py:538} INFO - Filling up the DagBag from /home/airflow/.local/lib/python3.8/site-packages/airflow/example_dags/example_sensors.py
[2026-04-21T03:56:27.879+0000] {processor.py:840} INFO - DAG(s) 'example_sensors' retrieved from /home/airflow/.local/lib/python3.8/site-packages/airflow/example_dags/example_sensors.py
[2026-04-21T03:56:27.899+0000] {logging_mixin.py:188} INFO - [2026-04-21T03:56:27.899+0000] {dag.py:3036} INFO - Sync 1 DAGs
[2026-04-21T03:56:27.910+0000] {logging_mixin.py:188} INFO - [2026-04-21T03:56:27.909+0000] {dag.py:3823} INFO - Setting next_dagrun for example_sensors to None, run_after=None
[2026-04-21T03:56:27.928+0000] {processor.py:183} INFO - Processing /home/airflow/.local/lib/python3.8/site-packages/airflow/example_dags/example_sensors.py took 0.062 seconds
[2026-04-21T03:56:58.029+0000] {processor.py:161} INFO - Started process (PID=731) to work on /home/airflow/.local/lib/python3.8/site-packages/airflow/example_dags/example_sensors.py
[2026-04-21T03:56:58.030+0000] {processor.py:830} INFO - Processing file /home/airflow/.local/lib/python3.8/site-packages/airflow/example_dags/example_sensors.py for tasks to queue
[2026-04-21T03:56:58.031+0000] {logging_mixin.py:188} INFO - [2026-04-21T03:56:58.031+0000] {dagbag.py:538} INFO - Filling up the DagBag from /home/airflow/.local/lib/python3.8/site-packages/airflow/example_dags/example_sensors.py
[2026-04-21T03:56:58.037+0000] {processor.py:840} INFO - DAG(s) 'example_sensors' retrieved from /home/airflow/.local/lib/python3.8/site-packages/airflow/example_dags/example_sensors.py
[2026-04-21T03:56:58.053+0000] {logging_mixin.py:188} INFO - [2026-04-21T03:56:58.053+0000] {dag.py:3036} INFO - Sync 1 DAGs
[2026-04-21T03:56:58.061+0000] {logging_mixin.py:188} INFO - [2026-04-21T03:56:58.061+0000] {dag.py:3823} INFO - Setting next_dagrun for example_sensors to None, run_after=None
[2026-04-21T03:56:58.072+0000] {processor.py:183} INFO - Processing /home/airflow/.local/lib/python3.8/site-packages/airflow/example_dags/example_sensors.py took 0.045 seconds
[2026-04-21T03:57:29.054+0000] {processor.py:161} INFO - Started process (PID=786) to work on /home/airflow/.local/lib/python3.8/site-packages/airflow/example_dags/example_sensors.py
[2026-04-21T03:57:29.054+0000] {processor.py:830} INFO - Processing file /home/airflow/.local/lib/python3.8/site-packages/airflow/example_dags/example_sensors.py for tasks to queue
[2026-04-21T03:57:29.055+0000] {logging_mixin.py:188} INFO - [2026-04-21T03:57:29.055+0000] {dagbag.py:538} INFO - Filling up the DagBag from /home/airflow/.local/lib/python3.8/site-packages/airflow/example_dags/example_sensors.py
[2026-04-21T03:57:29.061+0000] {processor.py:840} INFO - DAG(s) 'example_sensors' retrieved from /home/airflow/.local/lib/python3.8/site-packages/airflow/example_dags/example_sensors.py
[2026-04-21T03:57:29.080+0000] {logging_mixin.py:188} INFO - [2026-04-21T03:57:29.080+0000] {dag.py:3036} INFO - Sync 1 DAGs
[2026-04-21T03:57:29.089+0000] {logging_mixin.py:188} INFO - [2026-04-21T03:57:29.089+0000] {dag.py:3823} INFO - Setting next_dagrun for example_sensors to None, run_after=None
[2026-04-21T03:57:29.100+0000] {processor.py:183} INFO - Processing /home/airflow/.local/lib/python3.8/site-packages/airflow/example_dags/example_sensors.py took 0.049 seconds
[2026-04-21T03:57:59.137+0000] {processor.py:161} INFO - Started process (PID=840) to work on /home/airflow/.local/lib/python3.8/site-packages/airflow/example_dags/example_sensors.py
[2026-04-21T03:57:59.138+0000] {processor.py:830} INFO - Processing file /home/airflow/.local/lib/python3.8/site-packages/airflow/example_dags/example_sensors.py for tasks to queue
[2026-04-21T03:57:59.139+0000] {logging_mixin.py:188} INFO - [2026-04-21T03:57:59.139+0000] {dagbag.py:538} INFO - Filling up the DagBag from /home/airflow/.local/lib/python3.8/site-packages/airflow/example_dags/example_sensors.py
[2026-04-21T03:57:59.146+0000] {processor.py:840} INFO - DAG(s) 'example_sensors' retrieved from /home/airflow/.local/lib/python3.8/site-packages/airflow/example_dags/example_sensors.py
[2026-04-21T03:57:59.167+0000] {logging_mixin.py:188} INFO - [2026-04-21T03:57:59.167+0000] {dag.py:3036} INFO - Sync 1 DAGs
[2026-04-21T03:57:59.180+0000] {logging_mixin.py:188} INFO - [2026-04-21T03:57:59.180+0000] {dag.py:3823} INFO - Setting next_dagrun for example_sensors to None, run_after=None
[2026-04-21T03:57:59.196+0000] {processor.py:183} INFO - Processing /home/airflow/.local/lib/python3.8/site-packages/airflow/example_dags/example_sensors.py took 0.062 seconds
[2026-04-21T03:58:29.431+0000] {processor.py:161} INFO - Started process (PID=896) to work on /home/airflow/.local/lib/python3.8/site-packages/airflow/example_dags/example_sensors.py
[2026-04-21T03:58:29.432+0000] {processor.py:830} INFO - Processing file /home/airflow/.local/lib/python3.8/site-packages/airflow/example_dags/example_sensors.py for tasks to queue
[2026-04-21T03:58:29.433+0000] {logging_mixin.py:188} INFO - [2026-04-21T03:58:29.432+0000] {dagbag.py:538} INFO - Filling up the DagBag from /home/airflow/.local/lib/python3.8/site-packages/airflow/example_dags/example_sensors.py
[2026-04-21T03:58:29.438+0000] {processor.py:840} INFO - DAG(s) 'example_sensors' retrieved from /home/airflow/.local/lib/python3.8/site-packages/airflow/example_dags/example_sensors.py
[2026-04-21T03:58:29.455+0000] {logging_mixin.py:188} INFO - [2026-04-21T03:58:29.455+0000] {dag.py:3036} INFO - Sync 1 DAGs
[2026-04-21T03:58:29.464+0000] {logging_mixin.py:188} INFO - [2026-04-21T03:58:29.464+0000] {dag.py:3823} INFO - Setting next_dagrun for example_sensors to None, run_after=None
[2026-04-21T03:58:29.477+0000] {processor.py:183} INFO - Processing /home/airflow/.local/lib/python3.8/site-packages/airflow/example_dags/example_sensors.py took 0.048 seconds
[2026-04-21T03:58:59.762+0000] {processor.py:161} INFO - Started process (PID=951) to work on /home/airflow/.local/lib/python3.8/site-packages/airflow/example_dags/example_sensors.py
[2026-04-21T03:58:59.763+0000] {processor.py:830} INFO - Processing file /home/airflow/.local/lib/python3.8/site-packages/airflow/example_dags/example_sensors.py for tasks to queue
[2026-04-21T03:58:59.765+0000] {logging_mixin.py:188} INFO - [2026-04-21T03:58:59.765+0000] {dagbag.py:538} INFO - Filling up the DagBag from /home/airflow/.local/lib/python3.8/site-packages/airflow/example_dags/example_sensors.py
[2026-04-21T03:58:59.771+0000] {processor.py:840} INFO - DAG(s) 'example_sensors' retrieved from /home/airflow/.local/lib/python3.8/site-packages/airflow/example_dags/example_sensors.py
[2026-04-21T03:58:59.791+0000] {logging_mixin.py:188} INFO - [2026-04-21T03:58:59.790+0000] {dag.py:3036} INFO - Sync 1 DAGs
[2026-04-21T03:58:59.801+0000] {logging_mixin.py:188} INFO - [2026-04-21T03:58:59.800+0000] {dag.py:3823} INFO - Setting next_dagrun for example_sensors to None, run_after=None
[2026-04-21T03:58:59.813+0000] {processor.py:183} INFO - Processing /home/airflow/.local/lib/python3.8/site-packages/airflow/example_dags/example_sensors.py took 0.053 seconds
[2026-04-21T03:59:30.003+0000] {processor.py:161} INFO - Started process (PID=1005) to work on /home/airflow/.local/lib/python3.8/site-packages/airflow/example_dags/example_sensors.py
[2026-04-21T03:59:30.003+0000] {processor.py:830} INFO - Processing file /home/airflow/.local/lib/python3.8/site-packages/airflow/example_dags/example_sensors.py for tasks to queue
[2026-04-21T03:59:30.004+0000] {logging_mixin.py:188} INFO - [2026-04-21T03:59:30.004+0000] {dagbag.py:538} INFO - Filling up the DagBag from /home/airflow/.local/lib/python3.8/site-packages/airflow/example_dags/example_sensors.py
[2026-04-21T03:59:30.010+0000] {processor.py:840} INFO - DAG(s) 'example_sensors' retrieved from /home/airflow/.local/lib/python3.8/site-packages/airflow/example_dags/example_sensors.py
[2026-04-21T03:59:30.026+0000] {logging_mixin.py:188} INFO - [2026-04-21T03:59:30.026+0000] {dag.py:3036} INFO - Sync 1 DAGs
[2026-04-21T03:59:30.034+0000] {logging_mixin.py:188} INFO - [2026-04-21T03:59:30.033+0000] {dag.py:3823} INFO - Setting next_dagrun for example_sensors to None, run_after=None
[2026-04-21T03:59:30.044+0000] {processor.py:183} INFO - Processing /home/airflow/.local/lib/python3.8/site-packages/airflow/example_dags/example_sensors.py took 0.044 seconds
[2026-04-21T04:00:00.210+0000] {processor.py:161} INFO - Started process (PID=1060) to work on /home/airflow/.local/lib/python3.8/site-packages/airflow/example_dags/example_sensors.py
[2026-04-21T04:00:00.211+0000] {processor.py:830} INFO - Processing file /home/airflow/.local/lib/python3.8/site-packages/airflow/example_dags/example_sensors.py for tasks to queue
[2026-04-21T04:00:00.212+0000] {logging_mixin.py:188} INFO - [2026-04-21T04:00:00.212+0000] {dagbag.py:538} INFO - Filling up the DagBag from /home/airflow/.local/lib/python3.8/site-packages/airflow/example_dags/example_sensors.py
[2026-04-21T04:00:00.219+0000] {processor.py:840} INFO - DAG(s) 'example_sensors' retrieved from /home/airflow/.local/lib/python3.8/site-packages/airflow/example_dags/example_sensors.py
[2026-04-21T04:00:00.237+0000] {logging_mixin.py:188} INFO - [2026-04-21T04:00:00.237+0000] {dag.py:3036} INFO - Sync 1 DAGs
[2026-04-21T04:00:00.247+0000] {logging_mixin.py:188} INFO - [2026-04-21T04:00:00.246+0000] {dag.py:3823} INFO - Setting next_dagrun for example_sensors to None, run_after=None
[2026-04-21T04:00:00.259+0000] {processor.py:183} INFO - Processing /home/airflow/.local/lib/python3.8/site-packages/airflow/example_dags/example_sensors.py took 0.053 seconds
[2026-04-21T04:00:30.324+0000] {processor.py:161} INFO - Started process (PID=1115) to work on /home/airflow/.local/lib/python3.8/site-packages/airflow/example_dags/example_sensors.py
[2026-04-21T04:00:30.325+0000] {processor.py:830} INFO - Processing file /home/airflow/.local/lib/python3.8/site-packages/airflow/example_dags/example_sensors.py for tasks to queue
[2026-04-21T04:00:30.326+0000] {logging_mixin.py:188} INFO - [2026-04-21T04:00:30.326+0000] {dagbag.py:538} INFO - Filling up the DagBag from /home/airflow/.local/lib/python3.8/site-packages/airflow/example_dags/example_sensors.py
[2026-04-21T04:00:30.332+0000] {processor.py:840} INFO - DAG(s) 'example_sensors' retrieved from /home/airflow/.local/lib/python3.8/site-packages/airflow/example_dags/example_sensors.py
[2026-04-21T04:00:30.348+0000] {logging_mixin.py:188} INFO - [2026-04-21T04:00:30.348+0000] {dag.py:3036} INFO - Sync 1 DAGs
[2026-04-21T04:00:30.356+0000] {logging_mixin.py:188} INFO - [2026-04-21T04:00:30.355+0000] {dag.py:3823} INFO - Setting next_dagrun for example_sensors to None, run_after=None
[2026-04-21T04:00:30.366+0000] {processor.py:183} INFO - Processing /home/airflow/.local/lib/python3.8/site-packages/airflow/example_dags/example_sensors.py took 0.044 seconds
[2026-04-21T04:01:00.987+0000] {processor.py:161} INFO - Started process (PID=1170) to work on /home/airflow/.local/lib/python3.8/site-packages/airflow/example_dags/example_sensors.py
[2026-04-21T04:01:00.989+0000] {processor.py:830} INFO - Processing file /home/airflow/.local/lib/python3.8/site-packages/airflow/example_dags/example_sensors.py for tasks to queue
[2026-04-21T04:01:00.991+0000] {logging_mixin.py:188} INFO - [2026-04-21T04:01:00.991+0000] {dagbag.py:538} INFO - Filling up the DagBag from /home/airflow/.local/lib/python3.8/site-packages/airflow/example_dags/example_sensors.py
[2026-04-21T04:01:00.997+0000] {processor.py:840} INFO - DAG(s) 'example_sensors' retrieved from /home/airflow/.local/lib/python3.8/site-packages/airflow/example_dags/example_sensors.py
[2026-04-21T04:01:01.016+0000] {logging_mixin.py:188} INFO - [2026-04-21T04:01:01.016+0000] {dag.py:3036} INFO - Sync 1 DAGs
[2026-04-21T04:01:01.025+0000] {logging_mixin.py:188} INFO - [2026-04-21T04:01:01.025+0000] {dag.py:3823} INFO - Setting next_dagrun for example_sensors to None, run_after=None
[2026-04-21T04:01:01.037+0000] {processor.py:183} INFO - Processing /home/airflow/.local/lib/python3.8/site-packages/airflow/example_dags/example_sensors.py took 0.053 seconds
[2026-04-21T04:01:31.705+0000] {processor.py:161} INFO - Started process (PID=1225) to work on /home/airflow/.local/lib/python3.8/site-packages/airflow/example_dags/example_sensors.py
[2026-04-21T04:01:31.709+0000] {processor.py:830} INFO - Processing file /home/airflow/.local/lib/python3.8/site-packages/airflow/example_dags/example_sensors.py for tasks to queue
[2026-04-21T04:01:31.710+0000] {logging_mixin.py:188} INFO - [2026-04-21T04:01:31.710+0000] {dagbag.py:538} INFO - Filling up the DagBag from /home/airflow/.local/lib/python3.8/site-packages/airflow/example_dags/example_sensors.py
[2026-04-21T04:01:31.716+0000] {processor.py:840} INFO - DAG(s) 'example_sensors' retrieved from /home/airflow/.local/lib/python3.8/site-packages/airflow/example_dags/example_sensors.py
[2026-04-21T04:01:31.731+0000] {logging_mixin.py:188} INFO - [2026-04-21T04:01:31.731+0000] {dag.py:3036} INFO - Sync 1 DAGs
[2026-04-21T04:01:31.741+0000] {logging_mixin.py:188} INFO - [2026-04-21T04:01:31.741+0000] {dag.py:3823} INFO - Setting next_dagrun for example_sensors to None, run_after=None
[2026-04-21T04:01:31.752+0000] {processor.py:183} INFO - Processing /home/airflow/.local/lib/python3.8/site-packages/airflow/example_dags/example_sensors.py took 0.049 seconds
[2026-04-21T04:02:02.417+0000] {processor.py:161} INFO - Started process (PID=1280) to work on /home/airflow/.local/lib/python3.8/site-packages/airflow/example_dags/example_sensors.py
[2026-04-21T04:02:02.419+0000] {processor.py:830} INFO - Processing file /home/airflow/.local/lib/python3.8/site-packages/airflow/example_dags/example_sensors.py for tasks to queue
[2026-04-21T04:02:02.421+0000] {logging_mixin.py:188} INFO - [2026-04-21T04:02:02.420+0000] {dagbag.py:538} INFO - Filling up the DagBag from /home/airflow/.local/lib/python3.8/site-packages/airflow/example_dags/example_sensors.py
[2026-04-21T04:02:02.427+0000] {processor.py:840} INFO - DAG(s) 'example_sensors' retrieved from /home/airflow/.local/lib/python3.8/site-packages/airflow/example_dags/example_sensors.py
[2026-04-21T04:02:02.442+0000] {logging_mixin.py:188} INFO - [2026-04-21T04:02:02.442+0000] {dag.py:3036} INFO - Sync 1 DAGs
[2026-04-21T04:02:02.450+0000] {logging_mixin.py:188} INFO - [2026-04-21T04:02:02.450+0000] {dag.py:3823} INFO - Setting next_dagrun for example_sensors to None, run_after=None
[2026-04-21T04:02:02.460+0000] {processor.py:183} INFO - Processing /home/airflow/.local/lib/python3.8/site-packages/airflow/example_dags/example_sensors.py took 0.046 seconds
[2026-04-21T04:02:33.065+0000] {processor.py:161} INFO - Started process (PID=1335) to work on /home/airflow/.local/lib/python3.8/site-packages/airflow/example_dags/example_sensors.py
[2026-04-21T04:02:33.068+0000] {processor.py:830} INFO - Processing file /home/airflow/.local/lib/python3.8/site-packages/airflow/example_dags/example_sensors.py for tasks to queue
[2026-04-21T04:02:33.069+0000] {logging_mixin.py:188} INFO - [2026-04-21T04:02:33.069+0000] {dagbag.py:538} INFO - Filling up the DagBag from /home/airflow/.local/lib/python3.8/site-packages/airflow/example_dags/example_sensors.py
[2026-04-21T04:02:33.075+0000] {processor.py:840} INFO - DAG(s) 'example_sensors' retrieved from /home/airflow/.local/lib/python3.8/site-packages/airflow/example_dags/example_sensors.py
[2026-04-21T04:02:33.091+0000] {logging_mixin.py:188} INFO - [2026-04-21T04:02:33.091+0000] {dag.py:3036} INFO - Sync 1 DAGs
[2026-04-21T04:02:33.099+0000] {logging_mixin.py:188} INFO - [2026-04-21T04:02:33.099+0000] {dag.py:3823} INFO - Setting next_dagrun for example_sensors to None, run_after=None
[2026-04-21T04:02:33.109+0000] {processor.py:183} INFO - Processing /home/airflow/.local/lib/python3.8/site-packages/airflow/example_dags/example_sensors.py took 0.047 seconds
[2026-04-21T04:03:03.714+0000] {processor.py:161} INFO - Started process (PID=1390) to work on /home/airflow/.local/lib/python3.8/site-packages/airflow/example_dags/example_sensors.py
[2026-04-21T04:03:03.717+0000] {processor.py:830} INFO - Processing file /home/airflow/.local/lib/python3.8/site-packages/airflow/example_dags/example_sensors.py for tasks to queue
[2026-04-21T04:03:03.718+0000] {logging_mixin.py:188} INFO - [2026-04-21T04:03:03.718+0000] {dagbag.py:538} INFO - Filling up the DagBag from /home/airflow/.local/lib/python3.8/site-packages/airflow/example_dags/example_sensors.py
[2026-04-21T04:03:03.724+0000] {processor.py:840} INFO - DAG(s) 'example_sensors' retrieved from /home/airflow/.local/lib/python3.8/site-packages/airflow/example_dags/example_sensors.py
[2026-04-21T04:03:03.739+0000] {logging_mixin.py:188} INFO - [2026-04-21T04:03:03.739+0000] {dag.py:3036} INFO - Sync 1 DAGs
[2026-04-21T04:03:03.746+0000] {logging_mixin.py:188} INFO - [2026-04-21T04:03:03.746+0000] {dag.py:3823} INFO - Setting next_dagrun for example_sensors to None, run_after=None
[2026-04-21T04:03:03.756+0000] {processor.py:183} INFO - Processing /home/airflow/.local/lib/python3.8/site-packages/airflow/example_dags/example_sensors.py took 0.045 seconds
[2026-04-21T04:03:34.399+0000] {processor.py:161} INFO - Started process (PID=1445) to work on /home/airflow/.local/lib/python3.8/site-packages/airflow/example_dags/example_sensors.py
[2026-04-21T04:03:34.401+0000] {processor.py:830} INFO - Processing file /home/airflow/.local/lib/python3.8/site-packages/airflow/example_dags/example_sensors.py for tasks to queue
[2026-04-21T04:03:34.403+0000] {logging_mixin.py:188} INFO - [2026-04-21T04:03:34.402+0000] {dagbag.py:538} INFO - Filling up the DagBag from /home/airflow/.local/lib/python3.8/site-packages/airflow/example_dags/example_sensors.py
[2026-04-21T04:03:34.409+0000] {processor.py:840} INFO - DAG(s) 'example_sensors' retrieved from /home/airflow/.local/lib/python3.8/site-packages/airflow/example_dags/example_sensors.py
[2026-04-21T04:03:34.425+0000] {logging_mixin.py:188} INFO - [2026-04-21T04:03:34.425+0000] {dag.py:3036} INFO - Sync 1 DAGs
[2026-04-21T04:03:34.432+0000] {logging_mixin.py:188} INFO - [2026-04-21T04:03:34.432+0000] {dag.py:3823} INFO - Setting next_dagrun for example_sensors to None, run_after=None
[2026-04-21T04:03:34.443+0000] {processor.py:183} INFO - Processing /home/airflow/.local/lib/python3.8/site-packages/airflow/example_dags/example_sensors.py took 0.046 seconds
[2026-04-21T04:04:05.194+0000] {processor.py:161} INFO - Started process (PID=1500) to work on /home/airflow/.local/lib/python3.8/site-packages/airflow/example_dags/example_sensors.py
[2026-04-21T04:04:05.197+0000] {processor.py:830} INFO - Processing file /home/airflow/.local/lib/python3.8/site-packages/airflow/example_dags/example_sensors.py for tasks to queue
[2026-04-21T04:04:05.199+0000] {logging_mixin.py:188} INFO - [2026-04-21T04:04:05.199+0000] {dagbag.py:538} INFO - Filling up the DagBag from /home/airflow/.local/lib/python3.8/site-packages/airflow/example_dags/example_sensors.py
[2026-04-21T04:04:05.204+0000] {processor.py:840} INFO - DAG(s) 'example_sensors' retrieved from /home/airflow/.local/lib/python3.8/site-packages/airflow/example_dags/example_sensors.py
[2026-04-21T04:04:05.219+0000] {logging_mixin.py:188} INFO - [2026-04-21T04:04:05.219+0000] {dag.py:3036} INFO - Sync 1 DAGs
[2026-04-21T04:04:05.227+0000] {logging_mixin.py:188} INFO - [2026-04-21T04:04:05.227+0000] {dag.py:3823} INFO - Setting next_dagrun for example_sensors to None, run_after=None
[2026-04-21T04:04:05.236+0000] {processor.py:183} INFO - Processing /home/airflow/.local/lib/python3.8/site-packages/airflow/example_dags/example_sensors.py took 0.044 seconds
[2026-04-21T04:04:35.311+0000] {processor.py:161} INFO - Started process (PID=1555) to work on /home/airflow/.local/lib/python3.8/site-packages/airflow/example_dags/example_sensors.py
[2026-04-21T04:04:35.314+0000] {processor.py:830} INFO - Processing file /home/airflow/.local/lib/python3.8/site-packages/airflow/example_dags/example_sensors.py for tasks to queue
[2026-04-21T04:04:35.315+0000] {logging_mixin.py:188} INFO - [2026-04-21T04:04:35.315+0000] {dagbag.py:538} INFO - Filling up the DagBag from /home/airflow/.local/lib/python3.8/site-packages/airflow/example_dags/example_sensors.py
[2026-04-21T04:04:35.322+0000] {processor.py:840} INFO - DAG(s) 'example_sensors' retrieved from /home/airflow/.local/lib/python3.8/site-packages/airflow/example_dags/example_sensors.py
[2026-04-21T04:04:35.338+0000] {logging_mixin.py:188} INFO - [2026-04-21T04:04:35.337+0000] {dag.py:3036} INFO - Sync 1 DAGs
[2026-04-21T04:04:35.345+0000] {logging_mixin.py:188} INFO - [2026-04-21T04:04:35.345+0000] {dag.py:3823} INFO - Setting next_dagrun for example_sensors to None, run_after=None
[2026-04-21T04:04:35.356+0000] {processor.py:183} INFO - Processing /home/airflow/.local/lib/python3.8/site-packages/airflow/example_dags/example_sensors.py took 0.048 seconds
[2026-04-21T04:05:05.455+0000] {processor.py:161} INFO - Started process (PID=1610) to work on /home/airflow/.local/lib/python3.8/site-packages/airflow/example_dags/example_sensors.py
[2026-04-21T04:05:05.459+0000] {processor.py:830} INFO - Processing file /home/airflow/.local/lib/python3.8/site-packages/airflow/example_dags/example_sensors.py for tasks to queue
[2026-04-21T04:05:05.460+0000] {logging_mixin.py:188} INFO - [2026-04-21T04:05:05.460+0000] {dagbag.py:538} INFO - Filling up the DagBag from /home/airflow/.local/lib/python3.8/site-packages/airflow/example_dags/example_sensors.py
[2026-04-21T04:05:05.465+0000] {processor.py:840} INFO - DAG(s) 'example_sensors' retrieved from /home/airflow/.local/lib/python3.8/site-packages/airflow/example_dags/example_sensors.py
[2026-04-21T04:05:05.482+0000] {logging_mixin.py:188} INFO - [2026-04-21T04:05:05.481+0000] {dag.py:3036} INFO - Sync 1 DAGs
[2026-04-21T04:05:05.490+0000] {logging_mixin.py:188} INFO - [2026-04-21T04:05:05.489+0000] {dag.py:3823} INFO - Setting next_dagrun for example_sensors to None, run_after=None
[2026-04-21T04:05:05.500+0000] {processor.py:183} INFO - Processing /home/airflow/.local/lib/python3.8/site-packages/airflow/example_dags/example_sensors.py took 0.047 seconds
[2026-04-21T04:05:35.797+0000] {processor.py:161} INFO - Started process (PID=1665) to work on /home/airflow/.local/lib/python3.8/site-packages/airflow/example_dags/example_sensors.py
[2026-04-21T04:05:35.804+0000] {processor.py:830} INFO - Processing file /home/airflow/.local/lib/python3.8/site-packages/airflow/example_dags/example_sensors.py for tasks to queue
[2026-04-21T04:05:35.805+0000] {logging_mixin.py:188} INFO - [2026-04-21T04:05:35.805+0000] {dagbag.py:538} INFO - Filling up the DagBag from /home/airflow/.local/lib/python3.8/site-packages/airflow/example_dags/example_sensors.py
[2026-04-21T04:05:35.811+0000] {processor.py:840} INFO - DAG(s) 'example_sensors' retrieved from /home/airflow/.local/lib/python3.8/site-packages/airflow/example_dags/example_sensors.py
[2026-04-21T04:05:35.827+0000] {logging_mixin.py:188} INFO - [2026-04-21T04:05:35.827+0000] {dag.py:3036} INFO - Sync 1 DAGs
[2026-04-21T04:05:35.835+0000] {logging_mixin.py:188} INFO - [2026-04-21T04:05:35.834+0000] {dag.py:3823} INFO - Setting next_dagrun for example_sensors to None, run_after=None
[2026-04-21T04:05:35.845+0000] {processor.py:183} INFO - Processing /home/airflow/.local/lib/python3.8/site-packages/airflow/example_dags/example_sensors.py took 0.050 seconds
[2026-04-21T04:06:06.011+0000] {processor.py:161} INFO - Started process (PID=1720) to work on /home/airflow/.local/lib/python3.8/site-packages/airflow/example_dags/example_sensors.py
[2026-04-21T04:06:06.015+0000] {processor.py:830} INFO - Processing file /home/airflow/.local/lib/python3.8/site-packages/airflow/example_dags/example_sensors.py for tasks to queue
[2026-04-21T04:06:06.016+0000] {logging_mixin.py:188} INFO - [2026-04-21T04:06:06.016+0000] {dagbag.py:538} INFO - Filling up the DagBag from /home/airflow/.local/lib/python3.8/site-packages/airflow/example_dags/example_sensors.py
[2026-04-21T04:06:06.023+0000] {processor.py:840} INFO - DAG(s) 'example_sensors' retrieved from /home/airflow/.local/lib/python3.8/site-packages/airflow/example_dags/example_sensors.py
[2026-04-21T04:06:06.039+0000] {logging_mixin.py:188} INFO - [2026-04-21T04:06:06.039+0000] {dag.py:3036} INFO - Sync 1 DAGs
[2026-04-21T04:06:06.047+0000] {logging_mixin.py:188} INFO - [2026-04-21T04:06:06.047+0000] {dag.py:3823} INFO - Setting next_dagrun for example_sensors to None, run_after=None
[2026-04-21T04:06:06.057+0000] {processor.py:183} INFO - Processing /home/airflow/.local/lib/python3.8/site-packages/airflow/example_dags/example_sensors.py took 0.048 seconds
[2026-04-21T04:06:36.205+0000] {processor.py:161} INFO - Started process (PID=1775) to work on /home/airflow/.local/lib/python3.8/site-packages/airflow/example_dags/example_sensors.py
[2026-04-21T04:06:36.208+0000] {processor.py:830} INFO - Processing file /home/airflow/.local/lib/python3.8/site-packages/airflow/example_dags/example_sensors.py for tasks to queue
[2026-04-21T04:06:36.209+0000] {logging_mixin.py:188} INFO - [2026-04-21T04:06:36.209+0000] {dagbag.py:538} INFO - Filling up the DagBag from /home/airflow/.local/lib/python3.8/site-packages/airflow/example_dags/example_sensors.py
[2026-04-21T04:06:36.215+0000] {processor.py:840} INFO - DAG(s) 'example_sensors' retrieved from /home/airflow/.local/lib/python3.8/site-packages/airflow/example_dags/example_sensors.py
[2026-04-21T04:06:36.232+0000] {logging_mixin.py:188} INFO - [2026-04-21T04:06:36.232+0000] {dag.py:3036} INFO - Sync 1 DAGs
[2026-04-21T04:06:36.241+0000] {logging_mixin.py:188} INFO - [2026-04-21T04:06:36.240+0000] {dag.py:3823} INFO - Setting next_dagrun for example_sensors to None, run_after=None
[2026-04-21T04:06:36.251+0000] {processor.py:183} INFO - Processing /home/airflow/.local/lib/python3.8/site-packages/airflow/example_dags/example_sensors.py took 0.048 seconds
[2026-04-21T04:07:06.315+0000] {processor.py:161} INFO - Started process (PID=1830) to work on /home/airflow/.local/lib/python3.8/site-packages/airflow/example_dags/example_sensors.py
[2026-04-21T04:07:06.318+0000] {processor.py:830} INFO - Processing file /home/airflow/.local/lib/python3.8/site-packages/airflow/example_dags/example_sensors.py for tasks to queue
[2026-04-21T04:07:06.320+0000] {logging_mixin.py:188} INFO - [2026-04-21T04:07:06.319+0000] {dagbag.py:538} INFO - Filling up the DagBag from /home/airflow/.local/lib/python3.8/site-packages/airflow/example_dags/example_sensors.py
[2026-04-21T04:07:06.325+0000] {processor.py:840} INFO - DAG(s) 'example_sensors' retrieved from /home/airflow/.local/lib/python3.8/site-packages/airflow/example_dags/example_sensors.py
[2026-04-21T04:07:06.341+0000] {logging_mixin.py:188} INFO - [2026-04-21T04:07:06.341+0000] {dag.py:3036} INFO - Sync 1 DAGs
[2026-04-21T04:07:06.349+0000] {logging_mixin.py:188} INFO - [2026-04-21T04:07:06.349+0000] {dag.py:3823} INFO - Setting next_dagrun for example_sensors to None, run_after=None
[2026-04-21T04:07:06.359+0000] {processor.py:183} INFO - Processing /home/airflow/.local/lib/python3.8/site-packages/airflow/example_dags/example_sensors.py took 0.047 seconds
[2026-04-21T04:07:37.126+0000] {processor.py:161} INFO - Started process (PID=1885) to work on /home/airflow/.local/lib/python3.8/site-packages/airflow/example_dags/example_sensors.py
[2026-04-21T04:07:37.126+0000] {processor.py:830} INFO - Processing file /home/airflow/.local/lib/python3.8/site-packages/airflow/example_dags/example_sensors.py for tasks to queue
[2026-04-21T04:07:37.128+0000] {logging_mixin.py:188} INFO - [2026-04-21T04:07:37.127+0000] {dagbag.py:538} INFO - Filling up the DagBag from /home/airflow/.local/lib/python3.8/site-packages/airflow/example_dags/example_sensors.py
[2026-04-21T04:07:37.134+0000] {processor.py:840} INFO - DAG(s) 'example_sensors' retrieved from /home/airflow/.local/lib/python3.8/site-packages/airflow/example_dags/example_sensors.py
[2026-04-21T04:07:37.149+0000] {logging_mixin.py:188} INFO - [2026-04-21T04:07:37.149+0000] {dag.py:3036} INFO - Sync 1 DAGs
[2026-04-21T04:07:37.157+0000] {logging_mixin.py:188} INFO - [2026-04-21T04:07:37.157+0000] {dag.py:3823} INFO - Setting next_dagrun for example_sensors to None, run_after=None
[2026-04-21T04:07:37.167+0000] {processor.py:183} INFO - Processing /home/airflow/.local/lib/python3.8/site-packages/airflow/example_dags/example_sensors.py took 0.044 seconds
[2026-04-21T04:08:07.406+0000] {processor.py:161} INFO - Started process (PID=1940) to work on /home/airflow/.local/lib/python3.8/site-packages/airflow/example_dags/example_sensors.py
[2026-04-21T04:08:07.409+0000] {processor.py:830} INFO - Processing file /home/airflow/.local/lib/python3.8/site-packages/airflow/example_dags/example_sensors.py for tasks to queue
[2026-04-21T04:08:07.411+0000] {logging_mixin.py:188} INFO - [2026-04-21T04:08:07.410+0000] {dagbag.py:538} INFO - Filling up the DagBag from /home/airflow/.local/lib/python3.8/site-packages/airflow/example_dags/example_sensors.py
[2026-04-21T04:08:07.416+0000] {processor.py:840} INFO - DAG(s) 'example_sensors' retrieved from /home/airflow/.local/lib/python3.8/site-packages/airflow/example_dags/example_sensors.py
[2026-04-21T04:08:07.431+0000] {logging_mixin.py:188} INFO - [2026-04-21T04:08:07.431+0000] {dag.py:3036} INFO - Sync 1 DAGs
[2026-04-21T04:08:07.439+0000] {logging_mixin.py:188} INFO - [2026-04-21T04:08:07.439+0000] {dag.py:3823} INFO - Setting next_dagrun for example_sensors to None, run_after=None
[2026-04-21T04:08:07.448+0000] {processor.py:183} INFO - Processing /home/airflow/.local/lib/python3.8/site-packages/airflow/example_dags/example_sensors.py took 0.044 seconds
[2026-04-21T04:08:37.510+0000] {processor.py:161} INFO - Started process (PID=1995) to work on /home/airflow/.local/lib/python3.8/site-packages/airflow/example_dags/example_sensors.py
[2026-04-21T04:08:37.513+0000] {processor.py:830} INFO - Processing file /home/airflow/.local/lib/python3.8/site-packages/airflow/example_dags/example_sensors.py for tasks to queue
[2026-04-21T04:08:37.514+0000] {logging_mixin.py:188} INFO - [2026-04-21T04:08:37.514+0000] {dagbag.py:538} INFO - Filling up the DagBag from /home/airflow/.local/lib/python3.8/site-packages/airflow/example_dags/example_sensors.py
[2026-04-21T04:08:37.520+0000] {processor.py:840} INFO - DAG(s) 'example_sensors' retrieved from /home/airflow/.local/lib/python3.8/site-packages/airflow/example_dags/example_sensors.py
[2026-04-21T04:08:37.535+0000] {logging_mixin.py:188} INFO - [2026-04-21T04:08:37.535+0000] {dag.py:3036} INFO - Sync 1 DAGs
[2026-04-21T04:08:37.543+0000] {logging_mixin.py:188} INFO - [2026-04-21T04:08:37.543+0000] {dag.py:3823} INFO - Setting next_dagrun for example_sensors to None, run_after=None
[2026-04-21T04:08:37.553+0000] {processor.py:183} INFO - Processing /home/airflow/.local/lib/python3.8/site-packages/airflow/example_dags/example_sensors.py took 0.045 seconds
[2026-04-21T04:09:07.666+0000] {processor.py:161} INFO - Started process (PID=2050) to work on /home/airflow/.local/lib/python3.8/site-packages/airflow/example_dags/example_sensors.py
[2026-04-21T04:09:07.666+0000] {processor.py:830} INFO - Processing file /home/airflow/.local/lib/python3.8/site-packages/airflow/example_dags/example_sensors.py for tasks to queue
[2026-04-21T04:09:07.667+0000] {logging_mixin.py:188} INFO - [2026-04-21T04:09:07.667+0000] {dagbag.py:538} INFO - Filling up the DagBag from /home/airflow/.local/lib/python3.8/site-packages/airflow/example_dags/example_sensors.py
[2026-04-21T04:09:07.673+0000] {processor.py:840} INFO - DAG(s) 'example_sensors' retrieved from /home/airflow/.local/lib/python3.8/site-packages/airflow/example_dags/example_sensors.py
[2026-04-21T04:09:07.689+0000] {logging_mixin.py:188} INFO - [2026-04-21T04:09:07.688+0000] {dag.py:3036} INFO - Sync 1 DAGs
[2026-04-21T04:09:07.696+0000] {logging_mixin.py:188} INFO - [2026-04-21T04:09:07.696+0000] {dag.py:3823} INFO - Setting next_dagrun for example_sensors to None, run_after=None
[2026-04-21T04:09:07.706+0000] {processor.py:183} INFO - Processing /home/airflow/.local/lib/python3.8/site-packages/airflow/example_dags/example_sensors.py took 0.043 seconds
[2026-04-21T04:09:38.383+0000] {processor.py:161} INFO - Started process (PID=2105) to work on /home/airflow/.local/lib/python3.8/site-packages/airflow/example_dags/example_sensors.py
[2026-04-21T04:09:38.386+0000] {processor.py:830} INFO - Processing file /home/airflow/.local/lib/python3.8/site-packages/airflow/example_dags/example_sensors.py for tasks to queue
[2026-04-21T04:09:38.387+0000] {logging_mixin.py:188} INFO - [2026-04-21T04:09:38.387+0000] {dagbag.py:538} INFO - Filling up the DagBag from /home/airflow/.local/lib/python3.8/site-packages/airflow/example_dags/example_sensors.py
[2026-04-21T04:09:38.392+0000] {processor.py:840} INFO - DAG(s) 'example_sensors' retrieved from /home/airflow/.local/lib/python3.8/site-packages/airflow/example_dags/example_sensors.py
[2026-04-21T04:09:38.407+0000] {logging_mixin.py:188} INFO - [2026-04-21T04:09:38.407+0000] {dag.py:3036} INFO - Sync 1 DAGs
[2026-04-21T04:09:38.415+0000] {logging_mixin.py:188} INFO - [2026-04-21T04:09:38.415+0000] {dag.py:3823} INFO - Setting next_dagrun for example_sensors to None, run_after=None
[2026-04-21T04:09:38.424+0000] {processor.py:183} INFO - Processing /home/airflow/.local/lib/python3.8/site-packages/airflow/example_dags/example_sensors.py took 0.044 seconds
[2026-04-21T04:10:08.463+0000] {processor.py:161} INFO - Started process (PID=2160) to work on /home/airflow/.local/lib/python3.8/site-packages/airflow/example_dags/example_sensors.py
[2026-04-21T04:10:08.464+0000] {processor.py:830} INFO - Processing file /home/airflow/.local/lib/python3.8/site-packages/airflow/example_dags/example_sensors.py for tasks to queue
[2026-04-21T04:10:08.465+0000] {logging_mixin.py:188} INFO - [2026-04-21T04:10:08.465+0000] {dagbag.py:538} INFO - Filling up the DagBag from /home/airflow/.local/lib/python3.8/site-packages/airflow/example_dags/example_sensors.py
[2026-04-21T04:10:08.472+0000] {processor.py:840} INFO - DAG(s) 'example_sensors' retrieved from /home/airflow/.local/lib/python3.8/site-packages/airflow/example_dags/example_sensors.py
[2026-04-21T04:10:08.488+0000] {logging_mixin.py:188} INFO - [2026-04-21T04:10:08.487+0000] {dag.py:3036} INFO - Sync 1 DAGs
[2026-04-21T04:10:08.495+0000] {logging_mixin.py:188} INFO - [2026-04-21T04:10:08.495+0000] {dag.py:3823} INFO - Setting next_dagrun for example_sensors to None, run_after=None
[2026-04-21T04:10:08.506+0000] {processor.py:183} INFO - Processing /home/airflow/.local/lib/python3.8/site-packages/airflow/example_dags/example_sensors.py took 0.044 seconds
[2026-04-21T04:10:38.586+0000] {processor.py:161} INFO - Started process (PID=2216) to work on /home/airflow/.local/lib/python3.8/site-packages/airflow/example_dags/example_sensors.py
[2026-04-21T04:10:38.589+0000] {processor.py:830} INFO - Processing file /home/airflow/.local/lib/python3.8/site-packages/airflow/example_dags/example_sensors.py for tasks to queue
[2026-04-21T04:10:38.590+0000] {logging_mixin.py:188} INFO - [2026-04-21T04:10:38.590+0000] {dagbag.py:538} INFO - Filling up the DagBag from /home/airflow/.local/lib/python3.8/site-packages/airflow/example_dags/example_sensors.py
[2026-04-21T04:10:38.596+0000] {processor.py:840} INFO - DAG(s) 'example_sensors' retrieved from /home/airflow/.local/lib/python3.8/site-packages/airflow/example_dags/example_sensors.py
[2026-04-21T04:10:38.611+0000] {logging_mixin.py:188} INFO - [2026-04-21T04:10:38.611+0000] {dag.py:3036} INFO - Sync 1 DAGs
[2026-04-21T04:10:38.619+0000] {logging_mixin.py:188} INFO - [2026-04-21T04:10:38.619+0000] {dag.py:3823} INFO - Setting next_dagrun for example_sensors to None, run_after=None
[2026-04-21T04:10:38.629+0000] {processor.py:183} INFO - Processing /home/airflow/.local/lib/python3.8/site-packages/airflow/example_dags/example_sensors.py took 0.045 seconds
[2026-04-21T04:11:08.812+0000] {processor.py:161} INFO - Started process (PID=2271) to work on /home/airflow/.local/lib/python3.8/site-packages/airflow/example_dags/example_sensors.py
[2026-04-21T04:11:08.813+0000] {processor.py:830} INFO - Processing file /home/airflow/.local/lib/python3.8/site-packages/airflow/example_dags/example_sensors.py for tasks to queue
[2026-04-21T04:11:08.814+0000] {logging_mixin.py:188} INFO - [2026-04-21T04:11:08.814+0000] {dagbag.py:538} INFO - Filling up the DagBag from /home/airflow/.local/lib/python3.8/site-packages/airflow/example_dags/example_sensors.py
[2026-04-21T04:11:08.820+0000] {processor.py:840} INFO - DAG(s) 'example_sensors' retrieved from /home/airflow/.local/lib/python3.8/site-packages/airflow/example_dags/example_sensors.py
[2026-04-21T04:11:08.836+0000] {logging_mixin.py:188} INFO - [2026-04-21T04:11:08.836+0000] {dag.py:3036} INFO - Sync 1 DAGs
[2026-04-21T04:11:08.844+0000] {logging_mixin.py:188} INFO - [2026-04-21T04:11:08.844+0000] {dag.py:3823} INFO - Setting next_dagrun for example_sensors to None, run_after=None
[2026-04-21T04:11:08.854+0000] {processor.py:183} INFO - Processing /home/airflow/.local/lib/python3.8/site-packages/airflow/example_dags/example_sensors.py took 0.045 seconds
[2026-04-21T04:11:38.998+0000] {processor.py:161} INFO - Started process (PID=2326) to work on /home/airflow/.local/lib/python3.8/site-packages/airflow/example_dags/example_sensors.py
[2026-04-21T04:11:38.999+0000] {processor.py:830} INFO - Processing file /home/airflow/.local/lib/python3.8/site-packages/airflow/example_dags/example_sensors.py for tasks to queue
[2026-04-21T04:11:39.000+0000] {logging_mixin.py:188} INFO - [2026-04-21T04:11:39.000+0000] {dagbag.py:538} INFO - Filling up the DagBag from /home/airflow/.local/lib/python3.8/site-packages/airflow/example_dags/example_sensors.py
[2026-04-21T04:11:39.006+0000] {processor.py:840} INFO - DAG(s) 'example_sensors' retrieved from /home/airflow/.local/lib/python3.8/site-packages/airflow/example_dags/example_sensors.py
[2026-04-21T04:11:39.022+0000] {logging_mixin.py:188} INFO - [2026-04-21T04:11:39.022+0000] {dag.py:3036} INFO - Sync 1 DAGs
[2026-04-21T04:11:39.030+0000] {logging_mixin.py:188} INFO - [2026-04-21T04:11:39.030+0000] {dag.py:3823} INFO - Setting next_dagrun for example_sensors to None, run_after=None
[2026-04-21T04:11:39.039+0000] {processor.py:183} INFO - Processing /home/airflow/.local/lib/python3.8/site-packages/airflow/example_dags/example_sensors.py took 0.044 seconds
[2026-04-21T04:12:09.126+0000] {processor.py:161} INFO - Started process (PID=2381) to work on /home/airflow/.local/lib/python3.8/site-packages/airflow/example_dags/example_sensors.py
[2026-04-21T04:12:09.127+0000] {processor.py:830} INFO - Processing file /home/airflow/.local/lib/python3.8/site-packages/airflow/example_dags/example_sensors.py for tasks to queue
[2026-04-21T04:12:09.128+0000] {logging_mixin.py:188} INFO - [2026-04-21T04:12:09.128+0000] {dagbag.py:538} INFO - Filling up the DagBag from /home/airflow/.local/lib/python3.8/site-packages/airflow/example_dags/example_sensors.py
[2026-04-21T04:12:09.134+0000] {processor.py:840} INFO - DAG(s) 'example_sensors' retrieved from /home/airflow/.local/lib/python3.8/site-packages/airflow/example_dags/example_sensors.py
[2026-04-21T04:12:09.150+0000] {logging_mixin.py:188} INFO - [2026-04-21T04:12:09.150+0000] {dag.py:3036} INFO - Sync 1 DAGs
[2026-04-21T04:12:09.158+0000] {logging_mixin.py:188} INFO - [2026-04-21T04:12:09.158+0000] {dag.py:3823} INFO - Setting next_dagrun for example_sensors to None, run_after=None
[2026-04-21T04:12:09.167+0000] {processor.py:183} INFO - Processing /home/airflow/.local/lib/python3.8/site-packages/airflow/example_dags/example_sensors.py took 0.043 seconds
[2026-04-21T04:12:39.761+0000] {processor.py:161} INFO - Started process (PID=2436) to work on /home/airflow/.local/lib/python3.8/site-packages/airflow/example_dags/example_sensors.py
[2026-04-21T04:12:39.762+0000] {processor.py:830} INFO - Processing file /home/airflow/.local/lib/python3.8/site-packages/airflow/example_dags/example_sensors.py for tasks to queue
[2026-04-21T04:12:39.763+0000] {logging_mixin.py:188} INFO - [2026-04-21T04:12:39.763+0000] {dagbag.py:538} INFO - Filling up the DagBag from /home/airflow/.local/lib/python3.8/site-packages/airflow/example_dags/example_sensors.py
[2026-04-21T04:12:39.769+0000] {processor.py:840} INFO - DAG(s) 'example_sensors' retrieved from /home/airflow/.local/lib/python3.8/site-packages/airflow/example_dags/example_sensors.py
[2026-04-21T04:12:39.785+0000] {logging_mixin.py:188} INFO - [2026-04-21T04:12:39.784+0000] {dag.py:3036} INFO - Sync 1 DAGs
[2026-04-21T04:12:39.793+0000] {logging_mixin.py:188} INFO - [2026-04-21T04:12:39.792+0000] {dag.py:3823} INFO - Setting next_dagrun for example_sensors to None, run_after=None
[2026-04-21T04:12:39.803+0000] {processor.py:183} INFO - Processing /home/airflow/.local/lib/python3.8/site-packages/airflow/example_dags/example_sensors.py took 0.044 seconds
[2026-04-21T04:13:09.973+0000] {processor.py:161} INFO - Started process (PID=2491) to work on /home/airflow/.local/lib/python3.8/site-packages/airflow/example_dags/example_sensors.py
[2026-04-21T04:13:09.974+0000] {processor.py:830} INFO - Processing file /home/airflow/.local/lib/python3.8/site-packages/airflow/example_dags/example_sensors.py for tasks to queue
[2026-04-21T04:13:09.975+0000] {logging_mixin.py:188} INFO - [2026-04-21T04:13:09.975+0000] {dagbag.py:538} INFO - Filling up the DagBag from /home/airflow/.local/lib/python3.8/site-packages/airflow/example_dags/example_sensors.py
[2026-04-21T04:13:09.980+0000] {processor.py:840} INFO - DAG(s) 'example_sensors' retrieved from /home/airflow/.local/lib/python3.8/site-packages/airflow/example_dags/example_sensors.py
[2026-04-21T04:13:09.997+0000] {logging_mixin.py:188} INFO - [2026-04-21T04:13:09.996+0000] {dag.py:3036} INFO - Sync 1 DAGs
[2026-04-21T04:13:10.004+0000] {logging_mixin.py:188} INFO - [2026-04-21T04:13:10.004+0000] {dag.py:3823} INFO - Setting next_dagrun for example_sensors to None, run_after=None
[2026-04-21T04:13:10.014+0000] {processor.py:183} INFO - Processing /home/airflow/.local/lib/python3.8/site-packages/airflow/example_dags/example_sensors.py took 0.043 seconds
[2026-04-21T04:13:40.718+0000] {processor.py:161} INFO - Started process (PID=2546) to work on /home/airflow/.local/lib/python3.8/site-packages/airflow/example_dags/example_sensors.py
[2026-04-21T04:13:40.719+0000] {processor.py:830} INFO - Processing file /home/airflow/.local/lib/python3.8/site-packages/airflow/example_dags/example_sensors.py for tasks to queue
[2026-04-21T04:13:40.720+0000] {logging_mixin.py:188} INFO - [2026-04-21T04:13:40.720+0000] {dagbag.py:538} INFO - Filling up the DagBag from /home/airflow/.local/lib/python3.8/site-packages/airflow/example_dags/example_sensors.py
[2026-04-21T04:13:40.726+0000] {processor.py:840} INFO - DAG(s) 'example_sensors' retrieved from /home/airflow/.local/lib/python3.8/site-packages/airflow/example_dags/example_sensors.py
[2026-04-21T04:13:40.744+0000] {logging_mixin.py:188} INFO - [2026-04-21T04:13:40.744+0000] {dag.py:3036} INFO - Sync 1 DAGs
[2026-04-21T04:13:40.865+0000] {logging_mixin.py:188} INFO - [2026-04-21T04:13:40.864+0000] {dag.py:3823} INFO - Setting next_dagrun for example_sensors to None, run_after=None
[2026-04-21T04:13:40.875+0000] {processor.py:183} INFO - Processing /home/airflow/.local/lib/python3.8/site-packages/airflow/example_dags/example_sensors.py took 0.160 seconds
[2026-04-21T04:14:10.901+0000] {processor.py:161} INFO - Started process (PID=2601) to work on /home/airflow/.local/lib/python3.8/site-packages/airflow/example_dags/example_sensors.py
[2026-04-21T04:14:10.902+0000] {processor.py:830} INFO - Processing file /home/airflow/.local/lib/python3.8/site-packages/airflow/example_dags/example_sensors.py for tasks to queue
[2026-04-21T04:14:10.903+0000] {logging_mixin.py:188} INFO - [2026-04-21T04:14:10.903+0000] {dagbag.py:538} INFO - Filling up the DagBag from /home/airflow/.local/lib/python3.8/site-packages/airflow/example_dags/example_sensors.py
[2026-04-21T04:14:10.909+0000] {processor.py:840} INFO - DAG(s) 'example_sensors' retrieved from /home/airflow/.local/lib/python3.8/site-packages/airflow/example_dags/example_sensors.py
[2026-04-21T04:14:10.925+0000] {logging_mixin.py:188} INFO - [2026-04-21T04:14:10.925+0000] {dag.py:3036} INFO - Sync 1 DAGs
[2026-04-21T04:14:10.934+0000] {logging_mixin.py:188} INFO - [2026-04-21T04:14:10.933+0000] {dag.py:3823} INFO - Setting next_dagrun for example_sensors to None, run_after=None
[2026-04-21T04:14:11.049+0000] {processor.py:183} INFO - Processing /home/airflow/.local/lib/python3.8/site-packages/airflow/example_dags/example_sensors.py took 0.151 seconds
[2026-04-21T04:14:41.123+0000] {processor.py:161} INFO - Started process (PID=2656) to work on /home/airflow/.local/lib/python3.8/site-packages/airflow/example_dags/example_sensors.py
[2026-04-21T04:14:41.124+0000] {processor.py:830} INFO - Processing file /home/airflow/.local/lib/python3.8/site-packages/airflow/example_dags/example_sensors.py for tasks to queue
[2026-04-21T04:14:41.125+0000] {logging_mixin.py:188} INFO - [2026-04-21T04:14:41.125+0000] {dagbag.py:538} INFO - Filling up the DagBag from /home/airflow/.local/lib/python3.8/site-packages/airflow/example_dags/example_sensors.py
[2026-04-21T04:14:41.130+0000] {processor.py:840} INFO - DAG(s) 'example_sensors' retrieved from /home/airflow/.local/lib/python3.8/site-packages/airflow/example_dags/example_sensors.py
[2026-04-21T04:14:41.146+0000] {logging_mixin.py:188} INFO - [2026-04-21T04:14:41.145+0000] {dag.py:3036} INFO - Sync 1 DAGs
[2026-04-21T04:14:41.153+0000] {logging_mixin.py:188} INFO - [2026-04-21T04:14:41.153+0000] {dag.py:3823} INFO - Setting next_dagrun for example_sensors to None, run_after=None
[2026-04-21T04:14:41.163+0000] {processor.py:183} INFO - Processing /home/airflow/.local/lib/python3.8/site-packages/airflow/example_dags/example_sensors.py took 0.042 seconds
[2026-04-21T04:15:11.719+0000] {processor.py:161} INFO - Started process (PID=2711) to work on /home/airflow/.local/lib/python3.8/site-packages/airflow/example_dags/example_sensors.py
[2026-04-21T04:15:11.720+0000] {processor.py:830} INFO - Processing file /home/airflow/.local/lib/python3.8/site-packages/airflow/example_dags/example_sensors.py for tasks to queue
[2026-04-21T04:15:11.723+0000] {logging_mixin.py:188} INFO - [2026-04-21T04:15:11.723+0000] {dagbag.py:538} INFO - Filling up the DagBag from /home/airflow/.local/lib/python3.8/site-packages/airflow/example_dags/example_sensors.py
[2026-04-21T04:15:11.736+0000] {processor.py:840} INFO - DAG(s) 'example_sensors' retrieved from /home/airflow/.local/lib/python3.8/site-packages/airflow/example_dags/example_sensors.py
[2026-04-21T04:15:11.771+0000] {logging_mixin.py:188} INFO - [2026-04-21T04:15:11.771+0000] {dag.py:3036} INFO - Sync 1 DAGs
[2026-04-21T04:15:11.788+0000] {logging_mixin.py:188} INFO - [2026-04-21T04:15:11.788+0000] {dag.py:3823} INFO - Setting next_dagrun for example_sensors to None, run_after=None
[2026-04-21T04:15:11.814+0000] {processor.py:183} INFO - Processing /home/airflow/.local/lib/python3.8/site-packages/airflow/example_dags/example_sensors.py took 0.100 seconds
[2026-04-21T04:26:05.809+0000] {processor.py:161} INFO - Started process (PID=2738) to work on /home/airflow/.local/lib/python3.8/site-packages/airflow/example_dags/example_sensors.py
[2026-04-21T04:26:05.810+0000] {processor.py:830} INFO - Processing file /home/airflow/.local/lib/python3.8/site-packages/airflow/example_dags/example_sensors.py for tasks to queue
[2026-04-21T04:26:05.812+0000] {logging_mixin.py:188} INFO - [2026-04-21T04:26:05.811+0000] {dagbag.py:538} INFO - Filling up the DagBag from /home/airflow/.local/lib/python3.8/site-packages/airflow/example_dags/example_sensors.py
[2026-04-21T04:26:05.825+0000] {processor.py:840} INFO - DAG(s) 'example_sensors' retrieved from /home/airflow/.local/lib/python3.8/site-packages/airflow/example_dags/example_sensors.py
[2026-04-21T04:26:05.864+0000] {logging_mixin.py:188} INFO - [2026-04-21T04:26:05.863+0000] {dag.py:3036} INFO - Sync 1 DAGs
[2026-04-21T04:26:06.062+0000] {logging_mixin.py:188} INFO - [2026-04-21T04:26:06.062+0000] {dag.py:3823} INFO - Setting next_dagrun for example_sensors to None, run_after=None
[2026-04-21T04:26:06.086+0000] {processor.py:183} INFO - Processing /home/airflow/.local/lib/python3.8/site-packages/airflow/example_dags/example_sensors.py took 0.282 seconds
[2026-04-21T04:26:36.234+0000] {processor.py:161} INFO - Started process (PID=2793) to work on /home/airflow/.local/lib/python3.8/site-packages/airflow/example_dags/example_sensors.py
[2026-04-21T04:26:36.236+0000] {processor.py:830} INFO - Processing file /home/airflow/.local/lib/python3.8/site-packages/airflow/example_dags/example_sensors.py for tasks to queue
[2026-04-21T04:26:36.237+0000] {logging_mixin.py:188} INFO - [2026-04-21T04:26:36.237+0000] {dagbag.py:538} INFO - Filling up the DagBag from /home/airflow/.local/lib/python3.8/site-packages/airflow/example_dags/example_sensors.py
[2026-04-21T04:26:36.250+0000] {processor.py:840} INFO - DAG(s) 'example_sensors' retrieved from /home/airflow/.local/lib/python3.8/site-packages/airflow/example_dags/example_sensors.py
[2026-04-21T04:26:36.284+0000] {logging_mixin.py:188} INFO - [2026-04-21T04:26:36.284+0000] {dag.py:3036} INFO - Sync 1 DAGs
[2026-04-21T04:26:36.300+0000] {logging_mixin.py:188} INFO - [2026-04-21T04:26:36.300+0000] {dag.py:3823} INFO - Setting next_dagrun for example_sensors to None, run_after=None
[2026-04-21T04:26:36.325+0000] {processor.py:183} INFO - Processing /home/airflow/.local/lib/python3.8/site-packages/airflow/example_dags/example_sensors.py took 0.096 seconds
[2026-04-21T04:27:06.820+0000] {processor.py:161} INFO - Started process (PID=2848) to work on /home/airflow/.local/lib/python3.8/site-packages/airflow/example_dags/example_sensors.py
[2026-04-21T04:27:06.821+0000] {processor.py:830} INFO - Processing file /home/airflow/.local/lib/python3.8/site-packages/airflow/example_dags/example_sensors.py for tasks to queue
[2026-04-21T04:27:06.822+0000] {logging_mixin.py:188} INFO - [2026-04-21T04:27:06.821+0000] {dagbag.py:538} INFO - Filling up the DagBag from /home/airflow/.local/lib/python3.8/site-packages/airflow/example_dags/example_sensors.py
[2026-04-21T04:27:06.835+0000] {processor.py:840} INFO - DAG(s) 'example_sensors' retrieved from /home/airflow/.local/lib/python3.8/site-packages/airflow/example_dags/example_sensors.py
[2026-04-21T04:27:06.871+0000] {logging_mixin.py:188} INFO - [2026-04-21T04:27:06.870+0000] {dag.py:3036} INFO - Sync 1 DAGs
[2026-04-21T04:27:06.887+0000] {logging_mixin.py:188} INFO - [2026-04-21T04:27:06.887+0000] {dag.py:3823} INFO - Setting next_dagrun for example_sensors to None, run_after=None
[2026-04-21T04:27:06.910+0000] {processor.py:183} INFO - Processing /home/airflow/.local/lib/python3.8/site-packages/airflow/example_dags/example_sensors.py took 0.096 seconds
[2026-04-21T04:27:37.432+0000] {processor.py:161} INFO - Started process (PID=2903) to work on /home/airflow/.local/lib/python3.8/site-packages/airflow/example_dags/example_sensors.py
[2026-04-21T04:27:37.433+0000] {processor.py:830} INFO - Processing file /home/airflow/.local/lib/python3.8/site-packages/airflow/example_dags/example_sensors.py for tasks to queue
[2026-04-21T04:27:37.434+0000] {logging_mixin.py:188} INFO - [2026-04-21T04:27:37.434+0000] {dagbag.py:538} INFO - Filling up the DagBag from /home/airflow/.local/lib/python3.8/site-packages/airflow/example_dags/example_sensors.py
[2026-04-21T04:27:37.447+0000] {processor.py:840} INFO - DAG(s) 'example_sensors' retrieved from /home/airflow/.local/lib/python3.8/site-packages/airflow/example_dags/example_sensors.py
[2026-04-21T04:27:37.481+0000] {logging_mixin.py:188} INFO - [2026-04-21T04:27:37.481+0000] {dag.py:3036} INFO - Sync 1 DAGs
[2026-04-21T04:27:37.497+0000] {logging_mixin.py:188} INFO - [2026-04-21T04:27:37.497+0000] {dag.py:3823} INFO - Setting next_dagrun for example_sensors to None, run_after=None
[2026-04-21T04:27:37.519+0000] {processor.py:183} INFO - Processing /home/airflow/.local/lib/python3.8/site-packages/airflow/example_dags/example_sensors.py took 0.092 seconds
[2026-04-21T04:28:08.206+0000] {processor.py:161} INFO - Started process (PID=2958) to work on /home/airflow/.local/lib/python3.8/site-packages/airflow/example_dags/example_sensors.py
[2026-04-21T04:28:08.207+0000] {processor.py:830} INFO - Processing file /home/airflow/.local/lib/python3.8/site-packages/airflow/example_dags/example_sensors.py for tasks to queue
[2026-04-21T04:28:08.208+0000] {logging_mixin.py:188} INFO - [2026-04-21T04:28:08.208+0000] {dagbag.py:538} INFO - Filling up the DagBag from /home/airflow/.local/lib/python3.8/site-packages/airflow/example_dags/example_sensors.py
[2026-04-21T04:28:08.221+0000] {processor.py:840} INFO - DAG(s) 'example_sensors' retrieved from /home/airflow/.local/lib/python3.8/site-packages/airflow/example_dags/example_sensors.py
[2026-04-21T04:28:08.256+0000] {logging_mixin.py:188} INFO - [2026-04-21T04:28:08.256+0000] {dag.py:3036} INFO - Sync 1 DAGs
[2026-04-21T04:28:08.272+0000] {logging_mixin.py:188} INFO - [2026-04-21T04:28:08.272+0000] {dag.py:3823} INFO - Setting next_dagrun for example_sensors to None, run_after=None
[2026-04-21T04:28:08.294+0000] {processor.py:183} INFO - Processing /home/airflow/.local/lib/python3.8/site-packages/airflow/example_dags/example_sensors.py took 0.092 seconds
[2026-04-21T04:28:38.750+0000] {processor.py:161} INFO - Started process (PID=3013) to work on /home/airflow/.local/lib/python3.8/site-packages/airflow/example_dags/example_sensors.py
[2026-04-21T04:28:38.752+0000] {processor.py:830} INFO - Processing file /home/airflow/.local/lib/python3.8/site-packages/airflow/example_dags/example_sensors.py for tasks to queue
[2026-04-21T04:28:38.753+0000] {logging_mixin.py:188} INFO - [2026-04-21T04:28:38.752+0000] {dagbag.py:538} INFO - Filling up the DagBag from /home/airflow/.local/lib/python3.8/site-packages/airflow/example_dags/example_sensors.py
[2026-04-21T04:28:38.765+0000] {processor.py:840} INFO - DAG(s) 'example_sensors' retrieved from /home/airflow/.local/lib/python3.8/site-packages/airflow/example_dags/example_sensors.py
[2026-04-21T04:28:38.799+0000] {logging_mixin.py:188} INFO - [2026-04-21T04:28:38.798+0000] {dag.py:3036} INFO - Sync 1 DAGs
[2026-04-21T04:28:38.814+0000] {logging_mixin.py:188} INFO - [2026-04-21T04:28:38.814+0000] {dag.py:3823} INFO - Setting next_dagrun for example_sensors to None, run_after=None
[2026-04-21T04:28:38.835+0000] {processor.py:183} INFO - Processing /home/airflow/.local/lib/python3.8/site-packages/airflow/example_dags/example_sensors.py took 0.090 seconds
[2026-04-21T04:29:09.266+0000] {processor.py:161} INFO - Started process (PID=3068) to work on /home/airflow/.local/lib/python3.8/site-packages/airflow/example_dags/example_sensors.py
[2026-04-21T04:29:09.267+0000] {processor.py:830} INFO - Processing file /home/airflow/.local/lib/python3.8/site-packages/airflow/example_dags/example_sensors.py for tasks to queue
[2026-04-21T04:29:09.269+0000] {logging_mixin.py:188} INFO - [2026-04-21T04:29:09.268+0000] {dagbag.py:538} INFO - Filling up the DagBag from /home/airflow/.local/lib/python3.8/site-packages/airflow/example_dags/example_sensors.py
[2026-04-21T04:29:09.281+0000] {processor.py:840} INFO - DAG(s) 'example_sensors' retrieved from /home/airflow/.local/lib/python3.8/site-packages/airflow/example_dags/example_sensors.py
[2026-04-21T04:29:09.315+0000] {logging_mixin.py:188} INFO - [2026-04-21T04:29:09.314+0000] {dag.py:3036} INFO - Sync 1 DAGs
[2026-04-21T04:29:09.330+0000] {logging_mixin.py:188} INFO - [2026-04-21T04:29:09.330+0000] {dag.py:3823} INFO - Setting next_dagrun for example_sensors to None, run_after=None
[2026-04-21T04:29:09.355+0000] {processor.py:183} INFO - Processing /home/airflow/.local/lib/python3.8/site-packages/airflow/example_dags/example_sensors.py took 0.093 seconds
[2026-04-21T04:29:39.730+0000] {processor.py:161} INFO - Started process (PID=3123) to work on /home/airflow/.local/lib/python3.8/site-packages/airflow/example_dags/example_sensors.py
[2026-04-21T04:29:39.732+0000] {processor.py:830} INFO - Processing file /home/airflow/.local/lib/python3.8/site-packages/airflow/example_dags/example_sensors.py for tasks to queue
[2026-04-21T04:29:39.733+0000] {logging_mixin.py:188} INFO - [2026-04-21T04:29:39.732+0000] {dagbag.py:538} INFO - Filling up the DagBag from /home/airflow/.local/lib/python3.8/site-packages/airflow/example_dags/example_sensors.py
[2026-04-21T04:29:39.744+0000] {processor.py:840} INFO - DAG(s) 'example_sensors' retrieved from /home/airflow/.local/lib/python3.8/site-packages/airflow/example_dags/example_sensors.py
[2026-04-21T04:29:39.778+0000] {logging_mixin.py:188} INFO - [2026-04-21T04:29:39.778+0000] {dag.py:3036} INFO - Sync 1 DAGs
[2026-04-21T04:29:39.793+0000] {logging_mixin.py:188} INFO - [2026-04-21T04:29:39.793+0000] {dag.py:3823} INFO - Setting next_dagrun for example_sensors to None, run_after=None
[2026-04-21T04:29:39.816+0000] {processor.py:183} INFO - Processing /home/airflow/.local/lib/python3.8/site-packages/airflow/example_dags/example_sensors.py took 0.090 seconds
[2026-04-21T04:30:10.044+0000] {processor.py:161} INFO - Started process (PID=3178) to work on /home/airflow/.local/lib/python3.8/site-packages/airflow/example_dags/example_sensors.py
[2026-04-21T04:30:10.045+0000] {processor.py:830} INFO - Processing file /home/airflow/.local/lib/python3.8/site-packages/airflow/example_dags/example_sensors.py for tasks to queue
[2026-04-21T04:30:10.046+0000] {logging_mixin.py:188} INFO - [2026-04-21T04:30:10.046+0000] {dagbag.py:538} INFO - Filling up the DagBag from /home/airflow/.local/lib/python3.8/site-packages/airflow/example_dags/example_sensors.py
[2026-04-21T04:30:10.059+0000] {processor.py:840} INFO - DAG(s) 'example_sensors' retrieved from /home/airflow/.local/lib/python3.8/site-packages/airflow/example_dags/example_sensors.py
[2026-04-21T04:30:10.092+0000] {logging_mixin.py:188} INFO - [2026-04-21T04:30:10.091+0000] {dag.py:3036} INFO - Sync 1 DAGs
[2026-04-21T04:30:10.107+0000] {logging_mixin.py:188} INFO - [2026-04-21T04:30:10.107+0000] {dag.py:3823} INFO - Setting next_dagrun for example_sensors to None, run_after=None
[2026-04-21T04:30:10.129+0000] {processor.py:183} INFO - Processing /home/airflow/.local/lib/python3.8/site-packages/airflow/example_dags/example_sensors.py took 0.090 seconds
[2026-04-21T04:30:40.501+0000] {processor.py:161} INFO - Started process (PID=3233) to work on /home/airflow/.local/lib/python3.8/site-packages/airflow/example_dags/example_sensors.py
[2026-04-21T04:30:40.502+0000] {processor.py:830} INFO - Processing file /home/airflow/.local/lib/python3.8/site-packages/airflow/example_dags/example_sensors.py for tasks to queue
[2026-04-21T04:30:40.503+0000] {logging_mixin.py:188} INFO - [2026-04-21T04:30:40.503+0000] {dagbag.py:538} INFO - Filling up the DagBag from /home/airflow/.local/lib/python3.8/site-packages/airflow/example_dags/example_sensors.py
[2026-04-21T04:30:40.517+0000] {processor.py:840} INFO - DAG(s) 'example_sensors' retrieved from /home/airflow/.local/lib/python3.8/site-packages/airflow/example_dags/example_sensors.py
[2026-04-21T04:30:40.549+0000] {logging_mixin.py:188} INFO - [2026-04-21T04:30:40.548+0000] {dag.py:3036} INFO - Sync 1 DAGs
[2026-04-21T04:30:40.565+0000] {logging_mixin.py:188} INFO - [2026-04-21T04:30:40.564+0000] {dag.py:3823} INFO - Setting next_dagrun for example_sensors to None, run_after=None
[2026-04-21T04:30:40.588+0000] {processor.py:183} INFO - Processing /home/airflow/.local/lib/python3.8/site-packages/airflow/example_dags/example_sensors.py took 0.091 seconds
[2026-04-21T04:31:11.038+0000] {processor.py:161} INFO - Started process (PID=3288) to work on /home/airflow/.local/lib/python3.8/site-packages/airflow/example_dags/example_sensors.py
[2026-04-21T04:31:11.039+0000] {processor.py:830} INFO - Processing file /home/airflow/.local/lib/python3.8/site-packages/airflow/example_dags/example_sensors.py for tasks to queue
[2026-04-21T04:31:11.040+0000] {logging_mixin.py:188} INFO - [2026-04-21T04:31:11.040+0000] {dagbag.py:538} INFO - Filling up the DagBag from /home/airflow/.local/lib/python3.8/site-packages/airflow/example_dags/example_sensors.py
[2026-04-21T04:31:11.053+0000] {processor.py:840} INFO - DAG(s) 'example_sensors' retrieved from /home/airflow/.local/lib/python3.8/site-packages/airflow/example_dags/example_sensors.py
[2026-04-21T04:31:11.085+0000] {logging_mixin.py:188} INFO - [2026-04-21T04:31:11.085+0000] {dag.py:3036} INFO - Sync 1 DAGs
[2026-04-21T04:31:11.101+0000] {logging_mixin.py:188} INFO - [2026-04-21T04:31:11.100+0000] {dag.py:3823} INFO - Setting next_dagrun for example_sensors to None, run_after=None
[2026-04-21T04:31:11.123+0000] {processor.py:183} INFO - Processing /home/airflow/.local/lib/python3.8/site-packages/airflow/example_dags/example_sensors.py took 0.089 seconds
[2026-04-21T04:31:41.586+0000] {processor.py:161} INFO - Started process (PID=3343) to work on /home/airflow/.local/lib/python3.8/site-packages/airflow/example_dags/example_sensors.py
[2026-04-21T04:31:41.587+0000] {processor.py:830} INFO - Processing file /home/airflow/.local/lib/python3.8/site-packages/airflow/example_dags/example_sensors.py for tasks to queue
[2026-04-21T04:31:41.588+0000] {logging_mixin.py:188} INFO - [2026-04-21T04:31:41.587+0000] {dagbag.py:538} INFO - Filling up the DagBag from /home/airflow/.local/lib/python3.8/site-packages/airflow/example_dags/example_sensors.py
[2026-04-21T04:31:41.602+0000] {processor.py:840} INFO - DAG(s) 'example_sensors' retrieved from /home/airflow/.local/lib/python3.8/site-packages/airflow/example_dags/example_sensors.py
[2026-04-21T04:31:41.635+0000] {logging_mixin.py:188} INFO - [2026-04-21T04:31:41.635+0000] {dag.py:3036} INFO - Sync 1 DAGs
[2026-04-21T04:31:41.651+0000] {logging_mixin.py:188} INFO - [2026-04-21T04:31:41.651+0000] {dag.py:3823} INFO - Setting next_dagrun for example_sensors to None, run_after=None
[2026-04-21T04:31:41.672+0000] {processor.py:183} INFO - Processing /home/airflow/.local/lib/python3.8/site-packages/airflow/example_dags/example_sensors.py took 0.090 seconds
[2026-04-21T04:32:12.159+0000] {processor.py:161} INFO - Started process (PID=3398) to work on /home/airflow/.local/lib/python3.8/site-packages/airflow/example_dags/example_sensors.py
[2026-04-21T04:32:12.161+0000] {processor.py:830} INFO - Processing file /home/airflow/.local/lib/python3.8/site-packages/airflow/example_dags/example_sensors.py for tasks to queue
[2026-04-21T04:32:12.162+0000] {logging_mixin.py:188} INFO - [2026-04-21T04:32:12.161+0000] {dagbag.py:538} INFO - Filling up the DagBag from /home/airflow/.local/lib/python3.8/site-packages/airflow/example_dags/example_sensors.py
[2026-04-21T04:32:12.174+0000] {processor.py:840} INFO - DAG(s) 'example_sensors' retrieved from /home/airflow/.local/lib/python3.8/site-packages/airflow/example_dags/example_sensors.py
[2026-04-21T04:32:12.209+0000] {logging_mixin.py:188} INFO - [2026-04-21T04:32:12.208+0000] {dag.py:3036} INFO - Sync 1 DAGs
[2026-04-21T04:32:12.225+0000] {logging_mixin.py:188} INFO - [2026-04-21T04:32:12.225+0000] {dag.py:3823} INFO - Setting next_dagrun for example_sensors to None, run_after=None
[2026-04-21T04:32:12.249+0000] {processor.py:183} INFO - Processing /home/airflow/.local/lib/python3.8/site-packages/airflow/example_dags/example_sensors.py took 0.094 seconds
[2026-04-21T04:32:42.607+0000] {processor.py:161} INFO - Started process (PID=3453) to work on /home/airflow/.local/lib/python3.8/site-packages/airflow/example_dags/example_sensors.py
[2026-04-21T04:32:42.608+0000] {processor.py:830} INFO - Processing file /home/airflow/.local/lib/python3.8/site-packages/airflow/example_dags/example_sensors.py for tasks to queue
[2026-04-21T04:32:42.609+0000] {logging_mixin.py:188} INFO - [2026-04-21T04:32:42.609+0000] {dagbag.py:538} INFO - Filling up the DagBag from /home/airflow/.local/lib/python3.8/site-packages/airflow/example_dags/example_sensors.py
[2026-04-21T04:32:42.623+0000] {processor.py:840} INFO - DAG(s) 'example_sensors' retrieved from /home/airflow/.local/lib/python3.8/site-packages/airflow/example_dags/example_sensors.py
[2026-04-21T04:32:42.659+0000] {logging_mixin.py:188} INFO - [2026-04-21T04:32:42.659+0000] {dag.py:3036} INFO - Sync 1 DAGs
[2026-04-21T04:32:42.680+0000] {logging_mixin.py:188} INFO - [2026-04-21T04:32:42.680+0000] {dag.py:3823} INFO - Setting next_dagrun for example_sensors to None, run_after=None
[2026-04-21T04:32:42.708+0000] {processor.py:183} INFO - Processing /home/airflow/.local/lib/python3.8/site-packages/airflow/example_dags/example_sensors.py took 0.107 seconds
[2026-04-21T04:33:13.269+0000] {processor.py:161} INFO - Started process (PID=3513) to work on /home/airflow/.local/lib/python3.8/site-packages/airflow/example_dags/example_sensors.py
[2026-04-21T04:33:13.270+0000] {processor.py:830} INFO - Processing file /home/airflow/.local/lib/python3.8/site-packages/airflow/example_dags/example_sensors.py for tasks to queue
[2026-04-21T04:33:13.271+0000] {logging_mixin.py:188} INFO - [2026-04-21T04:33:13.270+0000] {dagbag.py:538} INFO - Filling up the DagBag from /home/airflow/.local/lib/python3.8/site-packages/airflow/example_dags/example_sensors.py
[2026-04-21T04:33:13.283+0000] {processor.py:840} INFO - DAG(s) 'example_sensors' retrieved from /home/airflow/.local/lib/python3.8/site-packages/airflow/example_dags/example_sensors.py
[2026-04-21T04:33:13.317+0000] {logging_mixin.py:188} INFO - [2026-04-21T04:33:13.316+0000] {dag.py:3036} INFO - Sync 1 DAGs
[2026-04-21T04:33:13.333+0000] {logging_mixin.py:188} INFO - [2026-04-21T04:33:13.333+0000] {dag.py:3823} INFO - Setting next_dagrun for example_sensors to None, run_after=None
[2026-04-21T04:33:13.358+0000] {processor.py:183} INFO - Processing /home/airflow/.local/lib/python3.8/site-packages/airflow/example_dags/example_sensors.py took 0.094 seconds
[2026-04-21T04:33:43.652+0000] {processor.py:161} INFO - Started process (PID=3568) to work on /home/airflow/.local/lib/python3.8/site-packages/airflow/example_dags/example_sensors.py
[2026-04-21T04:33:43.653+0000] {processor.py:830} INFO - Processing file /home/airflow/.local/lib/python3.8/site-packages/airflow/example_dags/example_sensors.py for tasks to queue
[2026-04-21T04:33:43.654+0000] {logging_mixin.py:188} INFO - [2026-04-21T04:33:43.654+0000] {dagbag.py:538} INFO - Filling up the DagBag from /home/airflow/.local/lib/python3.8/site-packages/airflow/example_dags/example_sensors.py
[2026-04-21T04:33:43.667+0000] {processor.py:840} INFO - DAG(s) 'example_sensors' retrieved from /home/airflow/.local/lib/python3.8/site-packages/airflow/example_dags/example_sensors.py
[2026-04-21T04:33:43.702+0000] {logging_mixin.py:188} INFO - [2026-04-21T04:33:43.702+0000] {dag.py:3036} INFO - Sync 1 DAGs
[2026-04-21T04:33:43.719+0000] {logging_mixin.py:188} INFO - [2026-04-21T04:33:43.718+0000] {dag.py:3823} INFO - Setting next_dagrun for example_sensors to None, run_after=None
[2026-04-21T04:33:43.740+0000] {processor.py:183} INFO - Processing /home/airflow/.local/lib/python3.8/site-packages/airflow/example_dags/example_sensors.py took 0.092 seconds
[2026-04-21T04:34:13.996+0000] {processor.py:161} INFO - Started process (PID=3623) to work on /home/airflow/.local/lib/python3.8/site-packages/airflow/example_dags/example_sensors.py
[2026-04-21T04:34:13.997+0000] {processor.py:830} INFO - Processing file /home/airflow/.local/lib/python3.8/site-packages/airflow/example_dags/example_sensors.py for tasks to queue
[2026-04-21T04:34:13.998+0000] {logging_mixin.py:188} INFO - [2026-04-21T04:34:13.998+0000] {dagbag.py:538} INFO - Filling up the DagBag from /home/airflow/.local/lib/python3.8/site-packages/airflow/example_dags/example_sensors.py
[2026-04-21T04:34:14.011+0000] {processor.py:840} INFO - DAG(s) 'example_sensors' retrieved from /home/airflow/.local/lib/python3.8/site-packages/airflow/example_dags/example_sensors.py
[2026-04-21T04:34:14.046+0000] {logging_mixin.py:188} INFO - [2026-04-21T04:34:14.045+0000] {dag.py:3036} INFO - Sync 1 DAGs
[2026-04-21T04:34:14.062+0000] {logging_mixin.py:188} INFO - [2026-04-21T04:34:14.062+0000] {dag.py:3823} INFO - Setting next_dagrun for example_sensors to None, run_after=None
[2026-04-21T04:34:14.085+0000] {processor.py:183} INFO - Processing /home/airflow/.local/lib/python3.8/site-packages/airflow/example_dags/example_sensors.py took 0.094 seconds
[2026-04-21T04:34:44.286+0000] {processor.py:161} INFO - Started process (PID=3678) to work on /home/airflow/.local/lib/python3.8/site-packages/airflow/example_dags/example_sensors.py
[2026-04-21T04:34:44.287+0000] {processor.py:830} INFO - Processing file /home/airflow/.local/lib/python3.8/site-packages/airflow/example_dags/example_sensors.py for tasks to queue
[2026-04-21T04:34:44.288+0000] {logging_mixin.py:188} INFO - [2026-04-21T04:34:44.288+0000] {dagbag.py:538} INFO - Filling up the DagBag from /home/airflow/.local/lib/python3.8/site-packages/airflow/example_dags/example_sensors.py
[2026-04-21T04:34:44.301+0000] {processor.py:840} INFO - DAG(s) 'example_sensors' retrieved from /home/airflow/.local/lib/python3.8/site-packages/airflow/example_dags/example_sensors.py
[2026-04-21T04:34:44.336+0000] {logging_mixin.py:188} INFO - [2026-04-21T04:34:44.335+0000] {dag.py:3036} INFO - Sync 1 DAGs
[2026-04-21T04:34:44.352+0000] {logging_mixin.py:188} INFO - [2026-04-21T04:34:44.351+0000] {dag.py:3823} INFO - Setting next_dagrun for example_sensors to None, run_after=None
[2026-04-21T04:34:44.374+0000] {processor.py:183} INFO - Processing /home/airflow/.local/lib/python3.8/site-packages/airflow/example_dags/example_sensors.py took 0.093 seconds
[2026-04-21T04:35:14.590+0000] {processor.py:161} INFO - Started process (PID=3733) to work on /home/airflow/.local/lib/python3.8/site-packages/airflow/example_dags/example_sensors.py
[2026-04-21T04:35:14.592+0000] {processor.py:830} INFO - Processing file /home/airflow/.local/lib/python3.8/site-packages/airflow/example_dags/example_sensors.py for tasks to queue
[2026-04-21T04:35:14.593+0000] {logging_mixin.py:188} INFO - [2026-04-21T04:35:14.593+0000] {dagbag.py:538} INFO - Filling up the DagBag from /home/airflow/.local/lib/python3.8/site-packages/airflow/example_dags/example_sensors.py
[2026-04-21T04:35:14.606+0000] {processor.py:840} INFO - DAG(s) 'example_sensors' retrieved from /home/airflow/.local/lib/python3.8/site-packages/airflow/example_dags/example_sensors.py
[2026-04-21T04:35:14.642+0000] {logging_mixin.py:188} INFO - [2026-04-21T04:35:14.641+0000] {dag.py:3036} INFO - Sync 1 DAGs
[2026-04-21T04:35:14.658+0000] {logging_mixin.py:188} INFO - [2026-04-21T04:35:14.658+0000] {dag.py:3823} INFO - Setting next_dagrun for example_sensors to None, run_after=None
[2026-04-21T04:35:14.679+0000] {processor.py:183} INFO - Processing /home/airflow/.local/lib/python3.8/site-packages/airflow/example_dags/example_sensors.py took 0.093 seconds
[2026-04-21T04:35:44.913+0000] {processor.py:161} INFO - Started process (PID=3788) to work on /home/airflow/.local/lib/python3.8/site-packages/airflow/example_dags/example_sensors.py
[2026-04-21T04:35:44.914+0000] {processor.py:830} INFO - Processing file /home/airflow/.local/lib/python3.8/site-packages/airflow/example_dags/example_sensors.py for tasks to queue
[2026-04-21T04:35:44.915+0000] {logging_mixin.py:188} INFO - [2026-04-21T04:35:44.915+0000] {dagbag.py:538} INFO - Filling up the DagBag from /home/airflow/.local/lib/python3.8/site-packages/airflow/example_dags/example_sensors.py
[2026-04-21T04:35:44.930+0000] {processor.py:840} INFO - DAG(s) 'example_sensors' retrieved from /home/airflow/.local/lib/python3.8/site-packages/airflow/example_dags/example_sensors.py
[2026-04-21T04:35:44.965+0000] {logging_mixin.py:188} INFO - [2026-04-21T04:35:44.965+0000] {dag.py:3036} INFO - Sync 1 DAGs
[2026-04-21T04:35:44.981+0000] {logging_mixin.py:188} INFO - [2026-04-21T04:35:44.980+0000] {dag.py:3823} INFO - Setting next_dagrun for example_sensors to None, run_after=None
[2026-04-21T04:35:45.002+0000] {processor.py:183} INFO - Processing /home/airflow/.local/lib/python3.8/site-packages/airflow/example_dags/example_sensors.py took 0.093 seconds
[2026-04-21T04:36:15.465+0000] {processor.py:161} INFO - Started process (PID=3843) to work on /home/airflow/.local/lib/python3.8/site-packages/airflow/example_dags/example_sensors.py
[2026-04-21T04:36:15.466+0000] {processor.py:830} INFO - Processing file /home/airflow/.local/lib/python3.8/site-packages/airflow/example_dags/example_sensors.py for tasks to queue
[2026-04-21T04:36:15.467+0000] {logging_mixin.py:188} INFO - [2026-04-21T04:36:15.467+0000] {dagbag.py:538} INFO - Filling up the DagBag from /home/airflow/.local/lib/python3.8/site-packages/airflow/example_dags/example_sensors.py
[2026-04-21T04:36:15.480+0000] {processor.py:840} INFO - DAG(s) 'example_sensors' retrieved from /home/airflow/.local/lib/python3.8/site-packages/airflow/example_dags/example_sensors.py
[2026-04-21T04:36:15.514+0000] {logging_mixin.py:188} INFO - [2026-04-21T04:36:15.514+0000] {dag.py:3036} INFO - Sync 1 DAGs
[2026-04-21T04:36:15.530+0000] {logging_mixin.py:188} INFO - [2026-04-21T04:36:15.530+0000] {dag.py:3823} INFO - Setting next_dagrun for example_sensors to None, run_after=None
[2026-04-21T04:36:15.553+0000] {processor.py:183} INFO - Processing /home/airflow/.local/lib/python3.8/site-packages/airflow/example_dags/example_sensors.py took 0.093 seconds
[2026-04-21T04:36:45.747+0000] {processor.py:161} INFO - Started process (PID=3898) to work on /home/airflow/.local/lib/python3.8/site-packages/airflow/example_dags/example_sensors.py
[2026-04-21T04:36:45.748+0000] {processor.py:830} INFO - Processing file /home/airflow/.local/lib/python3.8/site-packages/airflow/example_dags/example_sensors.py for tasks to queue
[2026-04-21T04:36:45.749+0000] {logging_mixin.py:188} INFO - [2026-04-21T04:36:45.749+0000] {dagbag.py:538} INFO - Filling up the DagBag from /home/airflow/.local/lib/python3.8/site-packages/airflow/example_dags/example_sensors.py
[2026-04-21T04:36:45.763+0000] {processor.py:840} INFO - DAG(s) 'example_sensors' retrieved from /home/airflow/.local/lib/python3.8/site-packages/airflow/example_dags/example_sensors.py
[2026-04-21T04:36:45.797+0000] {logging_mixin.py:188} INFO - [2026-04-21T04:36:45.797+0000] {dag.py:3036} INFO - Sync 1 DAGs
[2026-04-21T04:36:45.813+0000] {logging_mixin.py:188} INFO - [2026-04-21T04:36:45.813+0000] {dag.py:3823} INFO - Setting next_dagrun for example_sensors to None, run_after=None
[2026-04-21T04:36:45.838+0000] {processor.py:183} INFO - Processing /home/airflow/.local/lib/python3.8/site-packages/airflow/example_dags/example_sensors.py took 0.098 seconds
[2026-04-21T04:37:15.921+0000] {processor.py:161} INFO - Started process (PID=3953) to work on /home/airflow/.local/lib/python3.8/site-packages/airflow/example_dags/example_sensors.py
[2026-04-21T04:37:15.922+0000] {processor.py:830} INFO - Processing file /home/airflow/.local/lib/python3.8/site-packages/airflow/example_dags/example_sensors.py for tasks to queue
[2026-04-21T04:37:15.923+0000] {logging_mixin.py:188} INFO - [2026-04-21T04:37:15.923+0000] {dagbag.py:538} INFO - Filling up the DagBag from /home/airflow/.local/lib/python3.8/site-packages/airflow/example_dags/example_sensors.py
[2026-04-21T04:37:15.936+0000] {processor.py:840} INFO - DAG(s) 'example_sensors' retrieved from /home/airflow/.local/lib/python3.8/site-packages/airflow/example_dags/example_sensors.py
[2026-04-21T04:37:15.970+0000] {logging_mixin.py:188} INFO - [2026-04-21T04:37:15.970+0000] {dag.py:3036} INFO - Sync 1 DAGs
[2026-04-21T04:37:15.986+0000] {logging_mixin.py:188} INFO - [2026-04-21T04:37:15.985+0000] {dag.py:3823} INFO - Setting next_dagrun for example_sensors to None, run_after=None
[2026-04-21T04:37:16.010+0000] {processor.py:183} INFO - Processing /home/airflow/.local/lib/python3.8/site-packages/airflow/example_dags/example_sensors.py took 0.094 seconds
[2026-04-21T04:37:46.285+0000] {processor.py:161} INFO - Started process (PID=4008) to work on /home/airflow/.local/lib/python3.8/site-packages/airflow/example_dags/example_sensors.py
[2026-04-21T04:37:46.286+0000] {processor.py:830} INFO - Processing file /home/airflow/.local/lib/python3.8/site-packages/airflow/example_dags/example_sensors.py for tasks to queue
[2026-04-21T04:37:46.287+0000] {logging_mixin.py:188} INFO - [2026-04-21T04:37:46.287+0000] {dagbag.py:538} INFO - Filling up the DagBag from /home/airflow/.local/lib/python3.8/site-packages/airflow/example_dags/example_sensors.py
[2026-04-21T04:37:46.299+0000] {processor.py:840} INFO - DAG(s) 'example_sensors' retrieved from /home/airflow/.local/lib/python3.8/site-packages/airflow/example_dags/example_sensors.py
[2026-04-21T04:37:46.334+0000] {logging_mixin.py:188} INFO - [2026-04-21T04:37:46.334+0000] {dag.py:3036} INFO - Sync 1 DAGs
[2026-04-21T04:37:46.351+0000] {logging_mixin.py:188} INFO - [2026-04-21T04:37:46.351+0000] {dag.py:3823} INFO - Setting next_dagrun for example_sensors to None, run_after=None
[2026-04-21T04:37:46.375+0000] {processor.py:183} INFO - Processing /home/airflow/.local/lib/python3.8/site-packages/airflow/example_dags/example_sensors.py took 0.094 seconds
[2026-04-21T04:38:16.756+0000] {processor.py:161} INFO - Started process (PID=4063) to work on /home/airflow/.local/lib/python3.8/site-packages/airflow/example_dags/example_sensors.py
[2026-04-21T04:38:16.757+0000] {processor.py:830} INFO - Processing file /home/airflow/.local/lib/python3.8/site-packages/airflow/example_dags/example_sensors.py for tasks to queue
[2026-04-21T04:38:16.759+0000] {logging_mixin.py:188} INFO - [2026-04-21T04:38:16.758+0000] {dagbag.py:538} INFO - Filling up the DagBag from /home/airflow/.local/lib/python3.8/site-packages/airflow/example_dags/example_sensors.py
[2026-04-21T04:38:16.772+0000] {processor.py:840} INFO - DAG(s) 'example_sensors' retrieved from /home/airflow/.local/lib/python3.8/site-packages/airflow/example_dags/example_sensors.py
[2026-04-21T04:38:16.805+0000] {logging_mixin.py:188} INFO - [2026-04-21T04:38:16.805+0000] {dag.py:3036} INFO - Sync 1 DAGs
[2026-04-21T04:38:16.823+0000] {logging_mixin.py:188} INFO - [2026-04-21T04:38:16.823+0000] {dag.py:3823} INFO - Setting next_dagrun for example_sensors to None, run_after=None
[2026-04-21T04:38:16.847+0000] {processor.py:183} INFO - Processing /home/airflow/.local/lib/python3.8/site-packages/airflow/example_dags/example_sensors.py took 0.096 seconds
[2026-04-21T04:38:47.135+0000] {processor.py:161} INFO - Started process (PID=4118) to work on /home/airflow/.local/lib/python3.8/site-packages/airflow/example_dags/example_sensors.py
[2026-04-21T04:38:47.136+0000] {processor.py:830} INFO - Processing file /home/airflow/.local/lib/python3.8/site-packages/airflow/example_dags/example_sensors.py for tasks to queue
[2026-04-21T04:38:47.137+0000] {logging_mixin.py:188} INFO - [2026-04-21T04:38:47.137+0000] {dagbag.py:538} INFO - Filling up the DagBag from /home/airflow/.local/lib/python3.8/site-packages/airflow/example_dags/example_sensors.py
[2026-04-21T04:38:47.149+0000] {processor.py:840} INFO - DAG(s) 'example_sensors' retrieved from /home/airflow/.local/lib/python3.8/site-packages/airflow/example_dags/example_sensors.py
[2026-04-21T04:38:47.181+0000] {logging_mixin.py:188} INFO - [2026-04-21T04:38:47.181+0000] {dag.py:3036} INFO - Sync 1 DAGs
[2026-04-21T04:38:47.196+0000] {logging_mixin.py:188} INFO - [2026-04-21T04:38:47.196+0000] {dag.py:3823} INFO - Setting next_dagrun for example_sensors to None, run_after=None
[2026-04-21T04:38:47.218+0000] {processor.py:183} INFO - Processing /home/airflow/.local/lib/python3.8/site-packages/airflow/example_dags/example_sensors.py took 0.088 seconds
[2026-04-21T04:39:17.565+0000] {processor.py:161} INFO - Started process (PID=4173) to work on /home/airflow/.local/lib/python3.8/site-packages/airflow/example_dags/example_sensors.py
[2026-04-21T04:39:17.566+0000] {processor.py:830} INFO - Processing file /home/airflow/.local/lib/python3.8/site-packages/airflow/example_dags/example_sensors.py for tasks to queue
[2026-04-21T04:39:17.567+0000] {logging_mixin.py:188} INFO - [2026-04-21T04:39:17.567+0000] {dagbag.py:538} INFO - Filling up the DagBag from /home/airflow/.local/lib/python3.8/site-packages/airflow/example_dags/example_sensors.py
[2026-04-21T04:39:17.579+0000] {processor.py:840} INFO - DAG(s) 'example_sensors' retrieved from /home/airflow/.local/lib/python3.8/site-packages/airflow/example_dags/example_sensors.py
[2026-04-21T04:39:17.614+0000] {logging_mixin.py:188} INFO - [2026-04-21T04:39:17.614+0000] {dag.py:3036} INFO - Sync 1 DAGs
[2026-04-21T04:39:17.631+0000] {logging_mixin.py:188} INFO - [2026-04-21T04:39:17.630+0000] {dag.py:3823} INFO - Setting next_dagrun for example_sensors to None, run_after=None
[2026-04-21T04:39:17.653+0000] {processor.py:183} INFO - Processing /home/airflow/.local/lib/python3.8/site-packages/airflow/example_dags/example_sensors.py took 0.093 seconds
[2026-04-21T04:39:47.881+0000] {processor.py:161} INFO - Started process (PID=4228) to work on /home/airflow/.local/lib/python3.8/site-packages/airflow/example_dags/example_sensors.py
[2026-04-21T04:39:47.882+0000] {processor.py:830} INFO - Processing file /home/airflow/.local/lib/python3.8/site-packages/airflow/example_dags/example_sensors.py for tasks to queue
[2026-04-21T04:39:47.883+0000] {logging_mixin.py:188} INFO - [2026-04-21T04:39:47.883+0000] {dagbag.py:538} INFO - Filling up the DagBag from /home/airflow/.local/lib/python3.8/site-packages/airflow/example_dags/example_sensors.py
[2026-04-21T04:39:47.896+0000] {processor.py:840} INFO - DAG(s) 'example_sensors' retrieved from /home/airflow/.local/lib/python3.8/site-packages/airflow/example_dags/example_sensors.py
[2026-04-21T04:39:47.929+0000] {logging_mixin.py:188} INFO - [2026-04-21T04:39:47.929+0000] {dag.py:3036} INFO - Sync 1 DAGs
[2026-04-21T04:39:47.945+0000] {logging_mixin.py:188} INFO - [2026-04-21T04:39:47.945+0000] {dag.py:3823} INFO - Setting next_dagrun for example_sensors to None, run_after=None
[2026-04-21T04:39:47.970+0000] {processor.py:183} INFO - Processing /home/airflow/.local/lib/python3.8/site-packages/airflow/example_dags/example_sensors.py took 0.093 seconds
[2026-04-21T04:40:18.324+0000] {processor.py:161} INFO - Started process (PID=4283) to work on /home/airflow/.local/lib/python3.8/site-packages/airflow/example_dags/example_sensors.py
[2026-04-21T04:40:18.326+0000] {processor.py:830} INFO - Processing file /home/airflow/.local/lib/python3.8/site-packages/airflow/example_dags/example_sensors.py for tasks to queue
[2026-04-21T04:40:18.327+0000] {logging_mixin.py:188} INFO - [2026-04-21T04:40:18.326+0000] {dagbag.py:538} INFO - Filling up the DagBag from /home/airflow/.local/lib/python3.8/site-packages/airflow/example_dags/example_sensors.py
[2026-04-21T04:40:18.339+0000] {processor.py:840} INFO - DAG(s) 'example_sensors' retrieved from /home/airflow/.local/lib/python3.8/site-packages/airflow/example_dags/example_sensors.py
[2026-04-21T04:40:18.373+0000] {logging_mixin.py:188} INFO - [2026-04-21T04:40:18.373+0000] {dag.py:3036} INFO - Sync 1 DAGs
[2026-04-21T04:40:18.390+0000] {logging_mixin.py:188} INFO - [2026-04-21T04:40:18.389+0000] {dag.py:3823} INFO - Setting next_dagrun for example_sensors to None, run_after=None
[2026-04-21T04:40:18.414+0000] {processor.py:183} INFO - Processing /home/airflow/.local/lib/python3.8/site-packages/airflow/example_dags/example_sensors.py took 0.094 seconds
[2026-04-21T04:40:48.850+0000] {processor.py:161} INFO - Started process (PID=4338) to work on /home/airflow/.local/lib/python3.8/site-packages/airflow/example_dags/example_sensors.py
[2026-04-21T04:40:48.851+0000] {processor.py:830} INFO - Processing file /home/airflow/.local/lib/python3.8/site-packages/airflow/example_dags/example_sensors.py for tasks to queue
[2026-04-21T04:40:48.852+0000] {logging_mixin.py:188} INFO - [2026-04-21T04:40:48.852+0000] {dagbag.py:538} INFO - Filling up the DagBag from /home/airflow/.local/lib/python3.8/site-packages/airflow/example_dags/example_sensors.py
[2026-04-21T04:40:48.865+0000] {processor.py:840} INFO - DAG(s) 'example_sensors' retrieved from /home/airflow/.local/lib/python3.8/site-packages/airflow/example_dags/example_sensors.py
[2026-04-21T04:40:48.898+0000] {logging_mixin.py:188} INFO - [2026-04-21T04:40:48.898+0000] {dag.py:3036} INFO - Sync 1 DAGs
[2026-04-21T04:40:48.916+0000] {logging_mixin.py:188} INFO - [2026-04-21T04:40:48.916+0000] {dag.py:3823} INFO - Setting next_dagrun for example_sensors to None, run_after=None
[2026-04-21T04:40:48.940+0000] {processor.py:183} INFO - Processing /home/airflow/.local/lib/python3.8/site-packages/airflow/example_dags/example_sensors.py took 0.094 seconds
[2026-04-21T04:41:19.171+0000] {processor.py:161} INFO - Started process (PID=4393) to work on /home/airflow/.local/lib/python3.8/site-packages/airflow/example_dags/example_sensors.py
[2026-04-21T04:41:19.173+0000] {processor.py:830} INFO - Processing file /home/airflow/.local/lib/python3.8/site-packages/airflow/example_dags/example_sensors.py for tasks to queue
[2026-04-21T04:41:19.174+0000] {logging_mixin.py:188} INFO - [2026-04-21T04:41:19.173+0000] {dagbag.py:538} INFO - Filling up the DagBag from /home/airflow/.local/lib/python3.8/site-packages/airflow/example_dags/example_sensors.py
[2026-04-21T04:41:19.187+0000] {processor.py:840} INFO - DAG(s) 'example_sensors' retrieved from /home/airflow/.local/lib/python3.8/site-packages/airflow/example_dags/example_sensors.py
[2026-04-21T04:41:19.221+0000] {logging_mixin.py:188} INFO - [2026-04-21T04:41:19.221+0000] {dag.py:3036} INFO - Sync 1 DAGs
[2026-04-21T04:41:19.237+0000] {logging_mixin.py:188} INFO - [2026-04-21T04:41:19.236+0000] {dag.py:3823} INFO - Setting next_dagrun for example_sensors to None, run_after=None
[2026-04-21T04:41:19.260+0000] {processor.py:183} INFO - Processing /home/airflow/.local/lib/python3.8/site-packages/airflow/example_dags/example_sensors.py took 0.093 seconds
[2026-04-21T04:41:49.774+0000] {processor.py:161} INFO - Started process (PID=4448) to work on /home/airflow/.local/lib/python3.8/site-packages/airflow/example_dags/example_sensors.py
[2026-04-21T04:41:49.775+0000] {processor.py:830} INFO - Processing file /home/airflow/.local/lib/python3.8/site-packages/airflow/example_dags/example_sensors.py for tasks to queue
[2026-04-21T04:41:49.776+0000] {logging_mixin.py:188} INFO - [2026-04-21T04:41:49.776+0000] {dagbag.py:538} INFO - Filling up the DagBag from /home/airflow/.local/lib/python3.8/site-packages/airflow/example_dags/example_sensors.py
[2026-04-21T04:41:49.788+0000] {processor.py:840} INFO - DAG(s) 'example_sensors' retrieved from /home/airflow/.local/lib/python3.8/site-packages/airflow/example_dags/example_sensors.py
[2026-04-21T04:41:49.823+0000] {logging_mixin.py:188} INFO - [2026-04-21T04:41:49.822+0000] {dag.py:3036} INFO - Sync 1 DAGs
[2026-04-21T04:41:49.839+0000] {logging_mixin.py:188} INFO - [2026-04-21T04:41:49.839+0000] {dag.py:3823} INFO - Setting next_dagrun for example_sensors to None, run_after=None
[2026-04-21T04:41:49.863+0000] {processor.py:183} INFO - Processing /home/airflow/.local/lib/python3.8/site-packages/airflow/example_dags/example_sensors.py took 0.093 seconds
[2026-04-21T04:42:20.242+0000] {processor.py:161} INFO - Started process (PID=4503) to work on /home/airflow/.local/lib/python3.8/site-packages/airflow/example_dags/example_sensors.py
[2026-04-21T04:42:20.243+0000] {processor.py:830} INFO - Processing file /home/airflow/.local/lib/python3.8/site-packages/airflow/example_dags/example_sensors.py for tasks to queue
[2026-04-21T04:42:20.244+0000] {logging_mixin.py:188} INFO - [2026-04-21T04:42:20.244+0000] {dagbag.py:538} INFO - Filling up the DagBag from /home/airflow/.local/lib/python3.8/site-packages/airflow/example_dags/example_sensors.py
[2026-04-21T04:42:20.257+0000] {processor.py:840} INFO - DAG(s) 'example_sensors' retrieved from /home/airflow/.local/lib/python3.8/site-packages/airflow/example_dags/example_sensors.py
[2026-04-21T04:42:20.292+0000] {logging_mixin.py:188} INFO - [2026-04-21T04:42:20.292+0000] {dag.py:3036} INFO - Sync 1 DAGs
[2026-04-21T04:42:20.308+0000] {logging_mixin.py:188} INFO - [2026-04-21T04:42:20.308+0000] {dag.py:3823} INFO - Setting next_dagrun for example_sensors to None, run_after=None
[2026-04-21T04:42:20.331+0000] {processor.py:183} INFO - Processing /home/airflow/.local/lib/python3.8/site-packages/airflow/example_dags/example_sensors.py took 0.093 seconds
[2026-04-21T04:42:50.538+0000] {processor.py:161} INFO - Started process (PID=4558) to work on /home/airflow/.local/lib/python3.8/site-packages/airflow/example_dags/example_sensors.py
[2026-04-21T04:42:50.539+0000] {processor.py:830} INFO - Processing file /home/airflow/.local/lib/python3.8/site-packages/airflow/example_dags/example_sensors.py for tasks to queue
[2026-04-21T04:42:50.540+0000] {logging_mixin.py:188} INFO - [2026-04-21T04:42:50.540+0000] {dagbag.py:538} INFO - Filling up the DagBag from /home/airflow/.local/lib/python3.8/site-packages/airflow/example_dags/example_sensors.py
[2026-04-21T04:42:50.553+0000] {processor.py:840} INFO - DAG(s) 'example_sensors' retrieved from /home/airflow/.local/lib/python3.8/site-packages/airflow/example_dags/example_sensors.py
[2026-04-21T04:42:50.588+0000] {logging_mixin.py:188} INFO - [2026-04-21T04:42:50.588+0000] {dag.py:3036} INFO - Sync 1 DAGs
[2026-04-21T04:42:50.604+0000] {logging_mixin.py:188} INFO - [2026-04-21T04:42:50.603+0000] {dag.py:3823} INFO - Setting next_dagrun for example_sensors to None, run_after=None
[2026-04-21T04:42:50.626+0000] {processor.py:183} INFO - Processing /home/airflow/.local/lib/python3.8/site-packages/airflow/example_dags/example_sensors.py took 0.093 seconds
[2026-04-21T04:43:20.810+0000] {processor.py:161} INFO - Started process (PID=4613) to work on /home/airflow/.local/lib/python3.8/site-packages/airflow/example_dags/example_sensors.py
[2026-04-21T04:43:20.811+0000] {processor.py:830} INFO - Processing file /home/airflow/.local/lib/python3.8/site-packages/airflow/example_dags/example_sensors.py for tasks to queue
[2026-04-21T04:43:20.812+0000] {logging_mixin.py:188} INFO - [2026-04-21T04:43:20.812+0000] {dagbag.py:538} INFO - Filling up the DagBag from /home/airflow/.local/lib/python3.8/site-packages/airflow/example_dags/example_sensors.py
[2026-04-21T04:43:20.826+0000] {processor.py:840} INFO - DAG(s) 'example_sensors' retrieved from /home/airflow/.local/lib/python3.8/site-packages/airflow/example_dags/example_sensors.py
[2026-04-21T04:43:20.861+0000] {logging_mixin.py:188} INFO - [2026-04-21T04:43:20.861+0000] {dag.py:3036} INFO - Sync 1 DAGs
[2026-04-21T04:43:20.878+0000] {logging_mixin.py:188} INFO - [2026-04-21T04:43:20.878+0000] {dag.py:3823} INFO - Setting next_dagrun for example_sensors to None, run_after=None
[2026-04-21T04:43:20.902+0000] {processor.py:183} INFO - Processing /home/airflow/.local/lib/python3.8/site-packages/airflow/example_dags/example_sensors.py took 0.096 seconds
[2026-04-21T04:43:51.151+0000] {processor.py:161} INFO - Started process (PID=4668) to work on /home/airflow/.local/lib/python3.8/site-packages/airflow/example_dags/example_sensors.py
[2026-04-21T04:43:51.153+0000] {processor.py:830} INFO - Processing file /home/airflow/.local/lib/python3.8/site-packages/airflow/example_dags/example_sensors.py for tasks to queue
[2026-04-21T04:43:51.154+0000] {logging_mixin.py:188} INFO - [2026-04-21T04:43:51.153+0000] {dagbag.py:538} INFO - Filling up the DagBag from /home/airflow/.local/lib/python3.8/site-packages/airflow/example_dags/example_sensors.py
[2026-04-21T04:43:51.166+0000] {processor.py:840} INFO - DAG(s) 'example_sensors' retrieved from /home/airflow/.local/lib/python3.8/site-packages/airflow/example_dags/example_sensors.py
[2026-04-21T04:43:51.200+0000] {logging_mixin.py:188} INFO - [2026-04-21T04:43:51.200+0000] {dag.py:3036} INFO - Sync 1 DAGs
[2026-04-21T04:43:51.216+0000] {logging_mixin.py:188} INFO - [2026-04-21T04:43:51.216+0000] {dag.py:3823} INFO - Setting next_dagrun for example_sensors to None, run_after=None
[2026-04-21T04:43:51.240+0000] {processor.py:183} INFO - Processing /home/airflow/.local/lib/python3.8/site-packages/airflow/example_dags/example_sensors.py took 0.093 seconds
[2026-04-21T04:44:21.509+0000] {processor.py:161} INFO - Started process (PID=4723) to work on /home/airflow/.local/lib/python3.8/site-packages/airflow/example_dags/example_sensors.py
[2026-04-21T04:44:21.510+0000] {processor.py:830} INFO - Processing file /home/airflow/.local/lib/python3.8/site-packages/airflow/example_dags/example_sensors.py for tasks to queue
[2026-04-21T04:44:21.511+0000] {logging_mixin.py:188} INFO - [2026-04-21T04:44:21.511+0000] {dagbag.py:538} INFO - Filling up the DagBag from /home/airflow/.local/lib/python3.8/site-packages/airflow/example_dags/example_sensors.py
[2026-04-21T04:44:21.523+0000] {processor.py:840} INFO - DAG(s) 'example_sensors' retrieved from /home/airflow/.local/lib/python3.8/site-packages/airflow/example_dags/example_sensors.py
[2026-04-21T04:44:21.556+0000] {logging_mixin.py:188} INFO - [2026-04-21T04:44:21.556+0000] {dag.py:3036} INFO - Sync 1 DAGs
[2026-04-21T04:44:21.572+0000] {logging_mixin.py:188} INFO - [2026-04-21T04:44:21.572+0000] {dag.py:3823} INFO - Setting next_dagrun for example_sensors to None, run_after=None
[2026-04-21T04:44:21.596+0000] {processor.py:183} INFO - Processing /home/airflow/.local/lib/python3.8/site-packages/airflow/example_dags/example_sensors.py took 0.091 seconds
[2026-04-21T04:44:52.020+0000] {processor.py:161} INFO - Started process (PID=4778) to work on /home/airflow/.local/lib/python3.8/site-packages/airflow/example_dags/example_sensors.py
[2026-04-21T04:44:52.021+0000] {processor.py:830} INFO - Processing file /home/airflow/.local/lib/python3.8/site-packages/airflow/example_dags/example_sensors.py for tasks to queue
[2026-04-21T04:44:52.022+0000] {logging_mixin.py:188} INFO - [2026-04-21T04:44:52.022+0000] {dagbag.py:538} INFO - Filling up the DagBag from /home/airflow/.local/lib/python3.8/site-packages/airflow/example_dags/example_sensors.py
[2026-04-21T04:44:52.034+0000] {processor.py:840} INFO - DAG(s) 'example_sensors' retrieved from /home/airflow/.local/lib/python3.8/site-packages/airflow/example_dags/example_sensors.py
[2026-04-21T04:44:52.067+0000] {logging_mixin.py:188} INFO - [2026-04-21T04:44:52.066+0000] {dag.py:3036} INFO - Sync 1 DAGs
[2026-04-21T04:44:52.081+0000] {logging_mixin.py:188} INFO - [2026-04-21T04:44:52.081+0000] {dag.py:3823} INFO - Setting next_dagrun for example_sensors to None, run_after=None
[2026-04-21T04:44:52.104+0000] {processor.py:183} INFO - Processing /home/airflow/.local/lib/python3.8/site-packages/airflow/example_dags/example_sensors.py took 0.088 seconds
[2026-04-21T04:45:22.413+0000] {processor.py:161} INFO - Started process (PID=4833) to work on /home/airflow/.local/lib/python3.8/site-packages/airflow/example_dags/example_sensors.py
[2026-04-21T04:45:22.414+0000] {processor.py:830} INFO - Processing file /home/airflow/.local/lib/python3.8/site-packages/airflow/example_dags/example_sensors.py for tasks to queue
[2026-04-21T04:45:22.415+0000] {logging_mixin.py:188} INFO - [2026-04-21T04:45:22.415+0000] {dagbag.py:538} INFO - Filling up the DagBag from /home/airflow/.local/lib/python3.8/site-packages/airflow/example_dags/example_sensors.py
[2026-04-21T04:45:22.427+0000] {processor.py:840} INFO - DAG(s) 'example_sensors' retrieved from /home/airflow/.local/lib/python3.8/site-packages/airflow/example_dags/example_sensors.py
[2026-04-21T04:45:22.462+0000] {logging_mixin.py:188} INFO - [2026-04-21T04:45:22.461+0000] {dag.py:3036} INFO - Sync 1 DAGs
[2026-04-21T04:45:22.477+0000] {logging_mixin.py:188} INFO - [2026-04-21T04:45:22.477+0000] {dag.py:3823} INFO - Setting next_dagrun for example_sensors to None, run_after=None
[2026-04-21T04:45:22.497+0000] {processor.py:183} INFO - Processing /home/airflow/.local/lib/python3.8/site-packages/airflow/example_dags/example_sensors.py took 0.089 seconds
[2026-04-21T04:45:52.634+0000] {processor.py:161} INFO - Started process (PID=4888) to work on /home/airflow/.local/lib/python3.8/site-packages/airflow/example_dags/example_sensors.py
[2026-04-21T04:45:52.635+0000] {processor.py:830} INFO - Processing file /home/airflow/.local/lib/python3.8/site-packages/airflow/example_dags/example_sensors.py for tasks to queue
[2026-04-21T04:45:52.636+0000] {logging_mixin.py:188} INFO - [2026-04-21T04:45:52.636+0000] {dagbag.py:538} INFO - Filling up the DagBag from /home/airflow/.local/lib/python3.8/site-packages/airflow/example_dags/example_sensors.py
[2026-04-21T04:45:52.649+0000] {processor.py:840} INFO - DAG(s) 'example_sensors' retrieved from /home/airflow/.local/lib/python3.8/site-packages/airflow/example_dags/example_sensors.py
[2026-04-21T04:45:52.683+0000] {logging_mixin.py:188} INFO - [2026-04-21T04:45:52.682+0000] {dag.py:3036} INFO - Sync 1 DAGs
[2026-04-21T04:45:52.700+0000] {logging_mixin.py:188} INFO - [2026-04-21T04:45:52.699+0000] {dag.py:3823} INFO - Setting next_dagrun for example_sensors to None, run_after=None
[2026-04-21T04:45:52.724+0000] {processor.py:183} INFO - Processing /home/airflow/.local/lib/python3.8/site-packages/airflow/example_dags/example_sensors.py took 0.094 seconds
[2026-04-21T04:46:23.202+0000] {processor.py:161} INFO - Started process (PID=4943) to work on /home/airflow/.local/lib/python3.8/site-packages/airflow/example_dags/example_sensors.py
[2026-04-21T04:46:23.203+0000] {processor.py:830} INFO - Processing file /home/airflow/.local/lib/python3.8/site-packages/airflow/example_dags/example_sensors.py for tasks to queue
[2026-04-21T04:46:23.204+0000] {logging_mixin.py:188} INFO - [2026-04-21T04:46:23.204+0000] {dagbag.py:538} INFO - Filling up the DagBag from /home/airflow/.local/lib/python3.8/site-packages/airflow/example_dags/example_sensors.py
[2026-04-21T04:46:23.217+0000] {processor.py:840} INFO - DAG(s) 'example_sensors' retrieved from /home/airflow/.local/lib/python3.8/site-packages/airflow/example_dags/example_sensors.py
[2026-04-21T04:46:23.249+0000] {logging_mixin.py:188} INFO - [2026-04-21T04:46:23.249+0000] {dag.py:3036} INFO - Sync 1 DAGs
[2026-04-21T04:46:23.265+0000] {logging_mixin.py:188} INFO - [2026-04-21T04:46:23.265+0000] {dag.py:3823} INFO - Setting next_dagrun for example_sensors to None, run_after=None
[2026-04-21T04:46:23.289+0000] {processor.py:183} INFO - Processing /home/airflow/.local/lib/python3.8/site-packages/airflow/example_dags/example_sensors.py took 0.091 seconds
[2026-04-21T04:46:53.636+0000] {processor.py:161} INFO - Started process (PID=4998) to work on /home/airflow/.local/lib/python3.8/site-packages/airflow/example_dags/example_sensors.py
[2026-04-21T04:46:53.638+0000] {processor.py:830} INFO - Processing file /home/airflow/.local/lib/python3.8/site-packages/airflow/example_dags/example_sensors.py for tasks to queue
[2026-04-21T04:46:53.639+0000] {logging_mixin.py:188} INFO - [2026-04-21T04:46:53.638+0000] {dagbag.py:538} INFO - Filling up the DagBag from /home/airflow/.local/lib/python3.8/site-packages/airflow/example_dags/example_sensors.py
[2026-04-21T04:46:53.652+0000] {processor.py:840} INFO - DAG(s) 'example_sensors' retrieved from /home/airflow/.local/lib/python3.8/site-packages/airflow/example_dags/example_sensors.py
[2026-04-21T04:46:53.685+0000] {logging_mixin.py:188} INFO - [2026-04-21T04:46:53.685+0000] {dag.py:3036} INFO - Sync 1 DAGs
[2026-04-21T04:46:53.701+0000] {logging_mixin.py:188} INFO - [2026-04-21T04:46:53.701+0000] {dag.py:3823} INFO - Setting next_dagrun for example_sensors to None, run_after=None
[2026-04-21T04:46:53.724+0000] {processor.py:183} INFO - Processing /home/airflow/.local/lib/python3.8/site-packages/airflow/example_dags/example_sensors.py took 0.092 seconds
[2026-04-21T04:47:24.077+0000] {processor.py:161} INFO - Started process (PID=5053) to work on /home/airflow/.local/lib/python3.8/site-packages/airflow/example_dags/example_sensors.py
[2026-04-21T04:47:24.078+0000] {processor.py:830} INFO - Processing file /home/airflow/.local/lib/python3.8/site-packages/airflow/example_dags/example_sensors.py for tasks to queue
[2026-04-21T04:47:24.079+0000] {logging_mixin.py:188} INFO - [2026-04-21T04:47:24.079+0000] {dagbag.py:538} INFO - Filling up the DagBag from /home/airflow/.local/lib/python3.8/site-packages/airflow/example_dags/example_sensors.py
[2026-04-21T04:47:24.092+0000] {processor.py:840} INFO - DAG(s) 'example_sensors' retrieved from /home/airflow/.local/lib/python3.8/site-packages/airflow/example_dags/example_sensors.py
[2026-04-21T04:47:24.126+0000] {logging_mixin.py:188} INFO - [2026-04-21T04:47:24.126+0000] {dag.py:3036} INFO - Sync 1 DAGs
[2026-04-21T04:47:24.142+0000] {logging_mixin.py:188} INFO - [2026-04-21T04:47:24.142+0000] {dag.py:3823} INFO - Setting next_dagrun for example_sensors to None, run_after=None
[2026-04-21T04:47:24.165+0000] {processor.py:183} INFO - Processing /home/airflow/.local/lib/python3.8/site-packages/airflow/example_dags/example_sensors.py took 0.093 seconds
[2026-04-21T04:47:54.691+0000] {processor.py:161} INFO - Started process (PID=5108) to work on /home/airflow/.local/lib/python3.8/site-packages/airflow/example_dags/example_sensors.py
[2026-04-21T04:47:54.693+0000] {processor.py:830} INFO - Processing file /home/airflow/.local/lib/python3.8/site-packages/airflow/example_dags/example_sensors.py for tasks to queue
[2026-04-21T04:47:54.694+0000] {logging_mixin.py:188} INFO - [2026-04-21T04:47:54.693+0000] {dagbag.py:538} INFO - Filling up the DagBag from /home/airflow/.local/lib/python3.8/site-packages/airflow/example_dags/example_sensors.py
[2026-04-21T04:47:54.707+0000] {processor.py:840} INFO - DAG(s) 'example_sensors' retrieved from /home/airflow/.local/lib/python3.8/site-packages/airflow/example_dags/example_sensors.py
[2026-04-21T04:47:54.742+0000] {logging_mixin.py:188} INFO - [2026-04-21T04:47:54.741+0000] {dag.py:3036} INFO - Sync 1 DAGs
[2026-04-21T04:47:54.757+0000] {logging_mixin.py:188} INFO - [2026-04-21T04:47:54.757+0000] {dag.py:3823} INFO - Setting next_dagrun for example_sensors to None, run_after=None
[2026-04-21T04:47:54.779+0000] {processor.py:183} INFO - Processing /home/airflow/.local/lib/python3.8/site-packages/airflow/example_dags/example_sensors.py took 0.092 seconds
[2026-04-21T04:48:25.108+0000] {processor.py:161} INFO - Started process (PID=5163) to work on /home/airflow/.local/lib/python3.8/site-packages/airflow/example_dags/example_sensors.py
[2026-04-21T04:48:25.110+0000] {processor.py:830} INFO - Processing file /home/airflow/.local/lib/python3.8/site-packages/airflow/example_dags/example_sensors.py for tasks to queue
[2026-04-21T04:48:25.111+0000] {logging_mixin.py:188} INFO - [2026-04-21T04:48:25.110+0000] {dagbag.py:538} INFO - Filling up the DagBag from /home/airflow/.local/lib/python3.8/site-packages/airflow/example_dags/example_sensors.py
[2026-04-21T04:48:25.123+0000] {processor.py:840} INFO - DAG(s) 'example_sensors' retrieved from /home/airflow/.local/lib/python3.8/site-packages/airflow/example_dags/example_sensors.py
[2026-04-21T04:48:25.157+0000] {logging_mixin.py:188} INFO - [2026-04-21T04:48:25.157+0000] {dag.py:3036} INFO - Sync 1 DAGs
[2026-04-21T04:48:25.173+0000] {logging_mixin.py:188} INFO - [2026-04-21T04:48:25.172+0000] {dag.py:3823} INFO - Setting next_dagrun for example_sensors to None, run_after=None
[2026-04-21T04:48:25.195+0000] {processor.py:183} INFO - Processing /home/airflow/.local/lib/python3.8/site-packages/airflow/example_dags/example_sensors.py took 0.091 seconds
[2026-04-21T04:48:55.422+0000] {processor.py:161} INFO - Started process (PID=5218) to work on /home/airflow/.local/lib/python3.8/site-packages/airflow/example_dags/example_sensors.py
[2026-04-21T04:48:55.423+0000] {processor.py:830} INFO - Processing file /home/airflow/.local/lib/python3.8/site-packages/airflow/example_dags/example_sensors.py for tasks to queue
[2026-04-21T04:48:55.424+0000] {logging_mixin.py:188} INFO - [2026-04-21T04:48:55.424+0000] {dagbag.py:538} INFO - Filling up the DagBag from /home/airflow/.local/lib/python3.8/site-packages/airflow/example_dags/example_sensors.py
[2026-04-21T04:48:55.438+0000] {processor.py:840} INFO - DAG(s) 'example_sensors' retrieved from /home/airflow/.local/lib/python3.8/site-packages/airflow/example_dags/example_sensors.py
[2026-04-21T04:48:55.474+0000] {logging_mixin.py:188} INFO - [2026-04-21T04:48:55.474+0000] {dag.py:3036} INFO - Sync 1 DAGs
[2026-04-21T04:48:55.491+0000] {logging_mixin.py:188} INFO - [2026-04-21T04:48:55.490+0000] {dag.py:3823} INFO - Setting next_dagrun for example_sensors to None, run_after=None
[2026-04-21T04:48:55.514+0000] {processor.py:183} INFO - Processing /home/airflow/.local/lib/python3.8/site-packages/airflow/example_dags/example_sensors.py took 0.097 seconds
[2026-04-21T04:49:25.759+0000] {processor.py:161} INFO - Started process (PID=5273) to work on /home/airflow/.local/lib/python3.8/site-packages/airflow/example_dags/example_sensors.py
[2026-04-21T04:49:25.760+0000] {processor.py:830} INFO - Processing file /home/airflow/.local/lib/python3.8/site-packages/airflow/example_dags/example_sensors.py for tasks to queue
[2026-04-21T04:49:25.762+0000] {logging_mixin.py:188} INFO - [2026-04-21T04:49:25.761+0000] {dagbag.py:538} INFO - Filling up the DagBag from /home/airflow/.local/lib/python3.8/site-packages/airflow/example_dags/example_sensors.py
[2026-04-21T04:49:25.774+0000] {processor.py:840} INFO - DAG(s) 'example_sensors' retrieved from /home/airflow/.local/lib/python3.8/site-packages/airflow/example_dags/example_sensors.py
[2026-04-21T04:49:25.807+0000] {logging_mixin.py:188} INFO - [2026-04-21T04:49:25.806+0000] {dag.py:3036} INFO - Sync 1 DAGs
[2026-04-21T04:49:25.824+0000] {logging_mixin.py:188} INFO - [2026-04-21T04:49:25.823+0000] {dag.py:3823} INFO - Setting next_dagrun for example_sensors to None, run_after=None
[2026-04-21T04:49:25.848+0000] {processor.py:183} INFO - Processing /home/airflow/.local/lib/python3.8/site-packages/airflow/example_dags/example_sensors.py took 0.093 seconds
[2026-04-21T04:49:56.064+0000] {processor.py:161} INFO - Started process (PID=5328) to work on /home/airflow/.local/lib/python3.8/site-packages/airflow/example_dags/example_sensors.py
[2026-04-21T04:49:56.065+0000] {processor.py:830} INFO - Processing file /home/airflow/.local/lib/python3.8/site-packages/airflow/example_dags/example_sensors.py for tasks to queue
[2026-04-21T04:49:56.066+0000] {logging_mixin.py:188} INFO - [2026-04-21T04:49:56.066+0000] {dagbag.py:538} INFO - Filling up the DagBag from /home/airflow/.local/lib/python3.8/site-packages/airflow/example_dags/example_sensors.py
[2026-04-21T04:49:56.078+0000] {processor.py:840} INFO - DAG(s) 'example_sensors' retrieved from /home/airflow/.local/lib/python3.8/site-packages/airflow/example_dags/example_sensors.py
[2026-04-21T04:49:56.113+0000] {logging_mixin.py:188} INFO - [2026-04-21T04:49:56.112+0000] {dag.py:3036} INFO - Sync 1 DAGs
[2026-04-21T04:49:56.128+0000] {logging_mixin.py:188} INFO - [2026-04-21T04:49:56.128+0000] {dag.py:3823} INFO - Setting next_dagrun for example_sensors to None, run_after=None
[2026-04-21T04:49:56.151+0000] {processor.py:183} INFO - Processing /home/airflow/.local/lib/python3.8/site-packages/airflow/example_dags/example_sensors.py took 0.091 seconds
[2026-04-21T04:50:26.571+0000] {processor.py:161} INFO - Started process (PID=5383) to work on /home/airflow/.local/lib/python3.8/site-packages/airflow/example_dags/example_sensors.py
[2026-04-21T04:50:26.573+0000] {processor.py:830} INFO - Processing file /home/airflow/.local/lib/python3.8/site-packages/airflow/example_dags/example_sensors.py for tasks to queue
[2026-04-21T04:50:26.574+0000] {logging_mixin.py:188} INFO - [2026-04-21T04:50:26.573+0000] {dagbag.py:538} INFO - Filling up the DagBag from /home/airflow/.local/lib/python3.8/site-packages/airflow/example_dags/example_sensors.py
[2026-04-21T04:50:26.586+0000] {processor.py:840} INFO - DAG(s) 'example_sensors' retrieved from /home/airflow/.local/lib/python3.8/site-packages/airflow/example_dags/example_sensors.py
[2026-04-21T04:50:26.621+0000] {logging_mixin.py:188} INFO - [2026-04-21T04:50:26.621+0000] {dag.py:3036} INFO - Sync 1 DAGs
[2026-04-21T04:50:26.637+0000] {logging_mixin.py:188} INFO - [2026-04-21T04:50:26.636+0000] {dag.py:3823} INFO - Setting next_dagrun for example_sensors to None, run_after=None
[2026-04-21T04:50:26.661+0000] {processor.py:183} INFO - Processing /home/airflow/.local/lib/python3.8/site-packages/airflow/example_dags/example_sensors.py took 0.095 seconds
[2026-04-21T04:50:56.888+0000] {processor.py:161} INFO - Started process (PID=5438) to work on /home/airflow/.local/lib/python3.8/site-packages/airflow/example_dags/example_sensors.py
[2026-04-21T04:50:56.889+0000] {processor.py:830} INFO - Processing file /home/airflow/.local/lib/python3.8/site-packages/airflow/example_dags/example_sensors.py for tasks to queue
[2026-04-21T04:50:56.890+0000] {logging_mixin.py:188} INFO - [2026-04-21T04:50:56.890+0000] {dagbag.py:538} INFO - Filling up the DagBag from /home/airflow/.local/lib/python3.8/site-packages/airflow/example_dags/example_sensors.py
[2026-04-21T04:50:56.903+0000] {processor.py:840} INFO - DAG(s) 'example_sensors' retrieved from /home/airflow/.local/lib/python3.8/site-packages/airflow/example_dags/example_sensors.py
[2026-04-21T04:50:56.938+0000] {logging_mixin.py:188} INFO - [2026-04-21T04:50:56.938+0000] {dag.py:3036} INFO - Sync 1 DAGs
[2026-04-21T04:50:56.955+0000] {logging_mixin.py:188} INFO - [2026-04-21T04:50:56.955+0000] {dag.py:3823} INFO - Setting next_dagrun for example_sensors to None, run_after=None
[2026-04-21T04:50:56.980+0000] {processor.py:183} INFO - Processing /home/airflow/.local/lib/python3.8/site-packages/airflow/example_dags/example_sensors.py took 0.096 seconds
[2026-04-21T04:51:27.401+0000] {processor.py:161} INFO - Started process (PID=5493) to work on /home/airflow/.local/lib/python3.8/site-packages/airflow/example_dags/example_sensors.py
[2026-04-21T04:51:27.402+0000] {processor.py:830} INFO - Processing file /home/airflow/.local/lib/python3.8/site-packages/airflow/example_dags/example_sensors.py for tasks to queue
[2026-04-21T04:51:27.403+0000] {logging_mixin.py:188} INFO - [2026-04-21T04:51:27.403+0000] {dagbag.py:538} INFO - Filling up the DagBag from /home/airflow/.local/lib/python3.8/site-packages/airflow/example_dags/example_sensors.py
[2026-04-21T04:51:27.416+0000] {processor.py:840} INFO - DAG(s) 'example_sensors' retrieved from /home/airflow/.local/lib/python3.8/site-packages/airflow/example_dags/example_sensors.py
[2026-04-21T04:51:27.449+0000] {logging_mixin.py:188} INFO - [2026-04-21T04:51:27.449+0000] {dag.py:3036} INFO - Sync 1 DAGs
[2026-04-21T04:51:27.465+0000] {logging_mixin.py:188} INFO - [2026-04-21T04:51:27.465+0000] {dag.py:3823} INFO - Setting next_dagrun for example_sensors to None, run_after=None
[2026-04-21T04:51:27.489+0000] {processor.py:183} INFO - Processing /home/airflow/.local/lib/python3.8/site-packages/airflow/example_dags/example_sensors.py took 0.092 seconds
[2026-04-21T04:51:57.921+0000] {processor.py:161} INFO - Started process (PID=5548) to work on /home/airflow/.local/lib/python3.8/site-packages/airflow/example_dags/example_sensors.py
[2026-04-21T04:51:57.922+0000] {processor.py:830} INFO - Processing file /home/airflow/.local/lib/python3.8/site-packages/airflow/example_dags/example_sensors.py for tasks to queue
[2026-04-21T04:51:57.923+0000] {logging_mixin.py:188} INFO - [2026-04-21T04:51:57.923+0000] {dagbag.py:538} INFO - Filling up the DagBag from /home/airflow/.local/lib/python3.8/site-packages/airflow/example_dags/example_sensors.py
[2026-04-21T04:51:57.936+0000] {processor.py:840} INFO - DAG(s) 'example_sensors' retrieved from /home/airflow/.local/lib/python3.8/site-packages/airflow/example_dags/example_sensors.py
[2026-04-21T04:51:57.971+0000] {logging_mixin.py:188} INFO - [2026-04-21T04:51:57.971+0000] {dag.py:3036} INFO - Sync 1 DAGs
[2026-04-21T04:51:57.989+0000] {logging_mixin.py:188} INFO - [2026-04-21T04:51:57.989+0000] {dag.py:3823} INFO - Setting next_dagrun for example_sensors to None, run_after=None
[2026-04-21T04:51:58.012+0000] {processor.py:183} INFO - Processing /home/airflow/.local/lib/python3.8/site-packages/airflow/example_dags/example_sensors.py took 0.096 seconds
[2026-04-21T04:52:28.205+0000] {processor.py:161} INFO - Started process (PID=5603) to work on /home/airflow/.local/lib/python3.8/site-packages/airflow/example_dags/example_sensors.py
[2026-04-21T04:52:28.207+0000] {processor.py:830} INFO - Processing file /home/airflow/.local/lib/python3.8/site-packages/airflow/example_dags/example_sensors.py for tasks to queue
[2026-04-21T04:52:28.208+0000] {logging_mixin.py:188} INFO - [2026-04-21T04:52:28.207+0000] {dagbag.py:538} INFO - Filling up the DagBag from /home/airflow/.local/lib/python3.8/site-packages/airflow/example_dags/example_sensors.py
[2026-04-21T04:52:28.222+0000] {processor.py:840} INFO - DAG(s) 'example_sensors' retrieved from /home/airflow/.local/lib/python3.8/site-packages/airflow/example_dags/example_sensors.py
[2026-04-21T04:52:28.255+0000] {logging_mixin.py:188} INFO - [2026-04-21T04:52:28.255+0000] {dag.py:3036} INFO - Sync 1 DAGs
[2026-04-21T04:52:28.271+0000] {logging_mixin.py:188} INFO - [2026-04-21T04:52:28.270+0000] {dag.py:3823} INFO - Setting next_dagrun for example_sensors to None, run_after=None
[2026-04-21T04:52:28.294+0000] {processor.py:183} INFO - Processing /home/airflow/.local/lib/python3.8/site-packages/airflow/example_dags/example_sensors.py took 0.093 seconds
[2026-04-21T04:52:58.427+0000] {processor.py:161} INFO - Started process (PID=5658) to work on /home/airflow/.local/lib/python3.8/site-packages/airflow/example_dags/example_sensors.py
[2026-04-21T04:52:58.428+0000] {processor.py:830} INFO - Processing file /home/airflow/.local/lib/python3.8/site-packages/airflow/example_dags/example_sensors.py for tasks to queue
[2026-04-21T04:52:58.429+0000] {logging_mixin.py:188} INFO - [2026-04-21T04:52:58.429+0000] {dagbag.py:538} INFO - Filling up the DagBag from /home/airflow/.local/lib/python3.8/site-packages/airflow/example_dags/example_sensors.py
[2026-04-21T04:52:58.443+0000] {processor.py:840} INFO - DAG(s) 'example_sensors' retrieved from /home/airflow/.local/lib/python3.8/site-packages/airflow/example_dags/example_sensors.py
[2026-04-21T04:52:58.476+0000] {logging_mixin.py:188} INFO - [2026-04-21T04:52:58.476+0000] {dag.py:3036} INFO - Sync 1 DAGs
[2026-04-21T04:52:58.491+0000] {logging_mixin.py:188} INFO - [2026-04-21T04:52:58.491+0000] {dag.py:3823} INFO - Setting next_dagrun for example_sensors to None, run_after=None
[2026-04-21T04:52:58.515+0000] {processor.py:183} INFO - Processing /home/airflow/.local/lib/python3.8/site-packages/airflow/example_dags/example_sensors.py took 0.092 seconds
[2026-04-21T04:53:28.679+0000] {processor.py:161} INFO - Started process (PID=5713) to work on /home/airflow/.local/lib/python3.8/site-packages/airflow/example_dags/example_sensors.py
[2026-04-21T04:53:28.680+0000] {processor.py:830} INFO - Processing file /home/airflow/.local/lib/python3.8/site-packages/airflow/example_dags/example_sensors.py for tasks to queue
[2026-04-21T04:53:28.681+0000] {logging_mixin.py:188} INFO - [2026-04-21T04:53:28.680+0000] {dagbag.py:538} INFO - Filling up the DagBag from /home/airflow/.local/lib/python3.8/site-packages/airflow/example_dags/example_sensors.py
[2026-04-21T04:53:28.693+0000] {processor.py:840} INFO - DAG(s) 'example_sensors' retrieved from /home/airflow/.local/lib/python3.8/site-packages/airflow/example_dags/example_sensors.py
[2026-04-21T04:53:28.725+0000] {logging_mixin.py:188} INFO - [2026-04-21T04:53:28.725+0000] {dag.py:3036} INFO - Sync 1 DAGs
[2026-04-21T04:53:28.740+0000] {logging_mixin.py:188} INFO - [2026-04-21T04:53:28.740+0000] {dag.py:3823} INFO - Setting next_dagrun for example_sensors to None, run_after=None
[2026-04-21T04:53:28.762+0000] {processor.py:183} INFO - Processing /home/airflow/.local/lib/python3.8/site-packages/airflow/example_dags/example_sensors.py took 0.088 seconds
[2026-04-21T04:53:59.130+0000] {processor.py:161} INFO - Started process (PID=5768) to work on /home/airflow/.local/lib/python3.8/site-packages/airflow/example_dags/example_sensors.py
[2026-04-21T04:53:59.131+0000] {processor.py:830} INFO - Processing file /home/airflow/.local/lib/python3.8/site-packages/airflow/example_dags/example_sensors.py for tasks to queue
[2026-04-21T04:53:59.132+0000] {logging_mixin.py:188} INFO - [2026-04-21T04:53:59.132+0000] {dagbag.py:538} INFO - Filling up the DagBag from /home/airflow/.local/lib/python3.8/site-packages/airflow/example_dags/example_sensors.py
[2026-04-21T04:53:59.144+0000] {processor.py:840} INFO - DAG(s) 'example_sensors' retrieved from /home/airflow/.local/lib/python3.8/site-packages/airflow/example_dags/example_sensors.py
[2026-04-21T04:53:59.177+0000] {logging_mixin.py:188} INFO - [2026-04-21T04:53:59.177+0000] {dag.py:3036} INFO - Sync 1 DAGs
[2026-04-21T04:53:59.193+0000] {logging_mixin.py:188} INFO - [2026-04-21T04:53:59.193+0000] {dag.py:3823} INFO - Setting next_dagrun for example_sensors to None, run_after=None
[2026-04-21T04:53:59.215+0000] {processor.py:183} INFO - Processing /home/airflow/.local/lib/python3.8/site-packages/airflow/example_dags/example_sensors.py took 0.089 seconds
[2026-04-21T04:54:29.631+0000] {processor.py:161} INFO - Started process (PID=5823) to work on /home/airflow/.local/lib/python3.8/site-packages/airflow/example_dags/example_sensors.py
[2026-04-21T04:54:29.633+0000] {processor.py:830} INFO - Processing file /home/airflow/.local/lib/python3.8/site-packages/airflow/example_dags/example_sensors.py for tasks to queue
[2026-04-21T04:54:29.634+0000] {logging_mixin.py:188} INFO - [2026-04-21T04:54:29.633+0000] {dagbag.py:538} INFO - Filling up the DagBag from /home/airflow/.local/lib/python3.8/site-packages/airflow/example_dags/example_sensors.py
[2026-04-21T04:54:29.647+0000] {processor.py:840} INFO - DAG(s) 'example_sensors' retrieved from /home/airflow/.local/lib/python3.8/site-packages/airflow/example_dags/example_sensors.py
[2026-04-21T04:54:29.682+0000] {logging_mixin.py:188} INFO - [2026-04-21T04:54:29.681+0000] {dag.py:3036} INFO - Sync 1 DAGs
[2026-04-21T04:54:29.700+0000] {logging_mixin.py:188} INFO - [2026-04-21T04:54:29.699+0000] {dag.py:3823} INFO - Setting next_dagrun for example_sensors to None, run_after=None
[2026-04-21T04:54:29.725+0000] {processor.py:183} INFO - Processing /home/airflow/.local/lib/python3.8/site-packages/airflow/example_dags/example_sensors.py took 0.099 seconds
[2026-04-21T04:55:00.011+0000] {processor.py:161} INFO - Started process (PID=5878) to work on /home/airflow/.local/lib/python3.8/site-packages/airflow/example_dags/example_sensors.py
[2026-04-21T04:55:00.012+0000] {processor.py:830} INFO - Processing file /home/airflow/.local/lib/python3.8/site-packages/airflow/example_dags/example_sensors.py for tasks to queue
[2026-04-21T04:55:00.013+0000] {logging_mixin.py:188} INFO - [2026-04-21T04:55:00.013+0000] {dagbag.py:538} INFO - Filling up the DagBag from /home/airflow/.local/lib/python3.8/site-packages/airflow/example_dags/example_sensors.py
[2026-04-21T04:55:00.026+0000] {processor.py:840} INFO - DAG(s) 'example_sensors' retrieved from /home/airflow/.local/lib/python3.8/site-packages/airflow/example_dags/example_sensors.py
[2026-04-21T04:55:00.063+0000] {logging_mixin.py:188} INFO - [2026-04-21T04:55:00.063+0000] {dag.py:3036} INFO - Sync 1 DAGs
[2026-04-21T04:55:00.081+0000] {logging_mixin.py:188} INFO - [2026-04-21T04:55:00.080+0000] {dag.py:3823} INFO - Setting next_dagrun for example_sensors to None, run_after=None
[2026-04-21T04:55:00.105+0000] {processor.py:183} INFO - Processing /home/airflow/.local/lib/python3.8/site-packages/airflow/example_dags/example_sensors.py took 0.098 seconds
[2026-04-21T04:55:30.348+0000] {processor.py:161} INFO - Started process (PID=5933) to work on /home/airflow/.local/lib/python3.8/site-packages/airflow/example_dags/example_sensors.py
[2026-04-21T04:55:30.350+0000] {processor.py:830} INFO - Processing file /home/airflow/.local/lib/python3.8/site-packages/airflow/example_dags/example_sensors.py for tasks to queue
[2026-04-21T04:55:30.351+0000] {logging_mixin.py:188} INFO - [2026-04-21T04:55:30.350+0000] {dagbag.py:538} INFO - Filling up the DagBag from /home/airflow/.local/lib/python3.8/site-packages/airflow/example_dags/example_sensors.py
[2026-04-21T04:55:30.364+0000] {processor.py:840} INFO - DAG(s) 'example_sensors' retrieved from /home/airflow/.local/lib/python3.8/site-packages/airflow/example_dags/example_sensors.py
[2026-04-21T04:55:30.398+0000] {logging_mixin.py:188} INFO - [2026-04-21T04:55:30.398+0000] {dag.py:3036} INFO - Sync 1 DAGs
[2026-04-21T04:55:30.413+0000] {logging_mixin.py:188} INFO - [2026-04-21T04:55:30.413+0000] {dag.py:3823} INFO - Setting next_dagrun for example_sensors to None, run_after=None
[2026-04-21T04:55:30.436+0000] {processor.py:183} INFO - Processing /home/airflow/.local/lib/python3.8/site-packages/airflow/example_dags/example_sensors.py took 0.092 seconds
[2026-04-21T04:56:00.855+0000] {processor.py:161} INFO - Started process (PID=5988) to work on /home/airflow/.local/lib/python3.8/site-packages/airflow/example_dags/example_sensors.py
[2026-04-21T04:56:00.856+0000] {processor.py:830} INFO - Processing file /home/airflow/.local/lib/python3.8/site-packages/airflow/example_dags/example_sensors.py for tasks to queue
[2026-04-21T04:56:00.857+0000] {logging_mixin.py:188} INFO - [2026-04-21T04:56:00.856+0000] {dagbag.py:538} INFO - Filling up the DagBag from /home/airflow/.local/lib/python3.8/site-packages/airflow/example_dags/example_sensors.py
[2026-04-21T04:56:00.869+0000] {processor.py:840} INFO - DAG(s) 'example_sensors' retrieved from /home/airflow/.local/lib/python3.8/site-packages/airflow/example_dags/example_sensors.py
[2026-04-21T04:56:00.901+0000] {logging_mixin.py:188} INFO - [2026-04-21T04:56:00.900+0000] {dag.py:3036} INFO - Sync 1 DAGs
[2026-04-21T04:56:00.917+0000] {logging_mixin.py:188} INFO - [2026-04-21T04:56:00.916+0000] {dag.py:3823} INFO - Setting next_dagrun for example_sensors to None, run_after=None
[2026-04-21T04:56:00.941+0000] {processor.py:183} INFO - Processing /home/airflow/.local/lib/python3.8/site-packages/airflow/example_dags/example_sensors.py took 0.090 seconds
[2026-04-21T04:56:31.088+0000] {processor.py:161} INFO - Started process (PID=6043) to work on /home/airflow/.local/lib/python3.8/site-packages/airflow/example_dags/example_sensors.py
[2026-04-21T04:56:31.089+0000] {processor.py:830} INFO - Processing file /home/airflow/.local/lib/python3.8/site-packages/airflow/example_dags/example_sensors.py for tasks to queue
[2026-04-21T04:56:31.090+0000] {logging_mixin.py:188} INFO - [2026-04-21T04:56:31.090+0000] {dagbag.py:538} INFO - Filling up the DagBag from /home/airflow/.local/lib/python3.8/site-packages/airflow/example_dags/example_sensors.py
[2026-04-21T04:56:31.103+0000] {processor.py:840} INFO - DAG(s) 'example_sensors' retrieved from /home/airflow/.local/lib/python3.8/site-packages/airflow/example_dags/example_sensors.py
[2026-04-21T04:56:31.137+0000] {logging_mixin.py:188} INFO - [2026-04-21T04:56:31.136+0000] {dag.py:3036} INFO - Sync 1 DAGs
[2026-04-21T04:56:31.152+0000] {logging_mixin.py:188} INFO - [2026-04-21T04:56:31.152+0000] {dag.py:3823} INFO - Setting next_dagrun for example_sensors to None, run_after=None
[2026-04-21T04:56:31.176+0000] {processor.py:183} INFO - Processing /home/airflow/.local/lib/python3.8/site-packages/airflow/example_dags/example_sensors.py took 0.092 seconds
[2026-04-21T04:57:01.610+0000] {processor.py:161} INFO - Started process (PID=6098) to work on /home/airflow/.local/lib/python3.8/site-packages/airflow/example_dags/example_sensors.py
[2026-04-21T04:57:01.612+0000] {processor.py:830} INFO - Processing file /home/airflow/.local/lib/python3.8/site-packages/airflow/example_dags/example_sensors.py for tasks to queue
[2026-04-21T04:57:01.613+0000] {logging_mixin.py:188} INFO - [2026-04-21T04:57:01.612+0000] {dagbag.py:538} INFO - Filling up the DagBag from /home/airflow/.local/lib/python3.8/site-packages/airflow/example_dags/example_sensors.py
[2026-04-21T04:57:01.625+0000] {processor.py:840} INFO - DAG(s) 'example_sensors' retrieved from /home/airflow/.local/lib/python3.8/site-packages/airflow/example_dags/example_sensors.py
[2026-04-21T04:57:01.659+0000] {logging_mixin.py:188} INFO - [2026-04-21T04:57:01.658+0000] {dag.py:3036} INFO - Sync 1 DAGs
[2026-04-21T04:57:01.675+0000] {logging_mixin.py:188} INFO - [2026-04-21T04:57:01.675+0000] {dag.py:3823} INFO - Setting next_dagrun for example_sensors to None, run_after=None
[2026-04-21T04:57:01.698+0000] {processor.py:183} INFO - Processing /home/airflow/.local/lib/python3.8/site-packages/airflow/example_dags/example_sensors.py took 0.092 seconds
[2026-04-21T04:57:32.155+0000] {processor.py:161} INFO - Started process (PID=6153) to work on /home/airflow/.local/lib/python3.8/site-packages/airflow/example_dags/example_sensors.py
[2026-04-21T04:57:32.156+0000] {processor.py:830} INFO - Processing file /home/airflow/.local/lib/python3.8/site-packages/airflow/example_dags/example_sensors.py for tasks to queue
[2026-04-21T04:57:32.157+0000] {logging_mixin.py:188} INFO - [2026-04-21T04:57:32.157+0000] {dagbag.py:538} INFO - Filling up the DagBag from /home/airflow/.local/lib/python3.8/site-packages/airflow/example_dags/example_sensors.py
[2026-04-21T04:57:32.170+0000] {processor.py:840} INFO - DAG(s) 'example_sensors' retrieved from /home/airflow/.local/lib/python3.8/site-packages/airflow/example_dags/example_sensors.py
[2026-04-21T04:57:32.204+0000] {logging_mixin.py:188} INFO - [2026-04-21T04:57:32.204+0000] {dag.py:3036} INFO - Sync 1 DAGs
[2026-04-21T04:57:32.222+0000] {logging_mixin.py:188} INFO - [2026-04-21T04:57:32.221+0000] {dag.py:3823} INFO - Setting next_dagrun for example_sensors to None, run_after=None
[2026-04-21T04:57:32.246+0000] {processor.py:183} INFO - Processing /home/airflow/.local/lib/python3.8/site-packages/airflow/example_dags/example_sensors.py took 0.096 seconds
[2026-04-21T04:58:02.408+0000] {processor.py:161} INFO - Started process (PID=6207) to work on /home/airflow/.local/lib/python3.8/site-packages/airflow/example_dags/example_sensors.py
[2026-04-21T04:58:02.409+0000] {processor.py:830} INFO - Processing file /home/airflow/.local/lib/python3.8/site-packages/airflow/example_dags/example_sensors.py for tasks to queue
[2026-04-21T04:58:02.410+0000] {logging_mixin.py:188} INFO - [2026-04-21T04:58:02.410+0000] {dagbag.py:538} INFO - Filling up the DagBag from /home/airflow/.local/lib/python3.8/site-packages/airflow/example_dags/example_sensors.py
[2026-04-21T04:58:02.423+0000] {processor.py:840} INFO - DAG(s) 'example_sensors' retrieved from /home/airflow/.local/lib/python3.8/site-packages/airflow/example_dags/example_sensors.py
[2026-04-21T04:58:02.457+0000] {logging_mixin.py:188} INFO - [2026-04-21T04:58:02.457+0000] {dag.py:3036} INFO - Sync 1 DAGs
[2026-04-21T04:58:02.474+0000] {logging_mixin.py:188} INFO - [2026-04-21T04:58:02.474+0000] {dag.py:3823} INFO - Setting next_dagrun for example_sensors to None, run_after=None
[2026-04-21T04:58:02.498+0000] {processor.py:183} INFO - Processing /home/airflow/.local/lib/python3.8/site-packages/airflow/example_dags/example_sensors.py took 0.095 seconds
[2026-04-21T04:58:32.801+0000] {processor.py:161} INFO - Started process (PID=6261) to work on /home/airflow/.local/lib/python3.8/site-packages/airflow/example_dags/example_sensors.py
[2026-04-21T04:58:32.802+0000] {processor.py:830} INFO - Processing file /home/airflow/.local/lib/python3.8/site-packages/airflow/example_dags/example_sensors.py for tasks to queue
[2026-04-21T04:58:32.803+0000] {logging_mixin.py:188} INFO - [2026-04-21T04:58:32.803+0000] {dagbag.py:538} INFO - Filling up the DagBag from /home/airflow/.local/lib/python3.8/site-packages/airflow/example_dags/example_sensors.py
[2026-04-21T04:58:32.816+0000] {processor.py:840} INFO - DAG(s) 'example_sensors' retrieved from /home/airflow/.local/lib/python3.8/site-packages/airflow/example_dags/example_sensors.py
[2026-04-21T04:58:32.850+0000] {logging_mixin.py:188} INFO - [2026-04-21T04:58:32.849+0000] {dag.py:3036} INFO - Sync 1 DAGs
[2026-04-21T04:58:32.866+0000] {logging_mixin.py:188} INFO - [2026-04-21T04:58:32.865+0000] {dag.py:3823} INFO - Setting next_dagrun for example_sensors to None, run_after=None
[2026-04-21T04:58:32.889+0000] {processor.py:183} INFO - Processing /home/airflow/.local/lib/python3.8/site-packages/airflow/example_dags/example_sensors.py took 0.093 seconds
[2026-04-21T04:59:03.371+0000] {processor.py:161} INFO - Started process (PID=6316) to work on /home/airflow/.local/lib/python3.8/site-packages/airflow/example_dags/example_sensors.py
[2026-04-21T04:59:03.373+0000] {processor.py:830} INFO - Processing file /home/airflow/.local/lib/python3.8/site-packages/airflow/example_dags/example_sensors.py for tasks to queue
[2026-04-21T04:59:03.374+0000] {logging_mixin.py:188} INFO - [2026-04-21T04:59:03.373+0000] {dagbag.py:538} INFO - Filling up the DagBag from /home/airflow/.local/lib/python3.8/site-packages/airflow/example_dags/example_sensors.py
[2026-04-21T04:59:03.387+0000] {processor.py:840} INFO - DAG(s) 'example_sensors' retrieved from /home/airflow/.local/lib/python3.8/site-packages/airflow/example_dags/example_sensors.py
[2026-04-21T04:59:03.421+0000] {logging_mixin.py:188} INFO - [2026-04-21T04:59:03.420+0000] {dag.py:3036} INFO - Sync 1 DAGs
[2026-04-21T04:59:03.436+0000] {logging_mixin.py:188} INFO - [2026-04-21T04:59:03.436+0000] {dag.py:3823} INFO - Setting next_dagrun for example_sensors to None, run_after=None
[2026-04-21T04:59:03.458+0000] {processor.py:183} INFO - Processing /home/airflow/.local/lib/python3.8/site-packages/airflow/example_dags/example_sensors.py took 0.092 seconds
[2026-04-21T04:59:33.648+0000] {processor.py:161} INFO - Started process (PID=6371) to work on /home/airflow/.local/lib/python3.8/site-packages/airflow/example_dags/example_sensors.py
[2026-04-21T04:59:33.650+0000] {processor.py:830} INFO - Processing file /home/airflow/.local/lib/python3.8/site-packages/airflow/example_dags/example_sensors.py for tasks to queue
[2026-04-21T04:59:33.651+0000] {logging_mixin.py:188} INFO - [2026-04-21T04:59:33.650+0000] {dagbag.py:538} INFO - Filling up the DagBag from /home/airflow/.local/lib/python3.8/site-packages/airflow/example_dags/example_sensors.py
[2026-04-21T04:59:33.663+0000] {processor.py:840} INFO - DAG(s) 'example_sensors' retrieved from /home/airflow/.local/lib/python3.8/site-packages/airflow/example_dags/example_sensors.py
[2026-04-21T04:59:33.696+0000] {logging_mixin.py:188} INFO - [2026-04-21T04:59:33.696+0000] {dag.py:3036} INFO - Sync 1 DAGs
[2026-04-21T04:59:33.712+0000] {logging_mixin.py:188} INFO - [2026-04-21T04:59:33.712+0000] {dag.py:3823} INFO - Setting next_dagrun for example_sensors to None, run_after=None
[2026-04-21T04:59:33.735+0000] {processor.py:183} INFO - Processing /home/airflow/.local/lib/python3.8/site-packages/airflow/example_dags/example_sensors.py took 0.091 seconds
[2026-04-21T05:00:04.007+0000] {processor.py:161} INFO - Started process (PID=6426) to work on /home/airflow/.local/lib/python3.8/site-packages/airflow/example_dags/example_sensors.py
[2026-04-21T05:00:04.008+0000] {processor.py:830} INFO - Processing file /home/airflow/.local/lib/python3.8/site-packages/airflow/example_dags/example_sensors.py for tasks to queue
[2026-04-21T05:00:04.009+0000] {logging_mixin.py:188} INFO - [2026-04-21T05:00:04.009+0000] {dagbag.py:538} INFO - Filling up the DagBag from /home/airflow/.local/lib/python3.8/site-packages/airflow/example_dags/example_sensors.py
[2026-04-21T05:00:04.022+0000] {processor.py:840} INFO - DAG(s) 'example_sensors' retrieved from /home/airflow/.local/lib/python3.8/site-packages/airflow/example_dags/example_sensors.py
[2026-04-21T05:00:04.056+0000] {logging_mixin.py:188} INFO - [2026-04-21T05:00:04.055+0000] {dag.py:3036} INFO - Sync 1 DAGs
[2026-04-21T05:00:04.073+0000] {logging_mixin.py:188} INFO - [2026-04-21T05:00:04.073+0000] {dag.py:3823} INFO - Setting next_dagrun for example_sensors to None, run_after=None
[2026-04-21T05:00:04.095+0000] {processor.py:183} INFO - Processing /home/airflow/.local/lib/python3.8/site-packages/airflow/example_dags/example_sensors.py took 0.092 seconds
[2026-04-21T05:00:34.337+0000] {processor.py:161} INFO - Started process (PID=6481) to work on /home/airflow/.local/lib/python3.8/site-packages/airflow/example_dags/example_sensors.py
[2026-04-21T05:00:34.339+0000] {processor.py:830} INFO - Processing file /home/airflow/.local/lib/python3.8/site-packages/airflow/example_dags/example_sensors.py for tasks to queue
[2026-04-21T05:00:34.340+0000] {logging_mixin.py:188} INFO - [2026-04-21T05:00:34.340+0000] {dagbag.py:538} INFO - Filling up the DagBag from /home/airflow/.local/lib/python3.8/site-packages/airflow/example_dags/example_sensors.py
[2026-04-21T05:00:34.353+0000] {processor.py:840} INFO - DAG(s) 'example_sensors' retrieved from /home/airflow/.local/lib/python3.8/site-packages/airflow/example_dags/example_sensors.py
[2026-04-21T05:00:34.387+0000] {logging_mixin.py:188} INFO - [2026-04-21T05:00:34.387+0000] {dag.py:3036} INFO - Sync 1 DAGs
[2026-04-21T05:00:34.403+0000] {logging_mixin.py:188} INFO - [2026-04-21T05:00:34.403+0000] {dag.py:3823} INFO - Setting next_dagrun for example_sensors to None, run_after=None
[2026-04-21T05:00:34.426+0000] {processor.py:183} INFO - Processing /home/airflow/.local/lib/python3.8/site-packages/airflow/example_dags/example_sensors.py took 0.094 seconds
[2026-04-21T05:01:04.831+0000] {processor.py:161} INFO - Started process (PID=6536) to work on /home/airflow/.local/lib/python3.8/site-packages/airflow/example_dags/example_sensors.py
[2026-04-21T05:01:04.832+0000] {processor.py:830} INFO - Processing file /home/airflow/.local/lib/python3.8/site-packages/airflow/example_dags/example_sensors.py for tasks to queue
[2026-04-21T05:01:04.833+0000] {logging_mixin.py:188} INFO - [2026-04-21T05:01:04.833+0000] {dagbag.py:538} INFO - Filling up the DagBag from /home/airflow/.local/lib/python3.8/site-packages/airflow/example_dags/example_sensors.py
[2026-04-21T05:01:04.846+0000] {processor.py:840} INFO - DAG(s) 'example_sensors' retrieved from /home/airflow/.local/lib/python3.8/site-packages/airflow/example_dags/example_sensors.py
[2026-04-21T05:01:04.880+0000] {logging_mixin.py:188} INFO - [2026-04-21T05:01:04.879+0000] {dag.py:3036} INFO - Sync 1 DAGs
[2026-04-21T05:01:04.895+0000] {logging_mixin.py:188} INFO - [2026-04-21T05:01:04.895+0000] {dag.py:3823} INFO - Setting next_dagrun for example_sensors to None, run_after=None
[2026-04-21T05:01:04.918+0000] {processor.py:183} INFO - Processing /home/airflow/.local/lib/python3.8/site-packages/airflow/example_dags/example_sensors.py took 0.091 seconds
[2026-04-21T05:01:35.624+0000] {processor.py:161} INFO - Started process (PID=6591) to work on /home/airflow/.local/lib/python3.8/site-packages/airflow/example_dags/example_sensors.py
[2026-04-21T05:01:35.626+0000] {processor.py:830} INFO - Processing file /home/airflow/.local/lib/python3.8/site-packages/airflow/example_dags/example_sensors.py for tasks to queue
[2026-04-21T05:01:35.627+0000] {logging_mixin.py:188} INFO - [2026-04-21T05:01:35.626+0000] {dagbag.py:538} INFO - Filling up the DagBag from /home/airflow/.local/lib/python3.8/site-packages/airflow/example_dags/example_sensors.py
[2026-04-21T05:01:35.639+0000] {processor.py:840} INFO - DAG(s) 'example_sensors' retrieved from /home/airflow/.local/lib/python3.8/site-packages/airflow/example_dags/example_sensors.py
[2026-04-21T05:01:35.673+0000] {logging_mixin.py:188} INFO - [2026-04-21T05:01:35.673+0000] {dag.py:3036} INFO - Sync 1 DAGs
[2026-04-21T05:01:35.689+0000] {logging_mixin.py:188} INFO - [2026-04-21T05:01:35.688+0000] {dag.py:3823} INFO - Setting next_dagrun for example_sensors to None, run_after=None
[2026-04-21T05:01:35.712+0000] {processor.py:183} INFO - Processing /home/airflow/.local/lib/python3.8/site-packages/airflow/example_dags/example_sensors.py took 0.092 seconds
[2026-04-21T05:02:06.400+0000] {processor.py:161} INFO - Started process (PID=6646) to work on /home/airflow/.local/lib/python3.8/site-packages/airflow/example_dags/example_sensors.py
[2026-04-21T05:02:06.401+0000] {processor.py:830} INFO - Processing file /home/airflow/.local/lib/python3.8/site-packages/airflow/example_dags/example_sensors.py for tasks to queue
[2026-04-21T05:02:06.402+0000] {logging_mixin.py:188} INFO - [2026-04-21T05:02:06.402+0000] {dagbag.py:538} INFO - Filling up the DagBag from /home/airflow/.local/lib/python3.8/site-packages/airflow/example_dags/example_sensors.py
[2026-04-21T05:02:06.415+0000] {processor.py:840} INFO - DAG(s) 'example_sensors' retrieved from /home/airflow/.local/lib/python3.8/site-packages/airflow/example_dags/example_sensors.py
[2026-04-21T05:02:06.451+0000] {logging_mixin.py:188} INFO - [2026-04-21T05:02:06.451+0000] {dag.py:3036} INFO - Sync 1 DAGs
[2026-04-21T05:02:06.467+0000] {logging_mixin.py:188} INFO - [2026-04-21T05:02:06.467+0000] {dag.py:3823} INFO - Setting next_dagrun for example_sensors to None, run_after=None
[2026-04-21T05:02:06.489+0000] {processor.py:183} INFO - Processing /home/airflow/.local/lib/python3.8/site-packages/airflow/example_dags/example_sensors.py took 0.094 seconds
[2026-04-21T05:02:36.736+0000] {processor.py:161} INFO - Started process (PID=6701) to work on /home/airflow/.local/lib/python3.8/site-packages/airflow/example_dags/example_sensors.py
[2026-04-21T05:02:36.738+0000] {processor.py:830} INFO - Processing file /home/airflow/.local/lib/python3.8/site-packages/airflow/example_dags/example_sensors.py for tasks to queue
[2026-04-21T05:02:36.739+0000] {logging_mixin.py:188} INFO - [2026-04-21T05:02:36.739+0000] {dagbag.py:538} INFO - Filling up the DagBag from /home/airflow/.local/lib/python3.8/site-packages/airflow/example_dags/example_sensors.py
[2026-04-21T05:02:36.752+0000] {processor.py:840} INFO - DAG(s) 'example_sensors' retrieved from /home/airflow/.local/lib/python3.8/site-packages/airflow/example_dags/example_sensors.py
[2026-04-21T05:02:36.785+0000] {logging_mixin.py:188} INFO - [2026-04-21T05:02:36.785+0000] {dag.py:3036} INFO - Sync 1 DAGs
[2026-04-21T05:02:36.801+0000] {logging_mixin.py:188} INFO - [2026-04-21T05:02:36.801+0000] {dag.py:3823} INFO - Setting next_dagrun for example_sensors to None, run_after=None
[2026-04-21T05:02:36.826+0000] {processor.py:183} INFO - Processing /home/airflow/.local/lib/python3.8/site-packages/airflow/example_dags/example_sensors.py took 0.094 seconds
[2026-04-21T05:03:07.281+0000] {processor.py:161} INFO - Started process (PID=6756) to work on /home/airflow/.local/lib/python3.8/site-packages/airflow/example_dags/example_sensors.py
[2026-04-21T05:03:07.283+0000] {processor.py:830} INFO - Processing file /home/airflow/.local/lib/python3.8/site-packages/airflow/example_dags/example_sensors.py for tasks to queue
[2026-04-21T05:03:07.284+0000] {logging_mixin.py:188} INFO - [2026-04-21T05:03:07.283+0000] {dagbag.py:538} INFO - Filling up the DagBag from /home/airflow/.local/lib/python3.8/site-packages/airflow/example_dags/example_sensors.py
[2026-04-21T05:03:07.297+0000] {processor.py:840} INFO - DAG(s) 'example_sensors' retrieved from /home/airflow/.local/lib/python3.8/site-packages/airflow/example_dags/example_sensors.py
[2026-04-21T05:03:07.330+0000] {logging_mixin.py:188} INFO - [2026-04-21T05:03:07.330+0000] {dag.py:3036} INFO - Sync 1 DAGs
[2026-04-21T05:03:07.345+0000] {logging_mixin.py:188} INFO - [2026-04-21T05:03:07.345+0000] {dag.py:3823} INFO - Setting next_dagrun for example_sensors to None, run_after=None
[2026-04-21T05:03:07.368+0000] {processor.py:183} INFO - Processing /home/airflow/.local/lib/python3.8/site-packages/airflow/example_dags/example_sensors.py took 0.091 seconds
[2026-04-21T05:03:37.964+0000] {processor.py:161} INFO - Started process (PID=6811) to work on /home/airflow/.local/lib/python3.8/site-packages/airflow/example_dags/example_sensors.py
[2026-04-21T05:03:37.966+0000] {processor.py:830} INFO - Processing file /home/airflow/.local/lib/python3.8/site-packages/airflow/example_dags/example_sensors.py for tasks to queue
[2026-04-21T05:03:37.967+0000] {logging_mixin.py:188} INFO - [2026-04-21T05:03:37.967+0000] {dagbag.py:538} INFO - Filling up the DagBag from /home/airflow/.local/lib/python3.8/site-packages/airflow/example_dags/example_sensors.py
[2026-04-21T05:03:37.980+0000] {processor.py:840} INFO - DAG(s) 'example_sensors' retrieved from /home/airflow/.local/lib/python3.8/site-packages/airflow/example_dags/example_sensors.py
[2026-04-21T05:03:38.012+0000] {logging_mixin.py:188} INFO - [2026-04-21T05:03:38.012+0000] {dag.py:3036} INFO - Sync 1 DAGs
[2026-04-21T05:03:38.028+0000] {logging_mixin.py:188} INFO - [2026-04-21T05:03:38.027+0000] {dag.py:3823} INFO - Setting next_dagrun for example_sensors to None, run_after=None
[2026-04-21T05:03:38.049+0000] {processor.py:183} INFO - Processing /home/airflow/.local/lib/python3.8/site-packages/airflow/example_dags/example_sensors.py took 0.089 seconds
[2026-04-21T05:04:08.665+0000] {processor.py:161} INFO - Started process (PID=6866) to work on /home/airflow/.local/lib/python3.8/site-packages/airflow/example_dags/example_sensors.py
[2026-04-21T05:04:08.666+0000] {processor.py:830} INFO - Processing file /home/airflow/.local/lib/python3.8/site-packages/airflow/example_dags/example_sensors.py for tasks to queue
[2026-04-21T05:04:08.667+0000] {logging_mixin.py:188} INFO - [2026-04-21T05:04:08.667+0000] {dagbag.py:538} INFO - Filling up the DagBag from /home/airflow/.local/lib/python3.8/site-packages/airflow/example_dags/example_sensors.py
[2026-04-21T05:04:08.680+0000] {processor.py:840} INFO - DAG(s) 'example_sensors' retrieved from /home/airflow/.local/lib/python3.8/site-packages/airflow/example_dags/example_sensors.py
[2026-04-21T05:04:08.714+0000] {logging_mixin.py:188} INFO - [2026-04-21T05:04:08.713+0000] {dag.py:3036} INFO - Sync 1 DAGs
[2026-04-21T05:04:08.730+0000] {logging_mixin.py:188} INFO - [2026-04-21T05:04:08.729+0000] {dag.py:3823} INFO - Setting next_dagrun for example_sensors to None, run_after=None
[2026-04-21T05:04:08.752+0000] {processor.py:183} INFO - Processing /home/airflow/.local/lib/python3.8/site-packages/airflow/example_dags/example_sensors.py took 0.091 seconds
[2026-04-21T05:04:39.009+0000] {processor.py:161} INFO - Started process (PID=6921) to work on /home/airflow/.local/lib/python3.8/site-packages/airflow/example_dags/example_sensors.py
[2026-04-21T05:04:39.011+0000] {processor.py:830} INFO - Processing file /home/airflow/.local/lib/python3.8/site-packages/airflow/example_dags/example_sensors.py for tasks to queue
[2026-04-21T05:04:39.012+0000] {logging_mixin.py:188} INFO - [2026-04-21T05:04:39.012+0000] {dagbag.py:538} INFO - Filling up the DagBag from /home/airflow/.local/lib/python3.8/site-packages/airflow/example_dags/example_sensors.py
[2026-04-21T05:04:39.026+0000] {processor.py:840} INFO - DAG(s) 'example_sensors' retrieved from /home/airflow/.local/lib/python3.8/site-packages/airflow/example_dags/example_sensors.py
[2026-04-21T05:04:39.061+0000] {logging_mixin.py:188} INFO - [2026-04-21T05:04:39.061+0000] {dag.py:3036} INFO - Sync 1 DAGs
[2026-04-21T05:04:39.076+0000] {logging_mixin.py:188} INFO - [2026-04-21T05:04:39.076+0000] {dag.py:3823} INFO - Setting next_dagrun for example_sensors to None, run_after=None
[2026-04-21T05:04:39.099+0000] {processor.py:183} INFO - Processing /home/airflow/.local/lib/python3.8/site-packages/airflow/example_dags/example_sensors.py took 0.094 seconds
[2026-04-21T05:05:09.780+0000] {processor.py:161} INFO - Started process (PID=6976) to work on /home/airflow/.local/lib/python3.8/site-packages/airflow/example_dags/example_sensors.py
[2026-04-21T05:05:09.781+0000] {processor.py:830} INFO - Processing file /home/airflow/.local/lib/python3.8/site-packages/airflow/example_dags/example_sensors.py for tasks to queue
[2026-04-21T05:05:09.783+0000] {logging_mixin.py:188} INFO - [2026-04-21T05:05:09.782+0000] {dagbag.py:538} INFO - Filling up the DagBag from /home/airflow/.local/lib/python3.8/site-packages/airflow/example_dags/example_sensors.py
[2026-04-21T05:05:09.795+0000] {processor.py:840} INFO - DAG(s) 'example_sensors' retrieved from /home/airflow/.local/lib/python3.8/site-packages/airflow/example_dags/example_sensors.py
[2026-04-21T05:05:09.829+0000] {logging_mixin.py:188} INFO - [2026-04-21T05:05:09.829+0000] {dag.py:3036} INFO - Sync 1 DAGs
[2026-04-21T05:05:09.844+0000] {logging_mixin.py:188} INFO - [2026-04-21T05:05:09.844+0000] {dag.py:3823} INFO - Setting next_dagrun for example_sensors to None, run_after=None
[2026-04-21T05:05:09.867+0000] {processor.py:183} INFO - Processing /home/airflow/.local/lib/python3.8/site-packages/airflow/example_dags/example_sensors.py took 0.091 seconds
[2026-04-21T05:05:40.389+0000] {processor.py:161} INFO - Started process (PID=7032) to work on /home/airflow/.local/lib/python3.8/site-packages/airflow/example_dags/example_sensors.py
[2026-04-21T05:05:40.390+0000] {processor.py:830} INFO - Processing file /home/airflow/.local/lib/python3.8/site-packages/airflow/example_dags/example_sensors.py for tasks to queue
[2026-04-21T05:05:40.391+0000] {logging_mixin.py:188} INFO - [2026-04-21T05:05:40.391+0000] {dagbag.py:538} INFO - Filling up the DagBag from /home/airflow/.local/lib/python3.8/site-packages/airflow/example_dags/example_sensors.py
[2026-04-21T05:05:40.404+0000] {processor.py:840} INFO - DAG(s) 'example_sensors' retrieved from /home/airflow/.local/lib/python3.8/site-packages/airflow/example_dags/example_sensors.py
[2026-04-21T05:05:40.437+0000] {logging_mixin.py:188} INFO - [2026-04-21T05:05:40.437+0000] {dag.py:3036} INFO - Sync 1 DAGs
[2026-04-21T05:05:40.453+0000] {logging_mixin.py:188} INFO - [2026-04-21T05:05:40.452+0000] {dag.py:3823} INFO - Setting next_dagrun for example_sensors to None, run_after=None
[2026-04-21T05:05:40.475+0000] {processor.py:183} INFO - Processing /home/airflow/.local/lib/python3.8/site-packages/airflow/example_dags/example_sensors.py took 0.091 seconds
[2026-04-21T05:06:10.933+0000] {processor.py:161} INFO - Started process (PID=7087) to work on /home/airflow/.local/lib/python3.8/site-packages/airflow/example_dags/example_sensors.py
[2026-04-21T05:06:10.934+0000] {processor.py:830} INFO - Processing file /home/airflow/.local/lib/python3.8/site-packages/airflow/example_dags/example_sensors.py for tasks to queue
[2026-04-21T05:06:10.935+0000] {logging_mixin.py:188} INFO - [2026-04-21T05:06:10.935+0000] {dagbag.py:538} INFO - Filling up the DagBag from /home/airflow/.local/lib/python3.8/site-packages/airflow/example_dags/example_sensors.py
[2026-04-21T05:06:10.951+0000] {processor.py:840} INFO - DAG(s) 'example_sensors' retrieved from /home/airflow/.local/lib/python3.8/site-packages/airflow/example_dags/example_sensors.py
[2026-04-21T05:06:10.988+0000] {logging_mixin.py:188} INFO - [2026-04-21T05:06:10.988+0000] {dag.py:3036} INFO - Sync 1 DAGs
[2026-04-21T05:06:11.007+0000] {logging_mixin.py:188} INFO - [2026-04-21T05:06:11.007+0000] {dag.py:3823} INFO - Setting next_dagrun for example_sensors to None, run_after=None
[2026-04-21T05:06:11.036+0000] {processor.py:183} INFO - Processing /home/airflow/.local/lib/python3.8/site-packages/airflow/example_dags/example_sensors.py took 0.108 seconds
[2026-04-21T05:06:41.074+0000] {processor.py:161} INFO - Started process (PID=7142) to work on /home/airflow/.local/lib/python3.8/site-packages/airflow/example_dags/example_sensors.py
[2026-04-21T05:06:41.076+0000] {processor.py:830} INFO - Processing file /home/airflow/.local/lib/python3.8/site-packages/airflow/example_dags/example_sensors.py for tasks to queue
[2026-04-21T05:06:41.077+0000] {logging_mixin.py:188} INFO - [2026-04-21T05:06:41.076+0000] {dagbag.py:538} INFO - Filling up the DagBag from /home/airflow/.local/lib/python3.8/site-packages/airflow/example_dags/example_sensors.py
[2026-04-21T05:06:41.089+0000] {processor.py:840} INFO - DAG(s) 'example_sensors' retrieved from /home/airflow/.local/lib/python3.8/site-packages/airflow/example_dags/example_sensors.py
[2026-04-21T05:06:41.122+0000] {logging_mixin.py:188} INFO - [2026-04-21T05:06:41.121+0000] {dag.py:3036} INFO - Sync 1 DAGs
[2026-04-21T05:06:41.137+0000] {logging_mixin.py:188} INFO - [2026-04-21T05:06:41.137+0000] {dag.py:3823} INFO - Setting next_dagrun for example_sensors to None, run_after=None
[2026-04-21T05:06:41.160+0000] {processor.py:183} INFO - Processing /home/airflow/.local/lib/python3.8/site-packages/airflow/example_dags/example_sensors.py took 0.090 seconds
[2026-04-21T05:07:11.331+0000] {processor.py:161} INFO - Started process (PID=7197) to work on /home/airflow/.local/lib/python3.8/site-packages/airflow/example_dags/example_sensors.py
[2026-04-21T05:07:11.332+0000] {processor.py:830} INFO - Processing file /home/airflow/.local/lib/python3.8/site-packages/airflow/example_dags/example_sensors.py for tasks to queue
[2026-04-21T05:07:11.333+0000] {logging_mixin.py:188} INFO - [2026-04-21T05:07:11.332+0000] {dagbag.py:538} INFO - Filling up the DagBag from /home/airflow/.local/lib/python3.8/site-packages/airflow/example_dags/example_sensors.py
[2026-04-21T05:07:11.345+0000] {processor.py:840} INFO - DAG(s) 'example_sensors' retrieved from /home/airflow/.local/lib/python3.8/site-packages/airflow/example_dags/example_sensors.py
[2026-04-21T05:07:11.378+0000] {logging_mixin.py:188} INFO - [2026-04-21T05:07:11.378+0000] {dag.py:3036} INFO - Sync 1 DAGs
[2026-04-21T05:07:11.393+0000] {logging_mixin.py:188} INFO - [2026-04-21T05:07:11.393+0000] {dag.py:3823} INFO - Setting next_dagrun for example_sensors to None, run_after=None
[2026-04-21T05:07:11.415+0000] {processor.py:183} INFO - Processing /home/airflow/.local/lib/python3.8/site-packages/airflow/example_dags/example_sensors.py took 0.089 seconds
[2026-04-21T05:07:41.686+0000] {processor.py:161} INFO - Started process (PID=7252) to work on /home/airflow/.local/lib/python3.8/site-packages/airflow/example_dags/example_sensors.py
[2026-04-21T05:07:41.687+0000] {processor.py:830} INFO - Processing file /home/airflow/.local/lib/python3.8/site-packages/airflow/example_dags/example_sensors.py for tasks to queue
[2026-04-21T05:07:41.688+0000] {logging_mixin.py:188} INFO - [2026-04-21T05:07:41.688+0000] {dagbag.py:538} INFO - Filling up the DagBag from /home/airflow/.local/lib/python3.8/site-packages/airflow/example_dags/example_sensors.py
[2026-04-21T05:07:41.701+0000] {processor.py:840} INFO - DAG(s) 'example_sensors' retrieved from /home/airflow/.local/lib/python3.8/site-packages/airflow/example_dags/example_sensors.py
[2026-04-21T05:07:41.737+0000] {logging_mixin.py:188} INFO - [2026-04-21T05:07:41.737+0000] {dag.py:3036} INFO - Sync 1 DAGs
[2026-04-21T05:07:41.754+0000] {logging_mixin.py:188} INFO - [2026-04-21T05:07:41.754+0000] {dag.py:3823} INFO - Setting next_dagrun for example_sensors to None, run_after=None
[2026-04-21T05:07:41.777+0000] {processor.py:183} INFO - Processing /home/airflow/.local/lib/python3.8/site-packages/airflow/example_dags/example_sensors.py took 0.095 seconds
[2026-04-21T05:08:12.239+0000] {processor.py:161} INFO - Started process (PID=7307) to work on /home/airflow/.local/lib/python3.8/site-packages/airflow/example_dags/example_sensors.py
[2026-04-21T05:08:12.240+0000] {processor.py:830} INFO - Processing file /home/airflow/.local/lib/python3.8/site-packages/airflow/example_dags/example_sensors.py for tasks to queue
[2026-04-21T05:08:12.241+0000] {logging_mixin.py:188} INFO - [2026-04-21T05:08:12.241+0000] {dagbag.py:538} INFO - Filling up the DagBag from /home/airflow/.local/lib/python3.8/site-packages/airflow/example_dags/example_sensors.py
[2026-04-21T05:08:12.253+0000] {processor.py:840} INFO - DAG(s) 'example_sensors' retrieved from /home/airflow/.local/lib/python3.8/site-packages/airflow/example_dags/example_sensors.py
[2026-04-21T05:08:12.286+0000] {logging_mixin.py:188} INFO - [2026-04-21T05:08:12.286+0000] {dag.py:3036} INFO - Sync 1 DAGs
[2026-04-21T05:08:12.301+0000] {logging_mixin.py:188} INFO - [2026-04-21T05:08:12.301+0000] {dag.py:3823} INFO - Setting next_dagrun for example_sensors to None, run_after=None
[2026-04-21T05:08:12.324+0000] {processor.py:183} INFO - Processing /home/airflow/.local/lib/python3.8/site-packages/airflow/example_dags/example_sensors.py took 0.089 seconds
[2026-04-21T05:08:42.718+0000] {processor.py:161} INFO - Started process (PID=7362) to work on /home/airflow/.local/lib/python3.8/site-packages/airflow/example_dags/example_sensors.py
[2026-04-21T05:08:42.720+0000] {processor.py:830} INFO - Processing file /home/airflow/.local/lib/python3.8/site-packages/airflow/example_dags/example_sensors.py for tasks to queue
[2026-04-21T05:08:42.721+0000] {logging_mixin.py:188} INFO - [2026-04-21T05:08:42.720+0000] {dagbag.py:538} INFO - Filling up the DagBag from /home/airflow/.local/lib/python3.8/site-packages/airflow/example_dags/example_sensors.py
[2026-04-21T05:08:42.733+0000] {processor.py:840} INFO - DAG(s) 'example_sensors' retrieved from /home/airflow/.local/lib/python3.8/site-packages/airflow/example_dags/example_sensors.py
[2026-04-21T05:08:42.768+0000] {logging_mixin.py:188} INFO - [2026-04-21T05:08:42.767+0000] {dag.py:3036} INFO - Sync 1 DAGs
[2026-04-21T05:08:42.784+0000] {logging_mixin.py:188} INFO - [2026-04-21T05:08:42.783+0000] {dag.py:3823} INFO - Setting next_dagrun for example_sensors to None, run_after=None
[2026-04-21T05:08:42.806+0000] {processor.py:183} INFO - Processing /home/airflow/.local/lib/python3.8/site-packages/airflow/example_dags/example_sensors.py took 0.092 seconds
[2026-04-21T05:09:13.326+0000] {processor.py:161} INFO - Started process (PID=7417) to work on /home/airflow/.local/lib/python3.8/site-packages/airflow/example_dags/example_sensors.py
[2026-04-21T05:09:13.327+0000] {processor.py:830} INFO - Processing file /home/airflow/.local/lib/python3.8/site-packages/airflow/example_dags/example_sensors.py for tasks to queue
[2026-04-21T05:09:13.328+0000] {logging_mixin.py:188} INFO - [2026-04-21T05:09:13.328+0000] {dagbag.py:538} INFO - Filling up the DagBag from /home/airflow/.local/lib/python3.8/site-packages/airflow/example_dags/example_sensors.py
[2026-04-21T05:09:13.341+0000] {processor.py:840} INFO - DAG(s) 'example_sensors' retrieved from /home/airflow/.local/lib/python3.8/site-packages/airflow/example_dags/example_sensors.py
[2026-04-21T05:09:13.373+0000] {logging_mixin.py:188} INFO - [2026-04-21T05:09:13.373+0000] {dag.py:3036} INFO - Sync 1 DAGs
[2026-04-21T05:09:13.389+0000] {logging_mixin.py:188} INFO - [2026-04-21T05:09:13.388+0000] {dag.py:3823} INFO - Setting next_dagrun for example_sensors to None, run_after=None
[2026-04-21T05:09:13.412+0000] {processor.py:183} INFO - Processing /home/airflow/.local/lib/python3.8/site-packages/airflow/example_dags/example_sensors.py took 0.091 seconds
[2026-04-21T05:09:43.538+0000] {processor.py:161} INFO - Started process (PID=7472) to work on /home/airflow/.local/lib/python3.8/site-packages/airflow/example_dags/example_sensors.py
[2026-04-21T05:09:43.539+0000] {processor.py:830} INFO - Processing file /home/airflow/.local/lib/python3.8/site-packages/airflow/example_dags/example_sensors.py for tasks to queue
[2026-04-21T05:09:43.540+0000] {logging_mixin.py:188} INFO - [2026-04-21T05:09:43.540+0000] {dagbag.py:538} INFO - Filling up the DagBag from /home/airflow/.local/lib/python3.8/site-packages/airflow/example_dags/example_sensors.py
[2026-04-21T05:09:43.553+0000] {processor.py:840} INFO - DAG(s) 'example_sensors' retrieved from /home/airflow/.local/lib/python3.8/site-packages/airflow/example_dags/example_sensors.py
[2026-04-21T05:09:43.587+0000] {logging_mixin.py:188} INFO - [2026-04-21T05:09:43.587+0000] {dag.py:3036} INFO - Sync 1 DAGs
[2026-04-21T05:09:43.603+0000] {logging_mixin.py:188} INFO - [2026-04-21T05:09:43.603+0000] {dag.py:3823} INFO - Setting next_dagrun for example_sensors to None, run_after=None
[2026-04-21T05:09:43.626+0000] {processor.py:183} INFO - Processing /home/airflow/.local/lib/python3.8/site-packages/airflow/example_dags/example_sensors.py took 0.093 seconds
[2026-04-21T05:10:14.007+0000] {processor.py:161} INFO - Started process (PID=7527) to work on /home/airflow/.local/lib/python3.8/site-packages/airflow/example_dags/example_sensors.py
[2026-04-21T05:10:14.008+0000] {processor.py:830} INFO - Processing file /home/airflow/.local/lib/python3.8/site-packages/airflow/example_dags/example_sensors.py for tasks to queue
[2026-04-21T05:10:14.009+0000] {logging_mixin.py:188} INFO - [2026-04-21T05:10:14.009+0000] {dagbag.py:538} INFO - Filling up the DagBag from /home/airflow/.local/lib/python3.8/site-packages/airflow/example_dags/example_sensors.py
[2026-04-21T05:10:14.023+0000] {processor.py:840} INFO - DAG(s) 'example_sensors' retrieved from /home/airflow/.local/lib/python3.8/site-packages/airflow/example_dags/example_sensors.py
[2026-04-21T05:10:14.060+0000] {logging_mixin.py:188} INFO - [2026-04-21T05:10:14.060+0000] {dag.py:3036} INFO - Sync 1 DAGs
[2026-04-21T05:10:14.078+0000] {logging_mixin.py:188} INFO - [2026-04-21T05:10:14.078+0000] {dag.py:3823} INFO - Setting next_dagrun for example_sensors to None, run_after=None
[2026-04-21T05:10:14.103+0000] {processor.py:183} INFO - Processing /home/airflow/.local/lib/python3.8/site-packages/airflow/example_dags/example_sensors.py took 0.101 seconds
[2026-04-21T05:10:44.354+0000] {processor.py:161} INFO - Started process (PID=7582) to work on /home/airflow/.local/lib/python3.8/site-packages/airflow/example_dags/example_sensors.py
[2026-04-21T05:10:44.355+0000] {processor.py:830} INFO - Processing file /home/airflow/.local/lib/python3.8/site-packages/airflow/example_dags/example_sensors.py for tasks to queue
[2026-04-21T05:10:44.356+0000] {logging_mixin.py:188} INFO - [2026-04-21T05:10:44.356+0000] {dagbag.py:538} INFO - Filling up the DagBag from /home/airflow/.local/lib/python3.8/site-packages/airflow/example_dags/example_sensors.py
[2026-04-21T05:10:44.369+0000] {processor.py:840} INFO - DAG(s) 'example_sensors' retrieved from /home/airflow/.local/lib/python3.8/site-packages/airflow/example_dags/example_sensors.py
[2026-04-21T05:10:44.401+0000] {logging_mixin.py:188} INFO - [2026-04-21T05:10:44.401+0000] {dag.py:3036} INFO - Sync 1 DAGs
[2026-04-21T05:10:44.417+0000] {logging_mixin.py:188} INFO - [2026-04-21T05:10:44.417+0000] {dag.py:3823} INFO - Setting next_dagrun for example_sensors to None, run_after=None
[2026-04-21T05:10:44.438+0000] {processor.py:183} INFO - Processing /home/airflow/.local/lib/python3.8/site-packages/airflow/example_dags/example_sensors.py took 0.089 seconds
[2026-04-21T05:11:14.572+0000] {processor.py:161} INFO - Started process (PID=7637) to work on /home/airflow/.local/lib/python3.8/site-packages/airflow/example_dags/example_sensors.py
[2026-04-21T05:11:14.573+0000] {processor.py:830} INFO - Processing file /home/airflow/.local/lib/python3.8/site-packages/airflow/example_dags/example_sensors.py for tasks to queue
[2026-04-21T05:11:14.574+0000] {logging_mixin.py:188} INFO - [2026-04-21T05:11:14.574+0000] {dagbag.py:538} INFO - Filling up the DagBag from /home/airflow/.local/lib/python3.8/site-packages/airflow/example_dags/example_sensors.py
[2026-04-21T05:11:14.587+0000] {processor.py:840} INFO - DAG(s) 'example_sensors' retrieved from /home/airflow/.local/lib/python3.8/site-packages/airflow/example_dags/example_sensors.py
[2026-04-21T05:11:14.620+0000] {logging_mixin.py:188} INFO - [2026-04-21T05:11:14.620+0000] {dag.py:3036} INFO - Sync 1 DAGs
[2026-04-21T05:11:14.636+0000] {logging_mixin.py:188} INFO - [2026-04-21T05:11:14.635+0000] {dag.py:3823} INFO - Setting next_dagrun for example_sensors to None, run_after=None
[2026-04-21T05:11:14.657+0000] {processor.py:183} INFO - Processing /home/airflow/.local/lib/python3.8/site-packages/airflow/example_dags/example_sensors.py took 0.090 seconds
[2026-04-21T05:11:45.034+0000] {processor.py:161} INFO - Started process (PID=7692) to work on /home/airflow/.local/lib/python3.8/site-packages/airflow/example_dags/example_sensors.py
[2026-04-21T05:11:45.035+0000] {processor.py:830} INFO - Processing file /home/airflow/.local/lib/python3.8/site-packages/airflow/example_dags/example_sensors.py for tasks to queue
[2026-04-21T05:11:45.036+0000] {logging_mixin.py:188} INFO - [2026-04-21T05:11:45.036+0000] {dagbag.py:538} INFO - Filling up the DagBag from /home/airflow/.local/lib/python3.8/site-packages/airflow/example_dags/example_sensors.py
[2026-04-21T05:11:45.050+0000] {processor.py:840} INFO - DAG(s) 'example_sensors' retrieved from /home/airflow/.local/lib/python3.8/site-packages/airflow/example_dags/example_sensors.py
[2026-04-21T05:11:45.084+0000] {logging_mixin.py:188} INFO - [2026-04-21T05:11:45.084+0000] {dag.py:3036} INFO - Sync 1 DAGs
[2026-04-21T05:11:45.100+0000] {logging_mixin.py:188} INFO - [2026-04-21T05:11:45.100+0000] {dag.py:3823} INFO - Setting next_dagrun for example_sensors to None, run_after=None
[2026-04-21T05:11:45.121+0000] {processor.py:183} INFO - Processing /home/airflow/.local/lib/python3.8/site-packages/airflow/example_dags/example_sensors.py took 0.092 seconds
[2026-04-21T05:12:15.363+0000] {processor.py:161} INFO - Started process (PID=7747) to work on /home/airflow/.local/lib/python3.8/site-packages/airflow/example_dags/example_sensors.py
[2026-04-21T05:12:15.364+0000] {processor.py:830} INFO - Processing file /home/airflow/.local/lib/python3.8/site-packages/airflow/example_dags/example_sensors.py for tasks to queue
[2026-04-21T05:12:15.365+0000] {logging_mixin.py:188} INFO - [2026-04-21T05:12:15.365+0000] {dagbag.py:538} INFO - Filling up the DagBag from /home/airflow/.local/lib/python3.8/site-packages/airflow/example_dags/example_sensors.py
[2026-04-21T05:12:15.379+0000] {processor.py:840} INFO - DAG(s) 'example_sensors' retrieved from /home/airflow/.local/lib/python3.8/site-packages/airflow/example_dags/example_sensors.py
[2026-04-21T05:12:15.413+0000] {logging_mixin.py:188} INFO - [2026-04-21T05:12:15.412+0000] {dag.py:3036} INFO - Sync 1 DAGs
[2026-04-21T05:12:15.428+0000] {logging_mixin.py:188} INFO - [2026-04-21T05:12:15.428+0000] {dag.py:3823} INFO - Setting next_dagrun for example_sensors to None, run_after=None
[2026-04-21T05:12:15.450+0000] {processor.py:183} INFO - Processing /home/airflow/.local/lib/python3.8/site-packages/airflow/example_dags/example_sensors.py took 0.092 seconds
[2026-04-21T05:12:45.720+0000] {processor.py:161} INFO - Started process (PID=7802) to work on /home/airflow/.local/lib/python3.8/site-packages/airflow/example_dags/example_sensors.py
[2026-04-21T05:12:45.721+0000] {processor.py:830} INFO - Processing file /home/airflow/.local/lib/python3.8/site-packages/airflow/example_dags/example_sensors.py for tasks to queue
[2026-04-21T05:12:45.723+0000] {logging_mixin.py:188} INFO - [2026-04-21T05:12:45.722+0000] {dagbag.py:538} INFO - Filling up the DagBag from /home/airflow/.local/lib/python3.8/site-packages/airflow/example_dags/example_sensors.py
[2026-04-21T05:12:45.735+0000] {processor.py:840} INFO - DAG(s) 'example_sensors' retrieved from /home/airflow/.local/lib/python3.8/site-packages/airflow/example_dags/example_sensors.py
[2026-04-21T05:12:45.769+0000] {logging_mixin.py:188} INFO - [2026-04-21T05:12:45.768+0000] {dag.py:3036} INFO - Sync 1 DAGs
[2026-04-21T05:12:45.784+0000] {logging_mixin.py:188} INFO - [2026-04-21T05:12:45.783+0000] {dag.py:3823} INFO - Setting next_dagrun for example_sensors to None, run_after=None
[2026-04-21T05:12:45.807+0000] {processor.py:183} INFO - Processing /home/airflow/.local/lib/python3.8/site-packages/airflow/example_dags/example_sensors.py took 0.091 seconds
[2026-04-21T05:13:16.067+0000] {processor.py:161} INFO - Started process (PID=7857) to work on /home/airflow/.local/lib/python3.8/site-packages/airflow/example_dags/example_sensors.py
[2026-04-21T05:13:16.068+0000] {processor.py:830} INFO - Processing file /home/airflow/.local/lib/python3.8/site-packages/airflow/example_dags/example_sensors.py for tasks to queue
[2026-04-21T05:13:16.069+0000] {logging_mixin.py:188} INFO - [2026-04-21T05:13:16.068+0000] {dagbag.py:538} INFO - Filling up the DagBag from /home/airflow/.local/lib/python3.8/site-packages/airflow/example_dags/example_sensors.py
[2026-04-21T05:13:16.081+0000] {processor.py:840} INFO - DAG(s) 'example_sensors' retrieved from /home/airflow/.local/lib/python3.8/site-packages/airflow/example_dags/example_sensors.py
[2026-04-21T05:13:16.116+0000] {logging_mixin.py:188} INFO - [2026-04-21T05:13:16.116+0000] {dag.py:3036} INFO - Sync 1 DAGs
[2026-04-21T05:13:16.132+0000] {logging_mixin.py:188} INFO - [2026-04-21T05:13:16.131+0000] {dag.py:3823} INFO - Setting next_dagrun for example_sensors to None, run_after=None
[2026-04-21T05:13:16.155+0000] {processor.py:183} INFO - Processing /home/airflow/.local/lib/python3.8/site-packages/airflow/example_dags/example_sensors.py took 0.093 seconds
[2026-04-21T05:13:46.620+0000] {processor.py:161} INFO - Started process (PID=7912) to work on /home/airflow/.local/lib/python3.8/site-packages/airflow/example_dags/example_sensors.py
[2026-04-21T05:13:46.621+0000] {processor.py:830} INFO - Processing file /home/airflow/.local/lib/python3.8/site-packages/airflow/example_dags/example_sensors.py for tasks to queue
[2026-04-21T05:13:46.622+0000] {logging_mixin.py:188} INFO - [2026-04-21T05:13:46.622+0000] {dagbag.py:538} INFO - Filling up the DagBag from /home/airflow/.local/lib/python3.8/site-packages/airflow/example_dags/example_sensors.py
[2026-04-21T05:13:46.635+0000] {processor.py:840} INFO - DAG(s) 'example_sensors' retrieved from /home/airflow/.local/lib/python3.8/site-packages/airflow/example_dags/example_sensors.py
[2026-04-21T05:13:46.670+0000] {logging_mixin.py:188} INFO - [2026-04-21T05:13:46.670+0000] {dag.py:3036} INFO - Sync 1 DAGs
[2026-04-21T05:13:46.688+0000] {logging_mixin.py:188} INFO - [2026-04-21T05:13:46.688+0000] {dag.py:3823} INFO - Setting next_dagrun for example_sensors to None, run_after=None
[2026-04-21T05:13:46.712+0000] {processor.py:183} INFO - Processing /home/airflow/.local/lib/python3.8/site-packages/airflow/example_dags/example_sensors.py took 0.096 seconds
[2026-04-21T05:14:17.037+0000] {processor.py:161} INFO - Started process (PID=7967) to work on /home/airflow/.local/lib/python3.8/site-packages/airflow/example_dags/example_sensors.py
[2026-04-21T05:14:17.038+0000] {processor.py:830} INFO - Processing file /home/airflow/.local/lib/python3.8/site-packages/airflow/example_dags/example_sensors.py for tasks to queue
[2026-04-21T05:14:17.039+0000] {logging_mixin.py:188} INFO - [2026-04-21T05:14:17.039+0000] {dagbag.py:538} INFO - Filling up the DagBag from /home/airflow/.local/lib/python3.8/site-packages/airflow/example_dags/example_sensors.py
[2026-04-21T05:14:17.051+0000] {processor.py:840} INFO - DAG(s) 'example_sensors' retrieved from /home/airflow/.local/lib/python3.8/site-packages/airflow/example_dags/example_sensors.py
[2026-04-21T05:14:17.083+0000] {logging_mixin.py:188} INFO - [2026-04-21T05:14:17.083+0000] {dag.py:3036} INFO - Sync 1 DAGs
[2026-04-21T05:14:17.099+0000] {logging_mixin.py:188} INFO - [2026-04-21T05:14:17.098+0000] {dag.py:3823} INFO - Setting next_dagrun for example_sensors to None, run_after=None
[2026-04-21T05:14:17.121+0000] {processor.py:183} INFO - Processing /home/airflow/.local/lib/python3.8/site-packages/airflow/example_dags/example_sensors.py took 0.088 seconds
[2026-04-21T05:14:47.326+0000] {processor.py:161} INFO - Started process (PID=8022) to work on /home/airflow/.local/lib/python3.8/site-packages/airflow/example_dags/example_sensors.py
[2026-04-21T05:14:47.327+0000] {processor.py:830} INFO - Processing file /home/airflow/.local/lib/python3.8/site-packages/airflow/example_dags/example_sensors.py for tasks to queue
[2026-04-21T05:14:47.329+0000] {logging_mixin.py:188} INFO - [2026-04-21T05:14:47.328+0000] {dagbag.py:538} INFO - Filling up the DagBag from /home/airflow/.local/lib/python3.8/site-packages/airflow/example_dags/example_sensors.py
[2026-04-21T05:14:47.341+0000] {processor.py:840} INFO - DAG(s) 'example_sensors' retrieved from /home/airflow/.local/lib/python3.8/site-packages/airflow/example_dags/example_sensors.py
[2026-04-21T05:14:47.373+0000] {logging_mixin.py:188} INFO - [2026-04-21T05:14:47.372+0000] {dag.py:3036} INFO - Sync 1 DAGs
[2026-04-21T05:14:47.388+0000] {logging_mixin.py:188} INFO - [2026-04-21T05:14:47.388+0000] {dag.py:3823} INFO - Setting next_dagrun for example_sensors to None, run_after=None
[2026-04-21T05:14:47.410+0000] {processor.py:183} INFO - Processing /home/airflow/.local/lib/python3.8/site-packages/airflow/example_dags/example_sensors.py took 0.087 seconds
[2026-04-21T05:15:17.725+0000] {processor.py:161} INFO - Started process (PID=8077) to work on /home/airflow/.local/lib/python3.8/site-packages/airflow/example_dags/example_sensors.py
[2026-04-21T05:15:17.726+0000] {processor.py:830} INFO - Processing file /home/airflow/.local/lib/python3.8/site-packages/airflow/example_dags/example_sensors.py for tasks to queue
[2026-04-21T05:15:17.727+0000] {logging_mixin.py:188} INFO - [2026-04-21T05:15:17.726+0000] {dagbag.py:538} INFO - Filling up the DagBag from /home/airflow/.local/lib/python3.8/site-packages/airflow/example_dags/example_sensors.py
[2026-04-21T05:15:17.739+0000] {processor.py:840} INFO - DAG(s) 'example_sensors' retrieved from /home/airflow/.local/lib/python3.8/site-packages/airflow/example_dags/example_sensors.py
[2026-04-21T05:15:17.773+0000] {logging_mixin.py:188} INFO - [2026-04-21T05:15:17.773+0000] {dag.py:3036} INFO - Sync 1 DAGs
[2026-04-21T05:15:17.789+0000] {logging_mixin.py:188} INFO - [2026-04-21T05:15:17.788+0000] {dag.py:3823} INFO - Setting next_dagrun for example_sensors to None, run_after=None
[2026-04-21T05:15:17.811+0000] {processor.py:183} INFO - Processing /home/airflow/.local/lib/python3.8/site-packages/airflow/example_dags/example_sensors.py took 0.090 seconds
[2026-04-21T05:15:48.253+0000] {processor.py:161} INFO - Started process (PID=8132) to work on /home/airflow/.local/lib/python3.8/site-packages/airflow/example_dags/example_sensors.py
[2026-04-21T05:15:48.254+0000] {processor.py:830} INFO - Processing file /home/airflow/.local/lib/python3.8/site-packages/airflow/example_dags/example_sensors.py for tasks to queue
[2026-04-21T05:15:48.256+0000] {logging_mixin.py:188} INFO - [2026-04-21T05:15:48.255+0000] {dagbag.py:538} INFO - Filling up the DagBag from /home/airflow/.local/lib/python3.8/site-packages/airflow/example_dags/example_sensors.py
[2026-04-21T05:15:48.268+0000] {processor.py:840} INFO - DAG(s) 'example_sensors' retrieved from /home/airflow/.local/lib/python3.8/site-packages/airflow/example_dags/example_sensors.py
[2026-04-21T05:15:48.301+0000] {logging_mixin.py:188} INFO - [2026-04-21T05:15:48.301+0000] {dag.py:3036} INFO - Sync 1 DAGs
[2026-04-21T05:15:48.318+0000] {logging_mixin.py:188} INFO - [2026-04-21T05:15:48.318+0000] {dag.py:3823} INFO - Setting next_dagrun for example_sensors to None, run_after=None
[2026-04-21T05:15:48.339+0000] {processor.py:183} INFO - Processing /home/airflow/.local/lib/python3.8/site-packages/airflow/example_dags/example_sensors.py took 0.091 seconds
[2026-04-21T05:16:18.783+0000] {processor.py:161} INFO - Started process (PID=8187) to work on /home/airflow/.local/lib/python3.8/site-packages/airflow/example_dags/example_sensors.py
[2026-04-21T05:16:18.784+0000] {processor.py:830} INFO - Processing file /home/airflow/.local/lib/python3.8/site-packages/airflow/example_dags/example_sensors.py for tasks to queue
[2026-04-21T05:16:18.785+0000] {logging_mixin.py:188} INFO - [2026-04-21T05:16:18.784+0000] {dagbag.py:538} INFO - Filling up the DagBag from /home/airflow/.local/lib/python3.8/site-packages/airflow/example_dags/example_sensors.py
[2026-04-21T05:16:18.797+0000] {processor.py:840} INFO - DAG(s) 'example_sensors' retrieved from /home/airflow/.local/lib/python3.8/site-packages/airflow/example_dags/example_sensors.py
[2026-04-21T05:16:18.833+0000] {logging_mixin.py:188} INFO - [2026-04-21T05:16:18.833+0000] {dag.py:3036} INFO - Sync 1 DAGs
[2026-04-21T05:16:18.849+0000] {logging_mixin.py:188} INFO - [2026-04-21T05:16:18.849+0000] {dag.py:3823} INFO - Setting next_dagrun for example_sensors to None, run_after=None
[2026-04-21T05:16:18.874+0000] {processor.py:183} INFO - Processing /home/airflow/.local/lib/python3.8/site-packages/airflow/example_dags/example_sensors.py took 0.096 seconds
[2026-04-21T05:16:49.246+0000] {processor.py:161} INFO - Started process (PID=8242) to work on /home/airflow/.local/lib/python3.8/site-packages/airflow/example_dags/example_sensors.py
[2026-04-21T05:16:49.247+0000] {processor.py:830} INFO - Processing file /home/airflow/.local/lib/python3.8/site-packages/airflow/example_dags/example_sensors.py for tasks to queue
[2026-04-21T05:16:49.248+0000] {logging_mixin.py:188} INFO - [2026-04-21T05:16:49.248+0000] {dagbag.py:538} INFO - Filling up the DagBag from /home/airflow/.local/lib/python3.8/site-packages/airflow/example_dags/example_sensors.py
[2026-04-21T05:16:49.261+0000] {processor.py:840} INFO - DAG(s) 'example_sensors' retrieved from /home/airflow/.local/lib/python3.8/site-packages/airflow/example_dags/example_sensors.py
[2026-04-21T05:16:49.295+0000] {logging_mixin.py:188} INFO - [2026-04-21T05:16:49.295+0000] {dag.py:3036} INFO - Sync 1 DAGs
[2026-04-21T05:16:49.312+0000] {logging_mixin.py:188} INFO - [2026-04-21T05:16:49.311+0000] {dag.py:3823} INFO - Setting next_dagrun for example_sensors to None, run_after=None
[2026-04-21T05:16:49.335+0000] {processor.py:183} INFO - Processing /home/airflow/.local/lib/python3.8/site-packages/airflow/example_dags/example_sensors.py took 0.094 seconds
[2026-04-21T05:17:19.771+0000] {processor.py:161} INFO - Started process (PID=8297) to work on /home/airflow/.local/lib/python3.8/site-packages/airflow/example_dags/example_sensors.py
[2026-04-21T05:17:19.773+0000] {processor.py:830} INFO - Processing file /home/airflow/.local/lib/python3.8/site-packages/airflow/example_dags/example_sensors.py for tasks to queue
[2026-04-21T05:17:19.774+0000] {logging_mixin.py:188} INFO - [2026-04-21T05:17:19.773+0000] {dagbag.py:538} INFO - Filling up the DagBag from /home/airflow/.local/lib/python3.8/site-packages/airflow/example_dags/example_sensors.py
[2026-04-21T05:17:19.786+0000] {processor.py:840} INFO - DAG(s) 'example_sensors' retrieved from /home/airflow/.local/lib/python3.8/site-packages/airflow/example_dags/example_sensors.py
[2026-04-21T05:17:19.821+0000] {logging_mixin.py:188} INFO - [2026-04-21T05:17:19.821+0000] {dag.py:3036} INFO - Sync 1 DAGs
[2026-04-21T05:17:19.837+0000] {logging_mixin.py:188} INFO - [2026-04-21T05:17:19.837+0000] {dag.py:3823} INFO - Setting next_dagrun for example_sensors to None, run_after=None
[2026-04-21T05:17:19.861+0000] {processor.py:183} INFO - Processing /home/airflow/.local/lib/python3.8/site-packages/airflow/example_dags/example_sensors.py took 0.094 seconds
[2026-04-21T05:17:50.202+0000] {processor.py:161} INFO - Started process (PID=8352) to work on /home/airflow/.local/lib/python3.8/site-packages/airflow/example_dags/example_sensors.py
[2026-04-21T05:17:50.203+0000] {processor.py:830} INFO - Processing file /home/airflow/.local/lib/python3.8/site-packages/airflow/example_dags/example_sensors.py for tasks to queue
[2026-04-21T05:17:50.204+0000] {logging_mixin.py:188} INFO - [2026-04-21T05:17:50.204+0000] {dagbag.py:538} INFO - Filling up the DagBag from /home/airflow/.local/lib/python3.8/site-packages/airflow/example_dags/example_sensors.py
[2026-04-21T05:17:50.217+0000] {processor.py:840} INFO - DAG(s) 'example_sensors' retrieved from /home/airflow/.local/lib/python3.8/site-packages/airflow/example_dags/example_sensors.py
[2026-04-21T05:17:50.250+0000] {logging_mixin.py:188} INFO - [2026-04-21T05:17:50.250+0000] {dag.py:3036} INFO - Sync 1 DAGs
[2026-04-21T05:17:50.266+0000] {logging_mixin.py:188} INFO - [2026-04-21T05:17:50.266+0000] {dag.py:3823} INFO - Setting next_dagrun for example_sensors to None, run_after=None
[2026-04-21T05:17:50.288+0000] {processor.py:183} INFO - Processing /home/airflow/.local/lib/python3.8/site-packages/airflow/example_dags/example_sensors.py took 0.090 seconds
[2026-04-21T05:18:20.635+0000] {processor.py:161} INFO - Started process (PID=8407) to work on /home/airflow/.local/lib/python3.8/site-packages/airflow/example_dags/example_sensors.py
[2026-04-21T05:18:20.636+0000] {processor.py:830} INFO - Processing file /home/airflow/.local/lib/python3.8/site-packages/airflow/example_dags/example_sensors.py for tasks to queue
[2026-04-21T05:18:20.637+0000] {logging_mixin.py:188} INFO - [2026-04-21T05:18:20.637+0000] {dagbag.py:538} INFO - Filling up the DagBag from /home/airflow/.local/lib/python3.8/site-packages/airflow/example_dags/example_sensors.py
[2026-04-21T05:18:20.650+0000] {processor.py:840} INFO - DAG(s) 'example_sensors' retrieved from /home/airflow/.local/lib/python3.8/site-packages/airflow/example_dags/example_sensors.py
[2026-04-21T05:18:20.684+0000] {logging_mixin.py:188} INFO - [2026-04-21T05:18:20.684+0000] {dag.py:3036} INFO - Sync 1 DAGs
[2026-04-21T05:18:20.700+0000] {logging_mixin.py:188} INFO - [2026-04-21T05:18:20.700+0000] {dag.py:3823} INFO - Setting next_dagrun for example_sensors to None, run_after=None
[2026-04-21T05:18:20.722+0000] {processor.py:183} INFO - Processing /home/airflow/.local/lib/python3.8/site-packages/airflow/example_dags/example_sensors.py took 0.092 seconds
[2026-04-21T05:18:50.868+0000] {processor.py:161} INFO - Started process (PID=8462) to work on /home/airflow/.local/lib/python3.8/site-packages/airflow/example_dags/example_sensors.py
[2026-04-21T05:18:50.870+0000] {processor.py:830} INFO - Processing file /home/airflow/.local/lib/python3.8/site-packages/airflow/example_dags/example_sensors.py for tasks to queue
[2026-04-21T05:18:50.871+0000] {logging_mixin.py:188} INFO - [2026-04-21T05:18:50.870+0000] {dagbag.py:538} INFO - Filling up the DagBag from /home/airflow/.local/lib/python3.8/site-packages/airflow/example_dags/example_sensors.py
[2026-04-21T05:18:50.883+0000] {processor.py:840} INFO - DAG(s) 'example_sensors' retrieved from /home/airflow/.local/lib/python3.8/site-packages/airflow/example_dags/example_sensors.py
[2026-04-21T05:18:50.917+0000] {logging_mixin.py:188} INFO - [2026-04-21T05:18:50.916+0000] {dag.py:3036} INFO - Sync 1 DAGs
[2026-04-21T05:18:50.933+0000] {logging_mixin.py:188} INFO - [2026-04-21T05:18:50.933+0000] {dag.py:3823} INFO - Setting next_dagrun for example_sensors to None, run_after=None
[2026-04-21T05:18:50.954+0000] {processor.py:183} INFO - Processing /home/airflow/.local/lib/python3.8/site-packages/airflow/example_dags/example_sensors.py took 0.091 seconds
[2026-04-21T05:19:21.478+0000] {processor.py:161} INFO - Started process (PID=8523) to work on /home/airflow/.local/lib/python3.8/site-packages/airflow/example_dags/example_sensors.py
[2026-04-21T05:19:21.479+0000] {processor.py:830} INFO - Processing file /home/airflow/.local/lib/python3.8/site-packages/airflow/example_dags/example_sensors.py for tasks to queue
[2026-04-21T05:19:21.480+0000] {logging_mixin.py:188} INFO - [2026-04-21T05:19:21.480+0000] {dagbag.py:538} INFO - Filling up the DagBag from /home/airflow/.local/lib/python3.8/site-packages/airflow/example_dags/example_sensors.py
[2026-04-21T05:19:21.492+0000] {processor.py:840} INFO - DAG(s) 'example_sensors' retrieved from /home/airflow/.local/lib/python3.8/site-packages/airflow/example_dags/example_sensors.py
[2026-04-21T05:19:21.525+0000] {logging_mixin.py:188} INFO - [2026-04-21T05:19:21.525+0000] {dag.py:3036} INFO - Sync 1 DAGs
[2026-04-21T05:19:21.540+0000] {logging_mixin.py:188} INFO - [2026-04-21T05:19:21.540+0000] {dag.py:3823} INFO - Setting next_dagrun for example_sensors to None, run_after=None
[2026-04-21T05:19:21.564+0000] {processor.py:183} INFO - Processing /home/airflow/.local/lib/python3.8/site-packages/airflow/example_dags/example_sensors.py took 0.090 seconds
[2026-04-21T05:19:51.914+0000] {processor.py:161} INFO - Started process (PID=8578) to work on /home/airflow/.local/lib/python3.8/site-packages/airflow/example_dags/example_sensors.py
[2026-04-21T05:19:51.915+0000] {processor.py:830} INFO - Processing file /home/airflow/.local/lib/python3.8/site-packages/airflow/example_dags/example_sensors.py for tasks to queue
[2026-04-21T05:19:51.916+0000] {logging_mixin.py:188} INFO - [2026-04-21T05:19:51.916+0000] {dagbag.py:538} INFO - Filling up the DagBag from /home/airflow/.local/lib/python3.8/site-packages/airflow/example_dags/example_sensors.py
[2026-04-21T05:19:51.929+0000] {processor.py:840} INFO - DAG(s) 'example_sensors' retrieved from /home/airflow/.local/lib/python3.8/site-packages/airflow/example_dags/example_sensors.py
[2026-04-21T05:19:51.963+0000] {logging_mixin.py:188} INFO - [2026-04-21T05:19:51.962+0000] {dag.py:3036} INFO - Sync 1 DAGs
[2026-04-21T05:19:51.978+0000] {logging_mixin.py:188} INFO - [2026-04-21T05:19:51.978+0000] {dag.py:3823} INFO - Setting next_dagrun for example_sensors to None, run_after=None
[2026-04-21T05:19:52.001+0000] {processor.py:183} INFO - Processing /home/airflow/.local/lib/python3.8/site-packages/airflow/example_dags/example_sensors.py took 0.092 seconds
[2026-04-21T05:20:22.279+0000] {processor.py:161} INFO - Started process (PID=8633) to work on /home/airflow/.local/lib/python3.8/site-packages/airflow/example_dags/example_sensors.py
[2026-04-21T05:20:22.280+0000] {processor.py:830} INFO - Processing file /home/airflow/.local/lib/python3.8/site-packages/airflow/example_dags/example_sensors.py for tasks to queue
[2026-04-21T05:20:22.281+0000] {logging_mixin.py:188} INFO - [2026-04-21T05:20:22.281+0000] {dagbag.py:538} INFO - Filling up the DagBag from /home/airflow/.local/lib/python3.8/site-packages/airflow/example_dags/example_sensors.py
[2026-04-21T05:20:22.293+0000] {processor.py:840} INFO - DAG(s) 'example_sensors' retrieved from /home/airflow/.local/lib/python3.8/site-packages/airflow/example_dags/example_sensors.py
[2026-04-21T05:20:22.327+0000] {logging_mixin.py:188} INFO - [2026-04-21T05:20:22.327+0000] {dag.py:3036} INFO - Sync 1 DAGs
[2026-04-21T05:20:22.342+0000] {logging_mixin.py:188} INFO - [2026-04-21T05:20:22.342+0000] {dag.py:3823} INFO - Setting next_dagrun for example_sensors to None, run_after=None
[2026-04-21T05:20:22.364+0000] {processor.py:183} INFO - Processing /home/airflow/.local/lib/python3.8/site-packages/airflow/example_dags/example_sensors.py took 0.090 seconds
[2026-04-21T05:20:52.999+0000] {processor.py:161} INFO - Started process (PID=8686) to work on /home/airflow/.local/lib/python3.8/site-packages/airflow/example_dags/example_sensors.py
[2026-04-21T05:20:53.000+0000] {processor.py:830} INFO - Processing file /home/airflow/.local/lib/python3.8/site-packages/airflow/example_dags/example_sensors.py for tasks to queue
[2026-04-21T05:20:53.001+0000] {logging_mixin.py:188} INFO - [2026-04-21T05:20:53.000+0000] {dagbag.py:538} INFO - Filling up the DagBag from /home/airflow/.local/lib/python3.8/site-packages/airflow/example_dags/example_sensors.py
[2026-04-21T05:20:53.014+0000] {processor.py:840} INFO - DAG(s) 'example_sensors' retrieved from /home/airflow/.local/lib/python3.8/site-packages/airflow/example_dags/example_sensors.py
[2026-04-21T05:20:53.047+0000] {logging_mixin.py:188} INFO - [2026-04-21T05:20:53.047+0000] {dag.py:3036} INFO - Sync 1 DAGs
[2026-04-21T05:20:53.063+0000] {logging_mixin.py:188} INFO - [2026-04-21T05:20:53.063+0000] {dag.py:3823} INFO - Setting next_dagrun for example_sensors to None, run_after=None
[2026-04-21T05:20:53.084+0000] {processor.py:183} INFO - Processing /home/airflow/.local/lib/python3.8/site-packages/airflow/example_dags/example_sensors.py took 0.090 seconds
[2026-04-21T05:21:23.384+0000] {processor.py:161} INFO - Started process (PID=8741) to work on /home/airflow/.local/lib/python3.8/site-packages/airflow/example_dags/example_sensors.py
[2026-04-21T05:21:23.385+0000] {processor.py:830} INFO - Processing file /home/airflow/.local/lib/python3.8/site-packages/airflow/example_dags/example_sensors.py for tasks to queue
[2026-04-21T05:21:23.386+0000] {logging_mixin.py:188} INFO - [2026-04-21T05:21:23.386+0000] {dagbag.py:538} INFO - Filling up the DagBag from /home/airflow/.local/lib/python3.8/site-packages/airflow/example_dags/example_sensors.py
[2026-04-21T05:21:23.399+0000] {processor.py:840} INFO - DAG(s) 'example_sensors' retrieved from /home/airflow/.local/lib/python3.8/site-packages/airflow/example_dags/example_sensors.py
[2026-04-21T05:21:23.432+0000] {logging_mixin.py:188} INFO - [2026-04-21T05:21:23.432+0000] {dag.py:3036} INFO - Sync 1 DAGs
[2026-04-21T05:21:23.448+0000] {logging_mixin.py:188} INFO - [2026-04-21T05:21:23.448+0000] {dag.py:3823} INFO - Setting next_dagrun for example_sensors to None, run_after=None
[2026-04-21T05:21:23.470+0000] {processor.py:183} INFO - Processing /home/airflow/.local/lib/python3.8/site-packages/airflow/example_dags/example_sensors.py took 0.091 seconds
[2026-04-21T05:21:53.945+0000] {processor.py:161} INFO - Started process (PID=8796) to work on /home/airflow/.local/lib/python3.8/site-packages/airflow/example_dags/example_sensors.py
[2026-04-21T05:21:53.947+0000] {processor.py:830} INFO - Processing file /home/airflow/.local/lib/python3.8/site-packages/airflow/example_dags/example_sensors.py for tasks to queue
[2026-04-21T05:21:53.948+0000] {logging_mixin.py:188} INFO - [2026-04-21T05:21:53.947+0000] {dagbag.py:538} INFO - Filling up the DagBag from /home/airflow/.local/lib/python3.8/site-packages/airflow/example_dags/example_sensors.py
[2026-04-21T05:21:53.961+0000] {processor.py:840} INFO - DAG(s) 'example_sensors' retrieved from /home/airflow/.local/lib/python3.8/site-packages/airflow/example_dags/example_sensors.py
[2026-04-21T05:21:53.995+0000] {logging_mixin.py:188} INFO - [2026-04-21T05:21:53.995+0000] {dag.py:3036} INFO - Sync 1 DAGs
[2026-04-21T05:21:54.011+0000] {logging_mixin.py:188} INFO - [2026-04-21T05:21:54.010+0000] {dag.py:3823} INFO - Setting next_dagrun for example_sensors to None, run_after=None
[2026-04-21T05:21:54.032+0000] {processor.py:183} INFO - Processing /home/airflow/.local/lib/python3.8/site-packages/airflow/example_dags/example_sensors.py took 0.091 seconds
[2026-04-21T05:22:24.120+0000] {processor.py:161} INFO - Started process (PID=8851) to work on /home/airflow/.local/lib/python3.8/site-packages/airflow/example_dags/example_sensors.py
[2026-04-21T05:22:24.121+0000] {processor.py:830} INFO - Processing file /home/airflow/.local/lib/python3.8/site-packages/airflow/example_dags/example_sensors.py for tasks to queue
[2026-04-21T05:22:24.122+0000] {logging_mixin.py:188} INFO - [2026-04-21T05:22:24.122+0000] {dagbag.py:538} INFO - Filling up the DagBag from /home/airflow/.local/lib/python3.8/site-packages/airflow/example_dags/example_sensors.py
[2026-04-21T05:22:24.135+0000] {processor.py:840} INFO - DAG(s) 'example_sensors' retrieved from /home/airflow/.local/lib/python3.8/site-packages/airflow/example_dags/example_sensors.py
[2026-04-21T05:22:24.169+0000] {logging_mixin.py:188} INFO - [2026-04-21T05:22:24.169+0000] {dag.py:3036} INFO - Sync 1 DAGs
[2026-04-21T05:22:24.185+0000] {logging_mixin.py:188} INFO - [2026-04-21T05:22:24.185+0000] {dag.py:3823} INFO - Setting next_dagrun for example_sensors to None, run_after=None
[2026-04-21T05:22:24.207+0000] {processor.py:183} INFO - Processing /home/airflow/.local/lib/python3.8/site-packages/airflow/example_dags/example_sensors.py took 0.091 seconds
[2026-04-21T05:22:54.379+0000] {processor.py:161} INFO - Started process (PID=8906) to work on /home/airflow/.local/lib/python3.8/site-packages/airflow/example_dags/example_sensors.py
[2026-04-21T05:22:54.380+0000] {processor.py:830} INFO - Processing file /home/airflow/.local/lib/python3.8/site-packages/airflow/example_dags/example_sensors.py for tasks to queue
[2026-04-21T05:22:54.381+0000] {logging_mixin.py:188} INFO - [2026-04-21T05:22:54.381+0000] {dagbag.py:538} INFO - Filling up the DagBag from /home/airflow/.local/lib/python3.8/site-packages/airflow/example_dags/example_sensors.py
[2026-04-21T05:22:54.394+0000] {processor.py:840} INFO - DAG(s) 'example_sensors' retrieved from /home/airflow/.local/lib/python3.8/site-packages/airflow/example_dags/example_sensors.py
[2026-04-21T05:22:54.429+0000] {logging_mixin.py:188} INFO - [2026-04-21T05:22:54.429+0000] {dag.py:3036} INFO - Sync 1 DAGs
[2026-04-21T05:22:54.446+0000] {logging_mixin.py:188} INFO - [2026-04-21T05:22:54.445+0000] {dag.py:3823} INFO - Setting next_dagrun for example_sensors to None, run_after=None
[2026-04-21T05:22:54.470+0000] {processor.py:183} INFO - Processing /home/airflow/.local/lib/python3.8/site-packages/airflow/example_dags/example_sensors.py took 0.095 seconds
[2026-04-21T05:23:24.557+0000] {processor.py:161} INFO - Started process (PID=8961) to work on /home/airflow/.local/lib/python3.8/site-packages/airflow/example_dags/example_sensors.py
[2026-04-21T05:23:24.558+0000] {processor.py:830} INFO - Processing file /home/airflow/.local/lib/python3.8/site-packages/airflow/example_dags/example_sensors.py for tasks to queue
[2026-04-21T05:23:24.559+0000] {logging_mixin.py:188} INFO - [2026-04-21T05:23:24.559+0000] {dagbag.py:538} INFO - Filling up the DagBag from /home/airflow/.local/lib/python3.8/site-packages/airflow/example_dags/example_sensors.py
[2026-04-21T05:23:24.572+0000] {processor.py:840} INFO - DAG(s) 'example_sensors' retrieved from /home/airflow/.local/lib/python3.8/site-packages/airflow/example_dags/example_sensors.py
[2026-04-21T05:23:24.607+0000] {logging_mixin.py:188} INFO - [2026-04-21T05:23:24.606+0000] {dag.py:3036} INFO - Sync 1 DAGs
[2026-04-21T05:23:24.622+0000] {logging_mixin.py:188} INFO - [2026-04-21T05:23:24.622+0000] {dag.py:3823} INFO - Setting next_dagrun for example_sensors to None, run_after=None
[2026-04-21T05:23:24.644+0000] {processor.py:183} INFO - Processing /home/airflow/.local/lib/python3.8/site-packages/airflow/example_dags/example_sensors.py took 0.091 seconds
[2026-04-21T05:23:54.942+0000] {processor.py:161} INFO - Started process (PID=9016) to work on /home/airflow/.local/lib/python3.8/site-packages/airflow/example_dags/example_sensors.py
[2026-04-21T05:23:54.943+0000] {processor.py:830} INFO - Processing file /home/airflow/.local/lib/python3.8/site-packages/airflow/example_dags/example_sensors.py for tasks to queue
[2026-04-21T05:23:54.944+0000] {logging_mixin.py:188} INFO - [2026-04-21T05:23:54.944+0000] {dagbag.py:538} INFO - Filling up the DagBag from /home/airflow/.local/lib/python3.8/site-packages/airflow/example_dags/example_sensors.py
[2026-04-21T05:23:54.957+0000] {processor.py:840} INFO - DAG(s) 'example_sensors' retrieved from /home/airflow/.local/lib/python3.8/site-packages/airflow/example_dags/example_sensors.py
[2026-04-21T05:23:54.989+0000] {logging_mixin.py:188} INFO - [2026-04-21T05:23:54.989+0000] {dag.py:3036} INFO - Sync 1 DAGs
[2026-04-21T05:23:55.005+0000] {logging_mixin.py:188} INFO - [2026-04-21T05:23:55.005+0000] {dag.py:3823} INFO - Setting next_dagrun for example_sensors to None, run_after=None
[2026-04-21T05:23:55.029+0000] {processor.py:183} INFO - Processing /home/airflow/.local/lib/python3.8/site-packages/airflow/example_dags/example_sensors.py took 0.091 seconds
[2026-04-21T05:24:25.221+0000] {processor.py:161} INFO - Started process (PID=9071) to work on /home/airflow/.local/lib/python3.8/site-packages/airflow/example_dags/example_sensors.py
[2026-04-21T05:24:25.222+0000] {processor.py:830} INFO - Processing file /home/airflow/.local/lib/python3.8/site-packages/airflow/example_dags/example_sensors.py for tasks to queue
[2026-04-21T05:24:25.223+0000] {logging_mixin.py:188} INFO - [2026-04-21T05:24:25.223+0000] {dagbag.py:538} INFO - Filling up the DagBag from /home/airflow/.local/lib/python3.8/site-packages/airflow/example_dags/example_sensors.py
[2026-04-21T05:24:25.236+0000] {processor.py:840} INFO - DAG(s) 'example_sensors' retrieved from /home/airflow/.local/lib/python3.8/site-packages/airflow/example_dags/example_sensors.py
[2026-04-21T05:24:25.270+0000] {logging_mixin.py:188} INFO - [2026-04-21T05:24:25.270+0000] {dag.py:3036} INFO - Sync 1 DAGs
[2026-04-21T05:24:25.286+0000] {logging_mixin.py:188} INFO - [2026-04-21T05:24:25.286+0000] {dag.py:3823} INFO - Setting next_dagrun for example_sensors to None, run_after=None
[2026-04-21T05:24:25.310+0000] {processor.py:183} INFO - Processing /home/airflow/.local/lib/python3.8/site-packages/airflow/example_dags/example_sensors.py took 0.093 seconds
[2026-04-21T05:24:55.548+0000] {processor.py:161} INFO - Started process (PID=9126) to work on /home/airflow/.local/lib/python3.8/site-packages/airflow/example_dags/example_sensors.py
[2026-04-21T05:24:55.549+0000] {processor.py:830} INFO - Processing file /home/airflow/.local/lib/python3.8/site-packages/airflow/example_dags/example_sensors.py for tasks to queue
[2026-04-21T05:24:55.550+0000] {logging_mixin.py:188} INFO - [2026-04-21T05:24:55.550+0000] {dagbag.py:538} INFO - Filling up the DagBag from /home/airflow/.local/lib/python3.8/site-packages/airflow/example_dags/example_sensors.py
[2026-04-21T05:24:55.564+0000] {processor.py:840} INFO - DAG(s) 'example_sensors' retrieved from /home/airflow/.local/lib/python3.8/site-packages/airflow/example_dags/example_sensors.py
[2026-04-21T05:24:55.599+0000] {logging_mixin.py:188} INFO - [2026-04-21T05:24:55.599+0000] {dag.py:3036} INFO - Sync 1 DAGs
[2026-04-21T05:24:55.617+0000] {logging_mixin.py:188} INFO - [2026-04-21T05:24:55.617+0000] {dag.py:3823} INFO - Setting next_dagrun for example_sensors to None, run_after=None
[2026-04-21T05:24:55.640+0000] {processor.py:183} INFO - Processing /home/airflow/.local/lib/python3.8/site-packages/airflow/example_dags/example_sensors.py took 0.096 seconds
[2026-04-21T05:25:25.889+0000] {processor.py:161} INFO - Started process (PID=9181) to work on /home/airflow/.local/lib/python3.8/site-packages/airflow/example_dags/example_sensors.py
[2026-04-21T05:25:25.891+0000] {processor.py:830} INFO - Processing file /home/airflow/.local/lib/python3.8/site-packages/airflow/example_dags/example_sensors.py for tasks to queue
[2026-04-21T05:25:25.892+0000] {logging_mixin.py:188} INFO - [2026-04-21T05:25:25.891+0000] {dagbag.py:538} INFO - Filling up the DagBag from /home/airflow/.local/lib/python3.8/site-packages/airflow/example_dags/example_sensors.py
[2026-04-21T05:25:25.905+0000] {processor.py:840} INFO - DAG(s) 'example_sensors' retrieved from /home/airflow/.local/lib/python3.8/site-packages/airflow/example_dags/example_sensors.py
[2026-04-21T05:25:25.939+0000] {logging_mixin.py:188} INFO - [2026-04-21T05:25:25.939+0000] {dag.py:3036} INFO - Sync 1 DAGs
[2026-04-21T05:25:25.956+0000] {logging_mixin.py:188} INFO - [2026-04-21T05:25:25.955+0000] {dag.py:3823} INFO - Setting next_dagrun for example_sensors to None, run_after=None
[2026-04-21T05:25:25.978+0000] {processor.py:183} INFO - Processing /home/airflow/.local/lib/python3.8/site-packages/airflow/example_dags/example_sensors.py took 0.093 seconds
[2026-04-21T05:25:56.200+0000] {processor.py:161} INFO - Started process (PID=9236) to work on /home/airflow/.local/lib/python3.8/site-packages/airflow/example_dags/example_sensors.py
[2026-04-21T05:25:56.201+0000] {processor.py:830} INFO - Processing file /home/airflow/.local/lib/python3.8/site-packages/airflow/example_dags/example_sensors.py for tasks to queue
[2026-04-21T05:25:56.202+0000] {logging_mixin.py:188} INFO - [2026-04-21T05:25:56.202+0000] {dagbag.py:538} INFO - Filling up the DagBag from /home/airflow/.local/lib/python3.8/site-packages/airflow/example_dags/example_sensors.py
[2026-04-21T05:25:56.215+0000] {processor.py:840} INFO - DAG(s) 'example_sensors' retrieved from /home/airflow/.local/lib/python3.8/site-packages/airflow/example_dags/example_sensors.py
[2026-04-21T05:25:56.247+0000] {logging_mixin.py:188} INFO - [2026-04-21T05:25:56.247+0000] {dag.py:3036} INFO - Sync 1 DAGs
[2026-04-21T05:25:56.263+0000] {logging_mixin.py:188} INFO - [2026-04-21T05:25:56.263+0000] {dag.py:3823} INFO - Setting next_dagrun for example_sensors to None, run_after=None
[2026-04-21T05:25:56.285+0000] {processor.py:183} INFO - Processing /home/airflow/.local/lib/python3.8/site-packages/airflow/example_dags/example_sensors.py took 0.089 seconds
[2026-04-21T05:26:26.526+0000] {processor.py:161} INFO - Started process (PID=9291) to work on /home/airflow/.local/lib/python3.8/site-packages/airflow/example_dags/example_sensors.py
[2026-04-21T05:26:26.528+0000] {processor.py:830} INFO - Processing file /home/airflow/.local/lib/python3.8/site-packages/airflow/example_dags/example_sensors.py for tasks to queue
[2026-04-21T05:26:26.529+0000] {logging_mixin.py:188} INFO - [2026-04-21T05:26:26.528+0000] {dagbag.py:538} INFO - Filling up the DagBag from /home/airflow/.local/lib/python3.8/site-packages/airflow/example_dags/example_sensors.py
[2026-04-21T05:26:26.541+0000] {processor.py:840} INFO - DAG(s) 'example_sensors' retrieved from /home/airflow/.local/lib/python3.8/site-packages/airflow/example_dags/example_sensors.py
[2026-04-21T05:26:26.577+0000] {logging_mixin.py:188} INFO - [2026-04-21T05:26:26.576+0000] {dag.py:3036} INFO - Sync 1 DAGs
[2026-04-21T05:26:26.594+0000] {logging_mixin.py:188} INFO - [2026-04-21T05:26:26.593+0000] {dag.py:3823} INFO - Setting next_dagrun for example_sensors to None, run_after=None
[2026-04-21T05:26:26.616+0000] {processor.py:183} INFO - Processing /home/airflow/.local/lib/python3.8/site-packages/airflow/example_dags/example_sensors.py took 0.095 seconds
[2026-04-21T05:26:56.884+0000] {processor.py:161} INFO - Started process (PID=9346) to work on /home/airflow/.local/lib/python3.8/site-packages/airflow/example_dags/example_sensors.py
[2026-04-21T05:26:56.885+0000] {processor.py:830} INFO - Processing file /home/airflow/.local/lib/python3.8/site-packages/airflow/example_dags/example_sensors.py for tasks to queue
[2026-04-21T05:26:56.886+0000] {logging_mixin.py:188} INFO - [2026-04-21T05:26:56.886+0000] {dagbag.py:538} INFO - Filling up the DagBag from /home/airflow/.local/lib/python3.8/site-packages/airflow/example_dags/example_sensors.py
[2026-04-21T05:26:56.899+0000] {processor.py:840} INFO - DAG(s) 'example_sensors' retrieved from /home/airflow/.local/lib/python3.8/site-packages/airflow/example_dags/example_sensors.py
[2026-04-21T05:26:56.933+0000] {logging_mixin.py:188} INFO - [2026-04-21T05:26:56.932+0000] {dag.py:3036} INFO - Sync 1 DAGs
[2026-04-21T05:26:56.949+0000] {logging_mixin.py:188} INFO - [2026-04-21T05:26:56.948+0000] {dag.py:3823} INFO - Setting next_dagrun for example_sensors to None, run_after=None
[2026-04-21T05:26:56.971+0000] {processor.py:183} INFO - Processing /home/airflow/.local/lib/python3.8/site-packages/airflow/example_dags/example_sensors.py took 0.091 seconds
[2026-04-21T05:27:27.394+0000] {processor.py:161} INFO - Started process (PID=9401) to work on /home/airflow/.local/lib/python3.8/site-packages/airflow/example_dags/example_sensors.py
[2026-04-21T05:27:27.396+0000] {processor.py:830} INFO - Processing file /home/airflow/.local/lib/python3.8/site-packages/airflow/example_dags/example_sensors.py for tasks to queue
[2026-04-21T05:27:27.397+0000] {logging_mixin.py:188} INFO - [2026-04-21T05:27:27.396+0000] {dagbag.py:538} INFO - Filling up the DagBag from /home/airflow/.local/lib/python3.8/site-packages/airflow/example_dags/example_sensors.py
[2026-04-21T05:27:27.409+0000] {processor.py:840} INFO - DAG(s) 'example_sensors' retrieved from /home/airflow/.local/lib/python3.8/site-packages/airflow/example_dags/example_sensors.py
[2026-04-21T05:27:27.443+0000] {logging_mixin.py:188} INFO - [2026-04-21T05:27:27.443+0000] {dag.py:3036} INFO - Sync 1 DAGs
[2026-04-21T05:27:27.459+0000] {logging_mixin.py:188} INFO - [2026-04-21T05:27:27.459+0000] {dag.py:3823} INFO - Setting next_dagrun for example_sensors to None, run_after=None
[2026-04-21T05:27:27.481+0000] {processor.py:183} INFO - Processing /home/airflow/.local/lib/python3.8/site-packages/airflow/example_dags/example_sensors.py took 0.091 seconds
[2026-04-21T05:27:57.639+0000] {processor.py:161} INFO - Started process (PID=9456) to work on /home/airflow/.local/lib/python3.8/site-packages/airflow/example_dags/example_sensors.py
[2026-04-21T05:27:57.641+0000] {processor.py:830} INFO - Processing file /home/airflow/.local/lib/python3.8/site-packages/airflow/example_dags/example_sensors.py for tasks to queue
[2026-04-21T05:27:57.642+0000] {logging_mixin.py:188} INFO - [2026-04-21T05:27:57.641+0000] {dagbag.py:538} INFO - Filling up the DagBag from /home/airflow/.local/lib/python3.8/site-packages/airflow/example_dags/example_sensors.py
[2026-04-21T05:27:57.655+0000] {processor.py:840} INFO - DAG(s) 'example_sensors' retrieved from /home/airflow/.local/lib/python3.8/site-packages/airflow/example_dags/example_sensors.py
[2026-04-21T05:27:57.690+0000] {logging_mixin.py:188} INFO - [2026-04-21T05:27:57.689+0000] {dag.py:3036} INFO - Sync 1 DAGs
[2026-04-21T05:27:57.706+0000] {logging_mixin.py:188} INFO - [2026-04-21T05:27:57.706+0000] {dag.py:3823} INFO - Setting next_dagrun for example_sensors to None, run_after=None
[2026-04-21T05:27:57.730+0000] {processor.py:183} INFO - Processing /home/airflow/.local/lib/python3.8/site-packages/airflow/example_dags/example_sensors.py took 0.094 seconds
[2026-04-21T06:31:30.791+0000] {processor.py:161} INFO - Started process (PID=9504) to work on /home/airflow/.local/lib/python3.8/site-packages/airflow/example_dags/example_sensors.py
[2026-04-21T06:31:30.792+0000] {processor.py:830} INFO - Processing file /home/airflow/.local/lib/python3.8/site-packages/airflow/example_dags/example_sensors.py for tasks to queue
[2026-04-21T06:31:30.793+0000] {logging_mixin.py:188} INFO - [2026-04-21T06:31:30.793+0000] {dagbag.py:538} INFO - Filling up the DagBag from /home/airflow/.local/lib/python3.8/site-packages/airflow/example_dags/example_sensors.py
[2026-04-21T06:31:30.809+0000] {processor.py:840} INFO - DAG(s) 'example_sensors' retrieved from /home/airflow/.local/lib/python3.8/site-packages/airflow/example_dags/example_sensors.py
[2026-04-21T06:31:30.851+0000] {logging_mixin.py:188} INFO - [2026-04-21T06:31:30.850+0000] {dag.py:3036} INFO - Sync 1 DAGs
[2026-04-21T06:31:30.870+0000] {logging_mixin.py:188} INFO - [2026-04-21T06:31:30.870+0000] {dag.py:3823} INFO - Setting next_dagrun for example_sensors to None, run_after=None
[2026-04-21T06:31:30.898+0000] {processor.py:183} INFO - Processing /home/airflow/.local/lib/python3.8/site-packages/airflow/example_dags/example_sensors.py took 0.113 seconds
[2026-04-21T06:32:02.151+0000] {processor.py:161} INFO - Started process (PID=9559) to work on /home/airflow/.local/lib/python3.8/site-packages/airflow/example_dags/example_sensors.py
[2026-04-21T06:32:02.152+0000] {processor.py:830} INFO - Processing file /home/airflow/.local/lib/python3.8/site-packages/airflow/example_dags/example_sensors.py for tasks to queue
[2026-04-21T06:32:02.153+0000] {logging_mixin.py:188} INFO - [2026-04-21T06:32:02.152+0000] {dagbag.py:538} INFO - Filling up the DagBag from /home/airflow/.local/lib/python3.8/site-packages/airflow/example_dags/example_sensors.py
[2026-04-21T06:32:02.167+0000] {processor.py:840} INFO - DAG(s) 'example_sensors' retrieved from /home/airflow/.local/lib/python3.8/site-packages/airflow/example_dags/example_sensors.py
[2026-04-21T06:32:02.201+0000] {logging_mixin.py:188} INFO - [2026-04-21T06:32:02.200+0000] {dag.py:3036} INFO - Sync 1 DAGs
[2026-04-21T06:32:02.216+0000] {logging_mixin.py:188} INFO - [2026-04-21T06:32:02.216+0000] {dag.py:3823} INFO - Setting next_dagrun for example_sensors to None, run_after=None
[2026-04-21T06:32:02.240+0000] {processor.py:183} INFO - Processing /home/airflow/.local/lib/python3.8/site-packages/airflow/example_dags/example_sensors.py took 0.094 seconds
[2026-04-21T06:32:32.663+0000] {processor.py:161} INFO - Started process (PID=9614) to work on /home/airflow/.local/lib/python3.8/site-packages/airflow/example_dags/example_sensors.py
[2026-04-21T06:32:32.664+0000] {processor.py:830} INFO - Processing file /home/airflow/.local/lib/python3.8/site-packages/airflow/example_dags/example_sensors.py for tasks to queue
[2026-04-21T06:32:32.665+0000] {logging_mixin.py:188} INFO - [2026-04-21T06:32:32.665+0000] {dagbag.py:538} INFO - Filling up the DagBag from /home/airflow/.local/lib/python3.8/site-packages/airflow/example_dags/example_sensors.py
[2026-04-21T06:32:32.677+0000] {processor.py:840} INFO - DAG(s) 'example_sensors' retrieved from /home/airflow/.local/lib/python3.8/site-packages/airflow/example_dags/example_sensors.py
[2026-04-21T06:32:32.710+0000] {logging_mixin.py:188} INFO - [2026-04-21T06:32:32.710+0000] {dag.py:3036} INFO - Sync 1 DAGs
[2026-04-21T06:32:32.726+0000] {logging_mixin.py:188} INFO - [2026-04-21T06:32:32.725+0000] {dag.py:3823} INFO - Setting next_dagrun for example_sensors to None, run_after=None
[2026-04-21T06:32:32.920+0000] {processor.py:183} INFO - Processing /home/airflow/.local/lib/python3.8/site-packages/airflow/example_dags/example_sensors.py took 0.261 seconds
[2026-04-21T06:33:03.014+0000] {processor.py:161} INFO - Started process (PID=9668) to work on /home/airflow/.local/lib/python3.8/site-packages/airflow/example_dags/example_sensors.py
[2026-04-21T06:33:03.015+0000] {processor.py:830} INFO - Processing file /home/airflow/.local/lib/python3.8/site-packages/airflow/example_dags/example_sensors.py for tasks to queue
[2026-04-21T06:33:03.015+0000] {logging_mixin.py:188} INFO - [2026-04-21T06:33:03.015+0000] {dagbag.py:538} INFO - Filling up the DagBag from /home/airflow/.local/lib/python3.8/site-packages/airflow/example_dags/example_sensors.py
[2026-04-21T06:33:03.021+0000] {processor.py:840} INFO - DAG(s) 'example_sensors' retrieved from /home/airflow/.local/lib/python3.8/site-packages/airflow/example_dags/example_sensors.py
[2026-04-21T06:33:03.038+0000] {logging_mixin.py:188} INFO - [2026-04-21T06:33:03.038+0000] {dag.py:3036} INFO - Sync 1 DAGs
[2026-04-21T06:33:03.045+0000] {logging_mixin.py:188} INFO - [2026-04-21T06:33:03.045+0000] {dag.py:3823} INFO - Setting next_dagrun for example_sensors to None, run_after=None
[2026-04-21T06:33:03.055+0000] {processor.py:183} INFO - Processing /home/airflow/.local/lib/python3.8/site-packages/airflow/example_dags/example_sensors.py took 0.043 seconds
[2026-04-21T06:33:33.459+0000] {processor.py:161} INFO - Started process (PID=9723) to work on /home/airflow/.local/lib/python3.8/site-packages/airflow/example_dags/example_sensors.py
[2026-04-21T06:33:33.459+0000] {processor.py:830} INFO - Processing file /home/airflow/.local/lib/python3.8/site-packages/airflow/example_dags/example_sensors.py for tasks to queue
[2026-04-21T06:33:33.460+0000] {logging_mixin.py:188} INFO - [2026-04-21T06:33:33.460+0000] {dagbag.py:538} INFO - Filling up the DagBag from /home/airflow/.local/lib/python3.8/site-packages/airflow/example_dags/example_sensors.py
[2026-04-21T06:33:33.466+0000] {processor.py:840} INFO - DAG(s) 'example_sensors' retrieved from /home/airflow/.local/lib/python3.8/site-packages/airflow/example_dags/example_sensors.py
[2026-04-21T06:33:33.483+0000] {logging_mixin.py:188} INFO - [2026-04-21T06:33:33.482+0000] {dag.py:3036} INFO - Sync 1 DAGs
[2026-04-21T06:33:33.490+0000] {logging_mixin.py:188} INFO - [2026-04-21T06:33:33.490+0000] {dag.py:3823} INFO - Setting next_dagrun for example_sensors to None, run_after=None
[2026-04-21T06:33:33.500+0000] {processor.py:183} INFO - Processing /home/airflow/.local/lib/python3.8/site-packages/airflow/example_dags/example_sensors.py took 0.043 seconds
[2026-04-21T06:34:03.812+0000] {processor.py:161} INFO - Started process (PID=9778) to work on /home/airflow/.local/lib/python3.8/site-packages/airflow/example_dags/example_sensors.py
[2026-04-21T06:34:03.812+0000] {processor.py:830} INFO - Processing file /home/airflow/.local/lib/python3.8/site-packages/airflow/example_dags/example_sensors.py for tasks to queue
[2026-04-21T06:34:03.813+0000] {logging_mixin.py:188} INFO - [2026-04-21T06:34:03.813+0000] {dagbag.py:538} INFO - Filling up the DagBag from /home/airflow/.local/lib/python3.8/site-packages/airflow/example_dags/example_sensors.py
[2026-04-21T06:34:03.819+0000] {processor.py:840} INFO - DAG(s) 'example_sensors' retrieved from /home/airflow/.local/lib/python3.8/site-packages/airflow/example_dags/example_sensors.py
[2026-04-21T06:34:03.836+0000] {logging_mixin.py:188} INFO - [2026-04-21T06:34:03.836+0000] {dag.py:3036} INFO - Sync 1 DAGs
[2026-04-21T06:34:03.844+0000] {logging_mixin.py:188} INFO - [2026-04-21T06:34:03.844+0000] {dag.py:3823} INFO - Setting next_dagrun for example_sensors to None, run_after=None
[2026-04-21T06:34:03.860+0000] {processor.py:183} INFO - Processing /home/airflow/.local/lib/python3.8/site-packages/airflow/example_dags/example_sensors.py took 0.050 seconds
[2026-04-21T06:34:34.687+0000] {processor.py:161} INFO - Started process (PID=9833) to work on /home/airflow/.local/lib/python3.8/site-packages/airflow/example_dags/example_sensors.py
[2026-04-21T06:34:34.688+0000] {processor.py:830} INFO - Processing file /home/airflow/.local/lib/python3.8/site-packages/airflow/example_dags/example_sensors.py for tasks to queue
[2026-04-21T06:34:34.688+0000] {logging_mixin.py:188} INFO - [2026-04-21T06:34:34.688+0000] {dagbag.py:538} INFO - Filling up the DagBag from /home/airflow/.local/lib/python3.8/site-packages/airflow/example_dags/example_sensors.py
[2026-04-21T06:34:34.694+0000] {processor.py:840} INFO - DAG(s) 'example_sensors' retrieved from /home/airflow/.local/lib/python3.8/site-packages/airflow/example_dags/example_sensors.py
[2026-04-21T06:34:34.815+0000] {logging_mixin.py:188} INFO - [2026-04-21T06:34:34.815+0000] {dag.py:3036} INFO - Sync 1 DAGs
[2026-04-21T06:34:34.822+0000] {logging_mixin.py:188} INFO - [2026-04-21T06:34:34.822+0000] {dag.py:3823} INFO - Setting next_dagrun for example_sensors to None, run_after=None
[2026-04-21T06:34:34.831+0000] {processor.py:183} INFO - Processing /home/airflow/.local/lib/python3.8/site-packages/airflow/example_dags/example_sensors.py took 0.146 seconds
[2026-04-21T06:35:05.104+0000] {processor.py:161} INFO - Started process (PID=9888) to work on /home/airflow/.local/lib/python3.8/site-packages/airflow/example_dags/example_sensors.py
[2026-04-21T06:35:05.105+0000] {processor.py:830} INFO - Processing file /home/airflow/.local/lib/python3.8/site-packages/airflow/example_dags/example_sensors.py for tasks to queue
[2026-04-21T06:35:05.105+0000] {logging_mixin.py:188} INFO - [2026-04-21T06:35:05.105+0000] {dagbag.py:538} INFO - Filling up the DagBag from /home/airflow/.local/lib/python3.8/site-packages/airflow/example_dags/example_sensors.py
[2026-04-21T06:35:05.112+0000] {processor.py:840} INFO - DAG(s) 'example_sensors' retrieved from /home/airflow/.local/lib/python3.8/site-packages/airflow/example_dags/example_sensors.py
[2026-04-21T06:35:05.128+0000] {logging_mixin.py:188} INFO - [2026-04-21T06:35:05.128+0000] {dag.py:3036} INFO - Sync 1 DAGs
[2026-04-21T06:35:05.136+0000] {logging_mixin.py:188} INFO - [2026-04-21T06:35:05.136+0000] {dag.py:3823} INFO - Setting next_dagrun for example_sensors to None, run_after=None
[2026-04-21T06:35:05.145+0000] {processor.py:183} INFO - Processing /home/airflow/.local/lib/python3.8/site-packages/airflow/example_dags/example_sensors.py took 0.044 seconds
[2026-04-21T06:35:35.788+0000] {processor.py:161} INFO - Started process (PID=9943) to work on /home/airflow/.local/lib/python3.8/site-packages/airflow/example_dags/example_sensors.py
[2026-04-21T06:35:35.789+0000] {processor.py:830} INFO - Processing file /home/airflow/.local/lib/python3.8/site-packages/airflow/example_dags/example_sensors.py for tasks to queue
[2026-04-21T06:35:35.790+0000] {logging_mixin.py:188} INFO - [2026-04-21T06:35:35.789+0000] {dagbag.py:538} INFO - Filling up the DagBag from /home/airflow/.local/lib/python3.8/site-packages/airflow/example_dags/example_sensors.py
[2026-04-21T06:35:35.796+0000] {processor.py:840} INFO - DAG(s) 'example_sensors' retrieved from /home/airflow/.local/lib/python3.8/site-packages/airflow/example_dags/example_sensors.py
[2026-04-21T06:35:35.813+0000] {logging_mixin.py:188} INFO - [2026-04-21T06:35:35.813+0000] {dag.py:3036} INFO - Sync 1 DAGs
[2026-04-21T06:35:35.821+0000] {logging_mixin.py:188} INFO - [2026-04-21T06:35:35.821+0000] {dag.py:3823} INFO - Setting next_dagrun for example_sensors to None, run_after=None
[2026-04-21T06:35:35.831+0000] {processor.py:183} INFO - Processing /home/airflow/.local/lib/python3.8/site-packages/airflow/example_dags/example_sensors.py took 0.045 seconds
[2026-04-21T06:36:06.378+0000] {processor.py:161} INFO - Started process (PID=9998) to work on /home/airflow/.local/lib/python3.8/site-packages/airflow/example_dags/example_sensors.py
[2026-04-21T06:36:06.379+0000] {processor.py:830} INFO - Processing file /home/airflow/.local/lib/python3.8/site-packages/airflow/example_dags/example_sensors.py for tasks to queue
[2026-04-21T06:36:06.380+0000] {logging_mixin.py:188} INFO - [2026-04-21T06:36:06.379+0000] {dagbag.py:538} INFO - Filling up the DagBag from /home/airflow/.local/lib/python3.8/site-packages/airflow/example_dags/example_sensors.py
[2026-04-21T06:36:06.386+0000] {processor.py:840} INFO - DAG(s) 'example_sensors' retrieved from /home/airflow/.local/lib/python3.8/site-packages/airflow/example_dags/example_sensors.py
[2026-04-21T06:36:06.403+0000] {logging_mixin.py:188} INFO - [2026-04-21T06:36:06.403+0000] {dag.py:3036} INFO - Sync 1 DAGs
[2026-04-21T06:36:06.411+0000] {logging_mixin.py:188} INFO - [2026-04-21T06:36:06.411+0000] {dag.py:3823} INFO - Setting next_dagrun for example_sensors to None, run_after=None
[2026-04-21T06:36:06.421+0000] {processor.py:183} INFO - Processing /home/airflow/.local/lib/python3.8/site-packages/airflow/example_dags/example_sensors.py took 0.045 seconds
[2026-04-21T06:36:37.090+0000] {processor.py:161} INFO - Started process (PID=10053) to work on /home/airflow/.local/lib/python3.8/site-packages/airflow/example_dags/example_sensors.py
[2026-04-21T06:36:37.091+0000] {processor.py:830} INFO - Processing file /home/airflow/.local/lib/python3.8/site-packages/airflow/example_dags/example_sensors.py for tasks to queue
[2026-04-21T06:36:37.091+0000] {logging_mixin.py:188} INFO - [2026-04-21T06:36:37.091+0000] {dagbag.py:538} INFO - Filling up the DagBag from /home/airflow/.local/lib/python3.8/site-packages/airflow/example_dags/example_sensors.py
[2026-04-21T06:36:37.098+0000] {processor.py:840} INFO - DAG(s) 'example_sensors' retrieved from /home/airflow/.local/lib/python3.8/site-packages/airflow/example_dags/example_sensors.py
[2026-04-21T06:36:37.115+0000] {logging_mixin.py:188} INFO - [2026-04-21T06:36:37.115+0000] {dag.py:3036} INFO - Sync 1 DAGs
[2026-04-21T06:36:37.123+0000] {logging_mixin.py:188} INFO - [2026-04-21T06:36:37.123+0000] {dag.py:3823} INFO - Setting next_dagrun for example_sensors to None, run_after=None
[2026-04-21T06:36:37.133+0000] {processor.py:183} INFO - Processing /home/airflow/.local/lib/python3.8/site-packages/airflow/example_dags/example_sensors.py took 0.046 seconds
[2026-04-21T06:37:07.818+0000] {processor.py:161} INFO - Started process (PID=10108) to work on /home/airflow/.local/lib/python3.8/site-packages/airflow/example_dags/example_sensors.py
[2026-04-21T06:37:07.818+0000] {processor.py:830} INFO - Processing file /home/airflow/.local/lib/python3.8/site-packages/airflow/example_dags/example_sensors.py for tasks to queue
[2026-04-21T06:37:07.819+0000] {logging_mixin.py:188} INFO - [2026-04-21T06:37:07.819+0000] {dagbag.py:538} INFO - Filling up the DagBag from /home/airflow/.local/lib/python3.8/site-packages/airflow/example_dags/example_sensors.py
[2026-04-21T06:37:07.825+0000] {processor.py:840} INFO - DAG(s) 'example_sensors' retrieved from /home/airflow/.local/lib/python3.8/site-packages/airflow/example_dags/example_sensors.py
[2026-04-21T06:37:07.842+0000] {logging_mixin.py:188} INFO - [2026-04-21T06:37:07.842+0000] {dag.py:3036} INFO - Sync 1 DAGs
[2026-04-21T06:37:07.850+0000] {logging_mixin.py:188} INFO - [2026-04-21T06:37:07.850+0000] {dag.py:3823} INFO - Setting next_dagrun for example_sensors to None, run_after=None
[2026-04-21T06:37:07.861+0000] {processor.py:183} INFO - Processing /home/airflow/.local/lib/python3.8/site-packages/airflow/example_dags/example_sensors.py took 0.045 seconds
[2026-04-21T06:37:38.508+0000] {processor.py:161} INFO - Started process (PID=10169) to work on /home/airflow/.local/lib/python3.8/site-packages/airflow/example_dags/example_sensors.py
[2026-04-21T06:37:38.508+0000] {processor.py:830} INFO - Processing file /home/airflow/.local/lib/python3.8/site-packages/airflow/example_dags/example_sensors.py for tasks to queue
[2026-04-21T06:37:38.509+0000] {logging_mixin.py:188} INFO - [2026-04-21T06:37:38.509+0000] {dagbag.py:538} INFO - Filling up the DagBag from /home/airflow/.local/lib/python3.8/site-packages/airflow/example_dags/example_sensors.py
[2026-04-21T06:37:38.516+0000] {processor.py:840} INFO - DAG(s) 'example_sensors' retrieved from /home/airflow/.local/lib/python3.8/site-packages/airflow/example_dags/example_sensors.py
[2026-04-21T06:37:38.532+0000] {logging_mixin.py:188} INFO - [2026-04-21T06:37:38.532+0000] {dag.py:3036} INFO - Sync 1 DAGs
[2026-04-21T06:37:38.540+0000] {logging_mixin.py:188} INFO - [2026-04-21T06:37:38.540+0000] {dag.py:3823} INFO - Setting next_dagrun for example_sensors to None, run_after=None
[2026-04-21T06:37:38.550+0000] {processor.py:183} INFO - Processing /home/airflow/.local/lib/python3.8/site-packages/airflow/example_dags/example_sensors.py took 0.045 seconds
[2026-04-21T06:38:09.156+0000] {processor.py:161} INFO - Started process (PID=10224) to work on /home/airflow/.local/lib/python3.8/site-packages/airflow/example_dags/example_sensors.py
[2026-04-21T06:38:09.156+0000] {processor.py:830} INFO - Processing file /home/airflow/.local/lib/python3.8/site-packages/airflow/example_dags/example_sensors.py for tasks to queue
[2026-04-21T06:38:09.157+0000] {logging_mixin.py:188} INFO - [2026-04-21T06:38:09.157+0000] {dagbag.py:538} INFO - Filling up the DagBag from /home/airflow/.local/lib/python3.8/site-packages/airflow/example_dags/example_sensors.py
[2026-04-21T06:38:09.163+0000] {processor.py:840} INFO - DAG(s) 'example_sensors' retrieved from /home/airflow/.local/lib/python3.8/site-packages/airflow/example_dags/example_sensors.py
[2026-04-21T06:38:09.180+0000] {logging_mixin.py:188} INFO - [2026-04-21T06:38:09.180+0000] {dag.py:3036} INFO - Sync 1 DAGs
[2026-04-21T06:38:09.188+0000] {logging_mixin.py:188} INFO - [2026-04-21T06:38:09.188+0000] {dag.py:3823} INFO - Setting next_dagrun for example_sensors to None, run_after=None
[2026-04-21T06:38:09.198+0000] {processor.py:183} INFO - Processing /home/airflow/.local/lib/python3.8/site-packages/airflow/example_dags/example_sensors.py took 0.044 seconds
[2026-04-21T06:38:39.791+0000] {processor.py:161} INFO - Started process (PID=10279) to work on /home/airflow/.local/lib/python3.8/site-packages/airflow/example_dags/example_sensors.py
[2026-04-21T06:38:39.791+0000] {processor.py:830} INFO - Processing file /home/airflow/.local/lib/python3.8/site-packages/airflow/example_dags/example_sensors.py for tasks to queue
[2026-04-21T06:38:39.792+0000] {logging_mixin.py:188} INFO - [2026-04-21T06:38:39.792+0000] {dagbag.py:538} INFO - Filling up the DagBag from /home/airflow/.local/lib/python3.8/site-packages/airflow/example_dags/example_sensors.py
[2026-04-21T06:38:39.799+0000] {processor.py:840} INFO - DAG(s) 'example_sensors' retrieved from /home/airflow/.local/lib/python3.8/site-packages/airflow/example_dags/example_sensors.py
[2026-04-21T06:38:39.815+0000] {logging_mixin.py:188} INFO - [2026-04-21T06:38:39.815+0000] {dag.py:3036} INFO - Sync 1 DAGs
[2026-04-21T06:38:39.823+0000] {logging_mixin.py:188} INFO - [2026-04-21T06:38:39.823+0000] {dag.py:3823} INFO - Setting next_dagrun for example_sensors to None, run_after=None
[2026-04-21T06:38:39.834+0000] {processor.py:183} INFO - Processing /home/airflow/.local/lib/python3.8/site-packages/airflow/example_dags/example_sensors.py took 0.045 seconds
[2026-04-21T06:39:10.550+0000] {processor.py:161} INFO - Started process (PID=10334) to work on /home/airflow/.local/lib/python3.8/site-packages/airflow/example_dags/example_sensors.py
[2026-04-21T06:39:10.551+0000] {processor.py:830} INFO - Processing file /home/airflow/.local/lib/python3.8/site-packages/airflow/example_dags/example_sensors.py for tasks to queue
[2026-04-21T06:39:10.551+0000] {logging_mixin.py:188} INFO - [2026-04-21T06:39:10.551+0000] {dagbag.py:538} INFO - Filling up the DagBag from /home/airflow/.local/lib/python3.8/site-packages/airflow/example_dags/example_sensors.py
[2026-04-21T06:39:10.558+0000] {processor.py:840} INFO - DAG(s) 'example_sensors' retrieved from /home/airflow/.local/lib/python3.8/site-packages/airflow/example_dags/example_sensors.py
[2026-04-21T06:39:10.574+0000] {logging_mixin.py:188} INFO - [2026-04-21T06:39:10.574+0000] {dag.py:3036} INFO - Sync 1 DAGs
[2026-04-21T06:39:10.582+0000] {logging_mixin.py:188} INFO - [2026-04-21T06:39:10.582+0000] {dag.py:3823} INFO - Setting next_dagrun for example_sensors to None, run_after=None
[2026-04-21T06:39:10.591+0000] {processor.py:183} INFO - Processing /home/airflow/.local/lib/python3.8/site-packages/airflow/example_dags/example_sensors.py took 0.043 seconds
[2026-04-21T06:39:41.307+0000] {processor.py:161} INFO - Started process (PID=10389) to work on /home/airflow/.local/lib/python3.8/site-packages/airflow/example_dags/example_sensors.py
[2026-04-21T06:39:41.308+0000] {processor.py:830} INFO - Processing file /home/airflow/.local/lib/python3.8/site-packages/airflow/example_dags/example_sensors.py for tasks to queue
[2026-04-21T06:39:41.309+0000] {logging_mixin.py:188} INFO - [2026-04-21T06:39:41.308+0000] {dagbag.py:538} INFO - Filling up the DagBag from /home/airflow/.local/lib/python3.8/site-packages/airflow/example_dags/example_sensors.py
[2026-04-21T06:39:41.315+0000] {processor.py:840} INFO - DAG(s) 'example_sensors' retrieved from /home/airflow/.local/lib/python3.8/site-packages/airflow/example_dags/example_sensors.py
[2026-04-21T06:39:41.333+0000] {logging_mixin.py:188} INFO - [2026-04-21T06:39:41.333+0000] {dag.py:3036} INFO - Sync 1 DAGs
[2026-04-21T06:39:41.341+0000] {logging_mixin.py:188} INFO - [2026-04-21T06:39:41.341+0000] {dag.py:3823} INFO - Setting next_dagrun for example_sensors to None, run_after=None
[2026-04-21T06:39:41.352+0000] {processor.py:183} INFO - Processing /home/airflow/.local/lib/python3.8/site-packages/airflow/example_dags/example_sensors.py took 0.047 seconds
[2026-04-21T06:40:12.047+0000] {processor.py:161} INFO - Started process (PID=10444) to work on /home/airflow/.local/lib/python3.8/site-packages/airflow/example_dags/example_sensors.py
[2026-04-21T06:40:12.048+0000] {processor.py:830} INFO - Processing file /home/airflow/.local/lib/python3.8/site-packages/airflow/example_dags/example_sensors.py for tasks to queue
[2026-04-21T06:40:12.048+0000] {logging_mixin.py:188} INFO - [2026-04-21T06:40:12.048+0000] {dagbag.py:538} INFO - Filling up the DagBag from /home/airflow/.local/lib/python3.8/site-packages/airflow/example_dags/example_sensors.py
[2026-04-21T06:40:12.055+0000] {processor.py:840} INFO - DAG(s) 'example_sensors' retrieved from /home/airflow/.local/lib/python3.8/site-packages/airflow/example_dags/example_sensors.py
[2026-04-21T06:40:12.072+0000] {logging_mixin.py:188} INFO - [2026-04-21T06:40:12.072+0000] {dag.py:3036} INFO - Sync 1 DAGs
[2026-04-21T06:40:12.080+0000] {logging_mixin.py:188} INFO - [2026-04-21T06:40:12.080+0000] {dag.py:3823} INFO - Setting next_dagrun for example_sensors to None, run_after=None
[2026-04-21T06:40:12.090+0000] {processor.py:183} INFO - Processing /home/airflow/.local/lib/python3.8/site-packages/airflow/example_dags/example_sensors.py took 0.046 seconds
[2026-04-21T06:40:42.888+0000] {processor.py:161} INFO - Started process (PID=10499) to work on /home/airflow/.local/lib/python3.8/site-packages/airflow/example_dags/example_sensors.py
[2026-04-21T06:40:42.890+0000] {processor.py:830} INFO - Processing file /home/airflow/.local/lib/python3.8/site-packages/airflow/example_dags/example_sensors.py for tasks to queue
[2026-04-21T06:40:42.890+0000] {logging_mixin.py:188} INFO - [2026-04-21T06:40:42.890+0000] {dagbag.py:538} INFO - Filling up the DagBag from /home/airflow/.local/lib/python3.8/site-packages/airflow/example_dags/example_sensors.py
[2026-04-21T06:40:42.899+0000] {processor.py:840} INFO - DAG(s) 'example_sensors' retrieved from /home/airflow/.local/lib/python3.8/site-packages/airflow/example_dags/example_sensors.py
[2026-04-21T06:40:42.923+0000] {logging_mixin.py:188} INFO - [2026-04-21T06:40:42.923+0000] {dag.py:3036} INFO - Sync 1 DAGs
[2026-04-21T06:40:42.938+0000] {logging_mixin.py:188} INFO - [2026-04-21T06:40:42.938+0000] {dag.py:3823} INFO - Setting next_dagrun for example_sensors to None, run_after=None
[2026-04-21T06:40:42.957+0000] {processor.py:183} INFO - Processing /home/airflow/.local/lib/python3.8/site-packages/airflow/example_dags/example_sensors.py took 0.072 seconds
[2026-04-21T06:41:13.001+0000] {processor.py:161} INFO - Started process (PID=10554) to work on /home/airflow/.local/lib/python3.8/site-packages/airflow/example_dags/example_sensors.py
[2026-04-21T06:41:13.002+0000] {processor.py:830} INFO - Processing file /home/airflow/.local/lib/python3.8/site-packages/airflow/example_dags/example_sensors.py for tasks to queue
[2026-04-21T06:41:13.002+0000] {logging_mixin.py:188} INFO - [2026-04-21T06:41:13.002+0000] {dagbag.py:538} INFO - Filling up the DagBag from /home/airflow/.local/lib/python3.8/site-packages/airflow/example_dags/example_sensors.py
[2026-04-21T06:41:13.010+0000] {processor.py:840} INFO - DAG(s) 'example_sensors' retrieved from /home/airflow/.local/lib/python3.8/site-packages/airflow/example_dags/example_sensors.py
[2026-04-21T06:41:13.028+0000] {logging_mixin.py:188} INFO - [2026-04-21T06:41:13.028+0000] {dag.py:3036} INFO - Sync 1 DAGs
[2026-04-21T06:41:13.037+0000] {logging_mixin.py:188} INFO - [2026-04-21T06:41:13.037+0000] {dag.py:3823} INFO - Setting next_dagrun for example_sensors to None, run_after=None
[2026-04-21T06:41:13.047+0000] {processor.py:183} INFO - Processing /home/airflow/.local/lib/python3.8/site-packages/airflow/example_dags/example_sensors.py took 0.049 seconds
[2026-04-21T06:41:43.305+0000] {processor.py:161} INFO - Started process (PID=10609) to work on /home/airflow/.local/lib/python3.8/site-packages/airflow/example_dags/example_sensors.py
[2026-04-21T06:41:43.306+0000] {processor.py:830} INFO - Processing file /home/airflow/.local/lib/python3.8/site-packages/airflow/example_dags/example_sensors.py for tasks to queue
[2026-04-21T06:41:43.307+0000] {logging_mixin.py:188} INFO - [2026-04-21T06:41:43.307+0000] {dagbag.py:538} INFO - Filling up the DagBag from /home/airflow/.local/lib/python3.8/site-packages/airflow/example_dags/example_sensors.py
[2026-04-21T06:41:43.314+0000] {processor.py:840} INFO - DAG(s) 'example_sensors' retrieved from /home/airflow/.local/lib/python3.8/site-packages/airflow/example_dags/example_sensors.py
[2026-04-21T06:41:43.333+0000] {logging_mixin.py:188} INFO - [2026-04-21T06:41:43.333+0000] {dag.py:3036} INFO - Sync 1 DAGs
[2026-04-21T06:41:43.342+0000] {logging_mixin.py:188} INFO - [2026-04-21T06:41:43.342+0000] {dag.py:3823} INFO - Setting next_dagrun for example_sensors to None, run_after=None
[2026-04-21T06:41:43.354+0000] {processor.py:183} INFO - Processing /home/airflow/.local/lib/python3.8/site-packages/airflow/example_dags/example_sensors.py took 0.051 seconds
[2026-04-21T06:42:13.468+0000] {processor.py:161} INFO - Started process (PID=10664) to work on /home/airflow/.local/lib/python3.8/site-packages/airflow/example_dags/example_sensors.py
[2026-04-21T06:42:13.470+0000] {processor.py:830} INFO - Processing file /home/airflow/.local/lib/python3.8/site-packages/airflow/example_dags/example_sensors.py for tasks to queue
[2026-04-21T06:42:13.470+0000] {logging_mixin.py:188} INFO - [2026-04-21T06:42:13.470+0000] {dagbag.py:538} INFO - Filling up the DagBag from /home/airflow/.local/lib/python3.8/site-packages/airflow/example_dags/example_sensors.py
[2026-04-21T06:42:13.480+0000] {processor.py:840} INFO - DAG(s) 'example_sensors' retrieved from /home/airflow/.local/lib/python3.8/site-packages/airflow/example_dags/example_sensors.py
[2026-04-21T06:42:13.503+0000] {logging_mixin.py:188} INFO - [2026-04-21T06:42:13.503+0000] {dag.py:3036} INFO - Sync 1 DAGs
[2026-04-21T06:42:13.515+0000] {logging_mixin.py:188} INFO - [2026-04-21T06:42:13.514+0000] {dag.py:3823} INFO - Setting next_dagrun for example_sensors to None, run_after=None
[2026-04-21T06:42:13.533+0000] {processor.py:183} INFO - Processing /home/airflow/.local/lib/python3.8/site-packages/airflow/example_dags/example_sensors.py took 0.067 seconds
[2026-04-21T06:42:44.142+0000] {processor.py:161} INFO - Started process (PID=10719) to work on /home/airflow/.local/lib/python3.8/site-packages/airflow/example_dags/example_sensors.py
[2026-04-21T06:42:44.143+0000] {processor.py:830} INFO - Processing file /home/airflow/.local/lib/python3.8/site-packages/airflow/example_dags/example_sensors.py for tasks to queue
[2026-04-21T06:42:44.143+0000] {logging_mixin.py:188} INFO - [2026-04-21T06:42:44.143+0000] {dagbag.py:538} INFO - Filling up the DagBag from /home/airflow/.local/lib/python3.8/site-packages/airflow/example_dags/example_sensors.py
[2026-04-21T06:42:44.149+0000] {processor.py:840} INFO - DAG(s) 'example_sensors' retrieved from /home/airflow/.local/lib/python3.8/site-packages/airflow/example_dags/example_sensors.py
[2026-04-21T06:42:44.165+0000] {logging_mixin.py:188} INFO - [2026-04-21T06:42:44.165+0000] {dag.py:3036} INFO - Sync 1 DAGs
[2026-04-21T06:42:44.174+0000] {logging_mixin.py:188} INFO - [2026-04-21T06:42:44.173+0000] {dag.py:3823} INFO - Setting next_dagrun for example_sensors to None, run_after=None
[2026-04-21T06:42:44.184+0000] {processor.py:183} INFO - Processing /home/airflow/.local/lib/python3.8/site-packages/airflow/example_dags/example_sensors.py took 0.044 seconds
[2026-04-21T06:43:14.261+0000] {processor.py:161} INFO - Started process (PID=10774) to work on /home/airflow/.local/lib/python3.8/site-packages/airflow/example_dags/example_sensors.py
[2026-04-21T06:43:14.261+0000] {processor.py:830} INFO - Processing file /home/airflow/.local/lib/python3.8/site-packages/airflow/example_dags/example_sensors.py for tasks to queue
[2026-04-21T06:43:14.262+0000] {logging_mixin.py:188} INFO - [2026-04-21T06:43:14.262+0000] {dagbag.py:538} INFO - Filling up the DagBag from /home/airflow/.local/lib/python3.8/site-packages/airflow/example_dags/example_sensors.py
[2026-04-21T06:43:14.269+0000] {processor.py:840} INFO - DAG(s) 'example_sensors' retrieved from /home/airflow/.local/lib/python3.8/site-packages/airflow/example_dags/example_sensors.py
[2026-04-21T06:43:14.289+0000] {logging_mixin.py:188} INFO - [2026-04-21T06:43:14.288+0000] {dag.py:3036} INFO - Sync 1 DAGs
[2026-04-21T06:43:14.298+0000] {logging_mixin.py:188} INFO - [2026-04-21T06:43:14.298+0000] {dag.py:3823} INFO - Setting next_dagrun for example_sensors to None, run_after=None
[2026-04-21T06:43:14.310+0000] {processor.py:183} INFO - Processing /home/airflow/.local/lib/python3.8/site-packages/airflow/example_dags/example_sensors.py took 0.052 seconds
[2026-04-21T06:43:44.404+0000] {processor.py:161} INFO - Started process (PID=10829) to work on /home/airflow/.local/lib/python3.8/site-packages/airflow/example_dags/example_sensors.py
[2026-04-21T06:43:44.404+0000] {processor.py:830} INFO - Processing file /home/airflow/.local/lib/python3.8/site-packages/airflow/example_dags/example_sensors.py for tasks to queue
[2026-04-21T06:43:44.405+0000] {logging_mixin.py:188} INFO - [2026-04-21T06:43:44.405+0000] {dagbag.py:538} INFO - Filling up the DagBag from /home/airflow/.local/lib/python3.8/site-packages/airflow/example_dags/example_sensors.py
[2026-04-21T06:43:44.411+0000] {processor.py:840} INFO - DAG(s) 'example_sensors' retrieved from /home/airflow/.local/lib/python3.8/site-packages/airflow/example_dags/example_sensors.py
[2026-04-21T06:43:44.429+0000] {logging_mixin.py:188} INFO - [2026-04-21T06:43:44.429+0000] {dag.py:3036} INFO - Sync 1 DAGs
[2026-04-21T06:43:44.438+0000] {logging_mixin.py:188} INFO - [2026-04-21T06:43:44.438+0000] {dag.py:3823} INFO - Setting next_dagrun for example_sensors to None, run_after=None
[2026-04-21T06:43:44.449+0000] {processor.py:183} INFO - Processing /home/airflow/.local/lib/python3.8/site-packages/airflow/example_dags/example_sensors.py took 0.048 seconds
[2026-04-21T06:44:14.545+0000] {processor.py:161} INFO - Started process (PID=10884) to work on /home/airflow/.local/lib/python3.8/site-packages/airflow/example_dags/example_sensors.py
[2026-04-21T06:44:14.546+0000] {processor.py:830} INFO - Processing file /home/airflow/.local/lib/python3.8/site-packages/airflow/example_dags/example_sensors.py for tasks to queue
[2026-04-21T06:44:14.546+0000] {logging_mixin.py:188} INFO - [2026-04-21T06:44:14.546+0000] {dagbag.py:538} INFO - Filling up the DagBag from /home/airflow/.local/lib/python3.8/site-packages/airflow/example_dags/example_sensors.py
[2026-04-21T06:44:14.552+0000] {processor.py:840} INFO - DAG(s) 'example_sensors' retrieved from /home/airflow/.local/lib/python3.8/site-packages/airflow/example_dags/example_sensors.py
[2026-04-21T06:44:14.568+0000] {logging_mixin.py:188} INFO - [2026-04-21T06:44:14.568+0000] {dag.py:3036} INFO - Sync 1 DAGs
[2026-04-21T06:44:14.576+0000] {logging_mixin.py:188} INFO - [2026-04-21T06:44:14.576+0000] {dag.py:3823} INFO - Setting next_dagrun for example_sensors to None, run_after=None
[2026-04-21T06:44:14.586+0000] {processor.py:183} INFO - Processing /home/airflow/.local/lib/python3.8/site-packages/airflow/example_dags/example_sensors.py took 0.043 seconds
[2026-04-21T06:44:44.616+0000] {processor.py:161} INFO - Started process (PID=10939) to work on /home/airflow/.local/lib/python3.8/site-packages/airflow/example_dags/example_sensors.py
[2026-04-21T06:44:44.617+0000] {processor.py:830} INFO - Processing file /home/airflow/.local/lib/python3.8/site-packages/airflow/example_dags/example_sensors.py for tasks to queue
[2026-04-21T06:44:44.618+0000] {logging_mixin.py:188} INFO - [2026-04-21T06:44:44.617+0000] {dagbag.py:538} INFO - Filling up the DagBag from /home/airflow/.local/lib/python3.8/site-packages/airflow/example_dags/example_sensors.py
[2026-04-21T06:44:44.625+0000] {processor.py:840} INFO - DAG(s) 'example_sensors' retrieved from /home/airflow/.local/lib/python3.8/site-packages/airflow/example_dags/example_sensors.py
[2026-04-21T06:44:44.641+0000] {logging_mixin.py:188} INFO - [2026-04-21T06:44:44.641+0000] {dag.py:3036} INFO - Sync 1 DAGs
[2026-04-21T06:44:44.649+0000] {logging_mixin.py:188} INFO - [2026-04-21T06:44:44.648+0000] {dag.py:3823} INFO - Setting next_dagrun for example_sensors to None, run_after=None
[2026-04-21T06:44:44.658+0000] {processor.py:183} INFO - Processing /home/airflow/.local/lib/python3.8/site-packages/airflow/example_dags/example_sensors.py took 0.044 seconds
[2026-04-21T06:45:14.684+0000] {processor.py:161} INFO - Started process (PID=10994) to work on /home/airflow/.local/lib/python3.8/site-packages/airflow/example_dags/example_sensors.py
[2026-04-21T06:45:14.685+0000] {processor.py:830} INFO - Processing file /home/airflow/.local/lib/python3.8/site-packages/airflow/example_dags/example_sensors.py for tasks to queue
[2026-04-21T06:45:14.685+0000] {logging_mixin.py:188} INFO - [2026-04-21T06:45:14.685+0000] {dagbag.py:538} INFO - Filling up the DagBag from /home/airflow/.local/lib/python3.8/site-packages/airflow/example_dags/example_sensors.py
[2026-04-21T06:45:14.692+0000] {processor.py:840} INFO - DAG(s) 'example_sensors' retrieved from /home/airflow/.local/lib/python3.8/site-packages/airflow/example_dags/example_sensors.py
[2026-04-21T06:45:14.708+0000] {logging_mixin.py:188} INFO - [2026-04-21T06:45:14.708+0000] {dag.py:3036} INFO - Sync 1 DAGs
[2026-04-21T06:45:14.717+0000] {logging_mixin.py:188} INFO - [2026-04-21T06:45:14.716+0000] {dag.py:3823} INFO - Setting next_dagrun for example_sensors to None, run_after=None
[2026-04-21T06:45:14.727+0000] {processor.py:183} INFO - Processing /home/airflow/.local/lib/python3.8/site-packages/airflow/example_dags/example_sensors.py took 0.045 seconds
[2026-04-21T06:45:44.768+0000] {processor.py:161} INFO - Started process (PID=11049) to work on /home/airflow/.local/lib/python3.8/site-packages/airflow/example_dags/example_sensors.py
[2026-04-21T06:45:44.769+0000] {processor.py:830} INFO - Processing file /home/airflow/.local/lib/python3.8/site-packages/airflow/example_dags/example_sensors.py for tasks to queue
[2026-04-21T06:45:44.770+0000] {logging_mixin.py:188} INFO - [2026-04-21T06:45:44.769+0000] {dagbag.py:538} INFO - Filling up the DagBag from /home/airflow/.local/lib/python3.8/site-packages/airflow/example_dags/example_sensors.py
[2026-04-21T06:45:44.776+0000] {processor.py:840} INFO - DAG(s) 'example_sensors' retrieved from /home/airflow/.local/lib/python3.8/site-packages/airflow/example_dags/example_sensors.py
[2026-04-21T06:45:44.792+0000] {logging_mixin.py:188} INFO - [2026-04-21T06:45:44.792+0000] {dag.py:3036} INFO - Sync 1 DAGs
[2026-04-21T06:45:44.799+0000] {logging_mixin.py:188} INFO - [2026-04-21T06:45:44.799+0000] {dag.py:3823} INFO - Setting next_dagrun for example_sensors to None, run_after=None
[2026-04-21T06:45:44.809+0000] {processor.py:183} INFO - Processing /home/airflow/.local/lib/python3.8/site-packages/airflow/example_dags/example_sensors.py took 0.043 seconds
[2026-04-21T06:46:14.939+0000] {processor.py:161} INFO - Started process (PID=11104) to work on /home/airflow/.local/lib/python3.8/site-packages/airflow/example_dags/example_sensors.py
[2026-04-21T06:46:14.939+0000] {processor.py:830} INFO - Processing file /home/airflow/.local/lib/python3.8/site-packages/airflow/example_dags/example_sensors.py for tasks to queue
[2026-04-21T06:46:14.940+0000] {logging_mixin.py:188} INFO - [2026-04-21T06:46:14.940+0000] {dagbag.py:538} INFO - Filling up the DagBag from /home/airflow/.local/lib/python3.8/site-packages/airflow/example_dags/example_sensors.py
[2026-04-21T06:46:14.946+0000] {processor.py:840} INFO - DAG(s) 'example_sensors' retrieved from /home/airflow/.local/lib/python3.8/site-packages/airflow/example_dags/example_sensors.py
[2026-04-21T06:46:14.962+0000] {logging_mixin.py:188} INFO - [2026-04-21T06:46:14.962+0000] {dag.py:3036} INFO - Sync 1 DAGs
[2026-04-21T06:46:14.970+0000] {logging_mixin.py:188} INFO - [2026-04-21T06:46:14.970+0000] {dag.py:3823} INFO - Setting next_dagrun for example_sensors to None, run_after=None
[2026-04-21T06:46:14.980+0000] {processor.py:183} INFO - Processing /home/airflow/.local/lib/python3.8/site-packages/airflow/example_dags/example_sensors.py took 0.044 seconds
[2026-04-21T06:46:45.066+0000] {processor.py:161} INFO - Started process (PID=11159) to work on /home/airflow/.local/lib/python3.8/site-packages/airflow/example_dags/example_sensors.py
[2026-04-21T06:46:45.066+0000] {processor.py:830} INFO - Processing file /home/airflow/.local/lib/python3.8/site-packages/airflow/example_dags/example_sensors.py for tasks to queue
[2026-04-21T06:46:45.067+0000] {logging_mixin.py:188} INFO - [2026-04-21T06:46:45.067+0000] {dagbag.py:538} INFO - Filling up the DagBag from /home/airflow/.local/lib/python3.8/site-packages/airflow/example_dags/example_sensors.py
[2026-04-21T06:46:45.073+0000] {processor.py:840} INFO - DAG(s) 'example_sensors' retrieved from /home/airflow/.local/lib/python3.8/site-packages/airflow/example_dags/example_sensors.py
[2026-04-21T06:46:45.089+0000] {logging_mixin.py:188} INFO - [2026-04-21T06:46:45.089+0000] {dag.py:3036} INFO - Sync 1 DAGs
[2026-04-21T06:46:45.097+0000] {logging_mixin.py:188} INFO - [2026-04-21T06:46:45.097+0000] {dag.py:3823} INFO - Setting next_dagrun for example_sensors to None, run_after=None
[2026-04-21T06:46:45.107+0000] {processor.py:183} INFO - Processing /home/airflow/.local/lib/python3.8/site-packages/airflow/example_dags/example_sensors.py took 0.043 seconds
[2026-04-21T06:47:15.241+0000] {processor.py:161} INFO - Started process (PID=11214) to work on /home/airflow/.local/lib/python3.8/site-packages/airflow/example_dags/example_sensors.py
[2026-04-21T06:47:15.242+0000] {processor.py:830} INFO - Processing file /home/airflow/.local/lib/python3.8/site-packages/airflow/example_dags/example_sensors.py for tasks to queue
[2026-04-21T06:47:15.242+0000] {logging_mixin.py:188} INFO - [2026-04-21T06:47:15.242+0000] {dagbag.py:538} INFO - Filling up the DagBag from /home/airflow/.local/lib/python3.8/site-packages/airflow/example_dags/example_sensors.py
[2026-04-21T06:47:15.249+0000] {processor.py:840} INFO - DAG(s) 'example_sensors' retrieved from /home/airflow/.local/lib/python3.8/site-packages/airflow/example_dags/example_sensors.py
[2026-04-21T06:47:15.266+0000] {logging_mixin.py:188} INFO - [2026-04-21T06:47:15.266+0000] {dag.py:3036} INFO - Sync 1 DAGs
[2026-04-21T06:47:15.274+0000] {logging_mixin.py:188} INFO - [2026-04-21T06:47:15.274+0000] {dag.py:3823} INFO - Setting next_dagrun for example_sensors to None, run_after=None
[2026-04-21T06:47:15.284+0000] {processor.py:183} INFO - Processing /home/airflow/.local/lib/python3.8/site-packages/airflow/example_dags/example_sensors.py took 0.045 seconds
[2026-04-21T06:47:46.015+0000] {processor.py:161} INFO - Started process (PID=11269) to work on /home/airflow/.local/lib/python3.8/site-packages/airflow/example_dags/example_sensors.py
[2026-04-21T06:47:46.015+0000] {processor.py:830} INFO - Processing file /home/airflow/.local/lib/python3.8/site-packages/airflow/example_dags/example_sensors.py for tasks to queue
[2026-04-21T06:47:46.016+0000] {logging_mixin.py:188} INFO - [2026-04-21T06:47:46.016+0000] {dagbag.py:538} INFO - Filling up the DagBag from /home/airflow/.local/lib/python3.8/site-packages/airflow/example_dags/example_sensors.py
[2026-04-21T06:47:46.024+0000] {processor.py:840} INFO - DAG(s) 'example_sensors' retrieved from /home/airflow/.local/lib/python3.8/site-packages/airflow/example_dags/example_sensors.py
[2026-04-21T06:47:46.046+0000] {logging_mixin.py:188} INFO - [2026-04-21T06:47:46.046+0000] {dag.py:3036} INFO - Sync 1 DAGs
[2026-04-21T06:47:46.057+0000] {logging_mixin.py:188} INFO - [2026-04-21T06:47:46.057+0000] {dag.py:3823} INFO - Setting next_dagrun for example_sensors to None, run_after=None
[2026-04-21T06:47:46.070+0000] {processor.py:183} INFO - Processing /home/airflow/.local/lib/python3.8/site-packages/airflow/example_dags/example_sensors.py took 0.058 seconds
[2026-04-21T06:48:16.687+0000] {processor.py:161} INFO - Started process (PID=11324) to work on /home/airflow/.local/lib/python3.8/site-packages/airflow/example_dags/example_sensors.py
[2026-04-21T06:48:16.687+0000] {processor.py:830} INFO - Processing file /home/airflow/.local/lib/python3.8/site-packages/airflow/example_dags/example_sensors.py for tasks to queue
[2026-04-21T06:48:16.688+0000] {logging_mixin.py:188} INFO - [2026-04-21T06:48:16.688+0000] {dagbag.py:538} INFO - Filling up the DagBag from /home/airflow/.local/lib/python3.8/site-packages/airflow/example_dags/example_sensors.py
[2026-04-21T06:48:16.694+0000] {processor.py:840} INFO - DAG(s) 'example_sensors' retrieved from /home/airflow/.local/lib/python3.8/site-packages/airflow/example_dags/example_sensors.py
[2026-04-21T06:48:16.711+0000] {logging_mixin.py:188} INFO - [2026-04-21T06:48:16.711+0000] {dag.py:3036} INFO - Sync 1 DAGs
[2026-04-21T06:48:16.719+0000] {logging_mixin.py:188} INFO - [2026-04-21T06:48:16.719+0000] {dag.py:3823} INFO - Setting next_dagrun for example_sensors to None, run_after=None
[2026-04-21T06:48:16.729+0000] {processor.py:183} INFO - Processing /home/airflow/.local/lib/python3.8/site-packages/airflow/example_dags/example_sensors.py took 0.045 seconds
[2026-04-21T06:48:47.260+0000] {processor.py:161} INFO - Started process (PID=11379) to work on /home/airflow/.local/lib/python3.8/site-packages/airflow/example_dags/example_sensors.py
[2026-04-21T06:48:47.261+0000] {processor.py:830} INFO - Processing file /home/airflow/.local/lib/python3.8/site-packages/airflow/example_dags/example_sensors.py for tasks to queue
[2026-04-21T06:48:47.261+0000] {logging_mixin.py:188} INFO - [2026-04-21T06:48:47.261+0000] {dagbag.py:538} INFO - Filling up the DagBag from /home/airflow/.local/lib/python3.8/site-packages/airflow/example_dags/example_sensors.py
[2026-04-21T06:48:47.268+0000] {processor.py:840} INFO - DAG(s) 'example_sensors' retrieved from /home/airflow/.local/lib/python3.8/site-packages/airflow/example_dags/example_sensors.py
[2026-04-21T06:48:47.285+0000] {logging_mixin.py:188} INFO - [2026-04-21T06:48:47.285+0000] {dag.py:3036} INFO - Sync 1 DAGs
[2026-04-21T06:48:47.293+0000] {logging_mixin.py:188} INFO - [2026-04-21T06:48:47.293+0000] {dag.py:3823} INFO - Setting next_dagrun for example_sensors to None, run_after=None
[2026-04-21T06:48:47.304+0000] {processor.py:183} INFO - Processing /home/airflow/.local/lib/python3.8/site-packages/airflow/example_dags/example_sensors.py took 0.047 seconds
[2026-04-21T06:49:17.891+0000] {processor.py:161} INFO - Started process (PID=11434) to work on /home/airflow/.local/lib/python3.8/site-packages/airflow/example_dags/example_sensors.py
[2026-04-21T06:49:17.891+0000] {processor.py:830} INFO - Processing file /home/airflow/.local/lib/python3.8/site-packages/airflow/example_dags/example_sensors.py for tasks to queue
[2026-04-21T06:49:17.892+0000] {logging_mixin.py:188} INFO - [2026-04-21T06:49:17.892+0000] {dagbag.py:538} INFO - Filling up the DagBag from /home/airflow/.local/lib/python3.8/site-packages/airflow/example_dags/example_sensors.py
[2026-04-21T06:49:17.900+0000] {processor.py:840} INFO - DAG(s) 'example_sensors' retrieved from /home/airflow/.local/lib/python3.8/site-packages/airflow/example_dags/example_sensors.py
[2026-04-21T06:49:17.917+0000] {logging_mixin.py:188} INFO - [2026-04-21T06:49:17.917+0000] {dag.py:3036} INFO - Sync 1 DAGs
[2026-04-21T06:49:17.925+0000] {logging_mixin.py:188} INFO - [2026-04-21T06:49:17.925+0000] {dag.py:3823} INFO - Setting next_dagrun for example_sensors to None, run_after=None
[2026-04-21T06:49:17.936+0000] {processor.py:183} INFO - Processing /home/airflow/.local/lib/python3.8/site-packages/airflow/example_dags/example_sensors.py took 0.048 seconds
[2026-04-21T06:49:48.566+0000] {processor.py:161} INFO - Started process (PID=11489) to work on /home/airflow/.local/lib/python3.8/site-packages/airflow/example_dags/example_sensors.py
[2026-04-21T06:49:48.567+0000] {processor.py:830} INFO - Processing file /home/airflow/.local/lib/python3.8/site-packages/airflow/example_dags/example_sensors.py for tasks to queue
[2026-04-21T06:49:48.567+0000] {logging_mixin.py:188} INFO - [2026-04-21T06:49:48.567+0000] {dagbag.py:538} INFO - Filling up the DagBag from /home/airflow/.local/lib/python3.8/site-packages/airflow/example_dags/example_sensors.py
[2026-04-21T06:49:48.574+0000] {processor.py:840} INFO - DAG(s) 'example_sensors' retrieved from /home/airflow/.local/lib/python3.8/site-packages/airflow/example_dags/example_sensors.py
[2026-04-21T06:49:48.590+0000] {logging_mixin.py:188} INFO - [2026-04-21T06:49:48.590+0000] {dag.py:3036} INFO - Sync 1 DAGs
[2026-04-21T06:49:48.597+0000] {logging_mixin.py:188} INFO - [2026-04-21T06:49:48.597+0000] {dag.py:3823} INFO - Setting next_dagrun for example_sensors to None, run_after=None
[2026-04-21T06:49:48.607+0000] {processor.py:183} INFO - Processing /home/airflow/.local/lib/python3.8/site-packages/airflow/example_dags/example_sensors.py took 0.043 seconds
[2026-04-21T06:50:19.232+0000] {processor.py:161} INFO - Started process (PID=11544) to work on /home/airflow/.local/lib/python3.8/site-packages/airflow/example_dags/example_sensors.py
[2026-04-21T06:50:19.232+0000] {processor.py:830} INFO - Processing file /home/airflow/.local/lib/python3.8/site-packages/airflow/example_dags/example_sensors.py for tasks to queue
[2026-04-21T06:50:19.233+0000] {logging_mixin.py:188} INFO - [2026-04-21T06:50:19.233+0000] {dagbag.py:538} INFO - Filling up the DagBag from /home/airflow/.local/lib/python3.8/site-packages/airflow/example_dags/example_sensors.py
[2026-04-21T06:50:19.240+0000] {processor.py:840} INFO - DAG(s) 'example_sensors' retrieved from /home/airflow/.local/lib/python3.8/site-packages/airflow/example_dags/example_sensors.py
[2026-04-21T06:50:19.257+0000] {logging_mixin.py:188} INFO - [2026-04-21T06:50:19.257+0000] {dag.py:3036} INFO - Sync 1 DAGs
[2026-04-21T06:50:19.265+0000] {logging_mixin.py:188} INFO - [2026-04-21T06:50:19.264+0000] {dag.py:3823} INFO - Setting next_dagrun for example_sensors to None, run_after=None
[2026-04-21T06:50:19.276+0000] {processor.py:183} INFO - Processing /home/airflow/.local/lib/python3.8/site-packages/airflow/example_dags/example_sensors.py took 0.047 seconds
[2026-04-21T06:50:50.041+0000] {processor.py:161} INFO - Started process (PID=11599) to work on /home/airflow/.local/lib/python3.8/site-packages/airflow/example_dags/example_sensors.py
[2026-04-21T06:50:50.041+0000] {processor.py:830} INFO - Processing file /home/airflow/.local/lib/python3.8/site-packages/airflow/example_dags/example_sensors.py for tasks to queue
[2026-04-21T06:50:50.042+0000] {logging_mixin.py:188} INFO - [2026-04-21T06:50:50.042+0000] {dagbag.py:538} INFO - Filling up the DagBag from /home/airflow/.local/lib/python3.8/site-packages/airflow/example_dags/example_sensors.py
[2026-04-21T06:50:50.048+0000] {processor.py:840} INFO - DAG(s) 'example_sensors' retrieved from /home/airflow/.local/lib/python3.8/site-packages/airflow/example_dags/example_sensors.py
[2026-04-21T06:50:50.067+0000] {logging_mixin.py:188} INFO - [2026-04-21T06:50:50.067+0000] {dag.py:3036} INFO - Sync 1 DAGs
[2026-04-21T06:50:50.077+0000] {logging_mixin.py:188} INFO - [2026-04-21T06:50:50.077+0000] {dag.py:3823} INFO - Setting next_dagrun for example_sensors to None, run_after=None
[2026-04-21T06:50:50.088+0000] {processor.py:183} INFO - Processing /home/airflow/.local/lib/python3.8/site-packages/airflow/example_dags/example_sensors.py took 0.050 seconds
[2026-04-21T06:51:20.784+0000] {processor.py:161} INFO - Started process (PID=11654) to work on /home/airflow/.local/lib/python3.8/site-packages/airflow/example_dags/example_sensors.py
[2026-04-21T06:51:20.785+0000] {processor.py:830} INFO - Processing file /home/airflow/.local/lib/python3.8/site-packages/airflow/example_dags/example_sensors.py for tasks to queue
[2026-04-21T06:51:20.785+0000] {logging_mixin.py:188} INFO - [2026-04-21T06:51:20.785+0000] {dagbag.py:538} INFO - Filling up the DagBag from /home/airflow/.local/lib/python3.8/site-packages/airflow/example_dags/example_sensors.py
[2026-04-21T06:51:20.792+0000] {processor.py:840} INFO - DAG(s) 'example_sensors' retrieved from /home/airflow/.local/lib/python3.8/site-packages/airflow/example_dags/example_sensors.py
[2026-04-21T06:51:20.808+0000] {logging_mixin.py:188} INFO - [2026-04-21T06:51:20.808+0000] {dag.py:3036} INFO - Sync 1 DAGs
[2026-04-21T06:51:20.816+0000] {logging_mixin.py:188} INFO - [2026-04-21T06:51:20.816+0000] {dag.py:3823} INFO - Setting next_dagrun for example_sensors to None, run_after=None
[2026-04-21T06:51:20.826+0000] {processor.py:183} INFO - Processing /home/airflow/.local/lib/python3.8/site-packages/airflow/example_dags/example_sensors.py took 0.044 seconds
[2026-04-21T06:51:51.464+0000] {processor.py:161} INFO - Started process (PID=11709) to work on /home/airflow/.local/lib/python3.8/site-packages/airflow/example_dags/example_sensors.py
[2026-04-21T06:51:51.465+0000] {processor.py:830} INFO - Processing file /home/airflow/.local/lib/python3.8/site-packages/airflow/example_dags/example_sensors.py for tasks to queue
[2026-04-21T06:51:51.466+0000] {logging_mixin.py:188} INFO - [2026-04-21T06:51:51.465+0000] {dagbag.py:538} INFO - Filling up the DagBag from /home/airflow/.local/lib/python3.8/site-packages/airflow/example_dags/example_sensors.py
[2026-04-21T06:51:51.472+0000] {processor.py:840} INFO - DAG(s) 'example_sensors' retrieved from /home/airflow/.local/lib/python3.8/site-packages/airflow/example_dags/example_sensors.py
[2026-04-21T06:51:51.488+0000] {logging_mixin.py:188} INFO - [2026-04-21T06:51:51.487+0000] {dag.py:3036} INFO - Sync 1 DAGs
[2026-04-21T06:51:51.495+0000] {logging_mixin.py:188} INFO - [2026-04-21T06:51:51.495+0000] {dag.py:3823} INFO - Setting next_dagrun for example_sensors to None, run_after=None
[2026-04-21T06:51:51.505+0000] {processor.py:183} INFO - Processing /home/airflow/.local/lib/python3.8/site-packages/airflow/example_dags/example_sensors.py took 0.043 seconds
[2026-04-21T06:52:22.107+0000] {processor.py:161} INFO - Started process (PID=11764) to work on /home/airflow/.local/lib/python3.8/site-packages/airflow/example_dags/example_sensors.py
[2026-04-21T06:52:22.107+0000] {processor.py:830} INFO - Processing file /home/airflow/.local/lib/python3.8/site-packages/airflow/example_dags/example_sensors.py for tasks to queue
[2026-04-21T06:52:22.108+0000] {logging_mixin.py:188} INFO - [2026-04-21T06:52:22.108+0000] {dagbag.py:538} INFO - Filling up the DagBag from /home/airflow/.local/lib/python3.8/site-packages/airflow/example_dags/example_sensors.py
[2026-04-21T06:52:22.114+0000] {processor.py:840} INFO - DAG(s) 'example_sensors' retrieved from /home/airflow/.local/lib/python3.8/site-packages/airflow/example_dags/example_sensors.py
[2026-04-21T06:52:22.130+0000] {logging_mixin.py:188} INFO - [2026-04-21T06:52:22.130+0000] {dag.py:3036} INFO - Sync 1 DAGs
[2026-04-21T06:52:22.138+0000] {logging_mixin.py:188} INFO - [2026-04-21T06:52:22.138+0000] {dag.py:3823} INFO - Setting next_dagrun for example_sensors to None, run_after=None
[2026-04-21T06:52:22.148+0000] {processor.py:183} INFO - Processing /home/airflow/.local/lib/python3.8/site-packages/airflow/example_dags/example_sensors.py took 0.044 seconds
[2026-04-21T06:52:52.819+0000] {processor.py:161} INFO - Started process (PID=11819) to work on /home/airflow/.local/lib/python3.8/site-packages/airflow/example_dags/example_sensors.py
[2026-04-21T06:52:52.820+0000] {processor.py:830} INFO - Processing file /home/airflow/.local/lib/python3.8/site-packages/airflow/example_dags/example_sensors.py for tasks to queue
[2026-04-21T06:52:52.820+0000] {logging_mixin.py:188} INFO - [2026-04-21T06:52:52.820+0000] {dagbag.py:538} INFO - Filling up the DagBag from /home/airflow/.local/lib/python3.8/site-packages/airflow/example_dags/example_sensors.py
[2026-04-21T06:52:52.827+0000] {processor.py:840} INFO - DAG(s) 'example_sensors' retrieved from /home/airflow/.local/lib/python3.8/site-packages/airflow/example_dags/example_sensors.py
[2026-04-21T06:52:52.842+0000] {logging_mixin.py:188} INFO - [2026-04-21T06:52:52.842+0000] {dag.py:3036} INFO - Sync 1 DAGs
[2026-04-21T06:52:52.850+0000] {logging_mixin.py:188} INFO - [2026-04-21T06:52:52.850+0000] {dag.py:3823} INFO - Setting next_dagrun for example_sensors to None, run_after=None
[2026-04-21T06:52:52.860+0000] {processor.py:183} INFO - Processing /home/airflow/.local/lib/python3.8/site-packages/airflow/example_dags/example_sensors.py took 0.043 seconds
[2026-04-21T06:53:22.926+0000] {processor.py:161} INFO - Started process (PID=11874) to work on /home/airflow/.local/lib/python3.8/site-packages/airflow/example_dags/example_sensors.py
[2026-04-21T06:53:22.926+0000] {processor.py:830} INFO - Processing file /home/airflow/.local/lib/python3.8/site-packages/airflow/example_dags/example_sensors.py for tasks to queue
[2026-04-21T06:53:22.927+0000] {logging_mixin.py:188} INFO - [2026-04-21T06:53:22.927+0000] {dagbag.py:538} INFO - Filling up the DagBag from /home/airflow/.local/lib/python3.8/site-packages/airflow/example_dags/example_sensors.py
[2026-04-21T06:53:22.933+0000] {processor.py:840} INFO - DAG(s) 'example_sensors' retrieved from /home/airflow/.local/lib/python3.8/site-packages/airflow/example_dags/example_sensors.py
[2026-04-21T06:53:22.950+0000] {logging_mixin.py:188} INFO - [2026-04-21T06:53:22.950+0000] {dag.py:3036} INFO - Sync 1 DAGs
[2026-04-21T06:53:22.959+0000] {logging_mixin.py:188} INFO - [2026-04-21T06:53:22.959+0000] {dag.py:3823} INFO - Setting next_dagrun for example_sensors to None, run_after=None
[2026-04-21T06:53:22.969+0000] {processor.py:183} INFO - Processing /home/airflow/.local/lib/python3.8/site-packages/airflow/example_dags/example_sensors.py took 0.046 seconds
[2026-04-21T06:53:53.050+0000] {processor.py:161} INFO - Started process (PID=11929) to work on /home/airflow/.local/lib/python3.8/site-packages/airflow/example_dags/example_sensors.py
[2026-04-21T06:53:53.051+0000] {processor.py:830} INFO - Processing file /home/airflow/.local/lib/python3.8/site-packages/airflow/example_dags/example_sensors.py for tasks to queue
[2026-04-21T06:53:53.051+0000] {logging_mixin.py:188} INFO - [2026-04-21T06:53:53.051+0000] {dagbag.py:538} INFO - Filling up the DagBag from /home/airflow/.local/lib/python3.8/site-packages/airflow/example_dags/example_sensors.py
[2026-04-21T06:53:53.058+0000] {processor.py:840} INFO - DAG(s) 'example_sensors' retrieved from /home/airflow/.local/lib/python3.8/site-packages/airflow/example_dags/example_sensors.py
[2026-04-21T06:53:53.075+0000] {logging_mixin.py:188} INFO - [2026-04-21T06:53:53.074+0000] {dag.py:3036} INFO - Sync 1 DAGs
[2026-04-21T06:53:53.082+0000] {logging_mixin.py:188} INFO - [2026-04-21T06:53:53.082+0000] {dag.py:3823} INFO - Setting next_dagrun for example_sensors to None, run_after=None
[2026-04-21T06:53:53.092+0000] {processor.py:183} INFO - Processing /home/airflow/.local/lib/python3.8/site-packages/airflow/example_dags/example_sensors.py took 0.044 seconds
[2026-04-21T06:54:23.885+0000] {processor.py:161} INFO - Started process (PID=11984) to work on /home/airflow/.local/lib/python3.8/site-packages/airflow/example_dags/example_sensors.py
[2026-04-21T06:54:23.885+0000] {processor.py:830} INFO - Processing file /home/airflow/.local/lib/python3.8/site-packages/airflow/example_dags/example_sensors.py for tasks to queue
[2026-04-21T06:54:23.886+0000] {logging_mixin.py:188} INFO - [2026-04-21T06:54:23.886+0000] {dagbag.py:538} INFO - Filling up the DagBag from /home/airflow/.local/lib/python3.8/site-packages/airflow/example_dags/example_sensors.py
[2026-04-21T06:54:23.892+0000] {processor.py:840} INFO - DAG(s) 'example_sensors' retrieved from /home/airflow/.local/lib/python3.8/site-packages/airflow/example_dags/example_sensors.py
[2026-04-21T06:54:23.909+0000] {logging_mixin.py:188} INFO - [2026-04-21T06:54:23.908+0000] {dag.py:3036} INFO - Sync 1 DAGs
[2026-04-21T06:54:23.920+0000] {logging_mixin.py:188} INFO - [2026-04-21T06:54:23.919+0000] {dag.py:3823} INFO - Setting next_dagrun for example_sensors to None, run_after=None
[2026-04-21T06:54:23.932+0000] {processor.py:183} INFO - Processing /home/airflow/.local/lib/python3.8/site-packages/airflow/example_dags/example_sensors.py took 0.050 seconds
[2026-04-21T06:54:54.564+0000] {processor.py:161} INFO - Started process (PID=12039) to work on /home/airflow/.local/lib/python3.8/site-packages/airflow/example_dags/example_sensors.py
[2026-04-21T06:54:54.565+0000] {processor.py:830} INFO - Processing file /home/airflow/.local/lib/python3.8/site-packages/airflow/example_dags/example_sensors.py for tasks to queue
[2026-04-21T06:54:54.565+0000] {logging_mixin.py:188} INFO - [2026-04-21T06:54:54.565+0000] {dagbag.py:538} INFO - Filling up the DagBag from /home/airflow/.local/lib/python3.8/site-packages/airflow/example_dags/example_sensors.py
[2026-04-21T06:54:54.571+0000] {processor.py:840} INFO - DAG(s) 'example_sensors' retrieved from /home/airflow/.local/lib/python3.8/site-packages/airflow/example_dags/example_sensors.py
[2026-04-21T06:54:54.588+0000] {logging_mixin.py:188} INFO - [2026-04-21T06:54:54.588+0000] {dag.py:3036} INFO - Sync 1 DAGs
[2026-04-21T06:54:54.596+0000] {logging_mixin.py:188} INFO - [2026-04-21T06:54:54.596+0000] {dag.py:3823} INFO - Setting next_dagrun for example_sensors to None, run_after=None
[2026-04-21T06:54:54.607+0000] {processor.py:183} INFO - Processing /home/airflow/.local/lib/python3.8/site-packages/airflow/example_dags/example_sensors.py took 0.045 seconds
[2026-04-21T06:55:25.241+0000] {processor.py:161} INFO - Started process (PID=12094) to work on /home/airflow/.local/lib/python3.8/site-packages/airflow/example_dags/example_sensors.py
[2026-04-21T06:55:25.242+0000] {processor.py:830} INFO - Processing file /home/airflow/.local/lib/python3.8/site-packages/airflow/example_dags/example_sensors.py for tasks to queue
[2026-04-21T06:55:25.242+0000] {logging_mixin.py:188} INFO - [2026-04-21T06:55:25.242+0000] {dagbag.py:538} INFO - Filling up the DagBag from /home/airflow/.local/lib/python3.8/site-packages/airflow/example_dags/example_sensors.py
[2026-04-21T06:55:25.249+0000] {processor.py:840} INFO - DAG(s) 'example_sensors' retrieved from /home/airflow/.local/lib/python3.8/site-packages/airflow/example_dags/example_sensors.py
[2026-04-21T06:55:25.267+0000] {logging_mixin.py:188} INFO - [2026-04-21T06:55:25.266+0000] {dag.py:3036} INFO - Sync 1 DAGs
[2026-04-21T06:55:25.275+0000] {logging_mixin.py:188} INFO - [2026-04-21T06:55:25.275+0000] {dag.py:3823} INFO - Setting next_dagrun for example_sensors to None, run_after=None
[2026-04-21T06:55:25.285+0000] {processor.py:183} INFO - Processing /home/airflow/.local/lib/python3.8/site-packages/airflow/example_dags/example_sensors.py took 0.047 seconds
[2026-04-21T06:55:55.983+0000] {processor.py:161} INFO - Started process (PID=12149) to work on /home/airflow/.local/lib/python3.8/site-packages/airflow/example_dags/example_sensors.py
[2026-04-21T06:55:55.984+0000] {processor.py:830} INFO - Processing file /home/airflow/.local/lib/python3.8/site-packages/airflow/example_dags/example_sensors.py for tasks to queue
[2026-04-21T06:55:55.984+0000] {logging_mixin.py:188} INFO - [2026-04-21T06:55:55.984+0000] {dagbag.py:538} INFO - Filling up the DagBag from /home/airflow/.local/lib/python3.8/site-packages/airflow/example_dags/example_sensors.py
[2026-04-21T06:55:55.991+0000] {processor.py:840} INFO - DAG(s) 'example_sensors' retrieved from /home/airflow/.local/lib/python3.8/site-packages/airflow/example_dags/example_sensors.py
[2026-04-21T06:55:56.008+0000] {logging_mixin.py:188} INFO - [2026-04-21T06:55:56.008+0000] {dag.py:3036} INFO - Sync 1 DAGs
[2026-04-21T06:55:56.016+0000] {logging_mixin.py:188} INFO - [2026-04-21T06:55:56.016+0000] {dag.py:3823} INFO - Setting next_dagrun for example_sensors to None, run_after=None
[2026-04-21T06:55:56.026+0000] {processor.py:183} INFO - Processing /home/airflow/.local/lib/python3.8/site-packages/airflow/example_dags/example_sensors.py took 0.045 seconds
[2026-04-21T06:56:26.672+0000] {processor.py:161} INFO - Started process (PID=12204) to work on /home/airflow/.local/lib/python3.8/site-packages/airflow/example_dags/example_sensors.py
[2026-04-21T06:56:26.672+0000] {processor.py:830} INFO - Processing file /home/airflow/.local/lib/python3.8/site-packages/airflow/example_dags/example_sensors.py for tasks to queue
[2026-04-21T06:56:26.673+0000] {logging_mixin.py:188} INFO - [2026-04-21T06:56:26.673+0000] {dagbag.py:538} INFO - Filling up the DagBag from /home/airflow/.local/lib/python3.8/site-packages/airflow/example_dags/example_sensors.py
[2026-04-21T06:56:26.679+0000] {processor.py:840} INFO - DAG(s) 'example_sensors' retrieved from /home/airflow/.local/lib/python3.8/site-packages/airflow/example_dags/example_sensors.py
[2026-04-21T06:56:26.695+0000] {logging_mixin.py:188} INFO - [2026-04-21T06:56:26.695+0000] {dag.py:3036} INFO - Sync 1 DAGs
[2026-04-21T06:56:26.703+0000] {logging_mixin.py:188} INFO - [2026-04-21T06:56:26.702+0000] {dag.py:3823} INFO - Setting next_dagrun for example_sensors to None, run_after=None
[2026-04-21T06:56:26.712+0000] {processor.py:183} INFO - Processing /home/airflow/.local/lib/python3.8/site-packages/airflow/example_dags/example_sensors.py took 0.042 seconds
[2026-04-21T06:56:57.365+0000] {processor.py:161} INFO - Started process (PID=12259) to work on /home/airflow/.local/lib/python3.8/site-packages/airflow/example_dags/example_sensors.py
[2026-04-21T06:56:57.366+0000] {processor.py:830} INFO - Processing file /home/airflow/.local/lib/python3.8/site-packages/airflow/example_dags/example_sensors.py for tasks to queue
[2026-04-21T06:56:57.367+0000] {logging_mixin.py:188} INFO - [2026-04-21T06:56:57.366+0000] {dagbag.py:538} INFO - Filling up the DagBag from /home/airflow/.local/lib/python3.8/site-packages/airflow/example_dags/example_sensors.py
[2026-04-21T06:56:57.373+0000] {processor.py:840} INFO - DAG(s) 'example_sensors' retrieved from /home/airflow/.local/lib/python3.8/site-packages/airflow/example_dags/example_sensors.py
[2026-04-21T06:56:57.389+0000] {logging_mixin.py:188} INFO - [2026-04-21T06:56:57.389+0000] {dag.py:3036} INFO - Sync 1 DAGs
[2026-04-21T06:56:57.397+0000] {logging_mixin.py:188} INFO - [2026-04-21T06:56:57.396+0000] {dag.py:3823} INFO - Setting next_dagrun for example_sensors to None, run_after=None
[2026-04-21T06:56:57.406+0000] {processor.py:183} INFO - Processing /home/airflow/.local/lib/python3.8/site-packages/airflow/example_dags/example_sensors.py took 0.043 seconds
[2026-04-21T06:57:28.006+0000] {processor.py:161} INFO - Started process (PID=12314) to work on /home/airflow/.local/lib/python3.8/site-packages/airflow/example_dags/example_sensors.py
[2026-04-21T06:57:28.006+0000] {processor.py:830} INFO - Processing file /home/airflow/.local/lib/python3.8/site-packages/airflow/example_dags/example_sensors.py for tasks to queue
[2026-04-21T06:57:28.007+0000] {logging_mixin.py:188} INFO - [2026-04-21T06:57:28.007+0000] {dagbag.py:538} INFO - Filling up the DagBag from /home/airflow/.local/lib/python3.8/site-packages/airflow/example_dags/example_sensors.py
[2026-04-21T06:57:28.013+0000] {processor.py:840} INFO - DAG(s) 'example_sensors' retrieved from /home/airflow/.local/lib/python3.8/site-packages/airflow/example_dags/example_sensors.py
[2026-04-21T06:57:28.030+0000] {logging_mixin.py:188} INFO - [2026-04-21T06:57:28.029+0000] {dag.py:3036} INFO - Sync 1 DAGs
[2026-04-21T06:57:28.037+0000] {logging_mixin.py:188} INFO - [2026-04-21T06:57:28.037+0000] {dag.py:3823} INFO - Setting next_dagrun for example_sensors to None, run_after=None
[2026-04-21T06:57:28.048+0000] {processor.py:183} INFO - Processing /home/airflow/.local/lib/python3.8/site-packages/airflow/example_dags/example_sensors.py took 0.044 seconds
[2026-04-21T06:57:58.708+0000] {processor.py:161} INFO - Started process (PID=12369) to work on /home/airflow/.local/lib/python3.8/site-packages/airflow/example_dags/example_sensors.py
[2026-04-21T06:57:58.708+0000] {processor.py:830} INFO - Processing file /home/airflow/.local/lib/python3.8/site-packages/airflow/example_dags/example_sensors.py for tasks to queue
[2026-04-21T06:57:58.709+0000] {logging_mixin.py:188} INFO - [2026-04-21T06:57:58.709+0000] {dagbag.py:538} INFO - Filling up the DagBag from /home/airflow/.local/lib/python3.8/site-packages/airflow/example_dags/example_sensors.py
[2026-04-21T06:57:58.715+0000] {processor.py:840} INFO - DAG(s) 'example_sensors' retrieved from /home/airflow/.local/lib/python3.8/site-packages/airflow/example_dags/example_sensors.py
[2026-04-21T06:57:58.731+0000] {logging_mixin.py:188} INFO - [2026-04-21T06:57:58.731+0000] {dag.py:3036} INFO - Sync 1 DAGs
[2026-04-21T06:57:58.739+0000] {logging_mixin.py:188} INFO - [2026-04-21T06:57:58.739+0000] {dag.py:3823} INFO - Setting next_dagrun for example_sensors to None, run_after=None
[2026-04-21T06:57:58.748+0000] {processor.py:183} INFO - Processing /home/airflow/.local/lib/python3.8/site-packages/airflow/example_dags/example_sensors.py took 0.043 seconds
[2026-04-21T06:58:29.338+0000] {processor.py:161} INFO - Started process (PID=12424) to work on /home/airflow/.local/lib/python3.8/site-packages/airflow/example_dags/example_sensors.py
[2026-04-21T06:58:29.339+0000] {processor.py:830} INFO - Processing file /home/airflow/.local/lib/python3.8/site-packages/airflow/example_dags/example_sensors.py for tasks to queue
[2026-04-21T06:58:29.340+0000] {logging_mixin.py:188} INFO - [2026-04-21T06:58:29.339+0000] {dagbag.py:538} INFO - Filling up the DagBag from /home/airflow/.local/lib/python3.8/site-packages/airflow/example_dags/example_sensors.py
[2026-04-21T06:58:29.346+0000] {processor.py:840} INFO - DAG(s) 'example_sensors' retrieved from /home/airflow/.local/lib/python3.8/site-packages/airflow/example_dags/example_sensors.py
[2026-04-21T06:58:29.362+0000] {logging_mixin.py:188} INFO - [2026-04-21T06:58:29.362+0000] {dag.py:3036} INFO - Sync 1 DAGs
[2026-04-21T06:58:29.370+0000] {logging_mixin.py:188} INFO - [2026-04-21T06:58:29.370+0000] {dag.py:3823} INFO - Setting next_dagrun for example_sensors to None, run_after=None
[2026-04-21T06:58:29.380+0000] {processor.py:183} INFO - Processing /home/airflow/.local/lib/python3.8/site-packages/airflow/example_dags/example_sensors.py took 0.044 seconds
[2026-04-21T06:59:00.237+0000] {processor.py:161} INFO - Started process (PID=12479) to work on /home/airflow/.local/lib/python3.8/site-packages/airflow/example_dags/example_sensors.py
[2026-04-21T06:59:00.238+0000] {processor.py:830} INFO - Processing file /home/airflow/.local/lib/python3.8/site-packages/airflow/example_dags/example_sensors.py for tasks to queue
[2026-04-21T06:59:00.238+0000] {logging_mixin.py:188} INFO - [2026-04-21T06:59:00.238+0000] {dagbag.py:538} INFO - Filling up the DagBag from /home/airflow/.local/lib/python3.8/site-packages/airflow/example_dags/example_sensors.py
[2026-04-21T06:59:00.245+0000] {processor.py:840} INFO - DAG(s) 'example_sensors' retrieved from /home/airflow/.local/lib/python3.8/site-packages/airflow/example_dags/example_sensors.py
[2026-04-21T06:59:00.264+0000] {logging_mixin.py:188} INFO - [2026-04-21T06:59:00.264+0000] {dag.py:3036} INFO - Sync 1 DAGs
[2026-04-21T06:59:00.273+0000] {logging_mixin.py:188} INFO - [2026-04-21T06:59:00.273+0000] {dag.py:3823} INFO - Setting next_dagrun for example_sensors to None, run_after=None
[2026-04-21T06:59:00.286+0000] {processor.py:183} INFO - Processing /home/airflow/.local/lib/python3.8/site-packages/airflow/example_dags/example_sensors.py took 0.051 seconds
[2026-04-21T06:59:30.330+0000] {processor.py:161} INFO - Started process (PID=12534) to work on /home/airflow/.local/lib/python3.8/site-packages/airflow/example_dags/example_sensors.py
[2026-04-21T06:59:30.330+0000] {processor.py:830} INFO - Processing file /home/airflow/.local/lib/python3.8/site-packages/airflow/example_dags/example_sensors.py for tasks to queue
[2026-04-21T06:59:30.331+0000] {logging_mixin.py:188} INFO - [2026-04-21T06:59:30.331+0000] {dagbag.py:538} INFO - Filling up the DagBag from /home/airflow/.local/lib/python3.8/site-packages/airflow/example_dags/example_sensors.py
[2026-04-21T06:59:30.338+0000] {processor.py:840} INFO - DAG(s) 'example_sensors' retrieved from /home/airflow/.local/lib/python3.8/site-packages/airflow/example_dags/example_sensors.py
[2026-04-21T06:59:30.356+0000] {logging_mixin.py:188} INFO - [2026-04-21T06:59:30.356+0000] {dag.py:3036} INFO - Sync 1 DAGs
[2026-04-21T06:59:30.365+0000] {logging_mixin.py:188} INFO - [2026-04-21T06:59:30.364+0000] {dag.py:3823} INFO - Setting next_dagrun for example_sensors to None, run_after=None
[2026-04-21T06:59:30.376+0000] {processor.py:183} INFO - Processing /home/airflow/.local/lib/python3.8/site-packages/airflow/example_dags/example_sensors.py took 0.049 seconds
[2026-04-21T07:00:00.505+0000] {processor.py:161} INFO - Started process (PID=12589) to work on /home/airflow/.local/lib/python3.8/site-packages/airflow/example_dags/example_sensors.py
[2026-04-21T07:00:00.506+0000] {processor.py:830} INFO - Processing file /home/airflow/.local/lib/python3.8/site-packages/airflow/example_dags/example_sensors.py for tasks to queue
[2026-04-21T07:00:00.506+0000] {logging_mixin.py:188} INFO - [2026-04-21T07:00:00.506+0000] {dagbag.py:538} INFO - Filling up the DagBag from /home/airflow/.local/lib/python3.8/site-packages/airflow/example_dags/example_sensors.py
[2026-04-21T07:00:00.513+0000] {processor.py:840} INFO - DAG(s) 'example_sensors' retrieved from /home/airflow/.local/lib/python3.8/site-packages/airflow/example_dags/example_sensors.py
[2026-04-21T07:00:00.529+0000] {logging_mixin.py:188} INFO - [2026-04-21T07:00:00.529+0000] {dag.py:3036} INFO - Sync 1 DAGs
[2026-04-21T07:00:00.537+0000] {logging_mixin.py:188} INFO - [2026-04-21T07:00:00.537+0000] {dag.py:3823} INFO - Setting next_dagrun for example_sensors to None, run_after=None
[2026-04-21T07:00:00.547+0000] {processor.py:183} INFO - Processing /home/airflow/.local/lib/python3.8/site-packages/airflow/example_dags/example_sensors.py took 0.044 seconds
[2026-04-21T07:00:30.599+0000] {processor.py:161} INFO - Started process (PID=12644) to work on /home/airflow/.local/lib/python3.8/site-packages/airflow/example_dags/example_sensors.py
[2026-04-21T07:00:30.600+0000] {processor.py:830} INFO - Processing file /home/airflow/.local/lib/python3.8/site-packages/airflow/example_dags/example_sensors.py for tasks to queue
[2026-04-21T07:00:30.600+0000] {logging_mixin.py:188} INFO - [2026-04-21T07:00:30.600+0000] {dagbag.py:538} INFO - Filling up the DagBag from /home/airflow/.local/lib/python3.8/site-packages/airflow/example_dags/example_sensors.py
[2026-04-21T07:00:30.608+0000] {processor.py:840} INFO - DAG(s) 'example_sensors' retrieved from /home/airflow/.local/lib/python3.8/site-packages/airflow/example_dags/example_sensors.py
[2026-04-21T07:00:30.628+0000] {logging_mixin.py:188} INFO - [2026-04-21T07:00:30.627+0000] {dag.py:3036} INFO - Sync 1 DAGs
[2026-04-21T07:00:30.636+0000] {logging_mixin.py:188} INFO - [2026-04-21T07:00:30.636+0000] {dag.py:3823} INFO - Setting next_dagrun for example_sensors to None, run_after=None
[2026-04-21T07:00:30.648+0000] {processor.py:183} INFO - Processing /home/airflow/.local/lib/python3.8/site-packages/airflow/example_dags/example_sensors.py took 0.051 seconds
[2026-04-21T07:01:00.863+0000] {processor.py:161} INFO - Started process (PID=12699) to work on /home/airflow/.local/lib/python3.8/site-packages/airflow/example_dags/example_sensors.py
[2026-04-21T07:01:00.863+0000] {processor.py:830} INFO - Processing file /home/airflow/.local/lib/python3.8/site-packages/airflow/example_dags/example_sensors.py for tasks to queue
[2026-04-21T07:01:00.864+0000] {logging_mixin.py:188} INFO - [2026-04-21T07:01:00.864+0000] {dagbag.py:538} INFO - Filling up the DagBag from /home/airflow/.local/lib/python3.8/site-packages/airflow/example_dags/example_sensors.py
[2026-04-21T07:01:00.871+0000] {processor.py:840} INFO - DAG(s) 'example_sensors' retrieved from /home/airflow/.local/lib/python3.8/site-packages/airflow/example_dags/example_sensors.py
[2026-04-21T07:01:00.890+0000] {logging_mixin.py:188} INFO - [2026-04-21T07:01:00.889+0000] {dag.py:3036} INFO - Sync 1 DAGs
[2026-04-21T07:01:00.900+0000] {logging_mixin.py:188} INFO - [2026-04-21T07:01:00.900+0000] {dag.py:3823} INFO - Setting next_dagrun for example_sensors to None, run_after=None
[2026-04-21T07:01:00.912+0000] {processor.py:183} INFO - Processing /home/airflow/.local/lib/python3.8/site-packages/airflow/example_dags/example_sensors.py took 0.052 seconds
[2026-04-21T07:01:31.028+0000] {processor.py:161} INFO - Started process (PID=12754) to work on /home/airflow/.local/lib/python3.8/site-packages/airflow/example_dags/example_sensors.py
[2026-04-21T07:01:31.029+0000] {processor.py:830} INFO - Processing file /home/airflow/.local/lib/python3.8/site-packages/airflow/example_dags/example_sensors.py for tasks to queue
[2026-04-21T07:01:31.029+0000] {logging_mixin.py:188} INFO - [2026-04-21T07:01:31.029+0000] {dagbag.py:538} INFO - Filling up the DagBag from /home/airflow/.local/lib/python3.8/site-packages/airflow/example_dags/example_sensors.py
[2026-04-21T07:01:31.036+0000] {processor.py:840} INFO - DAG(s) 'example_sensors' retrieved from /home/airflow/.local/lib/python3.8/site-packages/airflow/example_dags/example_sensors.py
[2026-04-21T07:01:31.054+0000] {logging_mixin.py:188} INFO - [2026-04-21T07:01:31.054+0000] {dag.py:3036} INFO - Sync 1 DAGs
[2026-04-21T07:01:31.063+0000] {logging_mixin.py:188} INFO - [2026-04-21T07:01:31.063+0000] {dag.py:3823} INFO - Setting next_dagrun for example_sensors to None, run_after=None
[2026-04-21T07:01:31.075+0000] {processor.py:183} INFO - Processing /home/airflow/.local/lib/python3.8/site-packages/airflow/example_dags/example_sensors.py took 0.049 seconds
[2026-04-21T07:02:01.094+0000] {processor.py:161} INFO - Started process (PID=12809) to work on /home/airflow/.local/lib/python3.8/site-packages/airflow/example_dags/example_sensors.py
[2026-04-21T07:02:01.095+0000] {processor.py:830} INFO - Processing file /home/airflow/.local/lib/python3.8/site-packages/airflow/example_dags/example_sensors.py for tasks to queue
[2026-04-21T07:02:01.095+0000] {logging_mixin.py:188} INFO - [2026-04-21T07:02:01.095+0000] {dagbag.py:538} INFO - Filling up the DagBag from /home/airflow/.local/lib/python3.8/site-packages/airflow/example_dags/example_sensors.py
[2026-04-21T07:02:01.102+0000] {processor.py:840} INFO - DAG(s) 'example_sensors' retrieved from /home/airflow/.local/lib/python3.8/site-packages/airflow/example_dags/example_sensors.py
[2026-04-21T07:02:01.120+0000] {logging_mixin.py:188} INFO - [2026-04-21T07:02:01.120+0000] {dag.py:3036} INFO - Sync 1 DAGs
[2026-04-21T07:02:01.129+0000] {logging_mixin.py:188} INFO - [2026-04-21T07:02:01.128+0000] {dag.py:3823} INFO - Setting next_dagrun for example_sensors to None, run_after=None
[2026-04-21T07:02:01.141+0000] {processor.py:183} INFO - Processing /home/airflow/.local/lib/python3.8/site-packages/airflow/example_dags/example_sensors.py took 0.050 seconds
[2026-04-21T07:02:31.752+0000] {processor.py:161} INFO - Started process (PID=12864) to work on /home/airflow/.local/lib/python3.8/site-packages/airflow/example_dags/example_sensors.py
[2026-04-21T07:02:31.753+0000] {processor.py:830} INFO - Processing file /home/airflow/.local/lib/python3.8/site-packages/airflow/example_dags/example_sensors.py for tasks to queue
[2026-04-21T07:02:31.753+0000] {logging_mixin.py:188} INFO - [2026-04-21T07:02:31.753+0000] {dagbag.py:538} INFO - Filling up the DagBag from /home/airflow/.local/lib/python3.8/site-packages/airflow/example_dags/example_sensors.py
[2026-04-21T07:02:31.760+0000] {processor.py:840} INFO - DAG(s) 'example_sensors' retrieved from /home/airflow/.local/lib/python3.8/site-packages/airflow/example_dags/example_sensors.py
[2026-04-21T07:02:31.776+0000] {logging_mixin.py:188} INFO - [2026-04-21T07:02:31.776+0000] {dag.py:3036} INFO - Sync 1 DAGs
[2026-04-21T07:02:31.784+0000] {logging_mixin.py:188} INFO - [2026-04-21T07:02:31.784+0000] {dag.py:3823} INFO - Setting next_dagrun for example_sensors to None, run_after=None
[2026-04-21T07:02:31.794+0000] {processor.py:183} INFO - Processing /home/airflow/.local/lib/python3.8/site-packages/airflow/example_dags/example_sensors.py took 0.045 seconds
[2026-04-21T07:03:02.358+0000] {processor.py:161} INFO - Started process (PID=12919) to work on /home/airflow/.local/lib/python3.8/site-packages/airflow/example_dags/example_sensors.py
[2026-04-21T07:03:02.358+0000] {processor.py:830} INFO - Processing file /home/airflow/.local/lib/python3.8/site-packages/airflow/example_dags/example_sensors.py for tasks to queue
[2026-04-21T07:03:02.359+0000] {logging_mixin.py:188} INFO - [2026-04-21T07:03:02.359+0000] {dagbag.py:538} INFO - Filling up the DagBag from /home/airflow/.local/lib/python3.8/site-packages/airflow/example_dags/example_sensors.py
[2026-04-21T07:03:02.365+0000] {processor.py:840} INFO - DAG(s) 'example_sensors' retrieved from /home/airflow/.local/lib/python3.8/site-packages/airflow/example_dags/example_sensors.py
[2026-04-21T07:03:02.382+0000] {logging_mixin.py:188} INFO - [2026-04-21T07:03:02.382+0000] {dag.py:3036} INFO - Sync 1 DAGs
[2026-04-21T07:03:02.391+0000] {logging_mixin.py:188} INFO - [2026-04-21T07:03:02.391+0000] {dag.py:3823} INFO - Setting next_dagrun for example_sensors to None, run_after=None
[2026-04-21T07:03:02.401+0000] {processor.py:183} INFO - Processing /home/airflow/.local/lib/python3.8/site-packages/airflow/example_dags/example_sensors.py took 0.046 seconds
[2026-04-21T07:03:33.236+0000] {processor.py:161} INFO - Started process (PID=12974) to work on /home/airflow/.local/lib/python3.8/site-packages/airflow/example_dags/example_sensors.py
[2026-04-21T07:03:33.237+0000] {processor.py:830} INFO - Processing file /home/airflow/.local/lib/python3.8/site-packages/airflow/example_dags/example_sensors.py for tasks to queue
[2026-04-21T07:03:33.237+0000] {logging_mixin.py:188} INFO - [2026-04-21T07:03:33.237+0000] {dagbag.py:538} INFO - Filling up the DagBag from /home/airflow/.local/lib/python3.8/site-packages/airflow/example_dags/example_sensors.py
[2026-04-21T07:03:33.244+0000] {processor.py:840} INFO - DAG(s) 'example_sensors' retrieved from /home/airflow/.local/lib/python3.8/site-packages/airflow/example_dags/example_sensors.py
[2026-04-21T07:03:33.261+0000] {logging_mixin.py:188} INFO - [2026-04-21T07:03:33.261+0000] {dag.py:3036} INFO - Sync 1 DAGs
[2026-04-21T07:03:33.270+0000] {logging_mixin.py:188} INFO - [2026-04-21T07:03:33.269+0000] {dag.py:3823} INFO - Setting next_dagrun for example_sensors to None, run_after=None
[2026-04-21T07:03:33.281+0000] {processor.py:183} INFO - Processing /home/airflow/.local/lib/python3.8/site-packages/airflow/example_dags/example_sensors.py took 0.047 seconds
[2026-04-21T07:04:03.781+0000] {processor.py:161} INFO - Started process (PID=13029) to work on /home/airflow/.local/lib/python3.8/site-packages/airflow/example_dags/example_sensors.py
[2026-04-21T07:04:03.782+0000] {processor.py:830} INFO - Processing file /home/airflow/.local/lib/python3.8/site-packages/airflow/example_dags/example_sensors.py for tasks to queue
[2026-04-21T07:04:03.783+0000] {logging_mixin.py:188} INFO - [2026-04-21T07:04:03.782+0000] {dagbag.py:538} INFO - Filling up the DagBag from /home/airflow/.local/lib/python3.8/site-packages/airflow/example_dags/example_sensors.py
[2026-04-21T07:04:03.789+0000] {processor.py:840} INFO - DAG(s) 'example_sensors' retrieved from /home/airflow/.local/lib/python3.8/site-packages/airflow/example_dags/example_sensors.py
[2026-04-21T07:04:03.806+0000] {logging_mixin.py:188} INFO - [2026-04-21T07:04:03.805+0000] {dag.py:3036} INFO - Sync 1 DAGs
[2026-04-21T07:04:03.814+0000] {logging_mixin.py:188} INFO - [2026-04-21T07:04:03.813+0000] {dag.py:3823} INFO - Setting next_dagrun for example_sensors to None, run_after=None
[2026-04-21T07:04:03.823+0000] {processor.py:183} INFO - Processing /home/airflow/.local/lib/python3.8/site-packages/airflow/example_dags/example_sensors.py took 0.044 seconds
[2026-04-21T07:04:34.717+0000] {processor.py:161} INFO - Started process (PID=13084) to work on /home/airflow/.local/lib/python3.8/site-packages/airflow/example_dags/example_sensors.py
[2026-04-21T07:04:34.717+0000] {processor.py:830} INFO - Processing file /home/airflow/.local/lib/python3.8/site-packages/airflow/example_dags/example_sensors.py for tasks to queue
[2026-04-21T07:04:34.718+0000] {logging_mixin.py:188} INFO - [2026-04-21T07:04:34.718+0000] {dagbag.py:538} INFO - Filling up the DagBag from /home/airflow/.local/lib/python3.8/site-packages/airflow/example_dags/example_sensors.py
[2026-04-21T07:04:34.724+0000] {processor.py:840} INFO - DAG(s) 'example_sensors' retrieved from /home/airflow/.local/lib/python3.8/site-packages/airflow/example_dags/example_sensors.py
[2026-04-21T07:04:34.741+0000] {logging_mixin.py:188} INFO - [2026-04-21T07:04:34.741+0000] {dag.py:3036} INFO - Sync 1 DAGs
[2026-04-21T07:04:34.751+0000] {logging_mixin.py:188} INFO - [2026-04-21T07:04:34.751+0000] {dag.py:3823} INFO - Setting next_dagrun for example_sensors to None, run_after=None
[2026-04-21T07:04:34.761+0000] {processor.py:183} INFO - Processing /home/airflow/.local/lib/python3.8/site-packages/airflow/example_dags/example_sensors.py took 0.047 seconds
[2026-04-21T07:05:05.442+0000] {processor.py:161} INFO - Started process (PID=13139) to work on /home/airflow/.local/lib/python3.8/site-packages/airflow/example_dags/example_sensors.py
[2026-04-21T07:05:05.442+0000] {processor.py:830} INFO - Processing file /home/airflow/.local/lib/python3.8/site-packages/airflow/example_dags/example_sensors.py for tasks to queue
[2026-04-21T07:05:05.443+0000] {logging_mixin.py:188} INFO - [2026-04-21T07:05:05.443+0000] {dagbag.py:538} INFO - Filling up the DagBag from /home/airflow/.local/lib/python3.8/site-packages/airflow/example_dags/example_sensors.py
[2026-04-21T07:05:05.450+0000] {processor.py:840} INFO - DAG(s) 'example_sensors' retrieved from /home/airflow/.local/lib/python3.8/site-packages/airflow/example_dags/example_sensors.py
[2026-04-21T07:05:05.467+0000] {logging_mixin.py:188} INFO - [2026-04-21T07:05:05.466+0000] {dag.py:3036} INFO - Sync 1 DAGs
[2026-04-21T07:05:05.474+0000] {logging_mixin.py:188} INFO - [2026-04-21T07:05:05.474+0000] {dag.py:3823} INFO - Setting next_dagrun for example_sensors to None, run_after=None
[2026-04-21T07:05:05.484+0000] {processor.py:183} INFO - Processing /home/airflow/.local/lib/python3.8/site-packages/airflow/example_dags/example_sensors.py took 0.044 seconds
[2026-04-21T07:05:36.060+0000] {processor.py:161} INFO - Started process (PID=13194) to work on /home/airflow/.local/lib/python3.8/site-packages/airflow/example_dags/example_sensors.py
[2026-04-21T07:05:36.061+0000] {processor.py:830} INFO - Processing file /home/airflow/.local/lib/python3.8/site-packages/airflow/example_dags/example_sensors.py for tasks to queue
[2026-04-21T07:05:36.061+0000] {logging_mixin.py:188} INFO - [2026-04-21T07:05:36.061+0000] {dagbag.py:538} INFO - Filling up the DagBag from /home/airflow/.local/lib/python3.8/site-packages/airflow/example_dags/example_sensors.py
[2026-04-21T07:05:36.068+0000] {processor.py:840} INFO - DAG(s) 'example_sensors' retrieved from /home/airflow/.local/lib/python3.8/site-packages/airflow/example_dags/example_sensors.py
[2026-04-21T07:05:36.084+0000] {logging_mixin.py:188} INFO - [2026-04-21T07:05:36.084+0000] {dag.py:3036} INFO - Sync 1 DAGs
[2026-04-21T07:05:36.092+0000] {logging_mixin.py:188} INFO - [2026-04-21T07:05:36.092+0000] {dag.py:3823} INFO - Setting next_dagrun for example_sensors to None, run_after=None
[2026-04-21T07:05:36.103+0000] {processor.py:183} INFO - Processing /home/airflow/.local/lib/python3.8/site-packages/airflow/example_dags/example_sensors.py took 0.046 seconds
[2026-04-21T07:06:06.733+0000] {processor.py:161} INFO - Started process (PID=13249) to work on /home/airflow/.local/lib/python3.8/site-packages/airflow/example_dags/example_sensors.py
[2026-04-21T07:06:06.734+0000] {processor.py:830} INFO - Processing file /home/airflow/.local/lib/python3.8/site-packages/airflow/example_dags/example_sensors.py for tasks to queue
[2026-04-21T07:06:06.734+0000] {logging_mixin.py:188} INFO - [2026-04-21T07:06:06.734+0000] {dagbag.py:538} INFO - Filling up the DagBag from /home/airflow/.local/lib/python3.8/site-packages/airflow/example_dags/example_sensors.py
[2026-04-21T07:06:06.742+0000] {processor.py:840} INFO - DAG(s) 'example_sensors' retrieved from /home/airflow/.local/lib/python3.8/site-packages/airflow/example_dags/example_sensors.py
[2026-04-21T07:06:06.761+0000] {logging_mixin.py:188} INFO - [2026-04-21T07:06:06.761+0000] {dag.py:3036} INFO - Sync 1 DAGs
[2026-04-21T07:06:06.769+0000] {logging_mixin.py:188} INFO - [2026-04-21T07:06:06.769+0000] {dag.py:3823} INFO - Setting next_dagrun for example_sensors to None, run_after=None
[2026-04-21T07:06:06.784+0000] {processor.py:183} INFO - Processing /home/airflow/.local/lib/python3.8/site-packages/airflow/example_dags/example_sensors.py took 0.054 seconds
[2026-04-21T07:06:37.610+0000] {processor.py:161} INFO - Started process (PID=13304) to work on /home/airflow/.local/lib/python3.8/site-packages/airflow/example_dags/example_sensors.py
[2026-04-21T07:06:37.611+0000] {processor.py:830} INFO - Processing file /home/airflow/.local/lib/python3.8/site-packages/airflow/example_dags/example_sensors.py for tasks to queue
[2026-04-21T07:06:37.611+0000] {logging_mixin.py:188} INFO - [2026-04-21T07:06:37.611+0000] {dagbag.py:538} INFO - Filling up the DagBag from /home/airflow/.local/lib/python3.8/site-packages/airflow/example_dags/example_sensors.py
[2026-04-21T07:06:37.618+0000] {processor.py:840} INFO - DAG(s) 'example_sensors' retrieved from /home/airflow/.local/lib/python3.8/site-packages/airflow/example_dags/example_sensors.py
[2026-04-21T07:06:37.636+0000] {logging_mixin.py:188} INFO - [2026-04-21T07:06:37.635+0000] {dag.py:3036} INFO - Sync 1 DAGs
[2026-04-21T07:06:37.643+0000] {logging_mixin.py:188} INFO - [2026-04-21T07:06:37.643+0000] {dag.py:3823} INFO - Setting next_dagrun for example_sensors to None, run_after=None
[2026-04-21T07:06:37.654+0000] {processor.py:183} INFO - Processing /home/airflow/.local/lib/python3.8/site-packages/airflow/example_dags/example_sensors.py took 0.046 seconds
[2026-04-21T07:07:08.232+0000] {processor.py:161} INFO - Started process (PID=13359) to work on /home/airflow/.local/lib/python3.8/site-packages/airflow/example_dags/example_sensors.py
[2026-04-21T07:07:08.233+0000] {processor.py:830} INFO - Processing file /home/airflow/.local/lib/python3.8/site-packages/airflow/example_dags/example_sensors.py for tasks to queue
[2026-04-21T07:07:08.233+0000] {logging_mixin.py:188} INFO - [2026-04-21T07:07:08.233+0000] {dagbag.py:538} INFO - Filling up the DagBag from /home/airflow/.local/lib/python3.8/site-packages/airflow/example_dags/example_sensors.py
[2026-04-21T07:07:08.240+0000] {processor.py:840} INFO - DAG(s) 'example_sensors' retrieved from /home/airflow/.local/lib/python3.8/site-packages/airflow/example_dags/example_sensors.py
[2026-04-21T07:07:08.256+0000] {logging_mixin.py:188} INFO - [2026-04-21T07:07:08.256+0000] {dag.py:3036} INFO - Sync 1 DAGs
[2026-04-21T07:07:08.263+0000] {logging_mixin.py:188} INFO - [2026-04-21T07:07:08.263+0000] {dag.py:3823} INFO - Setting next_dagrun for example_sensors to None, run_after=None
[2026-04-21T07:07:08.274+0000] {processor.py:183} INFO - Processing /home/airflow/.local/lib/python3.8/site-packages/airflow/example_dags/example_sensors.py took 0.044 seconds
[2026-04-21T07:07:38.951+0000] {processor.py:161} INFO - Started process (PID=13414) to work on /home/airflow/.local/lib/python3.8/site-packages/airflow/example_dags/example_sensors.py
[2026-04-21T07:07:38.952+0000] {processor.py:830} INFO - Processing file /home/airflow/.local/lib/python3.8/site-packages/airflow/example_dags/example_sensors.py for tasks to queue
[2026-04-21T07:07:38.952+0000] {logging_mixin.py:188} INFO - [2026-04-21T07:07:38.952+0000] {dagbag.py:538} INFO - Filling up the DagBag from /home/airflow/.local/lib/python3.8/site-packages/airflow/example_dags/example_sensors.py
[2026-04-21T07:07:38.959+0000] {processor.py:840} INFO - DAG(s) 'example_sensors' retrieved from /home/airflow/.local/lib/python3.8/site-packages/airflow/example_dags/example_sensors.py
[2026-04-21T07:07:38.975+0000] {logging_mixin.py:188} INFO - [2026-04-21T07:07:38.975+0000] {dag.py:3036} INFO - Sync 1 DAGs
[2026-04-21T07:07:38.983+0000] {logging_mixin.py:188} INFO - [2026-04-21T07:07:38.983+0000] {dag.py:3823} INFO - Setting next_dagrun for example_sensors to None, run_after=None
[2026-04-21T07:07:38.993+0000] {processor.py:183} INFO - Processing /home/airflow/.local/lib/python3.8/site-packages/airflow/example_dags/example_sensors.py took 0.044 seconds
[2026-04-21T07:08:09.589+0000] {processor.py:161} INFO - Started process (PID=13469) to work on /home/airflow/.local/lib/python3.8/site-packages/airflow/example_dags/example_sensors.py
[2026-04-21T07:08:09.590+0000] {processor.py:830} INFO - Processing file /home/airflow/.local/lib/python3.8/site-packages/airflow/example_dags/example_sensors.py for tasks to queue
[2026-04-21T07:08:09.591+0000] {logging_mixin.py:188} INFO - [2026-04-21T07:08:09.591+0000] {dagbag.py:538} INFO - Filling up the DagBag from /home/airflow/.local/lib/python3.8/site-packages/airflow/example_dags/example_sensors.py
[2026-04-21T07:08:09.597+0000] {processor.py:840} INFO - DAG(s) 'example_sensors' retrieved from /home/airflow/.local/lib/python3.8/site-packages/airflow/example_dags/example_sensors.py
[2026-04-21T07:08:09.614+0000] {logging_mixin.py:188} INFO - [2026-04-21T07:08:09.614+0000] {dag.py:3036} INFO - Sync 1 DAGs
[2026-04-21T07:08:09.622+0000] {logging_mixin.py:188} INFO - [2026-04-21T07:08:09.622+0000] {dag.py:3823} INFO - Setting next_dagrun for example_sensors to None, run_after=None
[2026-04-21T07:08:09.633+0000] {processor.py:183} INFO - Processing /home/airflow/.local/lib/python3.8/site-packages/airflow/example_dags/example_sensors.py took 0.046 seconds
[2026-04-21T07:08:40.226+0000] {processor.py:161} INFO - Started process (PID=13524) to work on /home/airflow/.local/lib/python3.8/site-packages/airflow/example_dags/example_sensors.py
[2026-04-21T07:08:40.227+0000] {processor.py:830} INFO - Processing file /home/airflow/.local/lib/python3.8/site-packages/airflow/example_dags/example_sensors.py for tasks to queue
[2026-04-21T07:08:40.227+0000] {logging_mixin.py:188} INFO - [2026-04-21T07:08:40.227+0000] {dagbag.py:538} INFO - Filling up the DagBag from /home/airflow/.local/lib/python3.8/site-packages/airflow/example_dags/example_sensors.py
[2026-04-21T07:08:40.235+0000] {processor.py:840} INFO - DAG(s) 'example_sensors' retrieved from /home/airflow/.local/lib/python3.8/site-packages/airflow/example_dags/example_sensors.py
[2026-04-21T07:08:40.252+0000] {logging_mixin.py:188} INFO - [2026-04-21T07:08:40.251+0000] {dag.py:3036} INFO - Sync 1 DAGs
[2026-04-21T07:08:40.260+0000] {logging_mixin.py:188} INFO - [2026-04-21T07:08:40.260+0000] {dag.py:3823} INFO - Setting next_dagrun for example_sensors to None, run_after=None
[2026-04-21T07:08:40.271+0000] {processor.py:183} INFO - Processing /home/airflow/.local/lib/python3.8/site-packages/airflow/example_dags/example_sensors.py took 0.047 seconds
[2026-04-21T07:09:10.957+0000] {processor.py:161} INFO - Started process (PID=13579) to work on /home/airflow/.local/lib/python3.8/site-packages/airflow/example_dags/example_sensors.py
[2026-04-21T07:09:10.958+0000] {processor.py:830} INFO - Processing file /home/airflow/.local/lib/python3.8/site-packages/airflow/example_dags/example_sensors.py for tasks to queue
[2026-04-21T07:09:10.959+0000] {logging_mixin.py:188} INFO - [2026-04-21T07:09:10.958+0000] {dagbag.py:538} INFO - Filling up the DagBag from /home/airflow/.local/lib/python3.8/site-packages/airflow/example_dags/example_sensors.py
[2026-04-21T07:09:10.966+0000] {processor.py:840} INFO - DAG(s) 'example_sensors' retrieved from /home/airflow/.local/lib/python3.8/site-packages/airflow/example_dags/example_sensors.py
[2026-04-21T07:09:10.985+0000] {logging_mixin.py:188} INFO - [2026-04-21T07:09:10.985+0000] {dag.py:3036} INFO - Sync 1 DAGs
[2026-04-21T07:09:10.994+0000] {logging_mixin.py:188} INFO - [2026-04-21T07:09:10.994+0000] {dag.py:3823} INFO - Setting next_dagrun for example_sensors to None, run_after=None
[2026-04-21T07:09:11.006+0000] {processor.py:183} INFO - Processing /home/airflow/.local/lib/python3.8/site-packages/airflow/example_dags/example_sensors.py took 0.052 seconds
[2026-04-21T07:09:41.765+0000] {processor.py:161} INFO - Started process (PID=13634) to work on /home/airflow/.local/lib/python3.8/site-packages/airflow/example_dags/example_sensors.py
[2026-04-21T07:09:41.766+0000] {processor.py:830} INFO - Processing file /home/airflow/.local/lib/python3.8/site-packages/airflow/example_dags/example_sensors.py for tasks to queue
[2026-04-21T07:09:41.767+0000] {logging_mixin.py:188} INFO - [2026-04-21T07:09:41.766+0000] {dagbag.py:538} INFO - Filling up the DagBag from /home/airflow/.local/lib/python3.8/site-packages/airflow/example_dags/example_sensors.py
[2026-04-21T07:09:41.773+0000] {processor.py:840} INFO - DAG(s) 'example_sensors' retrieved from /home/airflow/.local/lib/python3.8/site-packages/airflow/example_dags/example_sensors.py
[2026-04-21T07:09:41.792+0000] {logging_mixin.py:188} INFO - [2026-04-21T07:09:41.792+0000] {dag.py:3036} INFO - Sync 1 DAGs
[2026-04-21T07:09:41.801+0000] {logging_mixin.py:188} INFO - [2026-04-21T07:09:41.801+0000] {dag.py:3823} INFO - Setting next_dagrun for example_sensors to None, run_after=None
[2026-04-21T07:09:41.814+0000] {processor.py:183} INFO - Processing /home/airflow/.local/lib/python3.8/site-packages/airflow/example_dags/example_sensors.py took 0.051 seconds
[2026-04-21T07:10:11.903+0000] {processor.py:161} INFO - Started process (PID=13695) to work on /home/airflow/.local/lib/python3.8/site-packages/airflow/example_dags/example_sensors.py
[2026-04-21T07:10:11.903+0000] {processor.py:830} INFO - Processing file /home/airflow/.local/lib/python3.8/site-packages/airflow/example_dags/example_sensors.py for tasks to queue
[2026-04-21T07:10:11.904+0000] {logging_mixin.py:188} INFO - [2026-04-21T07:10:11.904+0000] {dagbag.py:538} INFO - Filling up the DagBag from /home/airflow/.local/lib/python3.8/site-packages/airflow/example_dags/example_sensors.py
[2026-04-21T07:10:11.911+0000] {processor.py:840} INFO - DAG(s) 'example_sensors' retrieved from /home/airflow/.local/lib/python3.8/site-packages/airflow/example_dags/example_sensors.py
[2026-04-21T07:10:11.929+0000] {logging_mixin.py:188} INFO - [2026-04-21T07:10:11.928+0000] {dag.py:3036} INFO - Sync 1 DAGs
[2026-04-21T07:10:11.938+0000] {logging_mixin.py:188} INFO - [2026-04-21T07:10:11.938+0000] {dag.py:3823} INFO - Setting next_dagrun for example_sensors to None, run_after=None
[2026-04-21T07:10:11.950+0000] {processor.py:183} INFO - Processing /home/airflow/.local/lib/python3.8/site-packages/airflow/example_dags/example_sensors.py took 0.049 seconds
[2026-04-21T07:10:42.026+0000] {processor.py:161} INFO - Started process (PID=13750) to work on /home/airflow/.local/lib/python3.8/site-packages/airflow/example_dags/example_sensors.py
[2026-04-21T07:10:42.027+0000] {processor.py:830} INFO - Processing file /home/airflow/.local/lib/python3.8/site-packages/airflow/example_dags/example_sensors.py for tasks to queue
[2026-04-21T07:10:42.028+0000] {logging_mixin.py:188} INFO - [2026-04-21T07:10:42.027+0000] {dagbag.py:538} INFO - Filling up the DagBag from /home/airflow/.local/lib/python3.8/site-packages/airflow/example_dags/example_sensors.py
[2026-04-21T07:10:42.035+0000] {processor.py:840} INFO - DAG(s) 'example_sensors' retrieved from /home/airflow/.local/lib/python3.8/site-packages/airflow/example_dags/example_sensors.py
[2026-04-21T07:10:42.051+0000] {logging_mixin.py:188} INFO - [2026-04-21T07:10:42.051+0000] {dag.py:3036} INFO - Sync 1 DAGs
[2026-04-21T07:10:42.059+0000] {logging_mixin.py:188} INFO - [2026-04-21T07:10:42.058+0000] {dag.py:3823} INFO - Setting next_dagrun for example_sensors to None, run_after=None
[2026-04-21T07:10:42.068+0000] {processor.py:183} INFO - Processing /home/airflow/.local/lib/python3.8/site-packages/airflow/example_dags/example_sensors.py took 0.045 seconds
[2026-04-21T07:11:12.149+0000] {processor.py:161} INFO - Started process (PID=13805) to work on /home/airflow/.local/lib/python3.8/site-packages/airflow/example_dags/example_sensors.py
[2026-04-21T07:11:12.150+0000] {processor.py:830} INFO - Processing file /home/airflow/.local/lib/python3.8/site-packages/airflow/example_dags/example_sensors.py for tasks to queue
[2026-04-21T07:11:12.151+0000] {logging_mixin.py:188} INFO - [2026-04-21T07:11:12.150+0000] {dagbag.py:538} INFO - Filling up the DagBag from /home/airflow/.local/lib/python3.8/site-packages/airflow/example_dags/example_sensors.py
[2026-04-21T07:11:12.157+0000] {processor.py:840} INFO - DAG(s) 'example_sensors' retrieved from /home/airflow/.local/lib/python3.8/site-packages/airflow/example_dags/example_sensors.py
[2026-04-21T07:11:12.173+0000] {logging_mixin.py:188} INFO - [2026-04-21T07:11:12.173+0000] {dag.py:3036} INFO - Sync 1 DAGs
[2026-04-21T07:11:12.181+0000] {logging_mixin.py:188} INFO - [2026-04-21T07:11:12.181+0000] {dag.py:3823} INFO - Setting next_dagrun for example_sensors to None, run_after=None
[2026-04-21T07:11:12.191+0000] {processor.py:183} INFO - Processing /home/airflow/.local/lib/python3.8/site-packages/airflow/example_dags/example_sensors.py took 0.044 seconds
[2026-04-21T07:11:42.290+0000] {processor.py:161} INFO - Started process (PID=13860) to work on /home/airflow/.local/lib/python3.8/site-packages/airflow/example_dags/example_sensors.py
[2026-04-21T07:11:42.291+0000] {processor.py:830} INFO - Processing file /home/airflow/.local/lib/python3.8/site-packages/airflow/example_dags/example_sensors.py for tasks to queue
[2026-04-21T07:11:42.291+0000] {logging_mixin.py:188} INFO - [2026-04-21T07:11:42.291+0000] {dagbag.py:538} INFO - Filling up the DagBag from /home/airflow/.local/lib/python3.8/site-packages/airflow/example_dags/example_sensors.py
[2026-04-21T07:11:42.298+0000] {processor.py:840} INFO - DAG(s) 'example_sensors' retrieved from /home/airflow/.local/lib/python3.8/site-packages/airflow/example_dags/example_sensors.py
[2026-04-21T07:11:42.313+0000] {logging_mixin.py:188} INFO - [2026-04-21T07:11:42.313+0000] {dag.py:3036} INFO - Sync 1 DAGs
[2026-04-21T07:11:42.321+0000] {logging_mixin.py:188} INFO - [2026-04-21T07:11:42.321+0000] {dag.py:3823} INFO - Setting next_dagrun for example_sensors to None, run_after=None
[2026-04-21T07:11:42.330+0000] {processor.py:183} INFO - Processing /home/airflow/.local/lib/python3.8/site-packages/airflow/example_dags/example_sensors.py took 0.042 seconds
[2026-04-21T07:12:12.463+0000] {processor.py:161} INFO - Started process (PID=13915) to work on /home/airflow/.local/lib/python3.8/site-packages/airflow/example_dags/example_sensors.py
[2026-04-21T07:12:12.463+0000] {processor.py:830} INFO - Processing file /home/airflow/.local/lib/python3.8/site-packages/airflow/example_dags/example_sensors.py for tasks to queue
[2026-04-21T07:12:12.464+0000] {logging_mixin.py:188} INFO - [2026-04-21T07:12:12.464+0000] {dagbag.py:538} INFO - Filling up the DagBag from /home/airflow/.local/lib/python3.8/site-packages/airflow/example_dags/example_sensors.py
[2026-04-21T07:12:12.470+0000] {processor.py:840} INFO - DAG(s) 'example_sensors' retrieved from /home/airflow/.local/lib/python3.8/site-packages/airflow/example_dags/example_sensors.py
[2026-04-21T07:12:12.486+0000] {logging_mixin.py:188} INFO - [2026-04-21T07:12:12.486+0000] {dag.py:3036} INFO - Sync 1 DAGs
[2026-04-21T07:12:12.494+0000] {logging_mixin.py:188} INFO - [2026-04-21T07:12:12.494+0000] {dag.py:3823} INFO - Setting next_dagrun for example_sensors to None, run_after=None
[2026-04-21T07:12:12.503+0000] {processor.py:183} INFO - Processing /home/airflow/.local/lib/python3.8/site-packages/airflow/example_dags/example_sensors.py took 0.043 seconds
[2026-04-21T07:12:43.092+0000] {processor.py:161} INFO - Started process (PID=13970) to work on /home/airflow/.local/lib/python3.8/site-packages/airflow/example_dags/example_sensors.py
[2026-04-21T07:12:43.093+0000] {processor.py:830} INFO - Processing file /home/airflow/.local/lib/python3.8/site-packages/airflow/example_dags/example_sensors.py for tasks to queue
[2026-04-21T07:12:43.094+0000] {logging_mixin.py:188} INFO - [2026-04-21T07:12:43.093+0000] {dagbag.py:538} INFO - Filling up the DagBag from /home/airflow/.local/lib/python3.8/site-packages/airflow/example_dags/example_sensors.py
[2026-04-21T07:12:43.100+0000] {processor.py:840} INFO - DAG(s) 'example_sensors' retrieved from /home/airflow/.local/lib/python3.8/site-packages/airflow/example_dags/example_sensors.py
[2026-04-21T07:12:43.116+0000] {logging_mixin.py:188} INFO - [2026-04-21T07:12:43.116+0000] {dag.py:3036} INFO - Sync 1 DAGs
[2026-04-21T07:12:43.125+0000] {logging_mixin.py:188} INFO - [2026-04-21T07:12:43.125+0000] {dag.py:3823} INFO - Setting next_dagrun for example_sensors to None, run_after=None
[2026-04-21T07:12:43.135+0000] {processor.py:183} INFO - Processing /home/airflow/.local/lib/python3.8/site-packages/airflow/example_dags/example_sensors.py took 0.045 seconds
[2026-04-21T07:13:13.678+0000] {processor.py:161} INFO - Started process (PID=14025) to work on /home/airflow/.local/lib/python3.8/site-packages/airflow/example_dags/example_sensors.py
[2026-04-21T07:13:13.679+0000] {processor.py:830} INFO - Processing file /home/airflow/.local/lib/python3.8/site-packages/airflow/example_dags/example_sensors.py for tasks to queue
[2026-04-21T07:13:13.679+0000] {logging_mixin.py:188} INFO - [2026-04-21T07:13:13.679+0000] {dagbag.py:538} INFO - Filling up the DagBag from /home/airflow/.local/lib/python3.8/site-packages/airflow/example_dags/example_sensors.py
[2026-04-21T07:13:13.685+0000] {processor.py:840} INFO - DAG(s) 'example_sensors' retrieved from /home/airflow/.local/lib/python3.8/site-packages/airflow/example_dags/example_sensors.py
[2026-04-21T07:13:13.701+0000] {logging_mixin.py:188} INFO - [2026-04-21T07:13:13.701+0000] {dag.py:3036} INFO - Sync 1 DAGs
[2026-04-21T07:13:13.709+0000] {logging_mixin.py:188} INFO - [2026-04-21T07:13:13.709+0000] {dag.py:3823} INFO - Setting next_dagrun for example_sensors to None, run_after=None
[2026-04-21T07:13:13.718+0000] {processor.py:183} INFO - Processing /home/airflow/.local/lib/python3.8/site-packages/airflow/example_dags/example_sensors.py took 0.043 seconds
[2026-04-21T07:13:44.295+0000] {processor.py:161} INFO - Started process (PID=14080) to work on /home/airflow/.local/lib/python3.8/site-packages/airflow/example_dags/example_sensors.py
[2026-04-21T07:13:44.296+0000] {processor.py:830} INFO - Processing file /home/airflow/.local/lib/python3.8/site-packages/airflow/example_dags/example_sensors.py for tasks to queue
[2026-04-21T07:13:44.296+0000] {logging_mixin.py:188} INFO - [2026-04-21T07:13:44.296+0000] {dagbag.py:538} INFO - Filling up the DagBag from /home/airflow/.local/lib/python3.8/site-packages/airflow/example_dags/example_sensors.py
[2026-04-21T07:13:44.302+0000] {processor.py:840} INFO - DAG(s) 'example_sensors' retrieved from /home/airflow/.local/lib/python3.8/site-packages/airflow/example_dags/example_sensors.py
[2026-04-21T07:13:44.318+0000] {logging_mixin.py:188} INFO - [2026-04-21T07:13:44.318+0000] {dag.py:3036} INFO - Sync 1 DAGs
[2026-04-21T07:13:44.326+0000] {logging_mixin.py:188} INFO - [2026-04-21T07:13:44.326+0000] {dag.py:3823} INFO - Setting next_dagrun for example_sensors to None, run_after=None
[2026-04-21T07:13:44.336+0000] {processor.py:183} INFO - Processing /home/airflow/.local/lib/python3.8/site-packages/airflow/example_dags/example_sensors.py took 0.043 seconds
[2026-04-21T07:14:14.956+0000] {processor.py:161} INFO - Started process (PID=14135) to work on /home/airflow/.local/lib/python3.8/site-packages/airflow/example_dags/example_sensors.py
[2026-04-21T07:14:14.957+0000] {processor.py:830} INFO - Processing file /home/airflow/.local/lib/python3.8/site-packages/airflow/example_dags/example_sensors.py for tasks to queue
[2026-04-21T07:14:14.957+0000] {logging_mixin.py:188} INFO - [2026-04-21T07:14:14.957+0000] {dagbag.py:538} INFO - Filling up the DagBag from /home/airflow/.local/lib/python3.8/site-packages/airflow/example_dags/example_sensors.py
[2026-04-21T07:14:14.964+0000] {processor.py:840} INFO - DAG(s) 'example_sensors' retrieved from /home/airflow/.local/lib/python3.8/site-packages/airflow/example_dags/example_sensors.py
[2026-04-21T07:14:14.980+0000] {logging_mixin.py:188} INFO - [2026-04-21T07:14:14.980+0000] {dag.py:3036} INFO - Sync 1 DAGs
[2026-04-21T07:14:14.987+0000] {logging_mixin.py:188} INFO - [2026-04-21T07:14:14.987+0000] {dag.py:3823} INFO - Setting next_dagrun for example_sensors to None, run_after=None
[2026-04-21T07:14:14.997+0000] {processor.py:183} INFO - Processing /home/airflow/.local/lib/python3.8/site-packages/airflow/example_dags/example_sensors.py took 0.043 seconds
[2026-04-21T07:14:45.620+0000] {processor.py:161} INFO - Started process (PID=14190) to work on /home/airflow/.local/lib/python3.8/site-packages/airflow/example_dags/example_sensors.py
[2026-04-21T07:14:45.620+0000] {processor.py:830} INFO - Processing file /home/airflow/.local/lib/python3.8/site-packages/airflow/example_dags/example_sensors.py for tasks to queue
[2026-04-21T07:14:45.621+0000] {logging_mixin.py:188} INFO - [2026-04-21T07:14:45.621+0000] {dagbag.py:538} INFO - Filling up the DagBag from /home/airflow/.local/lib/python3.8/site-packages/airflow/example_dags/example_sensors.py
[2026-04-21T07:14:45.627+0000] {processor.py:840} INFO - DAG(s) 'example_sensors' retrieved from /home/airflow/.local/lib/python3.8/site-packages/airflow/example_dags/example_sensors.py
[2026-04-21T07:14:45.644+0000] {logging_mixin.py:188} INFO - [2026-04-21T07:14:45.644+0000] {dag.py:3036} INFO - Sync 1 DAGs
[2026-04-21T07:14:45.652+0000] {logging_mixin.py:188} INFO - [2026-04-21T07:14:45.652+0000] {dag.py:3823} INFO - Setting next_dagrun for example_sensors to None, run_after=None
[2026-04-21T07:14:45.661+0000] {processor.py:183} INFO - Processing /home/airflow/.local/lib/python3.8/site-packages/airflow/example_dags/example_sensors.py took 0.044 seconds
[2026-04-21T07:15:15.824+0000] {processor.py:161} INFO - Started process (PID=14245) to work on /home/airflow/.local/lib/python3.8/site-packages/airflow/example_dags/example_sensors.py
[2026-04-21T07:15:15.824+0000] {processor.py:830} INFO - Processing file /home/airflow/.local/lib/python3.8/site-packages/airflow/example_dags/example_sensors.py for tasks to queue
[2026-04-21T07:15:15.825+0000] {logging_mixin.py:188} INFO - [2026-04-21T07:15:15.825+0000] {dagbag.py:538} INFO - Filling up the DagBag from /home/airflow/.local/lib/python3.8/site-packages/airflow/example_dags/example_sensors.py
[2026-04-21T07:15:15.831+0000] {processor.py:840} INFO - DAG(s) 'example_sensors' retrieved from /home/airflow/.local/lib/python3.8/site-packages/airflow/example_dags/example_sensors.py
[2026-04-21T07:15:15.847+0000] {logging_mixin.py:188} INFO - [2026-04-21T07:15:15.847+0000] {dag.py:3036} INFO - Sync 1 DAGs
[2026-04-21T07:15:15.855+0000] {logging_mixin.py:188} INFO - [2026-04-21T07:15:15.855+0000] {dag.py:3823} INFO - Setting next_dagrun for example_sensors to None, run_after=None
[2026-04-21T07:15:15.865+0000] {processor.py:183} INFO - Processing /home/airflow/.local/lib/python3.8/site-packages/airflow/example_dags/example_sensors.py took 0.043 seconds
[2026-04-21T07:15:46.452+0000] {processor.py:161} INFO - Started process (PID=14300) to work on /home/airflow/.local/lib/python3.8/site-packages/airflow/example_dags/example_sensors.py
[2026-04-21T07:15:46.453+0000] {processor.py:830} INFO - Processing file /home/airflow/.local/lib/python3.8/site-packages/airflow/example_dags/example_sensors.py for tasks to queue
[2026-04-21T07:15:46.454+0000] {logging_mixin.py:188} INFO - [2026-04-21T07:15:46.453+0000] {dagbag.py:538} INFO - Filling up the DagBag from /home/airflow/.local/lib/python3.8/site-packages/airflow/example_dags/example_sensors.py
[2026-04-21T07:15:46.461+0000] {processor.py:840} INFO - DAG(s) 'example_sensors' retrieved from /home/airflow/.local/lib/python3.8/site-packages/airflow/example_dags/example_sensors.py
[2026-04-21T07:15:46.480+0000] {logging_mixin.py:188} INFO - [2026-04-21T07:15:46.480+0000] {dag.py:3036} INFO - Sync 1 DAGs
[2026-04-21T07:15:46.488+0000] {logging_mixin.py:188} INFO - [2026-04-21T07:15:46.488+0000] {dag.py:3823} INFO - Setting next_dagrun for example_sensors to None, run_after=None
[2026-04-21T07:15:46.500+0000] {processor.py:183} INFO - Processing /home/airflow/.local/lib/python3.8/site-packages/airflow/example_dags/example_sensors.py took 0.051 seconds
[2026-04-21T07:16:17.211+0000] {processor.py:161} INFO - Started process (PID=14355) to work on /home/airflow/.local/lib/python3.8/site-packages/airflow/example_dags/example_sensors.py
[2026-04-21T07:16:17.212+0000] {processor.py:830} INFO - Processing file /home/airflow/.local/lib/python3.8/site-packages/airflow/example_dags/example_sensors.py for tasks to queue
[2026-04-21T07:16:17.212+0000] {logging_mixin.py:188} INFO - [2026-04-21T07:16:17.212+0000] {dagbag.py:538} INFO - Filling up the DagBag from /home/airflow/.local/lib/python3.8/site-packages/airflow/example_dags/example_sensors.py
[2026-04-21T07:16:17.220+0000] {processor.py:840} INFO - DAG(s) 'example_sensors' retrieved from /home/airflow/.local/lib/python3.8/site-packages/airflow/example_dags/example_sensors.py
[2026-04-21T07:16:17.239+0000] {logging_mixin.py:188} INFO - [2026-04-21T07:16:17.239+0000] {dag.py:3036} INFO - Sync 1 DAGs
[2026-04-21T07:16:17.250+0000] {logging_mixin.py:188} INFO - [2026-04-21T07:16:17.249+0000] {dag.py:3823} INFO - Setting next_dagrun for example_sensors to None, run_after=None
[2026-04-21T07:16:17.264+0000] {processor.py:183} INFO - Processing /home/airflow/.local/lib/python3.8/site-packages/airflow/example_dags/example_sensors.py took 0.056 seconds
[2026-04-21T07:16:47.335+0000] {processor.py:161} INFO - Started process (PID=14410) to work on /home/airflow/.local/lib/python3.8/site-packages/airflow/example_dags/example_sensors.py
[2026-04-21T07:16:47.336+0000] {processor.py:830} INFO - Processing file /home/airflow/.local/lib/python3.8/site-packages/airflow/example_dags/example_sensors.py for tasks to queue
[2026-04-21T07:16:47.336+0000] {logging_mixin.py:188} INFO - [2026-04-21T07:16:47.336+0000] {dagbag.py:538} INFO - Filling up the DagBag from /home/airflow/.local/lib/python3.8/site-packages/airflow/example_dags/example_sensors.py
[2026-04-21T07:16:47.343+0000] {processor.py:840} INFO - DAG(s) 'example_sensors' retrieved from /home/airflow/.local/lib/python3.8/site-packages/airflow/example_dags/example_sensors.py
[2026-04-21T07:16:47.360+0000] {logging_mixin.py:188} INFO - [2026-04-21T07:16:47.360+0000] {dag.py:3036} INFO - Sync 1 DAGs
[2026-04-21T07:16:47.369+0000] {logging_mixin.py:188} INFO - [2026-04-21T07:16:47.369+0000] {dag.py:3823} INFO - Setting next_dagrun for example_sensors to None, run_after=None
[2026-04-21T07:16:47.380+0000] {processor.py:183} INFO - Processing /home/airflow/.local/lib/python3.8/site-packages/airflow/example_dags/example_sensors.py took 0.047 seconds
[2026-04-21T07:17:17.439+0000] {processor.py:161} INFO - Started process (PID=14465) to work on /home/airflow/.local/lib/python3.8/site-packages/airflow/example_dags/example_sensors.py
[2026-04-21T07:17:17.440+0000] {processor.py:830} INFO - Processing file /home/airflow/.local/lib/python3.8/site-packages/airflow/example_dags/example_sensors.py for tasks to queue
[2026-04-21T07:17:17.441+0000] {logging_mixin.py:188} INFO - [2026-04-21T07:17:17.440+0000] {dagbag.py:538} INFO - Filling up the DagBag from /home/airflow/.local/lib/python3.8/site-packages/airflow/example_dags/example_sensors.py
[2026-04-21T07:17:17.447+0000] {processor.py:840} INFO - DAG(s) 'example_sensors' retrieved from /home/airflow/.local/lib/python3.8/site-packages/airflow/example_dags/example_sensors.py
[2026-04-21T07:17:17.464+0000] {logging_mixin.py:188} INFO - [2026-04-21T07:17:17.464+0000] {dag.py:3036} INFO - Sync 1 DAGs
[2026-04-21T07:17:17.472+0000] {logging_mixin.py:188} INFO - [2026-04-21T07:17:17.472+0000] {dag.py:3823} INFO - Setting next_dagrun for example_sensors to None, run_after=None
[2026-04-21T07:17:17.481+0000] {processor.py:183} INFO - Processing /home/airflow/.local/lib/python3.8/site-packages/airflow/example_dags/example_sensors.py took 0.044 seconds
[2026-04-21T07:17:48.131+0000] {processor.py:161} INFO - Started process (PID=14520) to work on /home/airflow/.local/lib/python3.8/site-packages/airflow/example_dags/example_sensors.py
[2026-04-21T07:17:48.132+0000] {processor.py:830} INFO - Processing file /home/airflow/.local/lib/python3.8/site-packages/airflow/example_dags/example_sensors.py for tasks to queue
[2026-04-21T07:17:48.132+0000] {logging_mixin.py:188} INFO - [2026-04-21T07:17:48.132+0000] {dagbag.py:538} INFO - Filling up the DagBag from /home/airflow/.local/lib/python3.8/site-packages/airflow/example_dags/example_sensors.py
[2026-04-21T07:17:48.139+0000] {processor.py:840} INFO - DAG(s) 'example_sensors' retrieved from /home/airflow/.local/lib/python3.8/site-packages/airflow/example_dags/example_sensors.py
[2026-04-21T07:17:48.155+0000] {logging_mixin.py:188} INFO - [2026-04-21T07:17:48.155+0000] {dag.py:3036} INFO - Sync 1 DAGs
[2026-04-21T07:17:48.163+0000] {logging_mixin.py:188} INFO - [2026-04-21T07:17:48.163+0000] {dag.py:3823} INFO - Setting next_dagrun for example_sensors to None, run_after=None
[2026-04-21T07:17:48.172+0000] {processor.py:183} INFO - Processing /home/airflow/.local/lib/python3.8/site-packages/airflow/example_dags/example_sensors.py took 0.044 seconds
[2026-04-21T07:18:18.719+0000] {processor.py:161} INFO - Started process (PID=14575) to work on /home/airflow/.local/lib/python3.8/site-packages/airflow/example_dags/example_sensors.py
[2026-04-21T07:18:18.720+0000] {processor.py:830} INFO - Processing file /home/airflow/.local/lib/python3.8/site-packages/airflow/example_dags/example_sensors.py for tasks to queue
[2026-04-21T07:18:18.720+0000] {logging_mixin.py:188} INFO - [2026-04-21T07:18:18.720+0000] {dagbag.py:538} INFO - Filling up the DagBag from /home/airflow/.local/lib/python3.8/site-packages/airflow/example_dags/example_sensors.py
[2026-04-21T07:18:18.727+0000] {processor.py:840} INFO - DAG(s) 'example_sensors' retrieved from /home/airflow/.local/lib/python3.8/site-packages/airflow/example_dags/example_sensors.py
[2026-04-21T07:18:18.744+0000] {logging_mixin.py:188} INFO - [2026-04-21T07:18:18.743+0000] {dag.py:3036} INFO - Sync 1 DAGs
[2026-04-21T07:18:18.751+0000] {logging_mixin.py:188} INFO - [2026-04-21T07:18:18.751+0000] {dag.py:3823} INFO - Setting next_dagrun for example_sensors to None, run_after=None
[2026-04-21T07:18:18.761+0000] {processor.py:183} INFO - Processing /home/airflow/.local/lib/python3.8/site-packages/airflow/example_dags/example_sensors.py took 0.044 seconds
[2026-04-21T07:18:49.325+0000] {processor.py:161} INFO - Started process (PID=14630) to work on /home/airflow/.local/lib/python3.8/site-packages/airflow/example_dags/example_sensors.py
[2026-04-21T07:18:49.326+0000] {processor.py:830} INFO - Processing file /home/airflow/.local/lib/python3.8/site-packages/airflow/example_dags/example_sensors.py for tasks to queue
[2026-04-21T07:18:49.327+0000] {logging_mixin.py:188} INFO - [2026-04-21T07:18:49.326+0000] {dagbag.py:538} INFO - Filling up the DagBag from /home/airflow/.local/lib/python3.8/site-packages/airflow/example_dags/example_sensors.py
[2026-04-21T07:18:49.333+0000] {processor.py:840} INFO - DAG(s) 'example_sensors' retrieved from /home/airflow/.local/lib/python3.8/site-packages/airflow/example_dags/example_sensors.py
[2026-04-21T07:18:49.352+0000] {logging_mixin.py:188} INFO - [2026-04-21T07:18:49.352+0000] {dag.py:3036} INFO - Sync 1 DAGs
[2026-04-21T07:18:49.361+0000] {logging_mixin.py:188} INFO - [2026-04-21T07:18:49.361+0000] {dag.py:3823} INFO - Setting next_dagrun for example_sensors to None, run_after=None
[2026-04-21T07:18:49.374+0000] {processor.py:183} INFO - Processing /home/airflow/.local/lib/python3.8/site-packages/airflow/example_dags/example_sensors.py took 0.051 seconds
[2026-04-21T07:19:19.939+0000] {processor.py:161} INFO - Started process (PID=14685) to work on /home/airflow/.local/lib/python3.8/site-packages/airflow/example_dags/example_sensors.py
[2026-04-21T07:19:19.940+0000] {processor.py:830} INFO - Processing file /home/airflow/.local/lib/python3.8/site-packages/airflow/example_dags/example_sensors.py for tasks to queue
[2026-04-21T07:19:19.940+0000] {logging_mixin.py:188} INFO - [2026-04-21T07:19:19.940+0000] {dagbag.py:538} INFO - Filling up the DagBag from /home/airflow/.local/lib/python3.8/site-packages/airflow/example_dags/example_sensors.py
[2026-04-21T07:19:19.947+0000] {processor.py:840} INFO - DAG(s) 'example_sensors' retrieved from /home/airflow/.local/lib/python3.8/site-packages/airflow/example_dags/example_sensors.py
[2026-04-21T07:19:19.964+0000] {logging_mixin.py:188} INFO - [2026-04-21T07:19:19.963+0000] {dag.py:3036} INFO - Sync 1 DAGs
[2026-04-21T07:19:19.972+0000] {logging_mixin.py:188} INFO - [2026-04-21T07:19:19.971+0000] {dag.py:3823} INFO - Setting next_dagrun for example_sensors to None, run_after=None
[2026-04-21T07:19:19.981+0000] {processor.py:183} INFO - Processing /home/airflow/.local/lib/python3.8/site-packages/airflow/example_dags/example_sensors.py took 0.045 seconds
[2026-04-21T07:19:50.478+0000] {processor.py:161} INFO - Started process (PID=14740) to work on /home/airflow/.local/lib/python3.8/site-packages/airflow/example_dags/example_sensors.py
[2026-04-21T07:19:50.478+0000] {processor.py:830} INFO - Processing file /home/airflow/.local/lib/python3.8/site-packages/airflow/example_dags/example_sensors.py for tasks to queue
[2026-04-21T07:19:50.479+0000] {logging_mixin.py:188} INFO - [2026-04-21T07:19:50.479+0000] {dagbag.py:538} INFO - Filling up the DagBag from /home/airflow/.local/lib/python3.8/site-packages/airflow/example_dags/example_sensors.py
[2026-04-21T07:19:50.485+0000] {processor.py:840} INFO - DAG(s) 'example_sensors' retrieved from /home/airflow/.local/lib/python3.8/site-packages/airflow/example_dags/example_sensors.py
[2026-04-21T07:19:50.501+0000] {logging_mixin.py:188} INFO - [2026-04-21T07:19:50.501+0000] {dag.py:3036} INFO - Sync 1 DAGs
[2026-04-21T07:19:50.509+0000] {logging_mixin.py:188} INFO - [2026-04-21T07:19:50.509+0000] {dag.py:3823} INFO - Setting next_dagrun for example_sensors to None, run_after=None
[2026-04-21T07:19:50.519+0000] {processor.py:183} INFO - Processing /home/airflow/.local/lib/python3.8/site-packages/airflow/example_dags/example_sensors.py took 0.044 seconds
[2026-04-21T07:20:21.089+0000] {processor.py:161} INFO - Started process (PID=14795) to work on /home/airflow/.local/lib/python3.8/site-packages/airflow/example_dags/example_sensors.py
[2026-04-21T07:20:21.090+0000] {processor.py:830} INFO - Processing file /home/airflow/.local/lib/python3.8/site-packages/airflow/example_dags/example_sensors.py for tasks to queue
[2026-04-21T07:20:21.091+0000] {logging_mixin.py:188} INFO - [2026-04-21T07:20:21.091+0000] {dagbag.py:538} INFO - Filling up the DagBag from /home/airflow/.local/lib/python3.8/site-packages/airflow/example_dags/example_sensors.py
[2026-04-21T07:20:21.099+0000] {processor.py:840} INFO - DAG(s) 'example_sensors' retrieved from /home/airflow/.local/lib/python3.8/site-packages/airflow/example_dags/example_sensors.py
[2026-04-21T07:20:21.121+0000] {logging_mixin.py:188} INFO - [2026-04-21T07:20:21.121+0000] {dag.py:3036} INFO - Sync 1 DAGs
[2026-04-21T07:20:21.130+0000] {logging_mixin.py:188} INFO - [2026-04-21T07:20:21.130+0000] {dag.py:3823} INFO - Setting next_dagrun for example_sensors to None, run_after=None
[2026-04-21T07:20:21.143+0000] {processor.py:183} INFO - Processing /home/airflow/.local/lib/python3.8/site-packages/airflow/example_dags/example_sensors.py took 0.057 seconds
[2026-04-21T07:20:51.834+0000] {processor.py:161} INFO - Started process (PID=14850) to work on /home/airflow/.local/lib/python3.8/site-packages/airflow/example_dags/example_sensors.py
[2026-04-21T07:20:51.835+0000] {processor.py:830} INFO - Processing file /home/airflow/.local/lib/python3.8/site-packages/airflow/example_dags/example_sensors.py for tasks to queue
[2026-04-21T07:20:51.835+0000] {logging_mixin.py:188} INFO - [2026-04-21T07:20:51.835+0000] {dagbag.py:538} INFO - Filling up the DagBag from /home/airflow/.local/lib/python3.8/site-packages/airflow/example_dags/example_sensors.py
[2026-04-21T07:20:51.842+0000] {processor.py:840} INFO - DAG(s) 'example_sensors' retrieved from /home/airflow/.local/lib/python3.8/site-packages/airflow/example_dags/example_sensors.py
[2026-04-21T07:20:51.858+0000] {logging_mixin.py:188} INFO - [2026-04-21T07:20:51.858+0000] {dag.py:3036} INFO - Sync 1 DAGs
[2026-04-21T07:20:51.865+0000] {logging_mixin.py:188} INFO - [2026-04-21T07:20:51.865+0000] {dag.py:3823} INFO - Setting next_dagrun for example_sensors to None, run_after=None
[2026-04-21T07:20:51.876+0000] {processor.py:183} INFO - Processing /home/airflow/.local/lib/python3.8/site-packages/airflow/example_dags/example_sensors.py took 0.044 seconds
[2026-04-21T07:21:22.388+0000] {processor.py:161} INFO - Started process (PID=14905) to work on /home/airflow/.local/lib/python3.8/site-packages/airflow/example_dags/example_sensors.py
[2026-04-21T07:21:22.389+0000] {processor.py:830} INFO - Processing file /home/airflow/.local/lib/python3.8/site-packages/airflow/example_dags/example_sensors.py for tasks to queue
[2026-04-21T07:21:22.389+0000] {logging_mixin.py:188} INFO - [2026-04-21T07:21:22.389+0000] {dagbag.py:538} INFO - Filling up the DagBag from /home/airflow/.local/lib/python3.8/site-packages/airflow/example_dags/example_sensors.py
[2026-04-21T07:21:22.396+0000] {processor.py:840} INFO - DAG(s) 'example_sensors' retrieved from /home/airflow/.local/lib/python3.8/site-packages/airflow/example_dags/example_sensors.py
[2026-04-21T07:21:22.412+0000] {logging_mixin.py:188} INFO - [2026-04-21T07:21:22.412+0000] {dag.py:3036} INFO - Sync 1 DAGs
[2026-04-21T07:21:22.420+0000] {logging_mixin.py:188} INFO - [2026-04-21T07:21:22.420+0000] {dag.py:3823} INFO - Setting next_dagrun for example_sensors to None, run_after=None
[2026-04-21T07:21:22.430+0000] {processor.py:183} INFO - Processing /home/airflow/.local/lib/python3.8/site-packages/airflow/example_dags/example_sensors.py took 0.044 seconds
[2026-04-21T07:21:52.940+0000] {processor.py:161} INFO - Started process (PID=14960) to work on /home/airflow/.local/lib/python3.8/site-packages/airflow/example_dags/example_sensors.py
[2026-04-21T07:21:52.941+0000] {processor.py:830} INFO - Processing file /home/airflow/.local/lib/python3.8/site-packages/airflow/example_dags/example_sensors.py for tasks to queue
[2026-04-21T07:21:52.941+0000] {logging_mixin.py:188} INFO - [2026-04-21T07:21:52.941+0000] {dagbag.py:538} INFO - Filling up the DagBag from /home/airflow/.local/lib/python3.8/site-packages/airflow/example_dags/example_sensors.py
[2026-04-21T07:21:52.948+0000] {processor.py:840} INFO - DAG(s) 'example_sensors' retrieved from /home/airflow/.local/lib/python3.8/site-packages/airflow/example_dags/example_sensors.py
[2026-04-21T07:21:52.964+0000] {logging_mixin.py:188} INFO - [2026-04-21T07:21:52.964+0000] {dag.py:3036} INFO - Sync 1 DAGs
[2026-04-21T07:21:52.973+0000] {logging_mixin.py:188} INFO - [2026-04-21T07:21:52.973+0000] {dag.py:3823} INFO - Setting next_dagrun for example_sensors to None, run_after=None
[2026-04-21T07:21:52.983+0000] {processor.py:183} INFO - Processing /home/airflow/.local/lib/python3.8/site-packages/airflow/example_dags/example_sensors.py took 0.045 seconds
[2026-04-21T07:22:23.610+0000] {processor.py:161} INFO - Started process (PID=15015) to work on /home/airflow/.local/lib/python3.8/site-packages/airflow/example_dags/example_sensors.py
[2026-04-21T07:22:23.611+0000] {processor.py:830} INFO - Processing file /home/airflow/.local/lib/python3.8/site-packages/airflow/example_dags/example_sensors.py for tasks to queue
[2026-04-21T07:22:23.611+0000] {logging_mixin.py:188} INFO - [2026-04-21T07:22:23.611+0000] {dagbag.py:538} INFO - Filling up the DagBag from /home/airflow/.local/lib/python3.8/site-packages/airflow/example_dags/example_sensors.py
[2026-04-21T07:22:23.619+0000] {processor.py:840} INFO - DAG(s) 'example_sensors' retrieved from /home/airflow/.local/lib/python3.8/site-packages/airflow/example_dags/example_sensors.py
[2026-04-21T07:22:23.638+0000] {logging_mixin.py:188} INFO - [2026-04-21T07:22:23.637+0000] {dag.py:3036} INFO - Sync 1 DAGs
[2026-04-21T07:22:23.647+0000] {logging_mixin.py:188} INFO - [2026-04-21T07:22:23.647+0000] {dag.py:3823} INFO - Setting next_dagrun for example_sensors to None, run_after=None
[2026-04-21T07:22:23.659+0000] {processor.py:183} INFO - Processing /home/airflow/.local/lib/python3.8/site-packages/airflow/example_dags/example_sensors.py took 0.052 seconds
[2026-04-21T07:22:54.204+0000] {processor.py:161} INFO - Started process (PID=15070) to work on /home/airflow/.local/lib/python3.8/site-packages/airflow/example_dags/example_sensors.py
[2026-04-21T07:22:54.205+0000] {processor.py:830} INFO - Processing file /home/airflow/.local/lib/python3.8/site-packages/airflow/example_dags/example_sensors.py for tasks to queue
[2026-04-21T07:22:54.205+0000] {logging_mixin.py:188} INFO - [2026-04-21T07:22:54.205+0000] {dagbag.py:538} INFO - Filling up the DagBag from /home/airflow/.local/lib/python3.8/site-packages/airflow/example_dags/example_sensors.py
[2026-04-21T07:22:54.213+0000] {processor.py:840} INFO - DAG(s) 'example_sensors' retrieved from /home/airflow/.local/lib/python3.8/site-packages/airflow/example_dags/example_sensors.py
[2026-04-21T07:22:54.230+0000] {logging_mixin.py:188} INFO - [2026-04-21T07:22:54.230+0000] {dag.py:3036} INFO - Sync 1 DAGs
[2026-04-21T07:22:54.238+0000] {logging_mixin.py:188} INFO - [2026-04-21T07:22:54.238+0000] {dag.py:3823} INFO - Setting next_dagrun for example_sensors to None, run_after=None
[2026-04-21T07:22:54.249+0000] {processor.py:183} INFO - Processing /home/airflow/.local/lib/python3.8/site-packages/airflow/example_dags/example_sensors.py took 0.047 seconds
[2026-04-21T07:23:24.760+0000] {processor.py:161} INFO - Started process (PID=15125) to work on /home/airflow/.local/lib/python3.8/site-packages/airflow/example_dags/example_sensors.py
[2026-04-21T07:23:24.761+0000] {processor.py:830} INFO - Processing file /home/airflow/.local/lib/python3.8/site-packages/airflow/example_dags/example_sensors.py for tasks to queue
[2026-04-21T07:23:24.761+0000] {logging_mixin.py:188} INFO - [2026-04-21T07:23:24.761+0000] {dagbag.py:538} INFO - Filling up the DagBag from /home/airflow/.local/lib/python3.8/site-packages/airflow/example_dags/example_sensors.py
[2026-04-21T07:23:24.768+0000] {processor.py:840} INFO - DAG(s) 'example_sensors' retrieved from /home/airflow/.local/lib/python3.8/site-packages/airflow/example_dags/example_sensors.py
[2026-04-21T07:23:24.784+0000] {logging_mixin.py:188} INFO - [2026-04-21T07:23:24.784+0000] {dag.py:3036} INFO - Sync 1 DAGs
[2026-04-21T07:23:24.792+0000] {logging_mixin.py:188} INFO - [2026-04-21T07:23:24.792+0000] {dag.py:3823} INFO - Setting next_dagrun for example_sensors to None, run_after=None
[2026-04-21T07:23:24.802+0000] {processor.py:183} INFO - Processing /home/airflow/.local/lib/python3.8/site-packages/airflow/example_dags/example_sensors.py took 0.045 seconds
[2026-04-21T07:23:55.370+0000] {processor.py:161} INFO - Started process (PID=15180) to work on /home/airflow/.local/lib/python3.8/site-packages/airflow/example_dags/example_sensors.py
[2026-04-21T07:23:55.370+0000] {processor.py:830} INFO - Processing file /home/airflow/.local/lib/python3.8/site-packages/airflow/example_dags/example_sensors.py for tasks to queue
[2026-04-21T07:23:55.371+0000] {logging_mixin.py:188} INFO - [2026-04-21T07:23:55.371+0000] {dagbag.py:538} INFO - Filling up the DagBag from /home/airflow/.local/lib/python3.8/site-packages/airflow/example_dags/example_sensors.py
[2026-04-21T07:23:55.377+0000] {processor.py:840} INFO - DAG(s) 'example_sensors' retrieved from /home/airflow/.local/lib/python3.8/site-packages/airflow/example_dags/example_sensors.py
[2026-04-21T07:23:55.394+0000] {logging_mixin.py:188} INFO - [2026-04-21T07:23:55.394+0000] {dag.py:3036} INFO - Sync 1 DAGs
[2026-04-21T07:23:55.402+0000] {logging_mixin.py:188} INFO - [2026-04-21T07:23:55.402+0000] {dag.py:3823} INFO - Setting next_dagrun for example_sensors to None, run_after=None
[2026-04-21T07:23:55.412+0000] {processor.py:183} INFO - Processing /home/airflow/.local/lib/python3.8/site-packages/airflow/example_dags/example_sensors.py took 0.045 seconds
[2026-04-21T07:24:25.924+0000] {processor.py:161} INFO - Started process (PID=15235) to work on /home/airflow/.local/lib/python3.8/site-packages/airflow/example_dags/example_sensors.py
[2026-04-21T07:24:25.924+0000] {processor.py:830} INFO - Processing file /home/airflow/.local/lib/python3.8/site-packages/airflow/example_dags/example_sensors.py for tasks to queue
[2026-04-21T07:24:25.925+0000] {logging_mixin.py:188} INFO - [2026-04-21T07:24:25.925+0000] {dagbag.py:538} INFO - Filling up the DagBag from /home/airflow/.local/lib/python3.8/site-packages/airflow/example_dags/example_sensors.py
[2026-04-21T07:24:25.932+0000] {processor.py:840} INFO - DAG(s) 'example_sensors' retrieved from /home/airflow/.local/lib/python3.8/site-packages/airflow/example_dags/example_sensors.py
[2026-04-21T07:24:25.948+0000] {logging_mixin.py:188} INFO - [2026-04-21T07:24:25.948+0000] {dag.py:3036} INFO - Sync 1 DAGs
[2026-04-21T07:24:25.956+0000] {logging_mixin.py:188} INFO - [2026-04-21T07:24:25.956+0000] {dag.py:3823} INFO - Setting next_dagrun for example_sensors to None, run_after=None
[2026-04-21T07:24:25.966+0000] {processor.py:183} INFO - Processing /home/airflow/.local/lib/python3.8/site-packages/airflow/example_dags/example_sensors.py took 0.044 seconds
[2026-04-21T07:24:56.549+0000] {processor.py:161} INFO - Started process (PID=15290) to work on /home/airflow/.local/lib/python3.8/site-packages/airflow/example_dags/example_sensors.py
[2026-04-21T07:24:56.549+0000] {processor.py:830} INFO - Processing file /home/airflow/.local/lib/python3.8/site-packages/airflow/example_dags/example_sensors.py for tasks to queue
[2026-04-21T07:24:56.550+0000] {logging_mixin.py:188} INFO - [2026-04-21T07:24:56.550+0000] {dagbag.py:538} INFO - Filling up the DagBag from /home/airflow/.local/lib/python3.8/site-packages/airflow/example_dags/example_sensors.py
[2026-04-21T07:24:56.556+0000] {processor.py:840} INFO - DAG(s) 'example_sensors' retrieved from /home/airflow/.local/lib/python3.8/site-packages/airflow/example_dags/example_sensors.py
[2026-04-21T07:24:56.573+0000] {logging_mixin.py:188} INFO - [2026-04-21T07:24:56.572+0000] {dag.py:3036} INFO - Sync 1 DAGs
[2026-04-21T07:24:56.581+0000] {logging_mixin.py:188} INFO - [2026-04-21T07:24:56.580+0000] {dag.py:3823} INFO - Setting next_dagrun for example_sensors to None, run_after=None
[2026-04-21T07:24:56.591+0000] {processor.py:183} INFO - Processing /home/airflow/.local/lib/python3.8/site-packages/airflow/example_dags/example_sensors.py took 0.045 seconds
[2026-04-21T07:25:27.068+0000] {processor.py:161} INFO - Started process (PID=15345) to work on /home/airflow/.local/lib/python3.8/site-packages/airflow/example_dags/example_sensors.py
[2026-04-21T07:25:27.069+0000] {processor.py:830} INFO - Processing file /home/airflow/.local/lib/python3.8/site-packages/airflow/example_dags/example_sensors.py for tasks to queue
[2026-04-21T07:25:27.069+0000] {logging_mixin.py:188} INFO - [2026-04-21T07:25:27.069+0000] {dagbag.py:538} INFO - Filling up the DagBag from /home/airflow/.local/lib/python3.8/site-packages/airflow/example_dags/example_sensors.py
[2026-04-21T07:25:27.075+0000] {processor.py:840} INFO - DAG(s) 'example_sensors' retrieved from /home/airflow/.local/lib/python3.8/site-packages/airflow/example_dags/example_sensors.py
[2026-04-21T07:25:27.092+0000] {logging_mixin.py:188} INFO - [2026-04-21T07:25:27.092+0000] {dag.py:3036} INFO - Sync 1 DAGs
[2026-04-21T07:25:27.100+0000] {logging_mixin.py:188} INFO - [2026-04-21T07:25:27.100+0000] {dag.py:3823} INFO - Setting next_dagrun for example_sensors to None, run_after=None
[2026-04-21T07:25:27.110+0000] {processor.py:183} INFO - Processing /home/airflow/.local/lib/python3.8/site-packages/airflow/example_dags/example_sensors.py took 0.044 seconds
[2026-04-21T07:25:57.612+0000] {processor.py:161} INFO - Started process (PID=15400) to work on /home/airflow/.local/lib/python3.8/site-packages/airflow/example_dags/example_sensors.py
[2026-04-21T07:25:57.613+0000] {processor.py:830} INFO - Processing file /home/airflow/.local/lib/python3.8/site-packages/airflow/example_dags/example_sensors.py for tasks to queue
[2026-04-21T07:25:57.613+0000] {logging_mixin.py:188} INFO - [2026-04-21T07:25:57.613+0000] {dagbag.py:538} INFO - Filling up the DagBag from /home/airflow/.local/lib/python3.8/site-packages/airflow/example_dags/example_sensors.py
[2026-04-21T07:25:57.620+0000] {processor.py:840} INFO - DAG(s) 'example_sensors' retrieved from /home/airflow/.local/lib/python3.8/site-packages/airflow/example_dags/example_sensors.py
[2026-04-21T07:25:57.636+0000] {logging_mixin.py:188} INFO - [2026-04-21T07:25:57.636+0000] {dag.py:3036} INFO - Sync 1 DAGs
[2026-04-21T07:25:57.645+0000] {logging_mixin.py:188} INFO - [2026-04-21T07:25:57.645+0000] {dag.py:3823} INFO - Setting next_dagrun for example_sensors to None, run_after=None
[2026-04-21T07:25:57.656+0000] {processor.py:183} INFO - Processing /home/airflow/.local/lib/python3.8/site-packages/airflow/example_dags/example_sensors.py took 0.046 seconds
[2026-04-21T07:26:28.203+0000] {processor.py:161} INFO - Started process (PID=15455) to work on /home/airflow/.local/lib/python3.8/site-packages/airflow/example_dags/example_sensors.py
[2026-04-21T07:26:28.204+0000] {processor.py:830} INFO - Processing file /home/airflow/.local/lib/python3.8/site-packages/airflow/example_dags/example_sensors.py for tasks to queue
[2026-04-21T07:26:28.204+0000] {logging_mixin.py:188} INFO - [2026-04-21T07:26:28.204+0000] {dagbag.py:538} INFO - Filling up the DagBag from /home/airflow/.local/lib/python3.8/site-packages/airflow/example_dags/example_sensors.py
[2026-04-21T07:26:28.210+0000] {processor.py:840} INFO - DAG(s) 'example_sensors' retrieved from /home/airflow/.local/lib/python3.8/site-packages/airflow/example_dags/example_sensors.py
[2026-04-21T07:26:28.226+0000] {logging_mixin.py:188} INFO - [2026-04-21T07:26:28.226+0000] {dag.py:3036} INFO - Sync 1 DAGs
[2026-04-21T07:26:28.234+0000] {logging_mixin.py:188} INFO - [2026-04-21T07:26:28.234+0000] {dag.py:3823} INFO - Setting next_dagrun for example_sensors to None, run_after=None
[2026-04-21T07:26:28.244+0000] {processor.py:183} INFO - Processing /home/airflow/.local/lib/python3.8/site-packages/airflow/example_dags/example_sensors.py took 0.043 seconds
[2026-04-21T07:26:58.821+0000] {processor.py:161} INFO - Started process (PID=15510) to work on /home/airflow/.local/lib/python3.8/site-packages/airflow/example_dags/example_sensors.py
[2026-04-21T07:26:58.822+0000] {processor.py:830} INFO - Processing file /home/airflow/.local/lib/python3.8/site-packages/airflow/example_dags/example_sensors.py for tasks to queue
[2026-04-21T07:26:58.822+0000] {logging_mixin.py:188} INFO - [2026-04-21T07:26:58.822+0000] {dagbag.py:538} INFO - Filling up the DagBag from /home/airflow/.local/lib/python3.8/site-packages/airflow/example_dags/example_sensors.py
[2026-04-21T07:26:58.828+0000] {processor.py:840} INFO - DAG(s) 'example_sensors' retrieved from /home/airflow/.local/lib/python3.8/site-packages/airflow/example_dags/example_sensors.py
[2026-04-21T07:26:58.845+0000] {logging_mixin.py:188} INFO - [2026-04-21T07:26:58.844+0000] {dag.py:3036} INFO - Sync 1 DAGs
[2026-04-21T07:26:58.852+0000] {logging_mixin.py:188} INFO - [2026-04-21T07:26:58.852+0000] {dag.py:3823} INFO - Setting next_dagrun for example_sensors to None, run_after=None
[2026-04-21T07:26:58.862+0000] {processor.py:183} INFO - Processing /home/airflow/.local/lib/python3.8/site-packages/airflow/example_dags/example_sensors.py took 0.044 seconds
[2026-04-21T07:27:29.453+0000] {processor.py:161} INFO - Started process (PID=15565) to work on /home/airflow/.local/lib/python3.8/site-packages/airflow/example_dags/example_sensors.py
[2026-04-21T07:27:29.454+0000] {processor.py:830} INFO - Processing file /home/airflow/.local/lib/python3.8/site-packages/airflow/example_dags/example_sensors.py for tasks to queue
[2026-04-21T07:27:29.454+0000] {logging_mixin.py:188} INFO - [2026-04-21T07:27:29.454+0000] {dagbag.py:538} INFO - Filling up the DagBag from /home/airflow/.local/lib/python3.8/site-packages/airflow/example_dags/example_sensors.py
[2026-04-21T07:27:29.461+0000] {processor.py:840} INFO - DAG(s) 'example_sensors' retrieved from /home/airflow/.local/lib/python3.8/site-packages/airflow/example_dags/example_sensors.py
[2026-04-21T07:27:29.477+0000] {logging_mixin.py:188} INFO - [2026-04-21T07:27:29.477+0000] {dag.py:3036} INFO - Sync 1 DAGs
[2026-04-21T07:27:29.485+0000] {logging_mixin.py:188} INFO - [2026-04-21T07:27:29.485+0000] {dag.py:3823} INFO - Setting next_dagrun for example_sensors to None, run_after=None
[2026-04-21T07:27:29.495+0000] {processor.py:183} INFO - Processing /home/airflow/.local/lib/python3.8/site-packages/airflow/example_dags/example_sensors.py took 0.043 seconds
[2026-04-21T07:28:00.000+0000] {processor.py:161} INFO - Started process (PID=15620) to work on /home/airflow/.local/lib/python3.8/site-packages/airflow/example_dags/example_sensors.py
[2026-04-21T07:28:00.001+0000] {processor.py:830} INFO - Processing file /home/airflow/.local/lib/python3.8/site-packages/airflow/example_dags/example_sensors.py for tasks to queue
[2026-04-21T07:28:00.002+0000] {logging_mixin.py:188} INFO - [2026-04-21T07:28:00.001+0000] {dagbag.py:538} INFO - Filling up the DagBag from /home/airflow/.local/lib/python3.8/site-packages/airflow/example_dags/example_sensors.py
[2026-04-21T07:28:00.008+0000] {processor.py:840} INFO - DAG(s) 'example_sensors' retrieved from /home/airflow/.local/lib/python3.8/site-packages/airflow/example_dags/example_sensors.py
[2026-04-21T07:28:00.025+0000] {logging_mixin.py:188} INFO - [2026-04-21T07:28:00.025+0000] {dag.py:3036} INFO - Sync 1 DAGs
[2026-04-21T07:28:00.033+0000] {logging_mixin.py:188} INFO - [2026-04-21T07:28:00.033+0000] {dag.py:3823} INFO - Setting next_dagrun for example_sensors to None, run_after=None
[2026-04-21T07:28:00.043+0000] {processor.py:183} INFO - Processing /home/airflow/.local/lib/python3.8/site-packages/airflow/example_dags/example_sensors.py took 0.045 seconds
[2026-04-21T07:28:30.557+0000] {processor.py:161} INFO - Started process (PID=15675) to work on /home/airflow/.local/lib/python3.8/site-packages/airflow/example_dags/example_sensors.py
[2026-04-21T07:28:30.558+0000] {processor.py:830} INFO - Processing file /home/airflow/.local/lib/python3.8/site-packages/airflow/example_dags/example_sensors.py for tasks to queue
[2026-04-21T07:28:30.558+0000] {logging_mixin.py:188} INFO - [2026-04-21T07:28:30.558+0000] {dagbag.py:538} INFO - Filling up the DagBag from /home/airflow/.local/lib/python3.8/site-packages/airflow/example_dags/example_sensors.py
[2026-04-21T07:28:30.565+0000] {processor.py:840} INFO - DAG(s) 'example_sensors' retrieved from /home/airflow/.local/lib/python3.8/site-packages/airflow/example_dags/example_sensors.py
[2026-04-21T07:28:30.581+0000] {logging_mixin.py:188} INFO - [2026-04-21T07:28:30.580+0000] {dag.py:3036} INFO - Sync 1 DAGs
[2026-04-21T07:28:30.588+0000] {logging_mixin.py:188} INFO - [2026-04-21T07:28:30.588+0000] {dag.py:3823} INFO - Setting next_dagrun for example_sensors to None, run_after=None
[2026-04-21T07:28:30.598+0000] {processor.py:183} INFO - Processing /home/airflow/.local/lib/python3.8/site-packages/airflow/example_dags/example_sensors.py took 0.044 seconds
[2026-04-21T07:29:01.164+0000] {processor.py:161} INFO - Started process (PID=15730) to work on /home/airflow/.local/lib/python3.8/site-packages/airflow/example_dags/example_sensors.py
[2026-04-21T07:29:01.165+0000] {processor.py:830} INFO - Processing file /home/airflow/.local/lib/python3.8/site-packages/airflow/example_dags/example_sensors.py for tasks to queue
[2026-04-21T07:29:01.165+0000] {logging_mixin.py:188} INFO - [2026-04-21T07:29:01.165+0000] {dagbag.py:538} INFO - Filling up the DagBag from /home/airflow/.local/lib/python3.8/site-packages/airflow/example_dags/example_sensors.py
[2026-04-21T07:29:01.172+0000] {processor.py:840} INFO - DAG(s) 'example_sensors' retrieved from /home/airflow/.local/lib/python3.8/site-packages/airflow/example_dags/example_sensors.py
[2026-04-21T07:29:01.189+0000] {logging_mixin.py:188} INFO - [2026-04-21T07:29:01.188+0000] {dag.py:3036} INFO - Sync 1 DAGs
[2026-04-21T07:29:01.197+0000] {logging_mixin.py:188} INFO - [2026-04-21T07:29:01.197+0000] {dag.py:3823} INFO - Setting next_dagrun for example_sensors to None, run_after=None
[2026-04-21T07:29:01.207+0000] {processor.py:183} INFO - Processing /home/airflow/.local/lib/python3.8/site-packages/airflow/example_dags/example_sensors.py took 0.045 seconds
[2026-04-21T07:29:31.824+0000] {processor.py:161} INFO - Started process (PID=15785) to work on /home/airflow/.local/lib/python3.8/site-packages/airflow/example_dags/example_sensors.py
[2026-04-21T07:29:31.825+0000] {processor.py:830} INFO - Processing file /home/airflow/.local/lib/python3.8/site-packages/airflow/example_dags/example_sensors.py for tasks to queue
[2026-04-21T07:29:31.825+0000] {logging_mixin.py:188} INFO - [2026-04-21T07:29:31.825+0000] {dagbag.py:538} INFO - Filling up the DagBag from /home/airflow/.local/lib/python3.8/site-packages/airflow/example_dags/example_sensors.py
[2026-04-21T07:29:31.832+0000] {processor.py:840} INFO - DAG(s) 'example_sensors' retrieved from /home/airflow/.local/lib/python3.8/site-packages/airflow/example_dags/example_sensors.py
[2026-04-21T07:29:31.849+0000] {logging_mixin.py:188} INFO - [2026-04-21T07:29:31.849+0000] {dag.py:3036} INFO - Sync 1 DAGs
[2026-04-21T07:29:31.857+0000] {logging_mixin.py:188} INFO - [2026-04-21T07:29:31.857+0000] {dag.py:3823} INFO - Setting next_dagrun for example_sensors to None, run_after=None
[2026-04-21T07:29:31.867+0000] {processor.py:183} INFO - Processing /home/airflow/.local/lib/python3.8/site-packages/airflow/example_dags/example_sensors.py took 0.045 seconds
[2026-04-21T07:30:02.474+0000] {processor.py:161} INFO - Started process (PID=15840) to work on /home/airflow/.local/lib/python3.8/site-packages/airflow/example_dags/example_sensors.py
[2026-04-21T07:30:02.474+0000] {processor.py:830} INFO - Processing file /home/airflow/.local/lib/python3.8/site-packages/airflow/example_dags/example_sensors.py for tasks to queue
[2026-04-21T07:30:02.475+0000] {logging_mixin.py:188} INFO - [2026-04-21T07:30:02.475+0000] {dagbag.py:538} INFO - Filling up the DagBag from /home/airflow/.local/lib/python3.8/site-packages/airflow/example_dags/example_sensors.py
[2026-04-21T07:30:02.482+0000] {processor.py:840} INFO - DAG(s) 'example_sensors' retrieved from /home/airflow/.local/lib/python3.8/site-packages/airflow/example_dags/example_sensors.py
[2026-04-21T07:30:02.499+0000] {logging_mixin.py:188} INFO - [2026-04-21T07:30:02.499+0000] {dag.py:3036} INFO - Sync 1 DAGs
[2026-04-21T07:30:02.508+0000] {logging_mixin.py:188} INFO - [2026-04-21T07:30:02.508+0000] {dag.py:3823} INFO - Setting next_dagrun for example_sensors to None, run_after=None
[2026-04-21T07:30:02.519+0000] {processor.py:183} INFO - Processing /home/airflow/.local/lib/python3.8/site-packages/airflow/example_dags/example_sensors.py took 0.048 seconds
[2026-04-21T07:30:33.139+0000] {processor.py:161} INFO - Started process (PID=15895) to work on /home/airflow/.local/lib/python3.8/site-packages/airflow/example_dags/example_sensors.py
[2026-04-21T07:30:33.140+0000] {processor.py:830} INFO - Processing file /home/airflow/.local/lib/python3.8/site-packages/airflow/example_dags/example_sensors.py for tasks to queue
[2026-04-21T07:30:33.140+0000] {logging_mixin.py:188} INFO - [2026-04-21T07:30:33.140+0000] {dagbag.py:538} INFO - Filling up the DagBag from /home/airflow/.local/lib/python3.8/site-packages/airflow/example_dags/example_sensors.py
[2026-04-21T07:30:33.147+0000] {processor.py:840} INFO - DAG(s) 'example_sensors' retrieved from /home/airflow/.local/lib/python3.8/site-packages/airflow/example_dags/example_sensors.py
[2026-04-21T07:30:33.163+0000] {logging_mixin.py:188} INFO - [2026-04-21T07:30:33.163+0000] {dag.py:3036} INFO - Sync 1 DAGs
[2026-04-21T07:30:33.171+0000] {logging_mixin.py:188} INFO - [2026-04-21T07:30:33.171+0000] {dag.py:3823} INFO - Setting next_dagrun for example_sensors to None, run_after=None
[2026-04-21T07:30:33.181+0000] {processor.py:183} INFO - Processing /home/airflow/.local/lib/python3.8/site-packages/airflow/example_dags/example_sensors.py took 0.044 seconds
[2026-04-21T07:31:03.686+0000] {processor.py:161} INFO - Started process (PID=15950) to work on /home/airflow/.local/lib/python3.8/site-packages/airflow/example_dags/example_sensors.py
[2026-04-21T07:31:03.687+0000] {processor.py:830} INFO - Processing file /home/airflow/.local/lib/python3.8/site-packages/airflow/example_dags/example_sensors.py for tasks to queue
[2026-04-21T07:31:03.687+0000] {logging_mixin.py:188} INFO - [2026-04-21T07:31:03.687+0000] {dagbag.py:538} INFO - Filling up the DagBag from /home/airflow/.local/lib/python3.8/site-packages/airflow/example_dags/example_sensors.py
[2026-04-21T07:31:03.694+0000] {processor.py:840} INFO - DAG(s) 'example_sensors' retrieved from /home/airflow/.local/lib/python3.8/site-packages/airflow/example_dags/example_sensors.py
[2026-04-21T07:31:03.711+0000] {logging_mixin.py:188} INFO - [2026-04-21T07:31:03.711+0000] {dag.py:3036} INFO - Sync 1 DAGs
[2026-04-21T07:31:03.719+0000] {logging_mixin.py:188} INFO - [2026-04-21T07:31:03.719+0000] {dag.py:3823} INFO - Setting next_dagrun for example_sensors to None, run_after=None
[2026-04-21T07:31:03.730+0000] {processor.py:183} INFO - Processing /home/airflow/.local/lib/python3.8/site-packages/airflow/example_dags/example_sensors.py took 0.047 seconds
[2026-04-21T07:31:34.355+0000] {processor.py:161} INFO - Started process (PID=16005) to work on /home/airflow/.local/lib/python3.8/site-packages/airflow/example_dags/example_sensors.py
[2026-04-21T07:31:34.356+0000] {processor.py:830} INFO - Processing file /home/airflow/.local/lib/python3.8/site-packages/airflow/example_dags/example_sensors.py for tasks to queue
[2026-04-21T07:31:34.356+0000] {logging_mixin.py:188} INFO - [2026-04-21T07:31:34.356+0000] {dagbag.py:538} INFO - Filling up the DagBag from /home/airflow/.local/lib/python3.8/site-packages/airflow/example_dags/example_sensors.py
[2026-04-21T07:31:34.363+0000] {processor.py:840} INFO - DAG(s) 'example_sensors' retrieved from /home/airflow/.local/lib/python3.8/site-packages/airflow/example_dags/example_sensors.py
[2026-04-21T07:31:34.379+0000] {logging_mixin.py:188} INFO - [2026-04-21T07:31:34.379+0000] {dag.py:3036} INFO - Sync 1 DAGs
[2026-04-21T07:31:34.387+0000] {logging_mixin.py:188} INFO - [2026-04-21T07:31:34.387+0000] {dag.py:3823} INFO - Setting next_dagrun for example_sensors to None, run_after=None
[2026-04-21T07:31:34.397+0000] {processor.py:183} INFO - Processing /home/airflow/.local/lib/python3.8/site-packages/airflow/example_dags/example_sensors.py took 0.044 seconds
[2026-04-21T07:32:04.990+0000] {processor.py:161} INFO - Started process (PID=16060) to work on /home/airflow/.local/lib/python3.8/site-packages/airflow/example_dags/example_sensors.py
[2026-04-21T07:32:04.990+0000] {processor.py:830} INFO - Processing file /home/airflow/.local/lib/python3.8/site-packages/airflow/example_dags/example_sensors.py for tasks to queue
[2026-04-21T07:32:04.991+0000] {logging_mixin.py:188} INFO - [2026-04-21T07:32:04.991+0000] {dagbag.py:538} INFO - Filling up the DagBag from /home/airflow/.local/lib/python3.8/site-packages/airflow/example_dags/example_sensors.py
[2026-04-21T07:32:04.997+0000] {processor.py:840} INFO - DAG(s) 'example_sensors' retrieved from /home/airflow/.local/lib/python3.8/site-packages/airflow/example_dags/example_sensors.py
[2026-04-21T07:32:05.013+0000] {logging_mixin.py:188} INFO - [2026-04-21T07:32:05.013+0000] {dag.py:3036} INFO - Sync 1 DAGs
[2026-04-21T07:32:05.021+0000] {logging_mixin.py:188} INFO - [2026-04-21T07:32:05.021+0000] {dag.py:3823} INFO - Setting next_dagrun for example_sensors to None, run_after=None
[2026-04-21T07:32:05.031+0000] {processor.py:183} INFO - Processing /home/airflow/.local/lib/python3.8/site-packages/airflow/example_dags/example_sensors.py took 0.044 seconds
[2026-04-21T07:32:35.596+0000] {processor.py:161} INFO - Started process (PID=16115) to work on /home/airflow/.local/lib/python3.8/site-packages/airflow/example_dags/example_sensors.py
[2026-04-21T07:32:35.597+0000] {processor.py:830} INFO - Processing file /home/airflow/.local/lib/python3.8/site-packages/airflow/example_dags/example_sensors.py for tasks to queue
[2026-04-21T07:32:35.598+0000] {logging_mixin.py:188} INFO - [2026-04-21T07:32:35.597+0000] {dagbag.py:538} INFO - Filling up the DagBag from /home/airflow/.local/lib/python3.8/site-packages/airflow/example_dags/example_sensors.py
[2026-04-21T07:32:35.604+0000] {processor.py:840} INFO - DAG(s) 'example_sensors' retrieved from /home/airflow/.local/lib/python3.8/site-packages/airflow/example_dags/example_sensors.py
[2026-04-21T07:32:35.621+0000] {logging_mixin.py:188} INFO - [2026-04-21T07:32:35.620+0000] {dag.py:3036} INFO - Sync 1 DAGs
[2026-04-21T07:32:35.629+0000] {logging_mixin.py:188} INFO - [2026-04-21T07:32:35.629+0000] {dag.py:3823} INFO - Setting next_dagrun for example_sensors to None, run_after=None
[2026-04-21T07:32:35.640+0000] {processor.py:183} INFO - Processing /home/airflow/.local/lib/python3.8/site-packages/airflow/example_dags/example_sensors.py took 0.046 seconds
[2026-04-21T07:33:06.237+0000] {processor.py:161} INFO - Started process (PID=16170) to work on /home/airflow/.local/lib/python3.8/site-packages/airflow/example_dags/example_sensors.py
[2026-04-21T07:33:06.237+0000] {processor.py:830} INFO - Processing file /home/airflow/.local/lib/python3.8/site-packages/airflow/example_dags/example_sensors.py for tasks to queue
[2026-04-21T07:33:06.238+0000] {logging_mixin.py:188} INFO - [2026-04-21T07:33:06.238+0000] {dagbag.py:538} INFO - Filling up the DagBag from /home/airflow/.local/lib/python3.8/site-packages/airflow/example_dags/example_sensors.py
[2026-04-21T07:33:06.244+0000] {processor.py:840} INFO - DAG(s) 'example_sensors' retrieved from /home/airflow/.local/lib/python3.8/site-packages/airflow/example_dags/example_sensors.py
[2026-04-21T07:33:06.261+0000] {logging_mixin.py:188} INFO - [2026-04-21T07:33:06.261+0000] {dag.py:3036} INFO - Sync 1 DAGs
[2026-04-21T07:33:06.269+0000] {logging_mixin.py:188} INFO - [2026-04-21T07:33:06.269+0000] {dag.py:3823} INFO - Setting next_dagrun for example_sensors to None, run_after=None
[2026-04-21T07:33:06.279+0000] {processor.py:183} INFO - Processing /home/airflow/.local/lib/python3.8/site-packages/airflow/example_dags/example_sensors.py took 0.045 seconds
[2026-04-21T07:33:36.875+0000] {processor.py:161} INFO - Started process (PID=16225) to work on /home/airflow/.local/lib/python3.8/site-packages/airflow/example_dags/example_sensors.py
[2026-04-21T07:33:36.876+0000] {processor.py:830} INFO - Processing file /home/airflow/.local/lib/python3.8/site-packages/airflow/example_dags/example_sensors.py for tasks to queue
[2026-04-21T07:33:36.876+0000] {logging_mixin.py:188} INFO - [2026-04-21T07:33:36.876+0000] {dagbag.py:538} INFO - Filling up the DagBag from /home/airflow/.local/lib/python3.8/site-packages/airflow/example_dags/example_sensors.py
[2026-04-21T07:33:36.883+0000] {processor.py:840} INFO - DAG(s) 'example_sensors' retrieved from /home/airflow/.local/lib/python3.8/site-packages/airflow/example_dags/example_sensors.py
[2026-04-21T07:33:36.899+0000] {logging_mixin.py:188} INFO - [2026-04-21T07:33:36.899+0000] {dag.py:3036} INFO - Sync 1 DAGs
[2026-04-21T07:33:36.906+0000] {logging_mixin.py:188} INFO - [2026-04-21T07:33:36.906+0000] {dag.py:3823} INFO - Setting next_dagrun for example_sensors to None, run_after=None
[2026-04-21T07:33:36.916+0000] {processor.py:183} INFO - Processing /home/airflow/.local/lib/python3.8/site-packages/airflow/example_dags/example_sensors.py took 0.044 seconds
[2026-04-21T07:34:07.511+0000] {processor.py:161} INFO - Started process (PID=16280) to work on /home/airflow/.local/lib/python3.8/site-packages/airflow/example_dags/example_sensors.py
[2026-04-21T07:34:07.511+0000] {processor.py:830} INFO - Processing file /home/airflow/.local/lib/python3.8/site-packages/airflow/example_dags/example_sensors.py for tasks to queue
[2026-04-21T07:34:07.512+0000] {logging_mixin.py:188} INFO - [2026-04-21T07:34:07.512+0000] {dagbag.py:538} INFO - Filling up the DagBag from /home/airflow/.local/lib/python3.8/site-packages/airflow/example_dags/example_sensors.py
[2026-04-21T07:34:07.518+0000] {processor.py:840} INFO - DAG(s) 'example_sensors' retrieved from /home/airflow/.local/lib/python3.8/site-packages/airflow/example_dags/example_sensors.py
[2026-04-21T07:34:07.535+0000] {logging_mixin.py:188} INFO - [2026-04-21T07:34:07.534+0000] {dag.py:3036} INFO - Sync 1 DAGs
[2026-04-21T07:34:07.542+0000] {logging_mixin.py:188} INFO - [2026-04-21T07:34:07.542+0000] {dag.py:3823} INFO - Setting next_dagrun for example_sensors to None, run_after=None
[2026-04-21T07:34:07.553+0000] {processor.py:183} INFO - Processing /home/airflow/.local/lib/python3.8/site-packages/airflow/example_dags/example_sensors.py took 0.044 seconds
[2026-04-21T07:34:38.129+0000] {processor.py:161} INFO - Started process (PID=16335) to work on /home/airflow/.local/lib/python3.8/site-packages/airflow/example_dags/example_sensors.py
[2026-04-21T07:34:38.130+0000] {processor.py:830} INFO - Processing file /home/airflow/.local/lib/python3.8/site-packages/airflow/example_dags/example_sensors.py for tasks to queue
[2026-04-21T07:34:38.131+0000] {logging_mixin.py:188} INFO - [2026-04-21T07:34:38.130+0000] {dagbag.py:538} INFO - Filling up the DagBag from /home/airflow/.local/lib/python3.8/site-packages/airflow/example_dags/example_sensors.py
[2026-04-21T07:34:38.137+0000] {processor.py:840} INFO - DAG(s) 'example_sensors' retrieved from /home/airflow/.local/lib/python3.8/site-packages/airflow/example_dags/example_sensors.py
[2026-04-21T07:34:38.153+0000] {logging_mixin.py:188} INFO - [2026-04-21T07:34:38.153+0000] {dag.py:3036} INFO - Sync 1 DAGs
[2026-04-21T07:34:38.161+0000] {logging_mixin.py:188} INFO - [2026-04-21T07:34:38.161+0000] {dag.py:3823} INFO - Setting next_dagrun for example_sensors to None, run_after=None
[2026-04-21T07:34:38.172+0000] {processor.py:183} INFO - Processing /home/airflow/.local/lib/python3.8/site-packages/airflow/example_dags/example_sensors.py took 0.045 seconds
[2026-04-21T07:35:08.752+0000] {processor.py:161} INFO - Started process (PID=16390) to work on /home/airflow/.local/lib/python3.8/site-packages/airflow/example_dags/example_sensors.py
[2026-04-21T07:35:08.752+0000] {processor.py:830} INFO - Processing file /home/airflow/.local/lib/python3.8/site-packages/airflow/example_dags/example_sensors.py for tasks to queue
[2026-04-21T07:35:08.753+0000] {logging_mixin.py:188} INFO - [2026-04-21T07:35:08.753+0000] {dagbag.py:538} INFO - Filling up the DagBag from /home/airflow/.local/lib/python3.8/site-packages/airflow/example_dags/example_sensors.py
[2026-04-21T07:35:08.759+0000] {processor.py:840} INFO - DAG(s) 'example_sensors' retrieved from /home/airflow/.local/lib/python3.8/site-packages/airflow/example_dags/example_sensors.py
[2026-04-21T07:35:08.775+0000] {logging_mixin.py:188} INFO - [2026-04-21T07:35:08.775+0000] {dag.py:3036} INFO - Sync 1 DAGs
[2026-04-21T07:35:08.783+0000] {logging_mixin.py:188} INFO - [2026-04-21T07:35:08.783+0000] {dag.py:3823} INFO - Setting next_dagrun for example_sensors to None, run_after=None
[2026-04-21T07:35:08.793+0000] {processor.py:183} INFO - Processing /home/airflow/.local/lib/python3.8/site-packages/airflow/example_dags/example_sensors.py took 0.043 seconds
[2026-04-21T07:35:39.426+0000] {processor.py:161} INFO - Started process (PID=16445) to work on /home/airflow/.local/lib/python3.8/site-packages/airflow/example_dags/example_sensors.py
[2026-04-21T07:35:39.426+0000] {processor.py:830} INFO - Processing file /home/airflow/.local/lib/python3.8/site-packages/airflow/example_dags/example_sensors.py for tasks to queue
[2026-04-21T07:35:39.427+0000] {logging_mixin.py:188} INFO - [2026-04-21T07:35:39.427+0000] {dagbag.py:538} INFO - Filling up the DagBag from /home/airflow/.local/lib/python3.8/site-packages/airflow/example_dags/example_sensors.py
[2026-04-21T07:35:39.434+0000] {processor.py:840} INFO - DAG(s) 'example_sensors' retrieved from /home/airflow/.local/lib/python3.8/site-packages/airflow/example_dags/example_sensors.py
[2026-04-21T07:35:39.451+0000] {logging_mixin.py:188} INFO - [2026-04-21T07:35:39.451+0000] {dag.py:3036} INFO - Sync 1 DAGs
[2026-04-21T07:35:39.460+0000] {logging_mixin.py:188} INFO - [2026-04-21T07:35:39.459+0000] {dag.py:3823} INFO - Setting next_dagrun for example_sensors to None, run_after=None
[2026-04-21T07:35:39.470+0000] {processor.py:183} INFO - Processing /home/airflow/.local/lib/python3.8/site-packages/airflow/example_dags/example_sensors.py took 0.047 seconds
[2026-04-21T07:36:09.991+0000] {processor.py:161} INFO - Started process (PID=16500) to work on /home/airflow/.local/lib/python3.8/site-packages/airflow/example_dags/example_sensors.py
[2026-04-21T07:36:09.991+0000] {processor.py:830} INFO - Processing file /home/airflow/.local/lib/python3.8/site-packages/airflow/example_dags/example_sensors.py for tasks to queue
[2026-04-21T07:36:09.992+0000] {logging_mixin.py:188} INFO - [2026-04-21T07:36:09.992+0000] {dagbag.py:538} INFO - Filling up the DagBag from /home/airflow/.local/lib/python3.8/site-packages/airflow/example_dags/example_sensors.py
[2026-04-21T07:36:09.998+0000] {processor.py:840} INFO - DAG(s) 'example_sensors' retrieved from /home/airflow/.local/lib/python3.8/site-packages/airflow/example_dags/example_sensors.py
[2026-04-21T07:36:10.015+0000] {logging_mixin.py:188} INFO - [2026-04-21T07:36:10.015+0000] {dag.py:3036} INFO - Sync 1 DAGs
[2026-04-21T07:36:10.023+0000] {logging_mixin.py:188} INFO - [2026-04-21T07:36:10.023+0000] {dag.py:3823} INFO - Setting next_dagrun for example_sensors to None, run_after=None
[2026-04-21T07:36:10.032+0000] {processor.py:183} INFO - Processing /home/airflow/.local/lib/python3.8/site-packages/airflow/example_dags/example_sensors.py took 0.044 seconds
[2026-04-21T07:36:40.618+0000] {processor.py:161} INFO - Started process (PID=16555) to work on /home/airflow/.local/lib/python3.8/site-packages/airflow/example_dags/example_sensors.py
[2026-04-21T07:36:40.619+0000] {processor.py:830} INFO - Processing file /home/airflow/.local/lib/python3.8/site-packages/airflow/example_dags/example_sensors.py for tasks to queue
[2026-04-21T07:36:40.619+0000] {logging_mixin.py:188} INFO - [2026-04-21T07:36:40.619+0000] {dagbag.py:538} INFO - Filling up the DagBag from /home/airflow/.local/lib/python3.8/site-packages/airflow/example_dags/example_sensors.py
[2026-04-21T07:36:40.626+0000] {processor.py:840} INFO - DAG(s) 'example_sensors' retrieved from /home/airflow/.local/lib/python3.8/site-packages/airflow/example_dags/example_sensors.py
[2026-04-21T07:36:40.641+0000] {logging_mixin.py:188} INFO - [2026-04-21T07:36:40.641+0000] {dag.py:3036} INFO - Sync 1 DAGs
[2026-04-21T07:36:40.650+0000] {logging_mixin.py:188} INFO - [2026-04-21T07:36:40.649+0000] {dag.py:3823} INFO - Setting next_dagrun for example_sensors to None, run_after=None
[2026-04-21T07:36:40.659+0000] {processor.py:183} INFO - Processing /home/airflow/.local/lib/python3.8/site-packages/airflow/example_dags/example_sensors.py took 0.043 seconds
[2026-04-21T07:37:11.277+0000] {processor.py:161} INFO - Started process (PID=16610) to work on /home/airflow/.local/lib/python3.8/site-packages/airflow/example_dags/example_sensors.py
[2026-04-21T07:37:11.277+0000] {processor.py:830} INFO - Processing file /home/airflow/.local/lib/python3.8/site-packages/airflow/example_dags/example_sensors.py for tasks to queue
[2026-04-21T07:37:11.278+0000] {logging_mixin.py:188} INFO - [2026-04-21T07:37:11.278+0000] {dagbag.py:538} INFO - Filling up the DagBag from /home/airflow/.local/lib/python3.8/site-packages/airflow/example_dags/example_sensors.py
[2026-04-21T07:37:11.284+0000] {processor.py:840} INFO - DAG(s) 'example_sensors' retrieved from /home/airflow/.local/lib/python3.8/site-packages/airflow/example_dags/example_sensors.py
[2026-04-21T07:37:11.301+0000] {logging_mixin.py:188} INFO - [2026-04-21T07:37:11.301+0000] {dag.py:3036} INFO - Sync 1 DAGs
[2026-04-21T07:37:11.309+0000] {logging_mixin.py:188} INFO - [2026-04-21T07:37:11.309+0000] {dag.py:3823} INFO - Setting next_dagrun for example_sensors to None, run_after=None
[2026-04-21T07:37:11.319+0000] {processor.py:183} INFO - Processing /home/airflow/.local/lib/python3.8/site-packages/airflow/example_dags/example_sensors.py took 0.044 seconds
[2026-04-21T07:37:41.995+0000] {processor.py:161} INFO - Started process (PID=16665) to work on /home/airflow/.local/lib/python3.8/site-packages/airflow/example_dags/example_sensors.py
[2026-04-21T07:37:41.996+0000] {processor.py:830} INFO - Processing file /home/airflow/.local/lib/python3.8/site-packages/airflow/example_dags/example_sensors.py for tasks to queue
[2026-04-21T07:37:41.996+0000] {logging_mixin.py:188} INFO - [2026-04-21T07:37:41.996+0000] {dagbag.py:538} INFO - Filling up the DagBag from /home/airflow/.local/lib/python3.8/site-packages/airflow/example_dags/example_sensors.py
[2026-04-21T07:37:42.003+0000] {processor.py:840} INFO - DAG(s) 'example_sensors' retrieved from /home/airflow/.local/lib/python3.8/site-packages/airflow/example_dags/example_sensors.py
[2026-04-21T07:37:42.019+0000] {logging_mixin.py:188} INFO - [2026-04-21T07:37:42.019+0000] {dag.py:3036} INFO - Sync 1 DAGs
[2026-04-21T07:37:42.028+0000] {logging_mixin.py:188} INFO - [2026-04-21T07:37:42.027+0000] {dag.py:3823} INFO - Setting next_dagrun for example_sensors to None, run_after=None
[2026-04-21T07:37:42.037+0000] {processor.py:183} INFO - Processing /home/airflow/.local/lib/python3.8/site-packages/airflow/example_dags/example_sensors.py took 0.045 seconds
[2026-04-21T07:38:12.356+0000] {processor.py:161} INFO - Started process (PID=16720) to work on /home/airflow/.local/lib/python3.8/site-packages/airflow/example_dags/example_sensors.py
[2026-04-21T07:38:12.356+0000] {processor.py:830} INFO - Processing file /home/airflow/.local/lib/python3.8/site-packages/airflow/example_dags/example_sensors.py for tasks to queue
[2026-04-21T07:38:12.357+0000] {logging_mixin.py:188} INFO - [2026-04-21T07:38:12.357+0000] {dagbag.py:538} INFO - Filling up the DagBag from /home/airflow/.local/lib/python3.8/site-packages/airflow/example_dags/example_sensors.py
[2026-04-21T07:38:12.363+0000] {processor.py:840} INFO - DAG(s) 'example_sensors' retrieved from /home/airflow/.local/lib/python3.8/site-packages/airflow/example_dags/example_sensors.py
[2026-04-21T07:38:12.380+0000] {logging_mixin.py:188} INFO - [2026-04-21T07:38:12.380+0000] {dag.py:3036} INFO - Sync 1 DAGs
[2026-04-21T07:38:12.388+0000] {logging_mixin.py:188} INFO - [2026-04-21T07:38:12.388+0000] {dag.py:3823} INFO - Setting next_dagrun for example_sensors to None, run_after=None
[2026-04-21T07:38:12.398+0000] {processor.py:183} INFO - Processing /home/airflow/.local/lib/python3.8/site-packages/airflow/example_dags/example_sensors.py took 0.045 seconds
[2026-04-21T07:38:43.333+0000] {processor.py:161} INFO - Started process (PID=16773) to work on /home/airflow/.local/lib/python3.8/site-packages/airflow/example_dags/example_sensors.py
[2026-04-21T07:38:43.334+0000] {processor.py:830} INFO - Processing file /home/airflow/.local/lib/python3.8/site-packages/airflow/example_dags/example_sensors.py for tasks to queue
[2026-04-21T07:38:43.335+0000] {logging_mixin.py:188} INFO - [2026-04-21T07:38:43.334+0000] {dagbag.py:538} INFO - Filling up the DagBag from /home/airflow/.local/lib/python3.8/site-packages/airflow/example_dags/example_sensors.py
[2026-04-21T07:38:43.342+0000] {processor.py:840} INFO - DAG(s) 'example_sensors' retrieved from /home/airflow/.local/lib/python3.8/site-packages/airflow/example_dags/example_sensors.py
[2026-04-21T07:38:43.359+0000] {logging_mixin.py:188} INFO - [2026-04-21T07:38:43.359+0000] {dag.py:3036} INFO - Sync 1 DAGs
[2026-04-21T07:38:43.368+0000] {logging_mixin.py:188} INFO - [2026-04-21T07:38:43.368+0000] {dag.py:3823} INFO - Setting next_dagrun for example_sensors to None, run_after=None
[2026-04-21T07:38:43.484+0000] {processor.py:183} INFO - Processing /home/airflow/.local/lib/python3.8/site-packages/airflow/example_dags/example_sensors.py took 0.153 seconds
[2026-04-21T07:39:14.152+0000] {processor.py:161} INFO - Started process (PID=16828) to work on /home/airflow/.local/lib/python3.8/site-packages/airflow/example_dags/example_sensors.py
[2026-04-21T07:39:14.153+0000] {processor.py:830} INFO - Processing file /home/airflow/.local/lib/python3.8/site-packages/airflow/example_dags/example_sensors.py for tasks to queue
[2026-04-21T07:39:14.153+0000] {logging_mixin.py:188} INFO - [2026-04-21T07:39:14.153+0000] {dagbag.py:538} INFO - Filling up the DagBag from /home/airflow/.local/lib/python3.8/site-packages/airflow/example_dags/example_sensors.py
[2026-04-21T07:39:14.160+0000] {processor.py:840} INFO - DAG(s) 'example_sensors' retrieved from /home/airflow/.local/lib/python3.8/site-packages/airflow/example_dags/example_sensors.py
[2026-04-21T07:39:14.177+0000] {logging_mixin.py:188} INFO - [2026-04-21T07:39:14.177+0000] {dag.py:3036} INFO - Sync 1 DAGs
[2026-04-21T07:39:14.186+0000] {logging_mixin.py:188} INFO - [2026-04-21T07:39:14.185+0000] {dag.py:3823} INFO - Setting next_dagrun for example_sensors to None, run_after=None
[2026-04-21T07:39:14.197+0000] {processor.py:183} INFO - Processing /home/airflow/.local/lib/python3.8/site-packages/airflow/example_dags/example_sensors.py took 0.047 seconds
[2026-04-21T07:39:44.263+0000] {processor.py:161} INFO - Started process (PID=16883) to work on /home/airflow/.local/lib/python3.8/site-packages/airflow/example_dags/example_sensors.py
[2026-04-21T07:39:44.263+0000] {processor.py:830} INFO - Processing file /home/airflow/.local/lib/python3.8/site-packages/airflow/example_dags/example_sensors.py for tasks to queue
[2026-04-21T07:39:44.264+0000] {logging_mixin.py:188} INFO - [2026-04-21T07:39:44.263+0000] {dagbag.py:538} INFO - Filling up the DagBag from /home/airflow/.local/lib/python3.8/site-packages/airflow/example_dags/example_sensors.py
[2026-04-21T07:39:44.270+0000] {processor.py:840} INFO - DAG(s) 'example_sensors' retrieved from /home/airflow/.local/lib/python3.8/site-packages/airflow/example_dags/example_sensors.py
[2026-04-21T07:39:44.286+0000] {logging_mixin.py:188} INFO - [2026-04-21T07:39:44.286+0000] {dag.py:3036} INFO - Sync 1 DAGs
[2026-04-21T07:39:44.294+0000] {logging_mixin.py:188} INFO - [2026-04-21T07:39:44.294+0000] {dag.py:3823} INFO - Setting next_dagrun for example_sensors to None, run_after=None
[2026-04-21T07:39:44.304+0000] {processor.py:183} INFO - Processing /home/airflow/.local/lib/python3.8/site-packages/airflow/example_dags/example_sensors.py took 0.044 seconds
[2026-04-21T07:40:14.458+0000] {processor.py:161} INFO - Started process (PID=16938) to work on /home/airflow/.local/lib/python3.8/site-packages/airflow/example_dags/example_sensors.py
[2026-04-21T07:40:14.459+0000] {processor.py:830} INFO - Processing file /home/airflow/.local/lib/python3.8/site-packages/airflow/example_dags/example_sensors.py for tasks to queue
[2026-04-21T07:40:14.460+0000] {logging_mixin.py:188} INFO - [2026-04-21T07:40:14.459+0000] {dagbag.py:538} INFO - Filling up the DagBag from /home/airflow/.local/lib/python3.8/site-packages/airflow/example_dags/example_sensors.py
[2026-04-21T07:40:14.466+0000] {processor.py:840} INFO - DAG(s) 'example_sensors' retrieved from /home/airflow/.local/lib/python3.8/site-packages/airflow/example_dags/example_sensors.py
[2026-04-21T07:40:14.482+0000] {logging_mixin.py:188} INFO - [2026-04-21T07:40:14.482+0000] {dag.py:3036} INFO - Sync 1 DAGs
[2026-04-21T07:40:14.490+0000] {logging_mixin.py:188} INFO - [2026-04-21T07:40:14.490+0000] {dag.py:3823} INFO - Setting next_dagrun for example_sensors to None, run_after=None
[2026-04-21T07:40:14.500+0000] {processor.py:183} INFO - Processing /home/airflow/.local/lib/python3.8/site-packages/airflow/example_dags/example_sensors.py took 0.044 seconds
[2026-04-21T07:40:45.405+0000] {processor.py:161} INFO - Started process (PID=16999) to work on /home/airflow/.local/lib/python3.8/site-packages/airflow/example_dags/example_sensors.py
[2026-04-21T07:40:45.406+0000] {processor.py:830} INFO - Processing file /home/airflow/.local/lib/python3.8/site-packages/airflow/example_dags/example_sensors.py for tasks to queue
[2026-04-21T07:40:45.406+0000] {logging_mixin.py:188} INFO - [2026-04-21T07:40:45.406+0000] {dagbag.py:538} INFO - Filling up the DagBag from /home/airflow/.local/lib/python3.8/site-packages/airflow/example_dags/example_sensors.py
[2026-04-21T07:40:45.413+0000] {processor.py:840} INFO - DAG(s) 'example_sensors' retrieved from /home/airflow/.local/lib/python3.8/site-packages/airflow/example_dags/example_sensors.py
[2026-04-21T07:40:45.429+0000] {logging_mixin.py:188} INFO - [2026-04-21T07:40:45.429+0000] {dag.py:3036} INFO - Sync 1 DAGs
[2026-04-21T07:40:45.438+0000] {logging_mixin.py:188} INFO - [2026-04-21T07:40:45.437+0000] {dag.py:3823} INFO - Setting next_dagrun for example_sensors to None, run_after=None
[2026-04-21T07:40:45.448+0000] {processor.py:183} INFO - Processing /home/airflow/.local/lib/python3.8/site-packages/airflow/example_dags/example_sensors.py took 0.046 seconds
[2026-04-21T07:41:15.635+0000] {processor.py:161} INFO - Started process (PID=17054) to work on /home/airflow/.local/lib/python3.8/site-packages/airflow/example_dags/example_sensors.py
[2026-04-21T07:41:15.635+0000] {processor.py:830} INFO - Processing file /home/airflow/.local/lib/python3.8/site-packages/airflow/example_dags/example_sensors.py for tasks to queue
[2026-04-21T07:41:15.636+0000] {logging_mixin.py:188} INFO - [2026-04-21T07:41:15.636+0000] {dagbag.py:538} INFO - Filling up the DagBag from /home/airflow/.local/lib/python3.8/site-packages/airflow/example_dags/example_sensors.py
[2026-04-21T07:41:15.643+0000] {processor.py:840} INFO - DAG(s) 'example_sensors' retrieved from /home/airflow/.local/lib/python3.8/site-packages/airflow/example_dags/example_sensors.py
[2026-04-21T07:41:15.660+0000] {logging_mixin.py:188} INFO - [2026-04-21T07:41:15.660+0000] {dag.py:3036} INFO - Sync 1 DAGs
[2026-04-21T07:41:15.669+0000] {logging_mixin.py:188} INFO - [2026-04-21T07:41:15.669+0000] {dag.py:3823} INFO - Setting next_dagrun for example_sensors to None, run_after=None
[2026-04-21T07:41:15.795+0000] {processor.py:183} INFO - Processing /home/airflow/.local/lib/python3.8/site-packages/airflow/example_dags/example_sensors.py took 0.163 seconds
[2026-04-21T07:41:45.961+0000] {processor.py:161} INFO - Started process (PID=17109) to work on /home/airflow/.local/lib/python3.8/site-packages/airflow/example_dags/example_sensors.py
[2026-04-21T07:41:45.961+0000] {processor.py:830} INFO - Processing file /home/airflow/.local/lib/python3.8/site-packages/airflow/example_dags/example_sensors.py for tasks to queue
[2026-04-21T07:41:45.962+0000] {logging_mixin.py:188} INFO - [2026-04-21T07:41:45.962+0000] {dagbag.py:538} INFO - Filling up the DagBag from /home/airflow/.local/lib/python3.8/site-packages/airflow/example_dags/example_sensors.py
[2026-04-21T07:41:45.970+0000] {processor.py:840} INFO - DAG(s) 'example_sensors' retrieved from /home/airflow/.local/lib/python3.8/site-packages/airflow/example_dags/example_sensors.py
[2026-04-21T07:41:45.988+0000] {logging_mixin.py:188} INFO - [2026-04-21T07:41:45.988+0000] {dag.py:3036} INFO - Sync 1 DAGs
[2026-04-21T07:41:45.997+0000] {logging_mixin.py:188} INFO - [2026-04-21T07:41:45.997+0000] {dag.py:3823} INFO - Setting next_dagrun for example_sensors to None, run_after=None
[2026-04-21T07:41:46.009+0000] {processor.py:183} INFO - Processing /home/airflow/.local/lib/python3.8/site-packages/airflow/example_dags/example_sensors.py took 0.052 seconds
[2026-04-21T07:42:16.105+0000] {processor.py:161} INFO - Started process (PID=17164) to work on /home/airflow/.local/lib/python3.8/site-packages/airflow/example_dags/example_sensors.py
[2026-04-21T07:42:16.106+0000] {processor.py:830} INFO - Processing file /home/airflow/.local/lib/python3.8/site-packages/airflow/example_dags/example_sensors.py for tasks to queue
[2026-04-21T07:42:16.107+0000] {logging_mixin.py:188} INFO - [2026-04-21T07:42:16.106+0000] {dagbag.py:538} INFO - Filling up the DagBag from /home/airflow/.local/lib/python3.8/site-packages/airflow/example_dags/example_sensors.py
[2026-04-21T07:42:16.113+0000] {processor.py:840} INFO - DAG(s) 'example_sensors' retrieved from /home/airflow/.local/lib/python3.8/site-packages/airflow/example_dags/example_sensors.py
[2026-04-21T07:42:16.130+0000] {logging_mixin.py:188} INFO - [2026-04-21T07:42:16.130+0000] {dag.py:3036} INFO - Sync 1 DAGs
[2026-04-21T07:42:16.138+0000] {logging_mixin.py:188} INFO - [2026-04-21T07:42:16.138+0000] {dag.py:3823} INFO - Setting next_dagrun for example_sensors to None, run_after=None
[2026-04-21T07:42:16.147+0000] {processor.py:183} INFO - Processing /home/airflow/.local/lib/python3.8/site-packages/airflow/example_dags/example_sensors.py took 0.044 seconds
[2026-04-21T07:42:47.444+0000] {processor.py:161} INFO - Started process (PID=17219) to work on /home/airflow/.local/lib/python3.8/site-packages/airflow/example_dags/example_sensors.py
[2026-04-21T07:42:47.444+0000] {processor.py:830} INFO - Processing file /home/airflow/.local/lib/python3.8/site-packages/airflow/example_dags/example_sensors.py for tasks to queue
[2026-04-21T07:42:47.445+0000] {logging_mixin.py:188} INFO - [2026-04-21T07:42:47.445+0000] {dagbag.py:538} INFO - Filling up the DagBag from /home/airflow/.local/lib/python3.8/site-packages/airflow/example_dags/example_sensors.py
[2026-04-21T07:42:47.561+0000] {processor.py:840} INFO - DAG(s) 'example_sensors' retrieved from /home/airflow/.local/lib/python3.8/site-packages/airflow/example_dags/example_sensors.py
[2026-04-21T07:42:47.575+0000] {logging_mixin.py:188} INFO - [2026-04-21T07:42:47.575+0000] {dag.py:3036} INFO - Sync 1 DAGs
[2026-04-21T07:42:47.582+0000] {logging_mixin.py:188} INFO - [2026-04-21T07:42:47.582+0000] {dag.py:3823} INFO - Setting next_dagrun for example_sensors to None, run_after=None
[2026-04-21T07:42:47.592+0000] {processor.py:183} INFO - Processing /home/airflow/.local/lib/python3.8/site-packages/airflow/example_dags/example_sensors.py took 0.151 seconds
[2026-04-21T07:43:18.324+0000] {processor.py:161} INFO - Started process (PID=17274) to work on /home/airflow/.local/lib/python3.8/site-packages/airflow/example_dags/example_sensors.py
[2026-04-21T07:43:18.325+0000] {processor.py:830} INFO - Processing file /home/airflow/.local/lib/python3.8/site-packages/airflow/example_dags/example_sensors.py for tasks to queue
[2026-04-21T07:43:18.325+0000] {logging_mixin.py:188} INFO - [2026-04-21T07:43:18.325+0000] {dagbag.py:538} INFO - Filling up the DagBag from /home/airflow/.local/lib/python3.8/site-packages/airflow/example_dags/example_sensors.py
[2026-04-21T07:43:18.332+0000] {processor.py:840} INFO - DAG(s) 'example_sensors' retrieved from /home/airflow/.local/lib/python3.8/site-packages/airflow/example_dags/example_sensors.py
[2026-04-21T07:43:18.349+0000] {logging_mixin.py:188} INFO - [2026-04-21T07:43:18.349+0000] {dag.py:3036} INFO - Sync 1 DAGs
[2026-04-21T07:43:18.357+0000] {logging_mixin.py:188} INFO - [2026-04-21T07:43:18.357+0000] {dag.py:3823} INFO - Setting next_dagrun for example_sensors to None, run_after=None
[2026-04-21T07:43:18.368+0000] {processor.py:183} INFO - Processing /home/airflow/.local/lib/python3.8/site-packages/airflow/example_dags/example_sensors.py took 0.046 seconds
[2026-04-21T07:43:48.959+0000] {processor.py:161} INFO - Started process (PID=17329) to work on /home/airflow/.local/lib/python3.8/site-packages/airflow/example_dags/example_sensors.py
[2026-04-21T07:43:48.959+0000] {processor.py:830} INFO - Processing file /home/airflow/.local/lib/python3.8/site-packages/airflow/example_dags/example_sensors.py for tasks to queue
[2026-04-21T07:43:48.960+0000] {logging_mixin.py:188} INFO - [2026-04-21T07:43:48.960+0000] {dagbag.py:538} INFO - Filling up the DagBag from /home/airflow/.local/lib/python3.8/site-packages/airflow/example_dags/example_sensors.py
[2026-04-21T07:43:48.967+0000] {processor.py:840} INFO - DAG(s) 'example_sensors' retrieved from /home/airflow/.local/lib/python3.8/site-packages/airflow/example_dags/example_sensors.py
[2026-04-21T07:43:48.985+0000] {logging_mixin.py:188} INFO - [2026-04-21T07:43:48.984+0000] {dag.py:3036} INFO - Sync 1 DAGs
[2026-04-21T07:43:48.993+0000] {logging_mixin.py:188} INFO - [2026-04-21T07:43:48.993+0000] {dag.py:3823} INFO - Setting next_dagrun for example_sensors to None, run_after=None
[2026-04-21T07:43:49.004+0000] {processor.py:183} INFO - Processing /home/airflow/.local/lib/python3.8/site-packages/airflow/example_dags/example_sensors.py took 0.048 seconds
[2026-04-21T07:44:19.694+0000] {processor.py:161} INFO - Started process (PID=17384) to work on /home/airflow/.local/lib/python3.8/site-packages/airflow/example_dags/example_sensors.py
[2026-04-21T07:44:19.695+0000] {processor.py:830} INFO - Processing file /home/airflow/.local/lib/python3.8/site-packages/airflow/example_dags/example_sensors.py for tasks to queue
[2026-04-21T07:44:19.695+0000] {logging_mixin.py:188} INFO - [2026-04-21T07:44:19.695+0000] {dagbag.py:538} INFO - Filling up the DagBag from /home/airflow/.local/lib/python3.8/site-packages/airflow/example_dags/example_sensors.py
[2026-04-21T07:44:19.704+0000] {processor.py:840} INFO - DAG(s) 'example_sensors' retrieved from /home/airflow/.local/lib/python3.8/site-packages/airflow/example_dags/example_sensors.py
[2026-04-21T07:44:19.724+0000] {logging_mixin.py:188} INFO - [2026-04-21T07:44:19.723+0000] {dag.py:3036} INFO - Sync 1 DAGs
[2026-04-21T07:44:19.733+0000] {logging_mixin.py:188} INFO - [2026-04-21T07:44:19.733+0000] {dag.py:3823} INFO - Setting next_dagrun for example_sensors to None, run_after=None
[2026-04-21T07:44:19.746+0000] {processor.py:183} INFO - Processing /home/airflow/.local/lib/python3.8/site-packages/airflow/example_dags/example_sensors.py took 0.055 seconds
[2026-04-21T07:44:50.429+0000] {processor.py:161} INFO - Started process (PID=17439) to work on /home/airflow/.local/lib/python3.8/site-packages/airflow/example_dags/example_sensors.py
[2026-04-21T07:44:50.430+0000] {processor.py:830} INFO - Processing file /home/airflow/.local/lib/python3.8/site-packages/airflow/example_dags/example_sensors.py for tasks to queue
[2026-04-21T07:44:50.430+0000] {logging_mixin.py:188} INFO - [2026-04-21T07:44:50.430+0000] {dagbag.py:538} INFO - Filling up the DagBag from /home/airflow/.local/lib/python3.8/site-packages/airflow/example_dags/example_sensors.py
[2026-04-21T07:44:50.438+0000] {processor.py:840} INFO - DAG(s) 'example_sensors' retrieved from /home/airflow/.local/lib/python3.8/site-packages/airflow/example_dags/example_sensors.py
[2026-04-21T07:44:50.460+0000] {logging_mixin.py:188} INFO - [2026-04-21T07:44:50.459+0000] {dag.py:3036} INFO - Sync 1 DAGs
[2026-04-21T07:44:50.469+0000] {logging_mixin.py:188} INFO - [2026-04-21T07:44:50.469+0000] {dag.py:3823} INFO - Setting next_dagrun for example_sensors to None, run_after=None
[2026-04-21T07:44:50.483+0000] {processor.py:183} INFO - Processing /home/airflow/.local/lib/python3.8/site-packages/airflow/example_dags/example_sensors.py took 0.057 seconds
[2026-04-21T07:45:21.123+0000] {processor.py:161} INFO - Started process (PID=17494) to work on /home/airflow/.local/lib/python3.8/site-packages/airflow/example_dags/example_sensors.py
[2026-04-21T07:45:21.123+0000] {processor.py:830} INFO - Processing file /home/airflow/.local/lib/python3.8/site-packages/airflow/example_dags/example_sensors.py for tasks to queue
[2026-04-21T07:45:21.124+0000] {logging_mixin.py:188} INFO - [2026-04-21T07:45:21.124+0000] {dagbag.py:538} INFO - Filling up the DagBag from /home/airflow/.local/lib/python3.8/site-packages/airflow/example_dags/example_sensors.py
[2026-04-21T07:45:21.132+0000] {processor.py:840} INFO - DAG(s) 'example_sensors' retrieved from /home/airflow/.local/lib/python3.8/site-packages/airflow/example_dags/example_sensors.py
[2026-04-21T07:45:21.154+0000] {logging_mixin.py:188} INFO - [2026-04-21T07:45:21.154+0000] {dag.py:3036} INFO - Sync 1 DAGs
[2026-04-21T07:45:21.164+0000] {logging_mixin.py:188} INFO - [2026-04-21T07:45:21.164+0000] {dag.py:3823} INFO - Setting next_dagrun for example_sensors to None, run_after=None
[2026-04-21T07:45:21.178+0000] {processor.py:183} INFO - Processing /home/airflow/.local/lib/python3.8/site-packages/airflow/example_dags/example_sensors.py took 0.058 seconds
[2026-04-21T07:45:51.367+0000] {processor.py:161} INFO - Started process (PID=17549) to work on /home/airflow/.local/lib/python3.8/site-packages/airflow/example_dags/example_sensors.py
[2026-04-21T07:45:51.368+0000] {processor.py:830} INFO - Processing file /home/airflow/.local/lib/python3.8/site-packages/airflow/example_dags/example_sensors.py for tasks to queue
[2026-04-21T07:45:51.368+0000] {logging_mixin.py:188} INFO - [2026-04-21T07:45:51.368+0000] {dagbag.py:538} INFO - Filling up the DagBag from /home/airflow/.local/lib/python3.8/site-packages/airflow/example_dags/example_sensors.py
[2026-04-21T07:45:51.374+0000] {processor.py:840} INFO - DAG(s) 'example_sensors' retrieved from /home/airflow/.local/lib/python3.8/site-packages/airflow/example_dags/example_sensors.py
[2026-04-21T07:45:51.391+0000] {logging_mixin.py:188} INFO - [2026-04-21T07:45:51.391+0000] {dag.py:3036} INFO - Sync 1 DAGs
[2026-04-21T07:45:51.399+0000] {logging_mixin.py:188} INFO - [2026-04-21T07:45:51.399+0000] {dag.py:3823} INFO - Setting next_dagrun for example_sensors to None, run_after=None
[2026-04-21T07:45:51.409+0000] {processor.py:183} INFO - Processing /home/airflow/.local/lib/python3.8/site-packages/airflow/example_dags/example_sensors.py took 0.044 seconds
[2026-04-21T07:46:22.156+0000] {processor.py:161} INFO - Started process (PID=17604) to work on /home/airflow/.local/lib/python3.8/site-packages/airflow/example_dags/example_sensors.py
[2026-04-21T07:46:22.157+0000] {processor.py:830} INFO - Processing file /home/airflow/.local/lib/python3.8/site-packages/airflow/example_dags/example_sensors.py for tasks to queue
[2026-04-21T07:46:22.157+0000] {logging_mixin.py:188} INFO - [2026-04-21T07:46:22.157+0000] {dagbag.py:538} INFO - Filling up the DagBag from /home/airflow/.local/lib/python3.8/site-packages/airflow/example_dags/example_sensors.py
[2026-04-21T07:46:22.164+0000] {processor.py:840} INFO - DAG(s) 'example_sensors' retrieved from /home/airflow/.local/lib/python3.8/site-packages/airflow/example_dags/example_sensors.py
[2026-04-21T07:46:22.181+0000] {logging_mixin.py:188} INFO - [2026-04-21T07:46:22.181+0000] {dag.py:3036} INFO - Sync 1 DAGs
[2026-04-21T07:46:22.189+0000] {logging_mixin.py:188} INFO - [2026-04-21T07:46:22.189+0000] {dag.py:3823} INFO - Setting next_dagrun for example_sensors to None, run_after=None
[2026-04-21T07:46:22.199+0000] {processor.py:183} INFO - Processing /home/airflow/.local/lib/python3.8/site-packages/airflow/example_dags/example_sensors.py took 0.045 seconds
[2026-04-21T07:46:52.984+0000] {processor.py:161} INFO - Started process (PID=17659) to work on /home/airflow/.local/lib/python3.8/site-packages/airflow/example_dags/example_sensors.py
[2026-04-21T07:46:52.985+0000] {processor.py:830} INFO - Processing file /home/airflow/.local/lib/python3.8/site-packages/airflow/example_dags/example_sensors.py for tasks to queue
[2026-04-21T07:46:52.985+0000] {logging_mixin.py:188} INFO - [2026-04-21T07:46:52.985+0000] {dagbag.py:538} INFO - Filling up the DagBag from /home/airflow/.local/lib/python3.8/site-packages/airflow/example_dags/example_sensors.py
[2026-04-21T07:46:52.992+0000] {processor.py:840} INFO - DAG(s) 'example_sensors' retrieved from /home/airflow/.local/lib/python3.8/site-packages/airflow/example_dags/example_sensors.py
[2026-04-21T07:46:53.009+0000] {logging_mixin.py:188} INFO - [2026-04-21T07:46:53.009+0000] {dag.py:3036} INFO - Sync 1 DAGs
[2026-04-21T07:46:53.017+0000] {logging_mixin.py:188} INFO - [2026-04-21T07:46:53.017+0000] {dag.py:3823} INFO - Setting next_dagrun for example_sensors to None, run_after=None
[2026-04-21T07:46:53.030+0000] {processor.py:183} INFO - Processing /home/airflow/.local/lib/python3.8/site-packages/airflow/example_dags/example_sensors.py took 0.048 seconds
[2026-04-21T07:47:23.185+0000] {processor.py:161} INFO - Started process (PID=17714) to work on /home/airflow/.local/lib/python3.8/site-packages/airflow/example_dags/example_sensors.py
[2026-04-21T07:47:23.185+0000] {processor.py:830} INFO - Processing file /home/airflow/.local/lib/python3.8/site-packages/airflow/example_dags/example_sensors.py for tasks to queue
[2026-04-21T07:47:23.186+0000] {logging_mixin.py:188} INFO - [2026-04-21T07:47:23.186+0000] {dagbag.py:538} INFO - Filling up the DagBag from /home/airflow/.local/lib/python3.8/site-packages/airflow/example_dags/example_sensors.py
[2026-04-21T07:47:23.193+0000] {processor.py:840} INFO - DAG(s) 'example_sensors' retrieved from /home/airflow/.local/lib/python3.8/site-packages/airflow/example_dags/example_sensors.py
[2026-04-21T07:47:23.211+0000] {logging_mixin.py:188} INFO - [2026-04-21T07:47:23.210+0000] {dag.py:3036} INFO - Sync 1 DAGs
[2026-04-21T07:47:23.220+0000] {logging_mixin.py:188} INFO - [2026-04-21T07:47:23.220+0000] {dag.py:3823} INFO - Setting next_dagrun for example_sensors to None, run_after=None
[2026-04-21T07:47:23.232+0000] {processor.py:183} INFO - Processing /home/airflow/.local/lib/python3.8/site-packages/airflow/example_dags/example_sensors.py took 0.050 seconds
[2026-04-21T07:47:54.115+0000] {processor.py:161} INFO - Started process (PID=17769) to work on /home/airflow/.local/lib/python3.8/site-packages/airflow/example_dags/example_sensors.py
[2026-04-21T07:47:54.115+0000] {processor.py:830} INFO - Processing file /home/airflow/.local/lib/python3.8/site-packages/airflow/example_dags/example_sensors.py for tasks to queue
[2026-04-21T07:47:54.116+0000] {logging_mixin.py:188} INFO - [2026-04-21T07:47:54.116+0000] {dagbag.py:538} INFO - Filling up the DagBag from /home/airflow/.local/lib/python3.8/site-packages/airflow/example_dags/example_sensors.py
[2026-04-21T07:47:54.124+0000] {processor.py:840} INFO - DAG(s) 'example_sensors' retrieved from /home/airflow/.local/lib/python3.8/site-packages/airflow/example_dags/example_sensors.py
[2026-04-21T07:47:54.146+0000] {logging_mixin.py:188} INFO - [2026-04-21T07:47:54.145+0000] {dag.py:3036} INFO - Sync 1 DAGs
[2026-04-21T07:47:54.156+0000] {logging_mixin.py:188} INFO - [2026-04-21T07:47:54.156+0000] {dag.py:3823} INFO - Setting next_dagrun for example_sensors to None, run_after=None
[2026-04-21T07:47:54.173+0000] {processor.py:183} INFO - Processing /home/airflow/.local/lib/python3.8/site-packages/airflow/example_dags/example_sensors.py took 0.061 seconds
[2026-04-21T07:48:24.229+0000] {processor.py:161} INFO - Started process (PID=17824) to work on /home/airflow/.local/lib/python3.8/site-packages/airflow/example_dags/example_sensors.py
[2026-04-21T07:48:24.230+0000] {processor.py:830} INFO - Processing file /home/airflow/.local/lib/python3.8/site-packages/airflow/example_dags/example_sensors.py for tasks to queue
[2026-04-21T07:48:24.230+0000] {logging_mixin.py:188} INFO - [2026-04-21T07:48:24.230+0000] {dagbag.py:538} INFO - Filling up the DagBag from /home/airflow/.local/lib/python3.8/site-packages/airflow/example_dags/example_sensors.py
[2026-04-21T07:48:24.237+0000] {processor.py:840} INFO - DAG(s) 'example_sensors' retrieved from /home/airflow/.local/lib/python3.8/site-packages/airflow/example_dags/example_sensors.py
[2026-04-21T07:48:24.256+0000] {logging_mixin.py:188} INFO - [2026-04-21T07:48:24.256+0000] {dag.py:3036} INFO - Sync 1 DAGs
[2026-04-21T07:48:24.265+0000] {logging_mixin.py:188} INFO - [2026-04-21T07:48:24.265+0000] {dag.py:3823} INFO - Setting next_dagrun for example_sensors to None, run_after=None
[2026-04-21T07:48:24.276+0000] {processor.py:183} INFO - Processing /home/airflow/.local/lib/python3.8/site-packages/airflow/example_dags/example_sensors.py took 0.050 seconds
[2026-04-21T07:48:55.019+0000] {processor.py:161} INFO - Started process (PID=17879) to work on /home/airflow/.local/lib/python3.8/site-packages/airflow/example_dags/example_sensors.py
[2026-04-21T07:48:55.019+0000] {processor.py:830} INFO - Processing file /home/airflow/.local/lib/python3.8/site-packages/airflow/example_dags/example_sensors.py for tasks to queue
[2026-04-21T07:48:55.020+0000] {logging_mixin.py:188} INFO - [2026-04-21T07:48:55.020+0000] {dagbag.py:538} INFO - Filling up the DagBag from /home/airflow/.local/lib/python3.8/site-packages/airflow/example_dags/example_sensors.py
[2026-04-21T07:48:55.027+0000] {processor.py:840} INFO - DAG(s) 'example_sensors' retrieved from /home/airflow/.local/lib/python3.8/site-packages/airflow/example_dags/example_sensors.py
[2026-04-21T07:48:55.048+0000] {logging_mixin.py:188} INFO - [2026-04-21T07:48:55.047+0000] {dag.py:3036} INFO - Sync 1 DAGs
[2026-04-21T07:48:55.057+0000] {logging_mixin.py:188} INFO - [2026-04-21T07:48:55.057+0000] {dag.py:3823} INFO - Setting next_dagrun for example_sensors to None, run_after=None
[2026-04-21T07:48:55.070+0000] {processor.py:183} INFO - Processing /home/airflow/.local/lib/python3.8/site-packages/airflow/example_dags/example_sensors.py took 0.054 seconds
[2026-04-21T07:49:25.714+0000] {processor.py:161} INFO - Started process (PID=17934) to work on /home/airflow/.local/lib/python3.8/site-packages/airflow/example_dags/example_sensors.py
[2026-04-21T07:49:25.715+0000] {processor.py:830} INFO - Processing file /home/airflow/.local/lib/python3.8/site-packages/airflow/example_dags/example_sensors.py for tasks to queue
[2026-04-21T07:49:25.715+0000] {logging_mixin.py:188} INFO - [2026-04-21T07:49:25.715+0000] {dagbag.py:538} INFO - Filling up the DagBag from /home/airflow/.local/lib/python3.8/site-packages/airflow/example_dags/example_sensors.py
[2026-04-21T07:49:25.722+0000] {processor.py:840} INFO - DAG(s) 'example_sensors' retrieved from /home/airflow/.local/lib/python3.8/site-packages/airflow/example_dags/example_sensors.py
[2026-04-21T07:49:25.740+0000] {logging_mixin.py:188} INFO - [2026-04-21T07:49:25.739+0000] {dag.py:3036} INFO - Sync 1 DAGs
[2026-04-21T07:49:25.748+0000] {logging_mixin.py:188} INFO - [2026-04-21T07:49:25.748+0000] {dag.py:3823} INFO - Setting next_dagrun for example_sensors to None, run_after=None
[2026-04-21T07:49:25.759+0000] {processor.py:183} INFO - Processing /home/airflow/.local/lib/python3.8/site-packages/airflow/example_dags/example_sensors.py took 0.047 seconds
[2026-04-21T07:49:56.451+0000] {processor.py:161} INFO - Started process (PID=17989) to work on /home/airflow/.local/lib/python3.8/site-packages/airflow/example_dags/example_sensors.py
[2026-04-21T07:49:56.452+0000] {processor.py:830} INFO - Processing file /home/airflow/.local/lib/python3.8/site-packages/airflow/example_dags/example_sensors.py for tasks to queue
[2026-04-21T07:49:56.453+0000] {logging_mixin.py:188} INFO - [2026-04-21T07:49:56.452+0000] {dagbag.py:538} INFO - Filling up the DagBag from /home/airflow/.local/lib/python3.8/site-packages/airflow/example_dags/example_sensors.py
[2026-04-21T07:49:56.459+0000] {processor.py:840} INFO - DAG(s) 'example_sensors' retrieved from /home/airflow/.local/lib/python3.8/site-packages/airflow/example_dags/example_sensors.py
[2026-04-21T07:49:56.476+0000] {logging_mixin.py:188} INFO - [2026-04-21T07:49:56.476+0000] {dag.py:3036} INFO - Sync 1 DAGs
[2026-04-21T07:49:56.485+0000] {logging_mixin.py:188} INFO - [2026-04-21T07:49:56.484+0000] {dag.py:3823} INFO - Setting next_dagrun for example_sensors to None, run_after=None
[2026-04-21T07:49:56.495+0000] {processor.py:183} INFO - Processing /home/airflow/.local/lib/python3.8/site-packages/airflow/example_dags/example_sensors.py took 0.046 seconds
[2026-04-21T07:50:27.198+0000] {processor.py:161} INFO - Started process (PID=18044) to work on /home/airflow/.local/lib/python3.8/site-packages/airflow/example_dags/example_sensors.py
[2026-04-21T07:50:27.199+0000] {processor.py:830} INFO - Processing file /home/airflow/.local/lib/python3.8/site-packages/airflow/example_dags/example_sensors.py for tasks to queue
[2026-04-21T07:50:27.200+0000] {logging_mixin.py:188} INFO - [2026-04-21T07:50:27.199+0000] {dagbag.py:538} INFO - Filling up the DagBag from /home/airflow/.local/lib/python3.8/site-packages/airflow/example_dags/example_sensors.py
[2026-04-21T07:50:27.207+0000] {processor.py:840} INFO - DAG(s) 'example_sensors' retrieved from /home/airflow/.local/lib/python3.8/site-packages/airflow/example_dags/example_sensors.py
[2026-04-21T07:50:27.227+0000] {logging_mixin.py:188} INFO - [2026-04-21T07:50:27.226+0000] {dag.py:3036} INFO - Sync 1 DAGs
[2026-04-21T07:50:27.236+0000] {logging_mixin.py:188} INFO - [2026-04-21T07:50:27.236+0000] {dag.py:3823} INFO - Setting next_dagrun for example_sensors to None, run_after=None
[2026-04-21T07:50:27.248+0000] {processor.py:183} INFO - Processing /home/airflow/.local/lib/python3.8/site-packages/airflow/example_dags/example_sensors.py took 0.052 seconds
[2026-04-21T07:50:58.030+0000] {processor.py:161} INFO - Started process (PID=18099) to work on /home/airflow/.local/lib/python3.8/site-packages/airflow/example_dags/example_sensors.py
[2026-04-21T07:50:58.031+0000] {processor.py:830} INFO - Processing file /home/airflow/.local/lib/python3.8/site-packages/airflow/example_dags/example_sensors.py for tasks to queue
[2026-04-21T07:50:58.032+0000] {logging_mixin.py:188} INFO - [2026-04-21T07:50:58.031+0000] {dagbag.py:538} INFO - Filling up the DagBag from /home/airflow/.local/lib/python3.8/site-packages/airflow/example_dags/example_sensors.py
[2026-04-21T07:50:58.038+0000] {processor.py:840} INFO - DAG(s) 'example_sensors' retrieved from /home/airflow/.local/lib/python3.8/site-packages/airflow/example_dags/example_sensors.py
[2026-04-21T07:50:58.058+0000] {logging_mixin.py:188} INFO - [2026-04-21T07:50:58.057+0000] {dag.py:3036} INFO - Sync 1 DAGs
[2026-04-21T07:50:58.067+0000] {logging_mixin.py:188} INFO - [2026-04-21T07:50:58.067+0000] {dag.py:3823} INFO - Setting next_dagrun for example_sensors to None, run_after=None
[2026-04-21T07:50:58.080+0000] {processor.py:183} INFO - Processing /home/airflow/.local/lib/python3.8/site-packages/airflow/example_dags/example_sensors.py took 0.052 seconds
[2026-04-21T07:51:28.823+0000] {processor.py:161} INFO - Started process (PID=18154) to work on /home/airflow/.local/lib/python3.8/site-packages/airflow/example_dags/example_sensors.py
[2026-04-21T07:51:28.824+0000] {processor.py:830} INFO - Processing file /home/airflow/.local/lib/python3.8/site-packages/airflow/example_dags/example_sensors.py for tasks to queue
[2026-04-21T07:51:28.825+0000] {logging_mixin.py:188} INFO - [2026-04-21T07:51:28.824+0000] {dagbag.py:538} INFO - Filling up the DagBag from /home/airflow/.local/lib/python3.8/site-packages/airflow/example_dags/example_sensors.py
[2026-04-21T07:51:28.831+0000] {processor.py:840} INFO - DAG(s) 'example_sensors' retrieved from /home/airflow/.local/lib/python3.8/site-packages/airflow/example_dags/example_sensors.py
[2026-04-21T07:51:28.848+0000] {logging_mixin.py:188} INFO - [2026-04-21T07:51:28.848+0000] {dag.py:3036} INFO - Sync 1 DAGs
[2026-04-21T07:51:28.856+0000] {logging_mixin.py:188} INFO - [2026-04-21T07:51:28.856+0000] {dag.py:3823} INFO - Setting next_dagrun for example_sensors to None, run_after=None
[2026-04-21T07:51:28.867+0000] {processor.py:183} INFO - Processing /home/airflow/.local/lib/python3.8/site-packages/airflow/example_dags/example_sensors.py took 0.046 seconds
[2026-04-21T07:51:59.421+0000] {processor.py:161} INFO - Started process (PID=18209) to work on /home/airflow/.local/lib/python3.8/site-packages/airflow/example_dags/example_sensors.py
[2026-04-21T07:51:59.422+0000] {processor.py:830} INFO - Processing file /home/airflow/.local/lib/python3.8/site-packages/airflow/example_dags/example_sensors.py for tasks to queue
[2026-04-21T07:51:59.422+0000] {logging_mixin.py:188} INFO - [2026-04-21T07:51:59.422+0000] {dagbag.py:538} INFO - Filling up the DagBag from /home/airflow/.local/lib/python3.8/site-packages/airflow/example_dags/example_sensors.py
[2026-04-21T07:51:59.428+0000] {processor.py:840} INFO - DAG(s) 'example_sensors' retrieved from /home/airflow/.local/lib/python3.8/site-packages/airflow/example_dags/example_sensors.py
[2026-04-21T07:51:59.444+0000] {logging_mixin.py:188} INFO - [2026-04-21T07:51:59.444+0000] {dag.py:3036} INFO - Sync 1 DAGs
[2026-04-21T07:51:59.452+0000] {logging_mixin.py:188} INFO - [2026-04-21T07:51:59.452+0000] {dag.py:3823} INFO - Setting next_dagrun for example_sensors to None, run_after=None
[2026-04-21T07:51:59.463+0000] {processor.py:183} INFO - Processing /home/airflow/.local/lib/python3.8/site-packages/airflow/example_dags/example_sensors.py took 0.045 seconds
[2026-04-21T07:52:30.048+0000] {processor.py:161} INFO - Started process (PID=18264) to work on /home/airflow/.local/lib/python3.8/site-packages/airflow/example_dags/example_sensors.py
[2026-04-21T07:52:30.049+0000] {processor.py:830} INFO - Processing file /home/airflow/.local/lib/python3.8/site-packages/airflow/example_dags/example_sensors.py for tasks to queue
[2026-04-21T07:52:30.050+0000] {logging_mixin.py:188} INFO - [2026-04-21T07:52:30.049+0000] {dagbag.py:538} INFO - Filling up the DagBag from /home/airflow/.local/lib/python3.8/site-packages/airflow/example_dags/example_sensors.py
[2026-04-21T07:52:30.057+0000] {processor.py:840} INFO - DAG(s) 'example_sensors' retrieved from /home/airflow/.local/lib/python3.8/site-packages/airflow/example_dags/example_sensors.py
[2026-04-21T07:52:30.074+0000] {logging_mixin.py:188} INFO - [2026-04-21T07:52:30.073+0000] {dag.py:3036} INFO - Sync 1 DAGs
[2026-04-21T07:52:30.082+0000] {logging_mixin.py:188} INFO - [2026-04-21T07:52:30.081+0000] {dag.py:3823} INFO - Setting next_dagrun for example_sensors to None, run_after=None
[2026-04-21T07:52:30.092+0000] {processor.py:183} INFO - Processing /home/airflow/.local/lib/python3.8/site-packages/airflow/example_dags/example_sensors.py took 0.046 seconds
[2026-04-21T07:53:00.686+0000] {processor.py:161} INFO - Started process (PID=18319) to work on /home/airflow/.local/lib/python3.8/site-packages/airflow/example_dags/example_sensors.py
[2026-04-21T07:53:00.687+0000] {processor.py:830} INFO - Processing file /home/airflow/.local/lib/python3.8/site-packages/airflow/example_dags/example_sensors.py for tasks to queue
[2026-04-21T07:53:00.687+0000] {logging_mixin.py:188} INFO - [2026-04-21T07:53:00.687+0000] {dagbag.py:538} INFO - Filling up the DagBag from /home/airflow/.local/lib/python3.8/site-packages/airflow/example_dags/example_sensors.py
[2026-04-21T07:53:00.694+0000] {processor.py:840} INFO - DAG(s) 'example_sensors' retrieved from /home/airflow/.local/lib/python3.8/site-packages/airflow/example_dags/example_sensors.py
[2026-04-21T07:53:00.710+0000] {logging_mixin.py:188} INFO - [2026-04-21T07:53:00.710+0000] {dag.py:3036} INFO - Sync 1 DAGs
[2026-04-21T07:53:00.719+0000] {logging_mixin.py:188} INFO - [2026-04-21T07:53:00.718+0000] {dag.py:3823} INFO - Setting next_dagrun for example_sensors to None, run_after=None
[2026-04-21T07:53:00.729+0000] {processor.py:183} INFO - Processing /home/airflow/.local/lib/python3.8/site-packages/airflow/example_dags/example_sensors.py took 0.046 seconds
[2026-04-21T07:53:31.345+0000] {processor.py:161} INFO - Started process (PID=18374) to work on /home/airflow/.local/lib/python3.8/site-packages/airflow/example_dags/example_sensors.py
[2026-04-21T07:53:31.346+0000] {processor.py:830} INFO - Processing file /home/airflow/.local/lib/python3.8/site-packages/airflow/example_dags/example_sensors.py for tasks to queue
[2026-04-21T07:53:31.346+0000] {logging_mixin.py:188} INFO - [2026-04-21T07:53:31.346+0000] {dagbag.py:538} INFO - Filling up the DagBag from /home/airflow/.local/lib/python3.8/site-packages/airflow/example_dags/example_sensors.py
[2026-04-21T07:53:31.353+0000] {processor.py:840} INFO - DAG(s) 'example_sensors' retrieved from /home/airflow/.local/lib/python3.8/site-packages/airflow/example_dags/example_sensors.py
[2026-04-21T07:53:31.369+0000] {logging_mixin.py:188} INFO - [2026-04-21T07:53:31.369+0000] {dag.py:3036} INFO - Sync 1 DAGs
[2026-04-21T07:53:31.377+0000] {logging_mixin.py:188} INFO - [2026-04-21T07:53:31.377+0000] {dag.py:3823} INFO - Setting next_dagrun for example_sensors to None, run_after=None
[2026-04-21T07:53:31.388+0000] {processor.py:183} INFO - Processing /home/airflow/.local/lib/python3.8/site-packages/airflow/example_dags/example_sensors.py took 0.045 seconds
[2026-04-21T07:54:01.999+0000] {processor.py:161} INFO - Started process (PID=18429) to work on /home/airflow/.local/lib/python3.8/site-packages/airflow/example_dags/example_sensors.py
[2026-04-21T07:54:02.000+0000] {processor.py:830} INFO - Processing file /home/airflow/.local/lib/python3.8/site-packages/airflow/example_dags/example_sensors.py for tasks to queue
[2026-04-21T07:54:02.001+0000] {logging_mixin.py:188} INFO - [2026-04-21T07:54:02.000+0000] {dagbag.py:538} INFO - Filling up the DagBag from /home/airflow/.local/lib/python3.8/site-packages/airflow/example_dags/example_sensors.py
[2026-04-21T07:54:02.007+0000] {processor.py:840} INFO - DAG(s) 'example_sensors' retrieved from /home/airflow/.local/lib/python3.8/site-packages/airflow/example_dags/example_sensors.py
[2026-04-21T07:54:02.024+0000] {logging_mixin.py:188} INFO - [2026-04-21T07:54:02.024+0000] {dag.py:3036} INFO - Sync 1 DAGs
[2026-04-21T07:54:02.032+0000] {logging_mixin.py:188} INFO - [2026-04-21T07:54:02.032+0000] {dag.py:3823} INFO - Setting next_dagrun for example_sensors to None, run_after=None
[2026-04-21T07:54:02.044+0000] {processor.py:183} INFO - Processing /home/airflow/.local/lib/python3.8/site-packages/airflow/example_dags/example_sensors.py took 0.047 seconds
[2026-04-21T07:54:32.638+0000] {processor.py:161} INFO - Started process (PID=18484) to work on /home/airflow/.local/lib/python3.8/site-packages/airflow/example_dags/example_sensors.py
[2026-04-21T07:54:32.639+0000] {processor.py:830} INFO - Processing file /home/airflow/.local/lib/python3.8/site-packages/airflow/example_dags/example_sensors.py for tasks to queue
[2026-04-21T07:54:32.640+0000] {logging_mixin.py:188} INFO - [2026-04-21T07:54:32.639+0000] {dagbag.py:538} INFO - Filling up the DagBag from /home/airflow/.local/lib/python3.8/site-packages/airflow/example_dags/example_sensors.py
[2026-04-21T07:54:32.646+0000] {processor.py:840} INFO - DAG(s) 'example_sensors' retrieved from /home/airflow/.local/lib/python3.8/site-packages/airflow/example_dags/example_sensors.py
[2026-04-21T07:54:32.668+0000] {logging_mixin.py:188} INFO - [2026-04-21T07:54:32.668+0000] {dag.py:3036} INFO - Sync 1 DAGs
[2026-04-21T07:54:32.678+0000] {logging_mixin.py:188} INFO - [2026-04-21T07:54:32.677+0000] {dag.py:3823} INFO - Setting next_dagrun for example_sensors to None, run_after=None
[2026-04-21T07:54:32.693+0000] {processor.py:183} INFO - Processing /home/airflow/.local/lib/python3.8/site-packages/airflow/example_dags/example_sensors.py took 0.057 seconds
[2026-04-21T07:55:03.253+0000] {processor.py:161} INFO - Started process (PID=18539) to work on /home/airflow/.local/lib/python3.8/site-packages/airflow/example_dags/example_sensors.py
[2026-04-21T07:55:03.254+0000] {processor.py:830} INFO - Processing file /home/airflow/.local/lib/python3.8/site-packages/airflow/example_dags/example_sensors.py for tasks to queue
[2026-04-21T07:55:03.254+0000] {logging_mixin.py:188} INFO - [2026-04-21T07:55:03.254+0000] {dagbag.py:538} INFO - Filling up the DagBag from /home/airflow/.local/lib/python3.8/site-packages/airflow/example_dags/example_sensors.py
[2026-04-21T07:55:03.261+0000] {processor.py:840} INFO - DAG(s) 'example_sensors' retrieved from /home/airflow/.local/lib/python3.8/site-packages/airflow/example_dags/example_sensors.py
[2026-04-21T07:55:03.279+0000] {logging_mixin.py:188} INFO - [2026-04-21T07:55:03.279+0000] {dag.py:3036} INFO - Sync 1 DAGs
[2026-04-21T07:55:03.287+0000] {logging_mixin.py:188} INFO - [2026-04-21T07:55:03.287+0000] {dag.py:3823} INFO - Setting next_dagrun for example_sensors to None, run_after=None
[2026-04-21T07:55:03.298+0000] {processor.py:183} INFO - Processing /home/airflow/.local/lib/python3.8/site-packages/airflow/example_dags/example_sensors.py took 0.048 seconds
[2026-04-21T07:55:34.080+0000] {processor.py:161} INFO - Started process (PID=18594) to work on /home/airflow/.local/lib/python3.8/site-packages/airflow/example_dags/example_sensors.py
[2026-04-21T07:55:34.080+0000] {processor.py:830} INFO - Processing file /home/airflow/.local/lib/python3.8/site-packages/airflow/example_dags/example_sensors.py for tasks to queue
[2026-04-21T07:55:34.081+0000] {logging_mixin.py:188} INFO - [2026-04-21T07:55:34.081+0000] {dagbag.py:538} INFO - Filling up the DagBag from /home/airflow/.local/lib/python3.8/site-packages/airflow/example_dags/example_sensors.py
[2026-04-21T07:55:34.087+0000] {processor.py:840} INFO - DAG(s) 'example_sensors' retrieved from /home/airflow/.local/lib/python3.8/site-packages/airflow/example_dags/example_sensors.py
[2026-04-21T07:55:34.104+0000] {logging_mixin.py:188} INFO - [2026-04-21T07:55:34.104+0000] {dag.py:3036} INFO - Sync 1 DAGs
[2026-04-21T07:55:34.112+0000] {logging_mixin.py:188} INFO - [2026-04-21T07:55:34.111+0000] {dag.py:3823} INFO - Setting next_dagrun for example_sensors to None, run_after=None
[2026-04-21T07:55:34.122+0000] {processor.py:183} INFO - Processing /home/airflow/.local/lib/python3.8/site-packages/airflow/example_dags/example_sensors.py took 0.045 seconds
[2026-04-21T07:56:04.707+0000] {processor.py:161} INFO - Started process (PID=18649) to work on /home/airflow/.local/lib/python3.8/site-packages/airflow/example_dags/example_sensors.py
[2026-04-21T07:56:04.708+0000] {processor.py:830} INFO - Processing file /home/airflow/.local/lib/python3.8/site-packages/airflow/example_dags/example_sensors.py for tasks to queue
[2026-04-21T07:56:04.709+0000] {logging_mixin.py:188} INFO - [2026-04-21T07:56:04.709+0000] {dagbag.py:538} INFO - Filling up the DagBag from /home/airflow/.local/lib/python3.8/site-packages/airflow/example_dags/example_sensors.py
[2026-04-21T07:56:04.715+0000] {processor.py:840} INFO - DAG(s) 'example_sensors' retrieved from /home/airflow/.local/lib/python3.8/site-packages/airflow/example_dags/example_sensors.py
[2026-04-21T07:56:04.731+0000] {logging_mixin.py:188} INFO - [2026-04-21T07:56:04.731+0000] {dag.py:3036} INFO - Sync 1 DAGs
[2026-04-21T07:56:04.739+0000] {logging_mixin.py:188} INFO - [2026-04-21T07:56:04.739+0000] {dag.py:3823} INFO - Setting next_dagrun for example_sensors to None, run_after=None
[2026-04-21T07:56:04.750+0000] {processor.py:183} INFO - Processing /home/airflow/.local/lib/python3.8/site-packages/airflow/example_dags/example_sensors.py took 0.045 seconds
[2026-04-21T07:56:35.299+0000] {processor.py:161} INFO - Started process (PID=18704) to work on /home/airflow/.local/lib/python3.8/site-packages/airflow/example_dags/example_sensors.py
[2026-04-21T07:56:35.300+0000] {processor.py:830} INFO - Processing file /home/airflow/.local/lib/python3.8/site-packages/airflow/example_dags/example_sensors.py for tasks to queue
[2026-04-21T07:56:35.301+0000] {logging_mixin.py:188} INFO - [2026-04-21T07:56:35.300+0000] {dagbag.py:538} INFO - Filling up the DagBag from /home/airflow/.local/lib/python3.8/site-packages/airflow/example_dags/example_sensors.py
[2026-04-21T07:56:35.307+0000] {processor.py:840} INFO - DAG(s) 'example_sensors' retrieved from /home/airflow/.local/lib/python3.8/site-packages/airflow/example_dags/example_sensors.py
[2026-04-21T07:56:35.324+0000] {logging_mixin.py:188} INFO - [2026-04-21T07:56:35.323+0000] {dag.py:3036} INFO - Sync 1 DAGs
[2026-04-21T07:56:35.331+0000] {logging_mixin.py:188} INFO - [2026-04-21T07:56:35.331+0000] {dag.py:3823} INFO - Setting next_dagrun for example_sensors to None, run_after=None
[2026-04-21T07:56:35.341+0000] {processor.py:183} INFO - Processing /home/airflow/.local/lib/python3.8/site-packages/airflow/example_dags/example_sensors.py took 0.044 seconds
[2026-04-21T07:57:05.884+0000] {processor.py:161} INFO - Started process (PID=18759) to work on /home/airflow/.local/lib/python3.8/site-packages/airflow/example_dags/example_sensors.py
[2026-04-21T07:57:05.885+0000] {processor.py:830} INFO - Processing file /home/airflow/.local/lib/python3.8/site-packages/airflow/example_dags/example_sensors.py for tasks to queue
[2026-04-21T07:57:05.886+0000] {logging_mixin.py:188} INFO - [2026-04-21T07:57:05.885+0000] {dagbag.py:538} INFO - Filling up the DagBag from /home/airflow/.local/lib/python3.8/site-packages/airflow/example_dags/example_sensors.py
[2026-04-21T07:57:05.892+0000] {processor.py:840} INFO - DAG(s) 'example_sensors' retrieved from /home/airflow/.local/lib/python3.8/site-packages/airflow/example_dags/example_sensors.py
[2026-04-21T07:57:05.909+0000] {logging_mixin.py:188} INFO - [2026-04-21T07:57:05.909+0000] {dag.py:3036} INFO - Sync 1 DAGs
[2026-04-21T07:57:05.917+0000] {logging_mixin.py:188} INFO - [2026-04-21T07:57:05.917+0000] {dag.py:3823} INFO - Setting next_dagrun for example_sensors to None, run_after=None
[2026-04-21T07:57:05.927+0000] {processor.py:183} INFO - Processing /home/airflow/.local/lib/python3.8/site-packages/airflow/example_dags/example_sensors.py took 0.045 seconds
[2026-04-21T07:57:36.390+0000] {processor.py:161} INFO - Started process (PID=18814) to work on /home/airflow/.local/lib/python3.8/site-packages/airflow/example_dags/example_sensors.py
[2026-04-21T07:57:36.391+0000] {processor.py:830} INFO - Processing file /home/airflow/.local/lib/python3.8/site-packages/airflow/example_dags/example_sensors.py for tasks to queue
[2026-04-21T07:57:36.391+0000] {logging_mixin.py:188} INFO - [2026-04-21T07:57:36.391+0000] {dagbag.py:538} INFO - Filling up the DagBag from /home/airflow/.local/lib/python3.8/site-packages/airflow/example_dags/example_sensors.py
[2026-04-21T07:57:36.397+0000] {processor.py:840} INFO - DAG(s) 'example_sensors' retrieved from /home/airflow/.local/lib/python3.8/site-packages/airflow/example_dags/example_sensors.py
[2026-04-21T07:57:36.413+0000] {logging_mixin.py:188} INFO - [2026-04-21T07:57:36.413+0000] {dag.py:3036} INFO - Sync 1 DAGs
[2026-04-21T07:57:36.422+0000] {logging_mixin.py:188} INFO - [2026-04-21T07:57:36.421+0000] {dag.py:3823} INFO - Setting next_dagrun for example_sensors to None, run_after=None
[2026-04-21T07:57:36.432+0000] {processor.py:183} INFO - Processing /home/airflow/.local/lib/python3.8/site-packages/airflow/example_dags/example_sensors.py took 0.044 seconds
[2026-04-21T07:58:07.098+0000] {processor.py:161} INFO - Started process (PID=18869) to work on /home/airflow/.local/lib/python3.8/site-packages/airflow/example_dags/example_sensors.py
[2026-04-21T07:58:07.098+0000] {processor.py:830} INFO - Processing file /home/airflow/.local/lib/python3.8/site-packages/airflow/example_dags/example_sensors.py for tasks to queue
[2026-04-21T07:58:07.099+0000] {logging_mixin.py:188} INFO - [2026-04-21T07:58:07.099+0000] {dagbag.py:538} INFO - Filling up the DagBag from /home/airflow/.local/lib/python3.8/site-packages/airflow/example_dags/example_sensors.py
[2026-04-21T07:58:07.105+0000] {processor.py:840} INFO - DAG(s) 'example_sensors' retrieved from /home/airflow/.local/lib/python3.8/site-packages/airflow/example_dags/example_sensors.py
[2026-04-21T07:58:07.121+0000] {logging_mixin.py:188} INFO - [2026-04-21T07:58:07.121+0000] {dag.py:3036} INFO - Sync 1 DAGs
[2026-04-21T07:58:07.129+0000] {logging_mixin.py:188} INFO - [2026-04-21T07:58:07.128+0000] {dag.py:3823} INFO - Setting next_dagrun for example_sensors to None, run_after=None
[2026-04-21T07:58:07.139+0000] {processor.py:183} INFO - Processing /home/airflow/.local/lib/python3.8/site-packages/airflow/example_dags/example_sensors.py took 0.043 seconds
[2026-04-21T07:58:37.682+0000] {processor.py:161} INFO - Started process (PID=18924) to work on /home/airflow/.local/lib/python3.8/site-packages/airflow/example_dags/example_sensors.py
[2026-04-21T07:58:37.683+0000] {processor.py:830} INFO - Processing file /home/airflow/.local/lib/python3.8/site-packages/airflow/example_dags/example_sensors.py for tasks to queue
[2026-04-21T07:58:37.683+0000] {logging_mixin.py:188} INFO - [2026-04-21T07:58:37.683+0000] {dagbag.py:538} INFO - Filling up the DagBag from /home/airflow/.local/lib/python3.8/site-packages/airflow/example_dags/example_sensors.py
[2026-04-21T07:58:37.690+0000] {processor.py:840} INFO - DAG(s) 'example_sensors' retrieved from /home/airflow/.local/lib/python3.8/site-packages/airflow/example_dags/example_sensors.py
[2026-04-21T07:58:37.706+0000] {logging_mixin.py:188} INFO - [2026-04-21T07:58:37.706+0000] {dag.py:3036} INFO - Sync 1 DAGs
[2026-04-21T07:58:37.714+0000] {logging_mixin.py:188} INFO - [2026-04-21T07:58:37.714+0000] {dag.py:3823} INFO - Setting next_dagrun for example_sensors to None, run_after=None
[2026-04-21T07:58:37.724+0000] {processor.py:183} INFO - Processing /home/airflow/.local/lib/python3.8/site-packages/airflow/example_dags/example_sensors.py took 0.044 seconds
[2026-04-21T07:59:08.299+0000] {processor.py:161} INFO - Started process (PID=18979) to work on /home/airflow/.local/lib/python3.8/site-packages/airflow/example_dags/example_sensors.py
[2026-04-21T07:59:08.300+0000] {processor.py:830} INFO - Processing file /home/airflow/.local/lib/python3.8/site-packages/airflow/example_dags/example_sensors.py for tasks to queue
[2026-04-21T07:59:08.301+0000] {logging_mixin.py:188} INFO - [2026-04-21T07:59:08.300+0000] {dagbag.py:538} INFO - Filling up the DagBag from /home/airflow/.local/lib/python3.8/site-packages/airflow/example_dags/example_sensors.py
[2026-04-21T07:59:08.307+0000] {processor.py:840} INFO - DAG(s) 'example_sensors' retrieved from /home/airflow/.local/lib/python3.8/site-packages/airflow/example_dags/example_sensors.py
[2026-04-21T07:59:08.323+0000] {logging_mixin.py:188} INFO - [2026-04-21T07:59:08.323+0000] {dag.py:3036} INFO - Sync 1 DAGs
[2026-04-21T07:59:08.331+0000] {logging_mixin.py:188} INFO - [2026-04-21T07:59:08.331+0000] {dag.py:3823} INFO - Setting next_dagrun for example_sensors to None, run_after=None
[2026-04-21T07:59:08.341+0000] {processor.py:183} INFO - Processing /home/airflow/.local/lib/python3.8/site-packages/airflow/example_dags/example_sensors.py took 0.044 seconds
[2026-04-21T07:59:38.902+0000] {processor.py:161} INFO - Started process (PID=19034) to work on /home/airflow/.local/lib/python3.8/site-packages/airflow/example_dags/example_sensors.py
[2026-04-21T07:59:38.903+0000] {processor.py:830} INFO - Processing file /home/airflow/.local/lib/python3.8/site-packages/airflow/example_dags/example_sensors.py for tasks to queue
[2026-04-21T07:59:38.903+0000] {logging_mixin.py:188} INFO - [2026-04-21T07:59:38.903+0000] {dagbag.py:538} INFO - Filling up the DagBag from /home/airflow/.local/lib/python3.8/site-packages/airflow/example_dags/example_sensors.py
[2026-04-21T07:59:38.910+0000] {processor.py:840} INFO - DAG(s) 'example_sensors' retrieved from /home/airflow/.local/lib/python3.8/site-packages/airflow/example_dags/example_sensors.py
[2026-04-21T07:59:38.926+0000] {logging_mixin.py:188} INFO - [2026-04-21T07:59:38.926+0000] {dag.py:3036} INFO - Sync 1 DAGs
[2026-04-21T07:59:38.935+0000] {logging_mixin.py:188} INFO - [2026-04-21T07:59:38.935+0000] {dag.py:3823} INFO - Setting next_dagrun for example_sensors to None, run_after=None
[2026-04-21T07:59:38.945+0000] {processor.py:183} INFO - Processing /home/airflow/.local/lib/python3.8/site-packages/airflow/example_dags/example_sensors.py took 0.045 seconds
[2026-04-21T08:00:09.538+0000] {processor.py:161} INFO - Started process (PID=19089) to work on /home/airflow/.local/lib/python3.8/site-packages/airflow/example_dags/example_sensors.py
[2026-04-21T08:00:09.539+0000] {processor.py:830} INFO - Processing file /home/airflow/.local/lib/python3.8/site-packages/airflow/example_dags/example_sensors.py for tasks to queue
[2026-04-21T08:00:09.539+0000] {logging_mixin.py:188} INFO - [2026-04-21T08:00:09.539+0000] {dagbag.py:538} INFO - Filling up the DagBag from /home/airflow/.local/lib/python3.8/site-packages/airflow/example_dags/example_sensors.py
[2026-04-21T08:00:09.546+0000] {processor.py:840} INFO - DAG(s) 'example_sensors' retrieved from /home/airflow/.local/lib/python3.8/site-packages/airflow/example_dags/example_sensors.py
[2026-04-21T08:00:09.561+0000] {logging_mixin.py:188} INFO - [2026-04-21T08:00:09.561+0000] {dag.py:3036} INFO - Sync 1 DAGs
[2026-04-21T08:00:09.569+0000] {logging_mixin.py:188} INFO - [2026-04-21T08:00:09.569+0000] {dag.py:3823} INFO - Setting next_dagrun for example_sensors to None, run_after=None
[2026-04-21T08:00:09.579+0000] {processor.py:183} INFO - Processing /home/airflow/.local/lib/python3.8/site-packages/airflow/example_dags/example_sensors.py took 0.043 seconds
[2026-04-21T08:00:40.182+0000] {processor.py:161} INFO - Started process (PID=19144) to work on /home/airflow/.local/lib/python3.8/site-packages/airflow/example_dags/example_sensors.py
[2026-04-21T08:00:40.183+0000] {processor.py:830} INFO - Processing file /home/airflow/.local/lib/python3.8/site-packages/airflow/example_dags/example_sensors.py for tasks to queue
[2026-04-21T08:00:40.183+0000] {logging_mixin.py:188} INFO - [2026-04-21T08:00:40.183+0000] {dagbag.py:538} INFO - Filling up the DagBag from /home/airflow/.local/lib/python3.8/site-packages/airflow/example_dags/example_sensors.py
[2026-04-21T08:00:40.190+0000] {processor.py:840} INFO - DAG(s) 'example_sensors' retrieved from /home/airflow/.local/lib/python3.8/site-packages/airflow/example_dags/example_sensors.py
[2026-04-21T08:00:40.206+0000] {logging_mixin.py:188} INFO - [2026-04-21T08:00:40.206+0000] {dag.py:3036} INFO - Sync 1 DAGs
[2026-04-21T08:00:40.214+0000] {logging_mixin.py:188} INFO - [2026-04-21T08:00:40.214+0000] {dag.py:3823} INFO - Setting next_dagrun for example_sensors to None, run_after=None
[2026-04-21T08:00:40.225+0000] {processor.py:183} INFO - Processing /home/airflow/.local/lib/python3.8/site-packages/airflow/example_dags/example_sensors.py took 0.045 seconds
[2026-04-21T08:01:10.776+0000] {processor.py:161} INFO - Started process (PID=19199) to work on /home/airflow/.local/lib/python3.8/site-packages/airflow/example_dags/example_sensors.py
[2026-04-21T08:01:10.777+0000] {processor.py:830} INFO - Processing file /home/airflow/.local/lib/python3.8/site-packages/airflow/example_dags/example_sensors.py for tasks to queue
[2026-04-21T08:01:10.777+0000] {logging_mixin.py:188} INFO - [2026-04-21T08:01:10.777+0000] {dagbag.py:538} INFO - Filling up the DagBag from /home/airflow/.local/lib/python3.8/site-packages/airflow/example_dags/example_sensors.py
[2026-04-21T08:01:10.784+0000] {processor.py:840} INFO - DAG(s) 'example_sensors' retrieved from /home/airflow/.local/lib/python3.8/site-packages/airflow/example_dags/example_sensors.py
[2026-04-21T08:01:10.801+0000] {logging_mixin.py:188} INFO - [2026-04-21T08:01:10.800+0000] {dag.py:3036} INFO - Sync 1 DAGs
[2026-04-21T08:01:10.808+0000] {logging_mixin.py:188} INFO - [2026-04-21T08:01:10.808+0000] {dag.py:3823} INFO - Setting next_dagrun for example_sensors to None, run_after=None
[2026-04-21T08:01:10.818+0000] {processor.py:183} INFO - Processing /home/airflow/.local/lib/python3.8/site-packages/airflow/example_dags/example_sensors.py took 0.044 seconds
[2026-04-21T08:01:41.423+0000] {processor.py:161} INFO - Started process (PID=19254) to work on /home/airflow/.local/lib/python3.8/site-packages/airflow/example_dags/example_sensors.py
[2026-04-21T08:01:41.424+0000] {processor.py:830} INFO - Processing file /home/airflow/.local/lib/python3.8/site-packages/airflow/example_dags/example_sensors.py for tasks to queue
[2026-04-21T08:01:41.424+0000] {logging_mixin.py:188} INFO - [2026-04-21T08:01:41.424+0000] {dagbag.py:538} INFO - Filling up the DagBag from /home/airflow/.local/lib/python3.8/site-packages/airflow/example_dags/example_sensors.py
[2026-04-21T08:01:41.431+0000] {processor.py:840} INFO - DAG(s) 'example_sensors' retrieved from /home/airflow/.local/lib/python3.8/site-packages/airflow/example_dags/example_sensors.py
[2026-04-21T08:01:41.446+0000] {logging_mixin.py:188} INFO - [2026-04-21T08:01:41.446+0000] {dag.py:3036} INFO - Sync 1 DAGs
[2026-04-21T08:01:41.454+0000] {logging_mixin.py:188} INFO - [2026-04-21T08:01:41.454+0000] {dag.py:3823} INFO - Setting next_dagrun for example_sensors to None, run_after=None
[2026-04-21T08:01:41.465+0000] {processor.py:183} INFO - Processing /home/airflow/.local/lib/python3.8/site-packages/airflow/example_dags/example_sensors.py took 0.044 seconds
[2026-04-21T08:02:11.691+0000] {processor.py:161} INFO - Started process (PID=19309) to work on /home/airflow/.local/lib/python3.8/site-packages/airflow/example_dags/example_sensors.py
[2026-04-21T08:02:11.692+0000] {processor.py:830} INFO - Processing file /home/airflow/.local/lib/python3.8/site-packages/airflow/example_dags/example_sensors.py for tasks to queue
[2026-04-21T08:02:11.692+0000] {logging_mixin.py:188} INFO - [2026-04-21T08:02:11.692+0000] {dagbag.py:538} INFO - Filling up the DagBag from /home/airflow/.local/lib/python3.8/site-packages/airflow/example_dags/example_sensors.py
[2026-04-21T08:02:11.699+0000] {processor.py:840} INFO - DAG(s) 'example_sensors' retrieved from /home/airflow/.local/lib/python3.8/site-packages/airflow/example_dags/example_sensors.py
[2026-04-21T08:02:11.715+0000] {logging_mixin.py:188} INFO - [2026-04-21T08:02:11.715+0000] {dag.py:3036} INFO - Sync 1 DAGs
[2026-04-21T08:02:11.722+0000] {logging_mixin.py:188} INFO - [2026-04-21T08:02:11.722+0000] {dag.py:3823} INFO - Setting next_dagrun for example_sensors to None, run_after=None
[2026-04-21T08:02:11.732+0000] {processor.py:183} INFO - Processing /home/airflow/.local/lib/python3.8/site-packages/airflow/example_dags/example_sensors.py took 0.043 seconds
[2026-04-21T08:02:42.408+0000] {processor.py:161} INFO - Started process (PID=19364) to work on /home/airflow/.local/lib/python3.8/site-packages/airflow/example_dags/example_sensors.py
[2026-04-21T08:02:42.409+0000] {processor.py:830} INFO - Processing file /home/airflow/.local/lib/python3.8/site-packages/airflow/example_dags/example_sensors.py for tasks to queue
[2026-04-21T08:02:42.410+0000] {logging_mixin.py:188} INFO - [2026-04-21T08:02:42.409+0000] {dagbag.py:538} INFO - Filling up the DagBag from /home/airflow/.local/lib/python3.8/site-packages/airflow/example_dags/example_sensors.py
[2026-04-21T08:02:42.416+0000] {processor.py:840} INFO - DAG(s) 'example_sensors' retrieved from /home/airflow/.local/lib/python3.8/site-packages/airflow/example_dags/example_sensors.py
[2026-04-21T08:02:42.432+0000] {logging_mixin.py:188} INFO - [2026-04-21T08:02:42.432+0000] {dag.py:3036} INFO - Sync 1 DAGs
[2026-04-21T08:02:42.440+0000] {logging_mixin.py:188} INFO - [2026-04-21T08:02:42.440+0000] {dag.py:3823} INFO - Setting next_dagrun for example_sensors to None, run_after=None
[2026-04-21T08:02:42.449+0000] {processor.py:183} INFO - Processing /home/airflow/.local/lib/python3.8/site-packages/airflow/example_dags/example_sensors.py took 0.043 seconds
[2026-04-21T08:03:13.082+0000] {processor.py:161} INFO - Started process (PID=19419) to work on /home/airflow/.local/lib/python3.8/site-packages/airflow/example_dags/example_sensors.py
[2026-04-21T08:03:13.083+0000] {processor.py:830} INFO - Processing file /home/airflow/.local/lib/python3.8/site-packages/airflow/example_dags/example_sensors.py for tasks to queue
[2026-04-21T08:03:13.084+0000] {logging_mixin.py:188} INFO - [2026-04-21T08:03:13.083+0000] {dagbag.py:538} INFO - Filling up the DagBag from /home/airflow/.local/lib/python3.8/site-packages/airflow/example_dags/example_sensors.py
[2026-04-21T08:03:13.090+0000] {processor.py:840} INFO - DAG(s) 'example_sensors' retrieved from /home/airflow/.local/lib/python3.8/site-packages/airflow/example_dags/example_sensors.py
[2026-04-21T08:03:13.106+0000] {logging_mixin.py:188} INFO - [2026-04-21T08:03:13.106+0000] {dag.py:3036} INFO - Sync 1 DAGs
[2026-04-21T08:03:13.114+0000] {logging_mixin.py:188} INFO - [2026-04-21T08:03:13.113+0000] {dag.py:3823} INFO - Setting next_dagrun for example_sensors to None, run_after=None
[2026-04-21T08:03:13.123+0000] {processor.py:183} INFO - Processing /home/airflow/.local/lib/python3.8/site-packages/airflow/example_dags/example_sensors.py took 0.043 seconds
[2026-04-21T08:03:43.730+0000] {processor.py:161} INFO - Started process (PID=19474) to work on /home/airflow/.local/lib/python3.8/site-packages/airflow/example_dags/example_sensors.py
[2026-04-21T08:03:43.731+0000] {processor.py:830} INFO - Processing file /home/airflow/.local/lib/python3.8/site-packages/airflow/example_dags/example_sensors.py for tasks to queue
[2026-04-21T08:03:43.732+0000] {logging_mixin.py:188} INFO - [2026-04-21T08:03:43.732+0000] {dagbag.py:538} INFO - Filling up the DagBag from /home/airflow/.local/lib/python3.8/site-packages/airflow/example_dags/example_sensors.py
[2026-04-21T08:03:43.738+0000] {processor.py:840} INFO - DAG(s) 'example_sensors' retrieved from /home/airflow/.local/lib/python3.8/site-packages/airflow/example_dags/example_sensors.py
[2026-04-21T08:03:43.754+0000] {logging_mixin.py:188} INFO - [2026-04-21T08:03:43.754+0000] {dag.py:3036} INFO - Sync 1 DAGs
[2026-04-21T08:03:43.761+0000] {logging_mixin.py:188} INFO - [2026-04-21T08:03:43.761+0000] {dag.py:3823} INFO - Setting next_dagrun for example_sensors to None, run_after=None
[2026-04-21T08:03:43.772+0000] {processor.py:183} INFO - Processing /home/airflow/.local/lib/python3.8/site-packages/airflow/example_dags/example_sensors.py took 0.044 seconds
[2026-04-21T08:04:14.356+0000] {processor.py:161} INFO - Started process (PID=19529) to work on /home/airflow/.local/lib/python3.8/site-packages/airflow/example_dags/example_sensors.py
[2026-04-21T08:04:14.357+0000] {processor.py:830} INFO - Processing file /home/airflow/.local/lib/python3.8/site-packages/airflow/example_dags/example_sensors.py for tasks to queue
[2026-04-21T08:04:14.357+0000] {logging_mixin.py:188} INFO - [2026-04-21T08:04:14.357+0000] {dagbag.py:538} INFO - Filling up the DagBag from /home/airflow/.local/lib/python3.8/site-packages/airflow/example_dags/example_sensors.py
[2026-04-21T08:04:14.364+0000] {processor.py:840} INFO - DAG(s) 'example_sensors' retrieved from /home/airflow/.local/lib/python3.8/site-packages/airflow/example_dags/example_sensors.py
[2026-04-21T08:04:14.380+0000] {logging_mixin.py:188} INFO - [2026-04-21T08:04:14.380+0000] {dag.py:3036} INFO - Sync 1 DAGs
[2026-04-21T08:04:14.388+0000] {logging_mixin.py:188} INFO - [2026-04-21T08:04:14.388+0000] {dag.py:3823} INFO - Setting next_dagrun for example_sensors to None, run_after=None
[2026-04-21T08:04:14.397+0000] {processor.py:183} INFO - Processing /home/airflow/.local/lib/python3.8/site-packages/airflow/example_dags/example_sensors.py took 0.044 seconds
[2026-04-21T08:04:45.053+0000] {processor.py:161} INFO - Started process (PID=19584) to work on /home/airflow/.local/lib/python3.8/site-packages/airflow/example_dags/example_sensors.py
[2026-04-21T08:04:45.054+0000] {processor.py:830} INFO - Processing file /home/airflow/.local/lib/python3.8/site-packages/airflow/example_dags/example_sensors.py for tasks to queue
[2026-04-21T08:04:45.054+0000] {logging_mixin.py:188} INFO - [2026-04-21T08:04:45.054+0000] {dagbag.py:538} INFO - Filling up the DagBag from /home/airflow/.local/lib/python3.8/site-packages/airflow/example_dags/example_sensors.py
[2026-04-21T08:04:45.061+0000] {processor.py:840} INFO - DAG(s) 'example_sensors' retrieved from /home/airflow/.local/lib/python3.8/site-packages/airflow/example_dags/example_sensors.py
[2026-04-21T08:04:45.077+0000] {logging_mixin.py:188} INFO - [2026-04-21T08:04:45.077+0000] {dag.py:3036} INFO - Sync 1 DAGs
[2026-04-21T08:04:45.085+0000] {logging_mixin.py:188} INFO - [2026-04-21T08:04:45.085+0000] {dag.py:3823} INFO - Setting next_dagrun for example_sensors to None, run_after=None
[2026-04-21T08:04:45.095+0000] {processor.py:183} INFO - Processing /home/airflow/.local/lib/python3.8/site-packages/airflow/example_dags/example_sensors.py took 0.045 seconds
[2026-04-21T08:05:15.724+0000] {processor.py:161} INFO - Started process (PID=19639) to work on /home/airflow/.local/lib/python3.8/site-packages/airflow/example_dags/example_sensors.py
[2026-04-21T08:05:15.725+0000] {processor.py:830} INFO - Processing file /home/airflow/.local/lib/python3.8/site-packages/airflow/example_dags/example_sensors.py for tasks to queue
[2026-04-21T08:05:15.725+0000] {logging_mixin.py:188} INFO - [2026-04-21T08:05:15.725+0000] {dagbag.py:538} INFO - Filling up the DagBag from /home/airflow/.local/lib/python3.8/site-packages/airflow/example_dags/example_sensors.py
[2026-04-21T08:05:15.732+0000] {processor.py:840} INFO - DAG(s) 'example_sensors' retrieved from /home/airflow/.local/lib/python3.8/site-packages/airflow/example_dags/example_sensors.py
[2026-04-21T08:05:15.749+0000] {logging_mixin.py:188} INFO - [2026-04-21T08:05:15.749+0000] {dag.py:3036} INFO - Sync 1 DAGs
[2026-04-21T08:05:15.757+0000] {logging_mixin.py:188} INFO - [2026-04-21T08:05:15.757+0000] {dag.py:3823} INFO - Setting next_dagrun for example_sensors to None, run_after=None
[2026-04-21T08:05:15.768+0000] {processor.py:183} INFO - Processing /home/airflow/.local/lib/python3.8/site-packages/airflow/example_dags/example_sensors.py took 0.046 seconds
[2026-04-21T08:05:46.432+0000] {processor.py:161} INFO - Started process (PID=19694) to work on /home/airflow/.local/lib/python3.8/site-packages/airflow/example_dags/example_sensors.py
[2026-04-21T08:05:46.433+0000] {processor.py:830} INFO - Processing file /home/airflow/.local/lib/python3.8/site-packages/airflow/example_dags/example_sensors.py for tasks to queue
[2026-04-21T08:05:46.434+0000] {logging_mixin.py:188} INFO - [2026-04-21T08:05:46.433+0000] {dagbag.py:538} INFO - Filling up the DagBag from /home/airflow/.local/lib/python3.8/site-packages/airflow/example_dags/example_sensors.py
[2026-04-21T08:05:46.440+0000] {processor.py:840} INFO - DAG(s) 'example_sensors' retrieved from /home/airflow/.local/lib/python3.8/site-packages/airflow/example_dags/example_sensors.py
[2026-04-21T08:05:46.460+0000] {logging_mixin.py:188} INFO - [2026-04-21T08:05:46.460+0000] {dag.py:3036} INFO - Sync 1 DAGs
[2026-04-21T08:05:46.472+0000] {logging_mixin.py:188} INFO - [2026-04-21T08:05:46.472+0000] {dag.py:3823} INFO - Setting next_dagrun for example_sensors to None, run_after=None
[2026-04-21T08:05:46.484+0000] {processor.py:183} INFO - Processing /home/airflow/.local/lib/python3.8/site-packages/airflow/example_dags/example_sensors.py took 0.055 seconds
[2026-04-21T08:06:17.152+0000] {processor.py:161} INFO - Started process (PID=19749) to work on /home/airflow/.local/lib/python3.8/site-packages/airflow/example_dags/example_sensors.py
[2026-04-21T08:06:17.153+0000] {processor.py:830} INFO - Processing file /home/airflow/.local/lib/python3.8/site-packages/airflow/example_dags/example_sensors.py for tasks to queue
[2026-04-21T08:06:17.153+0000] {logging_mixin.py:188} INFO - [2026-04-21T08:06:17.153+0000] {dagbag.py:538} INFO - Filling up the DagBag from /home/airflow/.local/lib/python3.8/site-packages/airflow/example_dags/example_sensors.py
[2026-04-21T08:06:17.159+0000] {processor.py:840} INFO - DAG(s) 'example_sensors' retrieved from /home/airflow/.local/lib/python3.8/site-packages/airflow/example_dags/example_sensors.py
[2026-04-21T08:06:17.176+0000] {logging_mixin.py:188} INFO - [2026-04-21T08:06:17.175+0000] {dag.py:3036} INFO - Sync 1 DAGs
[2026-04-21T08:06:17.184+0000] {logging_mixin.py:188} INFO - [2026-04-21T08:06:17.183+0000] {dag.py:3823} INFO - Setting next_dagrun for example_sensors to None, run_after=None
[2026-04-21T08:06:17.194+0000] {processor.py:183} INFO - Processing /home/airflow/.local/lib/python3.8/site-packages/airflow/example_dags/example_sensors.py took 0.045 seconds
[2026-04-21T08:06:47.916+0000] {processor.py:161} INFO - Started process (PID=19810) to work on /home/airflow/.local/lib/python3.8/site-packages/airflow/example_dags/example_sensors.py
[2026-04-21T08:06:47.917+0000] {processor.py:830} INFO - Processing file /home/airflow/.local/lib/python3.8/site-packages/airflow/example_dags/example_sensors.py for tasks to queue
[2026-04-21T08:06:47.917+0000] {logging_mixin.py:188} INFO - [2026-04-21T08:06:47.917+0000] {dagbag.py:538} INFO - Filling up the DagBag from /home/airflow/.local/lib/python3.8/site-packages/airflow/example_dags/example_sensors.py
[2026-04-21T08:06:47.925+0000] {processor.py:840} INFO - DAG(s) 'example_sensors' retrieved from /home/airflow/.local/lib/python3.8/site-packages/airflow/example_dags/example_sensors.py
[2026-04-21T08:06:47.944+0000] {logging_mixin.py:188} INFO - [2026-04-21T08:06:47.944+0000] {dag.py:3036} INFO - Sync 1 DAGs
[2026-04-21T08:06:47.954+0000] {logging_mixin.py:188} INFO - [2026-04-21T08:06:47.953+0000] {dag.py:3823} INFO - Setting next_dagrun for example_sensors to None, run_after=None
[2026-04-21T08:06:47.966+0000] {processor.py:183} INFO - Processing /home/airflow/.local/lib/python3.8/site-packages/airflow/example_dags/example_sensors.py took 0.053 seconds
[2026-04-21T08:07:18.622+0000] {processor.py:161} INFO - Started process (PID=19865) to work on /home/airflow/.local/lib/python3.8/site-packages/airflow/example_dags/example_sensors.py
[2026-04-21T08:07:18.622+0000] {processor.py:830} INFO - Processing file /home/airflow/.local/lib/python3.8/site-packages/airflow/example_dags/example_sensors.py for tasks to queue
[2026-04-21T08:07:18.623+0000] {logging_mixin.py:188} INFO - [2026-04-21T08:07:18.623+0000] {dagbag.py:538} INFO - Filling up the DagBag from /home/airflow/.local/lib/python3.8/site-packages/airflow/example_dags/example_sensors.py
[2026-04-21T08:07:18.629+0000] {processor.py:840} INFO - DAG(s) 'example_sensors' retrieved from /home/airflow/.local/lib/python3.8/site-packages/airflow/example_dags/example_sensors.py
[2026-04-21T08:07:18.645+0000] {logging_mixin.py:188} INFO - [2026-04-21T08:07:18.645+0000] {dag.py:3036} INFO - Sync 1 DAGs
[2026-04-21T08:07:18.653+0000] {logging_mixin.py:188} INFO - [2026-04-21T08:07:18.653+0000] {dag.py:3823} INFO - Setting next_dagrun for example_sensors to None, run_after=None
[2026-04-21T08:07:18.662+0000] {processor.py:183} INFO - Processing /home/airflow/.local/lib/python3.8/site-packages/airflow/example_dags/example_sensors.py took 0.043 seconds
[2026-04-21T08:07:49.271+0000] {processor.py:161} INFO - Started process (PID=19920) to work on /home/airflow/.local/lib/python3.8/site-packages/airflow/example_dags/example_sensors.py
[2026-04-21T08:07:49.272+0000] {processor.py:830} INFO - Processing file /home/airflow/.local/lib/python3.8/site-packages/airflow/example_dags/example_sensors.py for tasks to queue
[2026-04-21T08:07:49.272+0000] {logging_mixin.py:188} INFO - [2026-04-21T08:07:49.272+0000] {dagbag.py:538} INFO - Filling up the DagBag from /home/airflow/.local/lib/python3.8/site-packages/airflow/example_dags/example_sensors.py
[2026-04-21T08:07:49.278+0000] {processor.py:840} INFO - DAG(s) 'example_sensors' retrieved from /home/airflow/.local/lib/python3.8/site-packages/airflow/example_dags/example_sensors.py
[2026-04-21T08:07:49.295+0000] {logging_mixin.py:188} INFO - [2026-04-21T08:07:49.295+0000] {dag.py:3036} INFO - Sync 1 DAGs
[2026-04-21T08:07:49.303+0000] {logging_mixin.py:188} INFO - [2026-04-21T08:07:49.303+0000] {dag.py:3823} INFO - Setting next_dagrun for example_sensors to None, run_after=None
[2026-04-21T08:07:49.313+0000] {processor.py:183} INFO - Processing /home/airflow/.local/lib/python3.8/site-packages/airflow/example_dags/example_sensors.py took 0.045 seconds
[2026-04-21T08:08:20.146+0000] {processor.py:161} INFO - Started process (PID=19975) to work on /home/airflow/.local/lib/python3.8/site-packages/airflow/example_dags/example_sensors.py
[2026-04-21T08:08:20.146+0000] {processor.py:830} INFO - Processing file /home/airflow/.local/lib/python3.8/site-packages/airflow/example_dags/example_sensors.py for tasks to queue
[2026-04-21T08:08:20.147+0000] {logging_mixin.py:188} INFO - [2026-04-21T08:08:20.147+0000] {dagbag.py:538} INFO - Filling up the DagBag from /home/airflow/.local/lib/python3.8/site-packages/airflow/example_dags/example_sensors.py
[2026-04-21T08:08:20.153+0000] {processor.py:840} INFO - DAG(s) 'example_sensors' retrieved from /home/airflow/.local/lib/python3.8/site-packages/airflow/example_dags/example_sensors.py
[2026-04-21T08:08:20.169+0000] {logging_mixin.py:188} INFO - [2026-04-21T08:08:20.169+0000] {dag.py:3036} INFO - Sync 1 DAGs
[2026-04-21T08:08:20.177+0000] {logging_mixin.py:188} INFO - [2026-04-21T08:08:20.177+0000] {dag.py:3823} INFO - Setting next_dagrun for example_sensors to None, run_after=None
[2026-04-21T08:08:20.188+0000] {processor.py:183} INFO - Processing /home/airflow/.local/lib/python3.8/site-packages/airflow/example_dags/example_sensors.py took 0.045 seconds
[2026-04-21T08:08:50.899+0000] {processor.py:161} INFO - Started process (PID=20030) to work on /home/airflow/.local/lib/python3.8/site-packages/airflow/example_dags/example_sensors.py
[2026-04-21T08:08:50.900+0000] {processor.py:830} INFO - Processing file /home/airflow/.local/lib/python3.8/site-packages/airflow/example_dags/example_sensors.py for tasks to queue
[2026-04-21T08:08:50.900+0000] {logging_mixin.py:188} INFO - [2026-04-21T08:08:50.900+0000] {dagbag.py:538} INFO - Filling up the DagBag from /home/airflow/.local/lib/python3.8/site-packages/airflow/example_dags/example_sensors.py
[2026-04-21T08:08:50.907+0000] {processor.py:840} INFO - DAG(s) 'example_sensors' retrieved from /home/airflow/.local/lib/python3.8/site-packages/airflow/example_dags/example_sensors.py
[2026-04-21T08:08:50.923+0000] {logging_mixin.py:188} INFO - [2026-04-21T08:08:50.923+0000] {dag.py:3036} INFO - Sync 1 DAGs
[2026-04-21T08:08:50.930+0000] {logging_mixin.py:188} INFO - [2026-04-21T08:08:50.930+0000] {dag.py:3823} INFO - Setting next_dagrun for example_sensors to None, run_after=None
[2026-04-21T08:08:50.940+0000] {processor.py:183} INFO - Processing /home/airflow/.local/lib/python3.8/site-packages/airflow/example_dags/example_sensors.py took 0.043 seconds
[2026-04-21T08:09:21.455+0000] {processor.py:161} INFO - Started process (PID=20085) to work on /home/airflow/.local/lib/python3.8/site-packages/airflow/example_dags/example_sensors.py
[2026-04-21T08:09:21.455+0000] {processor.py:830} INFO - Processing file /home/airflow/.local/lib/python3.8/site-packages/airflow/example_dags/example_sensors.py for tasks to queue
[2026-04-21T08:09:21.456+0000] {logging_mixin.py:188} INFO - [2026-04-21T08:09:21.456+0000] {dagbag.py:538} INFO - Filling up the DagBag from /home/airflow/.local/lib/python3.8/site-packages/airflow/example_dags/example_sensors.py
[2026-04-21T08:09:21.462+0000] {processor.py:840} INFO - DAG(s) 'example_sensors' retrieved from /home/airflow/.local/lib/python3.8/site-packages/airflow/example_dags/example_sensors.py
[2026-04-21T08:09:21.479+0000] {logging_mixin.py:188} INFO - [2026-04-21T08:09:21.479+0000] {dag.py:3036} INFO - Sync 1 DAGs
[2026-04-21T08:09:21.487+0000] {logging_mixin.py:188} INFO - [2026-04-21T08:09:21.487+0000] {dag.py:3823} INFO - Setting next_dagrun for example_sensors to None, run_after=None
[2026-04-21T08:09:21.497+0000] {processor.py:183} INFO - Processing /home/airflow/.local/lib/python3.8/site-packages/airflow/example_dags/example_sensors.py took 0.045 seconds
[2026-04-21T08:09:52.107+0000] {processor.py:161} INFO - Started process (PID=20140) to work on /home/airflow/.local/lib/python3.8/site-packages/airflow/example_dags/example_sensors.py
[2026-04-21T08:09:52.107+0000] {processor.py:830} INFO - Processing file /home/airflow/.local/lib/python3.8/site-packages/airflow/example_dags/example_sensors.py for tasks to queue
[2026-04-21T08:09:52.108+0000] {logging_mixin.py:188} INFO - [2026-04-21T08:09:52.108+0000] {dagbag.py:538} INFO - Filling up the DagBag from /home/airflow/.local/lib/python3.8/site-packages/airflow/example_dags/example_sensors.py
[2026-04-21T08:09:52.114+0000] {processor.py:840} INFO - DAG(s) 'example_sensors' retrieved from /home/airflow/.local/lib/python3.8/site-packages/airflow/example_dags/example_sensors.py
[2026-04-21T08:09:52.133+0000] {logging_mixin.py:188} INFO - [2026-04-21T08:09:52.133+0000] {dag.py:3036} INFO - Sync 1 DAGs
[2026-04-21T08:09:52.143+0000] {logging_mixin.py:188} INFO - [2026-04-21T08:09:52.143+0000] {dag.py:3823} INFO - Setting next_dagrun for example_sensors to None, run_after=None
[2026-04-21T08:09:52.156+0000] {processor.py:183} INFO - Processing /home/airflow/.local/lib/python3.8/site-packages/airflow/example_dags/example_sensors.py took 0.052 seconds
[2026-04-21T08:10:22.808+0000] {processor.py:161} INFO - Started process (PID=20195) to work on /home/airflow/.local/lib/python3.8/site-packages/airflow/example_dags/example_sensors.py
[2026-04-21T08:10:22.809+0000] {processor.py:830} INFO - Processing file /home/airflow/.local/lib/python3.8/site-packages/airflow/example_dags/example_sensors.py for tasks to queue
[2026-04-21T08:10:22.809+0000] {logging_mixin.py:188} INFO - [2026-04-21T08:10:22.809+0000] {dagbag.py:538} INFO - Filling up the DagBag from /home/airflow/.local/lib/python3.8/site-packages/airflow/example_dags/example_sensors.py
[2026-04-21T08:10:22.816+0000] {processor.py:840} INFO - DAG(s) 'example_sensors' retrieved from /home/airflow/.local/lib/python3.8/site-packages/airflow/example_dags/example_sensors.py
[2026-04-21T08:10:22.831+0000] {logging_mixin.py:188} INFO - [2026-04-21T08:10:22.831+0000] {dag.py:3036} INFO - Sync 1 DAGs
[2026-04-21T08:10:22.839+0000] {logging_mixin.py:188} INFO - [2026-04-21T08:10:22.839+0000] {dag.py:3823} INFO - Setting next_dagrun for example_sensors to None, run_after=None
[2026-04-21T08:10:22.850+0000] {processor.py:183} INFO - Processing /home/airflow/.local/lib/python3.8/site-packages/airflow/example_dags/example_sensors.py took 0.044 seconds
[2026-04-21T08:10:53.488+0000] {processor.py:161} INFO - Started process (PID=20250) to work on /home/airflow/.local/lib/python3.8/site-packages/airflow/example_dags/example_sensors.py
[2026-04-21T08:10:53.489+0000] {processor.py:830} INFO - Processing file /home/airflow/.local/lib/python3.8/site-packages/airflow/example_dags/example_sensors.py for tasks to queue
[2026-04-21T08:10:53.489+0000] {logging_mixin.py:188} INFO - [2026-04-21T08:10:53.489+0000] {dagbag.py:538} INFO - Filling up the DagBag from /home/airflow/.local/lib/python3.8/site-packages/airflow/example_dags/example_sensors.py
[2026-04-21T08:10:53.496+0000] {processor.py:840} INFO - DAG(s) 'example_sensors' retrieved from /home/airflow/.local/lib/python3.8/site-packages/airflow/example_dags/example_sensors.py
[2026-04-21T08:10:53.513+0000] {logging_mixin.py:188} INFO - [2026-04-21T08:10:53.512+0000] {dag.py:3036} INFO - Sync 1 DAGs
[2026-04-21T08:10:53.522+0000] {logging_mixin.py:188} INFO - [2026-04-21T08:10:53.521+0000] {dag.py:3823} INFO - Setting next_dagrun for example_sensors to None, run_after=None
[2026-04-21T08:10:53.532+0000] {processor.py:183} INFO - Processing /home/airflow/.local/lib/python3.8/site-packages/airflow/example_dags/example_sensors.py took 0.046 seconds
[2026-04-21T08:11:24.242+0000] {processor.py:161} INFO - Started process (PID=20305) to work on /home/airflow/.local/lib/python3.8/site-packages/airflow/example_dags/example_sensors.py
[2026-04-21T08:11:24.243+0000] {processor.py:830} INFO - Processing file /home/airflow/.local/lib/python3.8/site-packages/airflow/example_dags/example_sensors.py for tasks to queue
[2026-04-21T08:11:24.243+0000] {logging_mixin.py:188} INFO - [2026-04-21T08:11:24.243+0000] {dagbag.py:538} INFO - Filling up the DagBag from /home/airflow/.local/lib/python3.8/site-packages/airflow/example_dags/example_sensors.py
[2026-04-21T08:11:24.249+0000] {processor.py:840} INFO - DAG(s) 'example_sensors' retrieved from /home/airflow/.local/lib/python3.8/site-packages/airflow/example_dags/example_sensors.py
[2026-04-21T08:11:24.266+0000] {logging_mixin.py:188} INFO - [2026-04-21T08:11:24.266+0000] {dag.py:3036} INFO - Sync 1 DAGs
[2026-04-21T08:11:24.274+0000] {logging_mixin.py:188} INFO - [2026-04-21T08:11:24.274+0000] {dag.py:3823} INFO - Setting next_dagrun for example_sensors to None, run_after=None
[2026-04-21T08:11:24.284+0000] {processor.py:183} INFO - Processing /home/airflow/.local/lib/python3.8/site-packages/airflow/example_dags/example_sensors.py took 0.044 seconds
[2026-04-21T08:11:54.921+0000] {processor.py:161} INFO - Started process (PID=20360) to work on /home/airflow/.local/lib/python3.8/site-packages/airflow/example_dags/example_sensors.py
[2026-04-21T08:11:54.922+0000] {processor.py:830} INFO - Processing file /home/airflow/.local/lib/python3.8/site-packages/airflow/example_dags/example_sensors.py for tasks to queue
[2026-04-21T08:11:54.922+0000] {logging_mixin.py:188} INFO - [2026-04-21T08:11:54.922+0000] {dagbag.py:538} INFO - Filling up the DagBag from /home/airflow/.local/lib/python3.8/site-packages/airflow/example_dags/example_sensors.py
[2026-04-21T08:11:54.929+0000] {processor.py:840} INFO - DAG(s) 'example_sensors' retrieved from /home/airflow/.local/lib/python3.8/site-packages/airflow/example_dags/example_sensors.py
[2026-04-21T08:11:54.946+0000] {logging_mixin.py:188} INFO - [2026-04-21T08:11:54.946+0000] {dag.py:3036} INFO - Sync 1 DAGs
[2026-04-21T08:11:54.954+0000] {logging_mixin.py:188} INFO - [2026-04-21T08:11:54.954+0000] {dag.py:3823} INFO - Setting next_dagrun for example_sensors to None, run_after=None
[2026-04-21T08:11:54.965+0000] {processor.py:183} INFO - Processing /home/airflow/.local/lib/python3.8/site-packages/airflow/example_dags/example_sensors.py took 0.046 seconds
[2026-04-21T08:12:25.648+0000] {processor.py:161} INFO - Started process (PID=20415) to work on /home/airflow/.local/lib/python3.8/site-packages/airflow/example_dags/example_sensors.py
[2026-04-21T08:12:25.649+0000] {processor.py:830} INFO - Processing file /home/airflow/.local/lib/python3.8/site-packages/airflow/example_dags/example_sensors.py for tasks to queue
[2026-04-21T08:12:25.650+0000] {logging_mixin.py:188} INFO - [2026-04-21T08:12:25.650+0000] {dagbag.py:538} INFO - Filling up the DagBag from /home/airflow/.local/lib/python3.8/site-packages/airflow/example_dags/example_sensors.py
[2026-04-21T08:12:25.659+0000] {processor.py:840} INFO - DAG(s) 'example_sensors' retrieved from /home/airflow/.local/lib/python3.8/site-packages/airflow/example_dags/example_sensors.py
[2026-04-21T08:12:25.681+0000] {logging_mixin.py:188} INFO - [2026-04-21T08:12:25.681+0000] {dag.py:3036} INFO - Sync 1 DAGs
[2026-04-21T08:12:25.692+0000] {logging_mixin.py:188} INFO - [2026-04-21T08:12:25.691+0000] {dag.py:3823} INFO - Setting next_dagrun for example_sensors to None, run_after=None
[2026-04-21T08:12:25.709+0000] {processor.py:183} INFO - Processing /home/airflow/.local/lib/python3.8/site-packages/airflow/example_dags/example_sensors.py took 0.064 seconds
[2026-04-21T08:12:56.471+0000] {processor.py:161} INFO - Started process (PID=20470) to work on /home/airflow/.local/lib/python3.8/site-packages/airflow/example_dags/example_sensors.py
[2026-04-21T08:12:56.471+0000] {processor.py:830} INFO - Processing file /home/airflow/.local/lib/python3.8/site-packages/airflow/example_dags/example_sensors.py for tasks to queue
[2026-04-21T08:12:56.472+0000] {logging_mixin.py:188} INFO - [2026-04-21T08:12:56.472+0000] {dagbag.py:538} INFO - Filling up the DagBag from /home/airflow/.local/lib/python3.8/site-packages/airflow/example_dags/example_sensors.py
[2026-04-21T08:12:56.479+0000] {processor.py:840} INFO - DAG(s) 'example_sensors' retrieved from /home/airflow/.local/lib/python3.8/site-packages/airflow/example_dags/example_sensors.py
[2026-04-21T08:12:56.495+0000] {logging_mixin.py:188} INFO - [2026-04-21T08:12:56.495+0000] {dag.py:3036} INFO - Sync 1 DAGs
[2026-04-21T08:12:56.504+0000] {logging_mixin.py:188} INFO - [2026-04-21T08:12:56.504+0000] {dag.py:3823} INFO - Setting next_dagrun for example_sensors to None, run_after=None
[2026-04-21T08:12:56.514+0000] {processor.py:183} INFO - Processing /home/airflow/.local/lib/python3.8/site-packages/airflow/example_dags/example_sensors.py took 0.046 seconds
[2026-04-21T08:13:27.103+0000] {processor.py:161} INFO - Started process (PID=20525) to work on /home/airflow/.local/lib/python3.8/site-packages/airflow/example_dags/example_sensors.py
[2026-04-21T08:13:27.103+0000] {processor.py:830} INFO - Processing file /home/airflow/.local/lib/python3.8/site-packages/airflow/example_dags/example_sensors.py for tasks to queue
[2026-04-21T08:13:27.104+0000] {logging_mixin.py:188} INFO - [2026-04-21T08:13:27.104+0000] {dagbag.py:538} INFO - Filling up the DagBag from /home/airflow/.local/lib/python3.8/site-packages/airflow/example_dags/example_sensors.py
[2026-04-21T08:13:27.110+0000] {processor.py:840} INFO - DAG(s) 'example_sensors' retrieved from /home/airflow/.local/lib/python3.8/site-packages/airflow/example_dags/example_sensors.py
[2026-04-21T08:13:27.126+0000] {logging_mixin.py:188} INFO - [2026-04-21T08:13:27.126+0000] {dag.py:3036} INFO - Sync 1 DAGs
[2026-04-21T08:13:27.134+0000] {logging_mixin.py:188} INFO - [2026-04-21T08:13:27.133+0000] {dag.py:3823} INFO - Setting next_dagrun for example_sensors to None, run_after=None
[2026-04-21T08:13:27.144+0000] {processor.py:183} INFO - Processing /home/airflow/.local/lib/python3.8/site-packages/airflow/example_dags/example_sensors.py took 0.043 seconds
[2026-04-21T08:13:57.749+0000] {processor.py:161} INFO - Started process (PID=20580) to work on /home/airflow/.local/lib/python3.8/site-packages/airflow/example_dags/example_sensors.py
[2026-04-21T08:13:57.750+0000] {processor.py:830} INFO - Processing file /home/airflow/.local/lib/python3.8/site-packages/airflow/example_dags/example_sensors.py for tasks to queue
[2026-04-21T08:13:57.750+0000] {logging_mixin.py:188} INFO - [2026-04-21T08:13:57.750+0000] {dagbag.py:538} INFO - Filling up the DagBag from /home/airflow/.local/lib/python3.8/site-packages/airflow/example_dags/example_sensors.py
[2026-04-21T08:13:57.757+0000] {processor.py:840} INFO - DAG(s) 'example_sensors' retrieved from /home/airflow/.local/lib/python3.8/site-packages/airflow/example_dags/example_sensors.py
[2026-04-21T08:13:57.774+0000] {logging_mixin.py:188} INFO - [2026-04-21T08:13:57.774+0000] {dag.py:3036} INFO - Sync 1 DAGs
[2026-04-21T08:13:57.782+0000] {logging_mixin.py:188} INFO - [2026-04-21T08:13:57.782+0000] {dag.py:3823} INFO - Setting next_dagrun for example_sensors to None, run_after=None
[2026-04-21T08:13:57.792+0000] {processor.py:183} INFO - Processing /home/airflow/.local/lib/python3.8/site-packages/airflow/example_dags/example_sensors.py took 0.046 seconds
[2026-04-21T08:14:28.447+0000] {processor.py:161} INFO - Started process (PID=20635) to work on /home/airflow/.local/lib/python3.8/site-packages/airflow/example_dags/example_sensors.py
[2026-04-21T08:14:28.448+0000] {processor.py:830} INFO - Processing file /home/airflow/.local/lib/python3.8/site-packages/airflow/example_dags/example_sensors.py for tasks to queue
[2026-04-21T08:14:28.448+0000] {logging_mixin.py:188} INFO - [2026-04-21T08:14:28.448+0000] {dagbag.py:538} INFO - Filling up the DagBag from /home/airflow/.local/lib/python3.8/site-packages/airflow/example_dags/example_sensors.py
[2026-04-21T08:14:28.456+0000] {processor.py:840} INFO - DAG(s) 'example_sensors' retrieved from /home/airflow/.local/lib/python3.8/site-packages/airflow/example_dags/example_sensors.py
[2026-04-21T08:14:28.478+0000] {logging_mixin.py:188} INFO - [2026-04-21T08:14:28.478+0000] {dag.py:3036} INFO - Sync 1 DAGs
[2026-04-21T08:14:28.490+0000] {logging_mixin.py:188} INFO - [2026-04-21T08:14:28.490+0000] {dag.py:3823} INFO - Setting next_dagrun for example_sensors to None, run_after=None
[2026-04-21T08:14:28.504+0000] {processor.py:183} INFO - Processing /home/airflow/.local/lib/python3.8/site-packages/airflow/example_dags/example_sensors.py took 0.060 seconds
[2026-04-21T08:14:59.275+0000] {processor.py:161} INFO - Started process (PID=20690) to work on /home/airflow/.local/lib/python3.8/site-packages/airflow/example_dags/example_sensors.py
[2026-04-21T08:14:59.275+0000] {processor.py:830} INFO - Processing file /home/airflow/.local/lib/python3.8/site-packages/airflow/example_dags/example_sensors.py for tasks to queue
[2026-04-21T08:14:59.276+0000] {logging_mixin.py:188} INFO - [2026-04-21T08:14:59.276+0000] {dagbag.py:538} INFO - Filling up the DagBag from /home/airflow/.local/lib/python3.8/site-packages/airflow/example_dags/example_sensors.py
[2026-04-21T08:14:59.285+0000] {processor.py:840} INFO - DAG(s) 'example_sensors' retrieved from /home/airflow/.local/lib/python3.8/site-packages/airflow/example_dags/example_sensors.py
[2026-04-21T08:14:59.305+0000] {logging_mixin.py:188} INFO - [2026-04-21T08:14:59.305+0000] {dag.py:3036} INFO - Sync 1 DAGs
[2026-04-21T08:14:59.317+0000] {logging_mixin.py:188} INFO - [2026-04-21T08:14:59.317+0000] {dag.py:3823} INFO - Setting next_dagrun for example_sensors to None, run_after=None
[2026-04-21T08:14:59.329+0000] {processor.py:183} INFO - Processing /home/airflow/.local/lib/python3.8/site-packages/airflow/example_dags/example_sensors.py took 0.057 seconds
[2026-04-21T08:15:29.443+0000] {processor.py:161} INFO - Started process (PID=20745) to work on /home/airflow/.local/lib/python3.8/site-packages/airflow/example_dags/example_sensors.py
[2026-04-21T08:15:29.443+0000] {processor.py:830} INFO - Processing file /home/airflow/.local/lib/python3.8/site-packages/airflow/example_dags/example_sensors.py for tasks to queue
[2026-04-21T08:15:29.444+0000] {logging_mixin.py:188} INFO - [2026-04-21T08:15:29.444+0000] {dagbag.py:538} INFO - Filling up the DagBag from /home/airflow/.local/lib/python3.8/site-packages/airflow/example_dags/example_sensors.py
[2026-04-21T08:15:29.450+0000] {processor.py:840} INFO - DAG(s) 'example_sensors' retrieved from /home/airflow/.local/lib/python3.8/site-packages/airflow/example_dags/example_sensors.py
[2026-04-21T08:15:29.467+0000] {logging_mixin.py:188} INFO - [2026-04-21T08:15:29.467+0000] {dag.py:3036} INFO - Sync 1 DAGs
[2026-04-21T08:15:29.475+0000] {logging_mixin.py:188} INFO - [2026-04-21T08:15:29.475+0000] {dag.py:3823} INFO - Setting next_dagrun for example_sensors to None, run_after=None
[2026-04-21T08:15:29.484+0000] {processor.py:183} INFO - Processing /home/airflow/.local/lib/python3.8/site-packages/airflow/example_dags/example_sensors.py took 0.044 seconds
[2026-04-21T08:16:00.160+0000] {processor.py:161} INFO - Started process (PID=20800) to work on /home/airflow/.local/lib/python3.8/site-packages/airflow/example_dags/example_sensors.py
[2026-04-21T08:16:00.160+0000] {processor.py:830} INFO - Processing file /home/airflow/.local/lib/python3.8/site-packages/airflow/example_dags/example_sensors.py for tasks to queue
[2026-04-21T08:16:00.161+0000] {logging_mixin.py:188} INFO - [2026-04-21T08:16:00.161+0000] {dagbag.py:538} INFO - Filling up the DagBag from /home/airflow/.local/lib/python3.8/site-packages/airflow/example_dags/example_sensors.py
[2026-04-21T08:16:00.167+0000] {processor.py:840} INFO - DAG(s) 'example_sensors' retrieved from /home/airflow/.local/lib/python3.8/site-packages/airflow/example_dags/example_sensors.py
[2026-04-21T08:16:00.184+0000] {logging_mixin.py:188} INFO - [2026-04-21T08:16:00.184+0000] {dag.py:3036} INFO - Sync 1 DAGs
[2026-04-21T08:16:00.193+0000] {logging_mixin.py:188} INFO - [2026-04-21T08:16:00.193+0000] {dag.py:3823} INFO - Setting next_dagrun for example_sensors to None, run_after=None
[2026-04-21T08:16:00.203+0000] {processor.py:183} INFO - Processing /home/airflow/.local/lib/python3.8/site-packages/airflow/example_dags/example_sensors.py took 0.046 seconds
[2026-04-21T08:16:30.793+0000] {processor.py:161} INFO - Started process (PID=20855) to work on /home/airflow/.local/lib/python3.8/site-packages/airflow/example_dags/example_sensors.py
[2026-04-21T08:16:30.794+0000] {processor.py:830} INFO - Processing file /home/airflow/.local/lib/python3.8/site-packages/airflow/example_dags/example_sensors.py for tasks to queue
[2026-04-21T08:16:30.794+0000] {logging_mixin.py:188} INFO - [2026-04-21T08:16:30.794+0000] {dagbag.py:538} INFO - Filling up the DagBag from /home/airflow/.local/lib/python3.8/site-packages/airflow/example_dags/example_sensors.py
[2026-04-21T08:16:30.802+0000] {processor.py:840} INFO - DAG(s) 'example_sensors' retrieved from /home/airflow/.local/lib/python3.8/site-packages/airflow/example_dags/example_sensors.py
[2026-04-21T08:16:30.821+0000] {logging_mixin.py:188} INFO - [2026-04-21T08:16:30.821+0000] {dag.py:3036} INFO - Sync 1 DAGs
[2026-04-21T08:16:30.831+0000] {logging_mixin.py:188} INFO - [2026-04-21T08:16:30.831+0000] {dag.py:3823} INFO - Setting next_dagrun for example_sensors to None, run_after=None
[2026-04-21T08:16:30.844+0000] {processor.py:183} INFO - Processing /home/airflow/.local/lib/python3.8/site-packages/airflow/example_dags/example_sensors.py took 0.054 seconds
[2026-04-21T08:17:01.800+0000] {processor.py:161} INFO - Started process (PID=20910) to work on /home/airflow/.local/lib/python3.8/site-packages/airflow/example_dags/example_sensors.py
[2026-04-21T08:17:01.800+0000] {processor.py:830} INFO - Processing file /home/airflow/.local/lib/python3.8/site-packages/airflow/example_dags/example_sensors.py for tasks to queue
[2026-04-21T08:17:01.801+0000] {logging_mixin.py:188} INFO - [2026-04-21T08:17:01.801+0000] {dagbag.py:538} INFO - Filling up the DagBag from /home/airflow/.local/lib/python3.8/site-packages/airflow/example_dags/example_sensors.py
[2026-04-21T08:17:01.807+0000] {processor.py:840} INFO - DAG(s) 'example_sensors' retrieved from /home/airflow/.local/lib/python3.8/site-packages/airflow/example_dags/example_sensors.py
[2026-04-21T08:17:01.823+0000] {logging_mixin.py:188} INFO - [2026-04-21T08:17:01.823+0000] {dag.py:3036} INFO - Sync 1 DAGs
[2026-04-21T08:17:01.831+0000] {logging_mixin.py:188} INFO - [2026-04-21T08:17:01.831+0000] {dag.py:3823} INFO - Setting next_dagrun for example_sensors to None, run_after=None
[2026-04-21T08:17:01.841+0000] {processor.py:183} INFO - Processing /home/airflow/.local/lib/python3.8/site-packages/airflow/example_dags/example_sensors.py took 0.044 seconds
[2026-04-21T08:17:32.716+0000] {processor.py:161} INFO - Started process (PID=20965) to work on /home/airflow/.local/lib/python3.8/site-packages/airflow/example_dags/example_sensors.py
[2026-04-21T08:17:32.717+0000] {processor.py:830} INFO - Processing file /home/airflow/.local/lib/python3.8/site-packages/airflow/example_dags/example_sensors.py for tasks to queue
[2026-04-21T08:17:32.718+0000] {logging_mixin.py:188} INFO - [2026-04-21T08:17:32.718+0000] {dagbag.py:538} INFO - Filling up the DagBag from /home/airflow/.local/lib/python3.8/site-packages/airflow/example_dags/example_sensors.py
[2026-04-21T08:17:32.724+0000] {processor.py:840} INFO - DAG(s) 'example_sensors' retrieved from /home/airflow/.local/lib/python3.8/site-packages/airflow/example_dags/example_sensors.py
[2026-04-21T08:17:32.743+0000] {logging_mixin.py:188} INFO - [2026-04-21T08:17:32.743+0000] {dag.py:3036} INFO - Sync 1 DAGs
[2026-04-21T08:17:32.753+0000] {logging_mixin.py:188} INFO - [2026-04-21T08:17:32.753+0000] {dag.py:3823} INFO - Setting next_dagrun for example_sensors to None, run_after=None
[2026-04-21T08:17:32.767+0000] {processor.py:183} INFO - Processing /home/airflow/.local/lib/python3.8/site-packages/airflow/example_dags/example_sensors.py took 0.054 seconds
[2026-04-21T08:18:03.312+0000] {processor.py:161} INFO - Started process (PID=21020) to work on /home/airflow/.local/lib/python3.8/site-packages/airflow/example_dags/example_sensors.py
[2026-04-21T08:18:03.313+0000] {processor.py:830} INFO - Processing file /home/airflow/.local/lib/python3.8/site-packages/airflow/example_dags/example_sensors.py for tasks to queue
[2026-04-21T08:18:03.313+0000] {logging_mixin.py:188} INFO - [2026-04-21T08:18:03.313+0000] {dagbag.py:538} INFO - Filling up the DagBag from /home/airflow/.local/lib/python3.8/site-packages/airflow/example_dags/example_sensors.py
[2026-04-21T08:18:03.320+0000] {processor.py:840} INFO - DAG(s) 'example_sensors' retrieved from /home/airflow/.local/lib/python3.8/site-packages/airflow/example_dags/example_sensors.py
[2026-04-21T08:18:03.336+0000] {logging_mixin.py:188} INFO - [2026-04-21T08:18:03.336+0000] {dag.py:3036} INFO - Sync 1 DAGs
[2026-04-21T08:18:03.344+0000] {logging_mixin.py:188} INFO - [2026-04-21T08:18:03.344+0000] {dag.py:3823} INFO - Setting next_dagrun for example_sensors to None, run_after=None
[2026-04-21T08:18:03.354+0000] {processor.py:183} INFO - Processing /home/airflow/.local/lib/python3.8/site-packages/airflow/example_dags/example_sensors.py took 0.045 seconds
[2026-04-21T08:18:34.020+0000] {processor.py:161} INFO - Started process (PID=21075) to work on /home/airflow/.local/lib/python3.8/site-packages/airflow/example_dags/example_sensors.py
[2026-04-21T08:18:34.021+0000] {processor.py:830} INFO - Processing file /home/airflow/.local/lib/python3.8/site-packages/airflow/example_dags/example_sensors.py for tasks to queue
[2026-04-21T08:18:34.021+0000] {logging_mixin.py:188} INFO - [2026-04-21T08:18:34.021+0000] {dagbag.py:538} INFO - Filling up the DagBag from /home/airflow/.local/lib/python3.8/site-packages/airflow/example_dags/example_sensors.py
[2026-04-21T08:18:34.028+0000] {processor.py:840} INFO - DAG(s) 'example_sensors' retrieved from /home/airflow/.local/lib/python3.8/site-packages/airflow/example_dags/example_sensors.py
[2026-04-21T08:18:34.049+0000] {logging_mixin.py:188} INFO - [2026-04-21T08:18:34.049+0000] {dag.py:3036} INFO - Sync 1 DAGs
[2026-04-21T08:18:34.057+0000] {logging_mixin.py:188} INFO - [2026-04-21T08:18:34.057+0000] {dag.py:3823} INFO - Setting next_dagrun for example_sensors to None, run_after=None
[2026-04-21T08:18:34.072+0000] {processor.py:183} INFO - Processing /home/airflow/.local/lib/python3.8/site-packages/airflow/example_dags/example_sensors.py took 0.054 seconds
[2026-04-21T08:19:04.660+0000] {processor.py:161} INFO - Started process (PID=21130) to work on /home/airflow/.local/lib/python3.8/site-packages/airflow/example_dags/example_sensors.py
[2026-04-21T08:19:04.661+0000] {processor.py:830} INFO - Processing file /home/airflow/.local/lib/python3.8/site-packages/airflow/example_dags/example_sensors.py for tasks to queue
[2026-04-21T08:19:04.661+0000] {logging_mixin.py:188} INFO - [2026-04-21T08:19:04.661+0000] {dagbag.py:538} INFO - Filling up the DagBag from /home/airflow/.local/lib/python3.8/site-packages/airflow/example_dags/example_sensors.py
[2026-04-21T08:19:04.667+0000] {processor.py:840} INFO - DAG(s) 'example_sensors' retrieved from /home/airflow/.local/lib/python3.8/site-packages/airflow/example_dags/example_sensors.py
[2026-04-21T08:19:04.684+0000] {logging_mixin.py:188} INFO - [2026-04-21T08:19:04.684+0000] {dag.py:3036} INFO - Sync 1 DAGs
[2026-04-21T08:19:04.691+0000] {logging_mixin.py:188} INFO - [2026-04-21T08:19:04.691+0000] {dag.py:3823} INFO - Setting next_dagrun for example_sensors to None, run_after=None
[2026-04-21T08:19:04.701+0000] {processor.py:183} INFO - Processing /home/airflow/.local/lib/python3.8/site-packages/airflow/example_dags/example_sensors.py took 0.044 seconds
[2026-04-21T08:19:34.819+0000] {processor.py:161} INFO - Started process (PID=21185) to work on /home/airflow/.local/lib/python3.8/site-packages/airflow/example_dags/example_sensors.py
[2026-04-21T08:19:34.820+0000] {processor.py:830} INFO - Processing file /home/airflow/.local/lib/python3.8/site-packages/airflow/example_dags/example_sensors.py for tasks to queue
[2026-04-21T08:19:34.820+0000] {logging_mixin.py:188} INFO - [2026-04-21T08:19:34.820+0000] {dagbag.py:538} INFO - Filling up the DagBag from /home/airflow/.local/lib/python3.8/site-packages/airflow/example_dags/example_sensors.py
[2026-04-21T08:19:34.828+0000] {processor.py:840} INFO - DAG(s) 'example_sensors' retrieved from /home/airflow/.local/lib/python3.8/site-packages/airflow/example_dags/example_sensors.py
[2026-04-21T08:19:34.853+0000] {logging_mixin.py:188} INFO - [2026-04-21T08:19:34.853+0000] {dag.py:3036} INFO - Sync 1 DAGs
[2026-04-21T08:19:34.864+0000] {logging_mixin.py:188} INFO - [2026-04-21T08:19:34.864+0000] {dag.py:3823} INFO - Setting next_dagrun for example_sensors to None, run_after=None
[2026-04-21T08:19:34.877+0000] {processor.py:183} INFO - Processing /home/airflow/.local/lib/python3.8/site-packages/airflow/example_dags/example_sensors.py took 0.061 seconds
[2026-04-21T08:20:05.690+0000] {processor.py:161} INFO - Started process (PID=21240) to work on /home/airflow/.local/lib/python3.8/site-packages/airflow/example_dags/example_sensors.py
[2026-04-21T08:20:05.690+0000] {processor.py:830} INFO - Processing file /home/airflow/.local/lib/python3.8/site-packages/airflow/example_dags/example_sensors.py for tasks to queue
[2026-04-21T08:20:05.691+0000] {logging_mixin.py:188} INFO - [2026-04-21T08:20:05.691+0000] {dagbag.py:538} INFO - Filling up the DagBag from /home/airflow/.local/lib/python3.8/site-packages/airflow/example_dags/example_sensors.py
[2026-04-21T08:20:05.698+0000] {processor.py:840} INFO - DAG(s) 'example_sensors' retrieved from /home/airflow/.local/lib/python3.8/site-packages/airflow/example_dags/example_sensors.py
[2026-04-21T08:20:05.714+0000] {logging_mixin.py:188} INFO - [2026-04-21T08:20:05.714+0000] {dag.py:3036} INFO - Sync 1 DAGs
[2026-04-21T08:20:05.722+0000] {logging_mixin.py:188} INFO - [2026-04-21T08:20:05.722+0000] {dag.py:3823} INFO - Setting next_dagrun for example_sensors to None, run_after=None
[2026-04-21T08:20:05.732+0000] {processor.py:183} INFO - Processing /home/airflow/.local/lib/python3.8/site-packages/airflow/example_dags/example_sensors.py took 0.044 seconds
[2026-04-21T08:20:36.401+0000] {processor.py:161} INFO - Started process (PID=21295) to work on /home/airflow/.local/lib/python3.8/site-packages/airflow/example_dags/example_sensors.py
[2026-04-21T08:20:36.401+0000] {processor.py:830} INFO - Processing file /home/airflow/.local/lib/python3.8/site-packages/airflow/example_dags/example_sensors.py for tasks to queue
[2026-04-21T08:20:36.402+0000] {logging_mixin.py:188} INFO - [2026-04-21T08:20:36.402+0000] {dagbag.py:538} INFO - Filling up the DagBag from /home/airflow/.local/lib/python3.8/site-packages/airflow/example_dags/example_sensors.py
[2026-04-21T08:20:36.408+0000] {processor.py:840} INFO - DAG(s) 'example_sensors' retrieved from /home/airflow/.local/lib/python3.8/site-packages/airflow/example_dags/example_sensors.py
[2026-04-21T08:20:36.425+0000] {logging_mixin.py:188} INFO - [2026-04-21T08:20:36.424+0000] {dag.py:3036} INFO - Sync 1 DAGs
[2026-04-21T08:20:36.432+0000] {logging_mixin.py:188} INFO - [2026-04-21T08:20:36.432+0000] {dag.py:3823} INFO - Setting next_dagrun for example_sensors to None, run_after=None
[2026-04-21T08:20:36.442+0000] {processor.py:183} INFO - Processing /home/airflow/.local/lib/python3.8/site-packages/airflow/example_dags/example_sensors.py took 0.043 seconds
[2026-04-21T08:21:07.039+0000] {processor.py:161} INFO - Started process (PID=21350) to work on /home/airflow/.local/lib/python3.8/site-packages/airflow/example_dags/example_sensors.py
[2026-04-21T08:21:07.039+0000] {processor.py:830} INFO - Processing file /home/airflow/.local/lib/python3.8/site-packages/airflow/example_dags/example_sensors.py for tasks to queue
[2026-04-21T08:21:07.040+0000] {logging_mixin.py:188} INFO - [2026-04-21T08:21:07.039+0000] {dagbag.py:538} INFO - Filling up the DagBag from /home/airflow/.local/lib/python3.8/site-packages/airflow/example_dags/example_sensors.py
[2026-04-21T08:21:07.046+0000] {processor.py:840} INFO - DAG(s) 'example_sensors' retrieved from /home/airflow/.local/lib/python3.8/site-packages/airflow/example_dags/example_sensors.py
[2026-04-21T08:21:07.063+0000] {logging_mixin.py:188} INFO - [2026-04-21T08:21:07.063+0000] {dag.py:3036} INFO - Sync 1 DAGs
[2026-04-21T08:21:07.071+0000] {logging_mixin.py:188} INFO - [2026-04-21T08:21:07.071+0000] {dag.py:3823} INFO - Setting next_dagrun for example_sensors to None, run_after=None
[2026-04-21T08:21:07.081+0000] {processor.py:183} INFO - Processing /home/airflow/.local/lib/python3.8/site-packages/airflow/example_dags/example_sensors.py took 0.045 seconds
[2026-04-21T08:21:37.278+0000] {processor.py:161} INFO - Started process (PID=21405) to work on /home/airflow/.local/lib/python3.8/site-packages/airflow/example_dags/example_sensors.py
[2026-04-21T08:21:37.279+0000] {processor.py:830} INFO - Processing file /home/airflow/.local/lib/python3.8/site-packages/airflow/example_dags/example_sensors.py for tasks to queue
[2026-04-21T08:21:37.279+0000] {logging_mixin.py:188} INFO - [2026-04-21T08:21:37.279+0000] {dagbag.py:538} INFO - Filling up the DagBag from /home/airflow/.local/lib/python3.8/site-packages/airflow/example_dags/example_sensors.py
[2026-04-21T08:21:37.286+0000] {processor.py:840} INFO - DAG(s) 'example_sensors' retrieved from /home/airflow/.local/lib/python3.8/site-packages/airflow/example_dags/example_sensors.py
[2026-04-21T08:21:37.302+0000] {logging_mixin.py:188} INFO - [2026-04-21T08:21:37.302+0000] {dag.py:3036} INFO - Sync 1 DAGs
[2026-04-21T08:21:37.311+0000] {logging_mixin.py:188} INFO - [2026-04-21T08:21:37.310+0000] {dag.py:3823} INFO - Setting next_dagrun for example_sensors to None, run_after=None
[2026-04-21T08:21:37.322+0000] {processor.py:183} INFO - Processing /home/airflow/.local/lib/python3.8/site-packages/airflow/example_dags/example_sensors.py took 0.047 seconds
[2026-04-21T08:22:07.415+0000] {processor.py:161} INFO - Started process (PID=21460) to work on /home/airflow/.local/lib/python3.8/site-packages/airflow/example_dags/example_sensors.py
[2026-04-21T08:22:07.416+0000] {processor.py:830} INFO - Processing file /home/airflow/.local/lib/python3.8/site-packages/airflow/example_dags/example_sensors.py for tasks to queue
[2026-04-21T08:22:07.417+0000] {logging_mixin.py:188} INFO - [2026-04-21T08:22:07.416+0000] {dagbag.py:538} INFO - Filling up the DagBag from /home/airflow/.local/lib/python3.8/site-packages/airflow/example_dags/example_sensors.py
[2026-04-21T08:22:07.423+0000] {processor.py:840} INFO - DAG(s) 'example_sensors' retrieved from /home/airflow/.local/lib/python3.8/site-packages/airflow/example_dags/example_sensors.py
[2026-04-21T08:22:07.439+0000] {logging_mixin.py:188} INFO - [2026-04-21T08:22:07.439+0000] {dag.py:3036} INFO - Sync 1 DAGs
[2026-04-21T08:22:07.447+0000] {logging_mixin.py:188} INFO - [2026-04-21T08:22:07.447+0000] {dag.py:3823} INFO - Setting next_dagrun for example_sensors to None, run_after=None
[2026-04-21T08:22:07.457+0000] {processor.py:183} INFO - Processing /home/airflow/.local/lib/python3.8/site-packages/airflow/example_dags/example_sensors.py took 0.043 seconds
[2026-04-21T08:22:37.630+0000] {processor.py:161} INFO - Started process (PID=21515) to work on /home/airflow/.local/lib/python3.8/site-packages/airflow/example_dags/example_sensors.py
[2026-04-21T08:22:37.630+0000] {processor.py:830} INFO - Processing file /home/airflow/.local/lib/python3.8/site-packages/airflow/example_dags/example_sensors.py for tasks to queue
[2026-04-21T08:22:37.631+0000] {logging_mixin.py:188} INFO - [2026-04-21T08:22:37.631+0000] {dagbag.py:538} INFO - Filling up the DagBag from /home/airflow/.local/lib/python3.8/site-packages/airflow/example_dags/example_sensors.py
[2026-04-21T08:22:37.639+0000] {processor.py:840} INFO - DAG(s) 'example_sensors' retrieved from /home/airflow/.local/lib/python3.8/site-packages/airflow/example_dags/example_sensors.py
[2026-04-21T08:22:37.655+0000] {logging_mixin.py:188} INFO - [2026-04-21T08:22:37.655+0000] {dag.py:3036} INFO - Sync 1 DAGs
[2026-04-21T08:22:37.663+0000] {logging_mixin.py:188} INFO - [2026-04-21T08:22:37.663+0000] {dag.py:3823} INFO - Setting next_dagrun for example_sensors to None, run_after=None
[2026-04-21T08:22:37.677+0000] {processor.py:183} INFO - Processing /home/airflow/.local/lib/python3.8/site-packages/airflow/example_dags/example_sensors.py took 0.050 seconds
[2026-04-21T08:23:08.337+0000] {processor.py:161} INFO - Started process (PID=21570) to work on /home/airflow/.local/lib/python3.8/site-packages/airflow/example_dags/example_sensors.py
[2026-04-21T08:23:08.338+0000] {processor.py:830} INFO - Processing file /home/airflow/.local/lib/python3.8/site-packages/airflow/example_dags/example_sensors.py for tasks to queue
[2026-04-21T08:23:08.339+0000] {logging_mixin.py:188} INFO - [2026-04-21T08:23:08.339+0000] {dagbag.py:538} INFO - Filling up the DagBag from /home/airflow/.local/lib/python3.8/site-packages/airflow/example_dags/example_sensors.py
[2026-04-21T08:23:08.345+0000] {processor.py:840} INFO - DAG(s) 'example_sensors' retrieved from /home/airflow/.local/lib/python3.8/site-packages/airflow/example_dags/example_sensors.py
[2026-04-21T08:23:08.362+0000] {logging_mixin.py:188} INFO - [2026-04-21T08:23:08.362+0000] {dag.py:3036} INFO - Sync 1 DAGs
[2026-04-21T08:23:08.371+0000] {logging_mixin.py:188} INFO - [2026-04-21T08:23:08.370+0000] {dag.py:3823} INFO - Setting next_dagrun for example_sensors to None, run_after=None
[2026-04-21T08:23:08.381+0000] {processor.py:183} INFO - Processing /home/airflow/.local/lib/python3.8/site-packages/airflow/example_dags/example_sensors.py took 0.046 seconds
[2026-04-21T08:23:39.048+0000] {processor.py:161} INFO - Started process (PID=21625) to work on /home/airflow/.local/lib/python3.8/site-packages/airflow/example_dags/example_sensors.py
[2026-04-21T08:23:39.048+0000] {processor.py:830} INFO - Processing file /home/airflow/.local/lib/python3.8/site-packages/airflow/example_dags/example_sensors.py for tasks to queue
[2026-04-21T08:23:39.049+0000] {logging_mixin.py:188} INFO - [2026-04-21T08:23:39.049+0000] {dagbag.py:538} INFO - Filling up the DagBag from /home/airflow/.local/lib/python3.8/site-packages/airflow/example_dags/example_sensors.py
[2026-04-21T08:23:39.055+0000] {processor.py:840} INFO - DAG(s) 'example_sensors' retrieved from /home/airflow/.local/lib/python3.8/site-packages/airflow/example_dags/example_sensors.py
[2026-04-21T08:23:39.072+0000] {logging_mixin.py:188} INFO - [2026-04-21T08:23:39.071+0000] {dag.py:3036} INFO - Sync 1 DAGs
[2026-04-21T08:23:39.079+0000] {logging_mixin.py:188} INFO - [2026-04-21T08:23:39.079+0000] {dag.py:3823} INFO - Setting next_dagrun for example_sensors to None, run_after=None
[2026-04-21T08:23:39.089+0000] {processor.py:183} INFO - Processing /home/airflow/.local/lib/python3.8/site-packages/airflow/example_dags/example_sensors.py took 0.043 seconds
[2026-04-21T08:24:09.657+0000] {processor.py:161} INFO - Started process (PID=21680) to work on /home/airflow/.local/lib/python3.8/site-packages/airflow/example_dags/example_sensors.py
[2026-04-21T08:24:09.658+0000] {processor.py:830} INFO - Processing file /home/airflow/.local/lib/python3.8/site-packages/airflow/example_dags/example_sensors.py for tasks to queue
[2026-04-21T08:24:09.659+0000] {logging_mixin.py:188} INFO - [2026-04-21T08:24:09.659+0000] {dagbag.py:538} INFO - Filling up the DagBag from /home/airflow/.local/lib/python3.8/site-packages/airflow/example_dags/example_sensors.py
[2026-04-21T08:24:09.666+0000] {processor.py:840} INFO - DAG(s) 'example_sensors' retrieved from /home/airflow/.local/lib/python3.8/site-packages/airflow/example_dags/example_sensors.py
[2026-04-21T08:24:09.685+0000] {logging_mixin.py:188} INFO - [2026-04-21T08:24:09.685+0000] {dag.py:3036} INFO - Sync 1 DAGs
[2026-04-21T08:24:09.694+0000] {logging_mixin.py:188} INFO - [2026-04-21T08:24:09.694+0000] {dag.py:3823} INFO - Setting next_dagrun for example_sensors to None, run_after=None
[2026-04-21T08:24:09.708+0000] {processor.py:183} INFO - Processing /home/airflow/.local/lib/python3.8/site-packages/airflow/example_dags/example_sensors.py took 0.054 seconds
[2026-04-21T08:24:39.730+0000] {processor.py:161} INFO - Started process (PID=21735) to work on /home/airflow/.local/lib/python3.8/site-packages/airflow/example_dags/example_sensors.py
[2026-04-21T08:24:39.731+0000] {processor.py:830} INFO - Processing file /home/airflow/.local/lib/python3.8/site-packages/airflow/example_dags/example_sensors.py for tasks to queue
[2026-04-21T08:24:39.731+0000] {logging_mixin.py:188} INFO - [2026-04-21T08:24:39.731+0000] {dagbag.py:538} INFO - Filling up the DagBag from /home/airflow/.local/lib/python3.8/site-packages/airflow/example_dags/example_sensors.py
[2026-04-21T08:24:39.738+0000] {processor.py:840} INFO - DAG(s) 'example_sensors' retrieved from /home/airflow/.local/lib/python3.8/site-packages/airflow/example_dags/example_sensors.py
[2026-04-21T08:24:39.754+0000] {logging_mixin.py:188} INFO - [2026-04-21T08:24:39.754+0000] {dag.py:3036} INFO - Sync 1 DAGs
[2026-04-21T08:24:39.763+0000] {logging_mixin.py:188} INFO - [2026-04-21T08:24:39.762+0000] {dag.py:3823} INFO - Setting next_dagrun for example_sensors to None, run_after=None
[2026-04-21T08:24:39.773+0000] {processor.py:183} INFO - Processing /home/airflow/.local/lib/python3.8/site-packages/airflow/example_dags/example_sensors.py took 0.045 seconds
[2026-04-21T08:25:10.073+0000] {processor.py:161} INFO - Started process (PID=21790) to work on /home/airflow/.local/lib/python3.8/site-packages/airflow/example_dags/example_sensors.py
[2026-04-21T08:25:10.074+0000] {processor.py:830} INFO - Processing file /home/airflow/.local/lib/python3.8/site-packages/airflow/example_dags/example_sensors.py for tasks to queue
[2026-04-21T08:25:10.075+0000] {logging_mixin.py:188} INFO - [2026-04-21T08:25:10.075+0000] {dagbag.py:538} INFO - Filling up the DagBag from /home/airflow/.local/lib/python3.8/site-packages/airflow/example_dags/example_sensors.py
[2026-04-21T08:25:10.086+0000] {processor.py:840} INFO - DAG(s) 'example_sensors' retrieved from /home/airflow/.local/lib/python3.8/site-packages/airflow/example_dags/example_sensors.py
[2026-04-21T08:25:10.112+0000] {logging_mixin.py:188} INFO - [2026-04-21T08:25:10.112+0000] {dag.py:3036} INFO - Sync 1 DAGs
[2026-04-21T08:25:10.124+0000] {logging_mixin.py:188} INFO - [2026-04-21T08:25:10.124+0000] {dag.py:3823} INFO - Setting next_dagrun for example_sensors to None, run_after=None
[2026-04-21T08:25:10.141+0000] {processor.py:183} INFO - Processing /home/airflow/.local/lib/python3.8/site-packages/airflow/example_dags/example_sensors.py took 0.071 seconds
[2026-04-21T08:25:41.110+0000] {processor.py:161} INFO - Started process (PID=21845) to work on /home/airflow/.local/lib/python3.8/site-packages/airflow/example_dags/example_sensors.py
[2026-04-21T08:25:41.111+0000] {processor.py:830} INFO - Processing file /home/airflow/.local/lib/python3.8/site-packages/airflow/example_dags/example_sensors.py for tasks to queue
[2026-04-21T08:25:41.111+0000] {logging_mixin.py:188} INFO - [2026-04-21T08:25:41.111+0000] {dagbag.py:538} INFO - Filling up the DagBag from /home/airflow/.local/lib/python3.8/site-packages/airflow/example_dags/example_sensors.py
[2026-04-21T08:25:41.118+0000] {processor.py:840} INFO - DAG(s) 'example_sensors' retrieved from /home/airflow/.local/lib/python3.8/site-packages/airflow/example_dags/example_sensors.py
[2026-04-21T08:25:41.134+0000] {logging_mixin.py:188} INFO - [2026-04-21T08:25:41.134+0000] {dag.py:3036} INFO - Sync 1 DAGs
[2026-04-21T08:25:41.142+0000] {logging_mixin.py:188} INFO - [2026-04-21T08:25:41.142+0000] {dag.py:3823} INFO - Setting next_dagrun for example_sensors to None, run_after=None
[2026-04-21T08:25:41.152+0000] {processor.py:183} INFO - Processing /home/airflow/.local/lib/python3.8/site-packages/airflow/example_dags/example_sensors.py took 0.044 seconds
[2026-04-21T08:26:11.666+0000] {processor.py:161} INFO - Started process (PID=21900) to work on /home/airflow/.local/lib/python3.8/site-packages/airflow/example_dags/example_sensors.py
[2026-04-21T08:26:11.666+0000] {processor.py:830} INFO - Processing file /home/airflow/.local/lib/python3.8/site-packages/airflow/example_dags/example_sensors.py for tasks to queue
[2026-04-21T08:26:11.667+0000] {logging_mixin.py:188} INFO - [2026-04-21T08:26:11.667+0000] {dagbag.py:538} INFO - Filling up the DagBag from /home/airflow/.local/lib/python3.8/site-packages/airflow/example_dags/example_sensors.py
[2026-04-21T08:26:11.673+0000] {processor.py:840} INFO - DAG(s) 'example_sensors' retrieved from /home/airflow/.local/lib/python3.8/site-packages/airflow/example_dags/example_sensors.py
[2026-04-21T08:26:11.689+0000] {logging_mixin.py:188} INFO - [2026-04-21T08:26:11.689+0000] {dag.py:3036} INFO - Sync 1 DAGs
[2026-04-21T08:26:11.697+0000] {logging_mixin.py:188} INFO - [2026-04-21T08:26:11.696+0000] {dag.py:3823} INFO - Setting next_dagrun for example_sensors to None, run_after=None
[2026-04-21T08:26:11.706+0000] {processor.py:183} INFO - Processing /home/airflow/.local/lib/python3.8/site-packages/airflow/example_dags/example_sensors.py took 0.043 seconds
[2026-04-21T08:26:42.271+0000] {processor.py:161} INFO - Started process (PID=21955) to work on /home/airflow/.local/lib/python3.8/site-packages/airflow/example_dags/example_sensors.py
[2026-04-21T08:26:42.272+0000] {processor.py:830} INFO - Processing file /home/airflow/.local/lib/python3.8/site-packages/airflow/example_dags/example_sensors.py for tasks to queue
[2026-04-21T08:26:42.272+0000] {logging_mixin.py:188} INFO - [2026-04-21T08:26:42.272+0000] {dagbag.py:538} INFO - Filling up the DagBag from /home/airflow/.local/lib/python3.8/site-packages/airflow/example_dags/example_sensors.py
[2026-04-21T08:26:42.278+0000] {processor.py:840} INFO - DAG(s) 'example_sensors' retrieved from /home/airflow/.local/lib/python3.8/site-packages/airflow/example_dags/example_sensors.py
[2026-04-21T08:26:42.294+0000] {logging_mixin.py:188} INFO - [2026-04-21T08:26:42.294+0000] {dag.py:3036} INFO - Sync 1 DAGs
[2026-04-21T08:26:42.302+0000] {logging_mixin.py:188} INFO - [2026-04-21T08:26:42.302+0000] {dag.py:3823} INFO - Setting next_dagrun for example_sensors to None, run_after=None
[2026-04-21T08:26:42.313+0000] {processor.py:183} INFO - Processing /home/airflow/.local/lib/python3.8/site-packages/airflow/example_dags/example_sensors.py took 0.044 seconds
[2026-04-21T08:27:12.873+0000] {processor.py:161} INFO - Started process (PID=22010) to work on /home/airflow/.local/lib/python3.8/site-packages/airflow/example_dags/example_sensors.py
[2026-04-21T08:27:12.873+0000] {processor.py:830} INFO - Processing file /home/airflow/.local/lib/python3.8/site-packages/airflow/example_dags/example_sensors.py for tasks to queue
[2026-04-21T08:27:12.874+0000] {logging_mixin.py:188} INFO - [2026-04-21T08:27:12.874+0000] {dagbag.py:538} INFO - Filling up the DagBag from /home/airflow/.local/lib/python3.8/site-packages/airflow/example_dags/example_sensors.py
[2026-04-21T08:27:12.880+0000] {processor.py:840} INFO - DAG(s) 'example_sensors' retrieved from /home/airflow/.local/lib/python3.8/site-packages/airflow/example_dags/example_sensors.py
[2026-04-21T08:27:12.896+0000] {logging_mixin.py:188} INFO - [2026-04-21T08:27:12.895+0000] {dag.py:3036} INFO - Sync 1 DAGs
[2026-04-21T08:27:12.903+0000] {logging_mixin.py:188} INFO - [2026-04-21T08:27:12.903+0000] {dag.py:3823} INFO - Setting next_dagrun for example_sensors to None, run_after=None
[2026-04-21T08:27:12.913+0000] {processor.py:183} INFO - Processing /home/airflow/.local/lib/python3.8/site-packages/airflow/example_dags/example_sensors.py took 0.043 seconds
[2026-04-21T08:27:43.424+0000] {processor.py:161} INFO - Started process (PID=22065) to work on /home/airflow/.local/lib/python3.8/site-packages/airflow/example_dags/example_sensors.py
[2026-04-21T08:27:43.425+0000] {processor.py:830} INFO - Processing file /home/airflow/.local/lib/python3.8/site-packages/airflow/example_dags/example_sensors.py for tasks to queue
[2026-04-21T08:27:43.425+0000] {logging_mixin.py:188} INFO - [2026-04-21T08:27:43.425+0000] {dagbag.py:538} INFO - Filling up the DagBag from /home/airflow/.local/lib/python3.8/site-packages/airflow/example_dags/example_sensors.py
[2026-04-21T08:27:43.431+0000] {processor.py:840} INFO - DAG(s) 'example_sensors' retrieved from /home/airflow/.local/lib/python3.8/site-packages/airflow/example_dags/example_sensors.py
[2026-04-21T08:27:43.448+0000] {logging_mixin.py:188} INFO - [2026-04-21T08:27:43.448+0000] {dag.py:3036} INFO - Sync 1 DAGs
[2026-04-21T08:27:43.455+0000] {logging_mixin.py:188} INFO - [2026-04-21T08:27:43.455+0000] {dag.py:3823} INFO - Setting next_dagrun for example_sensors to None, run_after=None
[2026-04-21T08:27:43.465+0000] {processor.py:183} INFO - Processing /home/airflow/.local/lib/python3.8/site-packages/airflow/example_dags/example_sensors.py took 0.043 seconds
[2026-04-21T08:28:14.023+0000] {processor.py:161} INFO - Started process (PID=22120) to work on /home/airflow/.local/lib/python3.8/site-packages/airflow/example_dags/example_sensors.py
[2026-04-21T08:28:14.024+0000] {processor.py:830} INFO - Processing file /home/airflow/.local/lib/python3.8/site-packages/airflow/example_dags/example_sensors.py for tasks to queue
[2026-04-21T08:28:14.024+0000] {logging_mixin.py:188} INFO - [2026-04-21T08:28:14.024+0000] {dagbag.py:538} INFO - Filling up the DagBag from /home/airflow/.local/lib/python3.8/site-packages/airflow/example_dags/example_sensors.py
[2026-04-21T08:28:14.031+0000] {processor.py:840} INFO - DAG(s) 'example_sensors' retrieved from /home/airflow/.local/lib/python3.8/site-packages/airflow/example_dags/example_sensors.py
[2026-04-21T08:28:14.048+0000] {logging_mixin.py:188} INFO - [2026-04-21T08:28:14.048+0000] {dag.py:3036} INFO - Sync 1 DAGs
[2026-04-21T08:28:14.056+0000] {logging_mixin.py:188} INFO - [2026-04-21T08:28:14.056+0000] {dag.py:3823} INFO - Setting next_dagrun for example_sensors to None, run_after=None
[2026-04-21T08:28:14.066+0000] {processor.py:183} INFO - Processing /home/airflow/.local/lib/python3.8/site-packages/airflow/example_dags/example_sensors.py took 0.045 seconds
[2026-04-21T08:28:44.567+0000] {processor.py:161} INFO - Started process (PID=22175) to work on /home/airflow/.local/lib/python3.8/site-packages/airflow/example_dags/example_sensors.py
[2026-04-21T08:28:44.567+0000] {processor.py:830} INFO - Processing file /home/airflow/.local/lib/python3.8/site-packages/airflow/example_dags/example_sensors.py for tasks to queue
[2026-04-21T08:28:44.568+0000] {logging_mixin.py:188} INFO - [2026-04-21T08:28:44.568+0000] {dagbag.py:538} INFO - Filling up the DagBag from /home/airflow/.local/lib/python3.8/site-packages/airflow/example_dags/example_sensors.py
[2026-04-21T08:28:44.574+0000] {processor.py:840} INFO - DAG(s) 'example_sensors' retrieved from /home/airflow/.local/lib/python3.8/site-packages/airflow/example_dags/example_sensors.py
[2026-04-21T08:28:44.590+0000] {logging_mixin.py:188} INFO - [2026-04-21T08:28:44.590+0000] {dag.py:3036} INFO - Sync 1 DAGs
[2026-04-21T08:28:44.598+0000] {logging_mixin.py:188} INFO - [2026-04-21T08:28:44.598+0000] {dag.py:3823} INFO - Setting next_dagrun for example_sensors to None, run_after=None
[2026-04-21T08:28:44.608+0000] {processor.py:183} INFO - Processing /home/airflow/.local/lib/python3.8/site-packages/airflow/example_dags/example_sensors.py took 0.043 seconds
[2026-04-21T08:29:15.140+0000] {processor.py:161} INFO - Started process (PID=22230) to work on /home/airflow/.local/lib/python3.8/site-packages/airflow/example_dags/example_sensors.py
[2026-04-21T08:29:15.141+0000] {processor.py:830} INFO - Processing file /home/airflow/.local/lib/python3.8/site-packages/airflow/example_dags/example_sensors.py for tasks to queue
[2026-04-21T08:29:15.142+0000] {logging_mixin.py:188} INFO - [2026-04-21T08:29:15.141+0000] {dagbag.py:538} INFO - Filling up the DagBag from /home/airflow/.local/lib/python3.8/site-packages/airflow/example_dags/example_sensors.py
[2026-04-21T08:29:15.148+0000] {processor.py:840} INFO - DAG(s) 'example_sensors' retrieved from /home/airflow/.local/lib/python3.8/site-packages/airflow/example_dags/example_sensors.py
[2026-04-21T08:29:15.164+0000] {logging_mixin.py:188} INFO - [2026-04-21T08:29:15.163+0000] {dag.py:3036} INFO - Sync 1 DAGs
[2026-04-21T08:29:15.172+0000] {logging_mixin.py:188} INFO - [2026-04-21T08:29:15.172+0000] {dag.py:3823} INFO - Setting next_dagrun for example_sensors to None, run_after=None
[2026-04-21T08:29:15.182+0000] {processor.py:183} INFO - Processing /home/airflow/.local/lib/python3.8/site-packages/airflow/example_dags/example_sensors.py took 0.043 seconds
[2026-04-21T08:29:45.749+0000] {processor.py:161} INFO - Started process (PID=22285) to work on /home/airflow/.local/lib/python3.8/site-packages/airflow/example_dags/example_sensors.py
[2026-04-21T08:29:45.750+0000] {processor.py:830} INFO - Processing file /home/airflow/.local/lib/python3.8/site-packages/airflow/example_dags/example_sensors.py for tasks to queue
[2026-04-21T08:29:45.750+0000] {logging_mixin.py:188} INFO - [2026-04-21T08:29:45.750+0000] {dagbag.py:538} INFO - Filling up the DagBag from /home/airflow/.local/lib/python3.8/site-packages/airflow/example_dags/example_sensors.py
[2026-04-21T08:29:45.756+0000] {processor.py:840} INFO - DAG(s) 'example_sensors' retrieved from /home/airflow/.local/lib/python3.8/site-packages/airflow/example_dags/example_sensors.py
[2026-04-21T08:29:45.772+0000] {logging_mixin.py:188} INFO - [2026-04-21T08:29:45.772+0000] {dag.py:3036} INFO - Sync 1 DAGs
[2026-04-21T08:29:45.780+0000] {logging_mixin.py:188} INFO - [2026-04-21T08:29:45.780+0000] {dag.py:3823} INFO - Setting next_dagrun for example_sensors to None, run_after=None
[2026-04-21T08:29:45.790+0000] {processor.py:183} INFO - Processing /home/airflow/.local/lib/python3.8/site-packages/airflow/example_dags/example_sensors.py took 0.043 seconds
[2026-04-21T08:30:16.356+0000] {processor.py:161} INFO - Started process (PID=22340) to work on /home/airflow/.local/lib/python3.8/site-packages/airflow/example_dags/example_sensors.py
[2026-04-21T08:30:16.356+0000] {processor.py:830} INFO - Processing file /home/airflow/.local/lib/python3.8/site-packages/airflow/example_dags/example_sensors.py for tasks to queue
[2026-04-21T08:30:16.357+0000] {logging_mixin.py:188} INFO - [2026-04-21T08:30:16.357+0000] {dagbag.py:538} INFO - Filling up the DagBag from /home/airflow/.local/lib/python3.8/site-packages/airflow/example_dags/example_sensors.py
[2026-04-21T08:30:16.363+0000] {processor.py:840} INFO - DAG(s) 'example_sensors' retrieved from /home/airflow/.local/lib/python3.8/site-packages/airflow/example_dags/example_sensors.py
[2026-04-21T08:30:16.378+0000] {logging_mixin.py:188} INFO - [2026-04-21T08:30:16.378+0000] {dag.py:3036} INFO - Sync 1 DAGs
[2026-04-21T08:30:16.386+0000] {logging_mixin.py:188} INFO - [2026-04-21T08:30:16.386+0000] {dag.py:3823} INFO - Setting next_dagrun for example_sensors to None, run_after=None
[2026-04-21T08:30:16.397+0000] {processor.py:183} INFO - Processing /home/airflow/.local/lib/python3.8/site-packages/airflow/example_dags/example_sensors.py took 0.043 seconds
[2026-04-21T08:30:46.921+0000] {processor.py:161} INFO - Started process (PID=22395) to work on /home/airflow/.local/lib/python3.8/site-packages/airflow/example_dags/example_sensors.py
[2026-04-21T08:30:46.921+0000] {processor.py:830} INFO - Processing file /home/airflow/.local/lib/python3.8/site-packages/airflow/example_dags/example_sensors.py for tasks to queue
[2026-04-21T08:30:46.922+0000] {logging_mixin.py:188} INFO - [2026-04-21T08:30:46.922+0000] {dagbag.py:538} INFO - Filling up the DagBag from /home/airflow/.local/lib/python3.8/site-packages/airflow/example_dags/example_sensors.py
[2026-04-21T08:30:46.928+0000] {processor.py:840} INFO - DAG(s) 'example_sensors' retrieved from /home/airflow/.local/lib/python3.8/site-packages/airflow/example_dags/example_sensors.py
[2026-04-21T08:30:46.944+0000] {logging_mixin.py:188} INFO - [2026-04-21T08:30:46.944+0000] {dag.py:3036} INFO - Sync 1 DAGs
[2026-04-21T08:30:46.952+0000] {logging_mixin.py:188} INFO - [2026-04-21T08:30:46.951+0000] {dag.py:3823} INFO - Setting next_dagrun for example_sensors to None, run_after=None
[2026-04-21T08:30:46.961+0000] {processor.py:183} INFO - Processing /home/airflow/.local/lib/python3.8/site-packages/airflow/example_dags/example_sensors.py took 0.043 seconds
[2026-04-21T08:31:17.523+0000] {processor.py:161} INFO - Started process (PID=22450) to work on /home/airflow/.local/lib/python3.8/site-packages/airflow/example_dags/example_sensors.py
[2026-04-21T08:31:17.523+0000] {processor.py:830} INFO - Processing file /home/airflow/.local/lib/python3.8/site-packages/airflow/example_dags/example_sensors.py for tasks to queue
[2026-04-21T08:31:17.524+0000] {logging_mixin.py:188} INFO - [2026-04-21T08:31:17.524+0000] {dagbag.py:538} INFO - Filling up the DagBag from /home/airflow/.local/lib/python3.8/site-packages/airflow/example_dags/example_sensors.py
[2026-04-21T08:31:17.530+0000] {processor.py:840} INFO - DAG(s) 'example_sensors' retrieved from /home/airflow/.local/lib/python3.8/site-packages/airflow/example_dags/example_sensors.py
[2026-04-21T08:31:17.546+0000] {logging_mixin.py:188} INFO - [2026-04-21T08:31:17.546+0000] {dag.py:3036} INFO - Sync 1 DAGs
[2026-04-21T08:31:17.554+0000] {logging_mixin.py:188} INFO - [2026-04-21T08:31:17.554+0000] {dag.py:3823} INFO - Setting next_dagrun for example_sensors to None, run_after=None
[2026-04-21T08:31:17.563+0000] {processor.py:183} INFO - Processing /home/airflow/.local/lib/python3.8/site-packages/airflow/example_dags/example_sensors.py took 0.043 seconds
[2026-04-21T08:31:48.138+0000] {processor.py:161} INFO - Started process (PID=22505) to work on /home/airflow/.local/lib/python3.8/site-packages/airflow/example_dags/example_sensors.py
[2026-04-21T08:31:48.139+0000] {processor.py:830} INFO - Processing file /home/airflow/.local/lib/python3.8/site-packages/airflow/example_dags/example_sensors.py for tasks to queue
[2026-04-21T08:31:48.139+0000] {logging_mixin.py:188} INFO - [2026-04-21T08:31:48.139+0000] {dagbag.py:538} INFO - Filling up the DagBag from /home/airflow/.local/lib/python3.8/site-packages/airflow/example_dags/example_sensors.py
[2026-04-21T08:31:48.146+0000] {processor.py:840} INFO - DAG(s) 'example_sensors' retrieved from /home/airflow/.local/lib/python3.8/site-packages/airflow/example_dags/example_sensors.py
[2026-04-21T08:31:48.162+0000] {logging_mixin.py:188} INFO - [2026-04-21T08:31:48.162+0000] {dag.py:3036} INFO - Sync 1 DAGs
[2026-04-21T08:31:48.170+0000] {logging_mixin.py:188} INFO - [2026-04-21T08:31:48.170+0000] {dag.py:3823} INFO - Setting next_dagrun for example_sensors to None, run_after=None
[2026-04-21T08:31:48.180+0000] {processor.py:183} INFO - Processing /home/airflow/.local/lib/python3.8/site-packages/airflow/example_dags/example_sensors.py took 0.044 seconds
[2026-04-21T08:32:18.734+0000] {processor.py:161} INFO - Started process (PID=22560) to work on /home/airflow/.local/lib/python3.8/site-packages/airflow/example_dags/example_sensors.py
[2026-04-21T08:32:18.734+0000] {processor.py:830} INFO - Processing file /home/airflow/.local/lib/python3.8/site-packages/airflow/example_dags/example_sensors.py for tasks to queue
[2026-04-21T08:32:18.735+0000] {logging_mixin.py:188} INFO - [2026-04-21T08:32:18.735+0000] {dagbag.py:538} INFO - Filling up the DagBag from /home/airflow/.local/lib/python3.8/site-packages/airflow/example_dags/example_sensors.py
[2026-04-21T08:32:18.741+0000] {processor.py:840} INFO - DAG(s) 'example_sensors' retrieved from /home/airflow/.local/lib/python3.8/site-packages/airflow/example_dags/example_sensors.py
[2026-04-21T08:32:18.757+0000] {logging_mixin.py:188} INFO - [2026-04-21T08:32:18.756+0000] {dag.py:3036} INFO - Sync 1 DAGs
[2026-04-21T08:32:18.764+0000] {logging_mixin.py:188} INFO - [2026-04-21T08:32:18.764+0000] {dag.py:3823} INFO - Setting next_dagrun for example_sensors to None, run_after=None
[2026-04-21T08:32:18.774+0000] {processor.py:183} INFO - Processing /home/airflow/.local/lib/python3.8/site-packages/airflow/example_dags/example_sensors.py took 0.042 seconds
[2026-04-21T08:32:49.331+0000] {processor.py:161} INFO - Started process (PID=22615) to work on /home/airflow/.local/lib/python3.8/site-packages/airflow/example_dags/example_sensors.py
[2026-04-21T08:32:49.332+0000] {processor.py:830} INFO - Processing file /home/airflow/.local/lib/python3.8/site-packages/airflow/example_dags/example_sensors.py for tasks to queue
[2026-04-21T08:32:49.332+0000] {logging_mixin.py:188} INFO - [2026-04-21T08:32:49.332+0000] {dagbag.py:538} INFO - Filling up the DagBag from /home/airflow/.local/lib/python3.8/site-packages/airflow/example_dags/example_sensors.py
[2026-04-21T08:32:49.338+0000] {processor.py:840} INFO - DAG(s) 'example_sensors' retrieved from /home/airflow/.local/lib/python3.8/site-packages/airflow/example_dags/example_sensors.py
[2026-04-21T08:32:49.354+0000] {logging_mixin.py:188} INFO - [2026-04-21T08:32:49.354+0000] {dag.py:3036} INFO - Sync 1 DAGs
[2026-04-21T08:32:49.362+0000] {logging_mixin.py:188} INFO - [2026-04-21T08:32:49.361+0000] {dag.py:3823} INFO - Setting next_dagrun for example_sensors to None, run_after=None
[2026-04-21T08:32:49.371+0000] {processor.py:183} INFO - Processing /home/airflow/.local/lib/python3.8/site-packages/airflow/example_dags/example_sensors.py took 0.042 seconds
[2026-04-21T08:33:19.871+0000] {processor.py:161} INFO - Started process (PID=22670) to work on /home/airflow/.local/lib/python3.8/site-packages/airflow/example_dags/example_sensors.py
[2026-04-21T08:33:19.872+0000] {processor.py:830} INFO - Processing file /home/airflow/.local/lib/python3.8/site-packages/airflow/example_dags/example_sensors.py for tasks to queue
[2026-04-21T08:33:19.872+0000] {logging_mixin.py:188} INFO - [2026-04-21T08:33:19.872+0000] {dagbag.py:538} INFO - Filling up the DagBag from /home/airflow/.local/lib/python3.8/site-packages/airflow/example_dags/example_sensors.py
[2026-04-21T08:33:19.879+0000] {processor.py:840} INFO - DAG(s) 'example_sensors' retrieved from /home/airflow/.local/lib/python3.8/site-packages/airflow/example_dags/example_sensors.py
[2026-04-21T08:33:19.895+0000] {logging_mixin.py:188} INFO - [2026-04-21T08:33:19.895+0000] {dag.py:3036} INFO - Sync 1 DAGs
[2026-04-21T08:33:19.903+0000] {logging_mixin.py:188} INFO - [2026-04-21T08:33:19.903+0000] {dag.py:3823} INFO - Setting next_dagrun for example_sensors to None, run_after=None
[2026-04-21T08:33:19.912+0000] {processor.py:183} INFO - Processing /home/airflow/.local/lib/python3.8/site-packages/airflow/example_dags/example_sensors.py took 0.044 seconds
[2026-04-21T08:33:50.489+0000] {processor.py:161} INFO - Started process (PID=22725) to work on /home/airflow/.local/lib/python3.8/site-packages/airflow/example_dags/example_sensors.py
[2026-04-21T08:33:50.490+0000] {processor.py:830} INFO - Processing file /home/airflow/.local/lib/python3.8/site-packages/airflow/example_dags/example_sensors.py for tasks to queue
[2026-04-21T08:33:50.490+0000] {logging_mixin.py:188} INFO - [2026-04-21T08:33:50.490+0000] {dagbag.py:538} INFO - Filling up the DagBag from /home/airflow/.local/lib/python3.8/site-packages/airflow/example_dags/example_sensors.py
[2026-04-21T08:33:50.497+0000] {processor.py:840} INFO - DAG(s) 'example_sensors' retrieved from /home/airflow/.local/lib/python3.8/site-packages/airflow/example_dags/example_sensors.py
[2026-04-21T08:33:50.512+0000] {logging_mixin.py:188} INFO - [2026-04-21T08:33:50.512+0000] {dag.py:3036} INFO - Sync 1 DAGs
[2026-04-21T08:33:50.519+0000] {logging_mixin.py:188} INFO - [2026-04-21T08:33:50.519+0000] {dag.py:3823} INFO - Setting next_dagrun for example_sensors to None, run_after=None
[2026-04-21T08:33:50.529+0000] {processor.py:183} INFO - Processing /home/airflow/.local/lib/python3.8/site-packages/airflow/example_dags/example_sensors.py took 0.041 seconds
[2026-04-21T08:34:21.065+0000] {processor.py:161} INFO - Started process (PID=22786) to work on /home/airflow/.local/lib/python3.8/site-packages/airflow/example_dags/example_sensors.py
[2026-04-21T08:34:21.066+0000] {processor.py:830} INFO - Processing file /home/airflow/.local/lib/python3.8/site-packages/airflow/example_dags/example_sensors.py for tasks to queue
[2026-04-21T08:34:21.066+0000] {logging_mixin.py:188} INFO - [2026-04-21T08:34:21.066+0000] {dagbag.py:538} INFO - Filling up the DagBag from /home/airflow/.local/lib/python3.8/site-packages/airflow/example_dags/example_sensors.py
[2026-04-21T08:34:21.072+0000] {processor.py:840} INFO - DAG(s) 'example_sensors' retrieved from /home/airflow/.local/lib/python3.8/site-packages/airflow/example_dags/example_sensors.py
[2026-04-21T08:34:21.089+0000] {logging_mixin.py:188} INFO - [2026-04-21T08:34:21.089+0000] {dag.py:3036} INFO - Sync 1 DAGs
[2026-04-21T08:34:21.097+0000] {logging_mixin.py:188} INFO - [2026-04-21T08:34:21.097+0000] {dag.py:3823} INFO - Setting next_dagrun for example_sensors to None, run_after=None
[2026-04-21T08:34:21.106+0000] {processor.py:183} INFO - Processing /home/airflow/.local/lib/python3.8/site-packages/airflow/example_dags/example_sensors.py took 0.044 seconds
[2026-04-21T08:34:51.604+0000] {processor.py:161} INFO - Started process (PID=22841) to work on /home/airflow/.local/lib/python3.8/site-packages/airflow/example_dags/example_sensors.py
[2026-04-21T08:34:51.605+0000] {processor.py:830} INFO - Processing file /home/airflow/.local/lib/python3.8/site-packages/airflow/example_dags/example_sensors.py for tasks to queue
[2026-04-21T08:34:51.605+0000] {logging_mixin.py:188} INFO - [2026-04-21T08:34:51.605+0000] {dagbag.py:538} INFO - Filling up the DagBag from /home/airflow/.local/lib/python3.8/site-packages/airflow/example_dags/example_sensors.py
[2026-04-21T08:34:51.611+0000] {processor.py:840} INFO - DAG(s) 'example_sensors' retrieved from /home/airflow/.local/lib/python3.8/site-packages/airflow/example_dags/example_sensors.py
[2026-04-21T08:34:51.627+0000] {logging_mixin.py:188} INFO - [2026-04-21T08:34:51.627+0000] {dag.py:3036} INFO - Sync 1 DAGs
[2026-04-21T08:34:51.635+0000] {logging_mixin.py:188} INFO - [2026-04-21T08:34:51.635+0000] {dag.py:3823} INFO - Setting next_dagrun for example_sensors to None, run_after=None
[2026-04-21T08:34:51.645+0000] {processor.py:183} INFO - Processing /home/airflow/.local/lib/python3.8/site-packages/airflow/example_dags/example_sensors.py took 0.043 seconds
[2026-04-21T08:35:22.201+0000] {processor.py:161} INFO - Started process (PID=22896) to work on /home/airflow/.local/lib/python3.8/site-packages/airflow/example_dags/example_sensors.py
[2026-04-21T08:35:22.201+0000] {processor.py:830} INFO - Processing file /home/airflow/.local/lib/python3.8/site-packages/airflow/example_dags/example_sensors.py for tasks to queue
[2026-04-21T08:35:22.202+0000] {logging_mixin.py:188} INFO - [2026-04-21T08:35:22.202+0000] {dagbag.py:538} INFO - Filling up the DagBag from /home/airflow/.local/lib/python3.8/site-packages/airflow/example_dags/example_sensors.py
[2026-04-21T08:35:22.208+0000] {processor.py:840} INFO - DAG(s) 'example_sensors' retrieved from /home/airflow/.local/lib/python3.8/site-packages/airflow/example_dags/example_sensors.py
[2026-04-21T08:35:22.224+0000] {logging_mixin.py:188} INFO - [2026-04-21T08:35:22.224+0000] {dag.py:3036} INFO - Sync 1 DAGs
[2026-04-21T08:35:22.232+0000] {logging_mixin.py:188} INFO - [2026-04-21T08:35:22.231+0000] {dag.py:3823} INFO - Setting next_dagrun for example_sensors to None, run_after=None
[2026-04-21T08:35:22.241+0000] {processor.py:183} INFO - Processing /home/airflow/.local/lib/python3.8/site-packages/airflow/example_dags/example_sensors.py took 0.043 seconds
[2026-04-21T08:35:52.755+0000] {processor.py:161} INFO - Started process (PID=22951) to work on /home/airflow/.local/lib/python3.8/site-packages/airflow/example_dags/example_sensors.py
[2026-04-21T08:35:52.756+0000] {processor.py:830} INFO - Processing file /home/airflow/.local/lib/python3.8/site-packages/airflow/example_dags/example_sensors.py for tasks to queue
[2026-04-21T08:35:52.756+0000] {logging_mixin.py:188} INFO - [2026-04-21T08:35:52.756+0000] {dagbag.py:538} INFO - Filling up the DagBag from /home/airflow/.local/lib/python3.8/site-packages/airflow/example_dags/example_sensors.py
[2026-04-21T08:35:52.762+0000] {processor.py:840} INFO - DAG(s) 'example_sensors' retrieved from /home/airflow/.local/lib/python3.8/site-packages/airflow/example_dags/example_sensors.py
[2026-04-21T08:35:52.778+0000] {logging_mixin.py:188} INFO - [2026-04-21T08:35:52.778+0000] {dag.py:3036} INFO - Sync 1 DAGs
[2026-04-21T08:35:52.786+0000] {logging_mixin.py:188} INFO - [2026-04-21T08:35:52.786+0000] {dag.py:3823} INFO - Setting next_dagrun for example_sensors to None, run_after=None
[2026-04-21T08:35:52.796+0000] {processor.py:183} INFO - Processing /home/airflow/.local/lib/python3.8/site-packages/airflow/example_dags/example_sensors.py took 0.043 seconds
[2026-04-21T08:36:23.384+0000] {processor.py:161} INFO - Started process (PID=23006) to work on /home/airflow/.local/lib/python3.8/site-packages/airflow/example_dags/example_sensors.py
[2026-04-21T08:36:23.385+0000] {processor.py:830} INFO - Processing file /home/airflow/.local/lib/python3.8/site-packages/airflow/example_dags/example_sensors.py for tasks to queue
[2026-04-21T08:36:23.385+0000] {logging_mixin.py:188} INFO - [2026-04-21T08:36:23.385+0000] {dagbag.py:538} INFO - Filling up the DagBag from /home/airflow/.local/lib/python3.8/site-packages/airflow/example_dags/example_sensors.py
[2026-04-21T08:36:23.391+0000] {processor.py:840} INFO - DAG(s) 'example_sensors' retrieved from /home/airflow/.local/lib/python3.8/site-packages/airflow/example_dags/example_sensors.py
[2026-04-21T08:36:23.407+0000] {logging_mixin.py:188} INFO - [2026-04-21T08:36:23.407+0000] {dag.py:3036} INFO - Sync 1 DAGs
[2026-04-21T08:36:23.415+0000] {logging_mixin.py:188} INFO - [2026-04-21T08:36:23.415+0000] {dag.py:3823} INFO - Setting next_dagrun for example_sensors to None, run_after=None
[2026-04-21T08:36:23.425+0000] {processor.py:183} INFO - Processing /home/airflow/.local/lib/python3.8/site-packages/airflow/example_dags/example_sensors.py took 0.043 seconds
[2026-04-21T08:36:54.024+0000] {processor.py:161} INFO - Started process (PID=23061) to work on /home/airflow/.local/lib/python3.8/site-packages/airflow/example_dags/example_sensors.py
[2026-04-21T08:36:54.024+0000] {processor.py:830} INFO - Processing file /home/airflow/.local/lib/python3.8/site-packages/airflow/example_dags/example_sensors.py for tasks to queue
[2026-04-21T08:36:54.025+0000] {logging_mixin.py:188} INFO - [2026-04-21T08:36:54.025+0000] {dagbag.py:538} INFO - Filling up the DagBag from /home/airflow/.local/lib/python3.8/site-packages/airflow/example_dags/example_sensors.py
[2026-04-21T08:36:54.031+0000] {processor.py:840} INFO - DAG(s) 'example_sensors' retrieved from /home/airflow/.local/lib/python3.8/site-packages/airflow/example_dags/example_sensors.py
[2026-04-21T08:36:54.047+0000] {logging_mixin.py:188} INFO - [2026-04-21T08:36:54.047+0000] {dag.py:3036} INFO - Sync 1 DAGs
[2026-04-21T08:36:54.055+0000] {logging_mixin.py:188} INFO - [2026-04-21T08:36:54.055+0000] {dag.py:3823} INFO - Setting next_dagrun for example_sensors to None, run_after=None
[2026-04-21T08:36:54.065+0000] {processor.py:183} INFO - Processing /home/airflow/.local/lib/python3.8/site-packages/airflow/example_dags/example_sensors.py took 0.043 seconds
[2026-04-21T08:37:24.629+0000] {processor.py:161} INFO - Started process (PID=23116) to work on /home/airflow/.local/lib/python3.8/site-packages/airflow/example_dags/example_sensors.py
[2026-04-21T08:37:24.630+0000] {processor.py:830} INFO - Processing file /home/airflow/.local/lib/python3.8/site-packages/airflow/example_dags/example_sensors.py for tasks to queue
[2026-04-21T08:37:24.631+0000] {logging_mixin.py:188} INFO - [2026-04-21T08:37:24.630+0000] {dagbag.py:538} INFO - Filling up the DagBag from /home/airflow/.local/lib/python3.8/site-packages/airflow/example_dags/example_sensors.py
[2026-04-21T08:37:24.637+0000] {processor.py:840} INFO - DAG(s) 'example_sensors' retrieved from /home/airflow/.local/lib/python3.8/site-packages/airflow/example_dags/example_sensors.py
[2026-04-21T08:37:24.653+0000] {logging_mixin.py:188} INFO - [2026-04-21T08:37:24.653+0000] {dag.py:3036} INFO - Sync 1 DAGs
[2026-04-21T08:37:24.661+0000] {logging_mixin.py:188} INFO - [2026-04-21T08:37:24.661+0000] {dag.py:3823} INFO - Setting next_dagrun for example_sensors to None, run_after=None
[2026-04-21T08:37:24.671+0000] {processor.py:183} INFO - Processing /home/airflow/.local/lib/python3.8/site-packages/airflow/example_dags/example_sensors.py took 0.044 seconds
[2026-04-21T08:37:55.142+0000] {processor.py:161} INFO - Started process (PID=23171) to work on /home/airflow/.local/lib/python3.8/site-packages/airflow/example_dags/example_sensors.py
[2026-04-21T08:37:55.143+0000] {processor.py:830} INFO - Processing file /home/airflow/.local/lib/python3.8/site-packages/airflow/example_dags/example_sensors.py for tasks to queue
[2026-04-21T08:37:55.143+0000] {logging_mixin.py:188} INFO - [2026-04-21T08:37:55.143+0000] {dagbag.py:538} INFO - Filling up the DagBag from /home/airflow/.local/lib/python3.8/site-packages/airflow/example_dags/example_sensors.py
[2026-04-21T08:37:55.149+0000] {processor.py:840} INFO - DAG(s) 'example_sensors' retrieved from /home/airflow/.local/lib/python3.8/site-packages/airflow/example_dags/example_sensors.py
[2026-04-21T08:37:55.164+0000] {logging_mixin.py:188} INFO - [2026-04-21T08:37:55.164+0000] {dag.py:3036} INFO - Sync 1 DAGs
[2026-04-21T08:37:55.172+0000] {logging_mixin.py:188} INFO - [2026-04-21T08:37:55.172+0000] {dag.py:3823} INFO - Setting next_dagrun for example_sensors to None, run_after=None
[2026-04-21T08:37:55.182+0000] {processor.py:183} INFO - Processing /home/airflow/.local/lib/python3.8/site-packages/airflow/example_dags/example_sensors.py took 0.042 seconds
[2026-04-21T08:38:25.635+0000] {processor.py:161} INFO - Started process (PID=23226) to work on /home/airflow/.local/lib/python3.8/site-packages/airflow/example_dags/example_sensors.py
[2026-04-21T08:38:25.636+0000] {processor.py:830} INFO - Processing file /home/airflow/.local/lib/python3.8/site-packages/airflow/example_dags/example_sensors.py for tasks to queue
[2026-04-21T08:38:25.636+0000] {logging_mixin.py:188} INFO - [2026-04-21T08:38:25.636+0000] {dagbag.py:538} INFO - Filling up the DagBag from /home/airflow/.local/lib/python3.8/site-packages/airflow/example_dags/example_sensors.py
[2026-04-21T08:38:25.643+0000] {processor.py:840} INFO - DAG(s) 'example_sensors' retrieved from /home/airflow/.local/lib/python3.8/site-packages/airflow/example_dags/example_sensors.py
[2026-04-21T08:38:25.659+0000] {logging_mixin.py:188} INFO - [2026-04-21T08:38:25.659+0000] {dag.py:3036} INFO - Sync 1 DAGs
[2026-04-21T08:38:25.667+0000] {logging_mixin.py:188} INFO - [2026-04-21T08:38:25.667+0000] {dag.py:3823} INFO - Setting next_dagrun for example_sensors to None, run_after=None
[2026-04-21T08:38:25.678+0000] {processor.py:183} INFO - Processing /home/airflow/.local/lib/python3.8/site-packages/airflow/example_dags/example_sensors.py took 0.045 seconds
[2026-04-21T08:38:56.210+0000] {processor.py:161} INFO - Started process (PID=23281) to work on /home/airflow/.local/lib/python3.8/site-packages/airflow/example_dags/example_sensors.py
[2026-04-21T08:38:56.210+0000] {processor.py:830} INFO - Processing file /home/airflow/.local/lib/python3.8/site-packages/airflow/example_dags/example_sensors.py for tasks to queue
[2026-04-21T08:38:56.211+0000] {logging_mixin.py:188} INFO - [2026-04-21T08:38:56.211+0000] {dagbag.py:538} INFO - Filling up the DagBag from /home/airflow/.local/lib/python3.8/site-packages/airflow/example_dags/example_sensors.py
[2026-04-21T08:38:56.217+0000] {processor.py:840} INFO - DAG(s) 'example_sensors' retrieved from /home/airflow/.local/lib/python3.8/site-packages/airflow/example_dags/example_sensors.py
[2026-04-21T08:38:56.233+0000] {logging_mixin.py:188} INFO - [2026-04-21T08:38:56.233+0000] {dag.py:3036} INFO - Sync 1 DAGs
[2026-04-21T08:38:56.241+0000] {logging_mixin.py:188} INFO - [2026-04-21T08:38:56.241+0000] {dag.py:3823} INFO - Setting next_dagrun for example_sensors to None, run_after=None
[2026-04-21T08:38:56.250+0000] {processor.py:183} INFO - Processing /home/airflow/.local/lib/python3.8/site-packages/airflow/example_dags/example_sensors.py took 0.043 seconds
[2026-04-21T08:39:26.793+0000] {processor.py:161} INFO - Started process (PID=23336) to work on /home/airflow/.local/lib/python3.8/site-packages/airflow/example_dags/example_sensors.py
[2026-04-21T08:39:26.793+0000] {processor.py:830} INFO - Processing file /home/airflow/.local/lib/python3.8/site-packages/airflow/example_dags/example_sensors.py for tasks to queue
[2026-04-21T08:39:26.794+0000] {logging_mixin.py:188} INFO - [2026-04-21T08:39:26.794+0000] {dagbag.py:538} INFO - Filling up the DagBag from /home/airflow/.local/lib/python3.8/site-packages/airflow/example_dags/example_sensors.py
[2026-04-21T08:39:26.800+0000] {processor.py:840} INFO - DAG(s) 'example_sensors' retrieved from /home/airflow/.local/lib/python3.8/site-packages/airflow/example_dags/example_sensors.py
[2026-04-21T08:39:26.816+0000] {logging_mixin.py:188} INFO - [2026-04-21T08:39:26.816+0000] {dag.py:3036} INFO - Sync 1 DAGs
[2026-04-21T08:39:26.824+0000] {logging_mixin.py:188} INFO - [2026-04-21T08:39:26.823+0000] {dag.py:3823} INFO - Setting next_dagrun for example_sensors to None, run_after=None
[2026-04-21T08:39:26.833+0000] {processor.py:183} INFO - Processing /home/airflow/.local/lib/python3.8/site-packages/airflow/example_dags/example_sensors.py took 0.043 seconds
[2026-04-21T08:39:57.469+0000] {processor.py:161} INFO - Started process (PID=23391) to work on /home/airflow/.local/lib/python3.8/site-packages/airflow/example_dags/example_sensors.py
[2026-04-21T08:39:57.470+0000] {processor.py:830} INFO - Processing file /home/airflow/.local/lib/python3.8/site-packages/airflow/example_dags/example_sensors.py for tasks to queue
[2026-04-21T08:39:57.470+0000] {logging_mixin.py:188} INFO - [2026-04-21T08:39:57.470+0000] {dagbag.py:538} INFO - Filling up the DagBag from /home/airflow/.local/lib/python3.8/site-packages/airflow/example_dags/example_sensors.py
[2026-04-21T08:39:57.476+0000] {processor.py:840} INFO - DAG(s) 'example_sensors' retrieved from /home/airflow/.local/lib/python3.8/site-packages/airflow/example_dags/example_sensors.py
[2026-04-21T08:39:57.492+0000] {logging_mixin.py:188} INFO - [2026-04-21T08:39:57.492+0000] {dag.py:3036} INFO - Sync 1 DAGs
[2026-04-21T08:39:57.500+0000] {logging_mixin.py:188} INFO - [2026-04-21T08:39:57.500+0000] {dag.py:3823} INFO - Setting next_dagrun for example_sensors to None, run_after=None
[2026-04-21T08:39:57.509+0000] {processor.py:183} INFO - Processing /home/airflow/.local/lib/python3.8/site-packages/airflow/example_dags/example_sensors.py took 0.042 seconds
[2026-04-21T08:40:28.087+0000] {processor.py:161} INFO - Started process (PID=23446) to work on /home/airflow/.local/lib/python3.8/site-packages/airflow/example_dags/example_sensors.py
[2026-04-21T08:40:28.088+0000] {processor.py:830} INFO - Processing file /home/airflow/.local/lib/python3.8/site-packages/airflow/example_dags/example_sensors.py for tasks to queue
[2026-04-21T08:40:28.089+0000] {logging_mixin.py:188} INFO - [2026-04-21T08:40:28.088+0000] {dagbag.py:538} INFO - Filling up the DagBag from /home/airflow/.local/lib/python3.8/site-packages/airflow/example_dags/example_sensors.py
[2026-04-21T08:40:28.095+0000] {processor.py:840} INFO - DAG(s) 'example_sensors' retrieved from /home/airflow/.local/lib/python3.8/site-packages/airflow/example_dags/example_sensors.py
[2026-04-21T08:40:28.110+0000] {logging_mixin.py:188} INFO - [2026-04-21T08:40:28.110+0000] {dag.py:3036} INFO - Sync 1 DAGs
[2026-04-21T08:40:28.118+0000] {logging_mixin.py:188} INFO - [2026-04-21T08:40:28.118+0000] {dag.py:3823} INFO - Setting next_dagrun for example_sensors to None, run_after=None
[2026-04-21T08:40:28.128+0000] {processor.py:183} INFO - Processing /home/airflow/.local/lib/python3.8/site-packages/airflow/example_dags/example_sensors.py took 0.043 seconds
[2026-04-21T08:40:58.716+0000] {processor.py:161} INFO - Started process (PID=23501) to work on /home/airflow/.local/lib/python3.8/site-packages/airflow/example_dags/example_sensors.py
[2026-04-21T08:40:58.716+0000] {processor.py:830} INFO - Processing file /home/airflow/.local/lib/python3.8/site-packages/airflow/example_dags/example_sensors.py for tasks to queue
[2026-04-21T08:40:58.717+0000] {logging_mixin.py:188} INFO - [2026-04-21T08:40:58.717+0000] {dagbag.py:538} INFO - Filling up the DagBag from /home/airflow/.local/lib/python3.8/site-packages/airflow/example_dags/example_sensors.py
[2026-04-21T08:40:58.723+0000] {processor.py:840} INFO - DAG(s) 'example_sensors' retrieved from /home/airflow/.local/lib/python3.8/site-packages/airflow/example_dags/example_sensors.py
[2026-04-21T08:40:58.740+0000] {logging_mixin.py:188} INFO - [2026-04-21T08:40:58.739+0000] {dag.py:3036} INFO - Sync 1 DAGs
[2026-04-21T08:40:58.748+0000] {logging_mixin.py:188} INFO - [2026-04-21T08:40:58.747+0000] {dag.py:3823} INFO - Setting next_dagrun for example_sensors to None, run_after=None
[2026-04-21T08:40:58.757+0000] {processor.py:183} INFO - Processing /home/airflow/.local/lib/python3.8/site-packages/airflow/example_dags/example_sensors.py took 0.044 seconds
[2026-04-21T08:41:29.238+0000] {processor.py:161} INFO - Started process (PID=23556) to work on /home/airflow/.local/lib/python3.8/site-packages/airflow/example_dags/example_sensors.py
[2026-04-21T08:41:29.239+0000] {processor.py:830} INFO - Processing file /home/airflow/.local/lib/python3.8/site-packages/airflow/example_dags/example_sensors.py for tasks to queue
[2026-04-21T08:41:29.240+0000] {logging_mixin.py:188} INFO - [2026-04-21T08:41:29.239+0000] {dagbag.py:538} INFO - Filling up the DagBag from /home/airflow/.local/lib/python3.8/site-packages/airflow/example_dags/example_sensors.py
[2026-04-21T08:41:29.246+0000] {processor.py:840} INFO - DAG(s) 'example_sensors' retrieved from /home/airflow/.local/lib/python3.8/site-packages/airflow/example_dags/example_sensors.py
[2026-04-21T08:41:29.262+0000] {logging_mixin.py:188} INFO - [2026-04-21T08:41:29.262+0000] {dag.py:3036} INFO - Sync 1 DAGs
[2026-04-21T08:41:29.270+0000] {logging_mixin.py:188} INFO - [2026-04-21T08:41:29.270+0000] {dag.py:3823} INFO - Setting next_dagrun for example_sensors to None, run_after=None
[2026-04-21T08:41:29.280+0000] {processor.py:183} INFO - Processing /home/airflow/.local/lib/python3.8/site-packages/airflow/example_dags/example_sensors.py took 0.044 seconds
[2026-04-21T08:41:59.863+0000] {processor.py:161} INFO - Started process (PID=23611) to work on /home/airflow/.local/lib/python3.8/site-packages/airflow/example_dags/example_sensors.py
[2026-04-21T08:41:59.864+0000] {processor.py:830} INFO - Processing file /home/airflow/.local/lib/python3.8/site-packages/airflow/example_dags/example_sensors.py for tasks to queue
[2026-04-21T08:41:59.864+0000] {logging_mixin.py:188} INFO - [2026-04-21T08:41:59.864+0000] {dagbag.py:538} INFO - Filling up the DagBag from /home/airflow/.local/lib/python3.8/site-packages/airflow/example_dags/example_sensors.py
[2026-04-21T08:41:59.870+0000] {processor.py:840} INFO - DAG(s) 'example_sensors' retrieved from /home/airflow/.local/lib/python3.8/site-packages/airflow/example_dags/example_sensors.py
[2026-04-21T08:41:59.886+0000] {logging_mixin.py:188} INFO - [2026-04-21T08:41:59.886+0000] {dag.py:3036} INFO - Sync 1 DAGs
[2026-04-21T08:41:59.894+0000] {logging_mixin.py:188} INFO - [2026-04-21T08:41:59.894+0000] {dag.py:3823} INFO - Setting next_dagrun for example_sensors to None, run_after=None
[2026-04-21T08:41:59.904+0000] {processor.py:183} INFO - Processing /home/airflow/.local/lib/python3.8/site-packages/airflow/example_dags/example_sensors.py took 0.043 seconds
[2026-04-21T08:42:30.509+0000] {processor.py:161} INFO - Started process (PID=23666) to work on /home/airflow/.local/lib/python3.8/site-packages/airflow/example_dags/example_sensors.py
[2026-04-21T08:42:30.510+0000] {processor.py:830} INFO - Processing file /home/airflow/.local/lib/python3.8/site-packages/airflow/example_dags/example_sensors.py for tasks to queue
[2026-04-21T08:42:30.510+0000] {logging_mixin.py:188} INFO - [2026-04-21T08:42:30.510+0000] {dagbag.py:538} INFO - Filling up the DagBag from /home/airflow/.local/lib/python3.8/site-packages/airflow/example_dags/example_sensors.py
[2026-04-21T08:42:30.516+0000] {processor.py:840} INFO - DAG(s) 'example_sensors' retrieved from /home/airflow/.local/lib/python3.8/site-packages/airflow/example_dags/example_sensors.py
[2026-04-21T08:42:30.533+0000] {logging_mixin.py:188} INFO - [2026-04-21T08:42:30.533+0000] {dag.py:3036} INFO - Sync 1 DAGs
[2026-04-21T08:42:30.541+0000] {logging_mixin.py:188} INFO - [2026-04-21T08:42:30.541+0000] {dag.py:3823} INFO - Setting next_dagrun for example_sensors to None, run_after=None
[2026-04-21T08:42:30.550+0000] {processor.py:183} INFO - Processing /home/airflow/.local/lib/python3.8/site-packages/airflow/example_dags/example_sensors.py took 0.044 seconds
[2026-04-21T08:43:00.680+0000] {processor.py:161} INFO - Started process (PID=23721) to work on /home/airflow/.local/lib/python3.8/site-packages/airflow/example_dags/example_sensors.py
[2026-04-21T08:43:00.681+0000] {processor.py:830} INFO - Processing file /home/airflow/.local/lib/python3.8/site-packages/airflow/example_dags/example_sensors.py for tasks to queue
[2026-04-21T08:43:00.681+0000] {logging_mixin.py:188} INFO - [2026-04-21T08:43:00.681+0000] {dagbag.py:538} INFO - Filling up the DagBag from /home/airflow/.local/lib/python3.8/site-packages/airflow/example_dags/example_sensors.py
[2026-04-21T08:43:00.687+0000] {processor.py:840} INFO - DAG(s) 'example_sensors' retrieved from /home/airflow/.local/lib/python3.8/site-packages/airflow/example_dags/example_sensors.py
[2026-04-21T08:43:00.703+0000] {logging_mixin.py:188} INFO - [2026-04-21T08:43:00.703+0000] {dag.py:3036} INFO - Sync 1 DAGs
[2026-04-21T08:43:00.711+0000] {logging_mixin.py:188} INFO - [2026-04-21T08:43:00.711+0000] {dag.py:3823} INFO - Setting next_dagrun for example_sensors to None, run_after=None
[2026-04-21T08:43:00.722+0000] {processor.py:183} INFO - Processing /home/airflow/.local/lib/python3.8/site-packages/airflow/example_dags/example_sensors.py took 0.044 seconds
[2026-04-21T08:43:31.185+0000] {processor.py:161} INFO - Started process (PID=23776) to work on /home/airflow/.local/lib/python3.8/site-packages/airflow/example_dags/example_sensors.py
[2026-04-21T08:43:31.185+0000] {processor.py:830} INFO - Processing file /home/airflow/.local/lib/python3.8/site-packages/airflow/example_dags/example_sensors.py for tasks to queue
[2026-04-21T08:43:31.186+0000] {logging_mixin.py:188} INFO - [2026-04-21T08:43:31.186+0000] {dagbag.py:538} INFO - Filling up the DagBag from /home/airflow/.local/lib/python3.8/site-packages/airflow/example_dags/example_sensors.py
[2026-04-21T08:43:31.193+0000] {processor.py:840} INFO - DAG(s) 'example_sensors' retrieved from /home/airflow/.local/lib/python3.8/site-packages/airflow/example_dags/example_sensors.py
[2026-04-21T08:43:31.210+0000] {logging_mixin.py:188} INFO - [2026-04-21T08:43:31.210+0000] {dag.py:3036} INFO - Sync 1 DAGs
[2026-04-21T08:43:31.219+0000] {logging_mixin.py:188} INFO - [2026-04-21T08:43:31.219+0000] {dag.py:3823} INFO - Setting next_dagrun for example_sensors to None, run_after=None
[2026-04-21T08:43:31.230+0000] {processor.py:183} INFO - Processing /home/airflow/.local/lib/python3.8/site-packages/airflow/example_dags/example_sensors.py took 0.048 seconds
[2026-04-21T08:44:01.696+0000] {processor.py:161} INFO - Started process (PID=23831) to work on /home/airflow/.local/lib/python3.8/site-packages/airflow/example_dags/example_sensors.py
[2026-04-21T08:44:01.697+0000] {processor.py:830} INFO - Processing file /home/airflow/.local/lib/python3.8/site-packages/airflow/example_dags/example_sensors.py for tasks to queue
[2026-04-21T08:44:01.697+0000] {logging_mixin.py:188} INFO - [2026-04-21T08:44:01.697+0000] {dagbag.py:538} INFO - Filling up the DagBag from /home/airflow/.local/lib/python3.8/site-packages/airflow/example_dags/example_sensors.py
[2026-04-21T08:44:01.704+0000] {processor.py:840} INFO - DAG(s) 'example_sensors' retrieved from /home/airflow/.local/lib/python3.8/site-packages/airflow/example_dags/example_sensors.py
[2026-04-21T08:44:01.720+0000] {logging_mixin.py:188} INFO - [2026-04-21T08:44:01.719+0000] {dag.py:3036} INFO - Sync 1 DAGs
[2026-04-21T08:44:01.727+0000] {logging_mixin.py:188} INFO - [2026-04-21T08:44:01.727+0000] {dag.py:3823} INFO - Setting next_dagrun for example_sensors to None, run_after=None
[2026-04-21T08:44:01.737+0000] {processor.py:183} INFO - Processing /home/airflow/.local/lib/python3.8/site-packages/airflow/example_dags/example_sensors.py took 0.043 seconds
[2026-04-21T08:44:31.811+0000] {processor.py:161} INFO - Started process (PID=23886) to work on /home/airflow/.local/lib/python3.8/site-packages/airflow/example_dags/example_sensors.py
[2026-04-21T08:44:31.812+0000] {processor.py:830} INFO - Processing file /home/airflow/.local/lib/python3.8/site-packages/airflow/example_dags/example_sensors.py for tasks to queue
[2026-04-21T08:44:31.812+0000] {logging_mixin.py:188} INFO - [2026-04-21T08:44:31.812+0000] {dagbag.py:538} INFO - Filling up the DagBag from /home/airflow/.local/lib/python3.8/site-packages/airflow/example_dags/example_sensors.py
[2026-04-21T08:44:31.819+0000] {processor.py:840} INFO - DAG(s) 'example_sensors' retrieved from /home/airflow/.local/lib/python3.8/site-packages/airflow/example_dags/example_sensors.py
[2026-04-21T08:44:31.837+0000] {logging_mixin.py:188} INFO - [2026-04-21T08:44:31.837+0000] {dag.py:3036} INFO - Sync 1 DAGs
[2026-04-21T08:44:31.952+0000] {logging_mixin.py:188} INFO - [2026-04-21T08:44:31.952+0000] {dag.py:3823} INFO - Setting next_dagrun for example_sensors to None, run_after=None
[2026-04-21T08:44:31.962+0000] {processor.py:183} INFO - Processing /home/airflow/.local/lib/python3.8/site-packages/airflow/example_dags/example_sensors.py took 0.154 seconds
[2026-04-21T08:45:02.406+0000] {processor.py:161} INFO - Started process (PID=23941) to work on /home/airflow/.local/lib/python3.8/site-packages/airflow/example_dags/example_sensors.py
[2026-04-21T08:45:02.407+0000] {processor.py:830} INFO - Processing file /home/airflow/.local/lib/python3.8/site-packages/airflow/example_dags/example_sensors.py for tasks to queue
[2026-04-21T08:45:02.408+0000] {logging_mixin.py:188} INFO - [2026-04-21T08:45:02.407+0000] {dagbag.py:538} INFO - Filling up the DagBag from /home/airflow/.local/lib/python3.8/site-packages/airflow/example_dags/example_sensors.py
[2026-04-21T08:45:02.414+0000] {processor.py:840} INFO - DAG(s) 'example_sensors' retrieved from /home/airflow/.local/lib/python3.8/site-packages/airflow/example_dags/example_sensors.py
[2026-04-21T08:45:02.432+0000] {logging_mixin.py:188} INFO - [2026-04-21T08:45:02.431+0000] {dag.py:3036} INFO - Sync 1 DAGs
[2026-04-21T08:45:02.441+0000] {logging_mixin.py:188} INFO - [2026-04-21T08:45:02.441+0000] {dag.py:3823} INFO - Setting next_dagrun for example_sensors to None, run_after=None
[2026-04-21T08:45:02.556+0000] {processor.py:183} INFO - Processing /home/airflow/.local/lib/python3.8/site-packages/airflow/example_dags/example_sensors.py took 0.152 seconds
[2026-04-21T08:45:32.882+0000] {processor.py:161} INFO - Started process (PID=23996) to work on /home/airflow/.local/lib/python3.8/site-packages/airflow/example_dags/example_sensors.py
[2026-04-21T08:45:32.883+0000] {processor.py:830} INFO - Processing file /home/airflow/.local/lib/python3.8/site-packages/airflow/example_dags/example_sensors.py for tasks to queue
[2026-04-21T08:45:32.883+0000] {logging_mixin.py:188} INFO - [2026-04-21T08:45:32.883+0000] {dagbag.py:538} INFO - Filling up the DagBag from /home/airflow/.local/lib/python3.8/site-packages/airflow/example_dags/example_sensors.py
[2026-04-21T08:45:32.889+0000] {processor.py:840} INFO - DAG(s) 'example_sensors' retrieved from /home/airflow/.local/lib/python3.8/site-packages/airflow/example_dags/example_sensors.py
[2026-04-21T08:45:32.905+0000] {logging_mixin.py:188} INFO - [2026-04-21T08:45:32.905+0000] {dag.py:3036} INFO - Sync 1 DAGs
[2026-04-21T08:45:32.913+0000] {logging_mixin.py:188} INFO - [2026-04-21T08:45:32.913+0000] {dag.py:3823} INFO - Setting next_dagrun for example_sensors to None, run_after=None
[2026-04-21T08:45:32.922+0000] {processor.py:183} INFO - Processing /home/airflow/.local/lib/python3.8/site-packages/airflow/example_dags/example_sensors.py took 0.042 seconds
[2026-04-21T08:46:02.973+0000] {processor.py:161} INFO - Started process (PID=24051) to work on /home/airflow/.local/lib/python3.8/site-packages/airflow/example_dags/example_sensors.py
[2026-04-21T08:46:02.973+0000] {processor.py:830} INFO - Processing file /home/airflow/.local/lib/python3.8/site-packages/airflow/example_dags/example_sensors.py for tasks to queue
[2026-04-21T08:46:02.974+0000] {logging_mixin.py:188} INFO - [2026-04-21T08:46:02.973+0000] {dagbag.py:538} INFO - Filling up the DagBag from /home/airflow/.local/lib/python3.8/site-packages/airflow/example_dags/example_sensors.py
[2026-04-21T08:46:02.980+0000] {processor.py:840} INFO - DAG(s) 'example_sensors' retrieved from /home/airflow/.local/lib/python3.8/site-packages/airflow/example_dags/example_sensors.py
[2026-04-21T08:46:02.997+0000] {logging_mixin.py:188} INFO - [2026-04-21T08:46:02.996+0000] {dag.py:3036} INFO - Sync 1 DAGs
[2026-04-21T08:46:03.004+0000] {logging_mixin.py:188} INFO - [2026-04-21T08:46:03.004+0000] {dag.py:3823} INFO - Setting next_dagrun for example_sensors to None, run_after=None
[2026-04-21T08:46:03.014+0000] {processor.py:183} INFO - Processing /home/airflow/.local/lib/python3.8/site-packages/airflow/example_dags/example_sensors.py took 0.044 seconds
[2026-04-21T08:46:33.650+0000] {processor.py:161} INFO - Started process (PID=24106) to work on /home/airflow/.local/lib/python3.8/site-packages/airflow/example_dags/example_sensors.py
[2026-04-21T08:46:33.651+0000] {processor.py:830} INFO - Processing file /home/airflow/.local/lib/python3.8/site-packages/airflow/example_dags/example_sensors.py for tasks to queue
[2026-04-21T08:46:33.651+0000] {logging_mixin.py:188} INFO - [2026-04-21T08:46:33.651+0000] {dagbag.py:538} INFO - Filling up the DagBag from /home/airflow/.local/lib/python3.8/site-packages/airflow/example_dags/example_sensors.py
[2026-04-21T08:46:33.658+0000] {processor.py:840} INFO - DAG(s) 'example_sensors' retrieved from /home/airflow/.local/lib/python3.8/site-packages/airflow/example_dags/example_sensors.py
[2026-04-21T08:46:33.673+0000] {logging_mixin.py:188} INFO - [2026-04-21T08:46:33.673+0000] {dag.py:3036} INFO - Sync 1 DAGs
[2026-04-21T08:46:33.681+0000] {logging_mixin.py:188} INFO - [2026-04-21T08:46:33.681+0000] {dag.py:3823} INFO - Setting next_dagrun for example_sensors to None, run_after=None
[2026-04-21T08:46:33.690+0000] {processor.py:183} INFO - Processing /home/airflow/.local/lib/python3.8/site-packages/airflow/example_dags/example_sensors.py took 0.042 seconds
[2026-04-21T08:47:04.301+0000] {processor.py:161} INFO - Started process (PID=24161) to work on /home/airflow/.local/lib/python3.8/site-packages/airflow/example_dags/example_sensors.py
[2026-04-21T08:47:04.302+0000] {processor.py:830} INFO - Processing file /home/airflow/.local/lib/python3.8/site-packages/airflow/example_dags/example_sensors.py for tasks to queue
[2026-04-21T08:47:04.302+0000] {logging_mixin.py:188} INFO - [2026-04-21T08:47:04.302+0000] {dagbag.py:538} INFO - Filling up the DagBag from /home/airflow/.local/lib/python3.8/site-packages/airflow/example_dags/example_sensors.py
[2026-04-21T08:47:04.309+0000] {processor.py:840} INFO - DAG(s) 'example_sensors' retrieved from /home/airflow/.local/lib/python3.8/site-packages/airflow/example_dags/example_sensors.py
[2026-04-21T08:47:04.325+0000] {logging_mixin.py:188} INFO - [2026-04-21T08:47:04.325+0000] {dag.py:3036} INFO - Sync 1 DAGs
[2026-04-21T08:47:04.333+0000] {logging_mixin.py:188} INFO - [2026-04-21T08:47:04.333+0000] {dag.py:3823} INFO - Setting next_dagrun for example_sensors to None, run_after=None
[2026-04-21T08:47:04.343+0000] {processor.py:183} INFO - Processing /home/airflow/.local/lib/python3.8/site-packages/airflow/example_dags/example_sensors.py took 0.044 seconds
[2026-04-21T08:47:35.099+0000] {processor.py:161} INFO - Started process (PID=24216) to work on /home/airflow/.local/lib/python3.8/site-packages/airflow/example_dags/example_sensors.py
[2026-04-21T08:47:35.100+0000] {processor.py:830} INFO - Processing file /home/airflow/.local/lib/python3.8/site-packages/airflow/example_dags/example_sensors.py for tasks to queue
[2026-04-21T08:47:35.100+0000] {logging_mixin.py:188} INFO - [2026-04-21T08:47:35.100+0000] {dagbag.py:538} INFO - Filling up the DagBag from /home/airflow/.local/lib/python3.8/site-packages/airflow/example_dags/example_sensors.py
[2026-04-21T08:47:35.107+0000] {processor.py:840} INFO - DAG(s) 'example_sensors' retrieved from /home/airflow/.local/lib/python3.8/site-packages/airflow/example_dags/example_sensors.py
[2026-04-21T08:47:35.123+0000] {logging_mixin.py:188} INFO - [2026-04-21T08:47:35.123+0000] {dag.py:3036} INFO - Sync 1 DAGs
[2026-04-21T08:47:35.132+0000] {logging_mixin.py:188} INFO - [2026-04-21T08:47:35.131+0000] {dag.py:3823} INFO - Setting next_dagrun for example_sensors to None, run_after=None
[2026-04-21T08:47:35.141+0000] {processor.py:183} INFO - Processing /home/airflow/.local/lib/python3.8/site-packages/airflow/example_dags/example_sensors.py took 0.044 seconds
[2026-04-21T08:48:05.746+0000] {processor.py:161} INFO - Started process (PID=24271) to work on /home/airflow/.local/lib/python3.8/site-packages/airflow/example_dags/example_sensors.py
[2026-04-21T08:48:05.747+0000] {processor.py:830} INFO - Processing file /home/airflow/.local/lib/python3.8/site-packages/airflow/example_dags/example_sensors.py for tasks to queue
[2026-04-21T08:48:05.747+0000] {logging_mixin.py:188} INFO - [2026-04-21T08:48:05.747+0000] {dagbag.py:538} INFO - Filling up the DagBag from /home/airflow/.local/lib/python3.8/site-packages/airflow/example_dags/example_sensors.py
[2026-04-21T08:48:05.754+0000] {processor.py:840} INFO - DAG(s) 'example_sensors' retrieved from /home/airflow/.local/lib/python3.8/site-packages/airflow/example_dags/example_sensors.py
[2026-04-21T08:48:05.770+0000] {logging_mixin.py:188} INFO - [2026-04-21T08:48:05.770+0000] {dag.py:3036} INFO - Sync 1 DAGs
[2026-04-21T08:48:05.778+0000] {logging_mixin.py:188} INFO - [2026-04-21T08:48:05.778+0000] {dag.py:3823} INFO - Setting next_dagrun for example_sensors to None, run_after=None
[2026-04-21T08:48:05.788+0000] {processor.py:183} INFO - Processing /home/airflow/.local/lib/python3.8/site-packages/airflow/example_dags/example_sensors.py took 0.044 seconds
[2026-04-21T08:48:36.399+0000] {processor.py:161} INFO - Started process (PID=24326) to work on /home/airflow/.local/lib/python3.8/site-packages/airflow/example_dags/example_sensors.py
[2026-04-21T08:48:36.400+0000] {processor.py:830} INFO - Processing file /home/airflow/.local/lib/python3.8/site-packages/airflow/example_dags/example_sensors.py for tasks to queue
[2026-04-21T08:48:36.400+0000] {logging_mixin.py:188} INFO - [2026-04-21T08:48:36.400+0000] {dagbag.py:538} INFO - Filling up the DagBag from /home/airflow/.local/lib/python3.8/site-packages/airflow/example_dags/example_sensors.py
[2026-04-21T08:48:36.406+0000] {processor.py:840} INFO - DAG(s) 'example_sensors' retrieved from /home/airflow/.local/lib/python3.8/site-packages/airflow/example_dags/example_sensors.py
[2026-04-21T08:48:36.422+0000] {logging_mixin.py:188} INFO - [2026-04-21T08:48:36.421+0000] {dag.py:3036} INFO - Sync 1 DAGs
[2026-04-21T08:48:36.429+0000] {logging_mixin.py:188} INFO - [2026-04-21T08:48:36.429+0000] {dag.py:3823} INFO - Setting next_dagrun for example_sensors to None, run_after=None
[2026-04-21T08:48:36.439+0000] {processor.py:183} INFO - Processing /home/airflow/.local/lib/python3.8/site-packages/airflow/example_dags/example_sensors.py took 0.042 seconds
[2026-04-21T08:49:07.020+0000] {processor.py:161} INFO - Started process (PID=24381) to work on /home/airflow/.local/lib/python3.8/site-packages/airflow/example_dags/example_sensors.py
[2026-04-21T08:49:07.020+0000] {processor.py:830} INFO - Processing file /home/airflow/.local/lib/python3.8/site-packages/airflow/example_dags/example_sensors.py for tasks to queue
[2026-04-21T08:49:07.021+0000] {logging_mixin.py:188} INFO - [2026-04-21T08:49:07.021+0000] {dagbag.py:538} INFO - Filling up the DagBag from /home/airflow/.local/lib/python3.8/site-packages/airflow/example_dags/example_sensors.py
[2026-04-21T08:49:07.027+0000] {processor.py:840} INFO - DAG(s) 'example_sensors' retrieved from /home/airflow/.local/lib/python3.8/site-packages/airflow/example_dags/example_sensors.py
[2026-04-21T08:49:07.043+0000] {logging_mixin.py:188} INFO - [2026-04-21T08:49:07.043+0000] {dag.py:3036} INFO - Sync 1 DAGs
[2026-04-21T08:49:07.051+0000] {logging_mixin.py:188} INFO - [2026-04-21T08:49:07.051+0000] {dag.py:3823} INFO - Setting next_dagrun for example_sensors to None, run_after=None
[2026-04-21T08:49:07.060+0000] {processor.py:183} INFO - Processing /home/airflow/.local/lib/python3.8/site-packages/airflow/example_dags/example_sensors.py took 0.043 seconds
[2026-04-21T08:49:37.738+0000] {processor.py:161} INFO - Started process (PID=24436) to work on /home/airflow/.local/lib/python3.8/site-packages/airflow/example_dags/example_sensors.py
[2026-04-21T08:49:37.738+0000] {processor.py:830} INFO - Processing file /home/airflow/.local/lib/python3.8/site-packages/airflow/example_dags/example_sensors.py for tasks to queue
[2026-04-21T08:49:37.739+0000] {logging_mixin.py:188} INFO - [2026-04-21T08:49:37.739+0000] {dagbag.py:538} INFO - Filling up the DagBag from /home/airflow/.local/lib/python3.8/site-packages/airflow/example_dags/example_sensors.py
[2026-04-21T08:49:37.745+0000] {processor.py:840} INFO - DAG(s) 'example_sensors' retrieved from /home/airflow/.local/lib/python3.8/site-packages/airflow/example_dags/example_sensors.py
[2026-04-21T08:49:37.761+0000] {logging_mixin.py:188} INFO - [2026-04-21T08:49:37.761+0000] {dag.py:3036} INFO - Sync 1 DAGs
[2026-04-21T08:49:37.769+0000] {logging_mixin.py:188} INFO - [2026-04-21T08:49:37.769+0000] {dag.py:3823} INFO - Setting next_dagrun for example_sensors to None, run_after=None
[2026-04-21T08:49:37.779+0000] {processor.py:183} INFO - Processing /home/airflow/.local/lib/python3.8/site-packages/airflow/example_dags/example_sensors.py took 0.043 seconds
[2026-04-21T08:50:08.357+0000] {processor.py:161} INFO - Started process (PID=24491) to work on /home/airflow/.local/lib/python3.8/site-packages/airflow/example_dags/example_sensors.py
[2026-04-21T08:50:08.357+0000] {processor.py:830} INFO - Processing file /home/airflow/.local/lib/python3.8/site-packages/airflow/example_dags/example_sensors.py for tasks to queue
[2026-04-21T08:50:08.358+0000] {logging_mixin.py:188} INFO - [2026-04-21T08:50:08.358+0000] {dagbag.py:538} INFO - Filling up the DagBag from /home/airflow/.local/lib/python3.8/site-packages/airflow/example_dags/example_sensors.py
[2026-04-21T08:50:08.364+0000] {processor.py:840} INFO - DAG(s) 'example_sensors' retrieved from /home/airflow/.local/lib/python3.8/site-packages/airflow/example_dags/example_sensors.py
[2026-04-21T08:50:08.380+0000] {logging_mixin.py:188} INFO - [2026-04-21T08:50:08.380+0000] {dag.py:3036} INFO - Sync 1 DAGs
[2026-04-21T08:50:08.388+0000] {logging_mixin.py:188} INFO - [2026-04-21T08:50:08.387+0000] {dag.py:3823} INFO - Setting next_dagrun for example_sensors to None, run_after=None
[2026-04-21T08:50:08.397+0000] {processor.py:183} INFO - Processing /home/airflow/.local/lib/python3.8/site-packages/airflow/example_dags/example_sensors.py took 0.043 seconds
[2026-04-21T08:50:39.011+0000] {processor.py:161} INFO - Started process (PID=24546) to work on /home/airflow/.local/lib/python3.8/site-packages/airflow/example_dags/example_sensors.py
[2026-04-21T08:50:39.011+0000] {processor.py:830} INFO - Processing file /home/airflow/.local/lib/python3.8/site-packages/airflow/example_dags/example_sensors.py for tasks to queue
[2026-04-21T08:50:39.012+0000] {logging_mixin.py:188} INFO - [2026-04-21T08:50:39.012+0000] {dagbag.py:538} INFO - Filling up the DagBag from /home/airflow/.local/lib/python3.8/site-packages/airflow/example_dags/example_sensors.py
[2026-04-21T08:50:39.018+0000] {processor.py:840} INFO - DAG(s) 'example_sensors' retrieved from /home/airflow/.local/lib/python3.8/site-packages/airflow/example_dags/example_sensors.py
[2026-04-21T08:50:39.035+0000] {logging_mixin.py:188} INFO - [2026-04-21T08:50:39.034+0000] {dag.py:3036} INFO - Sync 1 DAGs
[2026-04-21T08:50:39.042+0000] {logging_mixin.py:188} INFO - [2026-04-21T08:50:39.042+0000] {dag.py:3823} INFO - Setting next_dagrun for example_sensors to None, run_after=None
[2026-04-21T08:50:39.052+0000] {processor.py:183} INFO - Processing /home/airflow/.local/lib/python3.8/site-packages/airflow/example_dags/example_sensors.py took 0.044 seconds
[2026-04-21T08:51:09.691+0000] {processor.py:161} INFO - Started process (PID=24601) to work on /home/airflow/.local/lib/python3.8/site-packages/airflow/example_dags/example_sensors.py
[2026-04-21T08:51:09.692+0000] {processor.py:830} INFO - Processing file /home/airflow/.local/lib/python3.8/site-packages/airflow/example_dags/example_sensors.py for tasks to queue
[2026-04-21T08:51:09.692+0000] {logging_mixin.py:188} INFO - [2026-04-21T08:51:09.692+0000] {dagbag.py:538} INFO - Filling up the DagBag from /home/airflow/.local/lib/python3.8/site-packages/airflow/example_dags/example_sensors.py
[2026-04-21T08:51:09.698+0000] {processor.py:840} INFO - DAG(s) 'example_sensors' retrieved from /home/airflow/.local/lib/python3.8/site-packages/airflow/example_dags/example_sensors.py
[2026-04-21T08:51:09.713+0000] {logging_mixin.py:188} INFO - [2026-04-21T08:51:09.713+0000] {dag.py:3036} INFO - Sync 1 DAGs
[2026-04-21T08:51:09.722+0000] {logging_mixin.py:188} INFO - [2026-04-21T08:51:09.721+0000] {dag.py:3823} INFO - Setting next_dagrun for example_sensors to None, run_after=None
[2026-04-21T08:51:09.731+0000] {processor.py:183} INFO - Processing /home/airflow/.local/lib/python3.8/site-packages/airflow/example_dags/example_sensors.py took 0.042 seconds
[2026-04-21T08:51:40.287+0000] {processor.py:161} INFO - Started process (PID=24656) to work on /home/airflow/.local/lib/python3.8/site-packages/airflow/example_dags/example_sensors.py
[2026-04-21T08:51:40.288+0000] {processor.py:830} INFO - Processing file /home/airflow/.local/lib/python3.8/site-packages/airflow/example_dags/example_sensors.py for tasks to queue
[2026-04-21T08:51:40.288+0000] {logging_mixin.py:188} INFO - [2026-04-21T08:51:40.288+0000] {dagbag.py:538} INFO - Filling up the DagBag from /home/airflow/.local/lib/python3.8/site-packages/airflow/example_dags/example_sensors.py
[2026-04-21T08:51:40.294+0000] {processor.py:840} INFO - DAG(s) 'example_sensors' retrieved from /home/airflow/.local/lib/python3.8/site-packages/airflow/example_dags/example_sensors.py
[2026-04-21T08:51:40.310+0000] {logging_mixin.py:188} INFO - [2026-04-21T08:51:40.310+0000] {dag.py:3036} INFO - Sync 1 DAGs
[2026-04-21T08:51:40.318+0000] {logging_mixin.py:188} INFO - [2026-04-21T08:51:40.318+0000] {dag.py:3823} INFO - Setting next_dagrun for example_sensors to None, run_after=None
[2026-04-21T08:51:40.328+0000] {processor.py:183} INFO - Processing /home/airflow/.local/lib/python3.8/site-packages/airflow/example_dags/example_sensors.py took 0.043 seconds
[2026-04-21T08:52:11.091+0000] {processor.py:161} INFO - Started process (PID=24711) to work on /home/airflow/.local/lib/python3.8/site-packages/airflow/example_dags/example_sensors.py
[2026-04-21T08:52:11.092+0000] {processor.py:830} INFO - Processing file /home/airflow/.local/lib/python3.8/site-packages/airflow/example_dags/example_sensors.py for tasks to queue
[2026-04-21T08:52:11.092+0000] {logging_mixin.py:188} INFO - [2026-04-21T08:52:11.092+0000] {dagbag.py:538} INFO - Filling up the DagBag from /home/airflow/.local/lib/python3.8/site-packages/airflow/example_dags/example_sensors.py
[2026-04-21T08:52:11.099+0000] {processor.py:840} INFO - DAG(s) 'example_sensors' retrieved from /home/airflow/.local/lib/python3.8/site-packages/airflow/example_dags/example_sensors.py
[2026-04-21T08:52:11.115+0000] {logging_mixin.py:188} INFO - [2026-04-21T08:52:11.115+0000] {dag.py:3036} INFO - Sync 1 DAGs
[2026-04-21T08:52:11.124+0000] {logging_mixin.py:188} INFO - [2026-04-21T08:52:11.124+0000] {dag.py:3823} INFO - Setting next_dagrun for example_sensors to None, run_after=None
[2026-04-21T08:52:11.134+0000] {processor.py:183} INFO - Processing /home/airflow/.local/lib/python3.8/site-packages/airflow/example_dags/example_sensors.py took 0.046 seconds
[2026-04-21T08:52:41.828+0000] {processor.py:161} INFO - Started process (PID=24766) to work on /home/airflow/.local/lib/python3.8/site-packages/airflow/example_dags/example_sensors.py
[2026-04-21T08:52:41.828+0000] {processor.py:830} INFO - Processing file /home/airflow/.local/lib/python3.8/site-packages/airflow/example_dags/example_sensors.py for tasks to queue
[2026-04-21T08:52:41.829+0000] {logging_mixin.py:188} INFO - [2026-04-21T08:52:41.829+0000] {dagbag.py:538} INFO - Filling up the DagBag from /home/airflow/.local/lib/python3.8/site-packages/airflow/example_dags/example_sensors.py
[2026-04-21T08:52:41.837+0000] {processor.py:840} INFO - DAG(s) 'example_sensors' retrieved from /home/airflow/.local/lib/python3.8/site-packages/airflow/example_dags/example_sensors.py
[2026-04-21T08:52:41.859+0000] {logging_mixin.py:188} INFO - [2026-04-21T08:52:41.858+0000] {dag.py:3036} INFO - Sync 1 DAGs
[2026-04-21T08:52:41.870+0000] {logging_mixin.py:188} INFO - [2026-04-21T08:52:41.869+0000] {dag.py:3823} INFO - Setting next_dagrun for example_sensors to None, run_after=None
[2026-04-21T08:52:41.887+0000] {processor.py:183} INFO - Processing /home/airflow/.local/lib/python3.8/site-packages/airflow/example_dags/example_sensors.py took 0.062 seconds
[2026-04-21T08:53:12.623+0000] {processor.py:161} INFO - Started process (PID=24821) to work on /home/airflow/.local/lib/python3.8/site-packages/airflow/example_dags/example_sensors.py
[2026-04-21T08:53:12.624+0000] {processor.py:830} INFO - Processing file /home/airflow/.local/lib/python3.8/site-packages/airflow/example_dags/example_sensors.py for tasks to queue
[2026-04-21T08:53:12.624+0000] {logging_mixin.py:188} INFO - [2026-04-21T08:53:12.624+0000] {dagbag.py:538} INFO - Filling up the DagBag from /home/airflow/.local/lib/python3.8/site-packages/airflow/example_dags/example_sensors.py
[2026-04-21T08:53:12.631+0000] {processor.py:840} INFO - DAG(s) 'example_sensors' retrieved from /home/airflow/.local/lib/python3.8/site-packages/airflow/example_dags/example_sensors.py
[2026-04-21T08:53:12.647+0000] {logging_mixin.py:188} INFO - [2026-04-21T08:53:12.647+0000] {dag.py:3036} INFO - Sync 1 DAGs
[2026-04-21T08:53:12.654+0000] {logging_mixin.py:188} INFO - [2026-04-21T08:53:12.654+0000] {dag.py:3823} INFO - Setting next_dagrun for example_sensors to None, run_after=None
[2026-04-21T08:53:12.664+0000] {processor.py:183} INFO - Processing /home/airflow/.local/lib/python3.8/site-packages/airflow/example_dags/example_sensors.py took 0.043 seconds
[2026-04-21T08:53:43.457+0000] {processor.py:161} INFO - Started process (PID=24876) to work on /home/airflow/.local/lib/python3.8/site-packages/airflow/example_dags/example_sensors.py
[2026-04-21T08:53:43.458+0000] {processor.py:830} INFO - Processing file /home/airflow/.local/lib/python3.8/site-packages/airflow/example_dags/example_sensors.py for tasks to queue
[2026-04-21T08:53:43.458+0000] {logging_mixin.py:188} INFO - [2026-04-21T08:53:43.458+0000] {dagbag.py:538} INFO - Filling up the DagBag from /home/airflow/.local/lib/python3.8/site-packages/airflow/example_dags/example_sensors.py
[2026-04-21T08:53:43.464+0000] {processor.py:840} INFO - DAG(s) 'example_sensors' retrieved from /home/airflow/.local/lib/python3.8/site-packages/airflow/example_dags/example_sensors.py
[2026-04-21T08:53:43.481+0000] {logging_mixin.py:188} INFO - [2026-04-21T08:53:43.481+0000] {dag.py:3036} INFO - Sync 1 DAGs
[2026-04-21T08:53:43.489+0000] {logging_mixin.py:188} INFO - [2026-04-21T08:53:43.489+0000] {dag.py:3823} INFO - Setting next_dagrun for example_sensors to None, run_after=None
[2026-04-21T08:53:43.498+0000] {processor.py:183} INFO - Processing /home/airflow/.local/lib/python3.8/site-packages/airflow/example_dags/example_sensors.py took 0.043 seconds
[2026-04-21T08:54:14.164+0000] {processor.py:161} INFO - Started process (PID=24931) to work on /home/airflow/.local/lib/python3.8/site-packages/airflow/example_dags/example_sensors.py
[2026-04-21T08:54:14.165+0000] {processor.py:830} INFO - Processing file /home/airflow/.local/lib/python3.8/site-packages/airflow/example_dags/example_sensors.py for tasks to queue
[2026-04-21T08:54:14.166+0000] {logging_mixin.py:188} INFO - [2026-04-21T08:54:14.165+0000] {dagbag.py:538} INFO - Filling up the DagBag from /home/airflow/.local/lib/python3.8/site-packages/airflow/example_dags/example_sensors.py
[2026-04-21T08:54:14.172+0000] {processor.py:840} INFO - DAG(s) 'example_sensors' retrieved from /home/airflow/.local/lib/python3.8/site-packages/airflow/example_dags/example_sensors.py
[2026-04-21T08:54:14.188+0000] {logging_mixin.py:188} INFO - [2026-04-21T08:54:14.188+0000] {dag.py:3036} INFO - Sync 1 DAGs
[2026-04-21T08:54:14.196+0000] {logging_mixin.py:188} INFO - [2026-04-21T08:54:14.196+0000] {dag.py:3823} INFO - Setting next_dagrun for example_sensors to None, run_after=None
[2026-04-21T08:54:14.208+0000] {processor.py:183} INFO - Processing /home/airflow/.local/lib/python3.8/site-packages/airflow/example_dags/example_sensors.py took 0.046 seconds
[2026-04-21T08:54:44.845+0000] {processor.py:161} INFO - Started process (PID=24986) to work on /home/airflow/.local/lib/python3.8/site-packages/airflow/example_dags/example_sensors.py
[2026-04-21T08:54:44.846+0000] {processor.py:830} INFO - Processing file /home/airflow/.local/lib/python3.8/site-packages/airflow/example_dags/example_sensors.py for tasks to queue
[2026-04-21T08:54:44.846+0000] {logging_mixin.py:188} INFO - [2026-04-21T08:54:44.846+0000] {dagbag.py:538} INFO - Filling up the DagBag from /home/airflow/.local/lib/python3.8/site-packages/airflow/example_dags/example_sensors.py
[2026-04-21T08:54:44.853+0000] {processor.py:840} INFO - DAG(s) 'example_sensors' retrieved from /home/airflow/.local/lib/python3.8/site-packages/airflow/example_dags/example_sensors.py
[2026-04-21T08:54:44.869+0000] {logging_mixin.py:188} INFO - [2026-04-21T08:54:44.869+0000] {dag.py:3036} INFO - Sync 1 DAGs
[2026-04-21T08:54:44.877+0000] {logging_mixin.py:188} INFO - [2026-04-21T08:54:44.876+0000] {dag.py:3823} INFO - Setting next_dagrun for example_sensors to None, run_after=None
[2026-04-21T08:54:44.886+0000] {processor.py:183} INFO - Processing /home/airflow/.local/lib/python3.8/site-packages/airflow/example_dags/example_sensors.py took 0.044 seconds
[2026-04-21T08:55:15.519+0000] {processor.py:161} INFO - Started process (PID=25041) to work on /home/airflow/.local/lib/python3.8/site-packages/airflow/example_dags/example_sensors.py
[2026-04-21T08:55:15.520+0000] {processor.py:830} INFO - Processing file /home/airflow/.local/lib/python3.8/site-packages/airflow/example_dags/example_sensors.py for tasks to queue
[2026-04-21T08:55:15.520+0000] {logging_mixin.py:188} INFO - [2026-04-21T08:55:15.520+0000] {dagbag.py:538} INFO - Filling up the DagBag from /home/airflow/.local/lib/python3.8/site-packages/airflow/example_dags/example_sensors.py
[2026-04-21T08:55:15.527+0000] {processor.py:840} INFO - DAG(s) 'example_sensors' retrieved from /home/airflow/.local/lib/python3.8/site-packages/airflow/example_dags/example_sensors.py
[2026-04-21T08:55:15.543+0000] {logging_mixin.py:188} INFO - [2026-04-21T08:55:15.543+0000] {dag.py:3036} INFO - Sync 1 DAGs
[2026-04-21T08:55:15.551+0000] {logging_mixin.py:188} INFO - [2026-04-21T08:55:15.551+0000] {dag.py:3823} INFO - Setting next_dagrun for example_sensors to None, run_after=None
[2026-04-21T08:55:15.560+0000] {processor.py:183} INFO - Processing /home/airflow/.local/lib/python3.8/site-packages/airflow/example_dags/example_sensors.py took 0.044 seconds
[2026-04-21T08:55:46.244+0000] {processor.py:161} INFO - Started process (PID=25096) to work on /home/airflow/.local/lib/python3.8/site-packages/airflow/example_dags/example_sensors.py
[2026-04-21T08:55:46.244+0000] {processor.py:830} INFO - Processing file /home/airflow/.local/lib/python3.8/site-packages/airflow/example_dags/example_sensors.py for tasks to queue
[2026-04-21T08:55:46.245+0000] {logging_mixin.py:188} INFO - [2026-04-21T08:55:46.245+0000] {dagbag.py:538} INFO - Filling up the DagBag from /home/airflow/.local/lib/python3.8/site-packages/airflow/example_dags/example_sensors.py
[2026-04-21T08:55:46.252+0000] {processor.py:840} INFO - DAG(s) 'example_sensors' retrieved from /home/airflow/.local/lib/python3.8/site-packages/airflow/example_dags/example_sensors.py
[2026-04-21T08:55:46.268+0000] {logging_mixin.py:188} INFO - [2026-04-21T08:55:46.268+0000] {dag.py:3036} INFO - Sync 1 DAGs
[2026-04-21T08:55:46.276+0000] {logging_mixin.py:188} INFO - [2026-04-21T08:55:46.276+0000] {dag.py:3823} INFO - Setting next_dagrun for example_sensors to None, run_after=None
[2026-04-21T08:55:46.285+0000] {processor.py:183} INFO - Processing /home/airflow/.local/lib/python3.8/site-packages/airflow/example_dags/example_sensors.py took 0.044 seconds
[2026-04-21T08:56:16.982+0000] {processor.py:161} INFO - Started process (PID=25151) to work on /home/airflow/.local/lib/python3.8/site-packages/airflow/example_dags/example_sensors.py
[2026-04-21T08:56:16.982+0000] {processor.py:830} INFO - Processing file /home/airflow/.local/lib/python3.8/site-packages/airflow/example_dags/example_sensors.py for tasks to queue
[2026-04-21T08:56:16.983+0000] {logging_mixin.py:188} INFO - [2026-04-21T08:56:16.983+0000] {dagbag.py:538} INFO - Filling up the DagBag from /home/airflow/.local/lib/python3.8/site-packages/airflow/example_dags/example_sensors.py
[2026-04-21T08:56:16.989+0000] {processor.py:840} INFO - DAG(s) 'example_sensors' retrieved from /home/airflow/.local/lib/python3.8/site-packages/airflow/example_dags/example_sensors.py
[2026-04-21T08:56:17.005+0000] {logging_mixin.py:188} INFO - [2026-04-21T08:56:17.005+0000] {dag.py:3036} INFO - Sync 1 DAGs
[2026-04-21T08:56:17.013+0000] {logging_mixin.py:188} INFO - [2026-04-21T08:56:17.013+0000] {dag.py:3823} INFO - Setting next_dagrun for example_sensors to None, run_after=None
[2026-04-21T08:56:17.023+0000] {processor.py:183} INFO - Processing /home/airflow/.local/lib/python3.8/site-packages/airflow/example_dags/example_sensors.py took 0.043 seconds
[2026-04-21T08:56:47.727+0000] {processor.py:161} INFO - Started process (PID=25206) to work on /home/airflow/.local/lib/python3.8/site-packages/airflow/example_dags/example_sensors.py
[2026-04-21T08:56:47.728+0000] {processor.py:830} INFO - Processing file /home/airflow/.local/lib/python3.8/site-packages/airflow/example_dags/example_sensors.py for tasks to queue
[2026-04-21T08:56:47.728+0000] {logging_mixin.py:188} INFO - [2026-04-21T08:56:47.728+0000] {dagbag.py:538} INFO - Filling up the DagBag from /home/airflow/.local/lib/python3.8/site-packages/airflow/example_dags/example_sensors.py
[2026-04-21T08:56:47.734+0000] {processor.py:840} INFO - DAG(s) 'example_sensors' retrieved from /home/airflow/.local/lib/python3.8/site-packages/airflow/example_dags/example_sensors.py
[2026-04-21T08:56:47.750+0000] {logging_mixin.py:188} INFO - [2026-04-21T08:56:47.750+0000] {dag.py:3036} INFO - Sync 1 DAGs
[2026-04-21T08:56:47.758+0000] {logging_mixin.py:188} INFO - [2026-04-21T08:56:47.758+0000] {dag.py:3823} INFO - Setting next_dagrun for example_sensors to None, run_after=None
[2026-04-21T08:56:47.767+0000] {processor.py:183} INFO - Processing /home/airflow/.local/lib/python3.8/site-packages/airflow/example_dags/example_sensors.py took 0.042 seconds
[2026-04-21T08:57:18.483+0000] {processor.py:161} INFO - Started process (PID=25261) to work on /home/airflow/.local/lib/python3.8/site-packages/airflow/example_dags/example_sensors.py
[2026-04-21T08:57:18.484+0000] {processor.py:830} INFO - Processing file /home/airflow/.local/lib/python3.8/site-packages/airflow/example_dags/example_sensors.py for tasks to queue
[2026-04-21T08:57:18.484+0000] {logging_mixin.py:188} INFO - [2026-04-21T08:57:18.484+0000] {dagbag.py:538} INFO - Filling up the DagBag from /home/airflow/.local/lib/python3.8/site-packages/airflow/example_dags/example_sensors.py
[2026-04-21T08:57:18.491+0000] {processor.py:840} INFO - DAG(s) 'example_sensors' retrieved from /home/airflow/.local/lib/python3.8/site-packages/airflow/example_dags/example_sensors.py
[2026-04-21T08:57:18.507+0000] {logging_mixin.py:188} INFO - [2026-04-21T08:57:18.507+0000] {dag.py:3036} INFO - Sync 1 DAGs
[2026-04-21T08:57:18.515+0000] {logging_mixin.py:188} INFO - [2026-04-21T08:57:18.515+0000] {dag.py:3823} INFO - Setting next_dagrun for example_sensors to None, run_after=None
[2026-04-21T08:57:18.525+0000] {processor.py:183} INFO - Processing /home/airflow/.local/lib/python3.8/site-packages/airflow/example_dags/example_sensors.py took 0.044 seconds
[2026-04-21T08:57:49.170+0000] {processor.py:161} INFO - Started process (PID=25316) to work on /home/airflow/.local/lib/python3.8/site-packages/airflow/example_dags/example_sensors.py
[2026-04-21T08:57:49.170+0000] {processor.py:830} INFO - Processing file /home/airflow/.local/lib/python3.8/site-packages/airflow/example_dags/example_sensors.py for tasks to queue
[2026-04-21T08:57:49.171+0000] {logging_mixin.py:188} INFO - [2026-04-21T08:57:49.171+0000] {dagbag.py:538} INFO - Filling up the DagBag from /home/airflow/.local/lib/python3.8/site-packages/airflow/example_dags/example_sensors.py
[2026-04-21T08:57:49.177+0000] {processor.py:840} INFO - DAG(s) 'example_sensors' retrieved from /home/airflow/.local/lib/python3.8/site-packages/airflow/example_dags/example_sensors.py
[2026-04-21T08:57:49.194+0000] {logging_mixin.py:188} INFO - [2026-04-21T08:57:49.194+0000] {dag.py:3036} INFO - Sync 1 DAGs
[2026-04-21T08:57:49.203+0000] {logging_mixin.py:188} INFO - [2026-04-21T08:57:49.203+0000] {dag.py:3823} INFO - Setting next_dagrun for example_sensors to None, run_after=None
[2026-04-21T08:57:49.214+0000] {processor.py:183} INFO - Processing /home/airflow/.local/lib/python3.8/site-packages/airflow/example_dags/example_sensors.py took 0.047 seconds
[2026-04-21T08:58:19.853+0000] {processor.py:161} INFO - Started process (PID=25371) to work on /home/airflow/.local/lib/python3.8/site-packages/airflow/example_dags/example_sensors.py
[2026-04-21T08:58:19.854+0000] {processor.py:830} INFO - Processing file /home/airflow/.local/lib/python3.8/site-packages/airflow/example_dags/example_sensors.py for tasks to queue
[2026-04-21T08:58:19.854+0000] {logging_mixin.py:188} INFO - [2026-04-21T08:58:19.854+0000] {dagbag.py:538} INFO - Filling up the DagBag from /home/airflow/.local/lib/python3.8/site-packages/airflow/example_dags/example_sensors.py
[2026-04-21T08:58:19.860+0000] {processor.py:840} INFO - DAG(s) 'example_sensors' retrieved from /home/airflow/.local/lib/python3.8/site-packages/airflow/example_dags/example_sensors.py
[2026-04-21T08:58:19.877+0000] {logging_mixin.py:188} INFO - [2026-04-21T08:58:19.876+0000] {dag.py:3036} INFO - Sync 1 DAGs
[2026-04-21T08:58:19.885+0000] {logging_mixin.py:188} INFO - [2026-04-21T08:58:19.885+0000] {dag.py:3823} INFO - Setting next_dagrun for example_sensors to None, run_after=None
[2026-04-21T08:58:19.896+0000] {processor.py:183} INFO - Processing /home/airflow/.local/lib/python3.8/site-packages/airflow/example_dags/example_sensors.py took 0.045 seconds
[2026-04-21T08:58:50.595+0000] {processor.py:161} INFO - Started process (PID=25426) to work on /home/airflow/.local/lib/python3.8/site-packages/airflow/example_dags/example_sensors.py
[2026-04-21T08:58:50.596+0000] {processor.py:830} INFO - Processing file /home/airflow/.local/lib/python3.8/site-packages/airflow/example_dags/example_sensors.py for tasks to queue
[2026-04-21T08:58:50.596+0000] {logging_mixin.py:188} INFO - [2026-04-21T08:58:50.596+0000] {dagbag.py:538} INFO - Filling up the DagBag from /home/airflow/.local/lib/python3.8/site-packages/airflow/example_dags/example_sensors.py
[2026-04-21T08:58:50.602+0000] {processor.py:840} INFO - DAG(s) 'example_sensors' retrieved from /home/airflow/.local/lib/python3.8/site-packages/airflow/example_dags/example_sensors.py
[2026-04-21T08:58:50.618+0000] {logging_mixin.py:188} INFO - [2026-04-21T08:58:50.618+0000] {dag.py:3036} INFO - Sync 1 DAGs
[2026-04-21T08:58:50.626+0000] {logging_mixin.py:188} INFO - [2026-04-21T08:58:50.626+0000] {dag.py:3823} INFO - Setting next_dagrun for example_sensors to None, run_after=None
[2026-04-21T08:58:50.636+0000] {processor.py:183} INFO - Processing /home/airflow/.local/lib/python3.8/site-packages/airflow/example_dags/example_sensors.py took 0.043 seconds
[2026-04-21T08:59:21.269+0000] {processor.py:161} INFO - Started process (PID=25481) to work on /home/airflow/.local/lib/python3.8/site-packages/airflow/example_dags/example_sensors.py
[2026-04-21T08:59:21.270+0000] {processor.py:830} INFO - Processing file /home/airflow/.local/lib/python3.8/site-packages/airflow/example_dags/example_sensors.py for tasks to queue
[2026-04-21T08:59:21.271+0000] {logging_mixin.py:188} INFO - [2026-04-21T08:59:21.271+0000] {dagbag.py:538} INFO - Filling up the DagBag from /home/airflow/.local/lib/python3.8/site-packages/airflow/example_dags/example_sensors.py
[2026-04-21T08:59:21.277+0000] {processor.py:840} INFO - DAG(s) 'example_sensors' retrieved from /home/airflow/.local/lib/python3.8/site-packages/airflow/example_dags/example_sensors.py
[2026-04-21T08:59:21.294+0000] {logging_mixin.py:188} INFO - [2026-04-21T08:59:21.294+0000] {dag.py:3036} INFO - Sync 1 DAGs
[2026-04-21T08:59:21.302+0000] {logging_mixin.py:188} INFO - [2026-04-21T08:59:21.302+0000] {dag.py:3823} INFO - Setting next_dagrun for example_sensors to None, run_after=None
[2026-04-21T08:59:21.312+0000] {processor.py:183} INFO - Processing /home/airflow/.local/lib/python3.8/site-packages/airflow/example_dags/example_sensors.py took 0.045 seconds
[2026-04-21T08:59:51.984+0000] {processor.py:161} INFO - Started process (PID=25536) to work on /home/airflow/.local/lib/python3.8/site-packages/airflow/example_dags/example_sensors.py
[2026-04-21T08:59:51.985+0000] {processor.py:830} INFO - Processing file /home/airflow/.local/lib/python3.8/site-packages/airflow/example_dags/example_sensors.py for tasks to queue
[2026-04-21T08:59:51.985+0000] {logging_mixin.py:188} INFO - [2026-04-21T08:59:51.985+0000] {dagbag.py:538} INFO - Filling up the DagBag from /home/airflow/.local/lib/python3.8/site-packages/airflow/example_dags/example_sensors.py
[2026-04-21T08:59:51.991+0000] {processor.py:840} INFO - DAG(s) 'example_sensors' retrieved from /home/airflow/.local/lib/python3.8/site-packages/airflow/example_dags/example_sensors.py
[2026-04-21T08:59:52.008+0000] {logging_mixin.py:188} INFO - [2026-04-21T08:59:52.008+0000] {dag.py:3036} INFO - Sync 1 DAGs
[2026-04-21T08:59:52.016+0000] {logging_mixin.py:188} INFO - [2026-04-21T08:59:52.016+0000] {dag.py:3823} INFO - Setting next_dagrun for example_sensors to None, run_after=None
[2026-04-21T08:59:52.025+0000] {processor.py:183} INFO - Processing /home/airflow/.local/lib/python3.8/site-packages/airflow/example_dags/example_sensors.py took 0.044 seconds
[2026-04-21T09:00:22.695+0000] {processor.py:161} INFO - Started process (PID=25591) to work on /home/airflow/.local/lib/python3.8/site-packages/airflow/example_dags/example_sensors.py
[2026-04-21T09:00:22.696+0000] {processor.py:830} INFO - Processing file /home/airflow/.local/lib/python3.8/site-packages/airflow/example_dags/example_sensors.py for tasks to queue
[2026-04-21T09:00:22.697+0000] {logging_mixin.py:188} INFO - [2026-04-21T09:00:22.696+0000] {dagbag.py:538} INFO - Filling up the DagBag from /home/airflow/.local/lib/python3.8/site-packages/airflow/example_dags/example_sensors.py
[2026-04-21T09:00:22.703+0000] {processor.py:840} INFO - DAG(s) 'example_sensors' retrieved from /home/airflow/.local/lib/python3.8/site-packages/airflow/example_dags/example_sensors.py
[2026-04-21T09:00:22.719+0000] {logging_mixin.py:188} INFO - [2026-04-21T09:00:22.719+0000] {dag.py:3036} INFO - Sync 1 DAGs
[2026-04-21T09:00:22.727+0000] {logging_mixin.py:188} INFO - [2026-04-21T09:00:22.727+0000] {dag.py:3823} INFO - Setting next_dagrun for example_sensors to None, run_after=None
[2026-04-21T09:00:22.737+0000] {processor.py:183} INFO - Processing /home/airflow/.local/lib/python3.8/site-packages/airflow/example_dags/example_sensors.py took 0.044 seconds
[2026-04-21T09:00:53.408+0000] {processor.py:161} INFO - Started process (PID=25646) to work on /home/airflow/.local/lib/python3.8/site-packages/airflow/example_dags/example_sensors.py
[2026-04-21T09:00:53.408+0000] {processor.py:830} INFO - Processing file /home/airflow/.local/lib/python3.8/site-packages/airflow/example_dags/example_sensors.py for tasks to queue
[2026-04-21T09:00:53.409+0000] {logging_mixin.py:188} INFO - [2026-04-21T09:00:53.409+0000] {dagbag.py:538} INFO - Filling up the DagBag from /home/airflow/.local/lib/python3.8/site-packages/airflow/example_dags/example_sensors.py
[2026-04-21T09:00:53.415+0000] {processor.py:840} INFO - DAG(s) 'example_sensors' retrieved from /home/airflow/.local/lib/python3.8/site-packages/airflow/example_dags/example_sensors.py
[2026-04-21T09:00:53.431+0000] {logging_mixin.py:188} INFO - [2026-04-21T09:00:53.431+0000] {dag.py:3036} INFO - Sync 1 DAGs
[2026-04-21T09:00:53.439+0000] {logging_mixin.py:188} INFO - [2026-04-21T09:00:53.438+0000] {dag.py:3823} INFO - Setting next_dagrun for example_sensors to None, run_after=None
[2026-04-21T09:00:53.448+0000] {processor.py:183} INFO - Processing /home/airflow/.local/lib/python3.8/site-packages/airflow/example_dags/example_sensors.py took 0.043 seconds
[2026-04-21T09:01:24.055+0000] {processor.py:161} INFO - Started process (PID=25707) to work on /home/airflow/.local/lib/python3.8/site-packages/airflow/example_dags/example_sensors.py
[2026-04-21T09:01:24.056+0000] {processor.py:830} INFO - Processing file /home/airflow/.local/lib/python3.8/site-packages/airflow/example_dags/example_sensors.py for tasks to queue
[2026-04-21T09:01:24.056+0000] {logging_mixin.py:188} INFO - [2026-04-21T09:01:24.056+0000] {dagbag.py:538} INFO - Filling up the DagBag from /home/airflow/.local/lib/python3.8/site-packages/airflow/example_dags/example_sensors.py
[2026-04-21T09:01:24.063+0000] {processor.py:840} INFO - DAG(s) 'example_sensors' retrieved from /home/airflow/.local/lib/python3.8/site-packages/airflow/example_dags/example_sensors.py
[2026-04-21T09:01:24.081+0000] {logging_mixin.py:188} INFO - [2026-04-21T09:01:24.081+0000] {dag.py:3036} INFO - Sync 1 DAGs
[2026-04-21T09:01:24.090+0000] {logging_mixin.py:188} INFO - [2026-04-21T09:01:24.089+0000] {dag.py:3823} INFO - Setting next_dagrun for example_sensors to None, run_after=None
[2026-04-21T09:01:24.100+0000] {processor.py:183} INFO - Processing /home/airflow/.local/lib/python3.8/site-packages/airflow/example_dags/example_sensors.py took 0.047 seconds
[2026-04-21T09:01:54.745+0000] {processor.py:161} INFO - Started process (PID=25762) to work on /home/airflow/.local/lib/python3.8/site-packages/airflow/example_dags/example_sensors.py
[2026-04-21T09:01:54.746+0000] {processor.py:830} INFO - Processing file /home/airflow/.local/lib/python3.8/site-packages/airflow/example_dags/example_sensors.py for tasks to queue
[2026-04-21T09:01:54.747+0000] {logging_mixin.py:188} INFO - [2026-04-21T09:01:54.746+0000] {dagbag.py:538} INFO - Filling up the DagBag from /home/airflow/.local/lib/python3.8/site-packages/airflow/example_dags/example_sensors.py
[2026-04-21T09:01:54.754+0000] {processor.py:840} INFO - DAG(s) 'example_sensors' retrieved from /home/airflow/.local/lib/python3.8/site-packages/airflow/example_dags/example_sensors.py
[2026-04-21T09:01:54.773+0000] {logging_mixin.py:188} INFO - [2026-04-21T09:01:54.773+0000] {dag.py:3036} INFO - Sync 1 DAGs
[2026-04-21T09:01:54.782+0000] {logging_mixin.py:188} INFO - [2026-04-21T09:01:54.781+0000] {dag.py:3823} INFO - Setting next_dagrun for example_sensors to None, run_after=None
[2026-04-21T09:01:54.793+0000] {processor.py:183} INFO - Processing /home/airflow/.local/lib/python3.8/site-packages/airflow/example_dags/example_sensors.py took 0.050 seconds
[2026-04-21T09:02:25.499+0000] {processor.py:161} INFO - Started process (PID=25817) to work on /home/airflow/.local/lib/python3.8/site-packages/airflow/example_dags/example_sensors.py
[2026-04-21T09:02:25.500+0000] {processor.py:830} INFO - Processing file /home/airflow/.local/lib/python3.8/site-packages/airflow/example_dags/example_sensors.py for tasks to queue
[2026-04-21T09:02:25.501+0000] {logging_mixin.py:188} INFO - [2026-04-21T09:02:25.501+0000] {dagbag.py:538} INFO - Filling up the DagBag from /home/airflow/.local/lib/python3.8/site-packages/airflow/example_dags/example_sensors.py
[2026-04-21T09:02:25.508+0000] {processor.py:840} INFO - DAG(s) 'example_sensors' retrieved from /home/airflow/.local/lib/python3.8/site-packages/airflow/example_dags/example_sensors.py
[2026-04-21T09:02:25.530+0000] {logging_mixin.py:188} INFO - [2026-04-21T09:02:25.530+0000] {dag.py:3036} INFO - Sync 1 DAGs
[2026-04-21T09:02:25.540+0000] {logging_mixin.py:188} INFO - [2026-04-21T09:02:25.540+0000] {dag.py:3823} INFO - Setting next_dagrun for example_sensors to None, run_after=None
[2026-04-21T09:02:25.552+0000] {processor.py:183} INFO - Processing /home/airflow/.local/lib/python3.8/site-packages/airflow/example_dags/example_sensors.py took 0.056 seconds
[2026-04-21T09:02:55.637+0000] {processor.py:161} INFO - Started process (PID=25872) to work on /home/airflow/.local/lib/python3.8/site-packages/airflow/example_dags/example_sensors.py
[2026-04-21T09:02:55.638+0000] {processor.py:830} INFO - Processing file /home/airflow/.local/lib/python3.8/site-packages/airflow/example_dags/example_sensors.py for tasks to queue
[2026-04-21T09:02:55.638+0000] {logging_mixin.py:188} INFO - [2026-04-21T09:02:55.638+0000] {dagbag.py:538} INFO - Filling up the DagBag from /home/airflow/.local/lib/python3.8/site-packages/airflow/example_dags/example_sensors.py
[2026-04-21T09:02:55.646+0000] {processor.py:840} INFO - DAG(s) 'example_sensors' retrieved from /home/airflow/.local/lib/python3.8/site-packages/airflow/example_dags/example_sensors.py
[2026-04-21T09:02:55.667+0000] {logging_mixin.py:188} INFO - [2026-04-21T09:02:55.667+0000] {dag.py:3036} INFO - Sync 1 DAGs
[2026-04-21T09:02:55.677+0000] {logging_mixin.py:188} INFO - [2026-04-21T09:02:55.677+0000] {dag.py:3823} INFO - Setting next_dagrun for example_sensors to None, run_after=None
[2026-04-21T09:02:55.690+0000] {processor.py:183} INFO - Processing /home/airflow/.local/lib/python3.8/site-packages/airflow/example_dags/example_sensors.py took 0.056 seconds
[2026-04-21T09:03:25.719+0000] {processor.py:161} INFO - Started process (PID=25927) to work on /home/airflow/.local/lib/python3.8/site-packages/airflow/example_dags/example_sensors.py
[2026-04-21T09:03:25.720+0000] {processor.py:830} INFO - Processing file /home/airflow/.local/lib/python3.8/site-packages/airflow/example_dags/example_sensors.py for tasks to queue
[2026-04-21T09:03:25.720+0000] {logging_mixin.py:188} INFO - [2026-04-21T09:03:25.720+0000] {dagbag.py:538} INFO - Filling up the DagBag from /home/airflow/.local/lib/python3.8/site-packages/airflow/example_dags/example_sensors.py
[2026-04-21T09:03:25.726+0000] {processor.py:840} INFO - DAG(s) 'example_sensors' retrieved from /home/airflow/.local/lib/python3.8/site-packages/airflow/example_dags/example_sensors.py
[2026-04-21T09:03:25.743+0000] {logging_mixin.py:188} INFO - [2026-04-21T09:03:25.743+0000] {dag.py:3036} INFO - Sync 1 DAGs
[2026-04-21T09:03:25.751+0000] {logging_mixin.py:188} INFO - [2026-04-21T09:03:25.751+0000] {dag.py:3823} INFO - Setting next_dagrun for example_sensors to None, run_after=None
[2026-04-21T09:03:25.761+0000] {processor.py:183} INFO - Processing /home/airflow/.local/lib/python3.8/site-packages/airflow/example_dags/example_sensors.py took 0.044 seconds
[2026-04-21T09:03:56.473+0000] {processor.py:161} INFO - Started process (PID=25982) to work on /home/airflow/.local/lib/python3.8/site-packages/airflow/example_dags/example_sensors.py
[2026-04-21T09:03:56.474+0000] {processor.py:830} INFO - Processing file /home/airflow/.local/lib/python3.8/site-packages/airflow/example_dags/example_sensors.py for tasks to queue
[2026-04-21T09:03:56.475+0000] {logging_mixin.py:188} INFO - [2026-04-21T09:03:56.474+0000] {dagbag.py:538} INFO - Filling up the DagBag from /home/airflow/.local/lib/python3.8/site-packages/airflow/example_dags/example_sensors.py
[2026-04-21T09:03:56.480+0000] {processor.py:840} INFO - DAG(s) 'example_sensors' retrieved from /home/airflow/.local/lib/python3.8/site-packages/airflow/example_dags/example_sensors.py
[2026-04-21T09:03:56.496+0000] {logging_mixin.py:188} INFO - [2026-04-21T09:03:56.496+0000] {dag.py:3036} INFO - Sync 1 DAGs
[2026-04-21T09:03:56.503+0000] {logging_mixin.py:188} INFO - [2026-04-21T09:03:56.503+0000] {dag.py:3823} INFO - Setting next_dagrun for example_sensors to None, run_after=None
[2026-04-21T09:03:56.513+0000] {processor.py:183} INFO - Processing /home/airflow/.local/lib/python3.8/site-packages/airflow/example_dags/example_sensors.py took 0.042 seconds
[2026-04-21T09:04:27.339+0000] {processor.py:161} INFO - Started process (PID=26037) to work on /home/airflow/.local/lib/python3.8/site-packages/airflow/example_dags/example_sensors.py
[2026-04-21T09:04:27.339+0000] {processor.py:830} INFO - Processing file /home/airflow/.local/lib/python3.8/site-packages/airflow/example_dags/example_sensors.py for tasks to queue
[2026-04-21T09:04:27.340+0000] {logging_mixin.py:188} INFO - [2026-04-21T09:04:27.340+0000] {dagbag.py:538} INFO - Filling up the DagBag from /home/airflow/.local/lib/python3.8/site-packages/airflow/example_dags/example_sensors.py
[2026-04-21T09:04:27.347+0000] {processor.py:840} INFO - DAG(s) 'example_sensors' retrieved from /home/airflow/.local/lib/python3.8/site-packages/airflow/example_dags/example_sensors.py
[2026-04-21T09:04:27.366+0000] {logging_mixin.py:188} INFO - [2026-04-21T09:04:27.365+0000] {dag.py:3036} INFO - Sync 1 DAGs
[2026-04-21T09:04:27.375+0000] {logging_mixin.py:188} INFO - [2026-04-21T09:04:27.374+0000] {dag.py:3823} INFO - Setting next_dagrun for example_sensors to None, run_after=None
[2026-04-21T09:04:27.387+0000] {processor.py:183} INFO - Processing /home/airflow/.local/lib/python3.8/site-packages/airflow/example_dags/example_sensors.py took 0.051 seconds
[2026-04-21T09:04:57.500+0000] {processor.py:161} INFO - Started process (PID=26092) to work on /home/airflow/.local/lib/python3.8/site-packages/airflow/example_dags/example_sensors.py
[2026-04-21T09:04:57.501+0000] {processor.py:830} INFO - Processing file /home/airflow/.local/lib/python3.8/site-packages/airflow/example_dags/example_sensors.py for tasks to queue
[2026-04-21T09:04:57.501+0000] {logging_mixin.py:188} INFO - [2026-04-21T09:04:57.501+0000] {dagbag.py:538} INFO - Filling up the DagBag from /home/airflow/.local/lib/python3.8/site-packages/airflow/example_dags/example_sensors.py
[2026-04-21T09:04:57.508+0000] {processor.py:840} INFO - DAG(s) 'example_sensors' retrieved from /home/airflow/.local/lib/python3.8/site-packages/airflow/example_dags/example_sensors.py
[2026-04-21T09:04:57.526+0000] {logging_mixin.py:188} INFO - [2026-04-21T09:04:57.526+0000] {dag.py:3036} INFO - Sync 1 DAGs
[2026-04-21T09:04:57.535+0000] {logging_mixin.py:188} INFO - [2026-04-21T09:04:57.535+0000] {dag.py:3823} INFO - Setting next_dagrun for example_sensors to None, run_after=None
[2026-04-21T09:04:57.547+0000] {processor.py:183} INFO - Processing /home/airflow/.local/lib/python3.8/site-packages/airflow/example_dags/example_sensors.py took 0.050 seconds
[2026-04-21T09:05:27.722+0000] {processor.py:161} INFO - Started process (PID=26147) to work on /home/airflow/.local/lib/python3.8/site-packages/airflow/example_dags/example_sensors.py
[2026-04-21T09:05:27.722+0000] {processor.py:830} INFO - Processing file /home/airflow/.local/lib/python3.8/site-packages/airflow/example_dags/example_sensors.py for tasks to queue
[2026-04-21T09:05:27.723+0000] {logging_mixin.py:188} INFO - [2026-04-21T09:05:27.722+0000] {dagbag.py:538} INFO - Filling up the DagBag from /home/airflow/.local/lib/python3.8/site-packages/airflow/example_dags/example_sensors.py
[2026-04-21T09:05:27.729+0000] {processor.py:840} INFO - DAG(s) 'example_sensors' retrieved from /home/airflow/.local/lib/python3.8/site-packages/airflow/example_dags/example_sensors.py
[2026-04-21T09:05:27.746+0000] {logging_mixin.py:188} INFO - [2026-04-21T09:05:27.745+0000] {dag.py:3036} INFO - Sync 1 DAGs
[2026-04-21T09:05:27.754+0000] {logging_mixin.py:188} INFO - [2026-04-21T09:05:27.753+0000] {dag.py:3823} INFO - Setting next_dagrun for example_sensors to None, run_after=None
[2026-04-21T09:05:27.763+0000] {processor.py:183} INFO - Processing /home/airflow/.local/lib/python3.8/site-packages/airflow/example_dags/example_sensors.py took 0.044 seconds
[2026-04-21T09:05:57.851+0000] {processor.py:161} INFO - Started process (PID=26202) to work on /home/airflow/.local/lib/python3.8/site-packages/airflow/example_dags/example_sensors.py
[2026-04-21T09:05:57.851+0000] {processor.py:830} INFO - Processing file /home/airflow/.local/lib/python3.8/site-packages/airflow/example_dags/example_sensors.py for tasks to queue
[2026-04-21T09:05:57.852+0000] {logging_mixin.py:188} INFO - [2026-04-21T09:05:57.852+0000] {dagbag.py:538} INFO - Filling up the DagBag from /home/airflow/.local/lib/python3.8/site-packages/airflow/example_dags/example_sensors.py
[2026-04-21T09:05:57.858+0000] {processor.py:840} INFO - DAG(s) 'example_sensors' retrieved from /home/airflow/.local/lib/python3.8/site-packages/airflow/example_dags/example_sensors.py
[2026-04-21T09:05:57.875+0000] {logging_mixin.py:188} INFO - [2026-04-21T09:05:57.874+0000] {dag.py:3036} INFO - Sync 1 DAGs
[2026-04-21T09:05:57.882+0000] {logging_mixin.py:188} INFO - [2026-04-21T09:05:57.882+0000] {dag.py:3823} INFO - Setting next_dagrun for example_sensors to None, run_after=None
[2026-04-21T09:05:57.892+0000] {processor.py:183} INFO - Processing /home/airflow/.local/lib/python3.8/site-packages/airflow/example_dags/example_sensors.py took 0.044 seconds
[2026-04-21T09:06:27.946+0000] {processor.py:161} INFO - Started process (PID=26257) to work on /home/airflow/.local/lib/python3.8/site-packages/airflow/example_dags/example_sensors.py
[2026-04-21T09:06:27.947+0000] {processor.py:830} INFO - Processing file /home/airflow/.local/lib/python3.8/site-packages/airflow/example_dags/example_sensors.py for tasks to queue
[2026-04-21T09:06:27.947+0000] {logging_mixin.py:188} INFO - [2026-04-21T09:06:27.947+0000] {dagbag.py:538} INFO - Filling up the DagBag from /home/airflow/.local/lib/python3.8/site-packages/airflow/example_dags/example_sensors.py
[2026-04-21T09:06:27.954+0000] {processor.py:840} INFO - DAG(s) 'example_sensors' retrieved from /home/airflow/.local/lib/python3.8/site-packages/airflow/example_dags/example_sensors.py
[2026-04-21T09:06:27.971+0000] {logging_mixin.py:188} INFO - [2026-04-21T09:06:27.971+0000] {dag.py:3036} INFO - Sync 1 DAGs
[2026-04-21T09:06:27.979+0000] {logging_mixin.py:188} INFO - [2026-04-21T09:06:27.979+0000] {dag.py:3823} INFO - Setting next_dagrun for example_sensors to None, run_after=None
[2026-04-21T09:06:27.989+0000] {processor.py:183} INFO - Processing /home/airflow/.local/lib/python3.8/site-packages/airflow/example_dags/example_sensors.py took 0.045 seconds
[2026-04-21T09:06:58.055+0000] {processor.py:161} INFO - Started process (PID=26312) to work on /home/airflow/.local/lib/python3.8/site-packages/airflow/example_dags/example_sensors.py
[2026-04-21T09:06:58.056+0000] {processor.py:830} INFO - Processing file /home/airflow/.local/lib/python3.8/site-packages/airflow/example_dags/example_sensors.py for tasks to queue
[2026-04-21T09:06:58.056+0000] {logging_mixin.py:188} INFO - [2026-04-21T09:06:58.056+0000] {dagbag.py:538} INFO - Filling up the DagBag from /home/airflow/.local/lib/python3.8/site-packages/airflow/example_dags/example_sensors.py
[2026-04-21T09:06:58.063+0000] {processor.py:840} INFO - DAG(s) 'example_sensors' retrieved from /home/airflow/.local/lib/python3.8/site-packages/airflow/example_dags/example_sensors.py
[2026-04-21T09:06:58.079+0000] {logging_mixin.py:188} INFO - [2026-04-21T09:06:58.079+0000] {dag.py:3036} INFO - Sync 1 DAGs
[2026-04-21T09:06:58.087+0000] {logging_mixin.py:188} INFO - [2026-04-21T09:06:58.087+0000] {dag.py:3823} INFO - Setting next_dagrun for example_sensors to None, run_after=None
[2026-04-21T09:06:58.097+0000] {processor.py:183} INFO - Processing /home/airflow/.local/lib/python3.8/site-packages/airflow/example_dags/example_sensors.py took 0.044 seconds
[2026-04-21T09:07:28.389+0000] {processor.py:161} INFO - Started process (PID=26367) to work on /home/airflow/.local/lib/python3.8/site-packages/airflow/example_dags/example_sensors.py
[2026-04-21T09:07:28.390+0000] {processor.py:830} INFO - Processing file /home/airflow/.local/lib/python3.8/site-packages/airflow/example_dags/example_sensors.py for tasks to queue
[2026-04-21T09:07:28.390+0000] {logging_mixin.py:188} INFO - [2026-04-21T09:07:28.390+0000] {dagbag.py:538} INFO - Filling up the DagBag from /home/airflow/.local/lib/python3.8/site-packages/airflow/example_dags/example_sensors.py
[2026-04-21T09:07:28.399+0000] {processor.py:840} INFO - DAG(s) 'example_sensors' retrieved from /home/airflow/.local/lib/python3.8/site-packages/airflow/example_dags/example_sensors.py
[2026-04-21T09:07:28.416+0000] {logging_mixin.py:188} INFO - [2026-04-21T09:07:28.416+0000] {dag.py:3036} INFO - Sync 1 DAGs
[2026-04-21T09:07:28.424+0000] {logging_mixin.py:188} INFO - [2026-04-21T09:07:28.423+0000] {dag.py:3823} INFO - Setting next_dagrun for example_sensors to None, run_after=None
[2026-04-21T09:07:28.433+0000] {processor.py:183} INFO - Processing /home/airflow/.local/lib/python3.8/site-packages/airflow/example_dags/example_sensors.py took 0.046 seconds
[2026-04-21T09:07:58.467+0000] {processor.py:161} INFO - Started process (PID=26422) to work on /home/airflow/.local/lib/python3.8/site-packages/airflow/example_dags/example_sensors.py
[2026-04-21T09:07:58.467+0000] {processor.py:830} INFO - Processing file /home/airflow/.local/lib/python3.8/site-packages/airflow/example_dags/example_sensors.py for tasks to queue
[2026-04-21T09:07:58.468+0000] {logging_mixin.py:188} INFO - [2026-04-21T09:07:58.468+0000] {dagbag.py:538} INFO - Filling up the DagBag from /home/airflow/.local/lib/python3.8/site-packages/airflow/example_dags/example_sensors.py
[2026-04-21T09:07:58.474+0000] {processor.py:840} INFO - DAG(s) 'example_sensors' retrieved from /home/airflow/.local/lib/python3.8/site-packages/airflow/example_dags/example_sensors.py
[2026-04-21T09:07:58.490+0000] {logging_mixin.py:188} INFO - [2026-04-21T09:07:58.490+0000] {dag.py:3036} INFO - Sync 1 DAGs
[2026-04-21T09:07:58.498+0000] {logging_mixin.py:188} INFO - [2026-04-21T09:07:58.498+0000] {dag.py:3823} INFO - Setting next_dagrun for example_sensors to None, run_after=None
[2026-04-21T09:07:58.508+0000] {processor.py:183} INFO - Processing /home/airflow/.local/lib/python3.8/site-packages/airflow/example_dags/example_sensors.py took 0.043 seconds
[2026-04-21T09:08:28.693+0000] {processor.py:161} INFO - Started process (PID=26477) to work on /home/airflow/.local/lib/python3.8/site-packages/airflow/example_dags/example_sensors.py
[2026-04-21T09:08:28.693+0000] {processor.py:830} INFO - Processing file /home/airflow/.local/lib/python3.8/site-packages/airflow/example_dags/example_sensors.py for tasks to queue
[2026-04-21T09:08:28.694+0000] {logging_mixin.py:188} INFO - [2026-04-21T09:08:28.694+0000] {dagbag.py:538} INFO - Filling up the DagBag from /home/airflow/.local/lib/python3.8/site-packages/airflow/example_dags/example_sensors.py
[2026-04-21T09:08:28.700+0000] {processor.py:840} INFO - DAG(s) 'example_sensors' retrieved from /home/airflow/.local/lib/python3.8/site-packages/airflow/example_dags/example_sensors.py
[2026-04-21T09:08:28.717+0000] {logging_mixin.py:188} INFO - [2026-04-21T09:08:28.717+0000] {dag.py:3036} INFO - Sync 1 DAGs
[2026-04-21T09:08:28.725+0000] {logging_mixin.py:188} INFO - [2026-04-21T09:08:28.725+0000] {dag.py:3823} INFO - Setting next_dagrun for example_sensors to None, run_after=None
[2026-04-21T09:08:28.734+0000] {processor.py:183} INFO - Processing /home/airflow/.local/lib/python3.8/site-packages/airflow/example_dags/example_sensors.py took 0.044 seconds
[2026-04-21T09:08:58.831+0000] {processor.py:161} INFO - Started process (PID=26532) to work on /home/airflow/.local/lib/python3.8/site-packages/airflow/example_dags/example_sensors.py
[2026-04-21T09:08:58.832+0000] {processor.py:830} INFO - Processing file /home/airflow/.local/lib/python3.8/site-packages/airflow/example_dags/example_sensors.py for tasks to queue
[2026-04-21T09:08:58.832+0000] {logging_mixin.py:188} INFO - [2026-04-21T09:08:58.832+0000] {dagbag.py:538} INFO - Filling up the DagBag from /home/airflow/.local/lib/python3.8/site-packages/airflow/example_dags/example_sensors.py
[2026-04-21T09:08:58.838+0000] {processor.py:840} INFO - DAG(s) 'example_sensors' retrieved from /home/airflow/.local/lib/python3.8/site-packages/airflow/example_dags/example_sensors.py
[2026-04-21T09:08:58.854+0000] {logging_mixin.py:188} INFO - [2026-04-21T09:08:58.854+0000] {dag.py:3036} INFO - Sync 1 DAGs
[2026-04-21T09:08:58.862+0000] {logging_mixin.py:188} INFO - [2026-04-21T09:08:58.862+0000] {dag.py:3823} INFO - Setting next_dagrun for example_sensors to None, run_after=None
[2026-04-21T09:08:58.872+0000] {processor.py:183} INFO - Processing /home/airflow/.local/lib/python3.8/site-packages/airflow/example_dags/example_sensors.py took 0.044 seconds
[2026-04-21T09:09:28.913+0000] {processor.py:161} INFO - Started process (PID=26587) to work on /home/airflow/.local/lib/python3.8/site-packages/airflow/example_dags/example_sensors.py
[2026-04-21T09:09:28.914+0000] {processor.py:830} INFO - Processing file /home/airflow/.local/lib/python3.8/site-packages/airflow/example_dags/example_sensors.py for tasks to queue
[2026-04-21T09:09:28.914+0000] {logging_mixin.py:188} INFO - [2026-04-21T09:09:28.914+0000] {dagbag.py:538} INFO - Filling up the DagBag from /home/airflow/.local/lib/python3.8/site-packages/airflow/example_dags/example_sensors.py
[2026-04-21T09:09:28.920+0000] {processor.py:840} INFO - DAG(s) 'example_sensors' retrieved from /home/airflow/.local/lib/python3.8/site-packages/airflow/example_dags/example_sensors.py
[2026-04-21T09:09:28.936+0000] {logging_mixin.py:188} INFO - [2026-04-21T09:09:28.936+0000] {dag.py:3036} INFO - Sync 1 DAGs
[2026-04-21T09:09:28.944+0000] {logging_mixin.py:188} INFO - [2026-04-21T09:09:28.944+0000] {dag.py:3823} INFO - Setting next_dagrun for example_sensors to None, run_after=None
[2026-04-21T09:09:28.954+0000] {processor.py:183} INFO - Processing /home/airflow/.local/lib/python3.8/site-packages/airflow/example_dags/example_sensors.py took 0.043 seconds
[2026-04-21T09:09:59.007+0000] {processor.py:161} INFO - Started process (PID=26642) to work on /home/airflow/.local/lib/python3.8/site-packages/airflow/example_dags/example_sensors.py
[2026-04-21T09:09:59.007+0000] {processor.py:830} INFO - Processing file /home/airflow/.local/lib/python3.8/site-packages/airflow/example_dags/example_sensors.py for tasks to queue
[2026-04-21T09:09:59.008+0000] {logging_mixin.py:188} INFO - [2026-04-21T09:09:59.008+0000] {dagbag.py:538} INFO - Filling up the DagBag from /home/airflow/.local/lib/python3.8/site-packages/airflow/example_dags/example_sensors.py
[2026-04-21T09:09:59.014+0000] {processor.py:840} INFO - DAG(s) 'example_sensors' retrieved from /home/airflow/.local/lib/python3.8/site-packages/airflow/example_dags/example_sensors.py
[2026-04-21T09:09:59.029+0000] {logging_mixin.py:188} INFO - [2026-04-21T09:09:59.029+0000] {dag.py:3036} INFO - Sync 1 DAGs
[2026-04-21T09:09:59.037+0000] {logging_mixin.py:188} INFO - [2026-04-21T09:09:59.037+0000] {dag.py:3823} INFO - Setting next_dagrun for example_sensors to None, run_after=None
[2026-04-21T09:09:59.047+0000] {processor.py:183} INFO - Processing /home/airflow/.local/lib/python3.8/site-packages/airflow/example_dags/example_sensors.py took 0.042 seconds
[2026-04-21T09:10:29.739+0000] {processor.py:161} INFO - Started process (PID=26697) to work on /home/airflow/.local/lib/python3.8/site-packages/airflow/example_dags/example_sensors.py
[2026-04-21T09:10:29.740+0000] {processor.py:830} INFO - Processing file /home/airflow/.local/lib/python3.8/site-packages/airflow/example_dags/example_sensors.py for tasks to queue
[2026-04-21T09:10:29.740+0000] {logging_mixin.py:188} INFO - [2026-04-21T09:10:29.740+0000] {dagbag.py:538} INFO - Filling up the DagBag from /home/airflow/.local/lib/python3.8/site-packages/airflow/example_dags/example_sensors.py
[2026-04-21T09:10:29.747+0000] {processor.py:840} INFO - DAG(s) 'example_sensors' retrieved from /home/airflow/.local/lib/python3.8/site-packages/airflow/example_dags/example_sensors.py
[2026-04-21T09:10:29.765+0000] {logging_mixin.py:188} INFO - [2026-04-21T09:10:29.765+0000] {dag.py:3036} INFO - Sync 1 DAGs
[2026-04-21T09:10:29.775+0000] {logging_mixin.py:188} INFO - [2026-04-21T09:10:29.775+0000] {dag.py:3823} INFO - Setting next_dagrun for example_sensors to None, run_after=None
[2026-04-21T09:10:29.785+0000] {processor.py:183} INFO - Processing /home/airflow/.local/lib/python3.8/site-packages/airflow/example_dags/example_sensors.py took 0.049 seconds
[2026-04-21T09:11:00.451+0000] {processor.py:161} INFO - Started process (PID=26752) to work on /home/airflow/.local/lib/python3.8/site-packages/airflow/example_dags/example_sensors.py
[2026-04-21T09:11:00.452+0000] {processor.py:830} INFO - Processing file /home/airflow/.local/lib/python3.8/site-packages/airflow/example_dags/example_sensors.py for tasks to queue
[2026-04-21T09:11:00.452+0000] {logging_mixin.py:188} INFO - [2026-04-21T09:11:00.452+0000] {dagbag.py:538} INFO - Filling up the DagBag from /home/airflow/.local/lib/python3.8/site-packages/airflow/example_dags/example_sensors.py
[2026-04-21T09:11:00.458+0000] {processor.py:840} INFO - DAG(s) 'example_sensors' retrieved from /home/airflow/.local/lib/python3.8/site-packages/airflow/example_dags/example_sensors.py
[2026-04-21T09:11:00.475+0000] {logging_mixin.py:188} INFO - [2026-04-21T09:11:00.475+0000] {dag.py:3036} INFO - Sync 1 DAGs
[2026-04-21T09:11:00.484+0000] {logging_mixin.py:188} INFO - [2026-04-21T09:11:00.484+0000] {dag.py:3823} INFO - Setting next_dagrun for example_sensors to None, run_after=None
[2026-04-21T09:11:00.494+0000] {processor.py:183} INFO - Processing /home/airflow/.local/lib/python3.8/site-packages/airflow/example_dags/example_sensors.py took 0.045 seconds
[2026-04-21T09:11:31.188+0000] {processor.py:161} INFO - Started process (PID=26807) to work on /home/airflow/.local/lib/python3.8/site-packages/airflow/example_dags/example_sensors.py
[2026-04-21T09:11:31.189+0000] {processor.py:830} INFO - Processing file /home/airflow/.local/lib/python3.8/site-packages/airflow/example_dags/example_sensors.py for tasks to queue
[2026-04-21T09:11:31.190+0000] {logging_mixin.py:188} INFO - [2026-04-21T09:11:31.189+0000] {dagbag.py:538} INFO - Filling up the DagBag from /home/airflow/.local/lib/python3.8/site-packages/airflow/example_dags/example_sensors.py
[2026-04-21T09:11:31.196+0000] {processor.py:840} INFO - DAG(s) 'example_sensors' retrieved from /home/airflow/.local/lib/python3.8/site-packages/airflow/example_dags/example_sensors.py
[2026-04-21T09:11:31.212+0000] {logging_mixin.py:188} INFO - [2026-04-21T09:11:31.212+0000] {dag.py:3036} INFO - Sync 1 DAGs
[2026-04-21T09:11:31.221+0000] {logging_mixin.py:188} INFO - [2026-04-21T09:11:31.220+0000] {dag.py:3823} INFO - Setting next_dagrun for example_sensors to None, run_after=None
[2026-04-21T09:11:31.230+0000] {processor.py:183} INFO - Processing /home/airflow/.local/lib/python3.8/site-packages/airflow/example_dags/example_sensors.py took 0.044 seconds
[2026-04-21T09:12:02.049+0000] {processor.py:161} INFO - Started process (PID=26862) to work on /home/airflow/.local/lib/python3.8/site-packages/airflow/example_dags/example_sensors.py
[2026-04-21T09:12:02.050+0000] {processor.py:830} INFO - Processing file /home/airflow/.local/lib/python3.8/site-packages/airflow/example_dags/example_sensors.py for tasks to queue
[2026-04-21T09:12:02.050+0000] {logging_mixin.py:188} INFO - [2026-04-21T09:12:02.050+0000] {dagbag.py:538} INFO - Filling up the DagBag from /home/airflow/.local/lib/python3.8/site-packages/airflow/example_dags/example_sensors.py
[2026-04-21T09:12:02.057+0000] {processor.py:840} INFO - DAG(s) 'example_sensors' retrieved from /home/airflow/.local/lib/python3.8/site-packages/airflow/example_dags/example_sensors.py
[2026-04-21T09:12:02.073+0000] {logging_mixin.py:188} INFO - [2026-04-21T09:12:02.073+0000] {dag.py:3036} INFO - Sync 1 DAGs
[2026-04-21T09:12:02.083+0000] {logging_mixin.py:188} INFO - [2026-04-21T09:12:02.082+0000] {dag.py:3823} INFO - Setting next_dagrun for example_sensors to None, run_after=None
[2026-04-21T09:12:02.095+0000] {processor.py:183} INFO - Processing /home/airflow/.local/lib/python3.8/site-packages/airflow/example_dags/example_sensors.py took 0.048 seconds
[2026-04-21T09:12:32.762+0000] {processor.py:161} INFO - Started process (PID=26917) to work on /home/airflow/.local/lib/python3.8/site-packages/airflow/example_dags/example_sensors.py
[2026-04-21T09:12:32.762+0000] {processor.py:830} INFO - Processing file /home/airflow/.local/lib/python3.8/site-packages/airflow/example_dags/example_sensors.py for tasks to queue
[2026-04-21T09:12:32.763+0000] {logging_mixin.py:188} INFO - [2026-04-21T09:12:32.763+0000] {dagbag.py:538} INFO - Filling up the DagBag from /home/airflow/.local/lib/python3.8/site-packages/airflow/example_dags/example_sensors.py
[2026-04-21T09:12:32.770+0000] {processor.py:840} INFO - DAG(s) 'example_sensors' retrieved from /home/airflow/.local/lib/python3.8/site-packages/airflow/example_dags/example_sensors.py
[2026-04-21T09:12:32.791+0000] {logging_mixin.py:188} INFO - [2026-04-21T09:12:32.791+0000] {dag.py:3036} INFO - Sync 1 DAGs
[2026-04-21T09:12:32.803+0000] {logging_mixin.py:188} INFO - [2026-04-21T09:12:32.802+0000] {dag.py:3823} INFO - Setting next_dagrun for example_sensors to None, run_after=None
[2026-04-21T09:12:32.821+0000] {processor.py:183} INFO - Processing /home/airflow/.local/lib/python3.8/site-packages/airflow/example_dags/example_sensors.py took 0.062 seconds
[2026-04-21T09:13:03.479+0000] {processor.py:161} INFO - Started process (PID=26972) to work on /home/airflow/.local/lib/python3.8/site-packages/airflow/example_dags/example_sensors.py
[2026-04-21T09:13:03.480+0000] {processor.py:830} INFO - Processing file /home/airflow/.local/lib/python3.8/site-packages/airflow/example_dags/example_sensors.py for tasks to queue
[2026-04-21T09:13:03.480+0000] {logging_mixin.py:188} INFO - [2026-04-21T09:13:03.480+0000] {dagbag.py:538} INFO - Filling up the DagBag from /home/airflow/.local/lib/python3.8/site-packages/airflow/example_dags/example_sensors.py
[2026-04-21T09:13:03.486+0000] {processor.py:840} INFO - DAG(s) 'example_sensors' retrieved from /home/airflow/.local/lib/python3.8/site-packages/airflow/example_dags/example_sensors.py
[2026-04-21T09:13:03.502+0000] {logging_mixin.py:188} INFO - [2026-04-21T09:13:03.502+0000] {dag.py:3036} INFO - Sync 1 DAGs
[2026-04-21T09:13:03.510+0000] {logging_mixin.py:188} INFO - [2026-04-21T09:13:03.510+0000] {dag.py:3823} INFO - Setting next_dagrun for example_sensors to None, run_after=None
[2026-04-21T09:13:03.519+0000] {processor.py:183} INFO - Processing /home/airflow/.local/lib/python3.8/site-packages/airflow/example_dags/example_sensors.py took 0.042 seconds
[2026-04-21T09:13:34.140+0000] {processor.py:161} INFO - Started process (PID=27027) to work on /home/airflow/.local/lib/python3.8/site-packages/airflow/example_dags/example_sensors.py
[2026-04-21T09:13:34.141+0000] {processor.py:830} INFO - Processing file /home/airflow/.local/lib/python3.8/site-packages/airflow/example_dags/example_sensors.py for tasks to queue
[2026-04-21T09:13:34.141+0000] {logging_mixin.py:188} INFO - [2026-04-21T09:13:34.141+0000] {dagbag.py:538} INFO - Filling up the DagBag from /home/airflow/.local/lib/python3.8/site-packages/airflow/example_dags/example_sensors.py
[2026-04-21T09:13:34.147+0000] {processor.py:840} INFO - DAG(s) 'example_sensors' retrieved from /home/airflow/.local/lib/python3.8/site-packages/airflow/example_dags/example_sensors.py
[2026-04-21T09:13:34.163+0000] {logging_mixin.py:188} INFO - [2026-04-21T09:13:34.163+0000] {dag.py:3036} INFO - Sync 1 DAGs
[2026-04-21T09:13:34.171+0000] {logging_mixin.py:188} INFO - [2026-04-21T09:13:34.171+0000] {dag.py:3823} INFO - Setting next_dagrun for example_sensors to None, run_after=None
[2026-04-21T09:13:34.180+0000] {processor.py:183} INFO - Processing /home/airflow/.local/lib/python3.8/site-packages/airflow/example_dags/example_sensors.py took 0.043 seconds
[2026-04-21T09:14:04.791+0000] {processor.py:161} INFO - Started process (PID=27082) to work on /home/airflow/.local/lib/python3.8/site-packages/airflow/example_dags/example_sensors.py
[2026-04-21T09:14:04.792+0000] {processor.py:830} INFO - Processing file /home/airflow/.local/lib/python3.8/site-packages/airflow/example_dags/example_sensors.py for tasks to queue
[2026-04-21T09:14:04.793+0000] {logging_mixin.py:188} INFO - [2026-04-21T09:14:04.792+0000] {dagbag.py:538} INFO - Filling up the DagBag from /home/airflow/.local/lib/python3.8/site-packages/airflow/example_dags/example_sensors.py
[2026-04-21T09:14:04.799+0000] {processor.py:840} INFO - DAG(s) 'example_sensors' retrieved from /home/airflow/.local/lib/python3.8/site-packages/airflow/example_dags/example_sensors.py
[2026-04-21T09:14:04.814+0000] {logging_mixin.py:188} INFO - [2026-04-21T09:14:04.814+0000] {dag.py:3036} INFO - Sync 1 DAGs
[2026-04-21T09:14:04.822+0000] {logging_mixin.py:188} INFO - [2026-04-21T09:14:04.822+0000] {dag.py:3823} INFO - Setting next_dagrun for example_sensors to None, run_after=None
[2026-04-21T09:14:04.832+0000] {processor.py:183} INFO - Processing /home/airflow/.local/lib/python3.8/site-packages/airflow/example_dags/example_sensors.py took 0.043 seconds
[2026-04-21T09:14:35.429+0000] {processor.py:161} INFO - Started process (PID=27137) to work on /home/airflow/.local/lib/python3.8/site-packages/airflow/example_dags/example_sensors.py
[2026-04-21T09:14:35.430+0000] {processor.py:830} INFO - Processing file /home/airflow/.local/lib/python3.8/site-packages/airflow/example_dags/example_sensors.py for tasks to queue
[2026-04-21T09:14:35.430+0000] {logging_mixin.py:188} INFO - [2026-04-21T09:14:35.430+0000] {dagbag.py:538} INFO - Filling up the DagBag from /home/airflow/.local/lib/python3.8/site-packages/airflow/example_dags/example_sensors.py
[2026-04-21T09:14:35.436+0000] {processor.py:840} INFO - DAG(s) 'example_sensors' retrieved from /home/airflow/.local/lib/python3.8/site-packages/airflow/example_dags/example_sensors.py
[2026-04-21T09:14:35.452+0000] {logging_mixin.py:188} INFO - [2026-04-21T09:14:35.451+0000] {dag.py:3036} INFO - Sync 1 DAGs
[2026-04-21T09:14:35.460+0000] {logging_mixin.py:188} INFO - [2026-04-21T09:14:35.459+0000] {dag.py:3823} INFO - Setting next_dagrun for example_sensors to None, run_after=None
[2026-04-21T09:14:35.470+0000] {processor.py:183} INFO - Processing /home/airflow/.local/lib/python3.8/site-packages/airflow/example_dags/example_sensors.py took 0.043 seconds
[2026-04-21T09:15:06.094+0000] {processor.py:161} INFO - Started process (PID=27192) to work on /home/airflow/.local/lib/python3.8/site-packages/airflow/example_dags/example_sensors.py
[2026-04-21T09:15:06.094+0000] {processor.py:830} INFO - Processing file /home/airflow/.local/lib/python3.8/site-packages/airflow/example_dags/example_sensors.py for tasks to queue
[2026-04-21T09:15:06.095+0000] {logging_mixin.py:188} INFO - [2026-04-21T09:15:06.095+0000] {dagbag.py:538} INFO - Filling up the DagBag from /home/airflow/.local/lib/python3.8/site-packages/airflow/example_dags/example_sensors.py
[2026-04-21T09:15:06.101+0000] {processor.py:840} INFO - DAG(s) 'example_sensors' retrieved from /home/airflow/.local/lib/python3.8/site-packages/airflow/example_dags/example_sensors.py
[2026-04-21T09:15:06.117+0000] {logging_mixin.py:188} INFO - [2026-04-21T09:15:06.117+0000] {dag.py:3036} INFO - Sync 1 DAGs
[2026-04-21T09:15:06.125+0000] {logging_mixin.py:188} INFO - [2026-04-21T09:15:06.125+0000] {dag.py:3823} INFO - Setting next_dagrun for example_sensors to None, run_after=None
[2026-04-21T09:15:06.134+0000] {processor.py:183} INFO - Processing /home/airflow/.local/lib/python3.8/site-packages/airflow/example_dags/example_sensors.py took 0.042 seconds
[2026-04-21T09:15:36.185+0000] {processor.py:161} INFO - Started process (PID=27247) to work on /home/airflow/.local/lib/python3.8/site-packages/airflow/example_dags/example_sensors.py
[2026-04-21T09:15:36.186+0000] {processor.py:830} INFO - Processing file /home/airflow/.local/lib/python3.8/site-packages/airflow/example_dags/example_sensors.py for tasks to queue
[2026-04-21T09:15:36.186+0000] {logging_mixin.py:188} INFO - [2026-04-21T09:15:36.186+0000] {dagbag.py:538} INFO - Filling up the DagBag from /home/airflow/.local/lib/python3.8/site-packages/airflow/example_dags/example_sensors.py
[2026-04-21T09:15:36.193+0000] {processor.py:840} INFO - DAG(s) 'example_sensors' retrieved from /home/airflow/.local/lib/python3.8/site-packages/airflow/example_dags/example_sensors.py
[2026-04-21T09:15:36.210+0000] {logging_mixin.py:188} INFO - [2026-04-21T09:15:36.210+0000] {dag.py:3036} INFO - Sync 1 DAGs
[2026-04-21T09:15:36.218+0000] {logging_mixin.py:188} INFO - [2026-04-21T09:15:36.217+0000] {dag.py:3823} INFO - Setting next_dagrun for example_sensors to None, run_after=None
[2026-04-21T09:15:36.227+0000] {processor.py:183} INFO - Processing /home/airflow/.local/lib/python3.8/site-packages/airflow/example_dags/example_sensors.py took 0.045 seconds
[2026-04-21T09:16:06.423+0000] {processor.py:161} INFO - Started process (PID=27302) to work on /home/airflow/.local/lib/python3.8/site-packages/airflow/example_dags/example_sensors.py
[2026-04-21T09:16:06.423+0000] {processor.py:830} INFO - Processing file /home/airflow/.local/lib/python3.8/site-packages/airflow/example_dags/example_sensors.py for tasks to queue
[2026-04-21T09:16:06.424+0000] {logging_mixin.py:188} INFO - [2026-04-21T09:16:06.424+0000] {dagbag.py:538} INFO - Filling up the DagBag from /home/airflow/.local/lib/python3.8/site-packages/airflow/example_dags/example_sensors.py
[2026-04-21T09:16:06.431+0000] {processor.py:840} INFO - DAG(s) 'example_sensors' retrieved from /home/airflow/.local/lib/python3.8/site-packages/airflow/example_dags/example_sensors.py
[2026-04-21T09:16:06.449+0000] {logging_mixin.py:188} INFO - [2026-04-21T09:16:06.449+0000] {dag.py:3036} INFO - Sync 1 DAGs
[2026-04-21T09:16:06.457+0000] {logging_mixin.py:188} INFO - [2026-04-21T09:16:06.457+0000] {dag.py:3823} INFO - Setting next_dagrun for example_sensors to None, run_after=None
[2026-04-21T09:16:06.467+0000] {processor.py:183} INFO - Processing /home/airflow/.local/lib/python3.8/site-packages/airflow/example_dags/example_sensors.py took 0.047 seconds
[2026-04-21T09:16:37.191+0000] {processor.py:161} INFO - Started process (PID=27355) to work on /home/airflow/.local/lib/python3.8/site-packages/airflow/example_dags/example_sensors.py
[2026-04-21T09:16:37.192+0000] {processor.py:830} INFO - Processing file /home/airflow/.local/lib/python3.8/site-packages/airflow/example_dags/example_sensors.py for tasks to queue
[2026-04-21T09:16:37.192+0000] {logging_mixin.py:188} INFO - [2026-04-21T09:16:37.192+0000] {dagbag.py:538} INFO - Filling up the DagBag from /home/airflow/.local/lib/python3.8/site-packages/airflow/example_dags/example_sensors.py
[2026-04-21T09:16:37.199+0000] {processor.py:840} INFO - DAG(s) 'example_sensors' retrieved from /home/airflow/.local/lib/python3.8/site-packages/airflow/example_dags/example_sensors.py
[2026-04-21T09:16:37.216+0000] {logging_mixin.py:188} INFO - [2026-04-21T09:16:37.216+0000] {dag.py:3036} INFO - Sync 1 DAGs
[2026-04-21T09:16:37.224+0000] {logging_mixin.py:188} INFO - [2026-04-21T09:16:37.224+0000] {dag.py:3823} INFO - Setting next_dagrun for example_sensors to None, run_after=None
[2026-04-21T09:16:37.234+0000] {processor.py:183} INFO - Processing /home/airflow/.local/lib/python3.8/site-packages/airflow/example_dags/example_sensors.py took 0.045 seconds
[2026-04-21T09:17:07.491+0000] {processor.py:161} INFO - Started process (PID=27410) to work on /home/airflow/.local/lib/python3.8/site-packages/airflow/example_dags/example_sensors.py
[2026-04-21T09:17:07.492+0000] {processor.py:830} INFO - Processing file /home/airflow/.local/lib/python3.8/site-packages/airflow/example_dags/example_sensors.py for tasks to queue
[2026-04-21T09:17:07.493+0000] {logging_mixin.py:188} INFO - [2026-04-21T09:17:07.492+0000] {dagbag.py:538} INFO - Filling up the DagBag from /home/airflow/.local/lib/python3.8/site-packages/airflow/example_dags/example_sensors.py
[2026-04-21T09:17:07.499+0000] {processor.py:840} INFO - DAG(s) 'example_sensors' retrieved from /home/airflow/.local/lib/python3.8/site-packages/airflow/example_dags/example_sensors.py
[2026-04-21T09:17:07.517+0000] {logging_mixin.py:188} INFO - [2026-04-21T09:17:07.517+0000] {dag.py:3036} INFO - Sync 1 DAGs
[2026-04-21T09:17:07.525+0000] {logging_mixin.py:188} INFO - [2026-04-21T09:17:07.525+0000] {dag.py:3823} INFO - Setting next_dagrun for example_sensors to None, run_after=None
[2026-04-21T09:17:07.536+0000] {processor.py:183} INFO - Processing /home/airflow/.local/lib/python3.8/site-packages/airflow/example_dags/example_sensors.py took 0.047 seconds
[2026-04-21T09:17:38.246+0000] {processor.py:161} INFO - Started process (PID=27465) to work on /home/airflow/.local/lib/python3.8/site-packages/airflow/example_dags/example_sensors.py
[2026-04-21T09:17:38.247+0000] {processor.py:830} INFO - Processing file /home/airflow/.local/lib/python3.8/site-packages/airflow/example_dags/example_sensors.py for tasks to queue
[2026-04-21T09:17:38.248+0000] {logging_mixin.py:188} INFO - [2026-04-21T09:17:38.248+0000] {dagbag.py:538} INFO - Filling up the DagBag from /home/airflow/.local/lib/python3.8/site-packages/airflow/example_dags/example_sensors.py
[2026-04-21T09:17:38.256+0000] {processor.py:840} INFO - DAG(s) 'example_sensors' retrieved from /home/airflow/.local/lib/python3.8/site-packages/airflow/example_dags/example_sensors.py
[2026-04-21T09:17:38.275+0000] {logging_mixin.py:188} INFO - [2026-04-21T09:17:38.275+0000] {dag.py:3036} INFO - Sync 1 DAGs
[2026-04-21T09:17:38.285+0000] {logging_mixin.py:188} INFO - [2026-04-21T09:17:38.284+0000] {dag.py:3823} INFO - Setting next_dagrun for example_sensors to None, run_after=None
[2026-04-21T09:17:38.296+0000] {processor.py:183} INFO - Processing /home/airflow/.local/lib/python3.8/site-packages/airflow/example_dags/example_sensors.py took 0.053 seconds
[2026-04-21T09:18:08.341+0000] {processor.py:161} INFO - Started process (PID=27520) to work on /home/airflow/.local/lib/python3.8/site-packages/airflow/example_dags/example_sensors.py
[2026-04-21T09:18:08.342+0000] {processor.py:830} INFO - Processing file /home/airflow/.local/lib/python3.8/site-packages/airflow/example_dags/example_sensors.py for tasks to queue
[2026-04-21T09:18:08.343+0000] {logging_mixin.py:188} INFO - [2026-04-21T09:18:08.342+0000] {dagbag.py:538} INFO - Filling up the DagBag from /home/airflow/.local/lib/python3.8/site-packages/airflow/example_dags/example_sensors.py
[2026-04-21T09:18:08.349+0000] {processor.py:840} INFO - DAG(s) 'example_sensors' retrieved from /home/airflow/.local/lib/python3.8/site-packages/airflow/example_dags/example_sensors.py
[2026-04-21T09:18:08.366+0000] {logging_mixin.py:188} INFO - [2026-04-21T09:18:08.366+0000] {dag.py:3036} INFO - Sync 1 DAGs
[2026-04-21T09:18:08.374+0000] {logging_mixin.py:188} INFO - [2026-04-21T09:18:08.374+0000] {dag.py:3823} INFO - Setting next_dagrun for example_sensors to None, run_after=None
[2026-04-21T09:18:08.384+0000] {processor.py:183} INFO - Processing /home/airflow/.local/lib/python3.8/site-packages/airflow/example_dags/example_sensors.py took 0.045 seconds
[2026-04-21T09:18:38.512+0000] {processor.py:161} INFO - Started process (PID=27575) to work on /home/airflow/.local/lib/python3.8/site-packages/airflow/example_dags/example_sensors.py
[2026-04-21T09:18:38.512+0000] {processor.py:830} INFO - Processing file /home/airflow/.local/lib/python3.8/site-packages/airflow/example_dags/example_sensors.py for tasks to queue
[2026-04-21T09:18:38.513+0000] {logging_mixin.py:188} INFO - [2026-04-21T09:18:38.513+0000] {dagbag.py:538} INFO - Filling up the DagBag from /home/airflow/.local/lib/python3.8/site-packages/airflow/example_dags/example_sensors.py
[2026-04-21T09:18:38.519+0000] {processor.py:840} INFO - DAG(s) 'example_sensors' retrieved from /home/airflow/.local/lib/python3.8/site-packages/airflow/example_dags/example_sensors.py
[2026-04-21T09:18:38.535+0000] {logging_mixin.py:188} INFO - [2026-04-21T09:18:38.535+0000] {dag.py:3036} INFO - Sync 1 DAGs
[2026-04-21T09:18:38.543+0000] {logging_mixin.py:188} INFO - [2026-04-21T09:18:38.542+0000] {dag.py:3823} INFO - Setting next_dagrun for example_sensors to None, run_after=None
[2026-04-21T09:18:38.552+0000] {processor.py:183} INFO - Processing /home/airflow/.local/lib/python3.8/site-packages/airflow/example_dags/example_sensors.py took 0.042 seconds
[2026-04-21T09:19:09.366+0000] {processor.py:161} INFO - Started process (PID=27630) to work on /home/airflow/.local/lib/python3.8/site-packages/airflow/example_dags/example_sensors.py
[2026-04-21T09:19:09.367+0000] {processor.py:830} INFO - Processing file /home/airflow/.local/lib/python3.8/site-packages/airflow/example_dags/example_sensors.py for tasks to queue
[2026-04-21T09:19:09.368+0000] {logging_mixin.py:188} INFO - [2026-04-21T09:19:09.367+0000] {dagbag.py:538} INFO - Filling up the DagBag from /home/airflow/.local/lib/python3.8/site-packages/airflow/example_dags/example_sensors.py
[2026-04-21T09:19:09.375+0000] {processor.py:840} INFO - DAG(s) 'example_sensors' retrieved from /home/airflow/.local/lib/python3.8/site-packages/airflow/example_dags/example_sensors.py
[2026-04-21T09:19:09.393+0000] {logging_mixin.py:188} INFO - [2026-04-21T09:19:09.393+0000] {dag.py:3036} INFO - Sync 1 DAGs
[2026-04-21T09:19:09.402+0000] {logging_mixin.py:188} INFO - [2026-04-21T09:19:09.402+0000] {dag.py:3823} INFO - Setting next_dagrun for example_sensors to None, run_after=None
[2026-04-21T09:19:09.413+0000] {processor.py:183} INFO - Processing /home/airflow/.local/lib/python3.8/site-packages/airflow/example_dags/example_sensors.py took 0.049 seconds
[2026-04-21T09:19:40.106+0000] {processor.py:161} INFO - Started process (PID=27685) to work on /home/airflow/.local/lib/python3.8/site-packages/airflow/example_dags/example_sensors.py
[2026-04-21T09:19:40.107+0000] {processor.py:830} INFO - Processing file /home/airflow/.local/lib/python3.8/site-packages/airflow/example_dags/example_sensors.py for tasks to queue
[2026-04-21T09:19:40.107+0000] {logging_mixin.py:188} INFO - [2026-04-21T09:19:40.107+0000] {dagbag.py:538} INFO - Filling up the DagBag from /home/airflow/.local/lib/python3.8/site-packages/airflow/example_dags/example_sensors.py
[2026-04-21T09:19:40.114+0000] {processor.py:840} INFO - DAG(s) 'example_sensors' retrieved from /home/airflow/.local/lib/python3.8/site-packages/airflow/example_dags/example_sensors.py
[2026-04-21T09:19:40.132+0000] {logging_mixin.py:188} INFO - [2026-04-21T09:19:40.132+0000] {dag.py:3036} INFO - Sync 1 DAGs
[2026-04-21T09:19:40.140+0000] {logging_mixin.py:188} INFO - [2026-04-21T09:19:40.140+0000] {dag.py:3823} INFO - Setting next_dagrun for example_sensors to None, run_after=None
[2026-04-21T09:19:40.154+0000] {processor.py:183} INFO - Processing /home/airflow/.local/lib/python3.8/site-packages/airflow/example_dags/example_sensors.py took 0.050 seconds
[2026-04-21T09:20:10.261+0000] {processor.py:161} INFO - Started process (PID=27740) to work on /home/airflow/.local/lib/python3.8/site-packages/airflow/example_dags/example_sensors.py
[2026-04-21T09:20:10.262+0000] {processor.py:830} INFO - Processing file /home/airflow/.local/lib/python3.8/site-packages/airflow/example_dags/example_sensors.py for tasks to queue
[2026-04-21T09:20:10.262+0000] {logging_mixin.py:188} INFO - [2026-04-21T09:20:10.262+0000] {dagbag.py:538} INFO - Filling up the DagBag from /home/airflow/.local/lib/python3.8/site-packages/airflow/example_dags/example_sensors.py
[2026-04-21T09:20:10.270+0000] {processor.py:840} INFO - DAG(s) 'example_sensors' retrieved from /home/airflow/.local/lib/python3.8/site-packages/airflow/example_dags/example_sensors.py
[2026-04-21T09:20:10.287+0000] {logging_mixin.py:188} INFO - [2026-04-21T09:20:10.287+0000] {dag.py:3036} INFO - Sync 1 DAGs
[2026-04-21T09:20:10.296+0000] {logging_mixin.py:188} INFO - [2026-04-21T09:20:10.295+0000] {dag.py:3823} INFO - Setting next_dagrun for example_sensors to None, run_after=None
[2026-04-21T09:20:10.306+0000] {processor.py:183} INFO - Processing /home/airflow/.local/lib/python3.8/site-packages/airflow/example_dags/example_sensors.py took 0.048 seconds
[2026-04-21T09:20:41.045+0000] {processor.py:161} INFO - Started process (PID=27795) to work on /home/airflow/.local/lib/python3.8/site-packages/airflow/example_dags/example_sensors.py
[2026-04-21T09:20:41.045+0000] {processor.py:830} INFO - Processing file /home/airflow/.local/lib/python3.8/site-packages/airflow/example_dags/example_sensors.py for tasks to queue
[2026-04-21T09:20:41.046+0000] {logging_mixin.py:188} INFO - [2026-04-21T09:20:41.046+0000] {dagbag.py:538} INFO - Filling up the DagBag from /home/airflow/.local/lib/python3.8/site-packages/airflow/example_dags/example_sensors.py
[2026-04-21T09:20:41.053+0000] {processor.py:840} INFO - DAG(s) 'example_sensors' retrieved from /home/airflow/.local/lib/python3.8/site-packages/airflow/example_dags/example_sensors.py
[2026-04-21T09:20:41.071+0000] {logging_mixin.py:188} INFO - [2026-04-21T09:20:41.070+0000] {dag.py:3036} INFO - Sync 1 DAGs
[2026-04-21T09:20:41.079+0000] {logging_mixin.py:188} INFO - [2026-04-21T09:20:41.079+0000] {dag.py:3823} INFO - Setting next_dagrun for example_sensors to None, run_after=None
[2026-04-21T09:20:41.089+0000] {processor.py:183} INFO - Processing /home/airflow/.local/lib/python3.8/site-packages/airflow/example_dags/example_sensors.py took 0.047 seconds
[2026-04-21T09:21:11.615+0000] {processor.py:161} INFO - Started process (PID=27850) to work on /home/airflow/.local/lib/python3.8/site-packages/airflow/example_dags/example_sensors.py
[2026-04-21T09:21:11.616+0000] {processor.py:830} INFO - Processing file /home/airflow/.local/lib/python3.8/site-packages/airflow/example_dags/example_sensors.py for tasks to queue
[2026-04-21T09:21:11.616+0000] {logging_mixin.py:188} INFO - [2026-04-21T09:21:11.616+0000] {dagbag.py:538} INFO - Filling up the DagBag from /home/airflow/.local/lib/python3.8/site-packages/airflow/example_dags/example_sensors.py
[2026-04-21T09:21:11.622+0000] {processor.py:840} INFO - DAG(s) 'example_sensors' retrieved from /home/airflow/.local/lib/python3.8/site-packages/airflow/example_dags/example_sensors.py
[2026-04-21T09:21:11.639+0000] {logging_mixin.py:188} INFO - [2026-04-21T09:21:11.639+0000] {dag.py:3036} INFO - Sync 1 DAGs
[2026-04-21T09:21:11.647+0000] {logging_mixin.py:188} INFO - [2026-04-21T09:21:11.647+0000] {dag.py:3823} INFO - Setting next_dagrun for example_sensors to None, run_after=None
[2026-04-21T09:21:11.659+0000] {processor.py:183} INFO - Processing /home/airflow/.local/lib/python3.8/site-packages/airflow/example_dags/example_sensors.py took 0.046 seconds
[2026-04-21T09:21:42.486+0000] {processor.py:161} INFO - Started process (PID=27905) to work on /home/airflow/.local/lib/python3.8/site-packages/airflow/example_dags/example_sensors.py
[2026-04-21T09:21:42.487+0000] {processor.py:830} INFO - Processing file /home/airflow/.local/lib/python3.8/site-packages/airflow/example_dags/example_sensors.py for tasks to queue
[2026-04-21T09:21:42.488+0000] {logging_mixin.py:188} INFO - [2026-04-21T09:21:42.487+0000] {dagbag.py:538} INFO - Filling up the DagBag from /home/airflow/.local/lib/python3.8/site-packages/airflow/example_dags/example_sensors.py
[2026-04-21T09:21:42.494+0000] {processor.py:840} INFO - DAG(s) 'example_sensors' retrieved from /home/airflow/.local/lib/python3.8/site-packages/airflow/example_dags/example_sensors.py
[2026-04-21T09:21:42.512+0000] {logging_mixin.py:188} INFO - [2026-04-21T09:21:42.512+0000] {dag.py:3036} INFO - Sync 1 DAGs
[2026-04-21T09:21:42.521+0000] {logging_mixin.py:188} INFO - [2026-04-21T09:21:42.520+0000] {dag.py:3823} INFO - Setting next_dagrun for example_sensors to None, run_after=None
[2026-04-21T09:21:42.532+0000] {processor.py:183} INFO - Processing /home/airflow/.local/lib/python3.8/site-packages/airflow/example_dags/example_sensors.py took 0.047 seconds
[2026-04-21T09:22:13.280+0000] {processor.py:161} INFO - Started process (PID=27960) to work on /home/airflow/.local/lib/python3.8/site-packages/airflow/example_dags/example_sensors.py
[2026-04-21T09:22:13.280+0000] {processor.py:830} INFO - Processing file /home/airflow/.local/lib/python3.8/site-packages/airflow/example_dags/example_sensors.py for tasks to queue
[2026-04-21T09:22:13.281+0000] {logging_mixin.py:188} INFO - [2026-04-21T09:22:13.281+0000] {dagbag.py:538} INFO - Filling up the DagBag from /home/airflow/.local/lib/python3.8/site-packages/airflow/example_dags/example_sensors.py
[2026-04-21T09:22:13.287+0000] {processor.py:840} INFO - DAG(s) 'example_sensors' retrieved from /home/airflow/.local/lib/python3.8/site-packages/airflow/example_dags/example_sensors.py
[2026-04-21T09:22:13.305+0000] {logging_mixin.py:188} INFO - [2026-04-21T09:22:13.304+0000] {dag.py:3036} INFO - Sync 1 DAGs
[2026-04-21T09:22:13.313+0000] {logging_mixin.py:188} INFO - [2026-04-21T09:22:13.313+0000] {dag.py:3823} INFO - Setting next_dagrun for example_sensors to None, run_after=None
[2026-04-21T09:22:13.328+0000] {processor.py:183} INFO - Processing /home/airflow/.local/lib/python3.8/site-packages/airflow/example_dags/example_sensors.py took 0.051 seconds
[2026-04-21T09:22:43.403+0000] {processor.py:161} INFO - Started process (PID=28015) to work on /home/airflow/.local/lib/python3.8/site-packages/airflow/example_dags/example_sensors.py
[2026-04-21T09:22:43.404+0000] {processor.py:830} INFO - Processing file /home/airflow/.local/lib/python3.8/site-packages/airflow/example_dags/example_sensors.py for tasks to queue
[2026-04-21T09:22:43.404+0000] {logging_mixin.py:188} INFO - [2026-04-21T09:22:43.404+0000] {dagbag.py:538} INFO - Filling up the DagBag from /home/airflow/.local/lib/python3.8/site-packages/airflow/example_dags/example_sensors.py
[2026-04-21T09:22:43.411+0000] {processor.py:840} INFO - DAG(s) 'example_sensors' retrieved from /home/airflow/.local/lib/python3.8/site-packages/airflow/example_dags/example_sensors.py
[2026-04-21T09:22:43.427+0000] {logging_mixin.py:188} INFO - [2026-04-21T09:22:43.427+0000] {dag.py:3036} INFO - Sync 1 DAGs
[2026-04-21T09:22:43.435+0000] {logging_mixin.py:188} INFO - [2026-04-21T09:22:43.434+0000] {dag.py:3823} INFO - Setting next_dagrun for example_sensors to None, run_after=None
[2026-04-21T09:22:43.444+0000] {processor.py:183} INFO - Processing /home/airflow/.local/lib/python3.8/site-packages/airflow/example_dags/example_sensors.py took 0.043 seconds
[2026-04-21T09:23:14.171+0000] {processor.py:161} INFO - Started process (PID=28070) to work on /home/airflow/.local/lib/python3.8/site-packages/airflow/example_dags/example_sensors.py
[2026-04-21T09:23:14.172+0000] {processor.py:830} INFO - Processing file /home/airflow/.local/lib/python3.8/site-packages/airflow/example_dags/example_sensors.py for tasks to queue
[2026-04-21T09:23:14.173+0000] {logging_mixin.py:188} INFO - [2026-04-21T09:23:14.172+0000] {dagbag.py:538} INFO - Filling up the DagBag from /home/airflow/.local/lib/python3.8/site-packages/airflow/example_dags/example_sensors.py
[2026-04-21T09:23:14.179+0000] {processor.py:840} INFO - DAG(s) 'example_sensors' retrieved from /home/airflow/.local/lib/python3.8/site-packages/airflow/example_dags/example_sensors.py
[2026-04-21T09:23:14.196+0000] {logging_mixin.py:188} INFO - [2026-04-21T09:23:14.195+0000] {dag.py:3036} INFO - Sync 1 DAGs
[2026-04-21T09:23:14.203+0000] {logging_mixin.py:188} INFO - [2026-04-21T09:23:14.203+0000] {dag.py:3823} INFO - Setting next_dagrun for example_sensors to None, run_after=None
[2026-04-21T09:23:14.213+0000] {processor.py:183} INFO - Processing /home/airflow/.local/lib/python3.8/site-packages/airflow/example_dags/example_sensors.py took 0.044 seconds
[2026-04-21T09:23:45.792+0000] {processor.py:161} INFO - Started process (PID=28125) to work on /home/airflow/.local/lib/python3.8/site-packages/airflow/example_dags/example_sensors.py
[2026-04-21T09:23:45.793+0000] {processor.py:830} INFO - Processing file /home/airflow/.local/lib/python3.8/site-packages/airflow/example_dags/example_sensors.py for tasks to queue
[2026-04-21T09:23:45.794+0000] {logging_mixin.py:188} INFO - [2026-04-21T09:23:45.794+0000] {dagbag.py:538} INFO - Filling up the DagBag from /home/airflow/.local/lib/python3.8/site-packages/airflow/example_dags/example_sensors.py
[2026-04-21T09:23:45.803+0000] {processor.py:840} INFO - DAG(s) 'example_sensors' retrieved from /home/airflow/.local/lib/python3.8/site-packages/airflow/example_dags/example_sensors.py
[2026-04-21T09:23:45.822+0000] {logging_mixin.py:188} INFO - [2026-04-21T09:23:45.822+0000] {dag.py:3036} INFO - Sync 1 DAGs
[2026-04-21T09:23:45.832+0000] {logging_mixin.py:188} INFO - [2026-04-21T09:23:45.832+0000] {dag.py:3823} INFO - Setting next_dagrun for example_sensors to None, run_after=None
[2026-04-21T09:23:45.845+0000] {processor.py:183} INFO - Processing /home/airflow/.local/lib/python3.8/site-packages/airflow/example_dags/example_sensors.py took 0.055 seconds
[2026-04-21T09:24:16.014+0000] {processor.py:161} INFO - Started process (PID=28180) to work on /home/airflow/.local/lib/python3.8/site-packages/airflow/example_dags/example_sensors.py
[2026-04-21T09:24:16.015+0000] {processor.py:830} INFO - Processing file /home/airflow/.local/lib/python3.8/site-packages/airflow/example_dags/example_sensors.py for tasks to queue
[2026-04-21T09:24:16.015+0000] {logging_mixin.py:188} INFO - [2026-04-21T09:24:16.015+0000] {dagbag.py:538} INFO - Filling up the DagBag from /home/airflow/.local/lib/python3.8/site-packages/airflow/example_dags/example_sensors.py
[2026-04-21T09:24:16.023+0000] {processor.py:840} INFO - DAG(s) 'example_sensors' retrieved from /home/airflow/.local/lib/python3.8/site-packages/airflow/example_dags/example_sensors.py
[2026-04-21T09:24:16.043+0000] {logging_mixin.py:188} INFO - [2026-04-21T09:24:16.042+0000] {dag.py:3036} INFO - Sync 1 DAGs
[2026-04-21T09:24:16.053+0000] {logging_mixin.py:188} INFO - [2026-04-21T09:24:16.053+0000] {dag.py:3823} INFO - Setting next_dagrun for example_sensors to None, run_after=None
[2026-04-21T09:24:16.066+0000] {processor.py:183} INFO - Processing /home/airflow/.local/lib/python3.8/site-packages/airflow/example_dags/example_sensors.py took 0.055 seconds
[2026-04-21T09:24:46.175+0000] {processor.py:161} INFO - Started process (PID=28235) to work on /home/airflow/.local/lib/python3.8/site-packages/airflow/example_dags/example_sensors.py
[2026-04-21T09:24:46.176+0000] {processor.py:830} INFO - Processing file /home/airflow/.local/lib/python3.8/site-packages/airflow/example_dags/example_sensors.py for tasks to queue
[2026-04-21T09:24:46.177+0000] {logging_mixin.py:188} INFO - [2026-04-21T09:24:46.176+0000] {dagbag.py:538} INFO - Filling up the DagBag from /home/airflow/.local/lib/python3.8/site-packages/airflow/example_dags/example_sensors.py
[2026-04-21T09:24:46.183+0000] {processor.py:840} INFO - DAG(s) 'example_sensors' retrieved from /home/airflow/.local/lib/python3.8/site-packages/airflow/example_dags/example_sensors.py
[2026-04-21T09:24:46.202+0000] {logging_mixin.py:188} INFO - [2026-04-21T09:24:46.202+0000] {dag.py:3036} INFO - Sync 1 DAGs
[2026-04-21T09:24:46.210+0000] {logging_mixin.py:188} INFO - [2026-04-21T09:24:46.210+0000] {dag.py:3823} INFO - Setting next_dagrun for example_sensors to None, run_after=None
[2026-04-21T09:24:46.221+0000] {processor.py:183} INFO - Processing /home/airflow/.local/lib/python3.8/site-packages/airflow/example_dags/example_sensors.py took 0.048 seconds
[2026-04-21T09:25:16.317+0000] {processor.py:161} INFO - Started process (PID=28290) to work on /home/airflow/.local/lib/python3.8/site-packages/airflow/example_dags/example_sensors.py
[2026-04-21T09:25:16.318+0000] {processor.py:830} INFO - Processing file /home/airflow/.local/lib/python3.8/site-packages/airflow/example_dags/example_sensors.py for tasks to queue
[2026-04-21T09:25:16.318+0000] {logging_mixin.py:188} INFO - [2026-04-21T09:25:16.318+0000] {dagbag.py:538} INFO - Filling up the DagBag from /home/airflow/.local/lib/python3.8/site-packages/airflow/example_dags/example_sensors.py
[2026-04-21T09:25:16.326+0000] {processor.py:840} INFO - DAG(s) 'example_sensors' retrieved from /home/airflow/.local/lib/python3.8/site-packages/airflow/example_dags/example_sensors.py
[2026-04-21T09:25:16.345+0000] {logging_mixin.py:188} INFO - [2026-04-21T09:25:16.345+0000] {dag.py:3036} INFO - Sync 1 DAGs
[2026-04-21T09:25:16.356+0000] {logging_mixin.py:188} INFO - [2026-04-21T09:25:16.356+0000] {dag.py:3823} INFO - Setting next_dagrun for example_sensors to None, run_after=None
[2026-04-21T09:25:16.368+0000] {processor.py:183} INFO - Processing /home/airflow/.local/lib/python3.8/site-packages/airflow/example_dags/example_sensors.py took 0.054 seconds
[2026-04-21T09:25:46.447+0000] {processor.py:161} INFO - Started process (PID=28345) to work on /home/airflow/.local/lib/python3.8/site-packages/airflow/example_dags/example_sensors.py
[2026-04-21T09:25:46.447+0000] {processor.py:830} INFO - Processing file /home/airflow/.local/lib/python3.8/site-packages/airflow/example_dags/example_sensors.py for tasks to queue
[2026-04-21T09:25:46.448+0000] {logging_mixin.py:188} INFO - [2026-04-21T09:25:46.448+0000] {dagbag.py:538} INFO - Filling up the DagBag from /home/airflow/.local/lib/python3.8/site-packages/airflow/example_dags/example_sensors.py
[2026-04-21T09:25:46.454+0000] {processor.py:840} INFO - DAG(s) 'example_sensors' retrieved from /home/airflow/.local/lib/python3.8/site-packages/airflow/example_dags/example_sensors.py
[2026-04-21T09:25:46.472+0000] {logging_mixin.py:188} INFO - [2026-04-21T09:25:46.471+0000] {dag.py:3036} INFO - Sync 1 DAGs
[2026-04-21T09:25:46.480+0000] {logging_mixin.py:188} INFO - [2026-04-21T09:25:46.479+0000] {dag.py:3823} INFO - Setting next_dagrun for example_sensors to None, run_after=None
[2026-04-21T09:25:46.490+0000] {processor.py:183} INFO - Processing /home/airflow/.local/lib/python3.8/site-packages/airflow/example_dags/example_sensors.py took 0.046 seconds
[2026-04-21T09:26:16.573+0000] {processor.py:161} INFO - Started process (PID=28400) to work on /home/airflow/.local/lib/python3.8/site-packages/airflow/example_dags/example_sensors.py
[2026-04-21T09:26:16.573+0000] {processor.py:830} INFO - Processing file /home/airflow/.local/lib/python3.8/site-packages/airflow/example_dags/example_sensors.py for tasks to queue
[2026-04-21T09:26:16.574+0000] {logging_mixin.py:188} INFO - [2026-04-21T09:26:16.574+0000] {dagbag.py:538} INFO - Filling up the DagBag from /home/airflow/.local/lib/python3.8/site-packages/airflow/example_dags/example_sensors.py
[2026-04-21T09:26:16.581+0000] {processor.py:840} INFO - DAG(s) 'example_sensors' retrieved from /home/airflow/.local/lib/python3.8/site-packages/airflow/example_dags/example_sensors.py
[2026-04-21T09:26:16.600+0000] {logging_mixin.py:188} INFO - [2026-04-21T09:26:16.600+0000] {dag.py:3036} INFO - Sync 1 DAGs
[2026-04-21T09:26:16.609+0000] {logging_mixin.py:188} INFO - [2026-04-21T09:26:16.609+0000] {dag.py:3823} INFO - Setting next_dagrun for example_sensors to None, run_after=None
[2026-04-21T09:26:16.623+0000] {processor.py:183} INFO - Processing /home/airflow/.local/lib/python3.8/site-packages/airflow/example_dags/example_sensors.py took 0.053 seconds
[2026-04-21T09:26:46.798+0000] {processor.py:161} INFO - Started process (PID=28455) to work on /home/airflow/.local/lib/python3.8/site-packages/airflow/example_dags/example_sensors.py
[2026-04-21T09:26:46.799+0000] {processor.py:830} INFO - Processing file /home/airflow/.local/lib/python3.8/site-packages/airflow/example_dags/example_sensors.py for tasks to queue
[2026-04-21T09:26:46.799+0000] {logging_mixin.py:188} INFO - [2026-04-21T09:26:46.799+0000] {dagbag.py:538} INFO - Filling up the DagBag from /home/airflow/.local/lib/python3.8/site-packages/airflow/example_dags/example_sensors.py
[2026-04-21T09:26:46.806+0000] {processor.py:840} INFO - DAG(s) 'example_sensors' retrieved from /home/airflow/.local/lib/python3.8/site-packages/airflow/example_dags/example_sensors.py
[2026-04-21T09:26:46.823+0000] {logging_mixin.py:188} INFO - [2026-04-21T09:26:46.823+0000] {dag.py:3036} INFO - Sync 1 DAGs
[2026-04-21T09:26:46.836+0000] {logging_mixin.py:188} INFO - [2026-04-21T09:26:46.835+0000] {dag.py:3823} INFO - Setting next_dagrun for example_sensors to None, run_after=None
[2026-04-21T09:26:46.848+0000] {processor.py:183} INFO - Processing /home/airflow/.local/lib/python3.8/site-packages/airflow/example_dags/example_sensors.py took 0.052 seconds
[2026-04-21T09:27:16.866+0000] {processor.py:161} INFO - Started process (PID=28510) to work on /home/airflow/.local/lib/python3.8/site-packages/airflow/example_dags/example_sensors.py
[2026-04-21T09:27:16.866+0000] {processor.py:830} INFO - Processing file /home/airflow/.local/lib/python3.8/site-packages/airflow/example_dags/example_sensors.py for tasks to queue
[2026-04-21T09:27:16.867+0000] {logging_mixin.py:188} INFO - [2026-04-21T09:27:16.867+0000] {dagbag.py:538} INFO - Filling up the DagBag from /home/airflow/.local/lib/python3.8/site-packages/airflow/example_dags/example_sensors.py
[2026-04-21T09:27:16.873+0000] {processor.py:840} INFO - DAG(s) 'example_sensors' retrieved from /home/airflow/.local/lib/python3.8/site-packages/airflow/example_dags/example_sensors.py
[2026-04-21T09:27:16.890+0000] {logging_mixin.py:188} INFO - [2026-04-21T09:27:16.889+0000] {dag.py:3036} INFO - Sync 1 DAGs
[2026-04-21T09:27:16.897+0000] {logging_mixin.py:188} INFO - [2026-04-21T09:27:16.897+0000] {dag.py:3823} INFO - Setting next_dagrun for example_sensors to None, run_after=None
[2026-04-21T09:27:16.907+0000] {processor.py:183} INFO - Processing /home/airflow/.local/lib/python3.8/site-packages/airflow/example_dags/example_sensors.py took 0.044 seconds
[2026-04-21T09:27:46.969+0000] {processor.py:161} INFO - Started process (PID=28565) to work on /home/airflow/.local/lib/python3.8/site-packages/airflow/example_dags/example_sensors.py
[2026-04-21T09:27:46.970+0000] {processor.py:830} INFO - Processing file /home/airflow/.local/lib/python3.8/site-packages/airflow/example_dags/example_sensors.py for tasks to queue
[2026-04-21T09:27:46.970+0000] {logging_mixin.py:188} INFO - [2026-04-21T09:27:46.970+0000] {dagbag.py:538} INFO - Filling up the DagBag from /home/airflow/.local/lib/python3.8/site-packages/airflow/example_dags/example_sensors.py
[2026-04-21T09:27:46.978+0000] {processor.py:840} INFO - DAG(s) 'example_sensors' retrieved from /home/airflow/.local/lib/python3.8/site-packages/airflow/example_dags/example_sensors.py
[2026-04-21T09:27:46.997+0000] {logging_mixin.py:188} INFO - [2026-04-21T09:27:46.997+0000] {dag.py:3036} INFO - Sync 1 DAGs
[2026-04-21T09:27:47.006+0000] {logging_mixin.py:188} INFO - [2026-04-21T09:27:47.006+0000] {dag.py:3823} INFO - Setting next_dagrun for example_sensors to None, run_after=None
[2026-04-21T09:27:47.021+0000] {processor.py:183} INFO - Processing /home/airflow/.local/lib/python3.8/site-packages/airflow/example_dags/example_sensors.py took 0.054 seconds
[2026-04-21T09:28:17.050+0000] {processor.py:161} INFO - Started process (PID=28620) to work on /home/airflow/.local/lib/python3.8/site-packages/airflow/example_dags/example_sensors.py
[2026-04-21T09:28:17.051+0000] {processor.py:830} INFO - Processing file /home/airflow/.local/lib/python3.8/site-packages/airflow/example_dags/example_sensors.py for tasks to queue
[2026-04-21T09:28:17.051+0000] {logging_mixin.py:188} INFO - [2026-04-21T09:28:17.051+0000] {dagbag.py:538} INFO - Filling up the DagBag from /home/airflow/.local/lib/python3.8/site-packages/airflow/example_dags/example_sensors.py
[2026-04-21T09:28:17.058+0000] {processor.py:840} INFO - DAG(s) 'example_sensors' retrieved from /home/airflow/.local/lib/python3.8/site-packages/airflow/example_dags/example_sensors.py
[2026-04-21T09:28:17.075+0000] {logging_mixin.py:188} INFO - [2026-04-21T09:28:17.074+0000] {dag.py:3036} INFO - Sync 1 DAGs
[2026-04-21T09:28:17.082+0000] {logging_mixin.py:188} INFO - [2026-04-21T09:28:17.082+0000] {dag.py:3823} INFO - Setting next_dagrun for example_sensors to None, run_after=None
[2026-04-21T09:28:17.092+0000] {processor.py:183} INFO - Processing /home/airflow/.local/lib/python3.8/site-packages/airflow/example_dags/example_sensors.py took 0.044 seconds
[2026-04-21T09:28:47.211+0000] {processor.py:161} INFO - Started process (PID=28675) to work on /home/airflow/.local/lib/python3.8/site-packages/airflow/example_dags/example_sensors.py
[2026-04-21T09:28:47.211+0000] {processor.py:830} INFO - Processing file /home/airflow/.local/lib/python3.8/site-packages/airflow/example_dags/example_sensors.py for tasks to queue
[2026-04-21T09:28:47.212+0000] {logging_mixin.py:188} INFO - [2026-04-21T09:28:47.212+0000] {dagbag.py:538} INFO - Filling up the DagBag from /home/airflow/.local/lib/python3.8/site-packages/airflow/example_dags/example_sensors.py
[2026-04-21T09:28:47.219+0000] {processor.py:840} INFO - DAG(s) 'example_sensors' retrieved from /home/airflow/.local/lib/python3.8/site-packages/airflow/example_dags/example_sensors.py
[2026-04-21T09:28:47.238+0000] {logging_mixin.py:188} INFO - [2026-04-21T09:28:47.238+0000] {dag.py:3036} INFO - Sync 1 DAGs
[2026-04-21T09:28:47.250+0000] {logging_mixin.py:188} INFO - [2026-04-21T09:28:47.249+0000] {dag.py:3823} INFO - Setting next_dagrun for example_sensors to None, run_after=None
[2026-04-21T09:28:47.262+0000] {processor.py:183} INFO - Processing /home/airflow/.local/lib/python3.8/site-packages/airflow/example_dags/example_sensors.py took 0.054 seconds
[2026-04-21T09:29:17.296+0000] {processor.py:161} INFO - Started process (PID=28730) to work on /home/airflow/.local/lib/python3.8/site-packages/airflow/example_dags/example_sensors.py
[2026-04-21T09:29:17.297+0000] {processor.py:830} INFO - Processing file /home/airflow/.local/lib/python3.8/site-packages/airflow/example_dags/example_sensors.py for tasks to queue
[2026-04-21T09:29:17.298+0000] {logging_mixin.py:188} INFO - [2026-04-21T09:29:17.298+0000] {dagbag.py:538} INFO - Filling up the DagBag from /home/airflow/.local/lib/python3.8/site-packages/airflow/example_dags/example_sensors.py
[2026-04-21T09:29:17.304+0000] {processor.py:840} INFO - DAG(s) 'example_sensors' retrieved from /home/airflow/.local/lib/python3.8/site-packages/airflow/example_dags/example_sensors.py
[2026-04-21T09:29:17.319+0000] {logging_mixin.py:188} INFO - [2026-04-21T09:29:17.319+0000] {dag.py:3036} INFO - Sync 1 DAGs
[2026-04-21T09:29:17.327+0000] {logging_mixin.py:188} INFO - [2026-04-21T09:29:17.327+0000] {dag.py:3823} INFO - Setting next_dagrun for example_sensors to None, run_after=None
[2026-04-21T09:29:17.336+0000] {processor.py:183} INFO - Processing /home/airflow/.local/lib/python3.8/site-packages/airflow/example_dags/example_sensors.py took 0.042 seconds
[2026-04-21T09:29:48.120+0000] {processor.py:161} INFO - Started process (PID=28785) to work on /home/airflow/.local/lib/python3.8/site-packages/airflow/example_dags/example_sensors.py
[2026-04-21T09:29:48.121+0000] {processor.py:830} INFO - Processing file /home/airflow/.local/lib/python3.8/site-packages/airflow/example_dags/example_sensors.py for tasks to queue
[2026-04-21T09:29:48.121+0000] {logging_mixin.py:188} INFO - [2026-04-21T09:29:48.121+0000] {dagbag.py:538} INFO - Filling up the DagBag from /home/airflow/.local/lib/python3.8/site-packages/airflow/example_dags/example_sensors.py
[2026-04-21T09:29:48.128+0000] {processor.py:840} INFO - DAG(s) 'example_sensors' retrieved from /home/airflow/.local/lib/python3.8/site-packages/airflow/example_dags/example_sensors.py
[2026-04-21T09:29:48.146+0000] {logging_mixin.py:188} INFO - [2026-04-21T09:29:48.146+0000] {dag.py:3036} INFO - Sync 1 DAGs
[2026-04-21T09:29:48.155+0000] {logging_mixin.py:188} INFO - [2026-04-21T09:29:48.155+0000] {dag.py:3823} INFO - Setting next_dagrun for example_sensors to None, run_after=None
[2026-04-21T09:29:48.167+0000] {processor.py:183} INFO - Processing /home/airflow/.local/lib/python3.8/site-packages/airflow/example_dags/example_sensors.py took 0.049 seconds
[2026-04-21T09:30:18.937+0000] {processor.py:161} INFO - Started process (PID=28840) to work on /home/airflow/.local/lib/python3.8/site-packages/airflow/example_dags/example_sensors.py
[2026-04-21T09:30:18.937+0000] {processor.py:830} INFO - Processing file /home/airflow/.local/lib/python3.8/site-packages/airflow/example_dags/example_sensors.py for tasks to queue
[2026-04-21T09:30:18.938+0000] {logging_mixin.py:188} INFO - [2026-04-21T09:30:18.938+0000] {dagbag.py:538} INFO - Filling up the DagBag from /home/airflow/.local/lib/python3.8/site-packages/airflow/example_dags/example_sensors.py
[2026-04-21T09:30:18.945+0000] {processor.py:840} INFO - DAG(s) 'example_sensors' retrieved from /home/airflow/.local/lib/python3.8/site-packages/airflow/example_dags/example_sensors.py
[2026-04-21T09:30:18.961+0000] {logging_mixin.py:188} INFO - [2026-04-21T09:30:18.961+0000] {dag.py:3036} INFO - Sync 1 DAGs
[2026-04-21T09:30:18.969+0000] {logging_mixin.py:188} INFO - [2026-04-21T09:30:18.969+0000] {dag.py:3823} INFO - Setting next_dagrun for example_sensors to None, run_after=None
[2026-04-21T09:30:18.979+0000] {processor.py:183} INFO - Processing /home/airflow/.local/lib/python3.8/site-packages/airflow/example_dags/example_sensors.py took 0.045 seconds
[2026-04-21T09:30:49.679+0000] {processor.py:161} INFO - Started process (PID=28895) to work on /home/airflow/.local/lib/python3.8/site-packages/airflow/example_dags/example_sensors.py
[2026-04-21T09:30:49.680+0000] {processor.py:830} INFO - Processing file /home/airflow/.local/lib/python3.8/site-packages/airflow/example_dags/example_sensors.py for tasks to queue
[2026-04-21T09:30:49.680+0000] {logging_mixin.py:188} INFO - [2026-04-21T09:30:49.680+0000] {dagbag.py:538} INFO - Filling up the DagBag from /home/airflow/.local/lib/python3.8/site-packages/airflow/example_dags/example_sensors.py
[2026-04-21T09:30:49.687+0000] {processor.py:840} INFO - DAG(s) 'example_sensors' retrieved from /home/airflow/.local/lib/python3.8/site-packages/airflow/example_dags/example_sensors.py
[2026-04-21T09:30:49.703+0000] {logging_mixin.py:188} INFO - [2026-04-21T09:30:49.703+0000] {dag.py:3036} INFO - Sync 1 DAGs
[2026-04-21T09:30:49.711+0000] {logging_mixin.py:188} INFO - [2026-04-21T09:30:49.711+0000] {dag.py:3823} INFO - Setting next_dagrun for example_sensors to None, run_after=None
[2026-04-21T09:30:49.721+0000] {processor.py:183} INFO - Processing /home/airflow/.local/lib/python3.8/site-packages/airflow/example_dags/example_sensors.py took 0.044 seconds
[2026-04-21T09:31:20.310+0000] {processor.py:161} INFO - Started process (PID=28950) to work on /home/airflow/.local/lib/python3.8/site-packages/airflow/example_dags/example_sensors.py
[2026-04-21T09:31:20.310+0000] {processor.py:830} INFO - Processing file /home/airflow/.local/lib/python3.8/site-packages/airflow/example_dags/example_sensors.py for tasks to queue
[2026-04-21T09:31:20.311+0000] {logging_mixin.py:188} INFO - [2026-04-21T09:31:20.311+0000] {dagbag.py:538} INFO - Filling up the DagBag from /home/airflow/.local/lib/python3.8/site-packages/airflow/example_dags/example_sensors.py
[2026-04-21T09:31:20.317+0000] {processor.py:840} INFO - DAG(s) 'example_sensors' retrieved from /home/airflow/.local/lib/python3.8/site-packages/airflow/example_dags/example_sensors.py
[2026-04-21T09:31:20.335+0000] {logging_mixin.py:188} INFO - [2026-04-21T09:31:20.335+0000] {dag.py:3036} INFO - Sync 1 DAGs
[2026-04-21T09:31:20.344+0000] {logging_mixin.py:188} INFO - [2026-04-21T09:31:20.344+0000] {dag.py:3823} INFO - Setting next_dagrun for example_sensors to None, run_after=None
[2026-04-21T09:31:20.354+0000] {processor.py:183} INFO - Processing /home/airflow/.local/lib/python3.8/site-packages/airflow/example_dags/example_sensors.py took 0.047 seconds
[2026-04-21T09:31:51.223+0000] {processor.py:161} INFO - Started process (PID=29005) to work on /home/airflow/.local/lib/python3.8/site-packages/airflow/example_dags/example_sensors.py
[2026-04-21T09:31:51.224+0000] {processor.py:830} INFO - Processing file /home/airflow/.local/lib/python3.8/site-packages/airflow/example_dags/example_sensors.py for tasks to queue
[2026-04-21T09:31:51.225+0000] {logging_mixin.py:188} INFO - [2026-04-21T09:31:51.224+0000] {dagbag.py:538} INFO - Filling up the DagBag from /home/airflow/.local/lib/python3.8/site-packages/airflow/example_dags/example_sensors.py
[2026-04-21T09:31:51.231+0000] {processor.py:840} INFO - DAG(s) 'example_sensors' retrieved from /home/airflow/.local/lib/python3.8/site-packages/airflow/example_dags/example_sensors.py
[2026-04-21T09:31:51.248+0000] {logging_mixin.py:188} INFO - [2026-04-21T09:31:51.248+0000] {dag.py:3036} INFO - Sync 1 DAGs
[2026-04-21T09:31:51.256+0000] {logging_mixin.py:188} INFO - [2026-04-21T09:31:51.256+0000] {dag.py:3823} INFO - Setting next_dagrun for example_sensors to None, run_after=None
[2026-04-21T09:31:51.267+0000] {processor.py:183} INFO - Processing /home/airflow/.local/lib/python3.8/site-packages/airflow/example_dags/example_sensors.py took 0.046 seconds
[2026-04-21T09:32:22.072+0000] {processor.py:161} INFO - Started process (PID=29060) to work on /home/airflow/.local/lib/python3.8/site-packages/airflow/example_dags/example_sensors.py
[2026-04-21T09:32:22.073+0000] {processor.py:830} INFO - Processing file /home/airflow/.local/lib/python3.8/site-packages/airflow/example_dags/example_sensors.py for tasks to queue
[2026-04-21T09:32:22.073+0000] {logging_mixin.py:188} INFO - [2026-04-21T09:32:22.073+0000] {dagbag.py:538} INFO - Filling up the DagBag from /home/airflow/.local/lib/python3.8/site-packages/airflow/example_dags/example_sensors.py
[2026-04-21T09:32:22.080+0000] {processor.py:840} INFO - DAG(s) 'example_sensors' retrieved from /home/airflow/.local/lib/python3.8/site-packages/airflow/example_dags/example_sensors.py
[2026-04-21T09:32:22.097+0000] {logging_mixin.py:188} INFO - [2026-04-21T09:32:22.096+0000] {dag.py:3036} INFO - Sync 1 DAGs
[2026-04-21T09:32:22.105+0000] {logging_mixin.py:188} INFO - [2026-04-21T09:32:22.105+0000] {dag.py:3823} INFO - Setting next_dagrun for example_sensors to None, run_after=None
[2026-04-21T09:32:22.121+0000] {processor.py:183} INFO - Processing /home/airflow/.local/lib/python3.8/site-packages/airflow/example_dags/example_sensors.py took 0.051 seconds
[2026-04-21T09:32:52.251+0000] {processor.py:161} INFO - Started process (PID=29115) to work on /home/airflow/.local/lib/python3.8/site-packages/airflow/example_dags/example_sensors.py
[2026-04-21T09:32:52.252+0000] {processor.py:830} INFO - Processing file /home/airflow/.local/lib/python3.8/site-packages/airflow/example_dags/example_sensors.py for tasks to queue
[2026-04-21T09:32:52.252+0000] {logging_mixin.py:188} INFO - [2026-04-21T09:32:52.252+0000] {dagbag.py:538} INFO - Filling up the DagBag from /home/airflow/.local/lib/python3.8/site-packages/airflow/example_dags/example_sensors.py
[2026-04-21T09:32:52.260+0000] {processor.py:840} INFO - DAG(s) 'example_sensors' retrieved from /home/airflow/.local/lib/python3.8/site-packages/airflow/example_dags/example_sensors.py
[2026-04-21T09:32:52.278+0000] {logging_mixin.py:188} INFO - [2026-04-21T09:32:52.278+0000] {dag.py:3036} INFO - Sync 1 DAGs
[2026-04-21T09:32:52.289+0000] {logging_mixin.py:188} INFO - [2026-04-21T09:32:52.288+0000] {dag.py:3823} INFO - Setting next_dagrun for example_sensors to None, run_after=None
[2026-04-21T09:32:52.302+0000] {processor.py:183} INFO - Processing /home/airflow/.local/lib/python3.8/site-packages/airflow/example_dags/example_sensors.py took 0.054 seconds
[2026-04-21T09:33:22.361+0000] {processor.py:161} INFO - Started process (PID=29170) to work on /home/airflow/.local/lib/python3.8/site-packages/airflow/example_dags/example_sensors.py
[2026-04-21T09:33:22.361+0000] {processor.py:830} INFO - Processing file /home/airflow/.local/lib/python3.8/site-packages/airflow/example_dags/example_sensors.py for tasks to queue
[2026-04-21T09:33:22.362+0000] {logging_mixin.py:188} INFO - [2026-04-21T09:33:22.362+0000] {dagbag.py:538} INFO - Filling up the DagBag from /home/airflow/.local/lib/python3.8/site-packages/airflow/example_dags/example_sensors.py
[2026-04-21T09:33:22.369+0000] {processor.py:840} INFO - DAG(s) 'example_sensors' retrieved from /home/airflow/.local/lib/python3.8/site-packages/airflow/example_dags/example_sensors.py
[2026-04-21T09:33:22.386+0000] {logging_mixin.py:188} INFO - [2026-04-21T09:33:22.385+0000] {dag.py:3036} INFO - Sync 1 DAGs
[2026-04-21T09:33:22.393+0000] {logging_mixin.py:188} INFO - [2026-04-21T09:33:22.393+0000] {dag.py:3823} INFO - Setting next_dagrun for example_sensors to None, run_after=None
[2026-04-21T09:33:22.403+0000] {processor.py:183} INFO - Processing /home/airflow/.local/lib/python3.8/site-packages/airflow/example_dags/example_sensors.py took 0.044 seconds
[2026-04-21T09:33:52.566+0000] {processor.py:161} INFO - Started process (PID=29225) to work on /home/airflow/.local/lib/python3.8/site-packages/airflow/example_dags/example_sensors.py
[2026-04-21T09:33:52.566+0000] {processor.py:830} INFO - Processing file /home/airflow/.local/lib/python3.8/site-packages/airflow/example_dags/example_sensors.py for tasks to queue
[2026-04-21T09:33:52.567+0000] {logging_mixin.py:188} INFO - [2026-04-21T09:33:52.567+0000] {dagbag.py:538} INFO - Filling up the DagBag from /home/airflow/.local/lib/python3.8/site-packages/airflow/example_dags/example_sensors.py
[2026-04-21T09:33:52.574+0000] {processor.py:840} INFO - DAG(s) 'example_sensors' retrieved from /home/airflow/.local/lib/python3.8/site-packages/airflow/example_dags/example_sensors.py
[2026-04-21T09:33:52.591+0000] {logging_mixin.py:188} INFO - [2026-04-21T09:33:52.591+0000] {dag.py:3036} INFO - Sync 1 DAGs
[2026-04-21T09:33:52.599+0000] {logging_mixin.py:188} INFO - [2026-04-21T09:33:52.599+0000] {dag.py:3823} INFO - Setting next_dagrun for example_sensors to None, run_after=None
[2026-04-21T09:33:52.614+0000] {processor.py:183} INFO - Processing /home/airflow/.local/lib/python3.8/site-packages/airflow/example_dags/example_sensors.py took 0.050 seconds
[2026-04-21T09:34:22.766+0000] {processor.py:161} INFO - Started process (PID=29280) to work on /home/airflow/.local/lib/python3.8/site-packages/airflow/example_dags/example_sensors.py
[2026-04-21T09:34:22.767+0000] {processor.py:830} INFO - Processing file /home/airflow/.local/lib/python3.8/site-packages/airflow/example_dags/example_sensors.py for tasks to queue
[2026-04-21T09:34:22.768+0000] {logging_mixin.py:188} INFO - [2026-04-21T09:34:22.767+0000] {dagbag.py:538} INFO - Filling up the DagBag from /home/airflow/.local/lib/python3.8/site-packages/airflow/example_dags/example_sensors.py
[2026-04-21T09:34:22.776+0000] {processor.py:840} INFO - DAG(s) 'example_sensors' retrieved from /home/airflow/.local/lib/python3.8/site-packages/airflow/example_dags/example_sensors.py
[2026-04-21T09:34:22.796+0000] {logging_mixin.py:188} INFO - [2026-04-21T09:34:22.796+0000] {dag.py:3036} INFO - Sync 1 DAGs
[2026-04-21T09:34:22.806+0000] {logging_mixin.py:188} INFO - [2026-04-21T09:34:22.806+0000] {dag.py:3823} INFO - Setting next_dagrun for example_sensors to None, run_after=None
[2026-04-21T09:34:22.819+0000] {processor.py:183} INFO - Processing /home/airflow/.local/lib/python3.8/site-packages/airflow/example_dags/example_sensors.py took 0.056 seconds
[2026-04-21T09:34:53.016+0000] {processor.py:161} INFO - Started process (PID=29335) to work on /home/airflow/.local/lib/python3.8/site-packages/airflow/example_dags/example_sensors.py
[2026-04-21T09:34:53.017+0000] {processor.py:830} INFO - Processing file /home/airflow/.local/lib/python3.8/site-packages/airflow/example_dags/example_sensors.py for tasks to queue
[2026-04-21T09:34:53.018+0000] {logging_mixin.py:188} INFO - [2026-04-21T09:34:53.018+0000] {dagbag.py:538} INFO - Filling up the DagBag from /home/airflow/.local/lib/python3.8/site-packages/airflow/example_dags/example_sensors.py
[2026-04-21T09:34:53.024+0000] {processor.py:840} INFO - DAG(s) 'example_sensors' retrieved from /home/airflow/.local/lib/python3.8/site-packages/airflow/example_dags/example_sensors.py
[2026-04-21T09:34:53.041+0000] {logging_mixin.py:188} INFO - [2026-04-21T09:34:53.041+0000] {dag.py:3036} INFO - Sync 1 DAGs
[2026-04-21T09:34:53.050+0000] {logging_mixin.py:188} INFO - [2026-04-21T09:34:53.050+0000] {dag.py:3823} INFO - Setting next_dagrun for example_sensors to None, run_after=None
[2026-04-21T09:34:53.060+0000] {processor.py:183} INFO - Processing /home/airflow/.local/lib/python3.8/site-packages/airflow/example_dags/example_sensors.py took 0.046 seconds
[2026-04-21T09:35:23.923+0000] {processor.py:161} INFO - Started process (PID=29390) to work on /home/airflow/.local/lib/python3.8/site-packages/airflow/example_dags/example_sensors.py
[2026-04-21T09:35:23.924+0000] {processor.py:830} INFO - Processing file /home/airflow/.local/lib/python3.8/site-packages/airflow/example_dags/example_sensors.py for tasks to queue
[2026-04-21T09:35:23.924+0000] {logging_mixin.py:188} INFO - [2026-04-21T09:35:23.924+0000] {dagbag.py:538} INFO - Filling up the DagBag from /home/airflow/.local/lib/python3.8/site-packages/airflow/example_dags/example_sensors.py
[2026-04-21T09:35:23.931+0000] {processor.py:840} INFO - DAG(s) 'example_sensors' retrieved from /home/airflow/.local/lib/python3.8/site-packages/airflow/example_dags/example_sensors.py
[2026-04-21T09:35:23.948+0000] {logging_mixin.py:188} INFO - [2026-04-21T09:35:23.948+0000] {dag.py:3036} INFO - Sync 1 DAGs
[2026-04-21T09:35:23.956+0000] {logging_mixin.py:188} INFO - [2026-04-21T09:35:23.955+0000] {dag.py:3823} INFO - Setting next_dagrun for example_sensors to None, run_after=None
[2026-04-21T09:35:23.968+0000] {processor.py:183} INFO - Processing /home/airflow/.local/lib/python3.8/site-packages/airflow/example_dags/example_sensors.py took 0.047 seconds
[2026-04-21T09:35:54.624+0000] {processor.py:161} INFO - Started process (PID=29445) to work on /home/airflow/.local/lib/python3.8/site-packages/airflow/example_dags/example_sensors.py
[2026-04-21T09:35:54.625+0000] {processor.py:830} INFO - Processing file /home/airflow/.local/lib/python3.8/site-packages/airflow/example_dags/example_sensors.py for tasks to queue
[2026-04-21T09:35:54.625+0000] {logging_mixin.py:188} INFO - [2026-04-21T09:35:54.625+0000] {dagbag.py:538} INFO - Filling up the DagBag from /home/airflow/.local/lib/python3.8/site-packages/airflow/example_dags/example_sensors.py
[2026-04-21T09:35:54.631+0000] {processor.py:840} INFO - DAG(s) 'example_sensors' retrieved from /home/airflow/.local/lib/python3.8/site-packages/airflow/example_dags/example_sensors.py
[2026-04-21T09:35:54.647+0000] {logging_mixin.py:188} INFO - [2026-04-21T09:35:54.647+0000] {dag.py:3036} INFO - Sync 1 DAGs
[2026-04-21T09:35:54.655+0000] {logging_mixin.py:188} INFO - [2026-04-21T09:35:54.654+0000] {dag.py:3823} INFO - Setting next_dagrun for example_sensors to None, run_after=None
[2026-04-21T09:35:54.664+0000] {processor.py:183} INFO - Processing /home/airflow/.local/lib/python3.8/site-packages/airflow/example_dags/example_sensors.py took 0.043 seconds
[2026-04-21T09:36:24.900+0000] {processor.py:161} INFO - Started process (PID=29500) to work on /home/airflow/.local/lib/python3.8/site-packages/airflow/example_dags/example_sensors.py
[2026-04-21T09:36:24.901+0000] {processor.py:830} INFO - Processing file /home/airflow/.local/lib/python3.8/site-packages/airflow/example_dags/example_sensors.py for tasks to queue
[2026-04-21T09:36:24.902+0000] {logging_mixin.py:188} INFO - [2026-04-21T09:36:24.901+0000] {dagbag.py:538} INFO - Filling up the DagBag from /home/airflow/.local/lib/python3.8/site-packages/airflow/example_dags/example_sensors.py
[2026-04-21T09:36:24.908+0000] {processor.py:840} INFO - DAG(s) 'example_sensors' retrieved from /home/airflow/.local/lib/python3.8/site-packages/airflow/example_dags/example_sensors.py
[2026-04-21T09:36:24.926+0000] {logging_mixin.py:188} INFO - [2026-04-21T09:36:24.926+0000] {dag.py:3036} INFO - Sync 1 DAGs
[2026-04-21T09:36:24.934+0000] {logging_mixin.py:188} INFO - [2026-04-21T09:36:24.934+0000] {dag.py:3823} INFO - Setting next_dagrun for example_sensors to None, run_after=None
[2026-04-21T09:36:24.944+0000] {processor.py:183} INFO - Processing /home/airflow/.local/lib/python3.8/site-packages/airflow/example_dags/example_sensors.py took 0.046 seconds
[2026-04-21T09:36:55.092+0000] {processor.py:161} INFO - Started process (PID=29555) to work on /home/airflow/.local/lib/python3.8/site-packages/airflow/example_dags/example_sensors.py
[2026-04-21T09:36:55.093+0000] {processor.py:830} INFO - Processing file /home/airflow/.local/lib/python3.8/site-packages/airflow/example_dags/example_sensors.py for tasks to queue
[2026-04-21T09:36:55.094+0000] {logging_mixin.py:188} INFO - [2026-04-21T09:36:55.093+0000] {dagbag.py:538} INFO - Filling up the DagBag from /home/airflow/.local/lib/python3.8/site-packages/airflow/example_dags/example_sensors.py
[2026-04-21T09:36:55.101+0000] {processor.py:840} INFO - DAG(s) 'example_sensors' retrieved from /home/airflow/.local/lib/python3.8/site-packages/airflow/example_dags/example_sensors.py
[2026-04-21T09:36:55.118+0000] {logging_mixin.py:188} INFO - [2026-04-21T09:36:55.117+0000] {dag.py:3036} INFO - Sync 1 DAGs
[2026-04-21T09:36:55.126+0000] {logging_mixin.py:188} INFO - [2026-04-21T09:36:55.126+0000] {dag.py:3823} INFO - Setting next_dagrun for example_sensors to None, run_after=None
[2026-04-21T09:36:55.136+0000] {processor.py:183} INFO - Processing /home/airflow/.local/lib/python3.8/site-packages/airflow/example_dags/example_sensors.py took 0.047 seconds
[2026-04-21T09:37:25.185+0000] {processor.py:161} INFO - Started process (PID=29609) to work on /home/airflow/.local/lib/python3.8/site-packages/airflow/example_dags/example_sensors.py
[2026-04-21T09:37:25.185+0000] {processor.py:830} INFO - Processing file /home/airflow/.local/lib/python3.8/site-packages/airflow/example_dags/example_sensors.py for tasks to queue
[2026-04-21T09:37:25.186+0000] {logging_mixin.py:188} INFO - [2026-04-21T09:37:25.186+0000] {dagbag.py:538} INFO - Filling up the DagBag from /home/airflow/.local/lib/python3.8/site-packages/airflow/example_dags/example_sensors.py
[2026-04-21T09:37:25.193+0000] {processor.py:840} INFO - DAG(s) 'example_sensors' retrieved from /home/airflow/.local/lib/python3.8/site-packages/airflow/example_dags/example_sensors.py
[2026-04-21T09:37:25.209+0000] {logging_mixin.py:188} INFO - [2026-04-21T09:37:25.209+0000] {dag.py:3036} INFO - Sync 1 DAGs
[2026-04-21T09:37:25.216+0000] {logging_mixin.py:188} INFO - [2026-04-21T09:37:25.216+0000] {dag.py:3823} INFO - Setting next_dagrun for example_sensors to None, run_after=None
[2026-04-21T09:37:25.226+0000] {processor.py:183} INFO - Processing /home/airflow/.local/lib/python3.8/site-packages/airflow/example_dags/example_sensors.py took 0.043 seconds
[2026-04-21T09:37:55.899+0000] {processor.py:161} INFO - Started process (PID=29665) to work on /home/airflow/.local/lib/python3.8/site-packages/airflow/example_dags/example_sensors.py
[2026-04-21T09:37:55.900+0000] {processor.py:830} INFO - Processing file /home/airflow/.local/lib/python3.8/site-packages/airflow/example_dags/example_sensors.py for tasks to queue
[2026-04-21T09:37:55.901+0000] {logging_mixin.py:188} INFO - [2026-04-21T09:37:55.900+0000] {dagbag.py:538} INFO - Filling up the DagBag from /home/airflow/.local/lib/python3.8/site-packages/airflow/example_dags/example_sensors.py
[2026-04-21T09:37:55.907+0000] {processor.py:840} INFO - DAG(s) 'example_sensors' retrieved from /home/airflow/.local/lib/python3.8/site-packages/airflow/example_dags/example_sensors.py
[2026-04-21T09:37:55.922+0000] {logging_mixin.py:188} INFO - [2026-04-21T09:37:55.922+0000] {dag.py:3036} INFO - Sync 1 DAGs
[2026-04-21T09:37:55.930+0000] {logging_mixin.py:188} INFO - [2026-04-21T09:37:55.930+0000] {dag.py:3823} INFO - Setting next_dagrun for example_sensors to None, run_after=None
[2026-04-21T09:37:55.940+0000] {processor.py:183} INFO - Processing /home/airflow/.local/lib/python3.8/site-packages/airflow/example_dags/example_sensors.py took 0.043 seconds
[2026-04-21T09:38:26.555+0000] {processor.py:161} INFO - Started process (PID=29720) to work on /home/airflow/.local/lib/python3.8/site-packages/airflow/example_dags/example_sensors.py
[2026-04-21T09:38:26.556+0000] {processor.py:830} INFO - Processing file /home/airflow/.local/lib/python3.8/site-packages/airflow/example_dags/example_sensors.py for tasks to queue
[2026-04-21T09:38:26.556+0000] {logging_mixin.py:188} INFO - [2026-04-21T09:38:26.556+0000] {dagbag.py:538} INFO - Filling up the DagBag from /home/airflow/.local/lib/python3.8/site-packages/airflow/example_dags/example_sensors.py
[2026-04-21T09:38:26.563+0000] {processor.py:840} INFO - DAG(s) 'example_sensors' retrieved from /home/airflow/.local/lib/python3.8/site-packages/airflow/example_dags/example_sensors.py
[2026-04-21T09:38:26.579+0000] {logging_mixin.py:188} INFO - [2026-04-21T09:38:26.579+0000] {dag.py:3036} INFO - Sync 1 DAGs
[2026-04-21T09:38:26.587+0000] {logging_mixin.py:188} INFO - [2026-04-21T09:38:26.587+0000] {dag.py:3823} INFO - Setting next_dagrun for example_sensors to None, run_after=None
[2026-04-21T09:38:26.597+0000] {processor.py:183} INFO - Processing /home/airflow/.local/lib/python3.8/site-packages/airflow/example_dags/example_sensors.py took 0.044 seconds
[2026-04-21T09:38:57.196+0000] {processor.py:161} INFO - Started process (PID=29775) to work on /home/airflow/.local/lib/python3.8/site-packages/airflow/example_dags/example_sensors.py
[2026-04-21T09:38:57.197+0000] {processor.py:830} INFO - Processing file /home/airflow/.local/lib/python3.8/site-packages/airflow/example_dags/example_sensors.py for tasks to queue
[2026-04-21T09:38:57.198+0000] {logging_mixin.py:188} INFO - [2026-04-21T09:38:57.198+0000] {dagbag.py:538} INFO - Filling up the DagBag from /home/airflow/.local/lib/python3.8/site-packages/airflow/example_dags/example_sensors.py
[2026-04-21T09:38:57.205+0000] {processor.py:840} INFO - DAG(s) 'example_sensors' retrieved from /home/airflow/.local/lib/python3.8/site-packages/airflow/example_dags/example_sensors.py
[2026-04-21T09:38:57.224+0000] {logging_mixin.py:188} INFO - [2026-04-21T09:38:57.224+0000] {dag.py:3036} INFO - Sync 1 DAGs
[2026-04-21T09:38:57.234+0000] {logging_mixin.py:188} INFO - [2026-04-21T09:38:57.233+0000] {dag.py:3823} INFO - Setting next_dagrun for example_sensors to None, run_after=None
[2026-04-21T09:38:57.247+0000] {processor.py:183} INFO - Processing /home/airflow/.local/lib/python3.8/site-packages/airflow/example_dags/example_sensors.py took 0.053 seconds
[2026-04-21T09:39:27.929+0000] {processor.py:161} INFO - Started process (PID=29830) to work on /home/airflow/.local/lib/python3.8/site-packages/airflow/example_dags/example_sensors.py
[2026-04-21T09:39:27.929+0000] {processor.py:830} INFO - Processing file /home/airflow/.local/lib/python3.8/site-packages/airflow/example_dags/example_sensors.py for tasks to queue
[2026-04-21T09:39:27.930+0000] {logging_mixin.py:188} INFO - [2026-04-21T09:39:27.930+0000] {dagbag.py:538} INFO - Filling up the DagBag from /home/airflow/.local/lib/python3.8/site-packages/airflow/example_dags/example_sensors.py
[2026-04-21T09:39:27.936+0000] {processor.py:840} INFO - DAG(s) 'example_sensors' retrieved from /home/airflow/.local/lib/python3.8/site-packages/airflow/example_dags/example_sensors.py
[2026-04-21T09:39:27.954+0000] {logging_mixin.py:188} INFO - [2026-04-21T09:39:27.954+0000] {dag.py:3036} INFO - Sync 1 DAGs
[2026-04-21T09:39:27.962+0000] {logging_mixin.py:188} INFO - [2026-04-21T09:39:27.962+0000] {dag.py:3823} INFO - Setting next_dagrun for example_sensors to None, run_after=None
[2026-04-21T09:39:27.972+0000] {processor.py:183} INFO - Processing /home/airflow/.local/lib/python3.8/site-packages/airflow/example_dags/example_sensors.py took 0.046 seconds
[2026-04-21T09:39:58.609+0000] {processor.py:161} INFO - Started process (PID=29885) to work on /home/airflow/.local/lib/python3.8/site-packages/airflow/example_dags/example_sensors.py
[2026-04-21T09:39:58.610+0000] {processor.py:830} INFO - Processing file /home/airflow/.local/lib/python3.8/site-packages/airflow/example_dags/example_sensors.py for tasks to queue
[2026-04-21T09:39:58.610+0000] {logging_mixin.py:188} INFO - [2026-04-21T09:39:58.610+0000] {dagbag.py:538} INFO - Filling up the DagBag from /home/airflow/.local/lib/python3.8/site-packages/airflow/example_dags/example_sensors.py
[2026-04-21T09:39:58.617+0000] {processor.py:840} INFO - DAG(s) 'example_sensors' retrieved from /home/airflow/.local/lib/python3.8/site-packages/airflow/example_dags/example_sensors.py
[2026-04-21T09:39:58.633+0000] {logging_mixin.py:188} INFO - [2026-04-21T09:39:58.633+0000] {dag.py:3036} INFO - Sync 1 DAGs
[2026-04-21T09:39:58.641+0000] {logging_mixin.py:188} INFO - [2026-04-21T09:39:58.641+0000] {dag.py:3823} INFO - Setting next_dagrun for example_sensors to None, run_after=None
[2026-04-21T09:39:58.656+0000] {processor.py:183} INFO - Processing /home/airflow/.local/lib/python3.8/site-packages/airflow/example_dags/example_sensors.py took 0.049 seconds
[2026-04-21T09:40:29.319+0000] {processor.py:161} INFO - Started process (PID=29940) to work on /home/airflow/.local/lib/python3.8/site-packages/airflow/example_dags/example_sensors.py
[2026-04-21T09:40:29.320+0000] {processor.py:830} INFO - Processing file /home/airflow/.local/lib/python3.8/site-packages/airflow/example_dags/example_sensors.py for tasks to queue
[2026-04-21T09:40:29.320+0000] {logging_mixin.py:188} INFO - [2026-04-21T09:40:29.320+0000] {dagbag.py:538} INFO - Filling up the DagBag from /home/airflow/.local/lib/python3.8/site-packages/airflow/example_dags/example_sensors.py
[2026-04-21T09:40:29.327+0000] {processor.py:840} INFO - DAG(s) 'example_sensors' retrieved from /home/airflow/.local/lib/python3.8/site-packages/airflow/example_dags/example_sensors.py
[2026-04-21T09:40:29.344+0000] {logging_mixin.py:188} INFO - [2026-04-21T09:40:29.344+0000] {dag.py:3036} INFO - Sync 1 DAGs
[2026-04-21T09:40:29.352+0000] {logging_mixin.py:188} INFO - [2026-04-21T09:40:29.352+0000] {dag.py:3823} INFO - Setting next_dagrun for example_sensors to None, run_after=None
[2026-04-21T09:40:29.362+0000] {processor.py:183} INFO - Processing /home/airflow/.local/lib/python3.8/site-packages/airflow/example_dags/example_sensors.py took 0.045 seconds
[2026-04-21T09:40:59.951+0000] {processor.py:161} INFO - Started process (PID=29995) to work on /home/airflow/.local/lib/python3.8/site-packages/airflow/example_dags/example_sensors.py
[2026-04-21T09:40:59.952+0000] {processor.py:830} INFO - Processing file /home/airflow/.local/lib/python3.8/site-packages/airflow/example_dags/example_sensors.py for tasks to queue
[2026-04-21T09:40:59.952+0000] {logging_mixin.py:188} INFO - [2026-04-21T09:40:59.952+0000] {dagbag.py:538} INFO - Filling up the DagBag from /home/airflow/.local/lib/python3.8/site-packages/airflow/example_dags/example_sensors.py
[2026-04-21T09:40:59.959+0000] {processor.py:840} INFO - DAG(s) 'example_sensors' retrieved from /home/airflow/.local/lib/python3.8/site-packages/airflow/example_dags/example_sensors.py
[2026-04-21T09:40:59.978+0000] {logging_mixin.py:188} INFO - [2026-04-21T09:40:59.977+0000] {dag.py:3036} INFO - Sync 1 DAGs
[2026-04-21T09:40:59.987+0000] {logging_mixin.py:188} INFO - [2026-04-21T09:40:59.987+0000] {dag.py:3823} INFO - Setting next_dagrun for example_sensors to None, run_after=None
[2026-04-21T09:40:59.997+0000] {processor.py:183} INFO - Processing /home/airflow/.local/lib/python3.8/site-packages/airflow/example_dags/example_sensors.py took 0.048 seconds
[2026-04-21T09:41:30.748+0000] {processor.py:161} INFO - Started process (PID=30050) to work on /home/airflow/.local/lib/python3.8/site-packages/airflow/example_dags/example_sensors.py
[2026-04-21T09:41:30.749+0000] {processor.py:830} INFO - Processing file /home/airflow/.local/lib/python3.8/site-packages/airflow/example_dags/example_sensors.py for tasks to queue
[2026-04-21T09:41:30.750+0000] {logging_mixin.py:188} INFO - [2026-04-21T09:41:30.750+0000] {dagbag.py:538} INFO - Filling up the DagBag from /home/airflow/.local/lib/python3.8/site-packages/airflow/example_dags/example_sensors.py
[2026-04-21T09:41:30.761+0000] {processor.py:840} INFO - DAG(s) 'example_sensors' retrieved from /home/airflow/.local/lib/python3.8/site-packages/airflow/example_dags/example_sensors.py
[2026-04-21T09:41:30.785+0000] {logging_mixin.py:188} INFO - [2026-04-21T09:41:30.784+0000] {dag.py:3036} INFO - Sync 1 DAGs
[2026-04-21T09:41:30.795+0000] {logging_mixin.py:188} INFO - [2026-04-21T09:41:30.795+0000] {dag.py:3823} INFO - Setting next_dagrun for example_sensors to None, run_after=None
[2026-04-21T09:41:30.807+0000] {processor.py:183} INFO - Processing /home/airflow/.local/lib/python3.8/site-packages/airflow/example_dags/example_sensors.py took 0.062 seconds
[2026-04-21T09:42:00.934+0000] {processor.py:161} INFO - Started process (PID=30105) to work on /home/airflow/.local/lib/python3.8/site-packages/airflow/example_dags/example_sensors.py
[2026-04-21T09:42:00.935+0000] {processor.py:830} INFO - Processing file /home/airflow/.local/lib/python3.8/site-packages/airflow/example_dags/example_sensors.py for tasks to queue
[2026-04-21T09:42:00.935+0000] {logging_mixin.py:188} INFO - [2026-04-21T09:42:00.935+0000] {dagbag.py:538} INFO - Filling up the DagBag from /home/airflow/.local/lib/python3.8/site-packages/airflow/example_dags/example_sensors.py
[2026-04-21T09:42:00.943+0000] {processor.py:840} INFO - DAG(s) 'example_sensors' retrieved from /home/airflow/.local/lib/python3.8/site-packages/airflow/example_dags/example_sensors.py
[2026-04-21T09:42:00.961+0000] {logging_mixin.py:188} INFO - [2026-04-21T09:42:00.961+0000] {dag.py:3036} INFO - Sync 1 DAGs
[2026-04-21T09:42:00.969+0000] {logging_mixin.py:188} INFO - [2026-04-21T09:42:00.969+0000] {dag.py:3823} INFO - Setting next_dagrun for example_sensors to None, run_after=None
[2026-04-21T09:42:00.983+0000] {processor.py:183} INFO - Processing /home/airflow/.local/lib/python3.8/site-packages/airflow/example_dags/example_sensors.py took 0.051 seconds
[2026-04-21T09:42:31.465+0000] {processor.py:161} INFO - Started process (PID=30160) to work on /home/airflow/.local/lib/python3.8/site-packages/airflow/example_dags/example_sensors.py
[2026-04-21T09:42:31.466+0000] {processor.py:830} INFO - Processing file /home/airflow/.local/lib/python3.8/site-packages/airflow/example_dags/example_sensors.py for tasks to queue
[2026-04-21T09:42:31.467+0000] {logging_mixin.py:188} INFO - [2026-04-21T09:42:31.466+0000] {dagbag.py:538} INFO - Filling up the DagBag from /home/airflow/.local/lib/python3.8/site-packages/airflow/example_dags/example_sensors.py
[2026-04-21T09:42:31.474+0000] {processor.py:840} INFO - DAG(s) 'example_sensors' retrieved from /home/airflow/.local/lib/python3.8/site-packages/airflow/example_dags/example_sensors.py
[2026-04-21T09:42:31.491+0000] {logging_mixin.py:188} INFO - [2026-04-21T09:42:31.491+0000] {dag.py:3036} INFO - Sync 1 DAGs
[2026-04-21T09:42:31.499+0000] {logging_mixin.py:188} INFO - [2026-04-21T09:42:31.499+0000] {dag.py:3823} INFO - Setting next_dagrun for example_sensors to None, run_after=None
[2026-04-21T09:42:31.510+0000] {processor.py:183} INFO - Processing /home/airflow/.local/lib/python3.8/site-packages/airflow/example_dags/example_sensors.py took 0.047 seconds
[2026-04-21T09:43:02.216+0000] {processor.py:161} INFO - Started process (PID=30215) to work on /home/airflow/.local/lib/python3.8/site-packages/airflow/example_dags/example_sensors.py
[2026-04-21T09:43:02.218+0000] {processor.py:830} INFO - Processing file /home/airflow/.local/lib/python3.8/site-packages/airflow/example_dags/example_sensors.py for tasks to queue
[2026-04-21T09:43:02.218+0000] {logging_mixin.py:188} INFO - [2026-04-21T09:43:02.218+0000] {dagbag.py:538} INFO - Filling up the DagBag from /home/airflow/.local/lib/python3.8/site-packages/airflow/example_dags/example_sensors.py
[2026-04-21T09:43:02.227+0000] {processor.py:840} INFO - DAG(s) 'example_sensors' retrieved from /home/airflow/.local/lib/python3.8/site-packages/airflow/example_dags/example_sensors.py
[2026-04-21T09:43:02.248+0000] {logging_mixin.py:188} INFO - [2026-04-21T09:43:02.247+0000] {dag.py:3036} INFO - Sync 1 DAGs
[2026-04-21T09:43:02.257+0000] {logging_mixin.py:188} INFO - [2026-04-21T09:43:02.257+0000] {dag.py:3823} INFO - Setting next_dagrun for example_sensors to None, run_after=None
[2026-04-21T09:43:02.270+0000] {processor.py:183} INFO - Processing /home/airflow/.local/lib/python3.8/site-packages/airflow/example_dags/example_sensors.py took 0.056 seconds
[2026-04-21T09:43:32.619+0000] {processor.py:161} INFO - Started process (PID=30269) to work on /home/airflow/.local/lib/python3.8/site-packages/airflow/example_dags/example_sensors.py
[2026-04-21T09:43:32.620+0000] {processor.py:830} INFO - Processing file /home/airflow/.local/lib/python3.8/site-packages/airflow/example_dags/example_sensors.py for tasks to queue
[2026-04-21T09:43:32.620+0000] {logging_mixin.py:188} INFO - [2026-04-21T09:43:32.620+0000] {dagbag.py:538} INFO - Filling up the DagBag from /home/airflow/.local/lib/python3.8/site-packages/airflow/example_dags/example_sensors.py
[2026-04-21T09:43:32.627+0000] {processor.py:840} INFO - DAG(s) 'example_sensors' retrieved from /home/airflow/.local/lib/python3.8/site-packages/airflow/example_dags/example_sensors.py
[2026-04-21T09:43:32.645+0000] {logging_mixin.py:188} INFO - [2026-04-21T09:43:32.645+0000] {dag.py:3036} INFO - Sync 1 DAGs
[2026-04-21T09:43:32.654+0000] {logging_mixin.py:188} INFO - [2026-04-21T09:43:32.654+0000] {dag.py:3823} INFO - Setting next_dagrun for example_sensors to None, run_after=None
[2026-04-21T09:43:32.664+0000] {processor.py:183} INFO - Processing /home/airflow/.local/lib/python3.8/site-packages/airflow/example_dags/example_sensors.py took 0.048 seconds
[2026-04-21T09:44:02.862+0000] {processor.py:161} INFO - Started process (PID=30322) to work on /home/airflow/.local/lib/python3.8/site-packages/airflow/example_dags/example_sensors.py
[2026-04-21T09:44:02.863+0000] {processor.py:830} INFO - Processing file /home/airflow/.local/lib/python3.8/site-packages/airflow/example_dags/example_sensors.py for tasks to queue
[2026-04-21T09:44:02.863+0000] {logging_mixin.py:188} INFO - [2026-04-21T09:44:02.863+0000] {dagbag.py:538} INFO - Filling up the DagBag from /home/airflow/.local/lib/python3.8/site-packages/airflow/example_dags/example_sensors.py
[2026-04-21T09:44:02.870+0000] {processor.py:840} INFO - DAG(s) 'example_sensors' retrieved from /home/airflow/.local/lib/python3.8/site-packages/airflow/example_dags/example_sensors.py
[2026-04-21T09:44:02.888+0000] {logging_mixin.py:188} INFO - [2026-04-21T09:44:02.888+0000] {dag.py:3036} INFO - Sync 1 DAGs
[2026-04-21T09:44:02.898+0000] {logging_mixin.py:188} INFO - [2026-04-21T09:44:02.898+0000] {dag.py:3823} INFO - Setting next_dagrun for example_sensors to None, run_after=None
[2026-04-21T09:44:03.036+0000] {processor.py:183} INFO - Processing /home/airflow/.local/lib/python3.8/site-packages/airflow/example_dags/example_sensors.py took 0.177 seconds
[2026-04-21T09:44:33.334+0000] {processor.py:161} INFO - Started process (PID=30377) to work on /home/airflow/.local/lib/python3.8/site-packages/airflow/example_dags/example_sensors.py
[2026-04-21T09:44:33.335+0000] {processor.py:830} INFO - Processing file /home/airflow/.local/lib/python3.8/site-packages/airflow/example_dags/example_sensors.py for tasks to queue
[2026-04-21T09:44:33.336+0000] {logging_mixin.py:188} INFO - [2026-04-21T09:44:33.336+0000] {dagbag.py:538} INFO - Filling up the DagBag from /home/airflow/.local/lib/python3.8/site-packages/airflow/example_dags/example_sensors.py
[2026-04-21T09:44:33.347+0000] {processor.py:840} INFO - DAG(s) 'example_sensors' retrieved from /home/airflow/.local/lib/python3.8/site-packages/airflow/example_dags/example_sensors.py
[2026-04-21T09:44:33.370+0000] {logging_mixin.py:188} INFO - [2026-04-21T09:44:33.370+0000] {dag.py:3036} INFO - Sync 1 DAGs
[2026-04-21T09:44:33.380+0000] {logging_mixin.py:188} INFO - [2026-04-21T09:44:33.380+0000] {dag.py:3823} INFO - Setting next_dagrun for example_sensors to None, run_after=None
[2026-04-21T09:44:33.392+0000] {processor.py:183} INFO - Processing /home/airflow/.local/lib/python3.8/site-packages/airflow/example_dags/example_sensors.py took 0.061 seconds
[2026-04-21T09:45:04.025+0000] {processor.py:161} INFO - Started process (PID=30438) to work on /home/airflow/.local/lib/python3.8/site-packages/airflow/example_dags/example_sensors.py
[2026-04-21T09:45:04.026+0000] {processor.py:830} INFO - Processing file /home/airflow/.local/lib/python3.8/site-packages/airflow/example_dags/example_sensors.py for tasks to queue
[2026-04-21T09:45:04.027+0000] {logging_mixin.py:188} INFO - [2026-04-21T09:45:04.026+0000] {dagbag.py:538} INFO - Filling up the DagBag from /home/airflow/.local/lib/python3.8/site-packages/airflow/example_dags/example_sensors.py
[2026-04-21T09:45:04.033+0000] {processor.py:840} INFO - DAG(s) 'example_sensors' retrieved from /home/airflow/.local/lib/python3.8/site-packages/airflow/example_dags/example_sensors.py
[2026-04-21T09:45:04.053+0000] {logging_mixin.py:188} INFO - [2026-04-21T09:45:04.052+0000] {dag.py:3036} INFO - Sync 1 DAGs
[2026-04-21T09:45:04.061+0000] {logging_mixin.py:188} INFO - [2026-04-21T09:45:04.060+0000] {dag.py:3823} INFO - Setting next_dagrun for example_sensors to None, run_after=None
[2026-04-21T09:45:04.072+0000] {processor.py:183} INFO - Processing /home/airflow/.local/lib/python3.8/site-packages/airflow/example_dags/example_sensors.py took 0.050 seconds
[2026-04-21T09:45:38.605+0000] {processor.py:161} INFO - Started process (PID=30494) to work on /home/airflow/.local/lib/python3.8/site-packages/airflow/example_dags/example_sensors.py
[2026-04-21T09:45:38.606+0000] {processor.py:830} INFO - Processing file /home/airflow/.local/lib/python3.8/site-packages/airflow/example_dags/example_sensors.py for tasks to queue
[2026-04-21T09:45:38.609+0000] {logging_mixin.py:188} INFO - [2026-04-21T09:45:38.607+0000] {dagbag.py:538} INFO - Filling up the DagBag from /home/airflow/.local/lib/python3.8/site-packages/airflow/example_dags/example_sensors.py
[2026-04-21T09:45:38.628+0000] {processor.py:840} INFO - DAG(s) 'example_sensors' retrieved from /home/airflow/.local/lib/python3.8/site-packages/airflow/example_dags/example_sensors.py
[2026-04-21T09:45:38.792+0000] {logging_mixin.py:188} INFO - [2026-04-21T09:45:38.791+0000] {dag.py:3036} INFO - Sync 1 DAGs
[2026-04-21T09:45:38.811+0000] {logging_mixin.py:188} INFO - [2026-04-21T09:45:38.811+0000] {dag.py:3823} INFO - Setting next_dagrun for example_sensors to None, run_after=None
[2026-04-21T09:45:38.830+0000] {processor.py:183} INFO - Processing /home/airflow/.local/lib/python3.8/site-packages/airflow/example_dags/example_sensors.py took 0.232 seconds
[2026-04-21T09:46:09.498+0000] {processor.py:161} INFO - Started process (PID=30549) to work on /home/airflow/.local/lib/python3.8/site-packages/airflow/example_dags/example_sensors.py
[2026-04-21T09:46:09.499+0000] {processor.py:830} INFO - Processing file /home/airflow/.local/lib/python3.8/site-packages/airflow/example_dags/example_sensors.py for tasks to queue
[2026-04-21T09:46:09.500+0000] {logging_mixin.py:188} INFO - [2026-04-21T09:46:09.499+0000] {dagbag.py:538} INFO - Filling up the DagBag from /home/airflow/.local/lib/python3.8/site-packages/airflow/example_dags/example_sensors.py
[2026-04-21T09:46:09.506+0000] {processor.py:840} INFO - DAG(s) 'example_sensors' retrieved from /home/airflow/.local/lib/python3.8/site-packages/airflow/example_dags/example_sensors.py
[2026-04-21T09:46:09.525+0000] {logging_mixin.py:188} INFO - [2026-04-21T09:46:09.525+0000] {dag.py:3036} INFO - Sync 1 DAGs
[2026-04-21T09:46:09.648+0000] {logging_mixin.py:188} INFO - [2026-04-21T09:46:09.647+0000] {dag.py:3823} INFO - Setting next_dagrun for example_sensors to None, run_after=None
[2026-04-21T09:46:09.660+0000] {processor.py:183} INFO - Processing /home/airflow/.local/lib/python3.8/site-packages/airflow/example_dags/example_sensors.py took 0.164 seconds
[2026-04-21T09:46:39.890+0000] {processor.py:161} INFO - Started process (PID=30604) to work on /home/airflow/.local/lib/python3.8/site-packages/airflow/example_dags/example_sensors.py
[2026-04-21T09:46:39.891+0000] {processor.py:830} INFO - Processing file /home/airflow/.local/lib/python3.8/site-packages/airflow/example_dags/example_sensors.py for tasks to queue
[2026-04-21T09:46:39.892+0000] {logging_mixin.py:188} INFO - [2026-04-21T09:46:39.891+0000] {dagbag.py:538} INFO - Filling up the DagBag from /home/airflow/.local/lib/python3.8/site-packages/airflow/example_dags/example_sensors.py
[2026-04-21T09:46:39.898+0000] {processor.py:840} INFO - DAG(s) 'example_sensors' retrieved from /home/airflow/.local/lib/python3.8/site-packages/airflow/example_dags/example_sensors.py
[2026-04-21T09:46:39.915+0000] {logging_mixin.py:188} INFO - [2026-04-21T09:46:39.914+0000] {dag.py:3036} INFO - Sync 1 DAGs
[2026-04-21T09:46:39.923+0000] {logging_mixin.py:188} INFO - [2026-04-21T09:46:39.923+0000] {dag.py:3823} INFO - Setting next_dagrun for example_sensors to None, run_after=None
[2026-04-21T09:46:39.933+0000] {processor.py:183} INFO - Processing /home/airflow/.local/lib/python3.8/site-packages/airflow/example_dags/example_sensors.py took 0.046 seconds
[2026-04-21T09:47:10.701+0000] {processor.py:161} INFO - Started process (PID=30659) to work on /home/airflow/.local/lib/python3.8/site-packages/airflow/example_dags/example_sensors.py
[2026-04-21T09:47:10.702+0000] {processor.py:830} INFO - Processing file /home/airflow/.local/lib/python3.8/site-packages/airflow/example_dags/example_sensors.py for tasks to queue
[2026-04-21T09:47:10.702+0000] {logging_mixin.py:188} INFO - [2026-04-21T09:47:10.702+0000] {dagbag.py:538} INFO - Filling up the DagBag from /home/airflow/.local/lib/python3.8/site-packages/airflow/example_dags/example_sensors.py
[2026-04-21T09:47:10.709+0000] {processor.py:840} INFO - DAG(s) 'example_sensors' retrieved from /home/airflow/.local/lib/python3.8/site-packages/airflow/example_dags/example_sensors.py
[2026-04-21T09:47:10.725+0000] {logging_mixin.py:188} INFO - [2026-04-21T09:47:10.725+0000] {dag.py:3036} INFO - Sync 1 DAGs
[2026-04-21T09:47:10.733+0000] {logging_mixin.py:188} INFO - [2026-04-21T09:47:10.732+0000] {dag.py:3823} INFO - Setting next_dagrun for example_sensors to None, run_after=None
[2026-04-21T09:47:10.743+0000] {processor.py:183} INFO - Processing /home/airflow/.local/lib/python3.8/site-packages/airflow/example_dags/example_sensors.py took 0.044 seconds
[2026-04-21T09:47:40.795+0000] {processor.py:161} INFO - Started process (PID=30713) to work on /home/airflow/.local/lib/python3.8/site-packages/airflow/example_dags/example_sensors.py
[2026-04-21T09:47:40.795+0000] {processor.py:830} INFO - Processing file /home/airflow/.local/lib/python3.8/site-packages/airflow/example_dags/example_sensors.py for tasks to queue
[2026-04-21T09:47:40.796+0000] {logging_mixin.py:188} INFO - [2026-04-21T09:47:40.796+0000] {dagbag.py:538} INFO - Filling up the DagBag from /home/airflow/.local/lib/python3.8/site-packages/airflow/example_dags/example_sensors.py
[2026-04-21T09:47:40.803+0000] {processor.py:840} INFO - DAG(s) 'example_sensors' retrieved from /home/airflow/.local/lib/python3.8/site-packages/airflow/example_dags/example_sensors.py
[2026-04-21T09:47:40.819+0000] {logging_mixin.py:188} INFO - [2026-04-21T09:47:40.819+0000] {dag.py:3036} INFO - Sync 1 DAGs
[2026-04-21T09:47:40.828+0000] {logging_mixin.py:188} INFO - [2026-04-21T09:47:40.827+0000] {dag.py:3823} INFO - Setting next_dagrun for example_sensors to None, run_after=None
[2026-04-21T09:47:40.838+0000] {processor.py:183} INFO - Processing /home/airflow/.local/lib/python3.8/site-packages/airflow/example_dags/example_sensors.py took 0.045 seconds
[2026-04-21T09:48:10.940+0000] {processor.py:161} INFO - Started process (PID=30768) to work on /home/airflow/.local/lib/python3.8/site-packages/airflow/example_dags/example_sensors.py
[2026-04-21T09:48:10.941+0000] {processor.py:830} INFO - Processing file /home/airflow/.local/lib/python3.8/site-packages/airflow/example_dags/example_sensors.py for tasks to queue
[2026-04-21T09:48:10.941+0000] {logging_mixin.py:188} INFO - [2026-04-21T09:48:10.941+0000] {dagbag.py:538} INFO - Filling up the DagBag from /home/airflow/.local/lib/python3.8/site-packages/airflow/example_dags/example_sensors.py
[2026-04-21T09:48:10.948+0000] {processor.py:840} INFO - DAG(s) 'example_sensors' retrieved from /home/airflow/.local/lib/python3.8/site-packages/airflow/example_dags/example_sensors.py
[2026-04-21T09:48:10.966+0000] {logging_mixin.py:188} INFO - [2026-04-21T09:48:10.966+0000] {dag.py:3036} INFO - Sync 1 DAGs
[2026-04-21T09:48:10.974+0000] {logging_mixin.py:188} INFO - [2026-04-21T09:48:10.974+0000] {dag.py:3823} INFO - Setting next_dagrun for example_sensors to None, run_after=None
[2026-04-21T09:48:10.986+0000] {processor.py:183} INFO - Processing /home/airflow/.local/lib/python3.8/site-packages/airflow/example_dags/example_sensors.py took 0.049 seconds
[2026-04-21T09:48:41.716+0000] {processor.py:161} INFO - Started process (PID=30824) to work on /home/airflow/.local/lib/python3.8/site-packages/airflow/example_dags/example_sensors.py
[2026-04-21T09:48:41.716+0000] {processor.py:830} INFO - Processing file /home/airflow/.local/lib/python3.8/site-packages/airflow/example_dags/example_sensors.py for tasks to queue
[2026-04-21T09:48:41.717+0000] {logging_mixin.py:188} INFO - [2026-04-21T09:48:41.717+0000] {dagbag.py:538} INFO - Filling up the DagBag from /home/airflow/.local/lib/python3.8/site-packages/airflow/example_dags/example_sensors.py
[2026-04-21T09:48:41.723+0000] {processor.py:840} INFO - DAG(s) 'example_sensors' retrieved from /home/airflow/.local/lib/python3.8/site-packages/airflow/example_dags/example_sensors.py
[2026-04-21T09:48:41.740+0000] {logging_mixin.py:188} INFO - [2026-04-21T09:48:41.740+0000] {dag.py:3036} INFO - Sync 1 DAGs
[2026-04-21T09:48:41.748+0000] {logging_mixin.py:188} INFO - [2026-04-21T09:48:41.748+0000] {dag.py:3823} INFO - Setting next_dagrun for example_sensors to None, run_after=None
[2026-04-21T09:48:41.760+0000] {processor.py:183} INFO - Processing /home/airflow/.local/lib/python3.8/site-packages/airflow/example_dags/example_sensors.py took 0.046 seconds
[2026-04-21T09:49:12.238+0000] {processor.py:161} INFO - Started process (PID=30879) to work on /home/airflow/.local/lib/python3.8/site-packages/airflow/example_dags/example_sensors.py
[2026-04-21T09:49:12.238+0000] {processor.py:830} INFO - Processing file /home/airflow/.local/lib/python3.8/site-packages/airflow/example_dags/example_sensors.py for tasks to queue
[2026-04-21T09:49:12.239+0000] {logging_mixin.py:188} INFO - [2026-04-21T09:49:12.239+0000] {dagbag.py:538} INFO - Filling up the DagBag from /home/airflow/.local/lib/python3.8/site-packages/airflow/example_dags/example_sensors.py
[2026-04-21T09:49:12.246+0000] {processor.py:840} INFO - DAG(s) 'example_sensors' retrieved from /home/airflow/.local/lib/python3.8/site-packages/airflow/example_dags/example_sensors.py
[2026-04-21T09:49:12.264+0000] {logging_mixin.py:188} INFO - [2026-04-21T09:49:12.264+0000] {dag.py:3036} INFO - Sync 1 DAGs
[2026-04-21T09:49:12.275+0000] {logging_mixin.py:188} INFO - [2026-04-21T09:49:12.274+0000] {dag.py:3823} INFO - Setting next_dagrun for example_sensors to None, run_after=None
[2026-04-21T09:49:12.288+0000] {processor.py:183} INFO - Processing /home/airflow/.local/lib/python3.8/site-packages/airflow/example_dags/example_sensors.py took 0.053 seconds
[2026-04-21T09:49:43.283+0000] {processor.py:161} INFO - Started process (PID=30934) to work on /home/airflow/.local/lib/python3.8/site-packages/airflow/example_dags/example_sensors.py
[2026-04-21T09:49:43.283+0000] {processor.py:830} INFO - Processing file /home/airflow/.local/lib/python3.8/site-packages/airflow/example_dags/example_sensors.py for tasks to queue
[2026-04-21T09:49:43.284+0000] {logging_mixin.py:188} INFO - [2026-04-21T09:49:43.284+0000] {dagbag.py:538} INFO - Filling up the DagBag from /home/airflow/.local/lib/python3.8/site-packages/airflow/example_dags/example_sensors.py
[2026-04-21T09:49:43.292+0000] {processor.py:840} INFO - DAG(s) 'example_sensors' retrieved from /home/airflow/.local/lib/python3.8/site-packages/airflow/example_dags/example_sensors.py
[2026-04-21T09:49:43.315+0000] {logging_mixin.py:188} INFO - [2026-04-21T09:49:43.314+0000] {dag.py:3036} INFO - Sync 1 DAGs
[2026-04-21T09:49:43.325+0000] {logging_mixin.py:188} INFO - [2026-04-21T09:49:43.325+0000] {dag.py:3823} INFO - Setting next_dagrun for example_sensors to None, run_after=None
[2026-04-21T09:49:43.338+0000] {processor.py:183} INFO - Processing /home/airflow/.local/lib/python3.8/site-packages/airflow/example_dags/example_sensors.py took 0.058 seconds
[2026-04-21T09:50:13.530+0000] {processor.py:161} INFO - Started process (PID=30989) to work on /home/airflow/.local/lib/python3.8/site-packages/airflow/example_dags/example_sensors.py
[2026-04-21T09:50:13.531+0000] {processor.py:830} INFO - Processing file /home/airflow/.local/lib/python3.8/site-packages/airflow/example_dags/example_sensors.py for tasks to queue
[2026-04-21T09:50:13.531+0000] {logging_mixin.py:188} INFO - [2026-04-21T09:50:13.531+0000] {dagbag.py:538} INFO - Filling up the DagBag from /home/airflow/.local/lib/python3.8/site-packages/airflow/example_dags/example_sensors.py
[2026-04-21T09:50:13.540+0000] {processor.py:840} INFO - DAG(s) 'example_sensors' retrieved from /home/airflow/.local/lib/python3.8/site-packages/airflow/example_dags/example_sensors.py
[2026-04-21T09:50:13.556+0000] {logging_mixin.py:188} INFO - [2026-04-21T09:50:13.556+0000] {dag.py:3036} INFO - Sync 1 DAGs
[2026-04-21T09:50:13.565+0000] {logging_mixin.py:188} INFO - [2026-04-21T09:50:13.565+0000] {dag.py:3823} INFO - Setting next_dagrun for example_sensors to None, run_after=None
[2026-04-21T09:50:13.575+0000] {processor.py:183} INFO - Processing /home/airflow/.local/lib/python3.8/site-packages/airflow/example_dags/example_sensors.py took 0.047 seconds
[2026-04-21T09:50:44.236+0000] {processor.py:161} INFO - Started process (PID=31044) to work on /home/airflow/.local/lib/python3.8/site-packages/airflow/example_dags/example_sensors.py
[2026-04-21T09:50:44.236+0000] {processor.py:830} INFO - Processing file /home/airflow/.local/lib/python3.8/site-packages/airflow/example_dags/example_sensors.py for tasks to queue
[2026-04-21T09:50:44.237+0000] {logging_mixin.py:188} INFO - [2026-04-21T09:50:44.237+0000] {dagbag.py:538} INFO - Filling up the DagBag from /home/airflow/.local/lib/python3.8/site-packages/airflow/example_dags/example_sensors.py
[2026-04-21T09:50:44.244+0000] {processor.py:840} INFO - DAG(s) 'example_sensors' retrieved from /home/airflow/.local/lib/python3.8/site-packages/airflow/example_dags/example_sensors.py
[2026-04-21T09:50:44.260+0000] {logging_mixin.py:188} INFO - [2026-04-21T09:50:44.260+0000] {dag.py:3036} INFO - Sync 1 DAGs
[2026-04-21T09:50:44.268+0000] {logging_mixin.py:188} INFO - [2026-04-21T09:50:44.268+0000] {dag.py:3823} INFO - Setting next_dagrun for example_sensors to None, run_after=None
[2026-04-21T09:50:44.278+0000] {processor.py:183} INFO - Processing /home/airflow/.local/lib/python3.8/site-packages/airflow/example_dags/example_sensors.py took 0.045 seconds
[2026-04-21T09:51:14.426+0000] {processor.py:161} INFO - Started process (PID=31099) to work on /home/airflow/.local/lib/python3.8/site-packages/airflow/example_dags/example_sensors.py
[2026-04-21T09:51:14.426+0000] {processor.py:830} INFO - Processing file /home/airflow/.local/lib/python3.8/site-packages/airflow/example_dags/example_sensors.py for tasks to queue
[2026-04-21T09:51:14.427+0000] {logging_mixin.py:188} INFO - [2026-04-21T09:51:14.427+0000] {dagbag.py:538} INFO - Filling up the DagBag from /home/airflow/.local/lib/python3.8/site-packages/airflow/example_dags/example_sensors.py
[2026-04-21T09:51:14.433+0000] {processor.py:840} INFO - DAG(s) 'example_sensors' retrieved from /home/airflow/.local/lib/python3.8/site-packages/airflow/example_dags/example_sensors.py
[2026-04-21T09:51:14.450+0000] {logging_mixin.py:188} INFO - [2026-04-21T09:51:14.450+0000] {dag.py:3036} INFO - Sync 1 DAGs
[2026-04-21T09:51:14.458+0000] {logging_mixin.py:188} INFO - [2026-04-21T09:51:14.458+0000] {dag.py:3823} INFO - Setting next_dagrun for example_sensors to None, run_after=None
[2026-04-21T09:51:14.468+0000] {processor.py:183} INFO - Processing /home/airflow/.local/lib/python3.8/site-packages/airflow/example_dags/example_sensors.py took 0.045 seconds
[2026-04-21T09:51:45.046+0000] {processor.py:161} INFO - Started process (PID=31154) to work on /home/airflow/.local/lib/python3.8/site-packages/airflow/example_dags/example_sensors.py
[2026-04-21T09:51:45.047+0000] {processor.py:830} INFO - Processing file /home/airflow/.local/lib/python3.8/site-packages/airflow/example_dags/example_sensors.py for tasks to queue
[2026-04-21T09:51:45.048+0000] {logging_mixin.py:188} INFO - [2026-04-21T09:51:45.047+0000] {dagbag.py:538} INFO - Filling up the DagBag from /home/airflow/.local/lib/python3.8/site-packages/airflow/example_dags/example_sensors.py
[2026-04-21T09:51:45.054+0000] {processor.py:840} INFO - DAG(s) 'example_sensors' retrieved from /home/airflow/.local/lib/python3.8/site-packages/airflow/example_dags/example_sensors.py
[2026-04-21T09:51:45.070+0000] {logging_mixin.py:188} INFO - [2026-04-21T09:51:45.070+0000] {dag.py:3036} INFO - Sync 1 DAGs
[2026-04-21T09:51:45.078+0000] {logging_mixin.py:188} INFO - [2026-04-21T09:51:45.078+0000] {dag.py:3823} INFO - Setting next_dagrun for example_sensors to None, run_after=None
[2026-04-21T09:51:45.088+0000] {processor.py:183} INFO - Processing /home/airflow/.local/lib/python3.8/site-packages/airflow/example_dags/example_sensors.py took 0.044 seconds
[2026-04-21T09:52:15.164+0000] {processor.py:161} INFO - Started process (PID=31208) to work on /home/airflow/.local/lib/python3.8/site-packages/airflow/example_dags/example_sensors.py
[2026-04-21T09:52:15.164+0000] {processor.py:830} INFO - Processing file /home/airflow/.local/lib/python3.8/site-packages/airflow/example_dags/example_sensors.py for tasks to queue
[2026-04-21T09:52:15.165+0000] {logging_mixin.py:188} INFO - [2026-04-21T09:52:15.165+0000] {dagbag.py:538} INFO - Filling up the DagBag from /home/airflow/.local/lib/python3.8/site-packages/airflow/example_dags/example_sensors.py
[2026-04-21T09:52:15.172+0000] {processor.py:840} INFO - DAG(s) 'example_sensors' retrieved from /home/airflow/.local/lib/python3.8/site-packages/airflow/example_dags/example_sensors.py
[2026-04-21T09:52:15.188+0000] {logging_mixin.py:188} INFO - [2026-04-21T09:52:15.188+0000] {dag.py:3036} INFO - Sync 1 DAGs
[2026-04-21T09:52:15.196+0000] {logging_mixin.py:188} INFO - [2026-04-21T09:52:15.196+0000] {dag.py:3823} INFO - Setting next_dagrun for example_sensors to None, run_after=None
[2026-04-21T09:52:15.205+0000] {processor.py:183} INFO - Processing /home/airflow/.local/lib/python3.8/site-packages/airflow/example_dags/example_sensors.py took 0.044 seconds
[2026-04-21T09:52:45.854+0000] {processor.py:161} INFO - Started process (PID=31264) to work on /home/airflow/.local/lib/python3.8/site-packages/airflow/example_dags/example_sensors.py
[2026-04-21T09:52:45.856+0000] {processor.py:830} INFO - Processing file /home/airflow/.local/lib/python3.8/site-packages/airflow/example_dags/example_sensors.py for tasks to queue
[2026-04-21T09:52:45.856+0000] {logging_mixin.py:188} INFO - [2026-04-21T09:52:45.856+0000] {dagbag.py:538} INFO - Filling up the DagBag from /home/airflow/.local/lib/python3.8/site-packages/airflow/example_dags/example_sensors.py
[2026-04-21T09:52:45.863+0000] {processor.py:840} INFO - DAG(s) 'example_sensors' retrieved from /home/airflow/.local/lib/python3.8/site-packages/airflow/example_dags/example_sensors.py
[2026-04-21T09:52:45.879+0000] {logging_mixin.py:188} INFO - [2026-04-21T09:52:45.879+0000] {dag.py:3036} INFO - Sync 1 DAGs
[2026-04-21T09:52:45.887+0000] {logging_mixin.py:188} INFO - [2026-04-21T09:52:45.887+0000] {dag.py:3823} INFO - Setting next_dagrun for example_sensors to None, run_after=None
[2026-04-21T09:52:45.896+0000] {processor.py:183} INFO - Processing /home/airflow/.local/lib/python3.8/site-packages/airflow/example_dags/example_sensors.py took 0.044 seconds
[2026-04-21T09:53:15.974+0000] {processor.py:161} INFO - Started process (PID=31318) to work on /home/airflow/.local/lib/python3.8/site-packages/airflow/example_dags/example_sensors.py
[2026-04-21T09:53:15.975+0000] {processor.py:830} INFO - Processing file /home/airflow/.local/lib/python3.8/site-packages/airflow/example_dags/example_sensors.py for tasks to queue
[2026-04-21T09:53:15.975+0000] {logging_mixin.py:188} INFO - [2026-04-21T09:53:15.975+0000] {dagbag.py:538} INFO - Filling up the DagBag from /home/airflow/.local/lib/python3.8/site-packages/airflow/example_dags/example_sensors.py
[2026-04-21T09:53:15.981+0000] {processor.py:840} INFO - DAG(s) 'example_sensors' retrieved from /home/airflow/.local/lib/python3.8/site-packages/airflow/example_dags/example_sensors.py
[2026-04-21T09:53:15.998+0000] {logging_mixin.py:188} INFO - [2026-04-21T09:53:15.997+0000] {dag.py:3036} INFO - Sync 1 DAGs
[2026-04-21T09:53:16.005+0000] {logging_mixin.py:188} INFO - [2026-04-21T09:53:16.005+0000] {dag.py:3823} INFO - Setting next_dagrun for example_sensors to None, run_after=None
[2026-04-21T09:53:16.015+0000] {processor.py:183} INFO - Processing /home/airflow/.local/lib/python3.8/site-packages/airflow/example_dags/example_sensors.py took 0.044 seconds
[2026-04-21T09:53:46.763+0000] {processor.py:161} INFO - Started process (PID=31374) to work on /home/airflow/.local/lib/python3.8/site-packages/airflow/example_dags/example_sensors.py
[2026-04-21T09:53:46.763+0000] {processor.py:830} INFO - Processing file /home/airflow/.local/lib/python3.8/site-packages/airflow/example_dags/example_sensors.py for tasks to queue
[2026-04-21T09:53:46.764+0000] {logging_mixin.py:188} INFO - [2026-04-21T09:53:46.764+0000] {dagbag.py:538} INFO - Filling up the DagBag from /home/airflow/.local/lib/python3.8/site-packages/airflow/example_dags/example_sensors.py
[2026-04-21T09:53:46.770+0000] {processor.py:840} INFO - DAG(s) 'example_sensors' retrieved from /home/airflow/.local/lib/python3.8/site-packages/airflow/example_dags/example_sensors.py
[2026-04-21T09:53:46.786+0000] {logging_mixin.py:188} INFO - [2026-04-21T09:53:46.786+0000] {dag.py:3036} INFO - Sync 1 DAGs
[2026-04-21T09:53:46.794+0000] {logging_mixin.py:188} INFO - [2026-04-21T09:53:46.794+0000] {dag.py:3823} INFO - Setting next_dagrun for example_sensors to None, run_after=None
[2026-04-21T09:53:46.804+0000] {processor.py:183} INFO - Processing /home/airflow/.local/lib/python3.8/site-packages/airflow/example_dags/example_sensors.py took 0.044 seconds
[2026-04-21T09:54:16.920+0000] {processor.py:161} INFO - Started process (PID=31428) to work on /home/airflow/.local/lib/python3.8/site-packages/airflow/example_dags/example_sensors.py
[2026-04-21T09:54:16.921+0000] {processor.py:830} INFO - Processing file /home/airflow/.local/lib/python3.8/site-packages/airflow/example_dags/example_sensors.py for tasks to queue
[2026-04-21T09:54:16.921+0000] {logging_mixin.py:188} INFO - [2026-04-21T09:54:16.921+0000] {dagbag.py:538} INFO - Filling up the DagBag from /home/airflow/.local/lib/python3.8/site-packages/airflow/example_dags/example_sensors.py
[2026-04-21T09:54:16.930+0000] {processor.py:840} INFO - DAG(s) 'example_sensors' retrieved from /home/airflow/.local/lib/python3.8/site-packages/airflow/example_dags/example_sensors.py
[2026-04-21T09:54:16.949+0000] {logging_mixin.py:188} INFO - [2026-04-21T09:54:16.949+0000] {dag.py:3036} INFO - Sync 1 DAGs
[2026-04-21T09:54:16.957+0000] {logging_mixin.py:188} INFO - [2026-04-21T09:54:16.957+0000] {dag.py:3823} INFO - Setting next_dagrun for example_sensors to None, run_after=None
[2026-04-21T09:54:16.967+0000] {processor.py:183} INFO - Processing /home/airflow/.local/lib/python3.8/site-packages/airflow/example_dags/example_sensors.py took 0.049 seconds
[2026-04-21T09:54:47.201+0000] {processor.py:161} INFO - Started process (PID=31483) to work on /home/airflow/.local/lib/python3.8/site-packages/airflow/example_dags/example_sensors.py
[2026-04-21T09:54:47.202+0000] {processor.py:830} INFO - Processing file /home/airflow/.local/lib/python3.8/site-packages/airflow/example_dags/example_sensors.py for tasks to queue
[2026-04-21T09:54:47.202+0000] {logging_mixin.py:188} INFO - [2026-04-21T09:54:47.202+0000] {dagbag.py:538} INFO - Filling up the DagBag from /home/airflow/.local/lib/python3.8/site-packages/airflow/example_dags/example_sensors.py
[2026-04-21T09:54:47.210+0000] {processor.py:840} INFO - DAG(s) 'example_sensors' retrieved from /home/airflow/.local/lib/python3.8/site-packages/airflow/example_dags/example_sensors.py
[2026-04-21T09:54:47.227+0000] {logging_mixin.py:188} INFO - [2026-04-21T09:54:47.226+0000] {dag.py:3036} INFO - Sync 1 DAGs
[2026-04-21T09:54:47.234+0000] {logging_mixin.py:188} INFO - [2026-04-21T09:54:47.234+0000] {dag.py:3823} INFO - Setting next_dagrun for example_sensors to None, run_after=None
[2026-04-21T09:54:47.245+0000] {processor.py:183} INFO - Processing /home/airflow/.local/lib/python3.8/site-packages/airflow/example_dags/example_sensors.py took 0.046 seconds
[2026-04-21T09:55:17.531+0000] {processor.py:161} INFO - Started process (PID=31538) to work on /home/airflow/.local/lib/python3.8/site-packages/airflow/example_dags/example_sensors.py
[2026-04-21T09:55:17.532+0000] {processor.py:830} INFO - Processing file /home/airflow/.local/lib/python3.8/site-packages/airflow/example_dags/example_sensors.py for tasks to queue
[2026-04-21T09:55:17.533+0000] {logging_mixin.py:188} INFO - [2026-04-21T09:55:17.532+0000] {dagbag.py:538} INFO - Filling up the DagBag from /home/airflow/.local/lib/python3.8/site-packages/airflow/example_dags/example_sensors.py
[2026-04-21T09:55:17.539+0000] {processor.py:840} INFO - DAG(s) 'example_sensors' retrieved from /home/airflow/.local/lib/python3.8/site-packages/airflow/example_dags/example_sensors.py
[2026-04-21T09:55:17.557+0000] {logging_mixin.py:188} INFO - [2026-04-21T09:55:17.557+0000] {dag.py:3036} INFO - Sync 1 DAGs
[2026-04-21T09:55:17.565+0000] {logging_mixin.py:188} INFO - [2026-04-21T09:55:17.565+0000] {dag.py:3823} INFO - Setting next_dagrun for example_sensors to None, run_after=None
[2026-04-21T09:55:17.576+0000] {processor.py:183} INFO - Processing /home/airflow/.local/lib/python3.8/site-packages/airflow/example_dags/example_sensors.py took 0.047 seconds
[2026-04-21T09:55:47.996+0000] {processor.py:161} INFO - Started process (PID=31593) to work on /home/airflow/.local/lib/python3.8/site-packages/airflow/example_dags/example_sensors.py
[2026-04-21T09:55:47.997+0000] {processor.py:830} INFO - Processing file /home/airflow/.local/lib/python3.8/site-packages/airflow/example_dags/example_sensors.py for tasks to queue
[2026-04-21T09:55:47.998+0000] {logging_mixin.py:188} INFO - [2026-04-21T09:55:47.997+0000] {dagbag.py:538} INFO - Filling up the DagBag from /home/airflow/.local/lib/python3.8/site-packages/airflow/example_dags/example_sensors.py
[2026-04-21T09:55:48.005+0000] {processor.py:840} INFO - DAG(s) 'example_sensors' retrieved from /home/airflow/.local/lib/python3.8/site-packages/airflow/example_dags/example_sensors.py
[2026-04-21T09:55:48.036+0000] {logging_mixin.py:188} INFO - [2026-04-21T09:55:48.036+0000] {dag.py:3036} INFO - Sync 1 DAGs
[2026-04-21T09:55:48.044+0000] {logging_mixin.py:188} INFO - [2026-04-21T09:55:48.044+0000] {dag.py:3823} INFO - Setting next_dagrun for example_sensors to None, run_after=None
[2026-04-21T09:55:48.055+0000] {processor.py:183} INFO - Processing /home/airflow/.local/lib/python3.8/site-packages/airflow/example_dags/example_sensors.py took 0.061 seconds
[2026-04-21T09:56:18.162+0000] {processor.py:161} INFO - Started process (PID=31648) to work on /home/airflow/.local/lib/python3.8/site-packages/airflow/example_dags/example_sensors.py
[2026-04-21T09:56:18.163+0000] {processor.py:830} INFO - Processing file /home/airflow/.local/lib/python3.8/site-packages/airflow/example_dags/example_sensors.py for tasks to queue
[2026-04-21T09:56:18.164+0000] {logging_mixin.py:188} INFO - [2026-04-21T09:56:18.164+0000] {dagbag.py:538} INFO - Filling up the DagBag from /home/airflow/.local/lib/python3.8/site-packages/airflow/example_dags/example_sensors.py
[2026-04-21T09:56:18.171+0000] {processor.py:840} INFO - DAG(s) 'example_sensors' retrieved from /home/airflow/.local/lib/python3.8/site-packages/airflow/example_dags/example_sensors.py
[2026-04-21T09:56:18.187+0000] {logging_mixin.py:188} INFO - [2026-04-21T09:56:18.187+0000] {dag.py:3036} INFO - Sync 1 DAGs
[2026-04-21T09:56:18.195+0000] {logging_mixin.py:188} INFO - [2026-04-21T09:56:18.195+0000] {dag.py:3823} INFO - Setting next_dagrun for example_sensors to None, run_after=None
[2026-04-21T09:56:18.204+0000] {processor.py:183} INFO - Processing /home/airflow/.local/lib/python3.8/site-packages/airflow/example_dags/example_sensors.py took 0.044 seconds
[2026-04-21T09:56:48.321+0000] {processor.py:161} INFO - Started process (PID=31704) to work on /home/airflow/.local/lib/python3.8/site-packages/airflow/example_dags/example_sensors.py
[2026-04-21T09:56:48.322+0000] {processor.py:830} INFO - Processing file /home/airflow/.local/lib/python3.8/site-packages/airflow/example_dags/example_sensors.py for tasks to queue
[2026-04-21T09:56:48.322+0000] {logging_mixin.py:188} INFO - [2026-04-21T09:56:48.322+0000] {dagbag.py:538} INFO - Filling up the DagBag from /home/airflow/.local/lib/python3.8/site-packages/airflow/example_dags/example_sensors.py
[2026-04-21T09:56:48.329+0000] {processor.py:840} INFO - DAG(s) 'example_sensors' retrieved from /home/airflow/.local/lib/python3.8/site-packages/airflow/example_dags/example_sensors.py
[2026-04-21T09:56:48.345+0000] {logging_mixin.py:188} INFO - [2026-04-21T09:56:48.345+0000] {dag.py:3036} INFO - Sync 1 DAGs
[2026-04-21T09:56:48.353+0000] {logging_mixin.py:188} INFO - [2026-04-21T09:56:48.352+0000] {dag.py:3823} INFO - Setting next_dagrun for example_sensors to None, run_after=None
[2026-04-21T09:56:48.362+0000] {processor.py:183} INFO - Processing /home/airflow/.local/lib/python3.8/site-packages/airflow/example_dags/example_sensors.py took 0.043 seconds
[2026-04-21T09:57:18.502+0000] {processor.py:161} INFO - Started process (PID=31759) to work on /home/airflow/.local/lib/python3.8/site-packages/airflow/example_dags/example_sensors.py
[2026-04-21T09:57:18.504+0000] {processor.py:830} INFO - Processing file /home/airflow/.local/lib/python3.8/site-packages/airflow/example_dags/example_sensors.py for tasks to queue
[2026-04-21T09:57:18.505+0000] {logging_mixin.py:188} INFO - [2026-04-21T09:57:18.505+0000] {dagbag.py:538} INFO - Filling up the DagBag from /home/airflow/.local/lib/python3.8/site-packages/airflow/example_dags/example_sensors.py
[2026-04-21T09:57:18.512+0000] {processor.py:840} INFO - DAG(s) 'example_sensors' retrieved from /home/airflow/.local/lib/python3.8/site-packages/airflow/example_dags/example_sensors.py
[2026-04-21T09:57:18.530+0000] {logging_mixin.py:188} INFO - [2026-04-21T09:57:18.530+0000] {dag.py:3036} INFO - Sync 1 DAGs
[2026-04-21T09:57:18.538+0000] {logging_mixin.py:188} INFO - [2026-04-21T09:57:18.538+0000] {dag.py:3823} INFO - Setting next_dagrun for example_sensors to None, run_after=None
[2026-04-21T09:57:18.549+0000] {processor.py:183} INFO - Processing /home/airflow/.local/lib/python3.8/site-packages/airflow/example_dags/example_sensors.py took 0.049 seconds
[2026-04-21T09:57:48.921+0000] {processor.py:161} INFO - Started process (PID=31814) to work on /home/airflow/.local/lib/python3.8/site-packages/airflow/example_dags/example_sensors.py
[2026-04-21T09:57:48.922+0000] {processor.py:830} INFO - Processing file /home/airflow/.local/lib/python3.8/site-packages/airflow/example_dags/example_sensors.py for tasks to queue
[2026-04-21T09:57:48.922+0000] {logging_mixin.py:188} INFO - [2026-04-21T09:57:48.922+0000] {dagbag.py:538} INFO - Filling up the DagBag from /home/airflow/.local/lib/python3.8/site-packages/airflow/example_dags/example_sensors.py
[2026-04-21T09:57:48.929+0000] {processor.py:840} INFO - DAG(s) 'example_sensors' retrieved from /home/airflow/.local/lib/python3.8/site-packages/airflow/example_dags/example_sensors.py
[2026-04-21T09:57:48.951+0000] {logging_mixin.py:188} INFO - [2026-04-21T09:57:48.951+0000] {dag.py:3036} INFO - Sync 1 DAGs
[2026-04-21T09:57:48.959+0000] {logging_mixin.py:188} INFO - [2026-04-21T09:57:48.959+0000] {dag.py:3823} INFO - Setting next_dagrun for example_sensors to None, run_after=None
[2026-04-21T09:57:48.968+0000] {processor.py:183} INFO - Processing /home/airflow/.local/lib/python3.8/site-packages/airflow/example_dags/example_sensors.py took 0.050 seconds
[2026-04-21T09:58:19.310+0000] {processor.py:161} INFO - Started process (PID=31869) to work on /home/airflow/.local/lib/python3.8/site-packages/airflow/example_dags/example_sensors.py
[2026-04-21T09:58:19.311+0000] {processor.py:830} INFO - Processing file /home/airflow/.local/lib/python3.8/site-packages/airflow/example_dags/example_sensors.py for tasks to queue
[2026-04-21T09:58:19.312+0000] {logging_mixin.py:188} INFO - [2026-04-21T09:58:19.312+0000] {dagbag.py:538} INFO - Filling up the DagBag from /home/airflow/.local/lib/python3.8/site-packages/airflow/example_dags/example_sensors.py
[2026-04-21T09:58:19.319+0000] {processor.py:840} INFO - DAG(s) 'example_sensors' retrieved from /home/airflow/.local/lib/python3.8/site-packages/airflow/example_dags/example_sensors.py
[2026-04-21T09:58:19.372+0000] {logging_mixin.py:188} INFO - [2026-04-21T09:58:19.371+0000] {dag.py:3036} INFO - Sync 1 DAGs
[2026-04-21T09:58:19.380+0000] {logging_mixin.py:188} INFO - [2026-04-21T09:58:19.380+0000] {dag.py:3823} INFO - Setting next_dagrun for example_sensors to None, run_after=None
[2026-04-21T09:58:19.389+0000] {processor.py:183} INFO - Processing /home/airflow/.local/lib/python3.8/site-packages/airflow/example_dags/example_sensors.py took 0.082 seconds
[2026-04-21T09:58:49.426+0000] {processor.py:161} INFO - Started process (PID=31924) to work on /home/airflow/.local/lib/python3.8/site-packages/airflow/example_dags/example_sensors.py
[2026-04-21T09:58:49.427+0000] {processor.py:830} INFO - Processing file /home/airflow/.local/lib/python3.8/site-packages/airflow/example_dags/example_sensors.py for tasks to queue
[2026-04-21T09:58:49.427+0000] {logging_mixin.py:188} INFO - [2026-04-21T09:58:49.427+0000] {dagbag.py:538} INFO - Filling up the DagBag from /home/airflow/.local/lib/python3.8/site-packages/airflow/example_dags/example_sensors.py
[2026-04-21T09:58:49.435+0000] {processor.py:840} INFO - DAG(s) 'example_sensors' retrieved from /home/airflow/.local/lib/python3.8/site-packages/airflow/example_dags/example_sensors.py
[2026-04-21T09:58:49.452+0000] {logging_mixin.py:188} INFO - [2026-04-21T09:58:49.452+0000] {dag.py:3036} INFO - Sync 1 DAGs
[2026-04-21T09:58:49.460+0000] {logging_mixin.py:188} INFO - [2026-04-21T09:58:49.459+0000] {dag.py:3823} INFO - Setting next_dagrun for example_sensors to None, run_after=None
[2026-04-21T09:58:49.469+0000] {processor.py:183} INFO - Processing /home/airflow/.local/lib/python3.8/site-packages/airflow/example_dags/example_sensors.py took 0.046 seconds
[2026-04-21T09:59:19.911+0000] {processor.py:161} INFO - Started process (PID=31979) to work on /home/airflow/.local/lib/python3.8/site-packages/airflow/example_dags/example_sensors.py
[2026-04-21T09:59:19.912+0000] {processor.py:830} INFO - Processing file /home/airflow/.local/lib/python3.8/site-packages/airflow/example_dags/example_sensors.py for tasks to queue
[2026-04-21T09:59:19.912+0000] {logging_mixin.py:188} INFO - [2026-04-21T09:59:19.912+0000] {dagbag.py:538} INFO - Filling up the DagBag from /home/airflow/.local/lib/python3.8/site-packages/airflow/example_dags/example_sensors.py
[2026-04-21T09:59:19.919+0000] {processor.py:840} INFO - DAG(s) 'example_sensors' retrieved from /home/airflow/.local/lib/python3.8/site-packages/airflow/example_dags/example_sensors.py
[2026-04-21T09:59:19.935+0000] {logging_mixin.py:188} INFO - [2026-04-21T09:59:19.935+0000] {dag.py:3036} INFO - Sync 1 DAGs
[2026-04-21T09:59:19.943+0000] {logging_mixin.py:188} INFO - [2026-04-21T09:59:19.943+0000] {dag.py:3823} INFO - Setting next_dagrun for example_sensors to None, run_after=None
[2026-04-21T09:59:19.953+0000] {processor.py:183} INFO - Processing /home/airflow/.local/lib/python3.8/site-packages/airflow/example_dags/example_sensors.py took 0.045 seconds
[2026-04-21T09:59:50.275+0000] {processor.py:161} INFO - Started process (PID=32034) to work on /home/airflow/.local/lib/python3.8/site-packages/airflow/example_dags/example_sensors.py
[2026-04-21T09:59:50.276+0000] {processor.py:830} INFO - Processing file /home/airflow/.local/lib/python3.8/site-packages/airflow/example_dags/example_sensors.py for tasks to queue
[2026-04-21T09:59:50.276+0000] {logging_mixin.py:188} INFO - [2026-04-21T09:59:50.276+0000] {dagbag.py:538} INFO - Filling up the DagBag from /home/airflow/.local/lib/python3.8/site-packages/airflow/example_dags/example_sensors.py
[2026-04-21T09:59:50.282+0000] {processor.py:840} INFO - DAG(s) 'example_sensors' retrieved from /home/airflow/.local/lib/python3.8/site-packages/airflow/example_dags/example_sensors.py
[2026-04-21T09:59:50.300+0000] {logging_mixin.py:188} INFO - [2026-04-21T09:59:50.300+0000] {dag.py:3036} INFO - Sync 1 DAGs
[2026-04-21T09:59:50.308+0000] {logging_mixin.py:188} INFO - [2026-04-21T09:59:50.308+0000] {dag.py:3823} INFO - Setting next_dagrun for example_sensors to None, run_after=None
[2026-04-21T09:59:50.318+0000] {processor.py:183} INFO - Processing /home/airflow/.local/lib/python3.8/site-packages/airflow/example_dags/example_sensors.py took 0.046 seconds
[2026-04-21T10:00:20.523+0000] {processor.py:161} INFO - Started process (PID=32089) to work on /home/airflow/.local/lib/python3.8/site-packages/airflow/example_dags/example_sensors.py
[2026-04-21T10:00:20.523+0000] {processor.py:830} INFO - Processing file /home/airflow/.local/lib/python3.8/site-packages/airflow/example_dags/example_sensors.py for tasks to queue
[2026-04-21T10:00:20.524+0000] {logging_mixin.py:188} INFO - [2026-04-21T10:00:20.524+0000] {dagbag.py:538} INFO - Filling up the DagBag from /home/airflow/.local/lib/python3.8/site-packages/airflow/example_dags/example_sensors.py
[2026-04-21T10:00:20.531+0000] {processor.py:840} INFO - DAG(s) 'example_sensors' retrieved from /home/airflow/.local/lib/python3.8/site-packages/airflow/example_dags/example_sensors.py
[2026-04-21T10:00:20.547+0000] {logging_mixin.py:188} INFO - [2026-04-21T10:00:20.547+0000] {dag.py:3036} INFO - Sync 1 DAGs
[2026-04-21T10:00:20.555+0000] {logging_mixin.py:188} INFO - [2026-04-21T10:00:20.555+0000] {dag.py:3823} INFO - Setting next_dagrun for example_sensors to None, run_after=None
[2026-04-21T10:00:20.565+0000] {processor.py:183} INFO - Processing /home/airflow/.local/lib/python3.8/site-packages/airflow/example_dags/example_sensors.py took 0.044 seconds
[2026-04-21T10:05:02.652+0000] {processor.py:161} INFO - Started process (PID=65) to work on /home/airflow/.local/lib/python3.8/site-packages/airflow/example_dags/example_sensors.py
[2026-04-21T10:05:02.653+0000] {processor.py:830} INFO - Processing file /home/airflow/.local/lib/python3.8/site-packages/airflow/example_dags/example_sensors.py for tasks to queue
[2026-04-21T10:05:02.655+0000] {logging_mixin.py:188} INFO - [2026-04-21T10:05:02.654+0000] {dagbag.py:538} INFO - Filling up the DagBag from /home/airflow/.local/lib/python3.8/site-packages/airflow/example_dags/example_sensors.py
[2026-04-21T10:05:02.663+0000] {processor.py:840} INFO - DAG(s) 'example_sensors' retrieved from /home/airflow/.local/lib/python3.8/site-packages/airflow/example_dags/example_sensors.py
[2026-04-21T10:05:02.684+0000] {logging_mixin.py:188} INFO - [2026-04-21T10:05:02.684+0000] {dag.py:3036} INFO - Sync 1 DAGs
[2026-04-21T10:05:02.692+0000] {logging_mixin.py:188} INFO - [2026-04-21T10:05:02.692+0000] {dag.py:3823} INFO - Setting next_dagrun for example_sensors to None, run_after=None
[2026-04-21T10:05:02.704+0000] {processor.py:183} INFO - Processing /home/airflow/.local/lib/python3.8/site-packages/airflow/example_dags/example_sensors.py took 0.055 seconds
[2026-04-21T10:05:32.969+0000] {processor.py:161} INFO - Started process (PID=120) to work on /home/airflow/.local/lib/python3.8/site-packages/airflow/example_dags/example_sensors.py
[2026-04-21T10:05:32.970+0000] {processor.py:830} INFO - Processing file /home/airflow/.local/lib/python3.8/site-packages/airflow/example_dags/example_sensors.py for tasks to queue
[2026-04-21T10:05:32.971+0000] {logging_mixin.py:188} INFO - [2026-04-21T10:05:32.971+0000] {dagbag.py:538} INFO - Filling up the DagBag from /home/airflow/.local/lib/python3.8/site-packages/airflow/example_dags/example_sensors.py
[2026-04-21T10:05:32.978+0000] {processor.py:840} INFO - DAG(s) 'example_sensors' retrieved from /home/airflow/.local/lib/python3.8/site-packages/airflow/example_dags/example_sensors.py
[2026-04-21T10:05:32.996+0000] {logging_mixin.py:188} INFO - [2026-04-21T10:05:32.996+0000] {dag.py:3036} INFO - Sync 1 DAGs
[2026-04-21T10:05:33.005+0000] {logging_mixin.py:188} INFO - [2026-04-21T10:05:33.005+0000] {dag.py:3823} INFO - Setting next_dagrun for example_sensors to None, run_after=None
[2026-04-21T10:05:33.016+0000] {processor.py:183} INFO - Processing /home/airflow/.local/lib/python3.8/site-packages/airflow/example_dags/example_sensors.py took 0.049 seconds
[2026-04-21T10:06:03.151+0000] {processor.py:161} INFO - Started process (PID=175) to work on /home/airflow/.local/lib/python3.8/site-packages/airflow/example_dags/example_sensors.py
[2026-04-21T10:06:03.152+0000] {processor.py:830} INFO - Processing file /home/airflow/.local/lib/python3.8/site-packages/airflow/example_dags/example_sensors.py for tasks to queue
[2026-04-21T10:06:03.153+0000] {logging_mixin.py:188} INFO - [2026-04-21T10:06:03.153+0000] {dagbag.py:538} INFO - Filling up the DagBag from /home/airflow/.local/lib/python3.8/site-packages/airflow/example_dags/example_sensors.py
[2026-04-21T10:06:03.159+0000] {processor.py:840} INFO - DAG(s) 'example_sensors' retrieved from /home/airflow/.local/lib/python3.8/site-packages/airflow/example_dags/example_sensors.py
[2026-04-21T10:06:03.175+0000] {logging_mixin.py:188} INFO - [2026-04-21T10:06:03.175+0000] {dag.py:3036} INFO - Sync 1 DAGs
[2026-04-21T10:06:03.183+0000] {logging_mixin.py:188} INFO - [2026-04-21T10:06:03.182+0000] {dag.py:3823} INFO - Setting next_dagrun for example_sensors to None, run_after=None
[2026-04-21T10:06:03.192+0000] {processor.py:183} INFO - Processing /home/airflow/.local/lib/python3.8/site-packages/airflow/example_dags/example_sensors.py took 0.043 seconds
[2026-04-21T10:06:33.347+0000] {processor.py:161} INFO - Started process (PID=230) to work on /home/airflow/.local/lib/python3.8/site-packages/airflow/example_dags/example_sensors.py
[2026-04-21T10:06:33.348+0000] {processor.py:830} INFO - Processing file /home/airflow/.local/lib/python3.8/site-packages/airflow/example_dags/example_sensors.py for tasks to queue
[2026-04-21T10:06:33.349+0000] {logging_mixin.py:188} INFO - [2026-04-21T10:06:33.349+0000] {dagbag.py:538} INFO - Filling up the DagBag from /home/airflow/.local/lib/python3.8/site-packages/airflow/example_dags/example_sensors.py
[2026-04-21T10:06:33.355+0000] {processor.py:840} INFO - DAG(s) 'example_sensors' retrieved from /home/airflow/.local/lib/python3.8/site-packages/airflow/example_dags/example_sensors.py
[2026-04-21T10:06:33.371+0000] {logging_mixin.py:188} INFO - [2026-04-21T10:06:33.371+0000] {dag.py:3036} INFO - Sync 1 DAGs
[2026-04-21T10:06:33.380+0000] {logging_mixin.py:188} INFO - [2026-04-21T10:06:33.380+0000] {dag.py:3823} INFO - Setting next_dagrun for example_sensors to None, run_after=None
[2026-04-21T10:06:33.391+0000] {processor.py:183} INFO - Processing /home/airflow/.local/lib/python3.8/site-packages/airflow/example_dags/example_sensors.py took 0.047 seconds
[2026-04-21T10:07:03.609+0000] {processor.py:161} INFO - Started process (PID=285) to work on /home/airflow/.local/lib/python3.8/site-packages/airflow/example_dags/example_sensors.py
[2026-04-21T10:07:03.609+0000] {processor.py:830} INFO - Processing file /home/airflow/.local/lib/python3.8/site-packages/airflow/example_dags/example_sensors.py for tasks to queue
[2026-04-21T10:07:03.610+0000] {logging_mixin.py:188} INFO - [2026-04-21T10:07:03.610+0000] {dagbag.py:538} INFO - Filling up the DagBag from /home/airflow/.local/lib/python3.8/site-packages/airflow/example_dags/example_sensors.py
[2026-04-21T10:07:03.616+0000] {processor.py:840} INFO - DAG(s) 'example_sensors' retrieved from /home/airflow/.local/lib/python3.8/site-packages/airflow/example_dags/example_sensors.py
[2026-04-21T10:07:03.631+0000] {logging_mixin.py:188} INFO - [2026-04-21T10:07:03.631+0000] {dag.py:3036} INFO - Sync 1 DAGs
[2026-04-21T10:07:03.639+0000] {logging_mixin.py:188} INFO - [2026-04-21T10:07:03.639+0000] {dag.py:3823} INFO - Setting next_dagrun for example_sensors to None, run_after=None
[2026-04-21T10:07:03.648+0000] {processor.py:183} INFO - Processing /home/airflow/.local/lib/python3.8/site-packages/airflow/example_dags/example_sensors.py took 0.042 seconds
[2026-04-21T10:07:33.822+0000] {processor.py:161} INFO - Started process (PID=340) to work on /home/airflow/.local/lib/python3.8/site-packages/airflow/example_dags/example_sensors.py
[2026-04-21T10:07:33.823+0000] {processor.py:830} INFO - Processing file /home/airflow/.local/lib/python3.8/site-packages/airflow/example_dags/example_sensors.py for tasks to queue
[2026-04-21T10:07:33.824+0000] {logging_mixin.py:188} INFO - [2026-04-21T10:07:33.824+0000] {dagbag.py:538} INFO - Filling up the DagBag from /home/airflow/.local/lib/python3.8/site-packages/airflow/example_dags/example_sensors.py
[2026-04-21T10:07:33.829+0000] {processor.py:840} INFO - DAG(s) 'example_sensors' retrieved from /home/airflow/.local/lib/python3.8/site-packages/airflow/example_dags/example_sensors.py
[2026-04-21T10:07:33.845+0000] {logging_mixin.py:188} INFO - [2026-04-21T10:07:33.845+0000] {dag.py:3036} INFO - Sync 1 DAGs
[2026-04-21T10:07:33.853+0000] {logging_mixin.py:188} INFO - [2026-04-21T10:07:33.853+0000] {dag.py:3823} INFO - Setting next_dagrun for example_sensors to None, run_after=None
[2026-04-21T10:07:33.862+0000] {processor.py:183} INFO - Processing /home/airflow/.local/lib/python3.8/site-packages/airflow/example_dags/example_sensors.py took 0.042 seconds
[2026-04-21T10:08:04.097+0000] {processor.py:161} INFO - Started process (PID=395) to work on /home/airflow/.local/lib/python3.8/site-packages/airflow/example_dags/example_sensors.py
[2026-04-21T10:08:04.098+0000] {processor.py:830} INFO - Processing file /home/airflow/.local/lib/python3.8/site-packages/airflow/example_dags/example_sensors.py for tasks to queue
[2026-04-21T10:08:04.099+0000] {logging_mixin.py:188} INFO - [2026-04-21T10:08:04.099+0000] {dagbag.py:538} INFO - Filling up the DagBag from /home/airflow/.local/lib/python3.8/site-packages/airflow/example_dags/example_sensors.py
[2026-04-21T10:08:04.106+0000] {processor.py:840} INFO - DAG(s) 'example_sensors' retrieved from /home/airflow/.local/lib/python3.8/site-packages/airflow/example_dags/example_sensors.py
[2026-04-21T10:08:04.128+0000] {logging_mixin.py:188} INFO - [2026-04-21T10:08:04.127+0000] {dag.py:3036} INFO - Sync 1 DAGs
[2026-04-21T10:08:04.140+0000] {logging_mixin.py:188} INFO - [2026-04-21T10:08:04.139+0000] {dag.py:3823} INFO - Setting next_dagrun for example_sensors to None, run_after=None
[2026-04-21T10:08:04.160+0000] {processor.py:183} INFO - Processing /home/airflow/.local/lib/python3.8/site-packages/airflow/example_dags/example_sensors.py took 0.066 seconds
[2026-04-21T10:08:34.479+0000] {processor.py:161} INFO - Started process (PID=450) to work on /home/airflow/.local/lib/python3.8/site-packages/airflow/example_dags/example_sensors.py
[2026-04-21T10:08:34.480+0000] {processor.py:830} INFO - Processing file /home/airflow/.local/lib/python3.8/site-packages/airflow/example_dags/example_sensors.py for tasks to queue
[2026-04-21T10:08:34.482+0000] {logging_mixin.py:188} INFO - [2026-04-21T10:08:34.481+0000] {dagbag.py:538} INFO - Filling up the DagBag from /home/airflow/.local/lib/python3.8/site-packages/airflow/example_dags/example_sensors.py
[2026-04-21T10:08:34.488+0000] {processor.py:840} INFO - DAG(s) 'example_sensors' retrieved from /home/airflow/.local/lib/python3.8/site-packages/airflow/example_dags/example_sensors.py
[2026-04-21T10:08:34.506+0000] {logging_mixin.py:188} INFO - [2026-04-21T10:08:34.506+0000] {dag.py:3036} INFO - Sync 1 DAGs
[2026-04-21T10:08:34.514+0000] {logging_mixin.py:188} INFO - [2026-04-21T10:08:34.514+0000] {dag.py:3823} INFO - Setting next_dagrun for example_sensors to None, run_after=None
[2026-04-21T10:08:34.526+0000] {processor.py:183} INFO - Processing /home/airflow/.local/lib/python3.8/site-packages/airflow/example_dags/example_sensors.py took 0.049 seconds
[2026-04-21T10:09:04.894+0000] {processor.py:161} INFO - Started process (PID=505) to work on /home/airflow/.local/lib/python3.8/site-packages/airflow/example_dags/example_sensors.py
[2026-04-21T10:09:04.895+0000] {processor.py:830} INFO - Processing file /home/airflow/.local/lib/python3.8/site-packages/airflow/example_dags/example_sensors.py for tasks to queue
[2026-04-21T10:09:04.897+0000] {logging_mixin.py:188} INFO - [2026-04-21T10:09:04.897+0000] {dagbag.py:538} INFO - Filling up the DagBag from /home/airflow/.local/lib/python3.8/site-packages/airflow/example_dags/example_sensors.py
[2026-04-21T10:09:04.906+0000] {processor.py:840} INFO - DAG(s) 'example_sensors' retrieved from /home/airflow/.local/lib/python3.8/site-packages/airflow/example_dags/example_sensors.py
[2026-04-21T10:09:04.930+0000] {logging_mixin.py:188} INFO - [2026-04-21T10:09:04.930+0000] {dag.py:3036} INFO - Sync 1 DAGs
[2026-04-21T10:09:04.941+0000] {logging_mixin.py:188} INFO - [2026-04-21T10:09:04.941+0000] {dag.py:3823} INFO - Setting next_dagrun for example_sensors to None, run_after=None
[2026-04-21T10:09:04.959+0000] {processor.py:183} INFO - Processing /home/airflow/.local/lib/python3.8/site-packages/airflow/example_dags/example_sensors.py took 0.069 seconds
[2026-04-21T10:09:35.933+0000] {processor.py:161} INFO - Started process (PID=560) to work on /home/airflow/.local/lib/python3.8/site-packages/airflow/example_dags/example_sensors.py
[2026-04-21T10:09:35.933+0000] {processor.py:830} INFO - Processing file /home/airflow/.local/lib/python3.8/site-packages/airflow/example_dags/example_sensors.py for tasks to queue
[2026-04-21T10:09:35.935+0000] {logging_mixin.py:188} INFO - [2026-04-21T10:09:35.934+0000] {dagbag.py:538} INFO - Filling up the DagBag from /home/airflow/.local/lib/python3.8/site-packages/airflow/example_dags/example_sensors.py
[2026-04-21T10:09:35.941+0000] {processor.py:840} INFO - DAG(s) 'example_sensors' retrieved from /home/airflow/.local/lib/python3.8/site-packages/airflow/example_dags/example_sensors.py
[2026-04-21T10:09:35.958+0000] {logging_mixin.py:188} INFO - [2026-04-21T10:09:35.958+0000] {dag.py:3036} INFO - Sync 1 DAGs
[2026-04-21T10:09:35.967+0000] {logging_mixin.py:188} INFO - [2026-04-21T10:09:35.966+0000] {dag.py:3823} INFO - Setting next_dagrun for example_sensors to None, run_after=None
[2026-04-21T10:09:35.978+0000] {processor.py:183} INFO - Processing /home/airflow/.local/lib/python3.8/site-packages/airflow/example_dags/example_sensors.py took 0.047 seconds
[2026-04-21T10:10:06.202+0000] {processor.py:161} INFO - Started process (PID=615) to work on /home/airflow/.local/lib/python3.8/site-packages/airflow/example_dags/example_sensors.py
[2026-04-21T10:10:06.203+0000] {processor.py:830} INFO - Processing file /home/airflow/.local/lib/python3.8/site-packages/airflow/example_dags/example_sensors.py for tasks to queue
[2026-04-21T10:10:06.205+0000] {logging_mixin.py:188} INFO - [2026-04-21T10:10:06.204+0000] {dagbag.py:538} INFO - Filling up the DagBag from /home/airflow/.local/lib/python3.8/site-packages/airflow/example_dags/example_sensors.py
[2026-04-21T10:10:06.213+0000] {processor.py:840} INFO - DAG(s) 'example_sensors' retrieved from /home/airflow/.local/lib/python3.8/site-packages/airflow/example_dags/example_sensors.py
[2026-04-21T10:10:06.236+0000] {logging_mixin.py:188} INFO - [2026-04-21T10:10:06.236+0000] {dag.py:3036} INFO - Sync 1 DAGs
[2026-04-21T10:10:06.249+0000] {logging_mixin.py:188} INFO - [2026-04-21T10:10:06.249+0000] {dag.py:3823} INFO - Setting next_dagrun for example_sensors to None, run_after=None
[2026-04-21T10:10:06.267+0000] {processor.py:183} INFO - Processing /home/airflow/.local/lib/python3.8/site-packages/airflow/example_dags/example_sensors.py took 0.068 seconds
[2026-04-21T10:10:36.421+0000] {processor.py:161} INFO - Started process (PID=670) to work on /home/airflow/.local/lib/python3.8/site-packages/airflow/example_dags/example_sensors.py
[2026-04-21T10:10:36.422+0000] {processor.py:830} INFO - Processing file /home/airflow/.local/lib/python3.8/site-packages/airflow/example_dags/example_sensors.py for tasks to queue
[2026-04-21T10:10:36.423+0000] {logging_mixin.py:188} INFO - [2026-04-21T10:10:36.423+0000] {dagbag.py:538} INFO - Filling up the DagBag from /home/airflow/.local/lib/python3.8/site-packages/airflow/example_dags/example_sensors.py
[2026-04-21T10:10:36.429+0000] {processor.py:840} INFO - DAG(s) 'example_sensors' retrieved from /home/airflow/.local/lib/python3.8/site-packages/airflow/example_dags/example_sensors.py
[2026-04-21T10:10:36.445+0000] {logging_mixin.py:188} INFO - [2026-04-21T10:10:36.445+0000] {dag.py:3036} INFO - Sync 1 DAGs
[2026-04-21T10:10:36.453+0000] {logging_mixin.py:188} INFO - [2026-04-21T10:10:36.453+0000] {dag.py:3823} INFO - Setting next_dagrun for example_sensors to None, run_after=None
[2026-04-21T10:10:36.463+0000] {processor.py:183} INFO - Processing /home/airflow/.local/lib/python3.8/site-packages/airflow/example_dags/example_sensors.py took 0.044 seconds
[2026-04-21T10:11:06.665+0000] {processor.py:161} INFO - Started process (PID=725) to work on /home/airflow/.local/lib/python3.8/site-packages/airflow/example_dags/example_sensors.py
[2026-04-21T10:11:06.666+0000] {processor.py:830} INFO - Processing file /home/airflow/.local/lib/python3.8/site-packages/airflow/example_dags/example_sensors.py for tasks to queue
[2026-04-21T10:11:06.667+0000] {logging_mixin.py:188} INFO - [2026-04-21T10:11:06.667+0000] {dagbag.py:538} INFO - Filling up the DagBag from /home/airflow/.local/lib/python3.8/site-packages/airflow/example_dags/example_sensors.py
[2026-04-21T10:11:06.673+0000] {processor.py:840} INFO - DAG(s) 'example_sensors' retrieved from /home/airflow/.local/lib/python3.8/site-packages/airflow/example_dags/example_sensors.py
[2026-04-21T10:11:06.689+0000] {logging_mixin.py:188} INFO - [2026-04-21T10:11:06.688+0000] {dag.py:3036} INFO - Sync 1 DAGs
[2026-04-21T10:11:06.696+0000] {logging_mixin.py:188} INFO - [2026-04-21T10:11:06.696+0000] {dag.py:3823} INFO - Setting next_dagrun for example_sensors to None, run_after=None
[2026-04-21T10:11:06.706+0000] {processor.py:183} INFO - Processing /home/airflow/.local/lib/python3.8/site-packages/airflow/example_dags/example_sensors.py took 0.043 seconds
[2026-04-21T10:11:36.727+0000] {processor.py:161} INFO - Started process (PID=779) to work on /home/airflow/.local/lib/python3.8/site-packages/airflow/example_dags/example_sensors.py
[2026-04-21T10:11:36.727+0000] {processor.py:830} INFO - Processing file /home/airflow/.local/lib/python3.8/site-packages/airflow/example_dags/example_sensors.py for tasks to queue
[2026-04-21T10:11:36.729+0000] {logging_mixin.py:188} INFO - [2026-04-21T10:11:36.728+0000] {dagbag.py:538} INFO - Filling up the DagBag from /home/airflow/.local/lib/python3.8/site-packages/airflow/example_dags/example_sensors.py
[2026-04-21T10:11:36.734+0000] {processor.py:840} INFO - DAG(s) 'example_sensors' retrieved from /home/airflow/.local/lib/python3.8/site-packages/airflow/example_dags/example_sensors.py
[2026-04-21T10:11:36.750+0000] {logging_mixin.py:188} INFO - [2026-04-21T10:11:36.750+0000] {dag.py:3036} INFO - Sync 1 DAGs
[2026-04-21T10:11:36.758+0000] {logging_mixin.py:188} INFO - [2026-04-21T10:11:36.758+0000] {dag.py:3823} INFO - Setting next_dagrun for example_sensors to None, run_after=None
[2026-04-21T10:11:36.769+0000] {processor.py:183} INFO - Processing /home/airflow/.local/lib/python3.8/site-packages/airflow/example_dags/example_sensors.py took 0.045 seconds
[2026-04-21T10:12:07.071+0000] {processor.py:161} INFO - Started process (PID=835) to work on /home/airflow/.local/lib/python3.8/site-packages/airflow/example_dags/example_sensors.py
[2026-04-21T10:12:07.071+0000] {processor.py:830} INFO - Processing file /home/airflow/.local/lib/python3.8/site-packages/airflow/example_dags/example_sensors.py for tasks to queue
[2026-04-21T10:12:07.072+0000] {logging_mixin.py:188} INFO - [2026-04-21T10:12:07.072+0000] {dagbag.py:538} INFO - Filling up the DagBag from /home/airflow/.local/lib/python3.8/site-packages/airflow/example_dags/example_sensors.py
[2026-04-21T10:12:07.079+0000] {processor.py:840} INFO - DAG(s) 'example_sensors' retrieved from /home/airflow/.local/lib/python3.8/site-packages/airflow/example_dags/example_sensors.py
[2026-04-21T10:12:07.095+0000] {logging_mixin.py:188} INFO - [2026-04-21T10:12:07.095+0000] {dag.py:3036} INFO - Sync 1 DAGs
[2026-04-21T10:12:07.103+0000] {logging_mixin.py:188} INFO - [2026-04-21T10:12:07.103+0000] {dag.py:3823} INFO - Setting next_dagrun for example_sensors to None, run_after=None
[2026-04-21T10:12:07.113+0000] {processor.py:183} INFO - Processing /home/airflow/.local/lib/python3.8/site-packages/airflow/example_dags/example_sensors.py took 0.045 seconds
[2026-04-21T10:12:37.333+0000] {processor.py:161} INFO - Started process (PID=890) to work on /home/airflow/.local/lib/python3.8/site-packages/airflow/example_dags/example_sensors.py
[2026-04-21T10:12:37.333+0000] {processor.py:830} INFO - Processing file /home/airflow/.local/lib/python3.8/site-packages/airflow/example_dags/example_sensors.py for tasks to queue
[2026-04-21T10:12:37.334+0000] {logging_mixin.py:188} INFO - [2026-04-21T10:12:37.334+0000] {dagbag.py:538} INFO - Filling up the DagBag from /home/airflow/.local/lib/python3.8/site-packages/airflow/example_dags/example_sensors.py
[2026-04-21T10:12:37.341+0000] {processor.py:840} INFO - DAG(s) 'example_sensors' retrieved from /home/airflow/.local/lib/python3.8/site-packages/airflow/example_dags/example_sensors.py
[2026-04-21T10:12:37.357+0000] {logging_mixin.py:188} INFO - [2026-04-21T10:12:37.357+0000] {dag.py:3036} INFO - Sync 1 DAGs
[2026-04-21T10:12:37.366+0000] {logging_mixin.py:188} INFO - [2026-04-21T10:12:37.366+0000] {dag.py:3823} INFO - Setting next_dagrun for example_sensors to None, run_after=None
[2026-04-21T10:12:37.376+0000] {processor.py:183} INFO - Processing /home/airflow/.local/lib/python3.8/site-packages/airflow/example_dags/example_sensors.py took 0.046 seconds
[2026-04-21T10:13:07.433+0000] {processor.py:161} INFO - Started process (PID=944) to work on /home/airflow/.local/lib/python3.8/site-packages/airflow/example_dags/example_sensors.py
[2026-04-21T10:13:07.433+0000] {processor.py:830} INFO - Processing file /home/airflow/.local/lib/python3.8/site-packages/airflow/example_dags/example_sensors.py for tasks to queue
[2026-04-21T10:13:07.434+0000] {logging_mixin.py:188} INFO - [2026-04-21T10:13:07.434+0000] {dagbag.py:538} INFO - Filling up the DagBag from /home/airflow/.local/lib/python3.8/site-packages/airflow/example_dags/example_sensors.py
[2026-04-21T10:13:07.440+0000] {processor.py:840} INFO - DAG(s) 'example_sensors' retrieved from /home/airflow/.local/lib/python3.8/site-packages/airflow/example_dags/example_sensors.py
[2026-04-21T10:13:07.456+0000] {logging_mixin.py:188} INFO - [2026-04-21T10:13:07.455+0000] {dag.py:3036} INFO - Sync 1 DAGs
[2026-04-21T10:13:07.464+0000] {logging_mixin.py:188} INFO - [2026-04-21T10:13:07.463+0000] {dag.py:3823} INFO - Setting next_dagrun for example_sensors to None, run_after=None
[2026-04-21T10:13:07.476+0000] {processor.py:183} INFO - Processing /home/airflow/.local/lib/python3.8/site-packages/airflow/example_dags/example_sensors.py took 0.046 seconds
[2026-04-21T10:13:37.618+0000] {processor.py:161} INFO - Started process (PID=999) to work on /home/airflow/.local/lib/python3.8/site-packages/airflow/example_dags/example_sensors.py
[2026-04-21T10:13:37.621+0000] {processor.py:830} INFO - Processing file /home/airflow/.local/lib/python3.8/site-packages/airflow/example_dags/example_sensors.py for tasks to queue
[2026-04-21T10:13:37.622+0000] {logging_mixin.py:188} INFO - [2026-04-21T10:13:37.622+0000] {dagbag.py:538} INFO - Filling up the DagBag from /home/airflow/.local/lib/python3.8/site-packages/airflow/example_dags/example_sensors.py
[2026-04-21T10:13:37.628+0000] {processor.py:840} INFO - DAG(s) 'example_sensors' retrieved from /home/airflow/.local/lib/python3.8/site-packages/airflow/example_dags/example_sensors.py
[2026-04-21T10:13:37.642+0000] {logging_mixin.py:188} INFO - [2026-04-21T10:13:37.642+0000] {dag.py:3036} INFO - Sync 1 DAGs
[2026-04-21T10:13:37.650+0000] {logging_mixin.py:188} INFO - [2026-04-21T10:13:37.650+0000] {dag.py:3823} INFO - Setting next_dagrun for example_sensors to None, run_after=None
[2026-04-21T10:13:37.660+0000] {processor.py:183} INFO - Processing /home/airflow/.local/lib/python3.8/site-packages/airflow/example_dags/example_sensors.py took 0.044 seconds
[2026-04-21T10:14:07.801+0000] {processor.py:161} INFO - Started process (PID=1054) to work on /home/airflow/.local/lib/python3.8/site-packages/airflow/example_dags/example_sensors.py
[2026-04-21T10:14:07.802+0000] {processor.py:830} INFO - Processing file /home/airflow/.local/lib/python3.8/site-packages/airflow/example_dags/example_sensors.py for tasks to queue
[2026-04-21T10:14:07.804+0000] {logging_mixin.py:188} INFO - [2026-04-21T10:14:07.804+0000] {dagbag.py:538} INFO - Filling up the DagBag from /home/airflow/.local/lib/python3.8/site-packages/airflow/example_dags/example_sensors.py
[2026-04-21T10:14:07.811+0000] {processor.py:840} INFO - DAG(s) 'example_sensors' retrieved from /home/airflow/.local/lib/python3.8/site-packages/airflow/example_dags/example_sensors.py
[2026-04-21T10:14:07.830+0000] {logging_mixin.py:188} INFO - [2026-04-21T10:14:07.830+0000] {dag.py:3036} INFO - Sync 1 DAGs
[2026-04-21T10:14:07.840+0000] {logging_mixin.py:188} INFO - [2026-04-21T10:14:07.840+0000] {dag.py:3823} INFO - Setting next_dagrun for example_sensors to None, run_after=None
[2026-04-21T10:14:07.854+0000] {processor.py:183} INFO - Processing /home/airflow/.local/lib/python3.8/site-packages/airflow/example_dags/example_sensors.py took 0.056 seconds
[2026-04-21T10:14:38.402+0000] {processor.py:161} INFO - Started process (PID=1110) to work on /home/airflow/.local/lib/python3.8/site-packages/airflow/example_dags/example_sensors.py
[2026-04-21T10:14:38.403+0000] {processor.py:830} INFO - Processing file /home/airflow/.local/lib/python3.8/site-packages/airflow/example_dags/example_sensors.py for tasks to queue
[2026-04-21T10:14:38.404+0000] {logging_mixin.py:188} INFO - [2026-04-21T10:14:38.404+0000] {dagbag.py:538} INFO - Filling up the DagBag from /home/airflow/.local/lib/python3.8/site-packages/airflow/example_dags/example_sensors.py
[2026-04-21T10:14:38.410+0000] {processor.py:840} INFO - DAG(s) 'example_sensors' retrieved from /home/airflow/.local/lib/python3.8/site-packages/airflow/example_dags/example_sensors.py
[2026-04-21T10:14:38.439+0000] {logging_mixin.py:188} INFO - [2026-04-21T10:14:38.438+0000] {dag.py:3036} INFO - Sync 1 DAGs
[2026-04-21T10:14:38.450+0000] {logging_mixin.py:188} INFO - [2026-04-21T10:14:38.449+0000] {dag.py:3823} INFO - Setting next_dagrun for example_sensors to None, run_after=None
[2026-04-21T10:14:38.466+0000] {processor.py:183} INFO - Processing /home/airflow/.local/lib/python3.8/site-packages/airflow/example_dags/example_sensors.py took 0.066 seconds
[2026-04-21T10:15:08.765+0000] {processor.py:161} INFO - Started process (PID=1165) to work on /home/airflow/.local/lib/python3.8/site-packages/airflow/example_dags/example_sensors.py
[2026-04-21T10:15:08.765+0000] {processor.py:830} INFO - Processing file /home/airflow/.local/lib/python3.8/site-packages/airflow/example_dags/example_sensors.py for tasks to queue
[2026-04-21T10:15:08.767+0000] {logging_mixin.py:188} INFO - [2026-04-21T10:15:08.766+0000] {dagbag.py:538} INFO - Filling up the DagBag from /home/airflow/.local/lib/python3.8/site-packages/airflow/example_dags/example_sensors.py
[2026-04-21T10:15:08.773+0000] {processor.py:840} INFO - DAG(s) 'example_sensors' retrieved from /home/airflow/.local/lib/python3.8/site-packages/airflow/example_dags/example_sensors.py
[2026-04-21T10:15:08.789+0000] {logging_mixin.py:188} INFO - [2026-04-21T10:15:08.789+0000] {dag.py:3036} INFO - Sync 1 DAGs
[2026-04-21T10:15:08.797+0000] {logging_mixin.py:188} INFO - [2026-04-21T10:15:08.797+0000] {dag.py:3823} INFO - Setting next_dagrun for example_sensors to None, run_after=None
[2026-04-21T10:15:08.807+0000] {processor.py:183} INFO - Processing /home/airflow/.local/lib/python3.8/site-packages/airflow/example_dags/example_sensors.py took 0.045 seconds
[2026-04-21T10:15:38.839+0000] {processor.py:161} INFO - Started process (PID=1219) to work on /home/airflow/.local/lib/python3.8/site-packages/airflow/example_dags/example_sensors.py
[2026-04-21T10:15:38.840+0000] {processor.py:830} INFO - Processing file /home/airflow/.local/lib/python3.8/site-packages/airflow/example_dags/example_sensors.py for tasks to queue
[2026-04-21T10:15:38.841+0000] {logging_mixin.py:188} INFO - [2026-04-21T10:15:38.841+0000] {dagbag.py:538} INFO - Filling up the DagBag from /home/airflow/.local/lib/python3.8/site-packages/airflow/example_dags/example_sensors.py
[2026-04-21T10:15:38.847+0000] {processor.py:840} INFO - DAG(s) 'example_sensors' retrieved from /home/airflow/.local/lib/python3.8/site-packages/airflow/example_dags/example_sensors.py
[2026-04-21T10:15:38.862+0000] {logging_mixin.py:188} INFO - [2026-04-21T10:15:38.862+0000] {dag.py:3036} INFO - Sync 1 DAGs
[2026-04-21T10:15:38.870+0000] {logging_mixin.py:188} INFO - [2026-04-21T10:15:38.870+0000] {dag.py:3823} INFO - Setting next_dagrun for example_sensors to None, run_after=None
[2026-04-21T10:15:38.880+0000] {processor.py:183} INFO - Processing /home/airflow/.local/lib/python3.8/site-packages/airflow/example_dags/example_sensors.py took 0.043 seconds
[2026-04-21T10:16:09.106+0000] {processor.py:161} INFO - Started process (PID=1274) to work on /home/airflow/.local/lib/python3.8/site-packages/airflow/example_dags/example_sensors.py
[2026-04-21T10:16:09.108+0000] {processor.py:830} INFO - Processing file /home/airflow/.local/lib/python3.8/site-packages/airflow/example_dags/example_sensors.py for tasks to queue
[2026-04-21T10:16:09.110+0000] {logging_mixin.py:188} INFO - [2026-04-21T10:16:09.110+0000] {dagbag.py:538} INFO - Filling up the DagBag from /home/airflow/.local/lib/python3.8/site-packages/airflow/example_dags/example_sensors.py
[2026-04-21T10:16:09.115+0000] {processor.py:840} INFO - DAG(s) 'example_sensors' retrieved from /home/airflow/.local/lib/python3.8/site-packages/airflow/example_dags/example_sensors.py
[2026-04-21T10:16:09.130+0000] {logging_mixin.py:188} INFO - [2026-04-21T10:16:09.130+0000] {dag.py:3036} INFO - Sync 1 DAGs
[2026-04-21T10:16:09.138+0000] {logging_mixin.py:188} INFO - [2026-04-21T10:16:09.138+0000] {dag.py:3823} INFO - Setting next_dagrun for example_sensors to None, run_after=None
[2026-04-21T10:16:09.149+0000] {processor.py:183} INFO - Processing /home/airflow/.local/lib/python3.8/site-packages/airflow/example_dags/example_sensors.py took 0.045 seconds
[2026-04-21T10:16:39.219+0000] {processor.py:161} INFO - Started process (PID=1329) to work on /home/airflow/.local/lib/python3.8/site-packages/airflow/example_dags/example_sensors.py
[2026-04-21T10:16:39.222+0000] {processor.py:830} INFO - Processing file /home/airflow/.local/lib/python3.8/site-packages/airflow/example_dags/example_sensors.py for tasks to queue
[2026-04-21T10:16:39.223+0000] {logging_mixin.py:188} INFO - [2026-04-21T10:16:39.223+0000] {dagbag.py:538} INFO - Filling up the DagBag from /home/airflow/.local/lib/python3.8/site-packages/airflow/example_dags/example_sensors.py
[2026-04-21T10:16:39.229+0000] {processor.py:840} INFO - DAG(s) 'example_sensors' retrieved from /home/airflow/.local/lib/python3.8/site-packages/airflow/example_dags/example_sensors.py
[2026-04-21T10:16:39.244+0000] {logging_mixin.py:188} INFO - [2026-04-21T10:16:39.244+0000] {dag.py:3036} INFO - Sync 1 DAGs
[2026-04-21T10:16:39.252+0000] {logging_mixin.py:188} INFO - [2026-04-21T10:16:39.252+0000] {dag.py:3823} INFO - Setting next_dagrun for example_sensors to None, run_after=None
[2026-04-21T10:16:39.264+0000] {processor.py:183} INFO - Processing /home/airflow/.local/lib/python3.8/site-packages/airflow/example_dags/example_sensors.py took 0.047 seconds
[2026-04-21T10:17:09.541+0000] {processor.py:161} INFO - Started process (PID=1384) to work on /home/airflow/.local/lib/python3.8/site-packages/airflow/example_dags/example_sensors.py
[2026-04-21T10:17:09.542+0000] {processor.py:830} INFO - Processing file /home/airflow/.local/lib/python3.8/site-packages/airflow/example_dags/example_sensors.py for tasks to queue
[2026-04-21T10:17:09.543+0000] {logging_mixin.py:188} INFO - [2026-04-21T10:17:09.543+0000] {dagbag.py:538} INFO - Filling up the DagBag from /home/airflow/.local/lib/python3.8/site-packages/airflow/example_dags/example_sensors.py
[2026-04-21T10:17:09.549+0000] {processor.py:840} INFO - DAG(s) 'example_sensors' retrieved from /home/airflow/.local/lib/python3.8/site-packages/airflow/example_dags/example_sensors.py
[2026-04-21T10:17:09.566+0000] {logging_mixin.py:188} INFO - [2026-04-21T10:17:09.566+0000] {dag.py:3036} INFO - Sync 1 DAGs
[2026-04-21T10:17:09.575+0000] {logging_mixin.py:188} INFO - [2026-04-21T10:17:09.574+0000] {dag.py:3823} INFO - Setting next_dagrun for example_sensors to None, run_after=None
[2026-04-21T10:17:09.585+0000] {processor.py:183} INFO - Processing /home/airflow/.local/lib/python3.8/site-packages/airflow/example_dags/example_sensors.py took 0.046 seconds
[2026-04-21T10:17:39.661+0000] {processor.py:161} INFO - Started process (PID=1439) to work on /home/airflow/.local/lib/python3.8/site-packages/airflow/example_dags/example_sensors.py
[2026-04-21T10:17:39.662+0000] {processor.py:830} INFO - Processing file /home/airflow/.local/lib/python3.8/site-packages/airflow/example_dags/example_sensors.py for tasks to queue
[2026-04-21T10:17:39.663+0000] {logging_mixin.py:188} INFO - [2026-04-21T10:17:39.663+0000] {dagbag.py:538} INFO - Filling up the DagBag from /home/airflow/.local/lib/python3.8/site-packages/airflow/example_dags/example_sensors.py
[2026-04-21T10:17:39.669+0000] {processor.py:840} INFO - DAG(s) 'example_sensors' retrieved from /home/airflow/.local/lib/python3.8/site-packages/airflow/example_dags/example_sensors.py
[2026-04-21T10:17:39.685+0000] {logging_mixin.py:188} INFO - [2026-04-21T10:17:39.684+0000] {dag.py:3036} INFO - Sync 1 DAGs
[2026-04-21T10:17:39.692+0000] {logging_mixin.py:188} INFO - [2026-04-21T10:17:39.692+0000] {dag.py:3823} INFO - Setting next_dagrun for example_sensors to None, run_after=None
[2026-04-21T10:17:39.703+0000] {processor.py:183} INFO - Processing /home/airflow/.local/lib/python3.8/site-packages/airflow/example_dags/example_sensors.py took 0.044 seconds
[2026-04-21T10:18:09.970+0000] {processor.py:161} INFO - Started process (PID=1494) to work on /home/airflow/.local/lib/python3.8/site-packages/airflow/example_dags/example_sensors.py
[2026-04-21T10:18:09.972+0000] {processor.py:830} INFO - Processing file /home/airflow/.local/lib/python3.8/site-packages/airflow/example_dags/example_sensors.py for tasks to queue
[2026-04-21T10:18:09.974+0000] {logging_mixin.py:188} INFO - [2026-04-21T10:18:09.973+0000] {dagbag.py:538} INFO - Filling up the DagBag from /home/airflow/.local/lib/python3.8/site-packages/airflow/example_dags/example_sensors.py
[2026-04-21T10:18:09.980+0000] {processor.py:840} INFO - DAG(s) 'example_sensors' retrieved from /home/airflow/.local/lib/python3.8/site-packages/airflow/example_dags/example_sensors.py
[2026-04-21T10:18:09.996+0000] {logging_mixin.py:188} INFO - [2026-04-21T10:18:09.996+0000] {dag.py:3036} INFO - Sync 1 DAGs
[2026-04-21T10:18:10.005+0000] {logging_mixin.py:188} INFO - [2026-04-21T10:18:10.005+0000] {dag.py:3823} INFO - Setting next_dagrun for example_sensors to None, run_after=None
[2026-04-21T10:18:10.016+0000] {processor.py:183} INFO - Processing /home/airflow/.local/lib/python3.8/site-packages/airflow/example_dags/example_sensors.py took 0.049 seconds
[2026-04-21T10:18:40.114+0000] {processor.py:161} INFO - Started process (PID=1549) to work on /home/airflow/.local/lib/python3.8/site-packages/airflow/example_dags/example_sensors.py
[2026-04-21T10:18:40.117+0000] {processor.py:830} INFO - Processing file /home/airflow/.local/lib/python3.8/site-packages/airflow/example_dags/example_sensors.py for tasks to queue
[2026-04-21T10:18:40.119+0000] {logging_mixin.py:188} INFO - [2026-04-21T10:18:40.118+0000] {dagbag.py:538} INFO - Filling up the DagBag from /home/airflow/.local/lib/python3.8/site-packages/airflow/example_dags/example_sensors.py
[2026-04-21T10:18:40.125+0000] {processor.py:840} INFO - DAG(s) 'example_sensors' retrieved from /home/airflow/.local/lib/python3.8/site-packages/airflow/example_dags/example_sensors.py
[2026-04-21T10:18:40.139+0000] {logging_mixin.py:188} INFO - [2026-04-21T10:18:40.139+0000] {dag.py:3036} INFO - Sync 1 DAGs
[2026-04-21T10:18:40.147+0000] {logging_mixin.py:188} INFO - [2026-04-21T10:18:40.147+0000] {dag.py:3823} INFO - Setting next_dagrun for example_sensors to None, run_after=None
[2026-04-21T10:18:40.158+0000] {processor.py:183} INFO - Processing /home/airflow/.local/lib/python3.8/site-packages/airflow/example_dags/example_sensors.py took 0.046 seconds
[2026-04-21T10:19:10.462+0000] {processor.py:161} INFO - Started process (PID=1604) to work on /home/airflow/.local/lib/python3.8/site-packages/airflow/example_dags/example_sensors.py
[2026-04-21T10:19:10.464+0000] {processor.py:830} INFO - Processing file /home/airflow/.local/lib/python3.8/site-packages/airflow/example_dags/example_sensors.py for tasks to queue
[2026-04-21T10:19:10.466+0000] {logging_mixin.py:188} INFO - [2026-04-21T10:19:10.466+0000] {dagbag.py:538} INFO - Filling up the DagBag from /home/airflow/.local/lib/python3.8/site-packages/airflow/example_dags/example_sensors.py
[2026-04-21T10:19:10.472+0000] {processor.py:840} INFO - DAG(s) 'example_sensors' retrieved from /home/airflow/.local/lib/python3.8/site-packages/airflow/example_dags/example_sensors.py
[2026-04-21T10:19:10.490+0000] {logging_mixin.py:188} INFO - [2026-04-21T10:19:10.490+0000] {dag.py:3036} INFO - Sync 1 DAGs
[2026-04-21T10:19:10.501+0000] {logging_mixin.py:188} INFO - [2026-04-21T10:19:10.501+0000] {dag.py:3823} INFO - Setting next_dagrun for example_sensors to None, run_after=None
[2026-04-21T10:19:10.514+0000] {processor.py:183} INFO - Processing /home/airflow/.local/lib/python3.8/site-packages/airflow/example_dags/example_sensors.py took 0.055 seconds
[2026-04-21T10:19:40.575+0000] {processor.py:161} INFO - Started process (PID=1659) to work on /home/airflow/.local/lib/python3.8/site-packages/airflow/example_dags/example_sensors.py
[2026-04-21T10:19:40.578+0000] {processor.py:830} INFO - Processing file /home/airflow/.local/lib/python3.8/site-packages/airflow/example_dags/example_sensors.py for tasks to queue
[2026-04-21T10:19:40.579+0000] {logging_mixin.py:188} INFO - [2026-04-21T10:19:40.579+0000] {dagbag.py:538} INFO - Filling up the DagBag from /home/airflow/.local/lib/python3.8/site-packages/airflow/example_dags/example_sensors.py
[2026-04-21T10:19:40.585+0000] {processor.py:840} INFO - DAG(s) 'example_sensors' retrieved from /home/airflow/.local/lib/python3.8/site-packages/airflow/example_dags/example_sensors.py
[2026-04-21T10:19:40.600+0000] {logging_mixin.py:188} INFO - [2026-04-21T10:19:40.600+0000] {dag.py:3036} INFO - Sync 1 DAGs
[2026-04-21T10:19:40.607+0000] {logging_mixin.py:188} INFO - [2026-04-21T10:19:40.607+0000] {dag.py:3823} INFO - Setting next_dagrun for example_sensors to None, run_after=None
[2026-04-21T10:19:40.618+0000] {processor.py:183} INFO - Processing /home/airflow/.local/lib/python3.8/site-packages/airflow/example_dags/example_sensors.py took 0.045 seconds
[2026-04-21T10:20:11.144+0000] {processor.py:161} INFO - Started process (PID=1714) to work on /home/airflow/.local/lib/python3.8/site-packages/airflow/example_dags/example_sensors.py
[2026-04-21T10:20:11.147+0000] {processor.py:830} INFO - Processing file /home/airflow/.local/lib/python3.8/site-packages/airflow/example_dags/example_sensors.py for tasks to queue
[2026-04-21T10:20:11.148+0000] {logging_mixin.py:188} INFO - [2026-04-21T10:20:11.148+0000] {dagbag.py:538} INFO - Filling up the DagBag from /home/airflow/.local/lib/python3.8/site-packages/airflow/example_dags/example_sensors.py
[2026-04-21T10:20:11.155+0000] {processor.py:840} INFO - DAG(s) 'example_sensors' retrieved from /home/airflow/.local/lib/python3.8/site-packages/airflow/example_dags/example_sensors.py
[2026-04-21T10:20:11.173+0000] {logging_mixin.py:188} INFO - [2026-04-21T10:20:11.172+0000] {dag.py:3036} INFO - Sync 1 DAGs
[2026-04-21T10:20:11.181+0000] {logging_mixin.py:188} INFO - [2026-04-21T10:20:11.180+0000] {dag.py:3823} INFO - Setting next_dagrun for example_sensors to None, run_after=None
[2026-04-21T10:20:11.192+0000] {processor.py:183} INFO - Processing /home/airflow/.local/lib/python3.8/site-packages/airflow/example_dags/example_sensors.py took 0.050 seconds
[2026-04-21T10:20:41.661+0000] {processor.py:161} INFO - Started process (PID=1769) to work on /home/airflow/.local/lib/python3.8/site-packages/airflow/example_dags/example_sensors.py
[2026-04-21T10:20:41.662+0000] {processor.py:830} INFO - Processing file /home/airflow/.local/lib/python3.8/site-packages/airflow/example_dags/example_sensors.py for tasks to queue
[2026-04-21T10:20:41.663+0000] {logging_mixin.py:188} INFO - [2026-04-21T10:20:41.663+0000] {dagbag.py:538} INFO - Filling up the DagBag from /home/airflow/.local/lib/python3.8/site-packages/airflow/example_dags/example_sensors.py
[2026-04-21T10:20:41.672+0000] {processor.py:840} INFO - DAG(s) 'example_sensors' retrieved from /home/airflow/.local/lib/python3.8/site-packages/airflow/example_dags/example_sensors.py
[2026-04-21T10:20:41.695+0000] {logging_mixin.py:188} INFO - [2026-04-21T10:20:41.695+0000] {dag.py:3036} INFO - Sync 1 DAGs
[2026-04-21T10:20:41.707+0000] {logging_mixin.py:188} INFO - [2026-04-21T10:20:41.707+0000] {dag.py:3823} INFO - Setting next_dagrun for example_sensors to None, run_after=None
[2026-04-21T10:20:41.725+0000] {processor.py:183} INFO - Processing /home/airflow/.local/lib/python3.8/site-packages/airflow/example_dags/example_sensors.py took 0.067 seconds
[2026-04-21T10:21:12.250+0000] {processor.py:161} INFO - Started process (PID=1824) to work on /home/airflow/.local/lib/python3.8/site-packages/airflow/example_dags/example_sensors.py
[2026-04-21T10:21:12.252+0000] {processor.py:830} INFO - Processing file /home/airflow/.local/lib/python3.8/site-packages/airflow/example_dags/example_sensors.py for tasks to queue
[2026-04-21T10:21:12.253+0000] {logging_mixin.py:188} INFO - [2026-04-21T10:21:12.253+0000] {dagbag.py:538} INFO - Filling up the DagBag from /home/airflow/.local/lib/python3.8/site-packages/airflow/example_dags/example_sensors.py
[2026-04-21T10:21:12.261+0000] {processor.py:840} INFO - DAG(s) 'example_sensors' retrieved from /home/airflow/.local/lib/python3.8/site-packages/airflow/example_dags/example_sensors.py
[2026-04-21T10:21:12.276+0000] {logging_mixin.py:188} INFO - [2026-04-21T10:21:12.276+0000] {dag.py:3036} INFO - Sync 1 DAGs
[2026-04-21T10:21:12.284+0000] {logging_mixin.py:188} INFO - [2026-04-21T10:21:12.284+0000] {dag.py:3823} INFO - Setting next_dagrun for example_sensors to None, run_after=None
[2026-04-21T10:21:12.295+0000] {processor.py:183} INFO - Processing /home/airflow/.local/lib/python3.8/site-packages/airflow/example_dags/example_sensors.py took 0.048 seconds
[2026-04-21T10:21:43.166+0000] {processor.py:161} INFO - Started process (PID=1879) to work on /home/airflow/.local/lib/python3.8/site-packages/airflow/example_dags/example_sensors.py
[2026-04-21T10:21:43.166+0000] {processor.py:830} INFO - Processing file /home/airflow/.local/lib/python3.8/site-packages/airflow/example_dags/example_sensors.py for tasks to queue
[2026-04-21T10:21:43.168+0000] {logging_mixin.py:188} INFO - [2026-04-21T10:21:43.167+0000] {dagbag.py:538} INFO - Filling up the DagBag from /home/airflow/.local/lib/python3.8/site-packages/airflow/example_dags/example_sensors.py
[2026-04-21T10:21:43.173+0000] {processor.py:840} INFO - DAG(s) 'example_sensors' retrieved from /home/airflow/.local/lib/python3.8/site-packages/airflow/example_dags/example_sensors.py
[2026-04-21T10:21:43.190+0000] {logging_mixin.py:188} INFO - [2026-04-21T10:21:43.189+0000] {dag.py:3036} INFO - Sync 1 DAGs
[2026-04-21T10:21:43.197+0000] {logging_mixin.py:188} INFO - [2026-04-21T10:21:43.197+0000] {dag.py:3823} INFO - Setting next_dagrun for example_sensors to None, run_after=None
[2026-04-21T10:21:43.207+0000] {processor.py:183} INFO - Processing /home/airflow/.local/lib/python3.8/site-packages/airflow/example_dags/example_sensors.py took 0.044 seconds
[2026-04-21T10:22:13.866+0000] {processor.py:161} INFO - Started process (PID=1934) to work on /home/airflow/.local/lib/python3.8/site-packages/airflow/example_dags/example_sensors.py
[2026-04-21T10:22:13.869+0000] {processor.py:830} INFO - Processing file /home/airflow/.local/lib/python3.8/site-packages/airflow/example_dags/example_sensors.py for tasks to queue
[2026-04-21T10:22:13.871+0000] {logging_mixin.py:188} INFO - [2026-04-21T10:22:13.871+0000] {dagbag.py:538} INFO - Filling up the DagBag from /home/airflow/.local/lib/python3.8/site-packages/airflow/example_dags/example_sensors.py
[2026-04-21T10:22:13.877+0000] {processor.py:840} INFO - DAG(s) 'example_sensors' retrieved from /home/airflow/.local/lib/python3.8/site-packages/airflow/example_dags/example_sensors.py
[2026-04-21T10:22:13.892+0000] {logging_mixin.py:188} INFO - [2026-04-21T10:22:13.892+0000] {dag.py:3036} INFO - Sync 1 DAGs
[2026-04-21T10:22:13.900+0000] {logging_mixin.py:188} INFO - [2026-04-21T10:22:13.900+0000] {dag.py:3823} INFO - Setting next_dagrun for example_sensors to None, run_after=None
[2026-04-21T10:22:13.910+0000] {processor.py:183} INFO - Processing /home/airflow/.local/lib/python3.8/site-packages/airflow/example_dags/example_sensors.py took 0.046 seconds
[2026-04-21T10:22:44.679+0000] {processor.py:161} INFO - Started process (PID=1989) to work on /home/airflow/.local/lib/python3.8/site-packages/airflow/example_dags/example_sensors.py
[2026-04-21T10:22:44.682+0000] {processor.py:830} INFO - Processing file /home/airflow/.local/lib/python3.8/site-packages/airflow/example_dags/example_sensors.py for tasks to queue
[2026-04-21T10:22:44.683+0000] {logging_mixin.py:188} INFO - [2026-04-21T10:22:44.683+0000] {dagbag.py:538} INFO - Filling up the DagBag from /home/airflow/.local/lib/python3.8/site-packages/airflow/example_dags/example_sensors.py
[2026-04-21T10:22:44.689+0000] {processor.py:840} INFO - DAG(s) 'example_sensors' retrieved from /home/airflow/.local/lib/python3.8/site-packages/airflow/example_dags/example_sensors.py
[2026-04-21T10:22:44.705+0000] {logging_mixin.py:188} INFO - [2026-04-21T10:22:44.705+0000] {dag.py:3036} INFO - Sync 1 DAGs
[2026-04-21T10:22:44.713+0000] {logging_mixin.py:188} INFO - [2026-04-21T10:22:44.713+0000] {dag.py:3823} INFO - Setting next_dagrun for example_sensors to None, run_after=None
[2026-04-21T10:22:44.723+0000] {processor.py:183} INFO - Processing /home/airflow/.local/lib/python3.8/site-packages/airflow/example_dags/example_sensors.py took 0.047 seconds
[2026-04-21T10:23:15.359+0000] {processor.py:161} INFO - Started process (PID=2044) to work on /home/airflow/.local/lib/python3.8/site-packages/airflow/example_dags/example_sensors.py
[2026-04-21T10:23:15.362+0000] {processor.py:830} INFO - Processing file /home/airflow/.local/lib/python3.8/site-packages/airflow/example_dags/example_sensors.py for tasks to queue
[2026-04-21T10:23:15.364+0000] {logging_mixin.py:188} INFO - [2026-04-21T10:23:15.363+0000] {dagbag.py:538} INFO - Filling up the DagBag from /home/airflow/.local/lib/python3.8/site-packages/airflow/example_dags/example_sensors.py
[2026-04-21T10:23:15.369+0000] {processor.py:840} INFO - DAG(s) 'example_sensors' retrieved from /home/airflow/.local/lib/python3.8/site-packages/airflow/example_dags/example_sensors.py
[2026-04-21T10:23:15.386+0000] {logging_mixin.py:188} INFO - [2026-04-21T10:23:15.386+0000] {dag.py:3036} INFO - Sync 1 DAGs
[2026-04-21T10:23:15.394+0000] {logging_mixin.py:188} INFO - [2026-04-21T10:23:15.394+0000] {dag.py:3823} INFO - Setting next_dagrun for example_sensors to None, run_after=None
[2026-04-21T10:23:15.404+0000] {processor.py:183} INFO - Processing /home/airflow/.local/lib/python3.8/site-packages/airflow/example_dags/example_sensors.py took 0.048 seconds
[2026-04-21T10:23:45.533+0000] {processor.py:161} INFO - Started process (PID=2099) to work on /home/airflow/.local/lib/python3.8/site-packages/airflow/example_dags/example_sensors.py
[2026-04-21T10:23:45.536+0000] {processor.py:830} INFO - Processing file /home/airflow/.local/lib/python3.8/site-packages/airflow/example_dags/example_sensors.py for tasks to queue
[2026-04-21T10:23:45.538+0000] {logging_mixin.py:188} INFO - [2026-04-21T10:23:45.537+0000] {dagbag.py:538} INFO - Filling up the DagBag from /home/airflow/.local/lib/python3.8/site-packages/airflow/example_dags/example_sensors.py
[2026-04-21T10:23:45.545+0000] {processor.py:840} INFO - DAG(s) 'example_sensors' retrieved from /home/airflow/.local/lib/python3.8/site-packages/airflow/example_dags/example_sensors.py
[2026-04-21T10:23:45.564+0000] {logging_mixin.py:188} INFO - [2026-04-21T10:23:45.564+0000] {dag.py:3036} INFO - Sync 1 DAGs
[2026-04-21T10:23:45.574+0000] {logging_mixin.py:188} INFO - [2026-04-21T10:23:45.574+0000] {dag.py:3823} INFO - Setting next_dagrun for example_sensors to None, run_after=None
[2026-04-21T10:23:45.590+0000] {processor.py:183} INFO - Processing /home/airflow/.local/lib/python3.8/site-packages/airflow/example_dags/example_sensors.py took 0.059 seconds
[2026-04-21T10:24:15.834+0000] {processor.py:161} INFO - Started process (PID=2154) to work on /home/airflow/.local/lib/python3.8/site-packages/airflow/example_dags/example_sensors.py
[2026-04-21T10:24:15.834+0000] {processor.py:830} INFO - Processing file /home/airflow/.local/lib/python3.8/site-packages/airflow/example_dags/example_sensors.py for tasks to queue
[2026-04-21T10:24:15.836+0000] {logging_mixin.py:188} INFO - [2026-04-21T10:24:15.836+0000] {dagbag.py:538} INFO - Filling up the DagBag from /home/airflow/.local/lib/python3.8/site-packages/airflow/example_dags/example_sensors.py
[2026-04-21T10:24:15.843+0000] {processor.py:840} INFO - DAG(s) 'example_sensors' retrieved from /home/airflow/.local/lib/python3.8/site-packages/airflow/example_dags/example_sensors.py
[2026-04-21T10:24:15.863+0000] {logging_mixin.py:188} INFO - [2026-04-21T10:24:15.863+0000] {dag.py:3036} INFO - Sync 1 DAGs
[2026-04-21T10:24:15.872+0000] {logging_mixin.py:188} INFO - [2026-04-21T10:24:15.872+0000] {dag.py:3823} INFO - Setting next_dagrun for example_sensors to None, run_after=None
[2026-04-21T10:24:15.886+0000] {processor.py:183} INFO - Processing /home/airflow/.local/lib/python3.8/site-packages/airflow/example_dags/example_sensors.py took 0.055 seconds
[2026-04-21T10:24:46.080+0000] {processor.py:161} INFO - Started process (PID=2209) to work on /home/airflow/.local/lib/python3.8/site-packages/airflow/example_dags/example_sensors.py
[2026-04-21T10:24:46.082+0000] {processor.py:830} INFO - Processing file /home/airflow/.local/lib/python3.8/site-packages/airflow/example_dags/example_sensors.py for tasks to queue
[2026-04-21T10:24:46.084+0000] {logging_mixin.py:188} INFO - [2026-04-21T10:24:46.083+0000] {dagbag.py:538} INFO - Filling up the DagBag from /home/airflow/.local/lib/python3.8/site-packages/airflow/example_dags/example_sensors.py
[2026-04-21T10:24:46.090+0000] {processor.py:840} INFO - DAG(s) 'example_sensors' retrieved from /home/airflow/.local/lib/python3.8/site-packages/airflow/example_dags/example_sensors.py
[2026-04-21T10:24:46.109+0000] {logging_mixin.py:188} INFO - [2026-04-21T10:24:46.109+0000] {dag.py:3036} INFO - Sync 1 DAGs
[2026-04-21T10:24:46.119+0000] {logging_mixin.py:188} INFO - [2026-04-21T10:24:46.119+0000] {dag.py:3823} INFO - Setting next_dagrun for example_sensors to None, run_after=None
[2026-04-21T10:24:46.132+0000] {processor.py:183} INFO - Processing /home/airflow/.local/lib/python3.8/site-packages/airflow/example_dags/example_sensors.py took 0.055 seconds
[2026-04-21T10:25:16.488+0000] {processor.py:161} INFO - Started process (PID=2264) to work on /home/airflow/.local/lib/python3.8/site-packages/airflow/example_dags/example_sensors.py
[2026-04-21T10:25:16.489+0000] {processor.py:830} INFO - Processing file /home/airflow/.local/lib/python3.8/site-packages/airflow/example_dags/example_sensors.py for tasks to queue
[2026-04-21T10:25:16.490+0000] {logging_mixin.py:188} INFO - [2026-04-21T10:25:16.490+0000] {dagbag.py:538} INFO - Filling up the DagBag from /home/airflow/.local/lib/python3.8/site-packages/airflow/example_dags/example_sensors.py
[2026-04-21T10:25:16.497+0000] {processor.py:840} INFO - DAG(s) 'example_sensors' retrieved from /home/airflow/.local/lib/python3.8/site-packages/airflow/example_dags/example_sensors.py
[2026-04-21T10:25:16.516+0000] {logging_mixin.py:188} INFO - [2026-04-21T10:25:16.515+0000] {dag.py:3036} INFO - Sync 1 DAGs
[2026-04-21T10:25:16.525+0000] {logging_mixin.py:188} INFO - [2026-04-21T10:25:16.525+0000] {dag.py:3823} INFO - Setting next_dagrun for example_sensors to None, run_after=None
[2026-04-21T10:25:16.676+0000] {processor.py:183} INFO - Processing /home/airflow/.local/lib/python3.8/site-packages/airflow/example_dags/example_sensors.py took 0.191 seconds
[2026-04-21T10:25:47.007+0000] {processor.py:161} INFO - Started process (PID=2319) to work on /home/airflow/.local/lib/python3.8/site-packages/airflow/example_dags/example_sensors.py
[2026-04-21T10:25:47.007+0000] {processor.py:830} INFO - Processing file /home/airflow/.local/lib/python3.8/site-packages/airflow/example_dags/example_sensors.py for tasks to queue
[2026-04-21T10:25:47.009+0000] {logging_mixin.py:188} INFO - [2026-04-21T10:25:47.008+0000] {dagbag.py:538} INFO - Filling up the DagBag from /home/airflow/.local/lib/python3.8/site-packages/airflow/example_dags/example_sensors.py
[2026-04-21T10:25:47.015+0000] {processor.py:840} INFO - DAG(s) 'example_sensors' retrieved from /home/airflow/.local/lib/python3.8/site-packages/airflow/example_dags/example_sensors.py
[2026-04-21T10:25:47.034+0000] {logging_mixin.py:188} INFO - [2026-04-21T10:25:47.034+0000] {dag.py:3036} INFO - Sync 1 DAGs
[2026-04-21T10:25:47.043+0000] {logging_mixin.py:188} INFO - [2026-04-21T10:25:47.043+0000] {dag.py:3823} INFO - Setting next_dagrun for example_sensors to None, run_after=None
[2026-04-21T10:25:47.056+0000] {processor.py:183} INFO - Processing /home/airflow/.local/lib/python3.8/site-packages/airflow/example_dags/example_sensors.py took 0.052 seconds
[2026-04-21T10:26:17.112+0000] {processor.py:161} INFO - Started process (PID=2374) to work on /home/airflow/.local/lib/python3.8/site-packages/airflow/example_dags/example_sensors.py
[2026-04-21T10:26:17.114+0000] {processor.py:830} INFO - Processing file /home/airflow/.local/lib/python3.8/site-packages/airflow/example_dags/example_sensors.py for tasks to queue
[2026-04-21T10:26:17.115+0000] {logging_mixin.py:188} INFO - [2026-04-21T10:26:17.115+0000] {dagbag.py:538} INFO - Filling up the DagBag from /home/airflow/.local/lib/python3.8/site-packages/airflow/example_dags/example_sensors.py
[2026-04-21T10:26:17.122+0000] {processor.py:840} INFO - DAG(s) 'example_sensors' retrieved from /home/airflow/.local/lib/python3.8/site-packages/airflow/example_dags/example_sensors.py
[2026-04-21T10:26:17.138+0000] {logging_mixin.py:188} INFO - [2026-04-21T10:26:17.138+0000] {dag.py:3036} INFO - Sync 1 DAGs
[2026-04-21T10:26:17.149+0000] {logging_mixin.py:188} INFO - [2026-04-21T10:26:17.149+0000] {dag.py:3823} INFO - Setting next_dagrun for example_sensors to None, run_after=None
[2026-04-21T10:26:17.162+0000] {processor.py:183} INFO - Processing /home/airflow/.local/lib/python3.8/site-packages/airflow/example_dags/example_sensors.py took 0.052 seconds
[2026-04-21T10:26:47.568+0000] {processor.py:161} INFO - Started process (PID=2429) to work on /home/airflow/.local/lib/python3.8/site-packages/airflow/example_dags/example_sensors.py
[2026-04-21T10:26:47.569+0000] {processor.py:830} INFO - Processing file /home/airflow/.local/lib/python3.8/site-packages/airflow/example_dags/example_sensors.py for tasks to queue
[2026-04-21T10:26:47.570+0000] {logging_mixin.py:188} INFO - [2026-04-21T10:26:47.570+0000] {dagbag.py:538} INFO - Filling up the DagBag from /home/airflow/.local/lib/python3.8/site-packages/airflow/example_dags/example_sensors.py
[2026-04-21T10:26:47.576+0000] {processor.py:840} INFO - DAG(s) 'example_sensors' retrieved from /home/airflow/.local/lib/python3.8/site-packages/airflow/example_dags/example_sensors.py
[2026-04-21T10:26:47.593+0000] {logging_mixin.py:188} INFO - [2026-04-21T10:26:47.592+0000] {dag.py:3036} INFO - Sync 1 DAGs
[2026-04-21T10:26:47.601+0000] {logging_mixin.py:188} INFO - [2026-04-21T10:26:47.600+0000] {dag.py:3823} INFO - Setting next_dagrun for example_sensors to None, run_after=None
[2026-04-21T10:26:47.611+0000] {processor.py:183} INFO - Processing /home/airflow/.local/lib/python3.8/site-packages/airflow/example_dags/example_sensors.py took 0.045 seconds
[2026-04-21T10:27:18.180+0000] {processor.py:161} INFO - Started process (PID=2484) to work on /home/airflow/.local/lib/python3.8/site-packages/airflow/example_dags/example_sensors.py
[2026-04-21T10:27:18.180+0000] {processor.py:830} INFO - Processing file /home/airflow/.local/lib/python3.8/site-packages/airflow/example_dags/example_sensors.py for tasks to queue
[2026-04-21T10:27:18.182+0000] {logging_mixin.py:188} INFO - [2026-04-21T10:27:18.181+0000] {dagbag.py:538} INFO - Filling up the DagBag from /home/airflow/.local/lib/python3.8/site-packages/airflow/example_dags/example_sensors.py
[2026-04-21T10:27:18.187+0000] {processor.py:840} INFO - DAG(s) 'example_sensors' retrieved from /home/airflow/.local/lib/python3.8/site-packages/airflow/example_dags/example_sensors.py
[2026-04-21T10:27:18.203+0000] {logging_mixin.py:188} INFO - [2026-04-21T10:27:18.203+0000] {dag.py:3036} INFO - Sync 1 DAGs
[2026-04-21T10:27:18.211+0000] {logging_mixin.py:188} INFO - [2026-04-21T10:27:18.211+0000] {dag.py:3823} INFO - Setting next_dagrun for example_sensors to None, run_after=None
[2026-04-21T10:27:18.221+0000] {processor.py:183} INFO - Processing /home/airflow/.local/lib/python3.8/site-packages/airflow/example_dags/example_sensors.py took 0.043 seconds
[2026-04-21T10:27:48.714+0000] {processor.py:161} INFO - Started process (PID=2539) to work on /home/airflow/.local/lib/python3.8/site-packages/airflow/example_dags/example_sensors.py
[2026-04-21T10:27:48.715+0000] {processor.py:830} INFO - Processing file /home/airflow/.local/lib/python3.8/site-packages/airflow/example_dags/example_sensors.py for tasks to queue
[2026-04-21T10:27:48.716+0000] {logging_mixin.py:188} INFO - [2026-04-21T10:27:48.715+0000] {dagbag.py:538} INFO - Filling up the DagBag from /home/airflow/.local/lib/python3.8/site-packages/airflow/example_dags/example_sensors.py
[2026-04-21T10:27:48.722+0000] {processor.py:840} INFO - DAG(s) 'example_sensors' retrieved from /home/airflow/.local/lib/python3.8/site-packages/airflow/example_dags/example_sensors.py
[2026-04-21T10:27:48.738+0000] {logging_mixin.py:188} INFO - [2026-04-21T10:27:48.738+0000] {dag.py:3036} INFO - Sync 1 DAGs
[2026-04-21T10:27:48.860+0000] {logging_mixin.py:188} INFO - [2026-04-21T10:27:48.860+0000] {dag.py:3823} INFO - Setting next_dagrun for example_sensors to None, run_after=None
[2026-04-21T10:27:48.870+0000] {processor.py:183} INFO - Processing /home/airflow/.local/lib/python3.8/site-packages/airflow/example_dags/example_sensors.py took 0.158 seconds
[2026-04-21T10:28:19.517+0000] {processor.py:161} INFO - Started process (PID=2594) to work on /home/airflow/.local/lib/python3.8/site-packages/airflow/example_dags/example_sensors.py
[2026-04-21T10:28:19.520+0000] {processor.py:830} INFO - Processing file /home/airflow/.local/lib/python3.8/site-packages/airflow/example_dags/example_sensors.py for tasks to queue
[2026-04-21T10:28:19.521+0000] {logging_mixin.py:188} INFO - [2026-04-21T10:28:19.521+0000] {dagbag.py:538} INFO - Filling up the DagBag from /home/airflow/.local/lib/python3.8/site-packages/airflow/example_dags/example_sensors.py
[2026-04-21T10:28:19.527+0000] {processor.py:840} INFO - DAG(s) 'example_sensors' retrieved from /home/airflow/.local/lib/python3.8/site-packages/airflow/example_dags/example_sensors.py
[2026-04-21T10:28:19.543+0000] {logging_mixin.py:188} INFO - [2026-04-21T10:28:19.543+0000] {dag.py:3036} INFO - Sync 1 DAGs
[2026-04-21T10:28:19.551+0000] {logging_mixin.py:188} INFO - [2026-04-21T10:28:19.551+0000] {dag.py:3823} INFO - Setting next_dagrun for example_sensors to None, run_after=None
[2026-04-21T10:28:19.674+0000] {processor.py:183} INFO - Processing /home/airflow/.local/lib/python3.8/site-packages/airflow/example_dags/example_sensors.py took 0.159 seconds
[2026-04-21T10:28:50.352+0000] {processor.py:161} INFO - Started process (PID=2649) to work on /home/airflow/.local/lib/python3.8/site-packages/airflow/example_dags/example_sensors.py
[2026-04-21T10:28:50.355+0000] {processor.py:830} INFO - Processing file /home/airflow/.local/lib/python3.8/site-packages/airflow/example_dags/example_sensors.py for tasks to queue
[2026-04-21T10:28:50.357+0000] {logging_mixin.py:188} INFO - [2026-04-21T10:28:50.357+0000] {dagbag.py:538} INFO - Filling up the DagBag from /home/airflow/.local/lib/python3.8/site-packages/airflow/example_dags/example_sensors.py
[2026-04-21T10:28:50.362+0000] {processor.py:840} INFO - DAG(s) 'example_sensors' retrieved from /home/airflow/.local/lib/python3.8/site-packages/airflow/example_dags/example_sensors.py
[2026-04-21T10:28:50.378+0000] {logging_mixin.py:188} INFO - [2026-04-21T10:28:50.378+0000] {dag.py:3036} INFO - Sync 1 DAGs
[2026-04-21T10:28:50.385+0000] {logging_mixin.py:188} INFO - [2026-04-21T10:28:50.385+0000] {dag.py:3823} INFO - Setting next_dagrun for example_sensors to None, run_after=None
[2026-04-21T10:28:50.395+0000] {processor.py:183} INFO - Processing /home/airflow/.local/lib/python3.8/site-packages/airflow/example_dags/example_sensors.py took 0.045 seconds
[2026-04-21T10:29:21.200+0000] {processor.py:161} INFO - Started process (PID=2704) to work on /home/airflow/.local/lib/python3.8/site-packages/airflow/example_dags/example_sensors.py
[2026-04-21T10:29:21.200+0000] {processor.py:830} INFO - Processing file /home/airflow/.local/lib/python3.8/site-packages/airflow/example_dags/example_sensors.py for tasks to queue
[2026-04-21T10:29:21.202+0000] {logging_mixin.py:188} INFO - [2026-04-21T10:29:21.201+0000] {dagbag.py:538} INFO - Filling up the DagBag from /home/airflow/.local/lib/python3.8/site-packages/airflow/example_dags/example_sensors.py
[2026-04-21T10:29:21.207+0000] {processor.py:840} INFO - DAG(s) 'example_sensors' retrieved from /home/airflow/.local/lib/python3.8/site-packages/airflow/example_dags/example_sensors.py
[2026-04-21T10:29:21.225+0000] {logging_mixin.py:188} INFO - [2026-04-21T10:29:21.224+0000] {dag.py:3036} INFO - Sync 1 DAGs
[2026-04-21T10:29:21.233+0000] {logging_mixin.py:188} INFO - [2026-04-21T10:29:21.233+0000] {dag.py:3823} INFO - Setting next_dagrun for example_sensors to None, run_after=None
[2026-04-21T10:29:21.244+0000] {processor.py:183} INFO - Processing /home/airflow/.local/lib/python3.8/site-packages/airflow/example_dags/example_sensors.py took 0.047 seconds
[2026-04-21T10:29:51.879+0000] {processor.py:161} INFO - Started process (PID=2759) to work on /home/airflow/.local/lib/python3.8/site-packages/airflow/example_dags/example_sensors.py
[2026-04-21T10:29:51.882+0000] {processor.py:830} INFO - Processing file /home/airflow/.local/lib/python3.8/site-packages/airflow/example_dags/example_sensors.py for tasks to queue
[2026-04-21T10:29:51.884+0000] {logging_mixin.py:188} INFO - [2026-04-21T10:29:51.883+0000] {dagbag.py:538} INFO - Filling up the DagBag from /home/airflow/.local/lib/python3.8/site-packages/airflow/example_dags/example_sensors.py
[2026-04-21T10:29:51.890+0000] {processor.py:840} INFO - DAG(s) 'example_sensors' retrieved from /home/airflow/.local/lib/python3.8/site-packages/airflow/example_dags/example_sensors.py
[2026-04-21T10:29:51.906+0000] {logging_mixin.py:188} INFO - [2026-04-21T10:29:51.906+0000] {dag.py:3036} INFO - Sync 1 DAGs
[2026-04-21T10:29:51.914+0000] {logging_mixin.py:188} INFO - [2026-04-21T10:29:51.914+0000] {dag.py:3823} INFO - Setting next_dagrun for example_sensors to None, run_after=None
[2026-04-21T10:29:51.924+0000] {processor.py:183} INFO - Processing /home/airflow/.local/lib/python3.8/site-packages/airflow/example_dags/example_sensors.py took 0.047 seconds
[2026-04-21T10:30:22.682+0000] {processor.py:161} INFO - Started process (PID=2814) to work on /home/airflow/.local/lib/python3.8/site-packages/airflow/example_dags/example_sensors.py
[2026-04-21T10:30:22.685+0000] {processor.py:830} INFO - Processing file /home/airflow/.local/lib/python3.8/site-packages/airflow/example_dags/example_sensors.py for tasks to queue
[2026-04-21T10:30:22.686+0000] {logging_mixin.py:188} INFO - [2026-04-21T10:30:22.686+0000] {dagbag.py:538} INFO - Filling up the DagBag from /home/airflow/.local/lib/python3.8/site-packages/airflow/example_dags/example_sensors.py
[2026-04-21T10:30:22.692+0000] {processor.py:840} INFO - DAG(s) 'example_sensors' retrieved from /home/airflow/.local/lib/python3.8/site-packages/airflow/example_dags/example_sensors.py
[2026-04-21T10:30:22.707+0000] {logging_mixin.py:188} INFO - [2026-04-21T10:30:22.707+0000] {dag.py:3036} INFO - Sync 1 DAGs
[2026-04-21T10:30:22.715+0000] {logging_mixin.py:188} INFO - [2026-04-21T10:30:22.715+0000] {dag.py:3823} INFO - Setting next_dagrun for example_sensors to None, run_after=None
[2026-04-21T10:30:22.725+0000] {processor.py:183} INFO - Processing /home/airflow/.local/lib/python3.8/site-packages/airflow/example_dags/example_sensors.py took 0.046 seconds
[2026-04-21T10:30:53.482+0000] {processor.py:161} INFO - Started process (PID=2869) to work on /home/airflow/.local/lib/python3.8/site-packages/airflow/example_dags/example_sensors.py
[2026-04-21T10:30:53.482+0000] {processor.py:830} INFO - Processing file /home/airflow/.local/lib/python3.8/site-packages/airflow/example_dags/example_sensors.py for tasks to queue
[2026-04-21T10:30:53.483+0000] {logging_mixin.py:188} INFO - [2026-04-21T10:30:53.483+0000] {dagbag.py:538} INFO - Filling up the DagBag from /home/airflow/.local/lib/python3.8/site-packages/airflow/example_dags/example_sensors.py
[2026-04-21T10:30:53.489+0000] {processor.py:840} INFO - DAG(s) 'example_sensors' retrieved from /home/airflow/.local/lib/python3.8/site-packages/airflow/example_dags/example_sensors.py
[2026-04-21T10:30:53.508+0000] {logging_mixin.py:188} INFO - [2026-04-21T10:30:53.508+0000] {dag.py:3036} INFO - Sync 1 DAGs
[2026-04-21T10:30:53.516+0000] {logging_mixin.py:188} INFO - [2026-04-21T10:30:53.516+0000] {dag.py:3823} INFO - Setting next_dagrun for example_sensors to None, run_after=None
[2026-04-21T10:30:53.527+0000] {processor.py:183} INFO - Processing /home/airflow/.local/lib/python3.8/site-packages/airflow/example_dags/example_sensors.py took 0.047 seconds
[2026-04-21T10:31:24.189+0000] {processor.py:161} INFO - Started process (PID=2924) to work on /home/airflow/.local/lib/python3.8/site-packages/airflow/example_dags/example_sensors.py
[2026-04-21T10:31:24.191+0000] {processor.py:830} INFO - Processing file /home/airflow/.local/lib/python3.8/site-packages/airflow/example_dags/example_sensors.py for tasks to queue
[2026-04-21T10:31:24.193+0000] {logging_mixin.py:188} INFO - [2026-04-21T10:31:24.193+0000] {dagbag.py:538} INFO - Filling up the DagBag from /home/airflow/.local/lib/python3.8/site-packages/airflow/example_dags/example_sensors.py
[2026-04-21T10:31:24.200+0000] {processor.py:840} INFO - DAG(s) 'example_sensors' retrieved from /home/airflow/.local/lib/python3.8/site-packages/airflow/example_dags/example_sensors.py
[2026-04-21T10:31:24.218+0000] {logging_mixin.py:188} INFO - [2026-04-21T10:31:24.218+0000] {dag.py:3036} INFO - Sync 1 DAGs
[2026-04-21T10:31:24.225+0000] {logging_mixin.py:188} INFO - [2026-04-21T10:31:24.225+0000] {dag.py:3823} INFO - Setting next_dagrun for example_sensors to None, run_after=None
[2026-04-21T10:31:24.236+0000] {processor.py:183} INFO - Processing /home/airflow/.local/lib/python3.8/site-packages/airflow/example_dags/example_sensors.py took 0.049 seconds
[2026-04-21T10:31:55.035+0000] {processor.py:161} INFO - Started process (PID=2979) to work on /home/airflow/.local/lib/python3.8/site-packages/airflow/example_dags/example_sensors.py
[2026-04-21T10:31:55.035+0000] {processor.py:830} INFO - Processing file /home/airflow/.local/lib/python3.8/site-packages/airflow/example_dags/example_sensors.py for tasks to queue
[2026-04-21T10:31:55.036+0000] {logging_mixin.py:188} INFO - [2026-04-21T10:31:55.036+0000] {dagbag.py:538} INFO - Filling up the DagBag from /home/airflow/.local/lib/python3.8/site-packages/airflow/example_dags/example_sensors.py
[2026-04-21T10:31:55.042+0000] {processor.py:840} INFO - DAG(s) 'example_sensors' retrieved from /home/airflow/.local/lib/python3.8/site-packages/airflow/example_dags/example_sensors.py
[2026-04-21T10:31:55.059+0000] {logging_mixin.py:188} INFO - [2026-04-21T10:31:55.059+0000] {dag.py:3036} INFO - Sync 1 DAGs
[2026-04-21T10:31:55.069+0000] {logging_mixin.py:188} INFO - [2026-04-21T10:31:55.068+0000] {dag.py:3823} INFO - Setting next_dagrun for example_sensors to None, run_after=None
[2026-04-21T10:31:55.084+0000] {processor.py:183} INFO - Processing /home/airflow/.local/lib/python3.8/site-packages/airflow/example_dags/example_sensors.py took 0.052 seconds
[2026-04-21T10:32:25.771+0000] {processor.py:161} INFO - Started process (PID=3034) to work on /home/airflow/.local/lib/python3.8/site-packages/airflow/example_dags/example_sensors.py
[2026-04-21T10:32:25.773+0000] {processor.py:830} INFO - Processing file /home/airflow/.local/lib/python3.8/site-packages/airflow/example_dags/example_sensors.py for tasks to queue
[2026-04-21T10:32:25.775+0000] {logging_mixin.py:188} INFO - [2026-04-21T10:32:25.774+0000] {dagbag.py:538} INFO - Filling up the DagBag from /home/airflow/.local/lib/python3.8/site-packages/airflow/example_dags/example_sensors.py
[2026-04-21T10:32:25.780+0000] {processor.py:840} INFO - DAG(s) 'example_sensors' retrieved from /home/airflow/.local/lib/python3.8/site-packages/airflow/example_dags/example_sensors.py
[2026-04-21T10:32:25.796+0000] {logging_mixin.py:188} INFO - [2026-04-21T10:32:25.796+0000] {dag.py:3036} INFO - Sync 1 DAGs
[2026-04-21T10:32:25.804+0000] {logging_mixin.py:188} INFO - [2026-04-21T10:32:25.803+0000] {dag.py:3823} INFO - Setting next_dagrun for example_sensors to None, run_after=None
[2026-04-21T10:32:25.814+0000] {processor.py:183} INFO - Processing /home/airflow/.local/lib/python3.8/site-packages/airflow/example_dags/example_sensors.py took 0.046 seconds
[2026-04-21T10:32:56.496+0000] {processor.py:161} INFO - Started process (PID=3089) to work on /home/airflow/.local/lib/python3.8/site-packages/airflow/example_dags/example_sensors.py
[2026-04-21T10:32:56.497+0000] {processor.py:830} INFO - Processing file /home/airflow/.local/lib/python3.8/site-packages/airflow/example_dags/example_sensors.py for tasks to queue
[2026-04-21T10:32:56.499+0000] {logging_mixin.py:188} INFO - [2026-04-21T10:32:56.499+0000] {dagbag.py:538} INFO - Filling up the DagBag from /home/airflow/.local/lib/python3.8/site-packages/airflow/example_dags/example_sensors.py
[2026-04-21T10:32:56.511+0000] {processor.py:840} INFO - DAG(s) 'example_sensors' retrieved from /home/airflow/.local/lib/python3.8/site-packages/airflow/example_dags/example_sensors.py
[2026-04-21T10:32:56.543+0000] {logging_mixin.py:188} INFO - [2026-04-21T10:32:56.542+0000] {dag.py:3036} INFO - Sync 1 DAGs
[2026-04-21T10:32:56.555+0000] {logging_mixin.py:188} INFO - [2026-04-21T10:32:56.554+0000] {dag.py:3823} INFO - Setting next_dagrun for example_sensors to None, run_after=None
[2026-04-21T10:32:56.574+0000] {processor.py:183} INFO - Processing /home/airflow/.local/lib/python3.8/site-packages/airflow/example_dags/example_sensors.py took 0.083 seconds
[2026-04-21T10:33:26.649+0000] {processor.py:161} INFO - Started process (PID=3144) to work on /home/airflow/.local/lib/python3.8/site-packages/airflow/example_dags/example_sensors.py
[2026-04-21T10:33:26.652+0000] {processor.py:830} INFO - Processing file /home/airflow/.local/lib/python3.8/site-packages/airflow/example_dags/example_sensors.py for tasks to queue
[2026-04-21T10:33:26.653+0000] {logging_mixin.py:188} INFO - [2026-04-21T10:33:26.653+0000] {dagbag.py:538} INFO - Filling up the DagBag from /home/airflow/.local/lib/python3.8/site-packages/airflow/example_dags/example_sensors.py
[2026-04-21T10:33:26.659+0000] {processor.py:840} INFO - DAG(s) 'example_sensors' retrieved from /home/airflow/.local/lib/python3.8/site-packages/airflow/example_dags/example_sensors.py
[2026-04-21T10:33:26.674+0000] {logging_mixin.py:188} INFO - [2026-04-21T10:33:26.674+0000] {dag.py:3036} INFO - Sync 1 DAGs
[2026-04-21T10:33:26.682+0000] {logging_mixin.py:188} INFO - [2026-04-21T10:33:26.682+0000] {dag.py:3823} INFO - Setting next_dagrun for example_sensors to None, run_after=None
[2026-04-21T10:33:26.693+0000] {processor.py:183} INFO - Processing /home/airflow/.local/lib/python3.8/site-packages/airflow/example_dags/example_sensors.py took 0.046 seconds
[2026-04-21T10:33:56.776+0000] {processor.py:161} INFO - Started process (PID=3199) to work on /home/airflow/.local/lib/python3.8/site-packages/airflow/example_dags/example_sensors.py
[2026-04-21T10:33:56.777+0000] {processor.py:830} INFO - Processing file /home/airflow/.local/lib/python3.8/site-packages/airflow/example_dags/example_sensors.py for tasks to queue
[2026-04-21T10:33:56.778+0000] {logging_mixin.py:188} INFO - [2026-04-21T10:33:56.778+0000] {dagbag.py:538} INFO - Filling up the DagBag from /home/airflow/.local/lib/python3.8/site-packages/airflow/example_dags/example_sensors.py
[2026-04-21T10:33:56.784+0000] {processor.py:840} INFO - DAG(s) 'example_sensors' retrieved from /home/airflow/.local/lib/python3.8/site-packages/airflow/example_dags/example_sensors.py
[2026-04-21T10:33:56.800+0000] {logging_mixin.py:188} INFO - [2026-04-21T10:33:56.800+0000] {dag.py:3036} INFO - Sync 1 DAGs
[2026-04-21T10:33:56.808+0000] {logging_mixin.py:188} INFO - [2026-04-21T10:33:56.808+0000] {dag.py:3823} INFO - Setting next_dagrun for example_sensors to None, run_after=None
[2026-04-21T10:33:56.819+0000] {processor.py:183} INFO - Processing /home/airflow/.local/lib/python3.8/site-packages/airflow/example_dags/example_sensors.py took 0.045 seconds
[2026-04-21T10:34:26.881+0000] {processor.py:161} INFO - Started process (PID=3254) to work on /home/airflow/.local/lib/python3.8/site-packages/airflow/example_dags/example_sensors.py
[2026-04-21T10:34:26.881+0000] {processor.py:830} INFO - Processing file /home/airflow/.local/lib/python3.8/site-packages/airflow/example_dags/example_sensors.py for tasks to queue
[2026-04-21T10:34:26.883+0000] {logging_mixin.py:188} INFO - [2026-04-21T10:34:26.882+0000] {dagbag.py:538} INFO - Filling up the DagBag from /home/airflow/.local/lib/python3.8/site-packages/airflow/example_dags/example_sensors.py
[2026-04-21T10:34:26.890+0000] {processor.py:840} INFO - DAG(s) 'example_sensors' retrieved from /home/airflow/.local/lib/python3.8/site-packages/airflow/example_dags/example_sensors.py
[2026-04-21T10:34:26.907+0000] {logging_mixin.py:188} INFO - [2026-04-21T10:34:26.907+0000] {dag.py:3036} INFO - Sync 1 DAGs
[2026-04-21T10:34:26.917+0000] {logging_mixin.py:188} INFO - [2026-04-21T10:34:26.917+0000] {dag.py:3823} INFO - Setting next_dagrun for example_sensors to None, run_after=None
[2026-04-21T10:34:26.929+0000] {processor.py:183} INFO - Processing /home/airflow/.local/lib/python3.8/site-packages/airflow/example_dags/example_sensors.py took 0.051 seconds
[2026-04-21T10:34:57.688+0000] {processor.py:161} INFO - Started process (PID=3309) to work on /home/airflow/.local/lib/python3.8/site-packages/airflow/example_dags/example_sensors.py
[2026-04-21T10:34:57.689+0000] {processor.py:830} INFO - Processing file /home/airflow/.local/lib/python3.8/site-packages/airflow/example_dags/example_sensors.py for tasks to queue
[2026-04-21T10:34:57.690+0000] {logging_mixin.py:188} INFO - [2026-04-21T10:34:57.690+0000] {dagbag.py:538} INFO - Filling up the DagBag from /home/airflow/.local/lib/python3.8/site-packages/airflow/example_dags/example_sensors.py
[2026-04-21T10:34:57.698+0000] {processor.py:840} INFO - DAG(s) 'example_sensors' retrieved from /home/airflow/.local/lib/python3.8/site-packages/airflow/example_dags/example_sensors.py
[2026-04-21T10:34:57.717+0000] {logging_mixin.py:188} INFO - [2026-04-21T10:34:57.717+0000] {dag.py:3036} INFO - Sync 1 DAGs
[2026-04-21T10:34:57.726+0000] {logging_mixin.py:188} INFO - [2026-04-21T10:34:57.726+0000] {dag.py:3823} INFO - Setting next_dagrun for example_sensors to None, run_after=None
[2026-04-21T10:34:57.737+0000] {processor.py:183} INFO - Processing /home/airflow/.local/lib/python3.8/site-packages/airflow/example_dags/example_sensors.py took 0.051 seconds
[2026-04-21T10:35:28.433+0000] {processor.py:161} INFO - Started process (PID=3364) to work on /home/airflow/.local/lib/python3.8/site-packages/airflow/example_dags/example_sensors.py
[2026-04-21T10:35:28.436+0000] {processor.py:830} INFO - Processing file /home/airflow/.local/lib/python3.8/site-packages/airflow/example_dags/example_sensors.py for tasks to queue
[2026-04-21T10:35:28.437+0000] {logging_mixin.py:188} INFO - [2026-04-21T10:35:28.437+0000] {dagbag.py:538} INFO - Filling up the DagBag from /home/airflow/.local/lib/python3.8/site-packages/airflow/example_dags/example_sensors.py
[2026-04-21T10:35:28.443+0000] {processor.py:840} INFO - DAG(s) 'example_sensors' retrieved from /home/airflow/.local/lib/python3.8/site-packages/airflow/example_dags/example_sensors.py
[2026-04-21T10:35:28.459+0000] {logging_mixin.py:188} INFO - [2026-04-21T10:35:28.459+0000] {dag.py:3036} INFO - Sync 1 DAGs
[2026-04-21T10:35:28.467+0000] {logging_mixin.py:188} INFO - [2026-04-21T10:35:28.467+0000] {dag.py:3823} INFO - Setting next_dagrun for example_sensors to None, run_after=None
[2026-04-21T10:35:28.478+0000] {processor.py:183} INFO - Processing /home/airflow/.local/lib/python3.8/site-packages/airflow/example_dags/example_sensors.py took 0.047 seconds
[2026-04-21T10:35:59.096+0000] {processor.py:161} INFO - Started process (PID=3419) to work on /home/airflow/.local/lib/python3.8/site-packages/airflow/example_dags/example_sensors.py
[2026-04-21T10:35:59.097+0000] {processor.py:830} INFO - Processing file /home/airflow/.local/lib/python3.8/site-packages/airflow/example_dags/example_sensors.py for tasks to queue
[2026-04-21T10:35:59.098+0000] {logging_mixin.py:188} INFO - [2026-04-21T10:35:59.098+0000] {dagbag.py:538} INFO - Filling up the DagBag from /home/airflow/.local/lib/python3.8/site-packages/airflow/example_dags/example_sensors.py
[2026-04-21T10:35:59.104+0000] {processor.py:840} INFO - DAG(s) 'example_sensors' retrieved from /home/airflow/.local/lib/python3.8/site-packages/airflow/example_dags/example_sensors.py
[2026-04-21T10:35:59.119+0000] {logging_mixin.py:188} INFO - [2026-04-21T10:35:59.119+0000] {dag.py:3036} INFO - Sync 1 DAGs
[2026-04-21T10:35:59.127+0000] {logging_mixin.py:188} INFO - [2026-04-21T10:35:59.127+0000] {dag.py:3823} INFO - Setting next_dagrun for example_sensors to None, run_after=None
[2026-04-21T10:35:59.137+0000] {processor.py:183} INFO - Processing /home/airflow/.local/lib/python3.8/site-packages/airflow/example_dags/example_sensors.py took 0.043 seconds
[2026-04-21T10:36:29.811+0000] {processor.py:161} INFO - Started process (PID=3474) to work on /home/airflow/.local/lib/python3.8/site-packages/airflow/example_dags/example_sensors.py
[2026-04-21T10:36:29.814+0000] {processor.py:830} INFO - Processing file /home/airflow/.local/lib/python3.8/site-packages/airflow/example_dags/example_sensors.py for tasks to queue
[2026-04-21T10:36:29.815+0000] {logging_mixin.py:188} INFO - [2026-04-21T10:36:29.815+0000] {dagbag.py:538} INFO - Filling up the DagBag from /home/airflow/.local/lib/python3.8/site-packages/airflow/example_dags/example_sensors.py
[2026-04-21T10:36:29.821+0000] {processor.py:840} INFO - DAG(s) 'example_sensors' retrieved from /home/airflow/.local/lib/python3.8/site-packages/airflow/example_dags/example_sensors.py
[2026-04-21T10:36:29.837+0000] {logging_mixin.py:188} INFO - [2026-04-21T10:36:29.837+0000] {dag.py:3036} INFO - Sync 1 DAGs
[2026-04-21T10:36:29.845+0000] {logging_mixin.py:188} INFO - [2026-04-21T10:36:29.845+0000] {dag.py:3823} INFO - Setting next_dagrun for example_sensors to None, run_after=None
[2026-04-21T10:36:29.855+0000] {processor.py:183} INFO - Processing /home/airflow/.local/lib/python3.8/site-packages/airflow/example_dags/example_sensors.py took 0.047 seconds
[2026-04-21T10:37:00.209+0000] {processor.py:161} INFO - Started process (PID=3529) to work on /home/airflow/.local/lib/python3.8/site-packages/airflow/example_dags/example_sensors.py
[2026-04-21T10:37:00.211+0000] {processor.py:830} INFO - Processing file /home/airflow/.local/lib/python3.8/site-packages/airflow/example_dags/example_sensors.py for tasks to queue
[2026-04-21T10:37:00.213+0000] {logging_mixin.py:188} INFO - [2026-04-21T10:37:00.212+0000] {dagbag.py:538} INFO - Filling up the DagBag from /home/airflow/.local/lib/python3.8/site-packages/airflow/example_dags/example_sensors.py
[2026-04-21T10:37:00.225+0000] {processor.py:840} INFO - DAG(s) 'example_sensors' retrieved from /home/airflow/.local/lib/python3.8/site-packages/airflow/example_dags/example_sensors.py
[2026-04-21T10:37:00.265+0000] {logging_mixin.py:188} INFO - [2026-04-21T10:37:00.264+0000] {dag.py:3036} INFO - Sync 1 DAGs
[2026-04-21T10:37:00.294+0000] {logging_mixin.py:188} INFO - [2026-04-21T10:37:00.294+0000] {dag.py:3823} INFO - Setting next_dagrun for example_sensors to None, run_after=None
[2026-04-21T10:37:00.325+0000] {processor.py:183} INFO - Processing /home/airflow/.local/lib/python3.8/site-packages/airflow/example_dags/example_sensors.py took 0.121 seconds
[2026-04-21T10:47:16.411+0000] {processor.py:161} INFO - Started process (PID=3583) to work on /home/airflow/.local/lib/python3.8/site-packages/airflow/example_dags/example_sensors.py
[2026-04-21T10:47:16.413+0000] {processor.py:830} INFO - Processing file /home/airflow/.local/lib/python3.8/site-packages/airflow/example_dags/example_sensors.py for tasks to queue
[2026-04-21T10:47:16.417+0000] {logging_mixin.py:188} INFO - [2026-04-21T10:47:16.416+0000] {dagbag.py:538} INFO - Filling up the DagBag from /home/airflow/.local/lib/python3.8/site-packages/airflow/example_dags/example_sensors.py
[2026-04-21T10:47:16.432+0000] {processor.py:840} INFO - DAG(s) 'example_sensors' retrieved from /home/airflow/.local/lib/python3.8/site-packages/airflow/example_dags/example_sensors.py
[2026-04-21T10:47:16.484+0000] {logging_mixin.py:188} INFO - [2026-04-21T10:47:16.483+0000] {dag.py:3036} INFO - Sync 1 DAGs
[2026-04-21T10:47:16.506+0000] {logging_mixin.py:188} INFO - [2026-04-21T10:47:16.506+0000] {dag.py:3823} INFO - Setting next_dagrun for example_sensors to None, run_after=None
[2026-04-21T10:47:16.541+0000] {processor.py:183} INFO - Processing /home/airflow/.local/lib/python3.8/site-packages/airflow/example_dags/example_sensors.py took 0.138 seconds
[2026-04-21T10:47:46.964+0000] {processor.py:161} INFO - Started process (PID=3638) to work on /home/airflow/.local/lib/python3.8/site-packages/airflow/example_dags/example_sensors.py
[2026-04-21T10:47:46.965+0000] {processor.py:830} INFO - Processing file /home/airflow/.local/lib/python3.8/site-packages/airflow/example_dags/example_sensors.py for tasks to queue
[2026-04-21T10:47:46.967+0000] {logging_mixin.py:188} INFO - [2026-04-21T10:47:46.967+0000] {dagbag.py:538} INFO - Filling up the DagBag from /home/airflow/.local/lib/python3.8/site-packages/airflow/example_dags/example_sensors.py
[2026-04-21T10:47:46.975+0000] {processor.py:840} INFO - DAG(s) 'example_sensors' retrieved from /home/airflow/.local/lib/python3.8/site-packages/airflow/example_dags/example_sensors.py
[2026-04-21T10:47:46.997+0000] {logging_mixin.py:188} INFO - [2026-04-21T10:47:46.997+0000] {dag.py:3036} INFO - Sync 1 DAGs
[2026-04-21T10:47:47.007+0000] {logging_mixin.py:188} INFO - [2026-04-21T10:47:47.007+0000] {dag.py:3823} INFO - Setting next_dagrun for example_sensors to None, run_after=None
[2026-04-21T10:47:47.023+0000] {processor.py:183} INFO - Processing /home/airflow/.local/lib/python3.8/site-packages/airflow/example_dags/example_sensors.py took 0.061 seconds
[2026-04-21T10:48:17.745+0000] {processor.py:161} INFO - Started process (PID=3693) to work on /home/airflow/.local/lib/python3.8/site-packages/airflow/example_dags/example_sensors.py
[2026-04-21T10:48:17.747+0000] {processor.py:830} INFO - Processing file /home/airflow/.local/lib/python3.8/site-packages/airflow/example_dags/example_sensors.py for tasks to queue
[2026-04-21T10:48:17.749+0000] {logging_mixin.py:188} INFO - [2026-04-21T10:48:17.748+0000] {dagbag.py:538} INFO - Filling up the DagBag from /home/airflow/.local/lib/python3.8/site-packages/airflow/example_dags/example_sensors.py
[2026-04-21T10:48:17.761+0000] {processor.py:840} INFO - DAG(s) 'example_sensors' retrieved from /home/airflow/.local/lib/python3.8/site-packages/airflow/example_dags/example_sensors.py
[2026-04-21T10:48:17.789+0000] {logging_mixin.py:188} INFO - [2026-04-21T10:48:17.789+0000] {dag.py:3036} INFO - Sync 1 DAGs
[2026-04-21T10:48:17.803+0000] {logging_mixin.py:188} INFO - [2026-04-21T10:48:17.802+0000] {dag.py:3823} INFO - Setting next_dagrun for example_sensors to None, run_after=None
[2026-04-21T10:48:17.823+0000] {processor.py:183} INFO - Processing /home/airflow/.local/lib/python3.8/site-packages/airflow/example_dags/example_sensors.py took 0.081 seconds
[2026-04-21T10:48:48.336+0000] {processor.py:161} INFO - Started process (PID=3748) to work on /home/airflow/.local/lib/python3.8/site-packages/airflow/example_dags/example_sensors.py
[2026-04-21T10:48:48.337+0000] {processor.py:830} INFO - Processing file /home/airflow/.local/lib/python3.8/site-packages/airflow/example_dags/example_sensors.py for tasks to queue
[2026-04-21T10:48:48.339+0000] {logging_mixin.py:188} INFO - [2026-04-21T10:48:48.339+0000] {dagbag.py:538} INFO - Filling up the DagBag from /home/airflow/.local/lib/python3.8/site-packages/airflow/example_dags/example_sensors.py
[2026-04-21T10:48:48.349+0000] {processor.py:840} INFO - DAG(s) 'example_sensors' retrieved from /home/airflow/.local/lib/python3.8/site-packages/airflow/example_dags/example_sensors.py
[2026-04-21T10:48:48.372+0000] {logging_mixin.py:188} INFO - [2026-04-21T10:48:48.371+0000] {dag.py:3036} INFO - Sync 1 DAGs
[2026-04-21T10:48:48.383+0000] {logging_mixin.py:188} INFO - [2026-04-21T10:48:48.383+0000] {dag.py:3823} INFO - Setting next_dagrun for example_sensors to None, run_after=None
[2026-04-21T10:48:48.399+0000] {processor.py:183} INFO - Processing /home/airflow/.local/lib/python3.8/site-packages/airflow/example_dags/example_sensors.py took 0.066 seconds
[2026-04-21T10:49:18.768+0000] {processor.py:161} INFO - Started process (PID=3803) to work on /home/airflow/.local/lib/python3.8/site-packages/airflow/example_dags/example_sensors.py
[2026-04-21T10:49:18.769+0000] {processor.py:830} INFO - Processing file /home/airflow/.local/lib/python3.8/site-packages/airflow/example_dags/example_sensors.py for tasks to queue
[2026-04-21T10:49:18.771+0000] {logging_mixin.py:188} INFO - [2026-04-21T10:49:18.770+0000] {dagbag.py:538} INFO - Filling up the DagBag from /home/airflow/.local/lib/python3.8/site-packages/airflow/example_dags/example_sensors.py
[2026-04-21T10:49:18.778+0000] {processor.py:840} INFO - DAG(s) 'example_sensors' retrieved from /home/airflow/.local/lib/python3.8/site-packages/airflow/example_dags/example_sensors.py
[2026-04-21T10:49:18.798+0000] {logging_mixin.py:188} INFO - [2026-04-21T10:49:18.798+0000] {dag.py:3036} INFO - Sync 1 DAGs
[2026-04-21T10:49:18.809+0000] {logging_mixin.py:188} INFO - [2026-04-21T10:49:18.809+0000] {dag.py:3823} INFO - Setting next_dagrun for example_sensors to None, run_after=None
[2026-04-21T10:49:18.824+0000] {processor.py:183} INFO - Processing /home/airflow/.local/lib/python3.8/site-packages/airflow/example_dags/example_sensors.py took 0.059 seconds
[2026-04-21T10:49:48.916+0000] {processor.py:161} INFO - Started process (PID=3858) to work on /home/airflow/.local/lib/python3.8/site-packages/airflow/example_dags/example_sensors.py
[2026-04-21T10:49:48.917+0000] {processor.py:830} INFO - Processing file /home/airflow/.local/lib/python3.8/site-packages/airflow/example_dags/example_sensors.py for tasks to queue
[2026-04-21T10:49:48.918+0000] {logging_mixin.py:188} INFO - [2026-04-21T10:49:48.918+0000] {dagbag.py:538} INFO - Filling up the DagBag from /home/airflow/.local/lib/python3.8/site-packages/airflow/example_dags/example_sensors.py
[2026-04-21T10:49:48.925+0000] {processor.py:840} INFO - DAG(s) 'example_sensors' retrieved from /home/airflow/.local/lib/python3.8/site-packages/airflow/example_dags/example_sensors.py
[2026-04-21T10:49:48.944+0000] {logging_mixin.py:188} INFO - [2026-04-21T10:49:48.943+0000] {dag.py:3036} INFO - Sync 1 DAGs
[2026-04-21T10:49:48.954+0000] {logging_mixin.py:188} INFO - [2026-04-21T10:49:48.953+0000] {dag.py:3823} INFO - Setting next_dagrun for example_sensors to None, run_after=None
[2026-04-21T10:49:48.967+0000] {processor.py:183} INFO - Processing /home/airflow/.local/lib/python3.8/site-packages/airflow/example_dags/example_sensors.py took 0.053 seconds
[2026-04-21T10:50:19.032+0000] {processor.py:161} INFO - Started process (PID=3913) to work on /home/airflow/.local/lib/python3.8/site-packages/airflow/example_dags/example_sensors.py
[2026-04-21T10:50:19.033+0000] {processor.py:830} INFO - Processing file /home/airflow/.local/lib/python3.8/site-packages/airflow/example_dags/example_sensors.py for tasks to queue
[2026-04-21T10:50:19.034+0000] {logging_mixin.py:188} INFO - [2026-04-21T10:50:19.034+0000] {dagbag.py:538} INFO - Filling up the DagBag from /home/airflow/.local/lib/python3.8/site-packages/airflow/example_dags/example_sensors.py
[2026-04-21T10:50:19.041+0000] {processor.py:840} INFO - DAG(s) 'example_sensors' retrieved from /home/airflow/.local/lib/python3.8/site-packages/airflow/example_dags/example_sensors.py
[2026-04-21T10:50:19.060+0000] {logging_mixin.py:188} INFO - [2026-04-21T10:50:19.060+0000] {dag.py:3036} INFO - Sync 1 DAGs
[2026-04-21T10:50:19.069+0000] {logging_mixin.py:188} INFO - [2026-04-21T10:50:19.069+0000] {dag.py:3823} INFO - Setting next_dagrun for example_sensors to None, run_after=None
[2026-04-21T10:50:19.083+0000] {processor.py:183} INFO - Processing /home/airflow/.local/lib/python3.8/site-packages/airflow/example_dags/example_sensors.py took 0.054 seconds
[2026-04-21T10:50:50.046+0000] {processor.py:161} INFO - Started process (PID=3968) to work on /home/airflow/.local/lib/python3.8/site-packages/airflow/example_dags/example_sensors.py
[2026-04-21T10:50:50.048+0000] {processor.py:830} INFO - Processing file /home/airflow/.local/lib/python3.8/site-packages/airflow/example_dags/example_sensors.py for tasks to queue
[2026-04-21T10:50:50.049+0000] {logging_mixin.py:188} INFO - [2026-04-21T10:50:50.049+0000] {dagbag.py:538} INFO - Filling up the DagBag from /home/airflow/.local/lib/python3.8/site-packages/airflow/example_dags/example_sensors.py
[2026-04-21T10:50:50.055+0000] {processor.py:840} INFO - DAG(s) 'example_sensors' retrieved from /home/airflow/.local/lib/python3.8/site-packages/airflow/example_dags/example_sensors.py
[2026-04-21T10:50:50.074+0000] {logging_mixin.py:188} INFO - [2026-04-21T10:50:50.074+0000] {dag.py:3036} INFO - Sync 1 DAGs
[2026-04-21T10:50:50.083+0000] {logging_mixin.py:188} INFO - [2026-04-21T10:50:50.083+0000] {dag.py:3823} INFO - Setting next_dagrun for example_sensors to None, run_after=None
[2026-04-21T10:50:50.095+0000] {processor.py:183} INFO - Processing /home/airflow/.local/lib/python3.8/site-packages/airflow/example_dags/example_sensors.py took 0.051 seconds
[2026-04-21T10:51:20.130+0000] {processor.py:161} INFO - Started process (PID=4022) to work on /home/airflow/.local/lib/python3.8/site-packages/airflow/example_dags/example_sensors.py
[2026-04-21T10:51:20.139+0000] {processor.py:830} INFO - Processing file /home/airflow/.local/lib/python3.8/site-packages/airflow/example_dags/example_sensors.py for tasks to queue
[2026-04-21T10:51:20.140+0000] {logging_mixin.py:188} INFO - [2026-04-21T10:51:20.140+0000] {dagbag.py:538} INFO - Filling up the DagBag from /home/airflow/.local/lib/python3.8/site-packages/airflow/example_dags/example_sensors.py
[2026-04-21T10:51:20.146+0000] {processor.py:840} INFO - DAG(s) 'example_sensors' retrieved from /home/airflow/.local/lib/python3.8/site-packages/airflow/example_dags/example_sensors.py
[2026-04-21T10:51:20.165+0000] {logging_mixin.py:188} INFO - [2026-04-21T10:51:20.165+0000] {dag.py:3036} INFO - Sync 1 DAGs
[2026-04-21T10:51:20.174+0000] {logging_mixin.py:188} INFO - [2026-04-21T10:51:20.174+0000] {dag.py:3823} INFO - Setting next_dagrun for example_sensors to None, run_after=None
[2026-04-21T10:51:20.187+0000] {processor.py:183} INFO - Processing /home/airflow/.local/lib/python3.8/site-packages/airflow/example_dags/example_sensors.py took 0.060 seconds
[2026-04-21T10:51:50.235+0000] {processor.py:161} INFO - Started process (PID=4077) to work on /home/airflow/.local/lib/python3.8/site-packages/airflow/example_dags/example_sensors.py
[2026-04-21T10:51:50.244+0000] {processor.py:830} INFO - Processing file /home/airflow/.local/lib/python3.8/site-packages/airflow/example_dags/example_sensors.py for tasks to queue
[2026-04-21T10:51:50.246+0000] {logging_mixin.py:188} INFO - [2026-04-21T10:51:50.245+0000] {dagbag.py:538} INFO - Filling up the DagBag from /home/airflow/.local/lib/python3.8/site-packages/airflow/example_dags/example_sensors.py
[2026-04-21T10:51:50.252+0000] {processor.py:840} INFO - DAG(s) 'example_sensors' retrieved from /home/airflow/.local/lib/python3.8/site-packages/airflow/example_dags/example_sensors.py
[2026-04-21T10:51:50.273+0000] {logging_mixin.py:188} INFO - [2026-04-21T10:51:50.273+0000] {dag.py:3036} INFO - Sync 1 DAGs
[2026-04-21T10:51:50.284+0000] {logging_mixin.py:188} INFO - [2026-04-21T10:51:50.284+0000] {dag.py:3823} INFO - Setting next_dagrun for example_sensors to None, run_after=None
[2026-04-21T10:51:50.299+0000] {processor.py:183} INFO - Processing /home/airflow/.local/lib/python3.8/site-packages/airflow/example_dags/example_sensors.py took 0.066 seconds
[2026-04-21T10:52:20.520+0000] {processor.py:161} INFO - Started process (PID=4132) to work on /home/airflow/.local/lib/python3.8/site-packages/airflow/example_dags/example_sensors.py
[2026-04-21T10:52:20.529+0000] {processor.py:830} INFO - Processing file /home/airflow/.local/lib/python3.8/site-packages/airflow/example_dags/example_sensors.py for tasks to queue
[2026-04-21T10:52:20.530+0000] {logging_mixin.py:188} INFO - [2026-04-21T10:52:20.530+0000] {dagbag.py:538} INFO - Filling up the DagBag from /home/airflow/.local/lib/python3.8/site-packages/airflow/example_dags/example_sensors.py
[2026-04-21T10:52:20.536+0000] {processor.py:840} INFO - DAG(s) 'example_sensors' retrieved from /home/airflow/.local/lib/python3.8/site-packages/airflow/example_dags/example_sensors.py
[2026-04-21T10:52:20.554+0000] {logging_mixin.py:188} INFO - [2026-04-21T10:52:20.554+0000] {dag.py:3036} INFO - Sync 1 DAGs
[2026-04-21T10:52:20.563+0000] {logging_mixin.py:188} INFO - [2026-04-21T10:52:20.562+0000] {dag.py:3823} INFO - Setting next_dagrun for example_sensors to None, run_after=None
[2026-04-21T10:52:20.575+0000] {processor.py:183} INFO - Processing /home/airflow/.local/lib/python3.8/site-packages/airflow/example_dags/example_sensors.py took 0.057 seconds
[2026-04-21T10:52:50.634+0000] {processor.py:161} INFO - Started process (PID=4187) to work on /home/airflow/.local/lib/python3.8/site-packages/airflow/example_dags/example_sensors.py
[2026-04-21T10:52:50.642+0000] {processor.py:830} INFO - Processing file /home/airflow/.local/lib/python3.8/site-packages/airflow/example_dags/example_sensors.py for tasks to queue
[2026-04-21T10:52:50.644+0000] {logging_mixin.py:188} INFO - [2026-04-21T10:52:50.644+0000] {dagbag.py:538} INFO - Filling up the DagBag from /home/airflow/.local/lib/python3.8/site-packages/airflow/example_dags/example_sensors.py
[2026-04-21T10:52:50.650+0000] {processor.py:840} INFO - DAG(s) 'example_sensors' retrieved from /home/airflow/.local/lib/python3.8/site-packages/airflow/example_dags/example_sensors.py
[2026-04-21T10:52:50.667+0000] {logging_mixin.py:188} INFO - [2026-04-21T10:52:50.667+0000] {dag.py:3036} INFO - Sync 1 DAGs
[2026-04-21T10:52:50.677+0000] {logging_mixin.py:188} INFO - [2026-04-21T10:52:50.677+0000] {dag.py:3823} INFO - Setting next_dagrun for example_sensors to None, run_after=None
[2026-04-21T10:52:50.689+0000] {processor.py:183} INFO - Processing /home/airflow/.local/lib/python3.8/site-packages/airflow/example_dags/example_sensors.py took 0.058 seconds
[2026-04-21T10:53:20.751+0000] {processor.py:161} INFO - Started process (PID=4242) to work on /home/airflow/.local/lib/python3.8/site-packages/airflow/example_dags/example_sensors.py
[2026-04-21T10:53:20.760+0000] {processor.py:830} INFO - Processing file /home/airflow/.local/lib/python3.8/site-packages/airflow/example_dags/example_sensors.py for tasks to queue
[2026-04-21T10:53:20.761+0000] {logging_mixin.py:188} INFO - [2026-04-21T10:53:20.761+0000] {dagbag.py:538} INFO - Filling up the DagBag from /home/airflow/.local/lib/python3.8/site-packages/airflow/example_dags/example_sensors.py
[2026-04-21T10:53:20.767+0000] {processor.py:840} INFO - DAG(s) 'example_sensors' retrieved from /home/airflow/.local/lib/python3.8/site-packages/airflow/example_dags/example_sensors.py
[2026-04-21T10:53:20.786+0000] {logging_mixin.py:188} INFO - [2026-04-21T10:53:20.785+0000] {dag.py:3036} INFO - Sync 1 DAGs
[2026-04-21T10:53:20.795+0000] {logging_mixin.py:188} INFO - [2026-04-21T10:53:20.795+0000] {dag.py:3823} INFO - Setting next_dagrun for example_sensors to None, run_after=None
[2026-04-21T10:53:20.807+0000] {processor.py:183} INFO - Processing /home/airflow/.local/lib/python3.8/site-packages/airflow/example_dags/example_sensors.py took 0.059 seconds
[2026-04-21T10:53:51.108+0000] {processor.py:161} INFO - Started process (PID=4297) to work on /home/airflow/.local/lib/python3.8/site-packages/airflow/example_dags/example_sensors.py
[2026-04-21T10:53:51.116+0000] {processor.py:830} INFO - Processing file /home/airflow/.local/lib/python3.8/site-packages/airflow/example_dags/example_sensors.py for tasks to queue
[2026-04-21T10:53:51.118+0000] {logging_mixin.py:188} INFO - [2026-04-21T10:53:51.118+0000] {dagbag.py:538} INFO - Filling up the DagBag from /home/airflow/.local/lib/python3.8/site-packages/airflow/example_dags/example_sensors.py
[2026-04-21T10:53:51.124+0000] {processor.py:840} INFO - DAG(s) 'example_sensors' retrieved from /home/airflow/.local/lib/python3.8/site-packages/airflow/example_dags/example_sensors.py
[2026-04-21T10:53:51.142+0000] {logging_mixin.py:188} INFO - [2026-04-21T10:53:51.142+0000] {dag.py:3036} INFO - Sync 1 DAGs
[2026-04-21T10:53:51.152+0000] {logging_mixin.py:188} INFO - [2026-04-21T10:53:51.152+0000] {dag.py:3823} INFO - Setting next_dagrun for example_sensors to None, run_after=None
[2026-04-21T10:53:51.169+0000] {processor.py:183} INFO - Processing /home/airflow/.local/lib/python3.8/site-packages/airflow/example_dags/example_sensors.py took 0.064 seconds
[2026-04-21T10:54:22.000+0000] {processor.py:161} INFO - Started process (PID=4353) to work on /home/airflow/.local/lib/python3.8/site-packages/airflow/example_dags/example_sensors.py
[2026-04-21T10:54:22.003+0000] {processor.py:830} INFO - Processing file /home/airflow/.local/lib/python3.8/site-packages/airflow/example_dags/example_sensors.py for tasks to queue
[2026-04-21T10:54:22.005+0000] {logging_mixin.py:188} INFO - [2026-04-21T10:54:22.005+0000] {dagbag.py:538} INFO - Filling up the DagBag from /home/airflow/.local/lib/python3.8/site-packages/airflow/example_dags/example_sensors.py
[2026-04-21T10:54:22.017+0000] {processor.py:840} INFO - DAG(s) 'example_sensors' retrieved from /home/airflow/.local/lib/python3.8/site-packages/airflow/example_dags/example_sensors.py
[2026-04-21T10:54:22.052+0000] {logging_mixin.py:188} INFO - [2026-04-21T10:54:22.052+0000] {dag.py:3036} INFO - Sync 1 DAGs
[2026-04-21T10:54:22.069+0000] {logging_mixin.py:188} INFO - [2026-04-21T10:54:22.069+0000] {dag.py:3823} INFO - Setting next_dagrun for example_sensors to None, run_after=None
[2026-04-21T10:54:22.096+0000] {processor.py:183} INFO - Processing /home/airflow/.local/lib/python3.8/site-packages/airflow/example_dags/example_sensors.py took 0.100 seconds
[2026-04-21T10:54:52.486+0000] {processor.py:161} INFO - Started process (PID=4408) to work on /home/airflow/.local/lib/python3.8/site-packages/airflow/example_dags/example_sensors.py
[2026-04-21T10:54:52.487+0000] {processor.py:830} INFO - Processing file /home/airflow/.local/lib/python3.8/site-packages/airflow/example_dags/example_sensors.py for tasks to queue
[2026-04-21T10:54:52.488+0000] {logging_mixin.py:188} INFO - [2026-04-21T10:54:52.488+0000] {dagbag.py:538} INFO - Filling up the DagBag from /home/airflow/.local/lib/python3.8/site-packages/airflow/example_dags/example_sensors.py
[2026-04-21T10:54:52.494+0000] {processor.py:840} INFO - DAG(s) 'example_sensors' retrieved from /home/airflow/.local/lib/python3.8/site-packages/airflow/example_dags/example_sensors.py
[2026-04-21T10:54:52.515+0000] {logging_mixin.py:188} INFO - [2026-04-21T10:54:52.515+0000] {dag.py:3036} INFO - Sync 1 DAGs
[2026-04-21T10:54:52.524+0000] {logging_mixin.py:188} INFO - [2026-04-21T10:54:52.524+0000] {dag.py:3823} INFO - Setting next_dagrun for example_sensors to None, run_after=None
[2026-04-21T10:54:52.542+0000] {processor.py:183} INFO - Processing /home/airflow/.local/lib/python3.8/site-packages/airflow/example_dags/example_sensors.py took 0.058 seconds
[2026-04-21T10:55:22.607+0000] {processor.py:161} INFO - Started process (PID=4462) to work on /home/airflow/.local/lib/python3.8/site-packages/airflow/example_dags/example_sensors.py
[2026-04-21T10:55:22.616+0000] {processor.py:830} INFO - Processing file /home/airflow/.local/lib/python3.8/site-packages/airflow/example_dags/example_sensors.py for tasks to queue
[2026-04-21T10:55:22.617+0000] {logging_mixin.py:188} INFO - [2026-04-21T10:55:22.617+0000] {dagbag.py:538} INFO - Filling up the DagBag from /home/airflow/.local/lib/python3.8/site-packages/airflow/example_dags/example_sensors.py
[2026-04-21T10:55:22.624+0000] {processor.py:840} INFO - DAG(s) 'example_sensors' retrieved from /home/airflow/.local/lib/python3.8/site-packages/airflow/example_dags/example_sensors.py
[2026-04-21T10:55:22.642+0000] {logging_mixin.py:188} INFO - [2026-04-21T10:55:22.642+0000] {dag.py:3036} INFO - Sync 1 DAGs
[2026-04-21T10:55:22.652+0000] {logging_mixin.py:188} INFO - [2026-04-21T10:55:22.652+0000] {dag.py:3823} INFO - Setting next_dagrun for example_sensors to None, run_after=None
[2026-04-21T10:55:22.665+0000] {processor.py:183} INFO - Processing /home/airflow/.local/lib/python3.8/site-packages/airflow/example_dags/example_sensors.py took 0.061 seconds
[2026-04-21T10:55:52.995+0000] {processor.py:161} INFO - Started process (PID=4518) to work on /home/airflow/.local/lib/python3.8/site-packages/airflow/example_dags/example_sensors.py
[2026-04-21T10:55:52.996+0000] {processor.py:830} INFO - Processing file /home/airflow/.local/lib/python3.8/site-packages/airflow/example_dags/example_sensors.py for tasks to queue
[2026-04-21T10:55:52.998+0000] {logging_mixin.py:188} INFO - [2026-04-21T10:55:52.997+0000] {dagbag.py:538} INFO - Filling up the DagBag from /home/airflow/.local/lib/python3.8/site-packages/airflow/example_dags/example_sensors.py
[2026-04-21T10:55:53.005+0000] {processor.py:840} INFO - DAG(s) 'example_sensors' retrieved from /home/airflow/.local/lib/python3.8/site-packages/airflow/example_dags/example_sensors.py
[2026-04-21T10:55:53.030+0000] {logging_mixin.py:188} INFO - [2026-04-21T10:55:53.030+0000] {dag.py:3036} INFO - Sync 1 DAGs
[2026-04-21T10:55:53.041+0000] {logging_mixin.py:188} INFO - [2026-04-21T10:55:53.041+0000] {dag.py:3823} INFO - Setting next_dagrun for example_sensors to None, run_after=None
[2026-04-21T10:55:53.059+0000] {processor.py:183} INFO - Processing /home/airflow/.local/lib/python3.8/site-packages/airflow/example_dags/example_sensors.py took 0.068 seconds
[2026-04-21T10:56:23.125+0000] {processor.py:161} INFO - Started process (PID=4572) to work on /home/airflow/.local/lib/python3.8/site-packages/airflow/example_dags/example_sensors.py
[2026-04-21T10:56:23.134+0000] {processor.py:830} INFO - Processing file /home/airflow/.local/lib/python3.8/site-packages/airflow/example_dags/example_sensors.py for tasks to queue
[2026-04-21T10:56:23.135+0000] {logging_mixin.py:188} INFO - [2026-04-21T10:56:23.135+0000] {dagbag.py:538} INFO - Filling up the DagBag from /home/airflow/.local/lib/python3.8/site-packages/airflow/example_dags/example_sensors.py
[2026-04-21T10:56:23.141+0000] {processor.py:840} INFO - DAG(s) 'example_sensors' retrieved from /home/airflow/.local/lib/python3.8/site-packages/airflow/example_dags/example_sensors.py
[2026-04-21T10:56:23.159+0000] {logging_mixin.py:188} INFO - [2026-04-21T10:56:23.159+0000] {dag.py:3036} INFO - Sync 1 DAGs
[2026-04-21T10:56:23.167+0000] {logging_mixin.py:188} INFO - [2026-04-21T10:56:23.167+0000] {dag.py:3823} INFO - Setting next_dagrun for example_sensors to None, run_after=None
[2026-04-21T10:56:23.179+0000] {processor.py:183} INFO - Processing /home/airflow/.local/lib/python3.8/site-packages/airflow/example_dags/example_sensors.py took 0.055 seconds
[2026-04-21T10:56:53.236+0000] {processor.py:161} INFO - Started process (PID=4627) to work on /home/airflow/.local/lib/python3.8/site-packages/airflow/example_dags/example_sensors.py
[2026-04-21T10:56:53.245+0000] {processor.py:830} INFO - Processing file /home/airflow/.local/lib/python3.8/site-packages/airflow/example_dags/example_sensors.py for tasks to queue
[2026-04-21T10:56:53.246+0000] {logging_mixin.py:188} INFO - [2026-04-21T10:56:53.246+0000] {dagbag.py:538} INFO - Filling up the DagBag from /home/airflow/.local/lib/python3.8/site-packages/airflow/example_dags/example_sensors.py
[2026-04-21T10:56:53.252+0000] {processor.py:840} INFO - DAG(s) 'example_sensors' retrieved from /home/airflow/.local/lib/python3.8/site-packages/airflow/example_dags/example_sensors.py
[2026-04-21T10:56:53.272+0000] {logging_mixin.py:188} INFO - [2026-04-21T10:56:53.271+0000] {dag.py:3036} INFO - Sync 1 DAGs
[2026-04-21T10:56:53.283+0000] {logging_mixin.py:188} INFO - [2026-04-21T10:56:53.282+0000] {dag.py:3823} INFO - Setting next_dagrun for example_sensors to None, run_after=None
[2026-04-21T10:56:53.297+0000] {processor.py:183} INFO - Processing /home/airflow/.local/lib/python3.8/site-packages/airflow/example_dags/example_sensors.py took 0.063 seconds
[2026-04-21T10:57:23.629+0000] {processor.py:161} INFO - Started process (PID=4682) to work on /home/airflow/.local/lib/python3.8/site-packages/airflow/example_dags/example_sensors.py
[2026-04-21T10:57:23.630+0000] {processor.py:830} INFO - Processing file /home/airflow/.local/lib/python3.8/site-packages/airflow/example_dags/example_sensors.py for tasks to queue
[2026-04-21T10:57:23.632+0000] {logging_mixin.py:188} INFO - [2026-04-21T10:57:23.632+0000] {dagbag.py:538} INFO - Filling up the DagBag from /home/airflow/.local/lib/python3.8/site-packages/airflow/example_dags/example_sensors.py
[2026-04-21T10:57:23.645+0000] {processor.py:840} INFO - DAG(s) 'example_sensors' retrieved from /home/airflow/.local/lib/python3.8/site-packages/airflow/example_dags/example_sensors.py
[2026-04-21T10:57:23.674+0000] {logging_mixin.py:188} INFO - [2026-04-21T10:57:23.674+0000] {dag.py:3036} INFO - Sync 1 DAGs
[2026-04-21T10:57:23.691+0000] {logging_mixin.py:188} INFO - [2026-04-21T10:57:23.691+0000] {dag.py:3823} INFO - Setting next_dagrun for example_sensors to None, run_after=None
[2026-04-21T10:57:23.712+0000] {processor.py:183} INFO - Processing /home/airflow/.local/lib/python3.8/site-packages/airflow/example_dags/example_sensors.py took 0.086 seconds
[2026-04-21T10:57:54.189+0000] {processor.py:161} INFO - Started process (PID=4737) to work on /home/airflow/.local/lib/python3.8/site-packages/airflow/example_dags/example_sensors.py
[2026-04-21T10:57:54.190+0000] {processor.py:830} INFO - Processing file /home/airflow/.local/lib/python3.8/site-packages/airflow/example_dags/example_sensors.py for tasks to queue
[2026-04-21T10:57:54.192+0000] {logging_mixin.py:188} INFO - [2026-04-21T10:57:54.192+0000] {dagbag.py:538} INFO - Filling up the DagBag from /home/airflow/.local/lib/python3.8/site-packages/airflow/example_dags/example_sensors.py
[2026-04-21T10:57:54.201+0000] {processor.py:840} INFO - DAG(s) 'example_sensors' retrieved from /home/airflow/.local/lib/python3.8/site-packages/airflow/example_dags/example_sensors.py
[2026-04-21T10:57:54.223+0000] {logging_mixin.py:188} INFO - [2026-04-21T10:57:54.223+0000] {dag.py:3036} INFO - Sync 1 DAGs
[2026-04-21T10:57:54.233+0000] {logging_mixin.py:188} INFO - [2026-04-21T10:57:54.233+0000] {dag.py:3823} INFO - Setting next_dagrun for example_sensors to None, run_after=None
[2026-04-21T10:57:54.248+0000] {processor.py:183} INFO - Processing /home/airflow/.local/lib/python3.8/site-packages/airflow/example_dags/example_sensors.py took 0.062 seconds
[2026-04-21T10:58:24.804+0000] {processor.py:161} INFO - Started process (PID=4793) to work on /home/airflow/.local/lib/python3.8/site-packages/airflow/example_dags/example_sensors.py
[2026-04-21T10:58:24.804+0000] {processor.py:830} INFO - Processing file /home/airflow/.local/lib/python3.8/site-packages/airflow/example_dags/example_sensors.py for tasks to queue
[2026-04-21T10:58:24.806+0000] {logging_mixin.py:188} INFO - [2026-04-21T10:58:24.806+0000] {dagbag.py:538} INFO - Filling up the DagBag from /home/airflow/.local/lib/python3.8/site-packages/airflow/example_dags/example_sensors.py
[2026-04-21T10:58:24.814+0000] {processor.py:840} INFO - DAG(s) 'example_sensors' retrieved from /home/airflow/.local/lib/python3.8/site-packages/airflow/example_dags/example_sensors.py
[2026-04-21T10:58:24.838+0000] {logging_mixin.py:188} INFO - [2026-04-21T10:58:24.838+0000] {dag.py:3036} INFO - Sync 1 DAGs
[2026-04-21T10:58:24.849+0000] {logging_mixin.py:188} INFO - [2026-04-21T10:58:24.849+0000] {dag.py:3823} INFO - Setting next_dagrun for example_sensors to None, run_after=None
[2026-04-21T10:58:24.866+0000] {processor.py:183} INFO - Processing /home/airflow/.local/lib/python3.8/site-packages/airflow/example_dags/example_sensors.py took 0.066 seconds
[2026-04-21T10:58:54.889+0000] {processor.py:161} INFO - Started process (PID=4847) to work on /home/airflow/.local/lib/python3.8/site-packages/airflow/example_dags/example_sensors.py
[2026-04-21T10:58:54.890+0000] {processor.py:830} INFO - Processing file /home/airflow/.local/lib/python3.8/site-packages/airflow/example_dags/example_sensors.py for tasks to queue
[2026-04-21T10:58:54.891+0000] {logging_mixin.py:188} INFO - [2026-04-21T10:58:54.891+0000] {dagbag.py:538} INFO - Filling up the DagBag from /home/airflow/.local/lib/python3.8/site-packages/airflow/example_dags/example_sensors.py
[2026-04-21T10:58:54.898+0000] {processor.py:840} INFO - DAG(s) 'example_sensors' retrieved from /home/airflow/.local/lib/python3.8/site-packages/airflow/example_dags/example_sensors.py
[2026-04-21T10:58:54.919+0000] {logging_mixin.py:188} INFO - [2026-04-21T10:58:54.918+0000] {dag.py:3036} INFO - Sync 1 DAGs
[2026-04-21T10:58:54.928+0000] {logging_mixin.py:188} INFO - [2026-04-21T10:58:54.928+0000] {dag.py:3823} INFO - Setting next_dagrun for example_sensors to None, run_after=None
[2026-04-21T10:58:54.940+0000] {processor.py:183} INFO - Processing /home/airflow/.local/lib/python3.8/site-packages/airflow/example_dags/example_sensors.py took 0.054 seconds
[2026-04-21T10:59:25.053+0000] {processor.py:161} INFO - Started process (PID=4902) to work on /home/airflow/.local/lib/python3.8/site-packages/airflow/example_dags/example_sensors.py
[2026-04-21T10:59:25.053+0000] {processor.py:830} INFO - Processing file /home/airflow/.local/lib/python3.8/site-packages/airflow/example_dags/example_sensors.py for tasks to queue
[2026-04-21T10:59:25.055+0000] {logging_mixin.py:188} INFO - [2026-04-21T10:59:25.055+0000] {dagbag.py:538} INFO - Filling up the DagBag from /home/airflow/.local/lib/python3.8/site-packages/airflow/example_dags/example_sensors.py
[2026-04-21T10:59:25.062+0000] {processor.py:840} INFO - DAG(s) 'example_sensors' retrieved from /home/airflow/.local/lib/python3.8/site-packages/airflow/example_dags/example_sensors.py
[2026-04-21T10:59:25.081+0000] {logging_mixin.py:188} INFO - [2026-04-21T10:59:25.081+0000] {dag.py:3036} INFO - Sync 1 DAGs
[2026-04-21T10:59:25.090+0000] {logging_mixin.py:188} INFO - [2026-04-21T10:59:25.090+0000] {dag.py:3823} INFO - Setting next_dagrun for example_sensors to None, run_after=None
[2026-04-21T10:59:25.103+0000] {processor.py:183} INFO - Processing /home/airflow/.local/lib/python3.8/site-packages/airflow/example_dags/example_sensors.py took 0.053 seconds
[2026-04-21T10:59:55.160+0000] {processor.py:161} INFO - Started process (PID=4957) to work on /home/airflow/.local/lib/python3.8/site-packages/airflow/example_dags/example_sensors.py
[2026-04-21T10:59:55.169+0000] {processor.py:830} INFO - Processing file /home/airflow/.local/lib/python3.8/site-packages/airflow/example_dags/example_sensors.py for tasks to queue
[2026-04-21T10:59:55.171+0000] {logging_mixin.py:188} INFO - [2026-04-21T10:59:55.170+0000] {dagbag.py:538} INFO - Filling up the DagBag from /home/airflow/.local/lib/python3.8/site-packages/airflow/example_dags/example_sensors.py
[2026-04-21T10:59:55.177+0000] {processor.py:840} INFO - DAG(s) 'example_sensors' retrieved from /home/airflow/.local/lib/python3.8/site-packages/airflow/example_dags/example_sensors.py
[2026-04-21T10:59:55.195+0000] {logging_mixin.py:188} INFO - [2026-04-21T10:59:55.195+0000] {dag.py:3036} INFO - Sync 1 DAGs
[2026-04-21T10:59:55.203+0000] {logging_mixin.py:188} INFO - [2026-04-21T10:59:55.203+0000] {dag.py:3823} INFO - Setting next_dagrun for example_sensors to None, run_after=None
[2026-04-21T10:59:55.217+0000] {processor.py:183} INFO - Processing /home/airflow/.local/lib/python3.8/site-packages/airflow/example_dags/example_sensors.py took 0.060 seconds
[2026-04-21T11:00:25.376+0000] {processor.py:161} INFO - Started process (PID=5012) to work on /home/airflow/.local/lib/python3.8/site-packages/airflow/example_dags/example_sensors.py
[2026-04-21T11:00:25.385+0000] {processor.py:830} INFO - Processing file /home/airflow/.local/lib/python3.8/site-packages/airflow/example_dags/example_sensors.py for tasks to queue
[2026-04-21T11:00:25.387+0000] {logging_mixin.py:188} INFO - [2026-04-21T11:00:25.386+0000] {dagbag.py:538} INFO - Filling up the DagBag from /home/airflow/.local/lib/python3.8/site-packages/airflow/example_dags/example_sensors.py
[2026-04-21T11:00:25.394+0000] {processor.py:840} INFO - DAG(s) 'example_sensors' retrieved from /home/airflow/.local/lib/python3.8/site-packages/airflow/example_dags/example_sensors.py
[2026-04-21T11:00:25.416+0000] {logging_mixin.py:188} INFO - [2026-04-21T11:00:25.416+0000] {dag.py:3036} INFO - Sync 1 DAGs
[2026-04-21T11:00:25.426+0000] {logging_mixin.py:188} INFO - [2026-04-21T11:00:25.426+0000] {dag.py:3823} INFO - Setting next_dagrun for example_sensors to None, run_after=None
[2026-04-21T11:00:25.440+0000] {processor.py:183} INFO - Processing /home/airflow/.local/lib/python3.8/site-packages/airflow/example_dags/example_sensors.py took 0.067 seconds
[2026-04-21T11:00:55.694+0000] {processor.py:161} INFO - Started process (PID=5067) to work on /home/airflow/.local/lib/python3.8/site-packages/airflow/example_dags/example_sensors.py
[2026-04-21T11:00:55.695+0000] {processor.py:830} INFO - Processing file /home/airflow/.local/lib/python3.8/site-packages/airflow/example_dags/example_sensors.py for tasks to queue
[2026-04-21T11:00:55.697+0000] {logging_mixin.py:188} INFO - [2026-04-21T11:00:55.697+0000] {dagbag.py:538} INFO - Filling up the DagBag from /home/airflow/.local/lib/python3.8/site-packages/airflow/example_dags/example_sensors.py
[2026-04-21T11:00:55.705+0000] {processor.py:840} INFO - DAG(s) 'example_sensors' retrieved from /home/airflow/.local/lib/python3.8/site-packages/airflow/example_dags/example_sensors.py
[2026-04-21T11:00:55.727+0000] {logging_mixin.py:188} INFO - [2026-04-21T11:00:55.727+0000] {dag.py:3036} INFO - Sync 1 DAGs
[2026-04-21T11:00:55.737+0000] {logging_mixin.py:188} INFO - [2026-04-21T11:00:55.737+0000] {dag.py:3823} INFO - Setting next_dagrun for example_sensors to None, run_after=None
[2026-04-21T11:00:55.753+0000] {processor.py:183} INFO - Processing /home/airflow/.local/lib/python3.8/site-packages/airflow/example_dags/example_sensors.py took 0.062 seconds
[2026-04-21T11:01:26.134+0000] {processor.py:161} INFO - Started process (PID=5122) to work on /home/airflow/.local/lib/python3.8/site-packages/airflow/example_dags/example_sensors.py
[2026-04-21T11:01:26.143+0000] {processor.py:830} INFO - Processing file /home/airflow/.local/lib/python3.8/site-packages/airflow/example_dags/example_sensors.py for tasks to queue
[2026-04-21T11:01:26.144+0000] {logging_mixin.py:188} INFO - [2026-04-21T11:01:26.144+0000] {dagbag.py:538} INFO - Filling up the DagBag from /home/airflow/.local/lib/python3.8/site-packages/airflow/example_dags/example_sensors.py
[2026-04-21T11:01:26.152+0000] {processor.py:840} INFO - DAG(s) 'example_sensors' retrieved from /home/airflow/.local/lib/python3.8/site-packages/airflow/example_dags/example_sensors.py
[2026-04-21T11:01:26.173+0000] {logging_mixin.py:188} INFO - [2026-04-21T11:01:26.173+0000] {dag.py:3036} INFO - Sync 1 DAGs
[2026-04-21T11:01:26.184+0000] {logging_mixin.py:188} INFO - [2026-04-21T11:01:26.184+0000] {dag.py:3823} INFO - Setting next_dagrun for example_sensors to None, run_after=None
[2026-04-21T11:01:26.200+0000] {processor.py:183} INFO - Processing /home/airflow/.local/lib/python3.8/site-packages/airflow/example_dags/example_sensors.py took 0.069 seconds
[2026-04-21T11:01:56.795+0000] {processor.py:161} INFO - Started process (PID=5178) to work on /home/airflow/.local/lib/python3.8/site-packages/airflow/example_dags/example_sensors.py
[2026-04-21T11:01:56.796+0000] {processor.py:830} INFO - Processing file /home/airflow/.local/lib/python3.8/site-packages/airflow/example_dags/example_sensors.py for tasks to queue
[2026-04-21T11:01:56.799+0000] {logging_mixin.py:188} INFO - [2026-04-21T11:01:56.799+0000] {dagbag.py:538} INFO - Filling up the DagBag from /home/airflow/.local/lib/python3.8/site-packages/airflow/example_dags/example_sensors.py
[2026-04-21T11:01:56.816+0000] {processor.py:840} INFO - DAG(s) 'example_sensors' retrieved from /home/airflow/.local/lib/python3.8/site-packages/airflow/example_dags/example_sensors.py
[2026-04-21T11:01:56.854+0000] {logging_mixin.py:188} INFO - [2026-04-21T11:01:56.854+0000] {dag.py:3036} INFO - Sync 1 DAGs
[2026-04-21T11:01:56.872+0000] {logging_mixin.py:188} INFO - [2026-04-21T11:01:56.872+0000] {dag.py:3823} INFO - Setting next_dagrun for example_sensors to None, run_after=None
[2026-04-21T11:01:56.897+0000] {processor.py:183} INFO - Processing /home/airflow/.local/lib/python3.8/site-packages/airflow/example_dags/example_sensors.py took 0.107 seconds
[2026-04-21T11:02:27.329+0000] {processor.py:161} INFO - Started process (PID=5233) to work on /home/airflow/.local/lib/python3.8/site-packages/airflow/example_dags/example_sensors.py
[2026-04-21T11:02:27.330+0000] {processor.py:830} INFO - Processing file /home/airflow/.local/lib/python3.8/site-packages/airflow/example_dags/example_sensors.py for tasks to queue
[2026-04-21T11:02:27.331+0000] {logging_mixin.py:188} INFO - [2026-04-21T11:02:27.331+0000] {dagbag.py:538} INFO - Filling up the DagBag from /home/airflow/.local/lib/python3.8/site-packages/airflow/example_dags/example_sensors.py
[2026-04-21T11:02:27.340+0000] {processor.py:840} INFO - DAG(s) 'example_sensors' retrieved from /home/airflow/.local/lib/python3.8/site-packages/airflow/example_dags/example_sensors.py
[2026-04-21T11:02:27.362+0000] {logging_mixin.py:188} INFO - [2026-04-21T11:02:27.362+0000] {dag.py:3036} INFO - Sync 1 DAGs
[2026-04-21T11:02:27.373+0000] {logging_mixin.py:188} INFO - [2026-04-21T11:02:27.372+0000] {dag.py:3823} INFO - Setting next_dagrun for example_sensors to None, run_after=None
[2026-04-21T11:02:27.388+0000] {processor.py:183} INFO - Processing /home/airflow/.local/lib/python3.8/site-packages/airflow/example_dags/example_sensors.py took 0.062 seconds
[2026-04-21T11:02:57.584+0000] {processor.py:161} INFO - Started process (PID=5288) to work on /home/airflow/.local/lib/python3.8/site-packages/airflow/example_dags/example_sensors.py
[2026-04-21T11:02:57.585+0000] {processor.py:830} INFO - Processing file /home/airflow/.local/lib/python3.8/site-packages/airflow/example_dags/example_sensors.py for tasks to queue
[2026-04-21T11:02:57.586+0000] {logging_mixin.py:188} INFO - [2026-04-21T11:02:57.586+0000] {dagbag.py:538} INFO - Filling up the DagBag from /home/airflow/.local/lib/python3.8/site-packages/airflow/example_dags/example_sensors.py
[2026-04-21T11:02:57.595+0000] {processor.py:840} INFO - DAG(s) 'example_sensors' retrieved from /home/airflow/.local/lib/python3.8/site-packages/airflow/example_dags/example_sensors.py
[2026-04-21T11:02:57.617+0000] {logging_mixin.py:188} INFO - [2026-04-21T11:02:57.617+0000] {dag.py:3036} INFO - Sync 1 DAGs
[2026-04-21T11:02:57.628+0000] {logging_mixin.py:188} INFO - [2026-04-21T11:02:57.628+0000] {dag.py:3823} INFO - Setting next_dagrun for example_sensors to None, run_after=None
[2026-04-21T11:02:57.644+0000] {processor.py:183} INFO - Processing /home/airflow/.local/lib/python3.8/site-packages/airflow/example_dags/example_sensors.py took 0.062 seconds
[2026-04-21T11:03:28.272+0000] {processor.py:161} INFO - Started process (PID=5343) to work on /home/airflow/.local/lib/python3.8/site-packages/airflow/example_dags/example_sensors.py
[2026-04-21T11:03:28.275+0000] {processor.py:830} INFO - Processing file /home/airflow/.local/lib/python3.8/site-packages/airflow/example_dags/example_sensors.py for tasks to queue
[2026-04-21T11:03:28.277+0000] {logging_mixin.py:188} INFO - [2026-04-21T11:03:28.277+0000] {dagbag.py:538} INFO - Filling up the DagBag from /home/airflow/.local/lib/python3.8/site-packages/airflow/example_dags/example_sensors.py
[2026-04-21T11:03:28.284+0000] {processor.py:840} INFO - DAG(s) 'example_sensors' retrieved from /home/airflow/.local/lib/python3.8/site-packages/airflow/example_dags/example_sensors.py
[2026-04-21T11:03:28.308+0000] {logging_mixin.py:188} INFO - [2026-04-21T11:03:28.308+0000] {dag.py:3036} INFO - Sync 1 DAGs
[2026-04-21T11:03:28.318+0000] {logging_mixin.py:188} INFO - [2026-04-21T11:03:28.318+0000] {dag.py:3823} INFO - Setting next_dagrun for example_sensors to None, run_after=None
[2026-04-21T11:03:28.333+0000] {processor.py:183} INFO - Processing /home/airflow/.local/lib/python3.8/site-packages/airflow/example_dags/example_sensors.py took 0.065 seconds
[2026-04-21T11:03:58.545+0000] {processor.py:161} INFO - Started process (PID=5398) to work on /home/airflow/.local/lib/python3.8/site-packages/airflow/example_dags/example_sensors.py
[2026-04-21T11:03:58.546+0000] {processor.py:830} INFO - Processing file /home/airflow/.local/lib/python3.8/site-packages/airflow/example_dags/example_sensors.py for tasks to queue
[2026-04-21T11:03:58.547+0000] {logging_mixin.py:188} INFO - [2026-04-21T11:03:58.547+0000] {dagbag.py:538} INFO - Filling up the DagBag from /home/airflow/.local/lib/python3.8/site-packages/airflow/example_dags/example_sensors.py
[2026-04-21T11:03:58.554+0000] {processor.py:840} INFO - DAG(s) 'example_sensors' retrieved from /home/airflow/.local/lib/python3.8/site-packages/airflow/example_dags/example_sensors.py
[2026-04-21T11:03:58.573+0000] {logging_mixin.py:188} INFO - [2026-04-21T11:03:58.573+0000] {dag.py:3036} INFO - Sync 1 DAGs
[2026-04-21T11:03:58.583+0000] {logging_mixin.py:188} INFO - [2026-04-21T11:03:58.583+0000] {dag.py:3823} INFO - Setting next_dagrun for example_sensors to None, run_after=None
[2026-04-21T11:03:58.595+0000] {processor.py:183} INFO - Processing /home/airflow/.local/lib/python3.8/site-packages/airflow/example_dags/example_sensors.py took 0.053 seconds
[2026-04-21T11:04:29.066+0000] {processor.py:161} INFO - Started process (PID=5453) to work on /home/airflow/.local/lib/python3.8/site-packages/airflow/example_dags/example_sensors.py
[2026-04-21T11:04:29.066+0000] {processor.py:830} INFO - Processing file /home/airflow/.local/lib/python3.8/site-packages/airflow/example_dags/example_sensors.py for tasks to queue
[2026-04-21T11:04:29.068+0000] {logging_mixin.py:188} INFO - [2026-04-21T11:04:29.068+0000] {dagbag.py:538} INFO - Filling up the DagBag from /home/airflow/.local/lib/python3.8/site-packages/airflow/example_dags/example_sensors.py
[2026-04-21T11:04:29.076+0000] {processor.py:840} INFO - DAG(s) 'example_sensors' retrieved from /home/airflow/.local/lib/python3.8/site-packages/airflow/example_dags/example_sensors.py
[2026-04-21T11:04:29.102+0000] {logging_mixin.py:188} INFO - [2026-04-21T11:04:29.102+0000] {dag.py:3036} INFO - Sync 1 DAGs
[2026-04-21T11:04:29.115+0000] {logging_mixin.py:188} INFO - [2026-04-21T11:04:29.115+0000] {dag.py:3823} INFO - Setting next_dagrun for example_sensors to None, run_after=None
[2026-04-21T11:04:29.132+0000] {processor.py:183} INFO - Processing /home/airflow/.local/lib/python3.8/site-packages/airflow/example_dags/example_sensors.py took 0.070 seconds
[2026-04-21T11:04:59.314+0000] {processor.py:161} INFO - Started process (PID=5508) to work on /home/airflow/.local/lib/python3.8/site-packages/airflow/example_dags/example_sensors.py
[2026-04-21T11:04:59.315+0000] {processor.py:830} INFO - Processing file /home/airflow/.local/lib/python3.8/site-packages/airflow/example_dags/example_sensors.py for tasks to queue
[2026-04-21T11:04:59.317+0000] {logging_mixin.py:188} INFO - [2026-04-21T11:04:59.317+0000] {dagbag.py:538} INFO - Filling up the DagBag from /home/airflow/.local/lib/python3.8/site-packages/airflow/example_dags/example_sensors.py
[2026-04-21T11:04:59.324+0000] {processor.py:840} INFO - DAG(s) 'example_sensors' retrieved from /home/airflow/.local/lib/python3.8/site-packages/airflow/example_dags/example_sensors.py
[2026-04-21T11:04:59.343+0000] {logging_mixin.py:188} INFO - [2026-04-21T11:04:59.343+0000] {dag.py:3036} INFO - Sync 1 DAGs
[2026-04-21T11:04:59.353+0000] {logging_mixin.py:188} INFO - [2026-04-21T11:04:59.353+0000] {dag.py:3823} INFO - Setting next_dagrun for example_sensors to None, run_after=None
[2026-04-21T11:04:59.368+0000] {processor.py:183} INFO - Processing /home/airflow/.local/lib/python3.8/site-packages/airflow/example_dags/example_sensors.py took 0.057 seconds
[2026-04-21T11:05:29.889+0000] {processor.py:161} INFO - Started process (PID=5563) to work on /home/airflow/.local/lib/python3.8/site-packages/airflow/example_dags/example_sensors.py
[2026-04-21T11:05:29.891+0000] {processor.py:830} INFO - Processing file /home/airflow/.local/lib/python3.8/site-packages/airflow/example_dags/example_sensors.py for tasks to queue
[2026-04-21T11:05:29.894+0000] {logging_mixin.py:188} INFO - [2026-04-21T11:05:29.893+0000] {dagbag.py:538} INFO - Filling up the DagBag from /home/airflow/.local/lib/python3.8/site-packages/airflow/example_dags/example_sensors.py
[2026-04-21T11:05:29.907+0000] {processor.py:840} INFO - DAG(s) 'example_sensors' retrieved from /home/airflow/.local/lib/python3.8/site-packages/airflow/example_dags/example_sensors.py
[2026-04-21T11:05:29.945+0000] {logging_mixin.py:188} INFO - [2026-04-21T11:05:29.944+0000] {dag.py:3036} INFO - Sync 1 DAGs
[2026-04-21T11:05:29.964+0000] {logging_mixin.py:188} INFO - [2026-04-21T11:05:29.964+0000] {dag.py:3823} INFO - Setting next_dagrun for example_sensors to None, run_after=None
[2026-04-21T11:05:29.991+0000] {processor.py:183} INFO - Processing /home/airflow/.local/lib/python3.8/site-packages/airflow/example_dags/example_sensors.py took 0.107 seconds
[2026-04-21T11:06:00.849+0000] {processor.py:161} INFO - Started process (PID=5618) to work on /home/airflow/.local/lib/python3.8/site-packages/airflow/example_dags/example_sensors.py
[2026-04-21T11:06:00.850+0000] {processor.py:830} INFO - Processing file /home/airflow/.local/lib/python3.8/site-packages/airflow/example_dags/example_sensors.py for tasks to queue
[2026-04-21T11:06:00.851+0000] {logging_mixin.py:188} INFO - [2026-04-21T11:06:00.851+0000] {dagbag.py:538} INFO - Filling up the DagBag from /home/airflow/.local/lib/python3.8/site-packages/airflow/example_dags/example_sensors.py
[2026-04-21T11:06:00.858+0000] {processor.py:840} INFO - DAG(s) 'example_sensors' retrieved from /home/airflow/.local/lib/python3.8/site-packages/airflow/example_dags/example_sensors.py
[2026-04-21T11:06:00.880+0000] {logging_mixin.py:188} INFO - [2026-04-21T11:06:00.880+0000] {dag.py:3036} INFO - Sync 1 DAGs
[2026-04-21T11:06:00.890+0000] {logging_mixin.py:188} INFO - [2026-04-21T11:06:00.889+0000] {dag.py:3823} INFO - Setting next_dagrun for example_sensors to None, run_after=None
[2026-04-21T11:06:00.906+0000] {processor.py:183} INFO - Processing /home/airflow/.local/lib/python3.8/site-packages/airflow/example_dags/example_sensors.py took 0.060 seconds
[2026-04-21T11:06:31.002+0000] {processor.py:161} INFO - Started process (PID=5672) to work on /home/airflow/.local/lib/python3.8/site-packages/airflow/example_dags/example_sensors.py
[2026-04-21T11:06:31.003+0000] {processor.py:830} INFO - Processing file /home/airflow/.local/lib/python3.8/site-packages/airflow/example_dags/example_sensors.py for tasks to queue
[2026-04-21T11:06:31.005+0000] {logging_mixin.py:188} INFO - [2026-04-21T11:06:31.004+0000] {dagbag.py:538} INFO - Filling up the DagBag from /home/airflow/.local/lib/python3.8/site-packages/airflow/example_dags/example_sensors.py
[2026-04-21T11:06:31.012+0000] {processor.py:840} INFO - DAG(s) 'example_sensors' retrieved from /home/airflow/.local/lib/python3.8/site-packages/airflow/example_dags/example_sensors.py
[2026-04-21T11:06:31.034+0000] {logging_mixin.py:188} INFO - [2026-04-21T11:06:31.034+0000] {dag.py:3036} INFO - Sync 1 DAGs
[2026-04-21T11:06:31.045+0000] {logging_mixin.py:188} INFO - [2026-04-21T11:06:31.045+0000] {dag.py:3823} INFO - Setting next_dagrun for example_sensors to None, run_after=None
[2026-04-21T11:06:31.060+0000] {processor.py:183} INFO - Processing /home/airflow/.local/lib/python3.8/site-packages/airflow/example_dags/example_sensors.py took 0.061 seconds
[2026-04-21T11:07:01.262+0000] {processor.py:161} INFO - Started process (PID=5727) to work on /home/airflow/.local/lib/python3.8/site-packages/airflow/example_dags/example_sensors.py
[2026-04-21T11:07:01.263+0000] {processor.py:830} INFO - Processing file /home/airflow/.local/lib/python3.8/site-packages/airflow/example_dags/example_sensors.py for tasks to queue
[2026-04-21T11:07:01.264+0000] {logging_mixin.py:188} INFO - [2026-04-21T11:07:01.264+0000] {dagbag.py:538} INFO - Filling up the DagBag from /home/airflow/.local/lib/python3.8/site-packages/airflow/example_dags/example_sensors.py
[2026-04-21T11:07:01.271+0000] {processor.py:840} INFO - DAG(s) 'example_sensors' retrieved from /home/airflow/.local/lib/python3.8/site-packages/airflow/example_dags/example_sensors.py
[2026-04-21T11:07:01.292+0000] {logging_mixin.py:188} INFO - [2026-04-21T11:07:01.292+0000] {dag.py:3036} INFO - Sync 1 DAGs
[2026-04-21T11:07:01.301+0000] {logging_mixin.py:188} INFO - [2026-04-21T11:07:01.300+0000] {dag.py:3823} INFO - Setting next_dagrun for example_sensors to None, run_after=None
[2026-04-21T11:07:01.313+0000] {processor.py:183} INFO - Processing /home/airflow/.local/lib/python3.8/site-packages/airflow/example_dags/example_sensors.py took 0.054 seconds
[2026-04-21T11:07:31.471+0000] {processor.py:161} INFO - Started process (PID=5782) to work on /home/airflow/.local/lib/python3.8/site-packages/airflow/example_dags/example_sensors.py
[2026-04-21T11:07:31.472+0000] {processor.py:830} INFO - Processing file /home/airflow/.local/lib/python3.8/site-packages/airflow/example_dags/example_sensors.py for tasks to queue
[2026-04-21T11:07:31.474+0000] {logging_mixin.py:188} INFO - [2026-04-21T11:07:31.474+0000] {dagbag.py:538} INFO - Filling up the DagBag from /home/airflow/.local/lib/python3.8/site-packages/airflow/example_dags/example_sensors.py
[2026-04-21T11:07:31.483+0000] {processor.py:840} INFO - DAG(s) 'example_sensors' retrieved from /home/airflow/.local/lib/python3.8/site-packages/airflow/example_dags/example_sensors.py
[2026-04-21T11:07:31.507+0000] {logging_mixin.py:188} INFO - [2026-04-21T11:07:31.506+0000] {dag.py:3036} INFO - Sync 1 DAGs
[2026-04-21T11:07:31.517+0000] {logging_mixin.py:188} INFO - [2026-04-21T11:07:31.517+0000] {dag.py:3823} INFO - Setting next_dagrun for example_sensors to None, run_after=None
[2026-04-21T11:07:31.531+0000] {processor.py:183} INFO - Processing /home/airflow/.local/lib/python3.8/site-packages/airflow/example_dags/example_sensors.py took 0.063 seconds
