[2026-04-23T03:47:04.600+0000] {processor.py:161} INFO - Started process (PID=77) to work on /home/airflow/.local/lib/python3.8/site-packages/airflow/example_dags/example_kubernetes_executor.py
[2026-04-23T03:47:04.600+0000] {processor.py:830} INFO - Processing file /home/airflow/.local/lib/python3.8/site-packages/airflow/example_dags/example_kubernetes_executor.py for tasks to queue
[2026-04-23T03:47:04.602+0000] {logging_mixin.py:188} INFO - [2026-04-23T03:47:04.601+0000] {dagbag.py:538} INFO - Filling up the DagBag from /home/airflow/.local/lib/python3.8/site-packages/airflow/example_dags/example_kubernetes_executor.py
[2026-04-23T03:47:04.613+0000] {processor.py:840} INFO - DAG(s) 'example_kubernetes_executor' retrieved from /home/airflow/.local/lib/python3.8/site-packages/airflow/example_dags/example_kubernetes_executor.py
[2026-04-23T03:47:04.647+0000] {logging_mixin.py:188} INFO - [2026-04-23T03:47:04.646+0000] {dag.py:3036} INFO - Sync 1 DAGs
[2026-04-23T03:47:04.655+0000] {logging_mixin.py:188} INFO - [2026-04-23T03:47:04.655+0000] {dag.py:3823} INFO - Setting next_dagrun for example_kubernetes_executor to None, run_after=None
[2026-04-23T03:47:04.666+0000] {processor.py:183} INFO - Processing /home/airflow/.local/lib/python3.8/site-packages/airflow/example_dags/example_kubernetes_executor.py took 0.069 seconds
[2026-04-23T03:47:35.433+0000] {processor.py:161} INFO - Started process (PID=132) to work on /home/airflow/.local/lib/python3.8/site-packages/airflow/example_dags/example_kubernetes_executor.py
[2026-04-23T03:47:35.434+0000] {processor.py:830} INFO - Processing file /home/airflow/.local/lib/python3.8/site-packages/airflow/example_dags/example_kubernetes_executor.py for tasks to queue
[2026-04-23T03:47:35.436+0000] {logging_mixin.py:188} INFO - [2026-04-23T03:47:35.436+0000] {dagbag.py:538} INFO - Filling up the DagBag from /home/airflow/.local/lib/python3.8/site-packages/airflow/example_dags/example_kubernetes_executor.py
[2026-04-23T03:47:35.454+0000] {processor.py:840} INFO - DAG(s) 'example_kubernetes_executor' retrieved from /home/airflow/.local/lib/python3.8/site-packages/airflow/example_dags/example_kubernetes_executor.py
[2026-04-23T03:47:35.506+0000] {logging_mixin.py:188} INFO - [2026-04-23T03:47:35.506+0000] {dag.py:3036} INFO - Sync 1 DAGs
[2026-04-23T03:47:35.524+0000] {logging_mixin.py:188} INFO - [2026-04-23T03:47:35.524+0000] {dag.py:3823} INFO - Setting next_dagrun for example_kubernetes_executor to None, run_after=None
[2026-04-23T03:47:35.549+0000] {processor.py:183} INFO - Processing /home/airflow/.local/lib/python3.8/site-packages/airflow/example_dags/example_kubernetes_executor.py took 0.120 seconds
[2026-04-23T03:48:06.058+0000] {processor.py:161} INFO - Started process (PID=187) to work on /home/airflow/.local/lib/python3.8/site-packages/airflow/example_dags/example_kubernetes_executor.py
[2026-04-23T03:48:06.060+0000] {processor.py:830} INFO - Processing file /home/airflow/.local/lib/python3.8/site-packages/airflow/example_dags/example_kubernetes_executor.py for tasks to queue
[2026-04-23T03:48:06.062+0000] {logging_mixin.py:188} INFO - [2026-04-23T03:48:06.061+0000] {dagbag.py:538} INFO - Filling up the DagBag from /home/airflow/.local/lib/python3.8/site-packages/airflow/example_dags/example_kubernetes_executor.py
[2026-04-23T03:48:06.080+0000] {processor.py:840} INFO - DAG(s) 'example_kubernetes_executor' retrieved from /home/airflow/.local/lib/python3.8/site-packages/airflow/example_dags/example_kubernetes_executor.py
[2026-04-23T03:48:06.133+0000] {logging_mixin.py:188} INFO - [2026-04-23T03:48:06.132+0000] {dag.py:3036} INFO - Sync 1 DAGs
[2026-04-23T03:48:06.150+0000] {logging_mixin.py:188} INFO - [2026-04-23T03:48:06.149+0000] {dag.py:3823} INFO - Setting next_dagrun for example_kubernetes_executor to None, run_after=None
[2026-04-23T03:48:06.173+0000] {processor.py:183} INFO - Processing /home/airflow/.local/lib/python3.8/site-packages/airflow/example_dags/example_kubernetes_executor.py took 0.119 seconds
[2026-04-23T03:48:36.272+0000] {processor.py:161} INFO - Started process (PID=242) to work on /home/airflow/.local/lib/python3.8/site-packages/airflow/example_dags/example_kubernetes_executor.py
[2026-04-23T03:48:36.273+0000] {processor.py:830} INFO - Processing file /home/airflow/.local/lib/python3.8/site-packages/airflow/example_dags/example_kubernetes_executor.py for tasks to queue
[2026-04-23T03:48:36.276+0000] {logging_mixin.py:188} INFO - [2026-04-23T03:48:36.275+0000] {dagbag.py:538} INFO - Filling up the DagBag from /home/airflow/.local/lib/python3.8/site-packages/airflow/example_dags/example_kubernetes_executor.py
[2026-04-23T03:48:36.292+0000] {processor.py:840} INFO - DAG(s) 'example_kubernetes_executor' retrieved from /home/airflow/.local/lib/python3.8/site-packages/airflow/example_dags/example_kubernetes_executor.py
[2026-04-23T03:48:36.339+0000] {logging_mixin.py:188} INFO - [2026-04-23T03:48:36.338+0000] {dag.py:3036} INFO - Sync 1 DAGs
[2026-04-23T03:48:36.354+0000] {logging_mixin.py:188} INFO - [2026-04-23T03:48:36.353+0000] {dag.py:3823} INFO - Setting next_dagrun for example_kubernetes_executor to None, run_after=None
[2026-04-23T03:48:36.377+0000] {processor.py:183} INFO - Processing /home/airflow/.local/lib/python3.8/site-packages/airflow/example_dags/example_kubernetes_executor.py took 0.109 seconds
[2026-04-23T03:49:06.880+0000] {processor.py:161} INFO - Started process (PID=297) to work on /home/airflow/.local/lib/python3.8/site-packages/airflow/example_dags/example_kubernetes_executor.py
[2026-04-23T03:49:06.881+0000] {processor.py:830} INFO - Processing file /home/airflow/.local/lib/python3.8/site-packages/airflow/example_dags/example_kubernetes_executor.py for tasks to queue
[2026-04-23T03:49:06.883+0000] {logging_mixin.py:188} INFO - [2026-04-23T03:49:06.883+0000] {dagbag.py:538} INFO - Filling up the DagBag from /home/airflow/.local/lib/python3.8/site-packages/airflow/example_dags/example_kubernetes_executor.py
[2026-04-23T03:49:06.899+0000] {processor.py:840} INFO - DAG(s) 'example_kubernetes_executor' retrieved from /home/airflow/.local/lib/python3.8/site-packages/airflow/example_dags/example_kubernetes_executor.py
[2026-04-23T03:49:06.954+0000] {logging_mixin.py:188} INFO - [2026-04-23T03:49:06.954+0000] {dag.py:3036} INFO - Sync 1 DAGs
[2026-04-23T03:49:06.970+0000] {logging_mixin.py:188} INFO - [2026-04-23T03:49:06.969+0000] {dag.py:3823} INFO - Setting next_dagrun for example_kubernetes_executor to None, run_after=None
[2026-04-23T03:49:06.993+0000] {processor.py:183} INFO - Processing /home/airflow/.local/lib/python3.8/site-packages/airflow/example_dags/example_kubernetes_executor.py took 0.117 seconds
[2026-04-23T03:49:37.120+0000] {processor.py:161} INFO - Started process (PID=352) to work on /home/airflow/.local/lib/python3.8/site-packages/airflow/example_dags/example_kubernetes_executor.py
[2026-04-23T03:49:37.121+0000] {processor.py:830} INFO - Processing file /home/airflow/.local/lib/python3.8/site-packages/airflow/example_dags/example_kubernetes_executor.py for tasks to queue
[2026-04-23T03:49:37.123+0000] {logging_mixin.py:188} INFO - [2026-04-23T03:49:37.123+0000] {dagbag.py:538} INFO - Filling up the DagBag from /home/airflow/.local/lib/python3.8/site-packages/airflow/example_dags/example_kubernetes_executor.py
[2026-04-23T03:49:37.140+0000] {processor.py:840} INFO - DAG(s) 'example_kubernetes_executor' retrieved from /home/airflow/.local/lib/python3.8/site-packages/airflow/example_dags/example_kubernetes_executor.py
[2026-04-23T03:49:37.187+0000] {logging_mixin.py:188} INFO - [2026-04-23T03:49:37.187+0000] {dag.py:3036} INFO - Sync 1 DAGs
[2026-04-23T03:49:37.204+0000] {logging_mixin.py:188} INFO - [2026-04-23T03:49:37.204+0000] {dag.py:3823} INFO - Setting next_dagrun for example_kubernetes_executor to None, run_after=None
[2026-04-23T03:49:37.226+0000] {processor.py:183} INFO - Processing /home/airflow/.local/lib/python3.8/site-packages/airflow/example_dags/example_kubernetes_executor.py took 0.110 seconds
[2026-04-23T03:50:07.623+0000] {processor.py:161} INFO - Started process (PID=407) to work on /home/airflow/.local/lib/python3.8/site-packages/airflow/example_dags/example_kubernetes_executor.py
[2026-04-23T03:50:07.625+0000] {processor.py:830} INFO - Processing file /home/airflow/.local/lib/python3.8/site-packages/airflow/example_dags/example_kubernetes_executor.py for tasks to queue
[2026-04-23T03:50:07.627+0000] {logging_mixin.py:188} INFO - [2026-04-23T03:50:07.627+0000] {dagbag.py:538} INFO - Filling up the DagBag from /home/airflow/.local/lib/python3.8/site-packages/airflow/example_dags/example_kubernetes_executor.py
[2026-04-23T03:50:07.645+0000] {processor.py:840} INFO - DAG(s) 'example_kubernetes_executor' retrieved from /home/airflow/.local/lib/python3.8/site-packages/airflow/example_dags/example_kubernetes_executor.py
[2026-04-23T03:50:07.695+0000] {logging_mixin.py:188} INFO - [2026-04-23T03:50:07.694+0000] {dag.py:3036} INFO - Sync 1 DAGs
[2026-04-23T03:50:07.711+0000] {logging_mixin.py:188} INFO - [2026-04-23T03:50:07.710+0000] {dag.py:3823} INFO - Setting next_dagrun for example_kubernetes_executor to None, run_after=None
[2026-04-23T03:50:07.735+0000] {processor.py:183} INFO - Processing /home/airflow/.local/lib/python3.8/site-packages/airflow/example_dags/example_kubernetes_executor.py took 0.116 seconds
[2026-04-23T03:50:38.171+0000] {processor.py:161} INFO - Started process (PID=462) to work on /home/airflow/.local/lib/python3.8/site-packages/airflow/example_dags/example_kubernetes_executor.py
[2026-04-23T03:50:38.172+0000] {processor.py:830} INFO - Processing file /home/airflow/.local/lib/python3.8/site-packages/airflow/example_dags/example_kubernetes_executor.py for tasks to queue
[2026-04-23T03:50:38.174+0000] {logging_mixin.py:188} INFO - [2026-04-23T03:50:38.174+0000] {dagbag.py:538} INFO - Filling up the DagBag from /home/airflow/.local/lib/python3.8/site-packages/airflow/example_dags/example_kubernetes_executor.py
[2026-04-23T03:50:38.192+0000] {processor.py:840} INFO - DAG(s) 'example_kubernetes_executor' retrieved from /home/airflow/.local/lib/python3.8/site-packages/airflow/example_dags/example_kubernetes_executor.py
[2026-04-23T03:50:38.241+0000] {logging_mixin.py:188} INFO - [2026-04-23T03:50:38.241+0000] {dag.py:3036} INFO - Sync 1 DAGs
[2026-04-23T03:50:38.256+0000] {logging_mixin.py:188} INFO - [2026-04-23T03:50:38.256+0000] {dag.py:3823} INFO - Setting next_dagrun for example_kubernetes_executor to None, run_after=None
[2026-04-23T03:50:38.279+0000] {processor.py:183} INFO - Processing /home/airflow/.local/lib/python3.8/site-packages/airflow/example_dags/example_kubernetes_executor.py took 0.113 seconds
[2026-04-23T03:51:09.097+0000] {processor.py:161} INFO - Started process (PID=517) to work on /home/airflow/.local/lib/python3.8/site-packages/airflow/example_dags/example_kubernetes_executor.py
[2026-04-23T03:51:09.098+0000] {processor.py:830} INFO - Processing file /home/airflow/.local/lib/python3.8/site-packages/airflow/example_dags/example_kubernetes_executor.py for tasks to queue
[2026-04-23T03:51:09.100+0000] {logging_mixin.py:188} INFO - [2026-04-23T03:51:09.100+0000] {dagbag.py:538} INFO - Filling up the DagBag from /home/airflow/.local/lib/python3.8/site-packages/airflow/example_dags/example_kubernetes_executor.py
[2026-04-23T03:51:09.119+0000] {processor.py:840} INFO - DAG(s) 'example_kubernetes_executor' retrieved from /home/airflow/.local/lib/python3.8/site-packages/airflow/example_dags/example_kubernetes_executor.py
[2026-04-23T03:51:09.168+0000] {logging_mixin.py:188} INFO - [2026-04-23T03:51:09.168+0000] {dag.py:3036} INFO - Sync 1 DAGs
[2026-04-23T03:51:09.184+0000] {logging_mixin.py:188} INFO - [2026-04-23T03:51:09.183+0000] {dag.py:3823} INFO - Setting next_dagrun for example_kubernetes_executor to None, run_after=None
[2026-04-23T03:51:09.206+0000] {processor.py:183} INFO - Processing /home/airflow/.local/lib/python3.8/site-packages/airflow/example_dags/example_kubernetes_executor.py took 0.113 seconds
[2026-04-23T03:51:39.550+0000] {processor.py:161} INFO - Started process (PID=572) to work on /home/airflow/.local/lib/python3.8/site-packages/airflow/example_dags/example_kubernetes_executor.py
[2026-04-23T03:51:39.551+0000] {processor.py:830} INFO - Processing file /home/airflow/.local/lib/python3.8/site-packages/airflow/example_dags/example_kubernetes_executor.py for tasks to queue
[2026-04-23T03:51:39.554+0000] {logging_mixin.py:188} INFO - [2026-04-23T03:51:39.553+0000] {dagbag.py:538} INFO - Filling up the DagBag from /home/airflow/.local/lib/python3.8/site-packages/airflow/example_dags/example_kubernetes_executor.py
[2026-04-23T03:51:39.572+0000] {processor.py:840} INFO - DAG(s) 'example_kubernetes_executor' retrieved from /home/airflow/.local/lib/python3.8/site-packages/airflow/example_dags/example_kubernetes_executor.py
[2026-04-23T03:51:39.626+0000] {logging_mixin.py:188} INFO - [2026-04-23T03:51:39.626+0000] {dag.py:3036} INFO - Sync 1 DAGs
[2026-04-23T03:51:39.644+0000] {logging_mixin.py:188} INFO - [2026-04-23T03:51:39.643+0000] {dag.py:3823} INFO - Setting next_dagrun for example_kubernetes_executor to None, run_after=None
[2026-04-23T03:51:39.666+0000] {processor.py:183} INFO - Processing /home/airflow/.local/lib/python3.8/site-packages/airflow/example_dags/example_kubernetes_executor.py took 0.121 seconds
[2026-04-23T03:52:09.758+0000] {processor.py:161} INFO - Started process (PID=626) to work on /home/airflow/.local/lib/python3.8/site-packages/airflow/example_dags/example_kubernetes_executor.py
[2026-04-23T03:52:09.758+0000] {processor.py:830} INFO - Processing file /home/airflow/.local/lib/python3.8/site-packages/airflow/example_dags/example_kubernetes_executor.py for tasks to queue
[2026-04-23T03:52:09.759+0000] {logging_mixin.py:188} INFO - [2026-04-23T03:52:09.759+0000] {dagbag.py:538} INFO - Filling up the DagBag from /home/airflow/.local/lib/python3.8/site-packages/airflow/example_dags/example_kubernetes_executor.py
[2026-04-23T03:52:09.770+0000] {processor.py:840} INFO - DAG(s) 'example_kubernetes_executor' retrieved from /home/airflow/.local/lib/python3.8/site-packages/airflow/example_dags/example_kubernetes_executor.py
[2026-04-23T03:52:09.796+0000] {logging_mixin.py:188} INFO - [2026-04-23T03:52:09.796+0000] {dag.py:3036} INFO - Sync 1 DAGs
[2026-04-23T03:52:09.806+0000] {logging_mixin.py:188} INFO - [2026-04-23T03:52:09.806+0000] {dag.py:3823} INFO - Setting next_dagrun for example_kubernetes_executor to None, run_after=None
[2026-04-23T03:52:09.819+0000] {processor.py:183} INFO - Processing /home/airflow/.local/lib/python3.8/site-packages/airflow/example_dags/example_kubernetes_executor.py took 0.064 seconds
[2026-04-23T03:52:40.163+0000] {processor.py:161} INFO - Started process (PID=681) to work on /home/airflow/.local/lib/python3.8/site-packages/airflow/example_dags/example_kubernetes_executor.py
[2026-04-23T03:52:40.164+0000] {processor.py:830} INFO - Processing file /home/airflow/.local/lib/python3.8/site-packages/airflow/example_dags/example_kubernetes_executor.py for tasks to queue
[2026-04-23T03:52:40.166+0000] {logging_mixin.py:188} INFO - [2026-04-23T03:52:40.166+0000] {dagbag.py:538} INFO - Filling up the DagBag from /home/airflow/.local/lib/python3.8/site-packages/airflow/example_dags/example_kubernetes_executor.py
[2026-04-23T03:52:40.185+0000] {processor.py:840} INFO - DAG(s) 'example_kubernetes_executor' retrieved from /home/airflow/.local/lib/python3.8/site-packages/airflow/example_dags/example_kubernetes_executor.py
[2026-04-23T03:52:40.237+0000] {logging_mixin.py:188} INFO - [2026-04-23T03:52:40.236+0000] {dag.py:3036} INFO - Sync 1 DAGs
[2026-04-23T03:52:40.256+0000] {logging_mixin.py:188} INFO - [2026-04-23T03:52:40.255+0000] {dag.py:3823} INFO - Setting next_dagrun for example_kubernetes_executor to None, run_after=None
[2026-04-23T03:52:40.284+0000] {processor.py:183} INFO - Processing /home/airflow/.local/lib/python3.8/site-packages/airflow/example_dags/example_kubernetes_executor.py took 0.127 seconds
[2026-04-23T03:53:10.611+0000] {processor.py:161} INFO - Started process (PID=736) to work on /home/airflow/.local/lib/python3.8/site-packages/airflow/example_dags/example_kubernetes_executor.py
[2026-04-23T03:53:10.613+0000] {processor.py:830} INFO - Processing file /home/airflow/.local/lib/python3.8/site-packages/airflow/example_dags/example_kubernetes_executor.py for tasks to queue
[2026-04-23T03:53:10.616+0000] {logging_mixin.py:188} INFO - [2026-04-23T03:53:10.615+0000] {dagbag.py:538} INFO - Filling up the DagBag from /home/airflow/.local/lib/python3.8/site-packages/airflow/example_dags/example_kubernetes_executor.py
[2026-04-23T03:53:10.644+0000] {processor.py:840} INFO - DAG(s) 'example_kubernetes_executor' retrieved from /home/airflow/.local/lib/python3.8/site-packages/airflow/example_dags/example_kubernetes_executor.py
[2026-04-23T03:53:10.709+0000] {logging_mixin.py:188} INFO - [2026-04-23T03:53:10.709+0000] {dag.py:3036} INFO - Sync 1 DAGs
[2026-04-23T03:53:10.735+0000] {logging_mixin.py:188} INFO - [2026-04-23T03:53:10.735+0000] {dag.py:3823} INFO - Setting next_dagrun for example_kubernetes_executor to None, run_after=None
[2026-04-23T03:53:10.768+0000] {processor.py:183} INFO - Processing /home/airflow/.local/lib/python3.8/site-packages/airflow/example_dags/example_kubernetes_executor.py took 0.162 seconds
[2026-04-23T03:53:41.118+0000] {processor.py:161} INFO - Started process (PID=791) to work on /home/airflow/.local/lib/python3.8/site-packages/airflow/example_dags/example_kubernetes_executor.py
[2026-04-23T03:53:41.119+0000] {processor.py:830} INFO - Processing file /home/airflow/.local/lib/python3.8/site-packages/airflow/example_dags/example_kubernetes_executor.py for tasks to queue
[2026-04-23T03:53:41.121+0000] {logging_mixin.py:188} INFO - [2026-04-23T03:53:41.121+0000] {dagbag.py:538} INFO - Filling up the DagBag from /home/airflow/.local/lib/python3.8/site-packages/airflow/example_dags/example_kubernetes_executor.py
[2026-04-23T03:53:41.139+0000] {processor.py:840} INFO - DAG(s) 'example_kubernetes_executor' retrieved from /home/airflow/.local/lib/python3.8/site-packages/airflow/example_dags/example_kubernetes_executor.py
[2026-04-23T03:53:41.190+0000] {logging_mixin.py:188} INFO - [2026-04-23T03:53:41.190+0000] {dag.py:3036} INFO - Sync 1 DAGs
[2026-04-23T03:53:41.207+0000] {logging_mixin.py:188} INFO - [2026-04-23T03:53:41.206+0000] {dag.py:3823} INFO - Setting next_dagrun for example_kubernetes_executor to None, run_after=None
[2026-04-23T03:53:41.231+0000] {processor.py:183} INFO - Processing /home/airflow/.local/lib/python3.8/site-packages/airflow/example_dags/example_kubernetes_executor.py took 0.118 seconds
[2026-04-23T03:54:12.053+0000] {processor.py:161} INFO - Started process (PID=846) to work on /home/airflow/.local/lib/python3.8/site-packages/airflow/example_dags/example_kubernetes_executor.py
[2026-04-23T03:54:12.054+0000] {processor.py:830} INFO - Processing file /home/airflow/.local/lib/python3.8/site-packages/airflow/example_dags/example_kubernetes_executor.py for tasks to queue
[2026-04-23T03:54:12.056+0000] {logging_mixin.py:188} INFO - [2026-04-23T03:54:12.056+0000] {dagbag.py:538} INFO - Filling up the DagBag from /home/airflow/.local/lib/python3.8/site-packages/airflow/example_dags/example_kubernetes_executor.py
[2026-04-23T03:54:12.074+0000] {processor.py:840} INFO - DAG(s) 'example_kubernetes_executor' retrieved from /home/airflow/.local/lib/python3.8/site-packages/airflow/example_dags/example_kubernetes_executor.py
[2026-04-23T03:54:12.123+0000] {logging_mixin.py:188} INFO - [2026-04-23T03:54:12.123+0000] {dag.py:3036} INFO - Sync 1 DAGs
[2026-04-23T03:54:12.140+0000] {logging_mixin.py:188} INFO - [2026-04-23T03:54:12.140+0000] {dag.py:3823} INFO - Setting next_dagrun for example_kubernetes_executor to None, run_after=None
[2026-04-23T03:54:12.165+0000] {processor.py:183} INFO - Processing /home/airflow/.local/lib/python3.8/site-packages/airflow/example_dags/example_kubernetes_executor.py took 0.117 seconds
[2026-04-23T03:54:42.478+0000] {processor.py:161} INFO - Started process (PID=901) to work on /home/airflow/.local/lib/python3.8/site-packages/airflow/example_dags/example_kubernetes_executor.py
[2026-04-23T03:54:42.479+0000] {processor.py:830} INFO - Processing file /home/airflow/.local/lib/python3.8/site-packages/airflow/example_dags/example_kubernetes_executor.py for tasks to queue
[2026-04-23T03:54:42.482+0000] {logging_mixin.py:188} INFO - [2026-04-23T03:54:42.481+0000] {dagbag.py:538} INFO - Filling up the DagBag from /home/airflow/.local/lib/python3.8/site-packages/airflow/example_dags/example_kubernetes_executor.py
[2026-04-23T03:54:42.500+0000] {processor.py:840} INFO - DAG(s) 'example_kubernetes_executor' retrieved from /home/airflow/.local/lib/python3.8/site-packages/airflow/example_dags/example_kubernetes_executor.py
[2026-04-23T03:54:42.553+0000] {logging_mixin.py:188} INFO - [2026-04-23T03:54:42.552+0000] {dag.py:3036} INFO - Sync 1 DAGs
[2026-04-23T03:54:42.573+0000] {logging_mixin.py:188} INFO - [2026-04-23T03:54:42.573+0000] {dag.py:3823} INFO - Setting next_dagrun for example_kubernetes_executor to None, run_after=None
[2026-04-23T03:54:42.599+0000] {processor.py:183} INFO - Processing /home/airflow/.local/lib/python3.8/site-packages/airflow/example_dags/example_kubernetes_executor.py took 0.126 seconds
[2026-04-23T03:55:12.840+0000] {processor.py:161} INFO - Started process (PID=956) to work on /home/airflow/.local/lib/python3.8/site-packages/airflow/example_dags/example_kubernetes_executor.py
[2026-04-23T03:55:12.842+0000] {processor.py:830} INFO - Processing file /home/airflow/.local/lib/python3.8/site-packages/airflow/example_dags/example_kubernetes_executor.py for tasks to queue
[2026-04-23T03:55:12.844+0000] {logging_mixin.py:188} INFO - [2026-04-23T03:55:12.844+0000] {dagbag.py:538} INFO - Filling up the DagBag from /home/airflow/.local/lib/python3.8/site-packages/airflow/example_dags/example_kubernetes_executor.py
[2026-04-23T03:55:12.863+0000] {processor.py:840} INFO - DAG(s) 'example_kubernetes_executor' retrieved from /home/airflow/.local/lib/python3.8/site-packages/airflow/example_dags/example_kubernetes_executor.py
[2026-04-23T03:55:12.916+0000] {logging_mixin.py:188} INFO - [2026-04-23T03:55:12.915+0000] {dag.py:3036} INFO - Sync 1 DAGs
[2026-04-23T03:55:12.933+0000] {logging_mixin.py:188} INFO - [2026-04-23T03:55:12.933+0000] {dag.py:3823} INFO - Setting next_dagrun for example_kubernetes_executor to None, run_after=None
[2026-04-23T03:55:12.958+0000] {processor.py:183} INFO - Processing /home/airflow/.local/lib/python3.8/site-packages/airflow/example_dags/example_kubernetes_executor.py took 0.123 seconds
[2026-04-23T03:55:43.225+0000] {processor.py:161} INFO - Started process (PID=1011) to work on /home/airflow/.local/lib/python3.8/site-packages/airflow/example_dags/example_kubernetes_executor.py
[2026-04-23T03:55:43.226+0000] {processor.py:830} INFO - Processing file /home/airflow/.local/lib/python3.8/site-packages/airflow/example_dags/example_kubernetes_executor.py for tasks to queue
[2026-04-23T03:55:43.229+0000] {logging_mixin.py:188} INFO - [2026-04-23T03:55:43.228+0000] {dagbag.py:538} INFO - Filling up the DagBag from /home/airflow/.local/lib/python3.8/site-packages/airflow/example_dags/example_kubernetes_executor.py
[2026-04-23T03:55:43.248+0000] {processor.py:840} INFO - DAG(s) 'example_kubernetes_executor' retrieved from /home/airflow/.local/lib/python3.8/site-packages/airflow/example_dags/example_kubernetes_executor.py
[2026-04-23T03:55:43.300+0000] {logging_mixin.py:188} INFO - [2026-04-23T03:55:43.299+0000] {dag.py:3036} INFO - Sync 1 DAGs
[2026-04-23T03:55:43.318+0000] {logging_mixin.py:188} INFO - [2026-04-23T03:55:43.318+0000] {dag.py:3823} INFO - Setting next_dagrun for example_kubernetes_executor to None, run_after=None
[2026-04-23T03:55:43.342+0000] {processor.py:183} INFO - Processing /home/airflow/.local/lib/python3.8/site-packages/airflow/example_dags/example_kubernetes_executor.py took 0.121 seconds
[2026-04-23T03:56:13.627+0000] {processor.py:161} INFO - Started process (PID=1066) to work on /home/airflow/.local/lib/python3.8/site-packages/airflow/example_dags/example_kubernetes_executor.py
[2026-04-23T03:56:13.629+0000] {processor.py:830} INFO - Processing file /home/airflow/.local/lib/python3.8/site-packages/airflow/example_dags/example_kubernetes_executor.py for tasks to queue
[2026-04-23T03:56:13.632+0000] {logging_mixin.py:188} INFO - [2026-04-23T03:56:13.631+0000] {dagbag.py:538} INFO - Filling up the DagBag from /home/airflow/.local/lib/python3.8/site-packages/airflow/example_dags/example_kubernetes_executor.py
[2026-04-23T03:56:13.652+0000] {processor.py:840} INFO - DAG(s) 'example_kubernetes_executor' retrieved from /home/airflow/.local/lib/python3.8/site-packages/airflow/example_dags/example_kubernetes_executor.py
[2026-04-23T03:56:13.709+0000] {logging_mixin.py:188} INFO - [2026-04-23T03:56:13.708+0000] {dag.py:3036} INFO - Sync 1 DAGs
[2026-04-23T03:56:13.729+0000] {logging_mixin.py:188} INFO - [2026-04-23T03:56:13.729+0000] {dag.py:3823} INFO - Setting next_dagrun for example_kubernetes_executor to None, run_after=None
[2026-04-23T03:56:13.759+0000] {processor.py:183} INFO - Processing /home/airflow/.local/lib/python3.8/site-packages/airflow/example_dags/example_kubernetes_executor.py took 0.137 seconds
[2026-04-23T03:56:44.117+0000] {processor.py:161} INFO - Started process (PID=1120) to work on /home/airflow/.local/lib/python3.8/site-packages/airflow/example_dags/example_kubernetes_executor.py
[2026-04-23T03:56:44.119+0000] {processor.py:830} INFO - Processing file /home/airflow/.local/lib/python3.8/site-packages/airflow/example_dags/example_kubernetes_executor.py for tasks to queue
[2026-04-23T03:56:44.121+0000] {logging_mixin.py:188} INFO - [2026-04-23T03:56:44.121+0000] {dagbag.py:538} INFO - Filling up the DagBag from /home/airflow/.local/lib/python3.8/site-packages/airflow/example_dags/example_kubernetes_executor.py
[2026-04-23T03:56:44.140+0000] {processor.py:840} INFO - DAG(s) 'example_kubernetes_executor' retrieved from /home/airflow/.local/lib/python3.8/site-packages/airflow/example_dags/example_kubernetes_executor.py
[2026-04-23T03:56:44.193+0000] {logging_mixin.py:188} INFO - [2026-04-23T03:56:44.192+0000] {dag.py:3036} INFO - Sync 1 DAGs
[2026-04-23T03:56:44.209+0000] {logging_mixin.py:188} INFO - [2026-04-23T03:56:44.209+0000] {dag.py:3823} INFO - Setting next_dagrun for example_kubernetes_executor to None, run_after=None
[2026-04-23T03:56:44.233+0000] {processor.py:183} INFO - Processing /home/airflow/.local/lib/python3.8/site-packages/airflow/example_dags/example_kubernetes_executor.py took 0.121 seconds
[2026-04-23T03:57:14.398+0000] {processor.py:161} INFO - Started process (PID=1175) to work on /home/airflow/.local/lib/python3.8/site-packages/airflow/example_dags/example_kubernetes_executor.py
[2026-04-23T03:57:14.399+0000] {processor.py:830} INFO - Processing file /home/airflow/.local/lib/python3.8/site-packages/airflow/example_dags/example_kubernetes_executor.py for tasks to queue
[2026-04-23T03:57:14.401+0000] {logging_mixin.py:188} INFO - [2026-04-23T03:57:14.401+0000] {dagbag.py:538} INFO - Filling up the DagBag from /home/airflow/.local/lib/python3.8/site-packages/airflow/example_dags/example_kubernetes_executor.py
[2026-04-23T03:57:14.419+0000] {processor.py:840} INFO - DAG(s) 'example_kubernetes_executor' retrieved from /home/airflow/.local/lib/python3.8/site-packages/airflow/example_dags/example_kubernetes_executor.py
[2026-04-23T03:57:14.469+0000] {logging_mixin.py:188} INFO - [2026-04-23T03:57:14.468+0000] {dag.py:3036} INFO - Sync 1 DAGs
[2026-04-23T03:57:14.485+0000] {logging_mixin.py:188} INFO - [2026-04-23T03:57:14.484+0000] {dag.py:3823} INFO - Setting next_dagrun for example_kubernetes_executor to None, run_after=None
[2026-04-23T03:57:14.507+0000] {processor.py:183} INFO - Processing /home/airflow/.local/lib/python3.8/site-packages/airflow/example_dags/example_kubernetes_executor.py took 0.114 seconds
[2026-04-23T03:57:45.065+0000] {processor.py:161} INFO - Started process (PID=1230) to work on /home/airflow/.local/lib/python3.8/site-packages/airflow/example_dags/example_kubernetes_executor.py
[2026-04-23T03:57:45.066+0000] {processor.py:830} INFO - Processing file /home/airflow/.local/lib/python3.8/site-packages/airflow/example_dags/example_kubernetes_executor.py for tasks to queue
[2026-04-23T03:57:45.070+0000] {logging_mixin.py:188} INFO - [2026-04-23T03:57:45.069+0000] {dagbag.py:538} INFO - Filling up the DagBag from /home/airflow/.local/lib/python3.8/site-packages/airflow/example_dags/example_kubernetes_executor.py
[2026-04-23T03:57:45.090+0000] {processor.py:840} INFO - DAG(s) 'example_kubernetes_executor' retrieved from /home/airflow/.local/lib/python3.8/site-packages/airflow/example_dags/example_kubernetes_executor.py
[2026-04-23T03:57:45.151+0000] {logging_mixin.py:188} INFO - [2026-04-23T03:57:45.151+0000] {dag.py:3036} INFO - Sync 1 DAGs
[2026-04-23T03:57:45.171+0000] {logging_mixin.py:188} INFO - [2026-04-23T03:57:45.171+0000] {dag.py:3823} INFO - Setting next_dagrun for example_kubernetes_executor to None, run_after=None
[2026-04-23T03:57:45.203+0000] {processor.py:183} INFO - Processing /home/airflow/.local/lib/python3.8/site-packages/airflow/example_dags/example_kubernetes_executor.py took 0.144 seconds
[2026-04-23T03:58:15.400+0000] {processor.py:161} INFO - Started process (PID=1285) to work on /home/airflow/.local/lib/python3.8/site-packages/airflow/example_dags/example_kubernetes_executor.py
[2026-04-23T03:58:15.401+0000] {processor.py:830} INFO - Processing file /home/airflow/.local/lib/python3.8/site-packages/airflow/example_dags/example_kubernetes_executor.py for tasks to queue
[2026-04-23T03:58:15.403+0000] {logging_mixin.py:188} INFO - [2026-04-23T03:58:15.403+0000] {dagbag.py:538} INFO - Filling up the DagBag from /home/airflow/.local/lib/python3.8/site-packages/airflow/example_dags/example_kubernetes_executor.py
[2026-04-23T03:58:15.422+0000] {processor.py:840} INFO - DAG(s) 'example_kubernetes_executor' retrieved from /home/airflow/.local/lib/python3.8/site-packages/airflow/example_dags/example_kubernetes_executor.py
[2026-04-23T03:58:15.475+0000] {logging_mixin.py:188} INFO - [2026-04-23T03:58:15.475+0000] {dag.py:3036} INFO - Sync 1 DAGs
[2026-04-23T03:58:15.492+0000] {logging_mixin.py:188} INFO - [2026-04-23T03:58:15.492+0000] {dag.py:3823} INFO - Setting next_dagrun for example_kubernetes_executor to None, run_after=None
[2026-04-23T03:58:15.515+0000] {processor.py:183} INFO - Processing /home/airflow/.local/lib/python3.8/site-packages/airflow/example_dags/example_kubernetes_executor.py took 0.120 seconds
[2026-04-23T03:58:46.079+0000] {processor.py:161} INFO - Started process (PID=1340) to work on /home/airflow/.local/lib/python3.8/site-packages/airflow/example_dags/example_kubernetes_executor.py
[2026-04-23T03:58:46.080+0000] {processor.py:830} INFO - Processing file /home/airflow/.local/lib/python3.8/site-packages/airflow/example_dags/example_kubernetes_executor.py for tasks to queue
[2026-04-23T03:58:46.083+0000] {logging_mixin.py:188} INFO - [2026-04-23T03:58:46.082+0000] {dagbag.py:538} INFO - Filling up the DagBag from /home/airflow/.local/lib/python3.8/site-packages/airflow/example_dags/example_kubernetes_executor.py
[2026-04-23T03:58:46.104+0000] {processor.py:840} INFO - DAG(s) 'example_kubernetes_executor' retrieved from /home/airflow/.local/lib/python3.8/site-packages/airflow/example_dags/example_kubernetes_executor.py
[2026-04-23T03:58:46.164+0000] {logging_mixin.py:188} INFO - [2026-04-23T03:58:46.164+0000] {dag.py:3036} INFO - Sync 1 DAGs
[2026-04-23T03:58:46.185+0000] {logging_mixin.py:188} INFO - [2026-04-23T03:58:46.185+0000] {dag.py:3823} INFO - Setting next_dagrun for example_kubernetes_executor to None, run_after=None
[2026-04-23T03:58:46.213+0000] {processor.py:183} INFO - Processing /home/airflow/.local/lib/python3.8/site-packages/airflow/example_dags/example_kubernetes_executor.py took 0.139 seconds
[2026-04-23T03:59:16.928+0000] {processor.py:161} INFO - Started process (PID=1395) to work on /home/airflow/.local/lib/python3.8/site-packages/airflow/example_dags/example_kubernetes_executor.py
[2026-04-23T03:59:16.930+0000] {processor.py:830} INFO - Processing file /home/airflow/.local/lib/python3.8/site-packages/airflow/example_dags/example_kubernetes_executor.py for tasks to queue
[2026-04-23T03:59:16.933+0000] {logging_mixin.py:188} INFO - [2026-04-23T03:59:16.932+0000] {dagbag.py:538} INFO - Filling up the DagBag from /home/airflow/.local/lib/python3.8/site-packages/airflow/example_dags/example_kubernetes_executor.py
[2026-04-23T03:59:16.956+0000] {processor.py:840} INFO - DAG(s) 'example_kubernetes_executor' retrieved from /home/airflow/.local/lib/python3.8/site-packages/airflow/example_dags/example_kubernetes_executor.py
[2026-04-23T03:59:17.013+0000] {logging_mixin.py:188} INFO - [2026-04-23T03:59:17.012+0000] {dag.py:3036} INFO - Sync 1 DAGs
[2026-04-23T03:59:17.034+0000] {logging_mixin.py:188} INFO - [2026-04-23T03:59:17.034+0000] {dag.py:3823} INFO - Setting next_dagrun for example_kubernetes_executor to None, run_after=None
[2026-04-23T03:59:17.062+0000] {processor.py:183} INFO - Processing /home/airflow/.local/lib/python3.8/site-packages/airflow/example_dags/example_kubernetes_executor.py took 0.140 seconds
[2026-04-23T03:59:47.843+0000] {processor.py:161} INFO - Started process (PID=1450) to work on /home/airflow/.local/lib/python3.8/site-packages/airflow/example_dags/example_kubernetes_executor.py
[2026-04-23T03:59:47.845+0000] {processor.py:830} INFO - Processing file /home/airflow/.local/lib/python3.8/site-packages/airflow/example_dags/example_kubernetes_executor.py for tasks to queue
[2026-04-23T03:59:47.848+0000] {logging_mixin.py:188} INFO - [2026-04-23T03:59:47.848+0000] {dagbag.py:538} INFO - Filling up the DagBag from /home/airflow/.local/lib/python3.8/site-packages/airflow/example_dags/example_kubernetes_executor.py
[2026-04-23T03:59:47.871+0000] {processor.py:840} INFO - DAG(s) 'example_kubernetes_executor' retrieved from /home/airflow/.local/lib/python3.8/site-packages/airflow/example_dags/example_kubernetes_executor.py
[2026-04-23T03:59:47.931+0000] {logging_mixin.py:188} INFO - [2026-04-23T03:59:47.930+0000] {dag.py:3036} INFO - Sync 1 DAGs
[2026-04-23T03:59:47.952+0000] {logging_mixin.py:188} INFO - [2026-04-23T03:59:47.951+0000] {dag.py:3823} INFO - Setting next_dagrun for example_kubernetes_executor to None, run_after=None
[2026-04-23T03:59:47.982+0000] {processor.py:183} INFO - Processing /home/airflow/.local/lib/python3.8/site-packages/airflow/example_dags/example_kubernetes_executor.py took 0.144 seconds
[2026-04-23T04:00:18.150+0000] {processor.py:161} INFO - Started process (PID=1506) to work on /home/airflow/.local/lib/python3.8/site-packages/airflow/example_dags/example_kubernetes_executor.py
[2026-04-23T04:00:18.152+0000] {processor.py:830} INFO - Processing file /home/airflow/.local/lib/python3.8/site-packages/airflow/example_dags/example_kubernetes_executor.py for tasks to queue
[2026-04-23T04:00:18.154+0000] {logging_mixin.py:188} INFO - [2026-04-23T04:00:18.154+0000] {dagbag.py:538} INFO - Filling up the DagBag from /home/airflow/.local/lib/python3.8/site-packages/airflow/example_dags/example_kubernetes_executor.py
[2026-04-23T04:00:18.173+0000] {processor.py:840} INFO - DAG(s) 'example_kubernetes_executor' retrieved from /home/airflow/.local/lib/python3.8/site-packages/airflow/example_dags/example_kubernetes_executor.py
[2026-04-23T04:00:18.224+0000] {logging_mixin.py:188} INFO - [2026-04-23T04:00:18.224+0000] {dag.py:3036} INFO - Sync 1 DAGs
[2026-04-23T04:00:18.243+0000] {logging_mixin.py:188} INFO - [2026-04-23T04:00:18.243+0000] {dag.py:3823} INFO - Setting next_dagrun for example_kubernetes_executor to None, run_after=None
[2026-04-23T04:00:18.268+0000] {processor.py:183} INFO - Processing /home/airflow/.local/lib/python3.8/site-packages/airflow/example_dags/example_kubernetes_executor.py took 0.122 seconds
[2026-04-23T04:00:48.469+0000] {processor.py:161} INFO - Started process (PID=1560) to work on /home/airflow/.local/lib/python3.8/site-packages/airflow/example_dags/example_kubernetes_executor.py
[2026-04-23T04:00:48.470+0000] {processor.py:830} INFO - Processing file /home/airflow/.local/lib/python3.8/site-packages/airflow/example_dags/example_kubernetes_executor.py for tasks to queue
[2026-04-23T04:00:48.473+0000] {logging_mixin.py:188} INFO - [2026-04-23T04:00:48.472+0000] {dagbag.py:538} INFO - Filling up the DagBag from /home/airflow/.local/lib/python3.8/site-packages/airflow/example_dags/example_kubernetes_executor.py
[2026-04-23T04:00:48.492+0000] {processor.py:840} INFO - DAG(s) 'example_kubernetes_executor' retrieved from /home/airflow/.local/lib/python3.8/site-packages/airflow/example_dags/example_kubernetes_executor.py
[2026-04-23T04:00:48.547+0000] {logging_mixin.py:188} INFO - [2026-04-23T04:00:48.547+0000] {dag.py:3036} INFO - Sync 1 DAGs
[2026-04-23T04:00:48.565+0000] {logging_mixin.py:188} INFO - [2026-04-23T04:00:48.565+0000] {dag.py:3823} INFO - Setting next_dagrun for example_kubernetes_executor to None, run_after=None
[2026-04-23T04:00:48.590+0000] {processor.py:183} INFO - Processing /home/airflow/.local/lib/python3.8/site-packages/airflow/example_dags/example_kubernetes_executor.py took 0.126 seconds
[2026-04-23T04:01:18.848+0000] {processor.py:161} INFO - Started process (PID=1615) to work on /home/airflow/.local/lib/python3.8/site-packages/airflow/example_dags/example_kubernetes_executor.py
[2026-04-23T04:01:18.849+0000] {processor.py:830} INFO - Processing file /home/airflow/.local/lib/python3.8/site-packages/airflow/example_dags/example_kubernetes_executor.py for tasks to queue
[2026-04-23T04:01:18.851+0000] {logging_mixin.py:188} INFO - [2026-04-23T04:01:18.851+0000] {dagbag.py:538} INFO - Filling up the DagBag from /home/airflow/.local/lib/python3.8/site-packages/airflow/example_dags/example_kubernetes_executor.py
[2026-04-23T04:01:18.869+0000] {processor.py:840} INFO - DAG(s) 'example_kubernetes_executor' retrieved from /home/airflow/.local/lib/python3.8/site-packages/airflow/example_dags/example_kubernetes_executor.py
[2026-04-23T04:01:18.922+0000] {logging_mixin.py:188} INFO - [2026-04-23T04:01:18.922+0000] {dag.py:3036} INFO - Sync 1 DAGs
[2026-04-23T04:01:18.940+0000] {logging_mixin.py:188} INFO - [2026-04-23T04:01:18.940+0000] {dag.py:3823} INFO - Setting next_dagrun for example_kubernetes_executor to None, run_after=None
[2026-04-23T04:01:18.966+0000] {processor.py:183} INFO - Processing /home/airflow/.local/lib/python3.8/site-packages/airflow/example_dags/example_kubernetes_executor.py took 0.124 seconds
[2026-04-23T04:01:49.175+0000] {processor.py:161} INFO - Started process (PID=1670) to work on /home/airflow/.local/lib/python3.8/site-packages/airflow/example_dags/example_kubernetes_executor.py
[2026-04-23T04:01:49.176+0000] {processor.py:830} INFO - Processing file /home/airflow/.local/lib/python3.8/site-packages/airflow/example_dags/example_kubernetes_executor.py for tasks to queue
[2026-04-23T04:01:49.179+0000] {logging_mixin.py:188} INFO - [2026-04-23T04:01:49.178+0000] {dagbag.py:538} INFO - Filling up the DagBag from /home/airflow/.local/lib/python3.8/site-packages/airflow/example_dags/example_kubernetes_executor.py
[2026-04-23T04:01:49.198+0000] {processor.py:840} INFO - DAG(s) 'example_kubernetes_executor' retrieved from /home/airflow/.local/lib/python3.8/site-packages/airflow/example_dags/example_kubernetes_executor.py
[2026-04-23T04:01:49.250+0000] {logging_mixin.py:188} INFO - [2026-04-23T04:01:49.250+0000] {dag.py:3036} INFO - Sync 1 DAGs
[2026-04-23T04:01:49.268+0000] {logging_mixin.py:188} INFO - [2026-04-23T04:01:49.268+0000] {dag.py:3823} INFO - Setting next_dagrun for example_kubernetes_executor to None, run_after=None
[2026-04-23T04:01:49.292+0000] {processor.py:183} INFO - Processing /home/airflow/.local/lib/python3.8/site-packages/airflow/example_dags/example_kubernetes_executor.py took 0.121 seconds
[2026-04-23T04:02:19.568+0000] {processor.py:161} INFO - Started process (PID=1725) to work on /home/airflow/.local/lib/python3.8/site-packages/airflow/example_dags/example_kubernetes_executor.py
[2026-04-23T04:02:19.570+0000] {processor.py:830} INFO - Processing file /home/airflow/.local/lib/python3.8/site-packages/airflow/example_dags/example_kubernetes_executor.py for tasks to queue
[2026-04-23T04:02:19.572+0000] {logging_mixin.py:188} INFO - [2026-04-23T04:02:19.572+0000] {dagbag.py:538} INFO - Filling up the DagBag from /home/airflow/.local/lib/python3.8/site-packages/airflow/example_dags/example_kubernetes_executor.py
[2026-04-23T04:02:19.591+0000] {processor.py:840} INFO - DAG(s) 'example_kubernetes_executor' retrieved from /home/airflow/.local/lib/python3.8/site-packages/airflow/example_dags/example_kubernetes_executor.py
[2026-04-23T04:02:19.642+0000] {logging_mixin.py:188} INFO - [2026-04-23T04:02:19.642+0000] {dag.py:3036} INFO - Sync 1 DAGs
[2026-04-23T04:02:19.660+0000] {logging_mixin.py:188} INFO - [2026-04-23T04:02:19.660+0000] {dag.py:3823} INFO - Setting next_dagrun for example_kubernetes_executor to None, run_after=None
[2026-04-23T04:02:19.684+0000] {processor.py:183} INFO - Processing /home/airflow/.local/lib/python3.8/site-packages/airflow/example_dags/example_kubernetes_executor.py took 0.121 seconds
[2026-04-23T04:02:49.756+0000] {processor.py:161} INFO - Started process (PID=1780) to work on /home/airflow/.local/lib/python3.8/site-packages/airflow/example_dags/example_kubernetes_executor.py
[2026-04-23T04:02:49.757+0000] {processor.py:830} INFO - Processing file /home/airflow/.local/lib/python3.8/site-packages/airflow/example_dags/example_kubernetes_executor.py for tasks to queue
[2026-04-23T04:02:49.759+0000] {logging_mixin.py:188} INFO - [2026-04-23T04:02:49.759+0000] {dagbag.py:538} INFO - Filling up the DagBag from /home/airflow/.local/lib/python3.8/site-packages/airflow/example_dags/example_kubernetes_executor.py
[2026-04-23T04:02:49.777+0000] {processor.py:840} INFO - DAG(s) 'example_kubernetes_executor' retrieved from /home/airflow/.local/lib/python3.8/site-packages/airflow/example_dags/example_kubernetes_executor.py
[2026-04-23T04:02:49.828+0000] {logging_mixin.py:188} INFO - [2026-04-23T04:02:49.827+0000] {dag.py:3036} INFO - Sync 1 DAGs
[2026-04-23T04:02:49.844+0000] {logging_mixin.py:188} INFO - [2026-04-23T04:02:49.844+0000] {dag.py:3823} INFO - Setting next_dagrun for example_kubernetes_executor to None, run_after=None
[2026-04-23T04:02:49.869+0000] {processor.py:183} INFO - Processing /home/airflow/.local/lib/python3.8/site-packages/airflow/example_dags/example_kubernetes_executor.py took 0.118 seconds
[2026-04-23T04:03:20.365+0000] {processor.py:161} INFO - Started process (PID=1835) to work on /home/airflow/.local/lib/python3.8/site-packages/airflow/example_dags/example_kubernetes_executor.py
[2026-04-23T04:03:20.367+0000] {processor.py:830} INFO - Processing file /home/airflow/.local/lib/python3.8/site-packages/airflow/example_dags/example_kubernetes_executor.py for tasks to queue
[2026-04-23T04:03:20.369+0000] {logging_mixin.py:188} INFO - [2026-04-23T04:03:20.369+0000] {dagbag.py:538} INFO - Filling up the DagBag from /home/airflow/.local/lib/python3.8/site-packages/airflow/example_dags/example_kubernetes_executor.py
[2026-04-23T04:03:20.387+0000] {processor.py:840} INFO - DAG(s) 'example_kubernetes_executor' retrieved from /home/airflow/.local/lib/python3.8/site-packages/airflow/example_dags/example_kubernetes_executor.py
[2026-04-23T04:03:20.440+0000] {logging_mixin.py:188} INFO - [2026-04-23T04:03:20.440+0000] {dag.py:3036} INFO - Sync 1 DAGs
[2026-04-23T04:03:20.456+0000] {logging_mixin.py:188} INFO - [2026-04-23T04:03:20.456+0000] {dag.py:3823} INFO - Setting next_dagrun for example_kubernetes_executor to None, run_after=None
[2026-04-23T04:03:20.480+0000] {processor.py:183} INFO - Processing /home/airflow/.local/lib/python3.8/site-packages/airflow/example_dags/example_kubernetes_executor.py took 0.119 seconds
[2026-04-23T04:03:50.542+0000] {processor.py:161} INFO - Started process (PID=1890) to work on /home/airflow/.local/lib/python3.8/site-packages/airflow/example_dags/example_kubernetes_executor.py
[2026-04-23T04:03:50.544+0000] {processor.py:830} INFO - Processing file /home/airflow/.local/lib/python3.8/site-packages/airflow/example_dags/example_kubernetes_executor.py for tasks to queue
[2026-04-23T04:03:50.546+0000] {logging_mixin.py:188} INFO - [2026-04-23T04:03:50.545+0000] {dagbag.py:538} INFO - Filling up the DagBag from /home/airflow/.local/lib/python3.8/site-packages/airflow/example_dags/example_kubernetes_executor.py
[2026-04-23T04:03:50.565+0000] {processor.py:840} INFO - DAG(s) 'example_kubernetes_executor' retrieved from /home/airflow/.local/lib/python3.8/site-packages/airflow/example_dags/example_kubernetes_executor.py
[2026-04-23T04:03:50.616+0000] {logging_mixin.py:188} INFO - [2026-04-23T04:03:50.616+0000] {dag.py:3036} INFO - Sync 1 DAGs
[2026-04-23T04:03:50.633+0000] {logging_mixin.py:188} INFO - [2026-04-23T04:03:50.633+0000] {dag.py:3823} INFO - Setting next_dagrun for example_kubernetes_executor to None, run_after=None
[2026-04-23T04:03:50.659+0000] {processor.py:183} INFO - Processing /home/airflow/.local/lib/python3.8/site-packages/airflow/example_dags/example_kubernetes_executor.py took 0.121 seconds
[2026-04-23T04:04:21.099+0000] {processor.py:161} INFO - Started process (PID=1945) to work on /home/airflow/.local/lib/python3.8/site-packages/airflow/example_dags/example_kubernetes_executor.py
[2026-04-23T04:04:21.101+0000] {processor.py:830} INFO - Processing file /home/airflow/.local/lib/python3.8/site-packages/airflow/example_dags/example_kubernetes_executor.py for tasks to queue
[2026-04-23T04:04:21.103+0000] {logging_mixin.py:188} INFO - [2026-04-23T04:04:21.103+0000] {dagbag.py:538} INFO - Filling up the DagBag from /home/airflow/.local/lib/python3.8/site-packages/airflow/example_dags/example_kubernetes_executor.py
[2026-04-23T04:04:21.121+0000] {processor.py:840} INFO - DAG(s) 'example_kubernetes_executor' retrieved from /home/airflow/.local/lib/python3.8/site-packages/airflow/example_dags/example_kubernetes_executor.py
[2026-04-23T04:04:21.176+0000] {logging_mixin.py:188} INFO - [2026-04-23T04:04:21.176+0000] {dag.py:3036} INFO - Sync 1 DAGs
[2026-04-23T04:04:21.195+0000] {logging_mixin.py:188} INFO - [2026-04-23T04:04:21.195+0000] {dag.py:3823} INFO - Setting next_dagrun for example_kubernetes_executor to None, run_after=None
[2026-04-23T04:04:21.221+0000] {processor.py:183} INFO - Processing /home/airflow/.local/lib/python3.8/site-packages/airflow/example_dags/example_kubernetes_executor.py took 0.126 seconds
[2026-04-23T04:04:51.376+0000] {processor.py:161} INFO - Started process (PID=2000) to work on /home/airflow/.local/lib/python3.8/site-packages/airflow/example_dags/example_kubernetes_executor.py
[2026-04-23T04:04:51.378+0000] {processor.py:830} INFO - Processing file /home/airflow/.local/lib/python3.8/site-packages/airflow/example_dags/example_kubernetes_executor.py for tasks to queue
[2026-04-23T04:04:51.380+0000] {logging_mixin.py:188} INFO - [2026-04-23T04:04:51.379+0000] {dagbag.py:538} INFO - Filling up the DagBag from /home/airflow/.local/lib/python3.8/site-packages/airflow/example_dags/example_kubernetes_executor.py
[2026-04-23T04:04:51.397+0000] {processor.py:840} INFO - DAG(s) 'example_kubernetes_executor' retrieved from /home/airflow/.local/lib/python3.8/site-packages/airflow/example_dags/example_kubernetes_executor.py
[2026-04-23T04:04:51.449+0000] {logging_mixin.py:188} INFO - [2026-04-23T04:04:51.449+0000] {dag.py:3036} INFO - Sync 1 DAGs
[2026-04-23T04:04:51.465+0000] {logging_mixin.py:188} INFO - [2026-04-23T04:04:51.465+0000] {dag.py:3823} INFO - Setting next_dagrun for example_kubernetes_executor to None, run_after=None
[2026-04-23T04:04:51.487+0000] {processor.py:183} INFO - Processing /home/airflow/.local/lib/python3.8/site-packages/airflow/example_dags/example_kubernetes_executor.py took 0.115 seconds
[2026-04-23T04:05:21.542+0000] {processor.py:161} INFO - Started process (PID=2055) to work on /home/airflow/.local/lib/python3.8/site-packages/airflow/example_dags/example_kubernetes_executor.py
[2026-04-23T04:05:21.543+0000] {processor.py:830} INFO - Processing file /home/airflow/.local/lib/python3.8/site-packages/airflow/example_dags/example_kubernetes_executor.py for tasks to queue
[2026-04-23T04:05:21.545+0000] {logging_mixin.py:188} INFO - [2026-04-23T04:05:21.545+0000] {dagbag.py:538} INFO - Filling up the DagBag from /home/airflow/.local/lib/python3.8/site-packages/airflow/example_dags/example_kubernetes_executor.py
[2026-04-23T04:05:21.565+0000] {processor.py:840} INFO - DAG(s) 'example_kubernetes_executor' retrieved from /home/airflow/.local/lib/python3.8/site-packages/airflow/example_dags/example_kubernetes_executor.py
[2026-04-23T04:05:21.615+0000] {logging_mixin.py:188} INFO - [2026-04-23T04:05:21.615+0000] {dag.py:3036} INFO - Sync 1 DAGs
[2026-04-23T04:05:21.633+0000] {logging_mixin.py:188} INFO - [2026-04-23T04:05:21.632+0000] {dag.py:3823} INFO - Setting next_dagrun for example_kubernetes_executor to None, run_after=None
[2026-04-23T04:05:21.656+0000] {processor.py:183} INFO - Processing /home/airflow/.local/lib/python3.8/site-packages/airflow/example_dags/example_kubernetes_executor.py took 0.120 seconds
[2026-04-23T04:05:51.875+0000] {processor.py:161} INFO - Started process (PID=2110) to work on /home/airflow/.local/lib/python3.8/site-packages/airflow/example_dags/example_kubernetes_executor.py
[2026-04-23T04:05:51.877+0000] {processor.py:830} INFO - Processing file /home/airflow/.local/lib/python3.8/site-packages/airflow/example_dags/example_kubernetes_executor.py for tasks to queue
[2026-04-23T04:05:51.880+0000] {logging_mixin.py:188} INFO - [2026-04-23T04:05:51.880+0000] {dagbag.py:538} INFO - Filling up the DagBag from /home/airflow/.local/lib/python3.8/site-packages/airflow/example_dags/example_kubernetes_executor.py
[2026-04-23T04:05:51.900+0000] {processor.py:840} INFO - DAG(s) 'example_kubernetes_executor' retrieved from /home/airflow/.local/lib/python3.8/site-packages/airflow/example_dags/example_kubernetes_executor.py
[2026-04-23T04:05:51.958+0000] {logging_mixin.py:188} INFO - [2026-04-23T04:05:51.958+0000] {dag.py:3036} INFO - Sync 1 DAGs
[2026-04-23T04:05:51.977+0000] {logging_mixin.py:188} INFO - [2026-04-23T04:05:51.977+0000] {dag.py:3823} INFO - Setting next_dagrun for example_kubernetes_executor to None, run_after=None
[2026-04-23T04:05:52.006+0000] {processor.py:183} INFO - Processing /home/airflow/.local/lib/python3.8/site-packages/airflow/example_dags/example_kubernetes_executor.py took 0.136 seconds
[2026-04-23T04:06:22.408+0000] {processor.py:161} INFO - Started process (PID=2165) to work on /home/airflow/.local/lib/python3.8/site-packages/airflow/example_dags/example_kubernetes_executor.py
[2026-04-23T04:06:22.409+0000] {processor.py:830} INFO - Processing file /home/airflow/.local/lib/python3.8/site-packages/airflow/example_dags/example_kubernetes_executor.py for tasks to queue
[2026-04-23T04:06:22.410+0000] {logging_mixin.py:188} INFO - [2026-04-23T04:06:22.410+0000] {dagbag.py:538} INFO - Filling up the DagBag from /home/airflow/.local/lib/python3.8/site-packages/airflow/example_dags/example_kubernetes_executor.py
[2026-04-23T04:06:22.420+0000] {processor.py:840} INFO - DAG(s) 'example_kubernetes_executor' retrieved from /home/airflow/.local/lib/python3.8/site-packages/airflow/example_dags/example_kubernetes_executor.py
[2026-04-23T04:06:22.449+0000] {logging_mixin.py:188} INFO - [2026-04-23T04:06:22.448+0000] {dag.py:3036} INFO - Sync 1 DAGs
[2026-04-23T04:06:22.457+0000] {logging_mixin.py:188} INFO - [2026-04-23T04:06:22.457+0000] {dag.py:3823} INFO - Setting next_dagrun for example_kubernetes_executor to None, run_after=None
[2026-04-23T04:06:22.469+0000] {processor.py:183} INFO - Processing /home/airflow/.local/lib/python3.8/site-packages/airflow/example_dags/example_kubernetes_executor.py took 0.064 seconds
[2026-04-23T04:06:52.860+0000] {processor.py:161} INFO - Started process (PID=2220) to work on /home/airflow/.local/lib/python3.8/site-packages/airflow/example_dags/example_kubernetes_executor.py
[2026-04-23T04:06:52.862+0000] {processor.py:830} INFO - Processing file /home/airflow/.local/lib/python3.8/site-packages/airflow/example_dags/example_kubernetes_executor.py for tasks to queue
[2026-04-23T04:06:52.864+0000] {logging_mixin.py:188} INFO - [2026-04-23T04:06:52.863+0000] {dagbag.py:538} INFO - Filling up the DagBag from /home/airflow/.local/lib/python3.8/site-packages/airflow/example_dags/example_kubernetes_executor.py
[2026-04-23T04:06:52.883+0000] {processor.py:840} INFO - DAG(s) 'example_kubernetes_executor' retrieved from /home/airflow/.local/lib/python3.8/site-packages/airflow/example_dags/example_kubernetes_executor.py
[2026-04-23T04:06:52.937+0000] {logging_mixin.py:188} INFO - [2026-04-23T04:06:52.936+0000] {dag.py:3036} INFO - Sync 1 DAGs
[2026-04-23T04:06:52.954+0000] {logging_mixin.py:188} INFO - [2026-04-23T04:06:52.954+0000] {dag.py:3823} INFO - Setting next_dagrun for example_kubernetes_executor to None, run_after=None
[2026-04-23T04:06:52.980+0000] {processor.py:183} INFO - Processing /home/airflow/.local/lib/python3.8/site-packages/airflow/example_dags/example_kubernetes_executor.py took 0.124 seconds
[2026-04-23T04:07:23.161+0000] {processor.py:161} INFO - Started process (PID=2275) to work on /home/airflow/.local/lib/python3.8/site-packages/airflow/example_dags/example_kubernetes_executor.py
[2026-04-23T04:07:23.163+0000] {processor.py:830} INFO - Processing file /home/airflow/.local/lib/python3.8/site-packages/airflow/example_dags/example_kubernetes_executor.py for tasks to queue
[2026-04-23T04:07:23.166+0000] {logging_mixin.py:188} INFO - [2026-04-23T04:07:23.166+0000] {dagbag.py:538} INFO - Filling up the DagBag from /home/airflow/.local/lib/python3.8/site-packages/airflow/example_dags/example_kubernetes_executor.py
[2026-04-23T04:07:23.188+0000] {processor.py:840} INFO - DAG(s) 'example_kubernetes_executor' retrieved from /home/airflow/.local/lib/python3.8/site-packages/airflow/example_dags/example_kubernetes_executor.py
[2026-04-23T04:07:23.257+0000] {logging_mixin.py:188} INFO - [2026-04-23T04:07:23.257+0000] {dag.py:3036} INFO - Sync 1 DAGs
[2026-04-23T04:07:23.282+0000] {logging_mixin.py:188} INFO - [2026-04-23T04:07:23.281+0000] {dag.py:3823} INFO - Setting next_dagrun for example_kubernetes_executor to None, run_after=None
[2026-04-23T04:07:23.314+0000] {processor.py:183} INFO - Processing /home/airflow/.local/lib/python3.8/site-packages/airflow/example_dags/example_kubernetes_executor.py took 0.159 seconds
[2026-04-23T04:07:54.264+0000] {processor.py:161} INFO - Started process (PID=2330) to work on /home/airflow/.local/lib/python3.8/site-packages/airflow/example_dags/example_kubernetes_executor.py
[2026-04-23T04:07:54.265+0000] {processor.py:830} INFO - Processing file /home/airflow/.local/lib/python3.8/site-packages/airflow/example_dags/example_kubernetes_executor.py for tasks to queue
[2026-04-23T04:07:54.267+0000] {logging_mixin.py:188} INFO - [2026-04-23T04:07:54.267+0000] {dagbag.py:538} INFO - Filling up the DagBag from /home/airflow/.local/lib/python3.8/site-packages/airflow/example_dags/example_kubernetes_executor.py
[2026-04-23T04:07:54.286+0000] {processor.py:840} INFO - DAG(s) 'example_kubernetes_executor' retrieved from /home/airflow/.local/lib/python3.8/site-packages/airflow/example_dags/example_kubernetes_executor.py
[2026-04-23T04:07:54.336+0000] {logging_mixin.py:188} INFO - [2026-04-23T04:07:54.336+0000] {dag.py:3036} INFO - Sync 1 DAGs
[2026-04-23T04:07:54.354+0000] {logging_mixin.py:188} INFO - [2026-04-23T04:07:54.353+0000] {dag.py:3823} INFO - Setting next_dagrun for example_kubernetes_executor to None, run_after=None
[2026-04-23T04:07:54.378+0000] {processor.py:183} INFO - Processing /home/airflow/.local/lib/python3.8/site-packages/airflow/example_dags/example_kubernetes_executor.py took 0.118 seconds
[2026-04-23T04:08:24.649+0000] {processor.py:161} INFO - Started process (PID=2383) to work on /home/airflow/.local/lib/python3.8/site-packages/airflow/example_dags/example_kubernetes_executor.py
[2026-04-23T04:08:24.650+0000] {processor.py:830} INFO - Processing file /home/airflow/.local/lib/python3.8/site-packages/airflow/example_dags/example_kubernetes_executor.py for tasks to queue
[2026-04-23T04:08:24.652+0000] {logging_mixin.py:188} INFO - [2026-04-23T04:08:24.652+0000] {dagbag.py:538} INFO - Filling up the DagBag from /home/airflow/.local/lib/python3.8/site-packages/airflow/example_dags/example_kubernetes_executor.py
[2026-04-23T04:08:24.670+0000] {processor.py:840} INFO - DAG(s) 'example_kubernetes_executor' retrieved from /home/airflow/.local/lib/python3.8/site-packages/airflow/example_dags/example_kubernetes_executor.py
[2026-04-23T04:08:24.721+0000] {logging_mixin.py:188} INFO - [2026-04-23T04:08:24.720+0000] {dag.py:3036} INFO - Sync 1 DAGs
[2026-04-23T04:08:24.738+0000] {logging_mixin.py:188} INFO - [2026-04-23T04:08:24.737+0000] {dag.py:3823} INFO - Setting next_dagrun for example_kubernetes_executor to None, run_after=None
[2026-04-23T04:08:24.760+0000] {processor.py:183} INFO - Processing /home/airflow/.local/lib/python3.8/site-packages/airflow/example_dags/example_kubernetes_executor.py took 0.116 seconds
[2026-04-23T04:08:55.721+0000] {processor.py:161} INFO - Started process (PID=2438) to work on /home/airflow/.local/lib/python3.8/site-packages/airflow/example_dags/example_kubernetes_executor.py
[2026-04-23T04:08:55.722+0000] {processor.py:830} INFO - Processing file /home/airflow/.local/lib/python3.8/site-packages/airflow/example_dags/example_kubernetes_executor.py for tasks to queue
[2026-04-23T04:08:55.725+0000] {logging_mixin.py:188} INFO - [2026-04-23T04:08:55.724+0000] {dagbag.py:538} INFO - Filling up the DagBag from /home/airflow/.local/lib/python3.8/site-packages/airflow/example_dags/example_kubernetes_executor.py
[2026-04-23T04:08:55.742+0000] {processor.py:840} INFO - DAG(s) 'example_kubernetes_executor' retrieved from /home/airflow/.local/lib/python3.8/site-packages/airflow/example_dags/example_kubernetes_executor.py
[2026-04-23T04:08:55.793+0000] {logging_mixin.py:188} INFO - [2026-04-23T04:08:55.793+0000] {dag.py:3036} INFO - Sync 1 DAGs
[2026-04-23T04:08:55.810+0000] {logging_mixin.py:188} INFO - [2026-04-23T04:08:55.809+0000] {dag.py:3823} INFO - Setting next_dagrun for example_kubernetes_executor to None, run_after=None
[2026-04-23T04:08:55.833+0000] {processor.py:183} INFO - Processing /home/airflow/.local/lib/python3.8/site-packages/airflow/example_dags/example_kubernetes_executor.py took 0.116 seconds
[2026-04-23T04:09:26.843+0000] {processor.py:161} INFO - Started process (PID=2493) to work on /home/airflow/.local/lib/python3.8/site-packages/airflow/example_dags/example_kubernetes_executor.py
[2026-04-23T04:09:26.844+0000] {processor.py:830} INFO - Processing file /home/airflow/.local/lib/python3.8/site-packages/airflow/example_dags/example_kubernetes_executor.py for tasks to queue
[2026-04-23T04:09:26.846+0000] {logging_mixin.py:188} INFO - [2026-04-23T04:09:26.846+0000] {dagbag.py:538} INFO - Filling up the DagBag from /home/airflow/.local/lib/python3.8/site-packages/airflow/example_dags/example_kubernetes_executor.py
[2026-04-23T04:09:26.863+0000] {processor.py:840} INFO - DAG(s) 'example_kubernetes_executor' retrieved from /home/airflow/.local/lib/python3.8/site-packages/airflow/example_dags/example_kubernetes_executor.py
[2026-04-23T04:09:27.080+0000] {logging_mixin.py:188} INFO - [2026-04-23T04:09:27.080+0000] {dag.py:3036} INFO - Sync 1 DAGs
[2026-04-23T04:09:27.095+0000] {logging_mixin.py:188} INFO - [2026-04-23T04:09:27.095+0000] {dag.py:3823} INFO - Setting next_dagrun for example_kubernetes_executor to None, run_after=None
[2026-04-23T04:09:27.118+0000] {processor.py:183} INFO - Processing /home/airflow/.local/lib/python3.8/site-packages/airflow/example_dags/example_kubernetes_executor.py took 0.279 seconds
[2026-04-23T04:09:57.444+0000] {processor.py:161} INFO - Started process (PID=2548) to work on /home/airflow/.local/lib/python3.8/site-packages/airflow/example_dags/example_kubernetes_executor.py
[2026-04-23T04:09:57.445+0000] {processor.py:830} INFO - Processing file /home/airflow/.local/lib/python3.8/site-packages/airflow/example_dags/example_kubernetes_executor.py for tasks to queue
[2026-04-23T04:09:57.447+0000] {logging_mixin.py:188} INFO - [2026-04-23T04:09:57.447+0000] {dagbag.py:538} INFO - Filling up the DagBag from /home/airflow/.local/lib/python3.8/site-packages/airflow/example_dags/example_kubernetes_executor.py
[2026-04-23T04:09:57.465+0000] {processor.py:840} INFO - DAG(s) 'example_kubernetes_executor' retrieved from /home/airflow/.local/lib/python3.8/site-packages/airflow/example_dags/example_kubernetes_executor.py
[2026-04-23T04:09:57.514+0000] {logging_mixin.py:188} INFO - [2026-04-23T04:09:57.513+0000] {dag.py:3036} INFO - Sync 1 DAGs
[2026-04-23T04:09:57.693+0000] {logging_mixin.py:188} INFO - [2026-04-23T04:09:57.693+0000] {dag.py:3823} INFO - Setting next_dagrun for example_kubernetes_executor to None, run_after=None
[2026-04-23T04:09:57.716+0000] {processor.py:183} INFO - Processing /home/airflow/.local/lib/python3.8/site-packages/airflow/example_dags/example_kubernetes_executor.py took 0.276 seconds
[2026-04-23T04:10:28.155+0000] {processor.py:161} INFO - Started process (PID=2603) to work on /home/airflow/.local/lib/python3.8/site-packages/airflow/example_dags/example_kubernetes_executor.py
[2026-04-23T04:10:28.157+0000] {processor.py:830} INFO - Processing file /home/airflow/.local/lib/python3.8/site-packages/airflow/example_dags/example_kubernetes_executor.py for tasks to queue
[2026-04-23T04:10:28.159+0000] {logging_mixin.py:188} INFO - [2026-04-23T04:10:28.159+0000] {dagbag.py:538} INFO - Filling up the DagBag from /home/airflow/.local/lib/python3.8/site-packages/airflow/example_dags/example_kubernetes_executor.py
[2026-04-23T04:10:28.177+0000] {processor.py:840} INFO - DAG(s) 'example_kubernetes_executor' retrieved from /home/airflow/.local/lib/python3.8/site-packages/airflow/example_dags/example_kubernetes_executor.py
[2026-04-23T04:10:28.225+0000] {logging_mixin.py:188} INFO - [2026-04-23T04:10:28.225+0000] {dag.py:3036} INFO - Sync 1 DAGs
[2026-04-23T04:10:28.242+0000] {logging_mixin.py:188} INFO - [2026-04-23T04:10:28.241+0000] {dag.py:3823} INFO - Setting next_dagrun for example_kubernetes_executor to None, run_after=None
[2026-04-23T04:10:28.266+0000] {processor.py:183} INFO - Processing /home/airflow/.local/lib/python3.8/site-packages/airflow/example_dags/example_kubernetes_executor.py took 0.115 seconds
[2026-04-23T04:10:59.209+0000] {processor.py:161} INFO - Started process (PID=2658) to work on /home/airflow/.local/lib/python3.8/site-packages/airflow/example_dags/example_kubernetes_executor.py
[2026-04-23T04:10:59.210+0000] {processor.py:830} INFO - Processing file /home/airflow/.local/lib/python3.8/site-packages/airflow/example_dags/example_kubernetes_executor.py for tasks to queue
[2026-04-23T04:10:59.213+0000] {logging_mixin.py:188} INFO - [2026-04-23T04:10:59.212+0000] {dagbag.py:538} INFO - Filling up the DagBag from /home/airflow/.local/lib/python3.8/site-packages/airflow/example_dags/example_kubernetes_executor.py
[2026-04-23T04:10:59.234+0000] {processor.py:840} INFO - DAG(s) 'example_kubernetes_executor' retrieved from /home/airflow/.local/lib/python3.8/site-packages/airflow/example_dags/example_kubernetes_executor.py
[2026-04-23T04:10:59.289+0000] {logging_mixin.py:188} INFO - [2026-04-23T04:10:59.288+0000] {dag.py:3036} INFO - Sync 1 DAGs
[2026-04-23T04:10:59.307+0000] {logging_mixin.py:188} INFO - [2026-04-23T04:10:59.306+0000] {dag.py:3823} INFO - Setting next_dagrun for example_kubernetes_executor to None, run_after=None
[2026-04-23T04:10:59.334+0000] {processor.py:183} INFO - Processing /home/airflow/.local/lib/python3.8/site-packages/airflow/example_dags/example_kubernetes_executor.py took 0.131 seconds
[2026-04-23T04:11:30.679+0000] {processor.py:161} INFO - Started process (PID=2713) to work on /home/airflow/.local/lib/python3.8/site-packages/airflow/example_dags/example_kubernetes_executor.py
[2026-04-23T04:11:30.680+0000] {processor.py:830} INFO - Processing file /home/airflow/.local/lib/python3.8/site-packages/airflow/example_dags/example_kubernetes_executor.py for tasks to queue
[2026-04-23T04:11:30.682+0000] {logging_mixin.py:188} INFO - [2026-04-23T04:11:30.682+0000] {dagbag.py:538} INFO - Filling up the DagBag from /home/airflow/.local/lib/python3.8/site-packages/airflow/example_dags/example_kubernetes_executor.py
[2026-04-23T04:11:30.700+0000] {processor.py:840} INFO - DAG(s) 'example_kubernetes_executor' retrieved from /home/airflow/.local/lib/python3.8/site-packages/airflow/example_dags/example_kubernetes_executor.py
[2026-04-23T04:11:30.913+0000] {logging_mixin.py:188} INFO - [2026-04-23T04:11:30.912+0000] {dag.py:3036} INFO - Sync 1 DAGs
[2026-04-23T04:11:30.926+0000] {logging_mixin.py:188} INFO - [2026-04-23T04:11:30.926+0000] {dag.py:3823} INFO - Setting next_dagrun for example_kubernetes_executor to None, run_after=None
[2026-04-23T04:11:30.956+0000] {processor.py:183} INFO - Processing /home/airflow/.local/lib/python3.8/site-packages/airflow/example_dags/example_kubernetes_executor.py took 0.281 seconds
[2026-04-23T04:12:01.200+0000] {processor.py:161} INFO - Started process (PID=2768) to work on /home/airflow/.local/lib/python3.8/site-packages/airflow/example_dags/example_kubernetes_executor.py
[2026-04-23T04:12:01.201+0000] {processor.py:830} INFO - Processing file /home/airflow/.local/lib/python3.8/site-packages/airflow/example_dags/example_kubernetes_executor.py for tasks to queue
[2026-04-23T04:12:01.204+0000] {logging_mixin.py:188} INFO - [2026-04-23T04:12:01.203+0000] {dagbag.py:538} INFO - Filling up the DagBag from /home/airflow/.local/lib/python3.8/site-packages/airflow/example_dags/example_kubernetes_executor.py
[2026-04-23T04:12:01.222+0000] {processor.py:840} INFO - DAG(s) 'example_kubernetes_executor' retrieved from /home/airflow/.local/lib/python3.8/site-packages/airflow/example_dags/example_kubernetes_executor.py
[2026-04-23T04:12:01.276+0000] {logging_mixin.py:188} INFO - [2026-04-23T04:12:01.275+0000] {dag.py:3036} INFO - Sync 1 DAGs
[2026-04-23T04:12:01.292+0000] {logging_mixin.py:188} INFO - [2026-04-23T04:12:01.291+0000] {dag.py:3823} INFO - Setting next_dagrun for example_kubernetes_executor to None, run_after=None
[2026-04-23T04:12:01.312+0000] {processor.py:183} INFO - Processing /home/airflow/.local/lib/python3.8/site-packages/airflow/example_dags/example_kubernetes_executor.py took 0.116 seconds
[2026-04-23T04:12:32.244+0000] {processor.py:161} INFO - Started process (PID=2823) to work on /home/airflow/.local/lib/python3.8/site-packages/airflow/example_dags/example_kubernetes_executor.py
[2026-04-23T04:12:32.246+0000] {processor.py:830} INFO - Processing file /home/airflow/.local/lib/python3.8/site-packages/airflow/example_dags/example_kubernetes_executor.py for tasks to queue
[2026-04-23T04:12:32.248+0000] {logging_mixin.py:188} INFO - [2026-04-23T04:12:32.248+0000] {dagbag.py:538} INFO - Filling up the DagBag from /home/airflow/.local/lib/python3.8/site-packages/airflow/example_dags/example_kubernetes_executor.py
[2026-04-23T04:12:32.268+0000] {processor.py:840} INFO - DAG(s) 'example_kubernetes_executor' retrieved from /home/airflow/.local/lib/python3.8/site-packages/airflow/example_dags/example_kubernetes_executor.py
[2026-04-23T04:12:32.319+0000] {logging_mixin.py:188} INFO - [2026-04-23T04:12:32.319+0000] {dag.py:3036} INFO - Sync 1 DAGs
[2026-04-23T04:12:32.336+0000] {logging_mixin.py:188} INFO - [2026-04-23T04:12:32.336+0000] {dag.py:3823} INFO - Setting next_dagrun for example_kubernetes_executor to None, run_after=None
[2026-04-23T04:12:32.360+0000] {processor.py:183} INFO - Processing /home/airflow/.local/lib/python3.8/site-packages/airflow/example_dags/example_kubernetes_executor.py took 0.120 seconds
[2026-04-23T04:13:02.436+0000] {processor.py:161} INFO - Started process (PID=2878) to work on /home/airflow/.local/lib/python3.8/site-packages/airflow/example_dags/example_kubernetes_executor.py
[2026-04-23T04:13:02.437+0000] {processor.py:830} INFO - Processing file /home/airflow/.local/lib/python3.8/site-packages/airflow/example_dags/example_kubernetes_executor.py for tasks to queue
[2026-04-23T04:13:02.440+0000] {logging_mixin.py:188} INFO - [2026-04-23T04:13:02.439+0000] {dagbag.py:538} INFO - Filling up the DagBag from /home/airflow/.local/lib/python3.8/site-packages/airflow/example_dags/example_kubernetes_executor.py
[2026-04-23T04:13:02.458+0000] {processor.py:840} INFO - DAG(s) 'example_kubernetes_executor' retrieved from /home/airflow/.local/lib/python3.8/site-packages/airflow/example_dags/example_kubernetes_executor.py
[2026-04-23T04:13:02.508+0000] {logging_mixin.py:188} INFO - [2026-04-23T04:13:02.507+0000] {dag.py:3036} INFO - Sync 1 DAGs
[2026-04-23T04:13:02.524+0000] {logging_mixin.py:188} INFO - [2026-04-23T04:13:02.523+0000] {dag.py:3823} INFO - Setting next_dagrun for example_kubernetes_executor to None, run_after=None
[2026-04-23T04:13:02.547+0000] {processor.py:183} INFO - Processing /home/airflow/.local/lib/python3.8/site-packages/airflow/example_dags/example_kubernetes_executor.py took 0.115 seconds
[2026-04-23T04:13:33.346+0000] {processor.py:161} INFO - Started process (PID=2933) to work on /home/airflow/.local/lib/python3.8/site-packages/airflow/example_dags/example_kubernetes_executor.py
[2026-04-23T04:13:33.348+0000] {processor.py:830} INFO - Processing file /home/airflow/.local/lib/python3.8/site-packages/airflow/example_dags/example_kubernetes_executor.py for tasks to queue
[2026-04-23T04:13:33.350+0000] {logging_mixin.py:188} INFO - [2026-04-23T04:13:33.349+0000] {dagbag.py:538} INFO - Filling up the DagBag from /home/airflow/.local/lib/python3.8/site-packages/airflow/example_dags/example_kubernetes_executor.py
[2026-04-23T04:13:33.368+0000] {processor.py:840} INFO - DAG(s) 'example_kubernetes_executor' retrieved from /home/airflow/.local/lib/python3.8/site-packages/airflow/example_dags/example_kubernetes_executor.py
[2026-04-23T04:13:33.417+0000] {logging_mixin.py:188} INFO - [2026-04-23T04:13:33.416+0000] {dag.py:3036} INFO - Sync 1 DAGs
[2026-04-23T04:13:33.433+0000] {logging_mixin.py:188} INFO - [2026-04-23T04:13:33.433+0000] {dag.py:3823} INFO - Setting next_dagrun for example_kubernetes_executor to None, run_after=None
[2026-04-23T04:13:33.455+0000] {processor.py:183} INFO - Processing /home/airflow/.local/lib/python3.8/site-packages/airflow/example_dags/example_kubernetes_executor.py took 0.114 seconds
[2026-04-23T04:14:03.702+0000] {processor.py:161} INFO - Started process (PID=2988) to work on /home/airflow/.local/lib/python3.8/site-packages/airflow/example_dags/example_kubernetes_executor.py
[2026-04-23T04:14:03.704+0000] {processor.py:830} INFO - Processing file /home/airflow/.local/lib/python3.8/site-packages/airflow/example_dags/example_kubernetes_executor.py for tasks to queue
[2026-04-23T04:14:03.706+0000] {logging_mixin.py:188} INFO - [2026-04-23T04:14:03.705+0000] {dagbag.py:538} INFO - Filling up the DagBag from /home/airflow/.local/lib/python3.8/site-packages/airflow/example_dags/example_kubernetes_executor.py
[2026-04-23T04:14:03.725+0000] {processor.py:840} INFO - DAG(s) 'example_kubernetes_executor' retrieved from /home/airflow/.local/lib/python3.8/site-packages/airflow/example_dags/example_kubernetes_executor.py
[2026-04-23T04:14:03.777+0000] {logging_mixin.py:188} INFO - [2026-04-23T04:14:03.776+0000] {dag.py:3036} INFO - Sync 1 DAGs
[2026-04-23T04:14:03.796+0000] {logging_mixin.py:188} INFO - [2026-04-23T04:14:03.795+0000] {dag.py:3823} INFO - Setting next_dagrun for example_kubernetes_executor to None, run_after=None
[2026-04-23T04:14:03.819+0000] {processor.py:183} INFO - Processing /home/airflow/.local/lib/python3.8/site-packages/airflow/example_dags/example_kubernetes_executor.py took 0.122 seconds
[2026-04-23T04:28:56.059+0000] {processor.py:161} INFO - Started process (PID=3044) to work on /home/airflow/.local/lib/python3.8/site-packages/airflow/example_dags/example_kubernetes_executor.py
[2026-04-23T04:28:56.061+0000] {processor.py:830} INFO - Processing file /home/airflow/.local/lib/python3.8/site-packages/airflow/example_dags/example_kubernetes_executor.py for tasks to queue
[2026-04-23T04:28:56.064+0000] {logging_mixin.py:188} INFO - [2026-04-23T04:28:56.063+0000] {dagbag.py:538} INFO - Filling up the DagBag from /home/airflow/.local/lib/python3.8/site-packages/airflow/example_dags/example_kubernetes_executor.py
[2026-04-23T04:28:56.086+0000] {processor.py:840} INFO - DAG(s) 'example_kubernetes_executor' retrieved from /home/airflow/.local/lib/python3.8/site-packages/airflow/example_dags/example_kubernetes_executor.py
[2026-04-23T04:28:56.147+0000] {logging_mixin.py:188} INFO - [2026-04-23T04:28:56.147+0000] {dag.py:3036} INFO - Sync 1 DAGs
[2026-04-23T04:28:56.167+0000] {logging_mixin.py:188} INFO - [2026-04-23T04:28:56.167+0000] {dag.py:3823} INFO - Setting next_dagrun for example_kubernetes_executor to None, run_after=None
[2026-04-23T04:28:56.197+0000] {processor.py:183} INFO - Processing /home/airflow/.local/lib/python3.8/site-packages/airflow/example_dags/example_kubernetes_executor.py took 0.144 seconds
[2026-04-23T04:29:26.409+0000] {processor.py:161} INFO - Started process (PID=3099) to work on /home/airflow/.local/lib/python3.8/site-packages/airflow/example_dags/example_kubernetes_executor.py
[2026-04-23T04:29:26.410+0000] {processor.py:830} INFO - Processing file /home/airflow/.local/lib/python3.8/site-packages/airflow/example_dags/example_kubernetes_executor.py for tasks to queue
[2026-04-23T04:29:26.412+0000] {logging_mixin.py:188} INFO - [2026-04-23T04:29:26.412+0000] {dagbag.py:538} INFO - Filling up the DagBag from /home/airflow/.local/lib/python3.8/site-packages/airflow/example_dags/example_kubernetes_executor.py
[2026-04-23T04:29:26.431+0000] {processor.py:840} INFO - DAG(s) 'example_kubernetes_executor' retrieved from /home/airflow/.local/lib/python3.8/site-packages/airflow/example_dags/example_kubernetes_executor.py
[2026-04-23T04:29:26.480+0000] {logging_mixin.py:188} INFO - [2026-04-23T04:29:26.479+0000] {dag.py:3036} INFO - Sync 1 DAGs
[2026-04-23T04:29:26.495+0000] {logging_mixin.py:188} INFO - [2026-04-23T04:29:26.495+0000] {dag.py:3823} INFO - Setting next_dagrun for example_kubernetes_executor to None, run_after=None
[2026-04-23T04:29:26.518+0000] {processor.py:183} INFO - Processing /home/airflow/.local/lib/python3.8/site-packages/airflow/example_dags/example_kubernetes_executor.py took 0.115 seconds
[2026-04-23T04:29:57.087+0000] {processor.py:161} INFO - Started process (PID=3154) to work on /home/airflow/.local/lib/python3.8/site-packages/airflow/example_dags/example_kubernetes_executor.py
[2026-04-23T04:29:57.088+0000] {processor.py:830} INFO - Processing file /home/airflow/.local/lib/python3.8/site-packages/airflow/example_dags/example_kubernetes_executor.py for tasks to queue
[2026-04-23T04:29:57.090+0000] {logging_mixin.py:188} INFO - [2026-04-23T04:29:57.090+0000] {dagbag.py:538} INFO - Filling up the DagBag from /home/airflow/.local/lib/python3.8/site-packages/airflow/example_dags/example_kubernetes_executor.py
[2026-04-23T04:29:57.109+0000] {processor.py:840} INFO - DAG(s) 'example_kubernetes_executor' retrieved from /home/airflow/.local/lib/python3.8/site-packages/airflow/example_dags/example_kubernetes_executor.py
[2026-04-23T04:29:57.159+0000] {logging_mixin.py:188} INFO - [2026-04-23T04:29:57.158+0000] {dag.py:3036} INFO - Sync 1 DAGs
[2026-04-23T04:29:57.175+0000] {logging_mixin.py:188} INFO - [2026-04-23T04:29:57.175+0000] {dag.py:3823} INFO - Setting next_dagrun for example_kubernetes_executor to None, run_after=None
[2026-04-23T04:29:57.198+0000] {processor.py:183} INFO - Processing /home/airflow/.local/lib/python3.8/site-packages/airflow/example_dags/example_kubernetes_executor.py took 0.115 seconds
[2026-04-23T04:30:27.994+0000] {processor.py:161} INFO - Started process (PID=3209) to work on /home/airflow/.local/lib/python3.8/site-packages/airflow/example_dags/example_kubernetes_executor.py
[2026-04-23T04:30:27.995+0000] {processor.py:830} INFO - Processing file /home/airflow/.local/lib/python3.8/site-packages/airflow/example_dags/example_kubernetes_executor.py for tasks to queue
[2026-04-23T04:30:27.996+0000] {logging_mixin.py:188} INFO - [2026-04-23T04:30:27.996+0000] {dagbag.py:538} INFO - Filling up the DagBag from /home/airflow/.local/lib/python3.8/site-packages/airflow/example_dags/example_kubernetes_executor.py
[2026-04-23T04:30:28.005+0000] {processor.py:840} INFO - DAG(s) 'example_kubernetes_executor' retrieved from /home/airflow/.local/lib/python3.8/site-packages/airflow/example_dags/example_kubernetes_executor.py
[2026-04-23T04:30:28.030+0000] {logging_mixin.py:188} INFO - [2026-04-23T04:30:28.030+0000] {dag.py:3036} INFO - Sync 1 DAGs
[2026-04-23T04:30:28.038+0000] {logging_mixin.py:188} INFO - [2026-04-23T04:30:28.038+0000] {dag.py:3823} INFO - Setting next_dagrun for example_kubernetes_executor to None, run_after=None
[2026-04-23T04:30:28.048+0000] {processor.py:183} INFO - Processing /home/airflow/.local/lib/python3.8/site-packages/airflow/example_dags/example_kubernetes_executor.py took 0.056 seconds
[2026-04-23T04:30:58.731+0000] {processor.py:161} INFO - Started process (PID=3264) to work on /home/airflow/.local/lib/python3.8/site-packages/airflow/example_dags/example_kubernetes_executor.py
[2026-04-23T04:30:58.732+0000] {processor.py:830} INFO - Processing file /home/airflow/.local/lib/python3.8/site-packages/airflow/example_dags/example_kubernetes_executor.py for tasks to queue
[2026-04-23T04:30:58.733+0000] {logging_mixin.py:188} INFO - [2026-04-23T04:30:58.733+0000] {dagbag.py:538} INFO - Filling up the DagBag from /home/airflow/.local/lib/python3.8/site-packages/airflow/example_dags/example_kubernetes_executor.py
[2026-04-23T04:30:58.741+0000] {processor.py:840} INFO - DAG(s) 'example_kubernetes_executor' retrieved from /home/airflow/.local/lib/python3.8/site-packages/airflow/example_dags/example_kubernetes_executor.py
[2026-04-23T04:30:58.765+0000] {logging_mixin.py:188} INFO - [2026-04-23T04:30:58.765+0000] {dag.py:3036} INFO - Sync 1 DAGs
[2026-04-23T04:30:58.774+0000] {logging_mixin.py:188} INFO - [2026-04-23T04:30:58.774+0000] {dag.py:3823} INFO - Setting next_dagrun for example_kubernetes_executor to None, run_after=None
[2026-04-23T04:30:58.784+0000] {processor.py:183} INFO - Processing /home/airflow/.local/lib/python3.8/site-packages/airflow/example_dags/example_kubernetes_executor.py took 0.054 seconds
[2026-04-23T04:31:29.489+0000] {processor.py:161} INFO - Started process (PID=3319) to work on /home/airflow/.local/lib/python3.8/site-packages/airflow/example_dags/example_kubernetes_executor.py
[2026-04-23T04:31:29.489+0000] {processor.py:830} INFO - Processing file /home/airflow/.local/lib/python3.8/site-packages/airflow/example_dags/example_kubernetes_executor.py for tasks to queue
[2026-04-23T04:31:29.490+0000] {logging_mixin.py:188} INFO - [2026-04-23T04:31:29.490+0000] {dagbag.py:538} INFO - Filling up the DagBag from /home/airflow/.local/lib/python3.8/site-packages/airflow/example_dags/example_kubernetes_executor.py
[2026-04-23T04:31:29.499+0000] {processor.py:840} INFO - DAG(s) 'example_kubernetes_executor' retrieved from /home/airflow/.local/lib/python3.8/site-packages/airflow/example_dags/example_kubernetes_executor.py
[2026-04-23T04:31:29.522+0000] {logging_mixin.py:188} INFO - [2026-04-23T04:31:29.522+0000] {dag.py:3036} INFO - Sync 1 DAGs
[2026-04-23T04:31:29.529+0000] {logging_mixin.py:188} INFO - [2026-04-23T04:31:29.529+0000] {dag.py:3823} INFO - Setting next_dagrun for example_kubernetes_executor to None, run_after=None
[2026-04-23T04:31:29.540+0000] {processor.py:183} INFO - Processing /home/airflow/.local/lib/python3.8/site-packages/airflow/example_dags/example_kubernetes_executor.py took 0.053 seconds
[2026-04-23T04:32:00.191+0000] {processor.py:161} INFO - Started process (PID=3374) to work on /home/airflow/.local/lib/python3.8/site-packages/airflow/example_dags/example_kubernetes_executor.py
[2026-04-23T04:32:00.192+0000] {processor.py:830} INFO - Processing file /home/airflow/.local/lib/python3.8/site-packages/airflow/example_dags/example_kubernetes_executor.py for tasks to queue
[2026-04-23T04:32:00.193+0000] {logging_mixin.py:188} INFO - [2026-04-23T04:32:00.193+0000] {dagbag.py:538} INFO - Filling up the DagBag from /home/airflow/.local/lib/python3.8/site-packages/airflow/example_dags/example_kubernetes_executor.py
[2026-04-23T04:32:00.202+0000] {processor.py:840} INFO - DAG(s) 'example_kubernetes_executor' retrieved from /home/airflow/.local/lib/python3.8/site-packages/airflow/example_dags/example_kubernetes_executor.py
[2026-04-23T04:32:00.226+0000] {logging_mixin.py:188} INFO - [2026-04-23T04:32:00.225+0000] {dag.py:3036} INFO - Sync 1 DAGs
[2026-04-23T04:32:00.233+0000] {logging_mixin.py:188} INFO - [2026-04-23T04:32:00.233+0000] {dag.py:3823} INFO - Setting next_dagrun for example_kubernetes_executor to None, run_after=None
[2026-04-23T04:32:00.243+0000] {processor.py:183} INFO - Processing /home/airflow/.local/lib/python3.8/site-packages/airflow/example_dags/example_kubernetes_executor.py took 0.054 seconds
[2026-04-23T04:32:30.946+0000] {processor.py:161} INFO - Started process (PID=3429) to work on /home/airflow/.local/lib/python3.8/site-packages/airflow/example_dags/example_kubernetes_executor.py
[2026-04-23T04:32:30.947+0000] {processor.py:830} INFO - Processing file /home/airflow/.local/lib/python3.8/site-packages/airflow/example_dags/example_kubernetes_executor.py for tasks to queue
[2026-04-23T04:32:30.948+0000] {logging_mixin.py:188} INFO - [2026-04-23T04:32:30.948+0000] {dagbag.py:538} INFO - Filling up the DagBag from /home/airflow/.local/lib/python3.8/site-packages/airflow/example_dags/example_kubernetes_executor.py
[2026-04-23T04:32:30.957+0000] {processor.py:840} INFO - DAG(s) 'example_kubernetes_executor' retrieved from /home/airflow/.local/lib/python3.8/site-packages/airflow/example_dags/example_kubernetes_executor.py
[2026-04-23T04:32:30.981+0000] {logging_mixin.py:188} INFO - [2026-04-23T04:32:30.981+0000] {dag.py:3036} INFO - Sync 1 DAGs
[2026-04-23T04:32:30.989+0000] {logging_mixin.py:188} INFO - [2026-04-23T04:32:30.989+0000] {dag.py:3823} INFO - Setting next_dagrun for example_kubernetes_executor to None, run_after=None
[2026-04-23T04:32:30.999+0000] {processor.py:183} INFO - Processing /home/airflow/.local/lib/python3.8/site-packages/airflow/example_dags/example_kubernetes_executor.py took 0.055 seconds
[2026-04-23T04:33:01.671+0000] {processor.py:161} INFO - Started process (PID=3484) to work on /home/airflow/.local/lib/python3.8/site-packages/airflow/example_dags/example_kubernetes_executor.py
[2026-04-23T04:33:01.671+0000] {processor.py:830} INFO - Processing file /home/airflow/.local/lib/python3.8/site-packages/airflow/example_dags/example_kubernetes_executor.py for tasks to queue
[2026-04-23T04:33:01.672+0000] {logging_mixin.py:188} INFO - [2026-04-23T04:33:01.672+0000] {dagbag.py:538} INFO - Filling up the DagBag from /home/airflow/.local/lib/python3.8/site-packages/airflow/example_dags/example_kubernetes_executor.py
[2026-04-23T04:33:01.681+0000] {processor.py:840} INFO - DAG(s) 'example_kubernetes_executor' retrieved from /home/airflow/.local/lib/python3.8/site-packages/airflow/example_dags/example_kubernetes_executor.py
[2026-04-23T04:33:01.705+0000] {logging_mixin.py:188} INFO - [2026-04-23T04:33:01.705+0000] {dag.py:3036} INFO - Sync 1 DAGs
[2026-04-23T04:33:01.713+0000] {logging_mixin.py:188} INFO - [2026-04-23T04:33:01.712+0000] {dag.py:3823} INFO - Setting next_dagrun for example_kubernetes_executor to None, run_after=None
[2026-04-23T04:33:01.722+0000] {processor.py:183} INFO - Processing /home/airflow/.local/lib/python3.8/site-packages/airflow/example_dags/example_kubernetes_executor.py took 0.054 seconds
[2026-04-23T04:33:32.379+0000] {processor.py:161} INFO - Started process (PID=3539) to work on /home/airflow/.local/lib/python3.8/site-packages/airflow/example_dags/example_kubernetes_executor.py
[2026-04-23T04:33:32.380+0000] {processor.py:830} INFO - Processing file /home/airflow/.local/lib/python3.8/site-packages/airflow/example_dags/example_kubernetes_executor.py for tasks to queue
[2026-04-23T04:33:32.381+0000] {logging_mixin.py:188} INFO - [2026-04-23T04:33:32.381+0000] {dagbag.py:538} INFO - Filling up the DagBag from /home/airflow/.local/lib/python3.8/site-packages/airflow/example_dags/example_kubernetes_executor.py
[2026-04-23T04:33:32.390+0000] {processor.py:840} INFO - DAG(s) 'example_kubernetes_executor' retrieved from /home/airflow/.local/lib/python3.8/site-packages/airflow/example_dags/example_kubernetes_executor.py
[2026-04-23T04:33:32.415+0000] {logging_mixin.py:188} INFO - [2026-04-23T04:33:32.415+0000] {dag.py:3036} INFO - Sync 1 DAGs
[2026-04-23T04:33:32.423+0000] {logging_mixin.py:188} INFO - [2026-04-23T04:33:32.423+0000] {dag.py:3823} INFO - Setting next_dagrun for example_kubernetes_executor to None, run_after=None
[2026-04-23T04:33:32.433+0000] {processor.py:183} INFO - Processing /home/airflow/.local/lib/python3.8/site-packages/airflow/example_dags/example_kubernetes_executor.py took 0.056 seconds
[2026-04-23T04:34:03.187+0000] {processor.py:161} INFO - Started process (PID=3594) to work on /home/airflow/.local/lib/python3.8/site-packages/airflow/example_dags/example_kubernetes_executor.py
[2026-04-23T04:34:03.187+0000] {processor.py:830} INFO - Processing file /home/airflow/.local/lib/python3.8/site-packages/airflow/example_dags/example_kubernetes_executor.py for tasks to queue
[2026-04-23T04:34:03.188+0000] {logging_mixin.py:188} INFO - [2026-04-23T04:34:03.188+0000] {dagbag.py:538} INFO - Filling up the DagBag from /home/airflow/.local/lib/python3.8/site-packages/airflow/example_dags/example_kubernetes_executor.py
[2026-04-23T04:34:03.197+0000] {processor.py:840} INFO - DAG(s) 'example_kubernetes_executor' retrieved from /home/airflow/.local/lib/python3.8/site-packages/airflow/example_dags/example_kubernetes_executor.py
[2026-04-23T04:34:03.220+0000] {logging_mixin.py:188} INFO - [2026-04-23T04:34:03.219+0000] {dag.py:3036} INFO - Sync 1 DAGs
[2026-04-23T04:34:03.228+0000] {logging_mixin.py:188} INFO - [2026-04-23T04:34:03.228+0000] {dag.py:3823} INFO - Setting next_dagrun for example_kubernetes_executor to None, run_after=None
[2026-04-23T04:34:03.238+0000] {processor.py:183} INFO - Processing /home/airflow/.local/lib/python3.8/site-packages/airflow/example_dags/example_kubernetes_executor.py took 0.054 seconds
[2026-04-23T04:34:33.874+0000] {processor.py:161} INFO - Started process (PID=3649) to work on /home/airflow/.local/lib/python3.8/site-packages/airflow/example_dags/example_kubernetes_executor.py
[2026-04-23T04:34:33.874+0000] {processor.py:830} INFO - Processing file /home/airflow/.local/lib/python3.8/site-packages/airflow/example_dags/example_kubernetes_executor.py for tasks to queue
[2026-04-23T04:34:33.875+0000] {logging_mixin.py:188} INFO - [2026-04-23T04:34:33.875+0000] {dagbag.py:538} INFO - Filling up the DagBag from /home/airflow/.local/lib/python3.8/site-packages/airflow/example_dags/example_kubernetes_executor.py
[2026-04-23T04:34:33.884+0000] {processor.py:840} INFO - DAG(s) 'example_kubernetes_executor' retrieved from /home/airflow/.local/lib/python3.8/site-packages/airflow/example_dags/example_kubernetes_executor.py
[2026-04-23T04:34:33.908+0000] {logging_mixin.py:188} INFO - [2026-04-23T04:34:33.907+0000] {dag.py:3036} INFO - Sync 1 DAGs
[2026-04-23T04:34:33.915+0000] {logging_mixin.py:188} INFO - [2026-04-23T04:34:33.915+0000] {dag.py:3823} INFO - Setting next_dagrun for example_kubernetes_executor to None, run_after=None
[2026-04-23T04:34:33.926+0000] {processor.py:183} INFO - Processing /home/airflow/.local/lib/python3.8/site-packages/airflow/example_dags/example_kubernetes_executor.py took 0.055 seconds
[2026-04-23T04:35:04.599+0000] {processor.py:161} INFO - Started process (PID=3704) to work on /home/airflow/.local/lib/python3.8/site-packages/airflow/example_dags/example_kubernetes_executor.py
[2026-04-23T04:35:04.599+0000] {processor.py:830} INFO - Processing file /home/airflow/.local/lib/python3.8/site-packages/airflow/example_dags/example_kubernetes_executor.py for tasks to queue
[2026-04-23T04:35:04.600+0000] {logging_mixin.py:188} INFO - [2026-04-23T04:35:04.600+0000] {dagbag.py:538} INFO - Filling up the DagBag from /home/airflow/.local/lib/python3.8/site-packages/airflow/example_dags/example_kubernetes_executor.py
[2026-04-23T04:35:04.609+0000] {processor.py:840} INFO - DAG(s) 'example_kubernetes_executor' retrieved from /home/airflow/.local/lib/python3.8/site-packages/airflow/example_dags/example_kubernetes_executor.py
[2026-04-23T04:35:04.633+0000] {logging_mixin.py:188} INFO - [2026-04-23T04:35:04.633+0000] {dag.py:3036} INFO - Sync 1 DAGs
[2026-04-23T04:35:04.641+0000] {logging_mixin.py:188} INFO - [2026-04-23T04:35:04.641+0000] {dag.py:3823} INFO - Setting next_dagrun for example_kubernetes_executor to None, run_after=None
[2026-04-23T04:35:04.652+0000] {processor.py:183} INFO - Processing /home/airflow/.local/lib/python3.8/site-packages/airflow/example_dags/example_kubernetes_executor.py took 0.055 seconds
[2026-04-23T04:35:35.450+0000] {processor.py:161} INFO - Started process (PID=3759) to work on /home/airflow/.local/lib/python3.8/site-packages/airflow/example_dags/example_kubernetes_executor.py
[2026-04-23T04:35:35.451+0000] {processor.py:830} INFO - Processing file /home/airflow/.local/lib/python3.8/site-packages/airflow/example_dags/example_kubernetes_executor.py for tasks to queue
[2026-04-23T04:35:35.452+0000] {logging_mixin.py:188} INFO - [2026-04-23T04:35:35.452+0000] {dagbag.py:538} INFO - Filling up the DagBag from /home/airflow/.local/lib/python3.8/site-packages/airflow/example_dags/example_kubernetes_executor.py
[2026-04-23T04:35:35.461+0000] {processor.py:840} INFO - DAG(s) 'example_kubernetes_executor' retrieved from /home/airflow/.local/lib/python3.8/site-packages/airflow/example_dags/example_kubernetes_executor.py
[2026-04-23T04:35:35.485+0000] {logging_mixin.py:188} INFO - [2026-04-23T04:35:35.484+0000] {dag.py:3036} INFO - Sync 1 DAGs
[2026-04-23T04:35:35.492+0000] {logging_mixin.py:188} INFO - [2026-04-23T04:35:35.492+0000] {dag.py:3823} INFO - Setting next_dagrun for example_kubernetes_executor to None, run_after=None
[2026-04-23T04:35:35.502+0000] {processor.py:183} INFO - Processing /home/airflow/.local/lib/python3.8/site-packages/airflow/example_dags/example_kubernetes_executor.py took 0.054 seconds
[2026-04-23T04:36:06.161+0000] {processor.py:161} INFO - Started process (PID=3814) to work on /home/airflow/.local/lib/python3.8/site-packages/airflow/example_dags/example_kubernetes_executor.py
[2026-04-23T04:36:06.161+0000] {processor.py:830} INFO - Processing file /home/airflow/.local/lib/python3.8/site-packages/airflow/example_dags/example_kubernetes_executor.py for tasks to queue
[2026-04-23T04:36:06.163+0000] {logging_mixin.py:188} INFO - [2026-04-23T04:36:06.162+0000] {dagbag.py:538} INFO - Filling up the DagBag from /home/airflow/.local/lib/python3.8/site-packages/airflow/example_dags/example_kubernetes_executor.py
[2026-04-23T04:36:06.172+0000] {processor.py:840} INFO - DAG(s) 'example_kubernetes_executor' retrieved from /home/airflow/.local/lib/python3.8/site-packages/airflow/example_dags/example_kubernetes_executor.py
[2026-04-23T04:36:06.197+0000] {logging_mixin.py:188} INFO - [2026-04-23T04:36:06.197+0000] {dag.py:3036} INFO - Sync 1 DAGs
[2026-04-23T04:36:06.205+0000] {logging_mixin.py:188} INFO - [2026-04-23T04:36:06.205+0000] {dag.py:3823} INFO - Setting next_dagrun for example_kubernetes_executor to None, run_after=None
[2026-04-23T04:36:06.215+0000] {processor.py:183} INFO - Processing /home/airflow/.local/lib/python3.8/site-packages/airflow/example_dags/example_kubernetes_executor.py took 0.057 seconds
[2026-04-23T04:36:37.021+0000] {processor.py:161} INFO - Started process (PID=3869) to work on /home/airflow/.local/lib/python3.8/site-packages/airflow/example_dags/example_kubernetes_executor.py
[2026-04-23T04:36:37.022+0000] {processor.py:830} INFO - Processing file /home/airflow/.local/lib/python3.8/site-packages/airflow/example_dags/example_kubernetes_executor.py for tasks to queue
[2026-04-23T04:36:37.023+0000] {logging_mixin.py:188} INFO - [2026-04-23T04:36:37.023+0000] {dagbag.py:538} INFO - Filling up the DagBag from /home/airflow/.local/lib/python3.8/site-packages/airflow/example_dags/example_kubernetes_executor.py
[2026-04-23T04:36:37.032+0000] {processor.py:840} INFO - DAG(s) 'example_kubernetes_executor' retrieved from /home/airflow/.local/lib/python3.8/site-packages/airflow/example_dags/example_kubernetes_executor.py
[2026-04-23T04:36:37.057+0000] {logging_mixin.py:188} INFO - [2026-04-23T04:36:37.057+0000] {dag.py:3036} INFO - Sync 1 DAGs
[2026-04-23T04:36:37.065+0000] {logging_mixin.py:188} INFO - [2026-04-23T04:36:37.065+0000] {dag.py:3823} INFO - Setting next_dagrun for example_kubernetes_executor to None, run_after=None
[2026-04-23T04:36:37.075+0000] {processor.py:183} INFO - Processing /home/airflow/.local/lib/python3.8/site-packages/airflow/example_dags/example_kubernetes_executor.py took 0.056 seconds
[2026-04-23T04:37:07.737+0000] {processor.py:161} INFO - Started process (PID=3924) to work on /home/airflow/.local/lib/python3.8/site-packages/airflow/example_dags/example_kubernetes_executor.py
[2026-04-23T04:37:07.738+0000] {processor.py:830} INFO - Processing file /home/airflow/.local/lib/python3.8/site-packages/airflow/example_dags/example_kubernetes_executor.py for tasks to queue
[2026-04-23T04:37:07.739+0000] {logging_mixin.py:188} INFO - [2026-04-23T04:37:07.739+0000] {dagbag.py:538} INFO - Filling up the DagBag from /home/airflow/.local/lib/python3.8/site-packages/airflow/example_dags/example_kubernetes_executor.py
[2026-04-23T04:37:07.747+0000] {processor.py:840} INFO - DAG(s) 'example_kubernetes_executor' retrieved from /home/airflow/.local/lib/python3.8/site-packages/airflow/example_dags/example_kubernetes_executor.py
[2026-04-23T04:37:07.771+0000] {logging_mixin.py:188} INFO - [2026-04-23T04:37:07.771+0000] {dag.py:3036} INFO - Sync 1 DAGs
[2026-04-23T04:37:07.780+0000] {logging_mixin.py:188} INFO - [2026-04-23T04:37:07.780+0000] {dag.py:3823} INFO - Setting next_dagrun for example_kubernetes_executor to None, run_after=None
[2026-04-23T04:37:07.790+0000] {processor.py:183} INFO - Processing /home/airflow/.local/lib/python3.8/site-packages/airflow/example_dags/example_kubernetes_executor.py took 0.056 seconds
[2026-04-23T04:37:37.989+0000] {processor.py:161} INFO - Started process (PID=3979) to work on /home/airflow/.local/lib/python3.8/site-packages/airflow/example_dags/example_kubernetes_executor.py
[2026-04-23T04:37:37.989+0000] {processor.py:830} INFO - Processing file /home/airflow/.local/lib/python3.8/site-packages/airflow/example_dags/example_kubernetes_executor.py for tasks to queue
[2026-04-23T04:37:37.990+0000] {logging_mixin.py:188} INFO - [2026-04-23T04:37:37.990+0000] {dagbag.py:538} INFO - Filling up the DagBag from /home/airflow/.local/lib/python3.8/site-packages/airflow/example_dags/example_kubernetes_executor.py
[2026-04-23T04:37:37.999+0000] {processor.py:840} INFO - DAG(s) 'example_kubernetes_executor' retrieved from /home/airflow/.local/lib/python3.8/site-packages/airflow/example_dags/example_kubernetes_executor.py
[2026-04-23T04:37:38.025+0000] {logging_mixin.py:188} INFO - [2026-04-23T04:37:38.024+0000] {dag.py:3036} INFO - Sync 1 DAGs
[2026-04-23T04:37:38.032+0000] {logging_mixin.py:188} INFO - [2026-04-23T04:37:38.032+0000] {dag.py:3823} INFO - Setting next_dagrun for example_kubernetes_executor to None, run_after=None
[2026-04-23T04:37:38.044+0000] {processor.py:183} INFO - Processing /home/airflow/.local/lib/python3.8/site-packages/airflow/example_dags/example_kubernetes_executor.py took 0.057 seconds
[2026-04-23T04:38:08.979+0000] {processor.py:161} INFO - Started process (PID=4034) to work on /home/airflow/.local/lib/python3.8/site-packages/airflow/example_dags/example_kubernetes_executor.py
[2026-04-23T04:38:08.980+0000] {processor.py:830} INFO - Processing file /home/airflow/.local/lib/python3.8/site-packages/airflow/example_dags/example_kubernetes_executor.py for tasks to queue
[2026-04-23T04:38:08.981+0000] {logging_mixin.py:188} INFO - [2026-04-23T04:38:08.981+0000] {dagbag.py:538} INFO - Filling up the DagBag from /home/airflow/.local/lib/python3.8/site-packages/airflow/example_dags/example_kubernetes_executor.py
[2026-04-23T04:38:08.990+0000] {processor.py:840} INFO - DAG(s) 'example_kubernetes_executor' retrieved from /home/airflow/.local/lib/python3.8/site-packages/airflow/example_dags/example_kubernetes_executor.py
[2026-04-23T04:38:09.014+0000] {logging_mixin.py:188} INFO - [2026-04-23T04:38:09.014+0000] {dag.py:3036} INFO - Sync 1 DAGs
[2026-04-23T04:38:09.022+0000] {logging_mixin.py:188} INFO - [2026-04-23T04:38:09.021+0000] {dag.py:3823} INFO - Setting next_dagrun for example_kubernetes_executor to None, run_after=None
[2026-04-23T04:38:09.031+0000] {processor.py:183} INFO - Processing /home/airflow/.local/lib/python3.8/site-packages/airflow/example_dags/example_kubernetes_executor.py took 0.055 seconds
[2026-04-23T04:38:39.705+0000] {processor.py:161} INFO - Started process (PID=4089) to work on /home/airflow/.local/lib/python3.8/site-packages/airflow/example_dags/example_kubernetes_executor.py
[2026-04-23T04:38:39.706+0000] {processor.py:830} INFO - Processing file /home/airflow/.local/lib/python3.8/site-packages/airflow/example_dags/example_kubernetes_executor.py for tasks to queue
[2026-04-23T04:38:39.707+0000] {logging_mixin.py:188} INFO - [2026-04-23T04:38:39.707+0000] {dagbag.py:538} INFO - Filling up the DagBag from /home/airflow/.local/lib/python3.8/site-packages/airflow/example_dags/example_kubernetes_executor.py
[2026-04-23T04:38:39.716+0000] {processor.py:840} INFO - DAG(s) 'example_kubernetes_executor' retrieved from /home/airflow/.local/lib/python3.8/site-packages/airflow/example_dags/example_kubernetes_executor.py
[2026-04-23T04:38:39.742+0000] {logging_mixin.py:188} INFO - [2026-04-23T04:38:39.741+0000] {dag.py:3036} INFO - Sync 1 DAGs
[2026-04-23T04:38:39.750+0000] {logging_mixin.py:188} INFO - [2026-04-23T04:38:39.750+0000] {dag.py:3823} INFO - Setting next_dagrun for example_kubernetes_executor to None, run_after=None
[2026-04-23T04:38:39.761+0000] {processor.py:183} INFO - Processing /home/airflow/.local/lib/python3.8/site-packages/airflow/example_dags/example_kubernetes_executor.py took 0.058 seconds
[2026-04-23T04:39:10.486+0000] {processor.py:161} INFO - Started process (PID=4144) to work on /home/airflow/.local/lib/python3.8/site-packages/airflow/example_dags/example_kubernetes_executor.py
[2026-04-23T04:39:10.487+0000] {processor.py:830} INFO - Processing file /home/airflow/.local/lib/python3.8/site-packages/airflow/example_dags/example_kubernetes_executor.py for tasks to queue
[2026-04-23T04:39:10.488+0000] {logging_mixin.py:188} INFO - [2026-04-23T04:39:10.488+0000] {dagbag.py:538} INFO - Filling up the DagBag from /home/airflow/.local/lib/python3.8/site-packages/airflow/example_dags/example_kubernetes_executor.py
[2026-04-23T04:39:10.497+0000] {processor.py:840} INFO - DAG(s) 'example_kubernetes_executor' retrieved from /home/airflow/.local/lib/python3.8/site-packages/airflow/example_dags/example_kubernetes_executor.py
[2026-04-23T04:39:10.523+0000] {logging_mixin.py:188} INFO - [2026-04-23T04:39:10.522+0000] {dag.py:3036} INFO - Sync 1 DAGs
[2026-04-23T04:39:10.531+0000] {logging_mixin.py:188} INFO - [2026-04-23T04:39:10.531+0000] {dag.py:3823} INFO - Setting next_dagrun for example_kubernetes_executor to None, run_after=None
[2026-04-23T04:39:10.542+0000] {processor.py:183} INFO - Processing /home/airflow/.local/lib/python3.8/site-packages/airflow/example_dags/example_kubernetes_executor.py took 0.058 seconds
[2026-04-23T04:39:41.274+0000] {processor.py:161} INFO - Started process (PID=4199) to work on /home/airflow/.local/lib/python3.8/site-packages/airflow/example_dags/example_kubernetes_executor.py
[2026-04-23T04:39:41.275+0000] {processor.py:830} INFO - Processing file /home/airflow/.local/lib/python3.8/site-packages/airflow/example_dags/example_kubernetes_executor.py for tasks to queue
[2026-04-23T04:39:41.276+0000] {logging_mixin.py:188} INFO - [2026-04-23T04:39:41.276+0000] {dagbag.py:538} INFO - Filling up the DagBag from /home/airflow/.local/lib/python3.8/site-packages/airflow/example_dags/example_kubernetes_executor.py
[2026-04-23T04:39:41.285+0000] {processor.py:840} INFO - DAG(s) 'example_kubernetes_executor' retrieved from /home/airflow/.local/lib/python3.8/site-packages/airflow/example_dags/example_kubernetes_executor.py
[2026-04-23T04:39:41.308+0000] {logging_mixin.py:188} INFO - [2026-04-23T04:39:41.308+0000] {dag.py:3036} INFO - Sync 1 DAGs
[2026-04-23T04:39:41.316+0000] {logging_mixin.py:188} INFO - [2026-04-23T04:39:41.316+0000] {dag.py:3823} INFO - Setting next_dagrun for example_kubernetes_executor to None, run_after=None
[2026-04-23T04:39:41.326+0000] {processor.py:183} INFO - Processing /home/airflow/.local/lib/python3.8/site-packages/airflow/example_dags/example_kubernetes_executor.py took 0.054 seconds
[2026-04-23T04:40:12.121+0000] {processor.py:161} INFO - Started process (PID=4254) to work on /home/airflow/.local/lib/python3.8/site-packages/airflow/example_dags/example_kubernetes_executor.py
[2026-04-23T04:40:12.121+0000] {processor.py:830} INFO - Processing file /home/airflow/.local/lib/python3.8/site-packages/airflow/example_dags/example_kubernetes_executor.py for tasks to queue
[2026-04-23T04:40:12.123+0000] {logging_mixin.py:188} INFO - [2026-04-23T04:40:12.122+0000] {dagbag.py:538} INFO - Filling up the DagBag from /home/airflow/.local/lib/python3.8/site-packages/airflow/example_dags/example_kubernetes_executor.py
[2026-04-23T04:40:12.131+0000] {processor.py:840} INFO - DAG(s) 'example_kubernetes_executor' retrieved from /home/airflow/.local/lib/python3.8/site-packages/airflow/example_dags/example_kubernetes_executor.py
[2026-04-23T04:40:12.154+0000] {logging_mixin.py:188} INFO - [2026-04-23T04:40:12.154+0000] {dag.py:3036} INFO - Sync 1 DAGs
[2026-04-23T04:40:12.162+0000] {logging_mixin.py:188} INFO - [2026-04-23T04:40:12.162+0000] {dag.py:3823} INFO - Setting next_dagrun for example_kubernetes_executor to None, run_after=None
[2026-04-23T04:40:12.172+0000] {processor.py:183} INFO - Processing /home/airflow/.local/lib/python3.8/site-packages/airflow/example_dags/example_kubernetes_executor.py took 0.053 seconds
[2026-04-23T04:40:42.765+0000] {processor.py:161} INFO - Started process (PID=4309) to work on /home/airflow/.local/lib/python3.8/site-packages/airflow/example_dags/example_kubernetes_executor.py
[2026-04-23T04:40:42.766+0000] {processor.py:830} INFO - Processing file /home/airflow/.local/lib/python3.8/site-packages/airflow/example_dags/example_kubernetes_executor.py for tasks to queue
[2026-04-23T04:40:42.767+0000] {logging_mixin.py:188} INFO - [2026-04-23T04:40:42.767+0000] {dagbag.py:538} INFO - Filling up the DagBag from /home/airflow/.local/lib/python3.8/site-packages/airflow/example_dags/example_kubernetes_executor.py
[2026-04-23T04:40:42.776+0000] {processor.py:840} INFO - DAG(s) 'example_kubernetes_executor' retrieved from /home/airflow/.local/lib/python3.8/site-packages/airflow/example_dags/example_kubernetes_executor.py
[2026-04-23T04:40:42.800+0000] {logging_mixin.py:188} INFO - [2026-04-23T04:40:42.800+0000] {dag.py:3036} INFO - Sync 1 DAGs
[2026-04-23T04:40:42.808+0000] {logging_mixin.py:188} INFO - [2026-04-23T04:40:42.808+0000] {dag.py:3823} INFO - Setting next_dagrun for example_kubernetes_executor to None, run_after=None
[2026-04-23T04:40:42.818+0000] {processor.py:183} INFO - Processing /home/airflow/.local/lib/python3.8/site-packages/airflow/example_dags/example_kubernetes_executor.py took 0.055 seconds
[2026-04-23T04:41:13.623+0000] {processor.py:161} INFO - Started process (PID=4364) to work on /home/airflow/.local/lib/python3.8/site-packages/airflow/example_dags/example_kubernetes_executor.py
[2026-04-23T04:41:13.624+0000] {processor.py:830} INFO - Processing file /home/airflow/.local/lib/python3.8/site-packages/airflow/example_dags/example_kubernetes_executor.py for tasks to queue
[2026-04-23T04:41:13.625+0000] {logging_mixin.py:188} INFO - [2026-04-23T04:41:13.625+0000] {dagbag.py:538} INFO - Filling up the DagBag from /home/airflow/.local/lib/python3.8/site-packages/airflow/example_dags/example_kubernetes_executor.py
[2026-04-23T04:41:13.635+0000] {processor.py:840} INFO - DAG(s) 'example_kubernetes_executor' retrieved from /home/airflow/.local/lib/python3.8/site-packages/airflow/example_dags/example_kubernetes_executor.py
[2026-04-23T04:41:13.661+0000] {logging_mixin.py:188} INFO - [2026-04-23T04:41:13.661+0000] {dag.py:3036} INFO - Sync 1 DAGs
[2026-04-23T04:41:13.670+0000] {logging_mixin.py:188} INFO - [2026-04-23T04:41:13.670+0000] {dag.py:3823} INFO - Setting next_dagrun for example_kubernetes_executor to None, run_after=None
[2026-04-23T04:41:13.683+0000] {processor.py:183} INFO - Processing /home/airflow/.local/lib/python3.8/site-packages/airflow/example_dags/example_kubernetes_executor.py took 0.063 seconds
[2026-04-23T04:41:44.459+0000] {processor.py:161} INFO - Started process (PID=4419) to work on /home/airflow/.local/lib/python3.8/site-packages/airflow/example_dags/example_kubernetes_executor.py
[2026-04-23T04:41:44.460+0000] {processor.py:830} INFO - Processing file /home/airflow/.local/lib/python3.8/site-packages/airflow/example_dags/example_kubernetes_executor.py for tasks to queue
[2026-04-23T04:41:44.461+0000] {logging_mixin.py:188} INFO - [2026-04-23T04:41:44.461+0000] {dagbag.py:538} INFO - Filling up the DagBag from /home/airflow/.local/lib/python3.8/site-packages/airflow/example_dags/example_kubernetes_executor.py
[2026-04-23T04:41:44.470+0000] {processor.py:840} INFO - DAG(s) 'example_kubernetes_executor' retrieved from /home/airflow/.local/lib/python3.8/site-packages/airflow/example_dags/example_kubernetes_executor.py
[2026-04-23T04:41:44.494+0000] {logging_mixin.py:188} INFO - [2026-04-23T04:41:44.494+0000] {dag.py:3036} INFO - Sync 1 DAGs
[2026-04-23T04:41:44.502+0000] {logging_mixin.py:188} INFO - [2026-04-23T04:41:44.502+0000] {dag.py:3823} INFO - Setting next_dagrun for example_kubernetes_executor to None, run_after=None
[2026-04-23T04:41:44.512+0000] {processor.py:183} INFO - Processing /home/airflow/.local/lib/python3.8/site-packages/airflow/example_dags/example_kubernetes_executor.py took 0.056 seconds
[2026-04-23T04:42:15.153+0000] {processor.py:161} INFO - Started process (PID=4474) to work on /home/airflow/.local/lib/python3.8/site-packages/airflow/example_dags/example_kubernetes_executor.py
[2026-04-23T04:42:15.153+0000] {processor.py:830} INFO - Processing file /home/airflow/.local/lib/python3.8/site-packages/airflow/example_dags/example_kubernetes_executor.py for tasks to queue
[2026-04-23T04:42:15.155+0000] {logging_mixin.py:188} INFO - [2026-04-23T04:42:15.155+0000] {dagbag.py:538} INFO - Filling up the DagBag from /home/airflow/.local/lib/python3.8/site-packages/airflow/example_dags/example_kubernetes_executor.py
[2026-04-23T04:42:15.163+0000] {processor.py:840} INFO - DAG(s) 'example_kubernetes_executor' retrieved from /home/airflow/.local/lib/python3.8/site-packages/airflow/example_dags/example_kubernetes_executor.py
[2026-04-23T04:42:15.187+0000] {logging_mixin.py:188} INFO - [2026-04-23T04:42:15.187+0000] {dag.py:3036} INFO - Sync 1 DAGs
[2026-04-23T04:42:15.195+0000] {logging_mixin.py:188} INFO - [2026-04-23T04:42:15.195+0000] {dag.py:3823} INFO - Setting next_dagrun for example_kubernetes_executor to None, run_after=None
[2026-04-23T04:42:15.206+0000] {processor.py:183} INFO - Processing /home/airflow/.local/lib/python3.8/site-packages/airflow/example_dags/example_kubernetes_executor.py took 0.055 seconds
[2026-04-23T04:42:45.886+0000] {processor.py:161} INFO - Started process (PID=4529) to work on /home/airflow/.local/lib/python3.8/site-packages/airflow/example_dags/example_kubernetes_executor.py
[2026-04-23T04:42:45.887+0000] {processor.py:830} INFO - Processing file /home/airflow/.local/lib/python3.8/site-packages/airflow/example_dags/example_kubernetes_executor.py for tasks to queue
[2026-04-23T04:42:45.888+0000] {logging_mixin.py:188} INFO - [2026-04-23T04:42:45.888+0000] {dagbag.py:538} INFO - Filling up the DagBag from /home/airflow/.local/lib/python3.8/site-packages/airflow/example_dags/example_kubernetes_executor.py
[2026-04-23T04:42:45.898+0000] {processor.py:840} INFO - DAG(s) 'example_kubernetes_executor' retrieved from /home/airflow/.local/lib/python3.8/site-packages/airflow/example_dags/example_kubernetes_executor.py
[2026-04-23T04:42:45.922+0000] {logging_mixin.py:188} INFO - [2026-04-23T04:42:45.922+0000] {dag.py:3036} INFO - Sync 1 DAGs
[2026-04-23T04:42:45.931+0000] {logging_mixin.py:188} INFO - [2026-04-23T04:42:45.931+0000] {dag.py:3823} INFO - Setting next_dagrun for example_kubernetes_executor to None, run_after=None
[2026-04-23T04:42:45.942+0000] {processor.py:183} INFO - Processing /home/airflow/.local/lib/python3.8/site-packages/airflow/example_dags/example_kubernetes_executor.py took 0.058 seconds
[2026-04-23T04:43:16.710+0000] {processor.py:161} INFO - Started process (PID=4584) to work on /home/airflow/.local/lib/python3.8/site-packages/airflow/example_dags/example_kubernetes_executor.py
[2026-04-23T04:43:16.711+0000] {processor.py:830} INFO - Processing file /home/airflow/.local/lib/python3.8/site-packages/airflow/example_dags/example_kubernetes_executor.py for tasks to queue
[2026-04-23T04:43:16.712+0000] {logging_mixin.py:188} INFO - [2026-04-23T04:43:16.712+0000] {dagbag.py:538} INFO - Filling up the DagBag from /home/airflow/.local/lib/python3.8/site-packages/airflow/example_dags/example_kubernetes_executor.py
[2026-04-23T04:43:16.721+0000] {processor.py:840} INFO - DAG(s) 'example_kubernetes_executor' retrieved from /home/airflow/.local/lib/python3.8/site-packages/airflow/example_dags/example_kubernetes_executor.py
[2026-04-23T04:43:16.744+0000] {logging_mixin.py:188} INFO - [2026-04-23T04:43:16.744+0000] {dag.py:3036} INFO - Sync 1 DAGs
[2026-04-23T04:43:16.751+0000] {logging_mixin.py:188} INFO - [2026-04-23T04:43:16.751+0000] {dag.py:3823} INFO - Setting next_dagrun for example_kubernetes_executor to None, run_after=None
[2026-04-23T04:43:16.762+0000] {processor.py:183} INFO - Processing /home/airflow/.local/lib/python3.8/site-packages/airflow/example_dags/example_kubernetes_executor.py took 0.054 seconds
[2026-04-23T04:43:47.340+0000] {processor.py:161} INFO - Started process (PID=4639) to work on /home/airflow/.local/lib/python3.8/site-packages/airflow/example_dags/example_kubernetes_executor.py
[2026-04-23T04:43:47.341+0000] {processor.py:830} INFO - Processing file /home/airflow/.local/lib/python3.8/site-packages/airflow/example_dags/example_kubernetes_executor.py for tasks to queue
[2026-04-23T04:43:47.342+0000] {logging_mixin.py:188} INFO - [2026-04-23T04:43:47.342+0000] {dagbag.py:538} INFO - Filling up the DagBag from /home/airflow/.local/lib/python3.8/site-packages/airflow/example_dags/example_kubernetes_executor.py
[2026-04-23T04:43:47.351+0000] {processor.py:840} INFO - DAG(s) 'example_kubernetes_executor' retrieved from /home/airflow/.local/lib/python3.8/site-packages/airflow/example_dags/example_kubernetes_executor.py
[2026-04-23T04:43:47.374+0000] {logging_mixin.py:188} INFO - [2026-04-23T04:43:47.374+0000] {dag.py:3036} INFO - Sync 1 DAGs
[2026-04-23T04:43:47.382+0000] {logging_mixin.py:188} INFO - [2026-04-23T04:43:47.382+0000] {dag.py:3823} INFO - Setting next_dagrun for example_kubernetes_executor to None, run_after=None
[2026-04-23T04:43:47.392+0000] {processor.py:183} INFO - Processing /home/airflow/.local/lib/python3.8/site-packages/airflow/example_dags/example_kubernetes_executor.py took 0.055 seconds
[2026-04-23T04:44:18.184+0000] {processor.py:161} INFO - Started process (PID=4694) to work on /home/airflow/.local/lib/python3.8/site-packages/airflow/example_dags/example_kubernetes_executor.py
[2026-04-23T04:44:18.185+0000] {processor.py:830} INFO - Processing file /home/airflow/.local/lib/python3.8/site-packages/airflow/example_dags/example_kubernetes_executor.py for tasks to queue
[2026-04-23T04:44:18.186+0000] {logging_mixin.py:188} INFO - [2026-04-23T04:44:18.186+0000] {dagbag.py:538} INFO - Filling up the DagBag from /home/airflow/.local/lib/python3.8/site-packages/airflow/example_dags/example_kubernetes_executor.py
[2026-04-23T04:44:18.195+0000] {processor.py:840} INFO - DAG(s) 'example_kubernetes_executor' retrieved from /home/airflow/.local/lib/python3.8/site-packages/airflow/example_dags/example_kubernetes_executor.py
[2026-04-23T04:44:18.220+0000] {logging_mixin.py:188} INFO - [2026-04-23T04:44:18.220+0000] {dag.py:3036} INFO - Sync 1 DAGs
[2026-04-23T04:44:18.228+0000] {logging_mixin.py:188} INFO - [2026-04-23T04:44:18.228+0000] {dag.py:3823} INFO - Setting next_dagrun for example_kubernetes_executor to None, run_after=None
[2026-04-23T04:44:18.237+0000] {processor.py:183} INFO - Processing /home/airflow/.local/lib/python3.8/site-packages/airflow/example_dags/example_kubernetes_executor.py took 0.056 seconds
[2026-04-23T04:44:48.889+0000] {processor.py:161} INFO - Started process (PID=4749) to work on /home/airflow/.local/lib/python3.8/site-packages/airflow/example_dags/example_kubernetes_executor.py
[2026-04-23T04:44:48.890+0000] {processor.py:830} INFO - Processing file /home/airflow/.local/lib/python3.8/site-packages/airflow/example_dags/example_kubernetes_executor.py for tasks to queue
[2026-04-23T04:44:48.891+0000] {logging_mixin.py:188} INFO - [2026-04-23T04:44:48.891+0000] {dagbag.py:538} INFO - Filling up the DagBag from /home/airflow/.local/lib/python3.8/site-packages/airflow/example_dags/example_kubernetes_executor.py
[2026-04-23T04:44:48.900+0000] {processor.py:840} INFO - DAG(s) 'example_kubernetes_executor' retrieved from /home/airflow/.local/lib/python3.8/site-packages/airflow/example_dags/example_kubernetes_executor.py
[2026-04-23T04:44:48.926+0000] {logging_mixin.py:188} INFO - [2026-04-23T04:44:48.926+0000] {dag.py:3036} INFO - Sync 1 DAGs
[2026-04-23T04:44:48.934+0000] {logging_mixin.py:188} INFO - [2026-04-23T04:44:48.934+0000] {dag.py:3823} INFO - Setting next_dagrun for example_kubernetes_executor to None, run_after=None
[2026-04-23T04:44:48.944+0000] {processor.py:183} INFO - Processing /home/airflow/.local/lib/python3.8/site-packages/airflow/example_dags/example_kubernetes_executor.py took 0.058 seconds
[2026-04-23T04:45:19.607+0000] {processor.py:161} INFO - Started process (PID=4804) to work on /home/airflow/.local/lib/python3.8/site-packages/airflow/example_dags/example_kubernetes_executor.py
[2026-04-23T04:45:19.608+0000] {processor.py:830} INFO - Processing file /home/airflow/.local/lib/python3.8/site-packages/airflow/example_dags/example_kubernetes_executor.py for tasks to queue
[2026-04-23T04:45:19.609+0000] {logging_mixin.py:188} INFO - [2026-04-23T04:45:19.609+0000] {dagbag.py:538} INFO - Filling up the DagBag from /home/airflow/.local/lib/python3.8/site-packages/airflow/example_dags/example_kubernetes_executor.py
[2026-04-23T04:45:19.618+0000] {processor.py:840} INFO - DAG(s) 'example_kubernetes_executor' retrieved from /home/airflow/.local/lib/python3.8/site-packages/airflow/example_dags/example_kubernetes_executor.py
[2026-04-23T04:45:19.643+0000] {logging_mixin.py:188} INFO - [2026-04-23T04:45:19.643+0000] {dag.py:3036} INFO - Sync 1 DAGs
[2026-04-23T04:45:19.652+0000] {logging_mixin.py:188} INFO - [2026-04-23T04:45:19.651+0000] {dag.py:3823} INFO - Setting next_dagrun for example_kubernetes_executor to None, run_after=None
[2026-04-23T04:45:19.662+0000] {processor.py:183} INFO - Processing /home/airflow/.local/lib/python3.8/site-packages/airflow/example_dags/example_kubernetes_executor.py took 0.057 seconds
[2026-04-23T04:45:50.357+0000] {processor.py:161} INFO - Started process (PID=4859) to work on /home/airflow/.local/lib/python3.8/site-packages/airflow/example_dags/example_kubernetes_executor.py
[2026-04-23T04:45:50.358+0000] {processor.py:830} INFO - Processing file /home/airflow/.local/lib/python3.8/site-packages/airflow/example_dags/example_kubernetes_executor.py for tasks to queue
[2026-04-23T04:45:50.359+0000] {logging_mixin.py:188} INFO - [2026-04-23T04:45:50.359+0000] {dagbag.py:538} INFO - Filling up the DagBag from /home/airflow/.local/lib/python3.8/site-packages/airflow/example_dags/example_kubernetes_executor.py
[2026-04-23T04:45:50.368+0000] {processor.py:840} INFO - DAG(s) 'example_kubernetes_executor' retrieved from /home/airflow/.local/lib/python3.8/site-packages/airflow/example_dags/example_kubernetes_executor.py
[2026-04-23T04:45:50.392+0000] {logging_mixin.py:188} INFO - [2026-04-23T04:45:50.392+0000] {dag.py:3036} INFO - Sync 1 DAGs
[2026-04-23T04:45:50.400+0000] {logging_mixin.py:188} INFO - [2026-04-23T04:45:50.400+0000] {dag.py:3823} INFO - Setting next_dagrun for example_kubernetes_executor to None, run_after=None
[2026-04-23T04:45:50.410+0000] {processor.py:183} INFO - Processing /home/airflow/.local/lib/python3.8/site-packages/airflow/example_dags/example_kubernetes_executor.py took 0.055 seconds
[2026-04-23T04:46:21.079+0000] {processor.py:161} INFO - Started process (PID=4914) to work on /home/airflow/.local/lib/python3.8/site-packages/airflow/example_dags/example_kubernetes_executor.py
[2026-04-23T04:46:21.079+0000] {processor.py:830} INFO - Processing file /home/airflow/.local/lib/python3.8/site-packages/airflow/example_dags/example_kubernetes_executor.py for tasks to queue
[2026-04-23T04:46:21.081+0000] {logging_mixin.py:188} INFO - [2026-04-23T04:46:21.080+0000] {dagbag.py:538} INFO - Filling up the DagBag from /home/airflow/.local/lib/python3.8/site-packages/airflow/example_dags/example_kubernetes_executor.py
[2026-04-23T04:46:21.089+0000] {processor.py:840} INFO - DAG(s) 'example_kubernetes_executor' retrieved from /home/airflow/.local/lib/python3.8/site-packages/airflow/example_dags/example_kubernetes_executor.py
[2026-04-23T04:46:21.112+0000] {logging_mixin.py:188} INFO - [2026-04-23T04:46:21.112+0000] {dag.py:3036} INFO - Sync 1 DAGs
[2026-04-23T04:46:21.121+0000] {logging_mixin.py:188} INFO - [2026-04-23T04:46:21.121+0000] {dag.py:3823} INFO - Setting next_dagrun for example_kubernetes_executor to None, run_after=None
[2026-04-23T04:46:21.131+0000] {processor.py:183} INFO - Processing /home/airflow/.local/lib/python3.8/site-packages/airflow/example_dags/example_kubernetes_executor.py took 0.054 seconds
[2026-04-23T04:46:51.795+0000] {processor.py:161} INFO - Started process (PID=4975) to work on /home/airflow/.local/lib/python3.8/site-packages/airflow/example_dags/example_kubernetes_executor.py
[2026-04-23T04:46:51.796+0000] {processor.py:830} INFO - Processing file /home/airflow/.local/lib/python3.8/site-packages/airflow/example_dags/example_kubernetes_executor.py for tasks to queue
[2026-04-23T04:46:51.797+0000] {logging_mixin.py:188} INFO - [2026-04-23T04:46:51.797+0000] {dagbag.py:538} INFO - Filling up the DagBag from /home/airflow/.local/lib/python3.8/site-packages/airflow/example_dags/example_kubernetes_executor.py
[2026-04-23T04:46:51.805+0000] {processor.py:840} INFO - DAG(s) 'example_kubernetes_executor' retrieved from /home/airflow/.local/lib/python3.8/site-packages/airflow/example_dags/example_kubernetes_executor.py
[2026-04-23T04:46:51.830+0000] {logging_mixin.py:188} INFO - [2026-04-23T04:46:51.829+0000] {dag.py:3036} INFO - Sync 1 DAGs
[2026-04-23T04:46:51.838+0000] {logging_mixin.py:188} INFO - [2026-04-23T04:46:51.838+0000] {dag.py:3823} INFO - Setting next_dagrun for example_kubernetes_executor to None, run_after=None
[2026-04-23T04:46:51.849+0000] {processor.py:183} INFO - Processing /home/airflow/.local/lib/python3.8/site-packages/airflow/example_dags/example_kubernetes_executor.py took 0.056 seconds
[2026-04-23T04:47:22.532+0000] {processor.py:161} INFO - Started process (PID=5030) to work on /home/airflow/.local/lib/python3.8/site-packages/airflow/example_dags/example_kubernetes_executor.py
[2026-04-23T04:47:22.532+0000] {processor.py:830} INFO - Processing file /home/airflow/.local/lib/python3.8/site-packages/airflow/example_dags/example_kubernetes_executor.py for tasks to queue
[2026-04-23T04:47:22.533+0000] {logging_mixin.py:188} INFO - [2026-04-23T04:47:22.533+0000] {dagbag.py:538} INFO - Filling up the DagBag from /home/airflow/.local/lib/python3.8/site-packages/airflow/example_dags/example_kubernetes_executor.py
[2026-04-23T04:47:22.542+0000] {processor.py:840} INFO - DAG(s) 'example_kubernetes_executor' retrieved from /home/airflow/.local/lib/python3.8/site-packages/airflow/example_dags/example_kubernetes_executor.py
[2026-04-23T04:47:22.568+0000] {logging_mixin.py:188} INFO - [2026-04-23T04:47:22.568+0000] {dag.py:3036} INFO - Sync 1 DAGs
[2026-04-23T04:47:22.577+0000] {logging_mixin.py:188} INFO - [2026-04-23T04:47:22.577+0000] {dag.py:3823} INFO - Setting next_dagrun for example_kubernetes_executor to None, run_after=None
[2026-04-23T04:47:22.588+0000] {processor.py:183} INFO - Processing /home/airflow/.local/lib/python3.8/site-packages/airflow/example_dags/example_kubernetes_executor.py took 0.058 seconds
[2026-04-23T04:47:53.187+0000] {processor.py:161} INFO - Started process (PID=5085) to work on /home/airflow/.local/lib/python3.8/site-packages/airflow/example_dags/example_kubernetes_executor.py
[2026-04-23T04:47:53.187+0000] {processor.py:830} INFO - Processing file /home/airflow/.local/lib/python3.8/site-packages/airflow/example_dags/example_kubernetes_executor.py for tasks to queue
[2026-04-23T04:47:53.188+0000] {logging_mixin.py:188} INFO - [2026-04-23T04:47:53.188+0000] {dagbag.py:538} INFO - Filling up the DagBag from /home/airflow/.local/lib/python3.8/site-packages/airflow/example_dags/example_kubernetes_executor.py
[2026-04-23T04:47:53.198+0000] {processor.py:840} INFO - DAG(s) 'example_kubernetes_executor' retrieved from /home/airflow/.local/lib/python3.8/site-packages/airflow/example_dags/example_kubernetes_executor.py
[2026-04-23T04:47:53.222+0000] {logging_mixin.py:188} INFO - [2026-04-23T04:47:53.222+0000] {dag.py:3036} INFO - Sync 1 DAGs
[2026-04-23T04:47:53.230+0000] {logging_mixin.py:188} INFO - [2026-04-23T04:47:53.230+0000] {dag.py:3823} INFO - Setting next_dagrun for example_kubernetes_executor to None, run_after=None
[2026-04-23T04:47:53.240+0000] {processor.py:183} INFO - Processing /home/airflow/.local/lib/python3.8/site-packages/airflow/example_dags/example_kubernetes_executor.py took 0.056 seconds
[2026-04-23T04:48:23.992+0000] {processor.py:161} INFO - Started process (PID=5140) to work on /home/airflow/.local/lib/python3.8/site-packages/airflow/example_dags/example_kubernetes_executor.py
[2026-04-23T04:48:23.993+0000] {processor.py:830} INFO - Processing file /home/airflow/.local/lib/python3.8/site-packages/airflow/example_dags/example_kubernetes_executor.py for tasks to queue
[2026-04-23T04:48:23.994+0000] {logging_mixin.py:188} INFO - [2026-04-23T04:48:23.994+0000] {dagbag.py:538} INFO - Filling up the DagBag from /home/airflow/.local/lib/python3.8/site-packages/airflow/example_dags/example_kubernetes_executor.py
[2026-04-23T04:48:24.002+0000] {processor.py:840} INFO - DAG(s) 'example_kubernetes_executor' retrieved from /home/airflow/.local/lib/python3.8/site-packages/airflow/example_dags/example_kubernetes_executor.py
[2026-04-23T04:48:24.026+0000] {logging_mixin.py:188} INFO - [2026-04-23T04:48:24.025+0000] {dag.py:3036} INFO - Sync 1 DAGs
[2026-04-23T04:48:24.034+0000] {logging_mixin.py:188} INFO - [2026-04-23T04:48:24.034+0000] {dag.py:3823} INFO - Setting next_dagrun for example_kubernetes_executor to None, run_after=None
[2026-04-23T04:48:24.043+0000] {processor.py:183} INFO - Processing /home/airflow/.local/lib/python3.8/site-packages/airflow/example_dags/example_kubernetes_executor.py took 0.054 seconds
[2026-04-23T04:48:54.663+0000] {processor.py:161} INFO - Started process (PID=5195) to work on /home/airflow/.local/lib/python3.8/site-packages/airflow/example_dags/example_kubernetes_executor.py
[2026-04-23T04:48:54.663+0000] {processor.py:830} INFO - Processing file /home/airflow/.local/lib/python3.8/site-packages/airflow/example_dags/example_kubernetes_executor.py for tasks to queue
[2026-04-23T04:48:54.664+0000] {logging_mixin.py:188} INFO - [2026-04-23T04:48:54.664+0000] {dagbag.py:538} INFO - Filling up the DagBag from /home/airflow/.local/lib/python3.8/site-packages/airflow/example_dags/example_kubernetes_executor.py
[2026-04-23T04:48:54.673+0000] {processor.py:840} INFO - DAG(s) 'example_kubernetes_executor' retrieved from /home/airflow/.local/lib/python3.8/site-packages/airflow/example_dags/example_kubernetes_executor.py
[2026-04-23T04:48:54.698+0000] {logging_mixin.py:188} INFO - [2026-04-23T04:48:54.697+0000] {dag.py:3036} INFO - Sync 1 DAGs
[2026-04-23T04:48:54.706+0000] {logging_mixin.py:188} INFO - [2026-04-23T04:48:54.706+0000] {dag.py:3823} INFO - Setting next_dagrun for example_kubernetes_executor to None, run_after=None
[2026-04-23T04:48:54.717+0000] {processor.py:183} INFO - Processing /home/airflow/.local/lib/python3.8/site-packages/airflow/example_dags/example_kubernetes_executor.py took 0.056 seconds
[2026-04-23T04:49:25.399+0000] {processor.py:161} INFO - Started process (PID=5250) to work on /home/airflow/.local/lib/python3.8/site-packages/airflow/example_dags/example_kubernetes_executor.py
[2026-04-23T04:49:25.400+0000] {processor.py:830} INFO - Processing file /home/airflow/.local/lib/python3.8/site-packages/airflow/example_dags/example_kubernetes_executor.py for tasks to queue
[2026-04-23T04:49:25.401+0000] {logging_mixin.py:188} INFO - [2026-04-23T04:49:25.400+0000] {dagbag.py:538} INFO - Filling up the DagBag from /home/airflow/.local/lib/python3.8/site-packages/airflow/example_dags/example_kubernetes_executor.py
[2026-04-23T04:49:25.409+0000] {processor.py:840} INFO - DAG(s) 'example_kubernetes_executor' retrieved from /home/airflow/.local/lib/python3.8/site-packages/airflow/example_dags/example_kubernetes_executor.py
[2026-04-23T04:49:25.434+0000] {logging_mixin.py:188} INFO - [2026-04-23T04:49:25.434+0000] {dag.py:3036} INFO - Sync 1 DAGs
[2026-04-23T04:49:25.442+0000] {logging_mixin.py:188} INFO - [2026-04-23T04:49:25.442+0000] {dag.py:3823} INFO - Setting next_dagrun for example_kubernetes_executor to None, run_after=None
[2026-04-23T04:49:25.454+0000] {processor.py:183} INFO - Processing /home/airflow/.local/lib/python3.8/site-packages/airflow/example_dags/example_kubernetes_executor.py took 0.057 seconds
[2026-04-23T04:49:56.103+0000] {processor.py:161} INFO - Started process (PID=5305) to work on /home/airflow/.local/lib/python3.8/site-packages/airflow/example_dags/example_kubernetes_executor.py
[2026-04-23T04:49:56.103+0000] {processor.py:830} INFO - Processing file /home/airflow/.local/lib/python3.8/site-packages/airflow/example_dags/example_kubernetes_executor.py for tasks to queue
[2026-04-23T04:49:56.105+0000] {logging_mixin.py:188} INFO - [2026-04-23T04:49:56.104+0000] {dagbag.py:538} INFO - Filling up the DagBag from /home/airflow/.local/lib/python3.8/site-packages/airflow/example_dags/example_kubernetes_executor.py
[2026-04-23T04:49:56.114+0000] {processor.py:840} INFO - DAG(s) 'example_kubernetes_executor' retrieved from /home/airflow/.local/lib/python3.8/site-packages/airflow/example_dags/example_kubernetes_executor.py
[2026-04-23T04:49:56.138+0000] {logging_mixin.py:188} INFO - [2026-04-23T04:49:56.138+0000] {dag.py:3036} INFO - Sync 1 DAGs
[2026-04-23T04:49:56.146+0000] {logging_mixin.py:188} INFO - [2026-04-23T04:49:56.146+0000] {dag.py:3823} INFO - Setting next_dagrun for example_kubernetes_executor to None, run_after=None
[2026-04-23T04:49:56.156+0000] {processor.py:183} INFO - Processing /home/airflow/.local/lib/python3.8/site-packages/airflow/example_dags/example_kubernetes_executor.py took 0.056 seconds
[2026-04-23T04:50:26.832+0000] {processor.py:161} INFO - Started process (PID=5360) to work on /home/airflow/.local/lib/python3.8/site-packages/airflow/example_dags/example_kubernetes_executor.py
[2026-04-23T04:50:26.833+0000] {processor.py:830} INFO - Processing file /home/airflow/.local/lib/python3.8/site-packages/airflow/example_dags/example_kubernetes_executor.py for tasks to queue
[2026-04-23T04:50:26.834+0000] {logging_mixin.py:188} INFO - [2026-04-23T04:50:26.834+0000] {dagbag.py:538} INFO - Filling up the DagBag from /home/airflow/.local/lib/python3.8/site-packages/airflow/example_dags/example_kubernetes_executor.py
[2026-04-23T04:50:26.843+0000] {processor.py:840} INFO - DAG(s) 'example_kubernetes_executor' retrieved from /home/airflow/.local/lib/python3.8/site-packages/airflow/example_dags/example_kubernetes_executor.py
[2026-04-23T04:50:26.867+0000] {logging_mixin.py:188} INFO - [2026-04-23T04:50:26.867+0000] {dag.py:3036} INFO - Sync 1 DAGs
[2026-04-23T04:50:26.875+0000] {logging_mixin.py:188} INFO - [2026-04-23T04:50:26.875+0000] {dag.py:3823} INFO - Setting next_dagrun for example_kubernetes_executor to None, run_after=None
[2026-04-23T04:50:26.885+0000] {processor.py:183} INFO - Processing /home/airflow/.local/lib/python3.8/site-packages/airflow/example_dags/example_kubernetes_executor.py took 0.055 seconds
[2026-04-23T04:50:57.493+0000] {processor.py:161} INFO - Started process (PID=5415) to work on /home/airflow/.local/lib/python3.8/site-packages/airflow/example_dags/example_kubernetes_executor.py
[2026-04-23T04:50:57.494+0000] {processor.py:830} INFO - Processing file /home/airflow/.local/lib/python3.8/site-packages/airflow/example_dags/example_kubernetes_executor.py for tasks to queue
[2026-04-23T04:50:57.495+0000] {logging_mixin.py:188} INFO - [2026-04-23T04:50:57.495+0000] {dagbag.py:538} INFO - Filling up the DagBag from /home/airflow/.local/lib/python3.8/site-packages/airflow/example_dags/example_kubernetes_executor.py
[2026-04-23T04:50:57.504+0000] {processor.py:840} INFO - DAG(s) 'example_kubernetes_executor' retrieved from /home/airflow/.local/lib/python3.8/site-packages/airflow/example_dags/example_kubernetes_executor.py
[2026-04-23T04:50:57.528+0000] {logging_mixin.py:188} INFO - [2026-04-23T04:50:57.528+0000] {dag.py:3036} INFO - Sync 1 DAGs
[2026-04-23T04:50:57.536+0000] {logging_mixin.py:188} INFO - [2026-04-23T04:50:57.536+0000] {dag.py:3823} INFO - Setting next_dagrun for example_kubernetes_executor to None, run_after=None
[2026-04-23T04:50:57.546+0000] {processor.py:183} INFO - Processing /home/airflow/.local/lib/python3.8/site-packages/airflow/example_dags/example_kubernetes_executor.py took 0.055 seconds
[2026-04-23T04:51:28.207+0000] {processor.py:161} INFO - Started process (PID=5470) to work on /home/airflow/.local/lib/python3.8/site-packages/airflow/example_dags/example_kubernetes_executor.py
[2026-04-23T04:51:28.208+0000] {processor.py:830} INFO - Processing file /home/airflow/.local/lib/python3.8/site-packages/airflow/example_dags/example_kubernetes_executor.py for tasks to queue
[2026-04-23T04:51:28.209+0000] {logging_mixin.py:188} INFO - [2026-04-23T04:51:28.209+0000] {dagbag.py:538} INFO - Filling up the DagBag from /home/airflow/.local/lib/python3.8/site-packages/airflow/example_dags/example_kubernetes_executor.py
[2026-04-23T04:51:28.218+0000] {processor.py:840} INFO - DAG(s) 'example_kubernetes_executor' retrieved from /home/airflow/.local/lib/python3.8/site-packages/airflow/example_dags/example_kubernetes_executor.py
[2026-04-23T04:51:28.243+0000] {logging_mixin.py:188} INFO - [2026-04-23T04:51:28.242+0000] {dag.py:3036} INFO - Sync 1 DAGs
[2026-04-23T04:51:28.252+0000] {logging_mixin.py:188} INFO - [2026-04-23T04:51:28.251+0000] {dag.py:3823} INFO - Setting next_dagrun for example_kubernetes_executor to None, run_after=None
[2026-04-23T04:51:28.262+0000] {processor.py:183} INFO - Processing /home/airflow/.local/lib/python3.8/site-packages/airflow/example_dags/example_kubernetes_executor.py took 0.057 seconds
[2026-04-23T04:51:59.051+0000] {processor.py:161} INFO - Started process (PID=5525) to work on /home/airflow/.local/lib/python3.8/site-packages/airflow/example_dags/example_kubernetes_executor.py
[2026-04-23T04:51:59.052+0000] {processor.py:830} INFO - Processing file /home/airflow/.local/lib/python3.8/site-packages/airflow/example_dags/example_kubernetes_executor.py for tasks to queue
[2026-04-23T04:51:59.053+0000] {logging_mixin.py:188} INFO - [2026-04-23T04:51:59.053+0000] {dagbag.py:538} INFO - Filling up the DagBag from /home/airflow/.local/lib/python3.8/site-packages/airflow/example_dags/example_kubernetes_executor.py
[2026-04-23T04:51:59.061+0000] {processor.py:840} INFO - DAG(s) 'example_kubernetes_executor' retrieved from /home/airflow/.local/lib/python3.8/site-packages/airflow/example_dags/example_kubernetes_executor.py
[2026-04-23T04:51:59.085+0000] {logging_mixin.py:188} INFO - [2026-04-23T04:51:59.085+0000] {dag.py:3036} INFO - Sync 1 DAGs
[2026-04-23T04:51:59.093+0000] {logging_mixin.py:188} INFO - [2026-04-23T04:51:59.093+0000] {dag.py:3823} INFO - Setting next_dagrun for example_kubernetes_executor to None, run_after=None
[2026-04-23T04:51:59.105+0000] {processor.py:183} INFO - Processing /home/airflow/.local/lib/python3.8/site-packages/airflow/example_dags/example_kubernetes_executor.py took 0.056 seconds
[2026-04-23T04:52:29.717+0000] {processor.py:161} INFO - Started process (PID=5580) to work on /home/airflow/.local/lib/python3.8/site-packages/airflow/example_dags/example_kubernetes_executor.py
[2026-04-23T04:52:29.717+0000] {processor.py:830} INFO - Processing file /home/airflow/.local/lib/python3.8/site-packages/airflow/example_dags/example_kubernetes_executor.py for tasks to queue
[2026-04-23T04:52:29.718+0000] {logging_mixin.py:188} INFO - [2026-04-23T04:52:29.718+0000] {dagbag.py:538} INFO - Filling up the DagBag from /home/airflow/.local/lib/python3.8/site-packages/airflow/example_dags/example_kubernetes_executor.py
[2026-04-23T04:52:29.727+0000] {processor.py:840} INFO - DAG(s) 'example_kubernetes_executor' retrieved from /home/airflow/.local/lib/python3.8/site-packages/airflow/example_dags/example_kubernetes_executor.py
[2026-04-23T04:52:29.752+0000] {logging_mixin.py:188} INFO - [2026-04-23T04:52:29.751+0000] {dag.py:3036} INFO - Sync 1 DAGs
[2026-04-23T04:52:29.760+0000] {logging_mixin.py:188} INFO - [2026-04-23T04:52:29.760+0000] {dag.py:3823} INFO - Setting next_dagrun for example_kubernetes_executor to None, run_after=None
[2026-04-23T04:52:29.770+0000] {processor.py:183} INFO - Processing /home/airflow/.local/lib/python3.8/site-packages/airflow/example_dags/example_kubernetes_executor.py took 0.056 seconds
[2026-04-23T04:53:00.548+0000] {processor.py:161} INFO - Started process (PID=5635) to work on /home/airflow/.local/lib/python3.8/site-packages/airflow/example_dags/example_kubernetes_executor.py
[2026-04-23T04:53:00.549+0000] {processor.py:830} INFO - Processing file /home/airflow/.local/lib/python3.8/site-packages/airflow/example_dags/example_kubernetes_executor.py for tasks to queue
[2026-04-23T04:53:00.550+0000] {logging_mixin.py:188} INFO - [2026-04-23T04:53:00.550+0000] {dagbag.py:538} INFO - Filling up the DagBag from /home/airflow/.local/lib/python3.8/site-packages/airflow/example_dags/example_kubernetes_executor.py
[2026-04-23T04:53:00.559+0000] {processor.py:840} INFO - DAG(s) 'example_kubernetes_executor' retrieved from /home/airflow/.local/lib/python3.8/site-packages/airflow/example_dags/example_kubernetes_executor.py
[2026-04-23T04:53:00.582+0000] {logging_mixin.py:188} INFO - [2026-04-23T04:53:00.582+0000] {dag.py:3036} INFO - Sync 1 DAGs
[2026-04-23T04:53:00.590+0000] {logging_mixin.py:188} INFO - [2026-04-23T04:53:00.590+0000] {dag.py:3823} INFO - Setting next_dagrun for example_kubernetes_executor to None, run_after=None
[2026-04-23T04:53:00.600+0000] {processor.py:183} INFO - Processing /home/airflow/.local/lib/python3.8/site-packages/airflow/example_dags/example_kubernetes_executor.py took 0.054 seconds
[2026-04-23T04:53:31.229+0000] {processor.py:161} INFO - Started process (PID=5690) to work on /home/airflow/.local/lib/python3.8/site-packages/airflow/example_dags/example_kubernetes_executor.py
[2026-04-23T04:53:31.229+0000] {processor.py:830} INFO - Processing file /home/airflow/.local/lib/python3.8/site-packages/airflow/example_dags/example_kubernetes_executor.py for tasks to queue
[2026-04-23T04:53:31.230+0000] {logging_mixin.py:188} INFO - [2026-04-23T04:53:31.230+0000] {dagbag.py:538} INFO - Filling up the DagBag from /home/airflow/.local/lib/python3.8/site-packages/airflow/example_dags/example_kubernetes_executor.py
[2026-04-23T04:53:31.239+0000] {processor.py:840} INFO - DAG(s) 'example_kubernetes_executor' retrieved from /home/airflow/.local/lib/python3.8/site-packages/airflow/example_dags/example_kubernetes_executor.py
[2026-04-23T04:53:31.263+0000] {logging_mixin.py:188} INFO - [2026-04-23T04:53:31.263+0000] {dag.py:3036} INFO - Sync 1 DAGs
[2026-04-23T04:53:31.271+0000] {logging_mixin.py:188} INFO - [2026-04-23T04:53:31.271+0000] {dag.py:3823} INFO - Setting next_dagrun for example_kubernetes_executor to None, run_after=None
[2026-04-23T04:53:31.281+0000] {processor.py:183} INFO - Processing /home/airflow/.local/lib/python3.8/site-packages/airflow/example_dags/example_kubernetes_executor.py took 0.054 seconds
[2026-04-23T04:54:01.973+0000] {processor.py:161} INFO - Started process (PID=5745) to work on /home/airflow/.local/lib/python3.8/site-packages/airflow/example_dags/example_kubernetes_executor.py
[2026-04-23T04:54:01.973+0000] {processor.py:830} INFO - Processing file /home/airflow/.local/lib/python3.8/site-packages/airflow/example_dags/example_kubernetes_executor.py for tasks to queue
[2026-04-23T04:54:01.975+0000] {logging_mixin.py:188} INFO - [2026-04-23T04:54:01.974+0000] {dagbag.py:538} INFO - Filling up the DagBag from /home/airflow/.local/lib/python3.8/site-packages/airflow/example_dags/example_kubernetes_executor.py
[2026-04-23T04:54:01.984+0000] {processor.py:840} INFO - DAG(s) 'example_kubernetes_executor' retrieved from /home/airflow/.local/lib/python3.8/site-packages/airflow/example_dags/example_kubernetes_executor.py
[2026-04-23T04:54:02.008+0000] {logging_mixin.py:188} INFO - [2026-04-23T04:54:02.007+0000] {dag.py:3036} INFO - Sync 1 DAGs
[2026-04-23T04:54:02.015+0000] {logging_mixin.py:188} INFO - [2026-04-23T04:54:02.015+0000] {dag.py:3823} INFO - Setting next_dagrun for example_kubernetes_executor to None, run_after=None
[2026-04-23T04:54:02.025+0000] {processor.py:183} INFO - Processing /home/airflow/.local/lib/python3.8/site-packages/airflow/example_dags/example_kubernetes_executor.py took 0.055 seconds
[2026-04-23T04:54:32.703+0000] {processor.py:161} INFO - Started process (PID=5800) to work on /home/airflow/.local/lib/python3.8/site-packages/airflow/example_dags/example_kubernetes_executor.py
[2026-04-23T04:54:32.704+0000] {processor.py:830} INFO - Processing file /home/airflow/.local/lib/python3.8/site-packages/airflow/example_dags/example_kubernetes_executor.py for tasks to queue
[2026-04-23T04:54:32.705+0000] {logging_mixin.py:188} INFO - [2026-04-23T04:54:32.705+0000] {dagbag.py:538} INFO - Filling up the DagBag from /home/airflow/.local/lib/python3.8/site-packages/airflow/example_dags/example_kubernetes_executor.py
[2026-04-23T04:54:32.714+0000] {processor.py:840} INFO - DAG(s) 'example_kubernetes_executor' retrieved from /home/airflow/.local/lib/python3.8/site-packages/airflow/example_dags/example_kubernetes_executor.py
[2026-04-23T04:54:32.738+0000] {logging_mixin.py:188} INFO - [2026-04-23T04:54:32.738+0000] {dag.py:3036} INFO - Sync 1 DAGs
[2026-04-23T04:54:32.746+0000] {logging_mixin.py:188} INFO - [2026-04-23T04:54:32.746+0000] {dag.py:3823} INFO - Setting next_dagrun for example_kubernetes_executor to None, run_after=None
[2026-04-23T04:54:32.756+0000] {processor.py:183} INFO - Processing /home/airflow/.local/lib/python3.8/site-packages/airflow/example_dags/example_kubernetes_executor.py took 0.055 seconds
[2026-04-23T04:55:03.440+0000] {processor.py:161} INFO - Started process (PID=5855) to work on /home/airflow/.local/lib/python3.8/site-packages/airflow/example_dags/example_kubernetes_executor.py
[2026-04-23T04:55:03.441+0000] {processor.py:830} INFO - Processing file /home/airflow/.local/lib/python3.8/site-packages/airflow/example_dags/example_kubernetes_executor.py for tasks to queue
[2026-04-23T04:55:03.442+0000] {logging_mixin.py:188} INFO - [2026-04-23T04:55:03.442+0000] {dagbag.py:538} INFO - Filling up the DagBag from /home/airflow/.local/lib/python3.8/site-packages/airflow/example_dags/example_kubernetes_executor.py
[2026-04-23T04:55:03.453+0000] {processor.py:840} INFO - DAG(s) 'example_kubernetes_executor' retrieved from /home/airflow/.local/lib/python3.8/site-packages/airflow/example_dags/example_kubernetes_executor.py
[2026-04-23T04:55:03.480+0000] {logging_mixin.py:188} INFO - [2026-04-23T04:55:03.479+0000] {dag.py:3036} INFO - Sync 1 DAGs
[2026-04-23T04:55:03.488+0000] {logging_mixin.py:188} INFO - [2026-04-23T04:55:03.487+0000] {dag.py:3823} INFO - Setting next_dagrun for example_kubernetes_executor to None, run_after=None
[2026-04-23T04:55:03.497+0000] {processor.py:183} INFO - Processing /home/airflow/.local/lib/python3.8/site-packages/airflow/example_dags/example_kubernetes_executor.py took 0.060 seconds
[2026-04-23T04:55:34.144+0000] {processor.py:161} INFO - Started process (PID=5910) to work on /home/airflow/.local/lib/python3.8/site-packages/airflow/example_dags/example_kubernetes_executor.py
[2026-04-23T04:55:34.145+0000] {processor.py:830} INFO - Processing file /home/airflow/.local/lib/python3.8/site-packages/airflow/example_dags/example_kubernetes_executor.py for tasks to queue
[2026-04-23T04:55:34.146+0000] {logging_mixin.py:188} INFO - [2026-04-23T04:55:34.146+0000] {dagbag.py:538} INFO - Filling up the DagBag from /home/airflow/.local/lib/python3.8/site-packages/airflow/example_dags/example_kubernetes_executor.py
[2026-04-23T04:55:34.155+0000] {processor.py:840} INFO - DAG(s) 'example_kubernetes_executor' retrieved from /home/airflow/.local/lib/python3.8/site-packages/airflow/example_dags/example_kubernetes_executor.py
[2026-04-23T04:55:34.180+0000] {logging_mixin.py:188} INFO - [2026-04-23T04:55:34.180+0000] {dag.py:3036} INFO - Sync 1 DAGs
[2026-04-23T04:55:34.188+0000] {logging_mixin.py:188} INFO - [2026-04-23T04:55:34.188+0000] {dag.py:3823} INFO - Setting next_dagrun for example_kubernetes_executor to None, run_after=None
[2026-04-23T04:55:34.198+0000] {processor.py:183} INFO - Processing /home/airflow/.local/lib/python3.8/site-packages/airflow/example_dags/example_kubernetes_executor.py took 0.057 seconds
[2026-04-23T04:56:04.918+0000] {processor.py:161} INFO - Started process (PID=5965) to work on /home/airflow/.local/lib/python3.8/site-packages/airflow/example_dags/example_kubernetes_executor.py
[2026-04-23T04:56:04.918+0000] {processor.py:830} INFO - Processing file /home/airflow/.local/lib/python3.8/site-packages/airflow/example_dags/example_kubernetes_executor.py for tasks to queue
[2026-04-23T04:56:04.920+0000] {logging_mixin.py:188} INFO - [2026-04-23T04:56:04.919+0000] {dagbag.py:538} INFO - Filling up the DagBag from /home/airflow/.local/lib/python3.8/site-packages/airflow/example_dags/example_kubernetes_executor.py
[2026-04-23T04:56:04.928+0000] {processor.py:840} INFO - DAG(s) 'example_kubernetes_executor' retrieved from /home/airflow/.local/lib/python3.8/site-packages/airflow/example_dags/example_kubernetes_executor.py
[2026-04-23T04:56:04.951+0000] {logging_mixin.py:188} INFO - [2026-04-23T04:56:04.951+0000] {dag.py:3036} INFO - Sync 1 DAGs
[2026-04-23T04:56:04.959+0000] {logging_mixin.py:188} INFO - [2026-04-23T04:56:04.959+0000] {dag.py:3823} INFO - Setting next_dagrun for example_kubernetes_executor to None, run_after=None
[2026-04-23T04:56:04.969+0000] {processor.py:183} INFO - Processing /home/airflow/.local/lib/python3.8/site-packages/airflow/example_dags/example_kubernetes_executor.py took 0.053 seconds
[2026-04-23T04:56:35.616+0000] {processor.py:161} INFO - Started process (PID=6020) to work on /home/airflow/.local/lib/python3.8/site-packages/airflow/example_dags/example_kubernetes_executor.py
[2026-04-23T04:56:35.617+0000] {processor.py:830} INFO - Processing file /home/airflow/.local/lib/python3.8/site-packages/airflow/example_dags/example_kubernetes_executor.py for tasks to queue
[2026-04-23T04:56:35.618+0000] {logging_mixin.py:188} INFO - [2026-04-23T04:56:35.617+0000] {dagbag.py:538} INFO - Filling up the DagBag from /home/airflow/.local/lib/python3.8/site-packages/airflow/example_dags/example_kubernetes_executor.py
[2026-04-23T04:56:35.626+0000] {processor.py:840} INFO - DAG(s) 'example_kubernetes_executor' retrieved from /home/airflow/.local/lib/python3.8/site-packages/airflow/example_dags/example_kubernetes_executor.py
[2026-04-23T04:56:35.650+0000] {logging_mixin.py:188} INFO - [2026-04-23T04:56:35.650+0000] {dag.py:3036} INFO - Sync 1 DAGs
[2026-04-23T04:56:35.658+0000] {logging_mixin.py:188} INFO - [2026-04-23T04:56:35.658+0000] {dag.py:3823} INFO - Setting next_dagrun for example_kubernetes_executor to None, run_after=None
[2026-04-23T04:56:35.668+0000] {processor.py:183} INFO - Processing /home/airflow/.local/lib/python3.8/site-packages/airflow/example_dags/example_kubernetes_executor.py took 0.054 seconds
[2026-04-23T04:57:06.343+0000] {processor.py:161} INFO - Started process (PID=6075) to work on /home/airflow/.local/lib/python3.8/site-packages/airflow/example_dags/example_kubernetes_executor.py
[2026-04-23T04:57:06.344+0000] {processor.py:830} INFO - Processing file /home/airflow/.local/lib/python3.8/site-packages/airflow/example_dags/example_kubernetes_executor.py for tasks to queue
[2026-04-23T04:57:06.345+0000] {logging_mixin.py:188} INFO - [2026-04-23T04:57:06.345+0000] {dagbag.py:538} INFO - Filling up the DagBag from /home/airflow/.local/lib/python3.8/site-packages/airflow/example_dags/example_kubernetes_executor.py
[2026-04-23T04:57:06.353+0000] {processor.py:840} INFO - DAG(s) 'example_kubernetes_executor' retrieved from /home/airflow/.local/lib/python3.8/site-packages/airflow/example_dags/example_kubernetes_executor.py
[2026-04-23T04:57:06.377+0000] {logging_mixin.py:188} INFO - [2026-04-23T04:57:06.377+0000] {dag.py:3036} INFO - Sync 1 DAGs
[2026-04-23T04:57:06.385+0000] {logging_mixin.py:188} INFO - [2026-04-23T04:57:06.385+0000] {dag.py:3823} INFO - Setting next_dagrun for example_kubernetes_executor to None, run_after=None
[2026-04-23T04:57:06.396+0000] {processor.py:183} INFO - Processing /home/airflow/.local/lib/python3.8/site-packages/airflow/example_dags/example_kubernetes_executor.py took 0.055 seconds
[2026-04-23T04:57:36.970+0000] {processor.py:161} INFO - Started process (PID=6130) to work on /home/airflow/.local/lib/python3.8/site-packages/airflow/example_dags/example_kubernetes_executor.py
[2026-04-23T04:57:36.971+0000] {processor.py:830} INFO - Processing file /home/airflow/.local/lib/python3.8/site-packages/airflow/example_dags/example_kubernetes_executor.py for tasks to queue
[2026-04-23T04:57:36.972+0000] {logging_mixin.py:188} INFO - [2026-04-23T04:57:36.972+0000] {dagbag.py:538} INFO - Filling up the DagBag from /home/airflow/.local/lib/python3.8/site-packages/airflow/example_dags/example_kubernetes_executor.py
[2026-04-23T04:57:36.983+0000] {processor.py:840} INFO - DAG(s) 'example_kubernetes_executor' retrieved from /home/airflow/.local/lib/python3.8/site-packages/airflow/example_dags/example_kubernetes_executor.py
[2026-04-23T04:57:37.011+0000] {logging_mixin.py:188} INFO - [2026-04-23T04:57:37.011+0000] {dag.py:3036} INFO - Sync 1 DAGs
[2026-04-23T04:57:37.020+0000] {logging_mixin.py:188} INFO - [2026-04-23T04:57:37.020+0000] {dag.py:3823} INFO - Setting next_dagrun for example_kubernetes_executor to None, run_after=None
[2026-04-23T04:57:37.031+0000] {processor.py:183} INFO - Processing /home/airflow/.local/lib/python3.8/site-packages/airflow/example_dags/example_kubernetes_executor.py took 0.064 seconds
[2026-04-23T04:58:07.882+0000] {processor.py:161} INFO - Started process (PID=6185) to work on /home/airflow/.local/lib/python3.8/site-packages/airflow/example_dags/example_kubernetes_executor.py
[2026-04-23T04:58:07.883+0000] {processor.py:830} INFO - Processing file /home/airflow/.local/lib/python3.8/site-packages/airflow/example_dags/example_kubernetes_executor.py for tasks to queue
[2026-04-23T04:58:07.884+0000] {logging_mixin.py:188} INFO - [2026-04-23T04:58:07.884+0000] {dagbag.py:538} INFO - Filling up the DagBag from /home/airflow/.local/lib/python3.8/site-packages/airflow/example_dags/example_kubernetes_executor.py
[2026-04-23T04:58:07.893+0000] {processor.py:840} INFO - DAG(s) 'example_kubernetes_executor' retrieved from /home/airflow/.local/lib/python3.8/site-packages/airflow/example_dags/example_kubernetes_executor.py
[2026-04-23T04:58:07.917+0000] {logging_mixin.py:188} INFO - [2026-04-23T04:58:07.917+0000] {dag.py:3036} INFO - Sync 1 DAGs
[2026-04-23T04:58:07.925+0000] {logging_mixin.py:188} INFO - [2026-04-23T04:58:07.925+0000] {dag.py:3823} INFO - Setting next_dagrun for example_kubernetes_executor to None, run_after=None
[2026-04-23T04:58:07.935+0000] {processor.py:183} INFO - Processing /home/airflow/.local/lib/python3.8/site-packages/airflow/example_dags/example_kubernetes_executor.py took 0.055 seconds
[2026-04-23T04:58:38.550+0000] {processor.py:161} INFO - Started process (PID=6240) to work on /home/airflow/.local/lib/python3.8/site-packages/airflow/example_dags/example_kubernetes_executor.py
[2026-04-23T04:58:38.550+0000] {processor.py:830} INFO - Processing file /home/airflow/.local/lib/python3.8/site-packages/airflow/example_dags/example_kubernetes_executor.py for tasks to queue
[2026-04-23T04:58:38.551+0000] {logging_mixin.py:188} INFO - [2026-04-23T04:58:38.551+0000] {dagbag.py:538} INFO - Filling up the DagBag from /home/airflow/.local/lib/python3.8/site-packages/airflow/example_dags/example_kubernetes_executor.py
[2026-04-23T04:58:38.560+0000] {processor.py:840} INFO - DAG(s) 'example_kubernetes_executor' retrieved from /home/airflow/.local/lib/python3.8/site-packages/airflow/example_dags/example_kubernetes_executor.py
[2026-04-23T04:58:38.583+0000] {logging_mixin.py:188} INFO - [2026-04-23T04:58:38.583+0000] {dag.py:3036} INFO - Sync 1 DAGs
[2026-04-23T04:58:38.591+0000] {logging_mixin.py:188} INFO - [2026-04-23T04:58:38.591+0000] {dag.py:3823} INFO - Setting next_dagrun for example_kubernetes_executor to None, run_after=None
[2026-04-23T04:58:38.601+0000] {processor.py:183} INFO - Processing /home/airflow/.local/lib/python3.8/site-packages/airflow/example_dags/example_kubernetes_executor.py took 0.053 seconds
[2026-04-23T04:59:09.295+0000] {processor.py:161} INFO - Started process (PID=6295) to work on /home/airflow/.local/lib/python3.8/site-packages/airflow/example_dags/example_kubernetes_executor.py
[2026-04-23T04:59:09.295+0000] {processor.py:830} INFO - Processing file /home/airflow/.local/lib/python3.8/site-packages/airflow/example_dags/example_kubernetes_executor.py for tasks to queue
[2026-04-23T04:59:09.297+0000] {logging_mixin.py:188} INFO - [2026-04-23T04:59:09.296+0000] {dagbag.py:538} INFO - Filling up the DagBag from /home/airflow/.local/lib/python3.8/site-packages/airflow/example_dags/example_kubernetes_executor.py
[2026-04-23T04:59:09.306+0000] {processor.py:840} INFO - DAG(s) 'example_kubernetes_executor' retrieved from /home/airflow/.local/lib/python3.8/site-packages/airflow/example_dags/example_kubernetes_executor.py
[2026-04-23T04:59:09.329+0000] {logging_mixin.py:188} INFO - [2026-04-23T04:59:09.328+0000] {dag.py:3036} INFO - Sync 1 DAGs
[2026-04-23T04:59:09.336+0000] {logging_mixin.py:188} INFO - [2026-04-23T04:59:09.336+0000] {dag.py:3823} INFO - Setting next_dagrun for example_kubernetes_executor to None, run_after=None
[2026-04-23T04:59:09.346+0000] {processor.py:183} INFO - Processing /home/airflow/.local/lib/python3.8/site-packages/airflow/example_dags/example_kubernetes_executor.py took 0.054 seconds
[2026-04-23T04:59:39.994+0000] {processor.py:161} INFO - Started process (PID=6350) to work on /home/airflow/.local/lib/python3.8/site-packages/airflow/example_dags/example_kubernetes_executor.py
[2026-04-23T04:59:39.995+0000] {processor.py:830} INFO - Processing file /home/airflow/.local/lib/python3.8/site-packages/airflow/example_dags/example_kubernetes_executor.py for tasks to queue
[2026-04-23T04:59:39.996+0000] {logging_mixin.py:188} INFO - [2026-04-23T04:59:39.996+0000] {dagbag.py:538} INFO - Filling up the DagBag from /home/airflow/.local/lib/python3.8/site-packages/airflow/example_dags/example_kubernetes_executor.py
[2026-04-23T04:59:40.006+0000] {processor.py:840} INFO - DAG(s) 'example_kubernetes_executor' retrieved from /home/airflow/.local/lib/python3.8/site-packages/airflow/example_dags/example_kubernetes_executor.py
[2026-04-23T04:59:40.030+0000] {logging_mixin.py:188} INFO - [2026-04-23T04:59:40.029+0000] {dag.py:3036} INFO - Sync 1 DAGs
[2026-04-23T04:59:40.037+0000] {logging_mixin.py:188} INFO - [2026-04-23T04:59:40.037+0000] {dag.py:3823} INFO - Setting next_dagrun for example_kubernetes_executor to None, run_after=None
[2026-04-23T04:59:40.047+0000] {processor.py:183} INFO - Processing /home/airflow/.local/lib/python3.8/site-packages/airflow/example_dags/example_kubernetes_executor.py took 0.055 seconds
[2026-04-23T05:00:10.696+0000] {processor.py:161} INFO - Started process (PID=6405) to work on /home/airflow/.local/lib/python3.8/site-packages/airflow/example_dags/example_kubernetes_executor.py
[2026-04-23T05:00:10.696+0000] {processor.py:830} INFO - Processing file /home/airflow/.local/lib/python3.8/site-packages/airflow/example_dags/example_kubernetes_executor.py for tasks to queue
[2026-04-23T05:00:10.697+0000] {logging_mixin.py:188} INFO - [2026-04-23T05:00:10.697+0000] {dagbag.py:538} INFO - Filling up the DagBag from /home/airflow/.local/lib/python3.8/site-packages/airflow/example_dags/example_kubernetes_executor.py
[2026-04-23T05:00:10.706+0000] {processor.py:840} INFO - DAG(s) 'example_kubernetes_executor' retrieved from /home/airflow/.local/lib/python3.8/site-packages/airflow/example_dags/example_kubernetes_executor.py
[2026-04-23T05:00:10.730+0000] {logging_mixin.py:188} INFO - [2026-04-23T05:00:10.730+0000] {dag.py:3036} INFO - Sync 1 DAGs
[2026-04-23T05:00:10.738+0000] {logging_mixin.py:188} INFO - [2026-04-23T05:00:10.738+0000] {dag.py:3823} INFO - Setting next_dagrun for example_kubernetes_executor to None, run_after=None
[2026-04-23T05:00:10.748+0000] {processor.py:183} INFO - Processing /home/airflow/.local/lib/python3.8/site-packages/airflow/example_dags/example_kubernetes_executor.py took 0.054 seconds
[2026-04-23T05:00:41.412+0000] {processor.py:161} INFO - Started process (PID=6460) to work on /home/airflow/.local/lib/python3.8/site-packages/airflow/example_dags/example_kubernetes_executor.py
[2026-04-23T05:00:41.413+0000] {processor.py:830} INFO - Processing file /home/airflow/.local/lib/python3.8/site-packages/airflow/example_dags/example_kubernetes_executor.py for tasks to queue
[2026-04-23T05:00:41.414+0000] {logging_mixin.py:188} INFO - [2026-04-23T05:00:41.414+0000] {dagbag.py:538} INFO - Filling up the DagBag from /home/airflow/.local/lib/python3.8/site-packages/airflow/example_dags/example_kubernetes_executor.py
[2026-04-23T05:00:41.423+0000] {processor.py:840} INFO - DAG(s) 'example_kubernetes_executor' retrieved from /home/airflow/.local/lib/python3.8/site-packages/airflow/example_dags/example_kubernetes_executor.py
[2026-04-23T05:00:41.447+0000] {logging_mixin.py:188} INFO - [2026-04-23T05:00:41.446+0000] {dag.py:3036} INFO - Sync 1 DAGs
[2026-04-23T05:00:41.455+0000] {logging_mixin.py:188} INFO - [2026-04-23T05:00:41.455+0000] {dag.py:3823} INFO - Setting next_dagrun for example_kubernetes_executor to None, run_after=None
[2026-04-23T05:00:41.465+0000] {processor.py:183} INFO - Processing /home/airflow/.local/lib/python3.8/site-packages/airflow/example_dags/example_kubernetes_executor.py took 0.055 seconds
[2026-04-23T05:01:12.021+0000] {processor.py:161} INFO - Started process (PID=6515) to work on /home/airflow/.local/lib/python3.8/site-packages/airflow/example_dags/example_kubernetes_executor.py
[2026-04-23T05:01:12.022+0000] {processor.py:830} INFO - Processing file /home/airflow/.local/lib/python3.8/site-packages/airflow/example_dags/example_kubernetes_executor.py for tasks to queue
[2026-04-23T05:01:12.023+0000] {logging_mixin.py:188} INFO - [2026-04-23T05:01:12.023+0000] {dagbag.py:538} INFO - Filling up the DagBag from /home/airflow/.local/lib/python3.8/site-packages/airflow/example_dags/example_kubernetes_executor.py
[2026-04-23T05:01:12.032+0000] {processor.py:840} INFO - DAG(s) 'example_kubernetes_executor' retrieved from /home/airflow/.local/lib/python3.8/site-packages/airflow/example_dags/example_kubernetes_executor.py
[2026-04-23T05:01:12.055+0000] {logging_mixin.py:188} INFO - [2026-04-23T05:01:12.054+0000] {dag.py:3036} INFO - Sync 1 DAGs
[2026-04-23T05:01:12.063+0000] {logging_mixin.py:188} INFO - [2026-04-23T05:01:12.063+0000] {dag.py:3823} INFO - Setting next_dagrun for example_kubernetes_executor to None, run_after=None
[2026-04-23T05:01:12.073+0000] {processor.py:183} INFO - Processing /home/airflow/.local/lib/python3.8/site-packages/airflow/example_dags/example_kubernetes_executor.py took 0.054 seconds
[2026-04-23T05:01:42.798+0000] {processor.py:161} INFO - Started process (PID=6570) to work on /home/airflow/.local/lib/python3.8/site-packages/airflow/example_dags/example_kubernetes_executor.py
[2026-04-23T05:01:42.799+0000] {processor.py:830} INFO - Processing file /home/airflow/.local/lib/python3.8/site-packages/airflow/example_dags/example_kubernetes_executor.py for tasks to queue
[2026-04-23T05:01:42.800+0000] {logging_mixin.py:188} INFO - [2026-04-23T05:01:42.800+0000] {dagbag.py:538} INFO - Filling up the DagBag from /home/airflow/.local/lib/python3.8/site-packages/airflow/example_dags/example_kubernetes_executor.py
[2026-04-23T05:01:42.809+0000] {processor.py:840} INFO - DAG(s) 'example_kubernetes_executor' retrieved from /home/airflow/.local/lib/python3.8/site-packages/airflow/example_dags/example_kubernetes_executor.py
[2026-04-23T05:01:42.832+0000] {logging_mixin.py:188} INFO - [2026-04-23T05:01:42.832+0000] {dag.py:3036} INFO - Sync 1 DAGs
[2026-04-23T05:01:42.840+0000] {logging_mixin.py:188} INFO - [2026-04-23T05:01:42.840+0000] {dag.py:3823} INFO - Setting next_dagrun for example_kubernetes_executor to None, run_after=None
[2026-04-23T05:01:42.850+0000] {processor.py:183} INFO - Processing /home/airflow/.local/lib/python3.8/site-packages/airflow/example_dags/example_kubernetes_executor.py took 0.054 seconds
[2026-04-23T05:02:13.509+0000] {processor.py:161} INFO - Started process (PID=6625) to work on /home/airflow/.local/lib/python3.8/site-packages/airflow/example_dags/example_kubernetes_executor.py
[2026-04-23T05:02:13.510+0000] {processor.py:830} INFO - Processing file /home/airflow/.local/lib/python3.8/site-packages/airflow/example_dags/example_kubernetes_executor.py for tasks to queue
[2026-04-23T05:02:13.511+0000] {logging_mixin.py:188} INFO - [2026-04-23T05:02:13.511+0000] {dagbag.py:538} INFO - Filling up the DagBag from /home/airflow/.local/lib/python3.8/site-packages/airflow/example_dags/example_kubernetes_executor.py
[2026-04-23T05:02:13.520+0000] {processor.py:840} INFO - DAG(s) 'example_kubernetes_executor' retrieved from /home/airflow/.local/lib/python3.8/site-packages/airflow/example_dags/example_kubernetes_executor.py
[2026-04-23T05:02:13.544+0000] {logging_mixin.py:188} INFO - [2026-04-23T05:02:13.544+0000] {dag.py:3036} INFO - Sync 1 DAGs
[2026-04-23T05:02:13.551+0000] {logging_mixin.py:188} INFO - [2026-04-23T05:02:13.551+0000] {dag.py:3823} INFO - Setting next_dagrun for example_kubernetes_executor to None, run_after=None
[2026-04-23T05:02:13.562+0000] {processor.py:183} INFO - Processing /home/airflow/.local/lib/python3.8/site-packages/airflow/example_dags/example_kubernetes_executor.py took 0.055 seconds
[2026-04-23T05:02:44.159+0000] {processor.py:161} INFO - Started process (PID=6680) to work on /home/airflow/.local/lib/python3.8/site-packages/airflow/example_dags/example_kubernetes_executor.py
[2026-04-23T05:02:44.159+0000] {processor.py:830} INFO - Processing file /home/airflow/.local/lib/python3.8/site-packages/airflow/example_dags/example_kubernetes_executor.py for tasks to queue
[2026-04-23T05:02:44.161+0000] {logging_mixin.py:188} INFO - [2026-04-23T05:02:44.160+0000] {dagbag.py:538} INFO - Filling up the DagBag from /home/airflow/.local/lib/python3.8/site-packages/airflow/example_dags/example_kubernetes_executor.py
[2026-04-23T05:02:44.169+0000] {processor.py:840} INFO - DAG(s) 'example_kubernetes_executor' retrieved from /home/airflow/.local/lib/python3.8/site-packages/airflow/example_dags/example_kubernetes_executor.py
[2026-04-23T05:02:44.193+0000] {logging_mixin.py:188} INFO - [2026-04-23T05:02:44.193+0000] {dag.py:3036} INFO - Sync 1 DAGs
[2026-04-23T05:02:44.201+0000] {logging_mixin.py:188} INFO - [2026-04-23T05:02:44.201+0000] {dag.py:3823} INFO - Setting next_dagrun for example_kubernetes_executor to None, run_after=None
[2026-04-23T05:02:44.210+0000] {processor.py:183} INFO - Processing /home/airflow/.local/lib/python3.8/site-packages/airflow/example_dags/example_kubernetes_executor.py took 0.054 seconds
[2026-04-23T05:03:14.813+0000] {processor.py:161} INFO - Started process (PID=6735) to work on /home/airflow/.local/lib/python3.8/site-packages/airflow/example_dags/example_kubernetes_executor.py
[2026-04-23T05:03:14.813+0000] {processor.py:830} INFO - Processing file /home/airflow/.local/lib/python3.8/site-packages/airflow/example_dags/example_kubernetes_executor.py for tasks to queue
[2026-04-23T05:03:14.814+0000] {logging_mixin.py:188} INFO - [2026-04-23T05:03:14.814+0000] {dagbag.py:538} INFO - Filling up the DagBag from /home/airflow/.local/lib/python3.8/site-packages/airflow/example_dags/example_kubernetes_executor.py
[2026-04-23T05:03:14.823+0000] {processor.py:840} INFO - DAG(s) 'example_kubernetes_executor' retrieved from /home/airflow/.local/lib/python3.8/site-packages/airflow/example_dags/example_kubernetes_executor.py
[2026-04-23T05:03:14.847+0000] {logging_mixin.py:188} INFO - [2026-04-23T05:03:14.847+0000] {dag.py:3036} INFO - Sync 1 DAGs
[2026-04-23T05:03:14.855+0000] {logging_mixin.py:188} INFO - [2026-04-23T05:03:14.855+0000] {dag.py:3823} INFO - Setting next_dagrun for example_kubernetes_executor to None, run_after=None
[2026-04-23T05:03:14.865+0000] {processor.py:183} INFO - Processing /home/airflow/.local/lib/python3.8/site-packages/airflow/example_dags/example_kubernetes_executor.py took 0.055 seconds
[2026-04-23T05:03:45.623+0000] {processor.py:161} INFO - Started process (PID=6790) to work on /home/airflow/.local/lib/python3.8/site-packages/airflow/example_dags/example_kubernetes_executor.py
[2026-04-23T05:03:45.623+0000] {processor.py:830} INFO - Processing file /home/airflow/.local/lib/python3.8/site-packages/airflow/example_dags/example_kubernetes_executor.py for tasks to queue
[2026-04-23T05:03:45.624+0000] {logging_mixin.py:188} INFO - [2026-04-23T05:03:45.624+0000] {dagbag.py:538} INFO - Filling up the DagBag from /home/airflow/.local/lib/python3.8/site-packages/airflow/example_dags/example_kubernetes_executor.py
[2026-04-23T05:03:45.633+0000] {processor.py:840} INFO - DAG(s) 'example_kubernetes_executor' retrieved from /home/airflow/.local/lib/python3.8/site-packages/airflow/example_dags/example_kubernetes_executor.py
[2026-04-23T05:03:45.657+0000] {logging_mixin.py:188} INFO - [2026-04-23T05:03:45.656+0000] {dag.py:3036} INFO - Sync 1 DAGs
[2026-04-23T05:03:45.664+0000] {logging_mixin.py:188} INFO - [2026-04-23T05:03:45.664+0000] {dag.py:3823} INFO - Setting next_dagrun for example_kubernetes_executor to None, run_after=None
[2026-04-23T05:03:45.674+0000] {processor.py:183} INFO - Processing /home/airflow/.local/lib/python3.8/site-packages/airflow/example_dags/example_kubernetes_executor.py took 0.054 seconds
[2026-04-23T05:04:16.378+0000] {processor.py:161} INFO - Started process (PID=6845) to work on /home/airflow/.local/lib/python3.8/site-packages/airflow/example_dags/example_kubernetes_executor.py
[2026-04-23T05:04:16.379+0000] {processor.py:830} INFO - Processing file /home/airflow/.local/lib/python3.8/site-packages/airflow/example_dags/example_kubernetes_executor.py for tasks to queue
[2026-04-23T05:04:16.380+0000] {logging_mixin.py:188} INFO - [2026-04-23T05:04:16.379+0000] {dagbag.py:538} INFO - Filling up the DagBag from /home/airflow/.local/lib/python3.8/site-packages/airflow/example_dags/example_kubernetes_executor.py
[2026-04-23T05:04:16.388+0000] {processor.py:840} INFO - DAG(s) 'example_kubernetes_executor' retrieved from /home/airflow/.local/lib/python3.8/site-packages/airflow/example_dags/example_kubernetes_executor.py
[2026-04-23T05:04:16.411+0000] {logging_mixin.py:188} INFO - [2026-04-23T05:04:16.411+0000] {dag.py:3036} INFO - Sync 1 DAGs
[2026-04-23T05:04:16.419+0000] {logging_mixin.py:188} INFO - [2026-04-23T05:04:16.419+0000] {dag.py:3823} INFO - Setting next_dagrun for example_kubernetes_executor to None, run_after=None
[2026-04-23T05:04:16.428+0000] {processor.py:183} INFO - Processing /home/airflow/.local/lib/python3.8/site-packages/airflow/example_dags/example_kubernetes_executor.py took 0.053 seconds
[2026-04-23T05:04:47.091+0000] {processor.py:161} INFO - Started process (PID=6900) to work on /home/airflow/.local/lib/python3.8/site-packages/airflow/example_dags/example_kubernetes_executor.py
[2026-04-23T05:04:47.091+0000] {processor.py:830} INFO - Processing file /home/airflow/.local/lib/python3.8/site-packages/airflow/example_dags/example_kubernetes_executor.py for tasks to queue
[2026-04-23T05:04:47.092+0000] {logging_mixin.py:188} INFO - [2026-04-23T05:04:47.092+0000] {dagbag.py:538} INFO - Filling up the DagBag from /home/airflow/.local/lib/python3.8/site-packages/airflow/example_dags/example_kubernetes_executor.py
[2026-04-23T05:04:47.101+0000] {processor.py:840} INFO - DAG(s) 'example_kubernetes_executor' retrieved from /home/airflow/.local/lib/python3.8/site-packages/airflow/example_dags/example_kubernetes_executor.py
[2026-04-23T05:04:47.125+0000] {logging_mixin.py:188} INFO - [2026-04-23T05:04:47.124+0000] {dag.py:3036} INFO - Sync 1 DAGs
[2026-04-23T05:04:47.132+0000] {logging_mixin.py:188} INFO - [2026-04-23T05:04:47.132+0000] {dag.py:3823} INFO - Setting next_dagrun for example_kubernetes_executor to None, run_after=None
[2026-04-23T05:04:47.142+0000] {processor.py:183} INFO - Processing /home/airflow/.local/lib/python3.8/site-packages/airflow/example_dags/example_kubernetes_executor.py took 0.054 seconds
[2026-04-23T05:05:17.775+0000] {processor.py:161} INFO - Started process (PID=6955) to work on /home/airflow/.local/lib/python3.8/site-packages/airflow/example_dags/example_kubernetes_executor.py
[2026-04-23T05:05:17.775+0000] {processor.py:830} INFO - Processing file /home/airflow/.local/lib/python3.8/site-packages/airflow/example_dags/example_kubernetes_executor.py for tasks to queue
[2026-04-23T05:05:17.776+0000] {logging_mixin.py:188} INFO - [2026-04-23T05:05:17.776+0000] {dagbag.py:538} INFO - Filling up the DagBag from /home/airflow/.local/lib/python3.8/site-packages/airflow/example_dags/example_kubernetes_executor.py
[2026-04-23T05:05:17.785+0000] {processor.py:840} INFO - DAG(s) 'example_kubernetes_executor' retrieved from /home/airflow/.local/lib/python3.8/site-packages/airflow/example_dags/example_kubernetes_executor.py
[2026-04-23T05:05:17.808+0000] {logging_mixin.py:188} INFO - [2026-04-23T05:05:17.808+0000] {dag.py:3036} INFO - Sync 1 DAGs
[2026-04-23T05:05:17.816+0000] {logging_mixin.py:188} INFO - [2026-04-23T05:05:17.816+0000] {dag.py:3823} INFO - Setting next_dagrun for example_kubernetes_executor to None, run_after=None
[2026-04-23T05:05:17.825+0000] {processor.py:183} INFO - Processing /home/airflow/.local/lib/python3.8/site-packages/airflow/example_dags/example_kubernetes_executor.py took 0.053 seconds
[2026-04-23T05:05:48.401+0000] {processor.py:161} INFO - Started process (PID=7010) to work on /home/airflow/.local/lib/python3.8/site-packages/airflow/example_dags/example_kubernetes_executor.py
[2026-04-23T05:05:48.402+0000] {processor.py:830} INFO - Processing file /home/airflow/.local/lib/python3.8/site-packages/airflow/example_dags/example_kubernetes_executor.py for tasks to queue
[2026-04-23T05:05:48.403+0000] {logging_mixin.py:188} INFO - [2026-04-23T05:05:48.403+0000] {dagbag.py:538} INFO - Filling up the DagBag from /home/airflow/.local/lib/python3.8/site-packages/airflow/example_dags/example_kubernetes_executor.py
[2026-04-23T05:05:48.412+0000] {processor.py:840} INFO - DAG(s) 'example_kubernetes_executor' retrieved from /home/airflow/.local/lib/python3.8/site-packages/airflow/example_dags/example_kubernetes_executor.py
[2026-04-23T05:05:48.436+0000] {logging_mixin.py:188} INFO - [2026-04-23T05:05:48.436+0000] {dag.py:3036} INFO - Sync 1 DAGs
[2026-04-23T05:05:48.445+0000] {logging_mixin.py:188} INFO - [2026-04-23T05:05:48.444+0000] {dag.py:3823} INFO - Setting next_dagrun for example_kubernetes_executor to None, run_after=None
[2026-04-23T05:05:48.456+0000] {processor.py:183} INFO - Processing /home/airflow/.local/lib/python3.8/site-packages/airflow/example_dags/example_kubernetes_executor.py took 0.057 seconds
[2026-04-23T05:06:19.148+0000] {processor.py:161} INFO - Started process (PID=7065) to work on /home/airflow/.local/lib/python3.8/site-packages/airflow/example_dags/example_kubernetes_executor.py
[2026-04-23T05:06:19.148+0000] {processor.py:830} INFO - Processing file /home/airflow/.local/lib/python3.8/site-packages/airflow/example_dags/example_kubernetes_executor.py for tasks to queue
[2026-04-23T05:06:19.150+0000] {logging_mixin.py:188} INFO - [2026-04-23T05:06:19.149+0000] {dagbag.py:538} INFO - Filling up the DagBag from /home/airflow/.local/lib/python3.8/site-packages/airflow/example_dags/example_kubernetes_executor.py
[2026-04-23T05:06:19.158+0000] {processor.py:840} INFO - DAG(s) 'example_kubernetes_executor' retrieved from /home/airflow/.local/lib/python3.8/site-packages/airflow/example_dags/example_kubernetes_executor.py
[2026-04-23T05:06:19.182+0000] {logging_mixin.py:188} INFO - [2026-04-23T05:06:19.181+0000] {dag.py:3036} INFO - Sync 1 DAGs
[2026-04-23T05:06:19.190+0000] {logging_mixin.py:188} INFO - [2026-04-23T05:06:19.189+0000] {dag.py:3823} INFO - Setting next_dagrun for example_kubernetes_executor to None, run_after=None
[2026-04-23T05:06:19.199+0000] {processor.py:183} INFO - Processing /home/airflow/.local/lib/python3.8/site-packages/airflow/example_dags/example_kubernetes_executor.py took 0.054 seconds
[2026-04-23T05:06:49.892+0000] {processor.py:161} INFO - Started process (PID=7120) to work on /home/airflow/.local/lib/python3.8/site-packages/airflow/example_dags/example_kubernetes_executor.py
[2026-04-23T05:06:49.893+0000] {processor.py:830} INFO - Processing file /home/airflow/.local/lib/python3.8/site-packages/airflow/example_dags/example_kubernetes_executor.py for tasks to queue
[2026-04-23T05:06:49.894+0000] {logging_mixin.py:188} INFO - [2026-04-23T05:06:49.894+0000] {dagbag.py:538} INFO - Filling up the DagBag from /home/airflow/.local/lib/python3.8/site-packages/airflow/example_dags/example_kubernetes_executor.py
[2026-04-23T05:06:49.903+0000] {processor.py:840} INFO - DAG(s) 'example_kubernetes_executor' retrieved from /home/airflow/.local/lib/python3.8/site-packages/airflow/example_dags/example_kubernetes_executor.py
[2026-04-23T05:06:49.927+0000] {logging_mixin.py:188} INFO - [2026-04-23T05:06:49.927+0000] {dag.py:3036} INFO - Sync 1 DAGs
[2026-04-23T05:06:49.935+0000] {logging_mixin.py:188} INFO - [2026-04-23T05:06:49.935+0000] {dag.py:3823} INFO - Setting next_dagrun for example_kubernetes_executor to None, run_after=None
[2026-04-23T05:06:49.945+0000] {processor.py:183} INFO - Processing /home/airflow/.local/lib/python3.8/site-packages/airflow/example_dags/example_kubernetes_executor.py took 0.056 seconds
[2026-04-23T05:07:20.649+0000] {processor.py:161} INFO - Started process (PID=7175) to work on /home/airflow/.local/lib/python3.8/site-packages/airflow/example_dags/example_kubernetes_executor.py
[2026-04-23T05:07:20.649+0000] {processor.py:830} INFO - Processing file /home/airflow/.local/lib/python3.8/site-packages/airflow/example_dags/example_kubernetes_executor.py for tasks to queue
[2026-04-23T05:07:20.651+0000] {logging_mixin.py:188} INFO - [2026-04-23T05:07:20.650+0000] {dagbag.py:538} INFO - Filling up the DagBag from /home/airflow/.local/lib/python3.8/site-packages/airflow/example_dags/example_kubernetes_executor.py
[2026-04-23T05:07:20.659+0000] {processor.py:840} INFO - DAG(s) 'example_kubernetes_executor' retrieved from /home/airflow/.local/lib/python3.8/site-packages/airflow/example_dags/example_kubernetes_executor.py
[2026-04-23T05:07:20.683+0000] {logging_mixin.py:188} INFO - [2026-04-23T05:07:20.683+0000] {dag.py:3036} INFO - Sync 1 DAGs
[2026-04-23T05:07:20.692+0000] {logging_mixin.py:188} INFO - [2026-04-23T05:07:20.692+0000] {dag.py:3823} INFO - Setting next_dagrun for example_kubernetes_executor to None, run_after=None
[2026-04-23T05:07:20.702+0000] {processor.py:183} INFO - Processing /home/airflow/.local/lib/python3.8/site-packages/airflow/example_dags/example_kubernetes_executor.py took 0.056 seconds
[2026-04-23T05:07:51.424+0000] {processor.py:161} INFO - Started process (PID=7230) to work on /home/airflow/.local/lib/python3.8/site-packages/airflow/example_dags/example_kubernetes_executor.py
[2026-04-23T05:07:51.424+0000] {processor.py:830} INFO - Processing file /home/airflow/.local/lib/python3.8/site-packages/airflow/example_dags/example_kubernetes_executor.py for tasks to queue
[2026-04-23T05:07:51.426+0000] {logging_mixin.py:188} INFO - [2026-04-23T05:07:51.425+0000] {dagbag.py:538} INFO - Filling up the DagBag from /home/airflow/.local/lib/python3.8/site-packages/airflow/example_dags/example_kubernetes_executor.py
[2026-04-23T05:07:51.434+0000] {processor.py:840} INFO - DAG(s) 'example_kubernetes_executor' retrieved from /home/airflow/.local/lib/python3.8/site-packages/airflow/example_dags/example_kubernetes_executor.py
[2026-04-23T05:07:51.458+0000] {logging_mixin.py:188} INFO - [2026-04-23T05:07:51.458+0000] {dag.py:3036} INFO - Sync 1 DAGs
[2026-04-23T05:07:51.466+0000] {logging_mixin.py:188} INFO - [2026-04-23T05:07:51.466+0000] {dag.py:3823} INFO - Setting next_dagrun for example_kubernetes_executor to None, run_after=None
[2026-04-23T05:07:51.478+0000] {processor.py:183} INFO - Processing /home/airflow/.local/lib/python3.8/site-packages/airflow/example_dags/example_kubernetes_executor.py took 0.056 seconds
[2026-04-23T05:08:22.181+0000] {processor.py:161} INFO - Started process (PID=7285) to work on /home/airflow/.local/lib/python3.8/site-packages/airflow/example_dags/example_kubernetes_executor.py
[2026-04-23T05:08:22.182+0000] {processor.py:830} INFO - Processing file /home/airflow/.local/lib/python3.8/site-packages/airflow/example_dags/example_kubernetes_executor.py for tasks to queue
[2026-04-23T05:08:22.183+0000] {logging_mixin.py:188} INFO - [2026-04-23T05:08:22.183+0000] {dagbag.py:538} INFO - Filling up the DagBag from /home/airflow/.local/lib/python3.8/site-packages/airflow/example_dags/example_kubernetes_executor.py
[2026-04-23T05:08:22.192+0000] {processor.py:840} INFO - DAG(s) 'example_kubernetes_executor' retrieved from /home/airflow/.local/lib/python3.8/site-packages/airflow/example_dags/example_kubernetes_executor.py
[2026-04-23T05:08:22.216+0000] {logging_mixin.py:188} INFO - [2026-04-23T05:08:22.216+0000] {dag.py:3036} INFO - Sync 1 DAGs
[2026-04-23T05:08:22.224+0000] {logging_mixin.py:188} INFO - [2026-04-23T05:08:22.224+0000] {dag.py:3823} INFO - Setting next_dagrun for example_kubernetes_executor to None, run_after=None
[2026-04-23T05:08:22.233+0000] {processor.py:183} INFO - Processing /home/airflow/.local/lib/python3.8/site-packages/airflow/example_dags/example_kubernetes_executor.py took 0.054 seconds
[2026-04-23T05:08:52.868+0000] {processor.py:161} INFO - Started process (PID=7340) to work on /home/airflow/.local/lib/python3.8/site-packages/airflow/example_dags/example_kubernetes_executor.py
[2026-04-23T05:08:52.868+0000] {processor.py:830} INFO - Processing file /home/airflow/.local/lib/python3.8/site-packages/airflow/example_dags/example_kubernetes_executor.py for tasks to queue
[2026-04-23T05:08:52.869+0000] {logging_mixin.py:188} INFO - [2026-04-23T05:08:52.869+0000] {dagbag.py:538} INFO - Filling up the DagBag from /home/airflow/.local/lib/python3.8/site-packages/airflow/example_dags/example_kubernetes_executor.py
[2026-04-23T05:08:52.878+0000] {processor.py:840} INFO - DAG(s) 'example_kubernetes_executor' retrieved from /home/airflow/.local/lib/python3.8/site-packages/airflow/example_dags/example_kubernetes_executor.py
[2026-04-23T05:08:52.902+0000] {logging_mixin.py:188} INFO - [2026-04-23T05:08:52.902+0000] {dag.py:3036} INFO - Sync 1 DAGs
[2026-04-23T05:08:52.910+0000] {logging_mixin.py:188} INFO - [2026-04-23T05:08:52.910+0000] {dag.py:3823} INFO - Setting next_dagrun for example_kubernetes_executor to None, run_after=None
[2026-04-23T05:08:52.920+0000] {processor.py:183} INFO - Processing /home/airflow/.local/lib/python3.8/site-packages/airflow/example_dags/example_kubernetes_executor.py took 0.055 seconds
[2026-04-23T05:09:23.522+0000] {processor.py:161} INFO - Started process (PID=7395) to work on /home/airflow/.local/lib/python3.8/site-packages/airflow/example_dags/example_kubernetes_executor.py
[2026-04-23T05:09:23.523+0000] {processor.py:830} INFO - Processing file /home/airflow/.local/lib/python3.8/site-packages/airflow/example_dags/example_kubernetes_executor.py for tasks to queue
[2026-04-23T05:09:23.524+0000] {logging_mixin.py:188} INFO - [2026-04-23T05:09:23.524+0000] {dagbag.py:538} INFO - Filling up the DagBag from /home/airflow/.local/lib/python3.8/site-packages/airflow/example_dags/example_kubernetes_executor.py
[2026-04-23T05:09:23.533+0000] {processor.py:840} INFO - DAG(s) 'example_kubernetes_executor' retrieved from /home/airflow/.local/lib/python3.8/site-packages/airflow/example_dags/example_kubernetes_executor.py
[2026-04-23T05:09:23.556+0000] {logging_mixin.py:188} INFO - [2026-04-23T05:09:23.556+0000] {dag.py:3036} INFO - Sync 1 DAGs
[2026-04-23T05:09:23.564+0000] {logging_mixin.py:188} INFO - [2026-04-23T05:09:23.564+0000] {dag.py:3823} INFO - Setting next_dagrun for example_kubernetes_executor to None, run_after=None
[2026-04-23T05:09:23.573+0000] {processor.py:183} INFO - Processing /home/airflow/.local/lib/python3.8/site-packages/airflow/example_dags/example_kubernetes_executor.py took 0.053 seconds
[2026-04-23T05:09:54.183+0000] {processor.py:161} INFO - Started process (PID=7456) to work on /home/airflow/.local/lib/python3.8/site-packages/airflow/example_dags/example_kubernetes_executor.py
[2026-04-23T05:09:54.184+0000] {processor.py:830} INFO - Processing file /home/airflow/.local/lib/python3.8/site-packages/airflow/example_dags/example_kubernetes_executor.py for tasks to queue
[2026-04-23T05:09:54.185+0000] {logging_mixin.py:188} INFO - [2026-04-23T05:09:54.185+0000] {dagbag.py:538} INFO - Filling up the DagBag from /home/airflow/.local/lib/python3.8/site-packages/airflow/example_dags/example_kubernetes_executor.py
[2026-04-23T05:09:54.193+0000] {processor.py:840} INFO - DAG(s) 'example_kubernetes_executor' retrieved from /home/airflow/.local/lib/python3.8/site-packages/airflow/example_dags/example_kubernetes_executor.py
[2026-04-23T05:09:54.218+0000] {logging_mixin.py:188} INFO - [2026-04-23T05:09:54.218+0000] {dag.py:3036} INFO - Sync 1 DAGs
[2026-04-23T05:09:54.225+0000] {logging_mixin.py:188} INFO - [2026-04-23T05:09:54.225+0000] {dag.py:3823} INFO - Setting next_dagrun for example_kubernetes_executor to None, run_after=None
[2026-04-23T05:09:54.235+0000] {processor.py:183} INFO - Processing /home/airflow/.local/lib/python3.8/site-packages/airflow/example_dags/example_kubernetes_executor.py took 0.054 seconds
[2026-04-23T05:10:24.810+0000] {processor.py:161} INFO - Started process (PID=7511) to work on /home/airflow/.local/lib/python3.8/site-packages/airflow/example_dags/example_kubernetes_executor.py
[2026-04-23T05:10:24.810+0000] {processor.py:830} INFO - Processing file /home/airflow/.local/lib/python3.8/site-packages/airflow/example_dags/example_kubernetes_executor.py for tasks to queue
[2026-04-23T05:10:24.812+0000] {logging_mixin.py:188} INFO - [2026-04-23T05:10:24.812+0000] {dagbag.py:538} INFO - Filling up the DagBag from /home/airflow/.local/lib/python3.8/site-packages/airflow/example_dags/example_kubernetes_executor.py
[2026-04-23T05:10:24.820+0000] {processor.py:840} INFO - DAG(s) 'example_kubernetes_executor' retrieved from /home/airflow/.local/lib/python3.8/site-packages/airflow/example_dags/example_kubernetes_executor.py
[2026-04-23T05:10:24.845+0000] {logging_mixin.py:188} INFO - [2026-04-23T05:10:24.845+0000] {dag.py:3036} INFO - Sync 1 DAGs
[2026-04-23T05:10:24.853+0000] {logging_mixin.py:188} INFO - [2026-04-23T05:10:24.852+0000] {dag.py:3823} INFO - Setting next_dagrun for example_kubernetes_executor to None, run_after=None
[2026-04-23T05:10:24.863+0000] {processor.py:183} INFO - Processing /home/airflow/.local/lib/python3.8/site-packages/airflow/example_dags/example_kubernetes_executor.py took 0.055 seconds
[2026-04-23T05:10:55.621+0000] {processor.py:161} INFO - Started process (PID=7566) to work on /home/airflow/.local/lib/python3.8/site-packages/airflow/example_dags/example_kubernetes_executor.py
[2026-04-23T05:10:55.621+0000] {processor.py:830} INFO - Processing file /home/airflow/.local/lib/python3.8/site-packages/airflow/example_dags/example_kubernetes_executor.py for tasks to queue
[2026-04-23T05:10:55.622+0000] {logging_mixin.py:188} INFO - [2026-04-23T05:10:55.622+0000] {dagbag.py:538} INFO - Filling up the DagBag from /home/airflow/.local/lib/python3.8/site-packages/airflow/example_dags/example_kubernetes_executor.py
[2026-04-23T05:10:55.631+0000] {processor.py:840} INFO - DAG(s) 'example_kubernetes_executor' retrieved from /home/airflow/.local/lib/python3.8/site-packages/airflow/example_dags/example_kubernetes_executor.py
[2026-04-23T05:10:55.655+0000] {logging_mixin.py:188} INFO - [2026-04-23T05:10:55.655+0000] {dag.py:3036} INFO - Sync 1 DAGs
[2026-04-23T05:10:55.663+0000] {logging_mixin.py:188} INFO - [2026-04-23T05:10:55.663+0000] {dag.py:3823} INFO - Setting next_dagrun for example_kubernetes_executor to None, run_after=None
[2026-04-23T05:10:55.673+0000] {processor.py:183} INFO - Processing /home/airflow/.local/lib/python3.8/site-packages/airflow/example_dags/example_kubernetes_executor.py took 0.054 seconds
[2026-04-23T05:11:26.287+0000] {processor.py:161} INFO - Started process (PID=7621) to work on /home/airflow/.local/lib/python3.8/site-packages/airflow/example_dags/example_kubernetes_executor.py
[2026-04-23T05:11:26.288+0000] {processor.py:830} INFO - Processing file /home/airflow/.local/lib/python3.8/site-packages/airflow/example_dags/example_kubernetes_executor.py for tasks to queue
[2026-04-23T05:11:26.289+0000] {logging_mixin.py:188} INFO - [2026-04-23T05:11:26.289+0000] {dagbag.py:538} INFO - Filling up the DagBag from /home/airflow/.local/lib/python3.8/site-packages/airflow/example_dags/example_kubernetes_executor.py
[2026-04-23T05:11:26.298+0000] {processor.py:840} INFO - DAG(s) 'example_kubernetes_executor' retrieved from /home/airflow/.local/lib/python3.8/site-packages/airflow/example_dags/example_kubernetes_executor.py
[2026-04-23T05:11:26.322+0000] {logging_mixin.py:188} INFO - [2026-04-23T05:11:26.322+0000] {dag.py:3036} INFO - Sync 1 DAGs
[2026-04-23T05:11:26.332+0000] {logging_mixin.py:188} INFO - [2026-04-23T05:11:26.331+0000] {dag.py:3823} INFO - Setting next_dagrun for example_kubernetes_executor to None, run_after=None
[2026-04-23T05:11:26.342+0000] {processor.py:183} INFO - Processing /home/airflow/.local/lib/python3.8/site-packages/airflow/example_dags/example_kubernetes_executor.py took 0.057 seconds
[2026-04-23T05:11:57.018+0000] {processor.py:161} INFO - Started process (PID=7676) to work on /home/airflow/.local/lib/python3.8/site-packages/airflow/example_dags/example_kubernetes_executor.py
[2026-04-23T05:11:57.018+0000] {processor.py:830} INFO - Processing file /home/airflow/.local/lib/python3.8/site-packages/airflow/example_dags/example_kubernetes_executor.py for tasks to queue
[2026-04-23T05:11:57.019+0000] {logging_mixin.py:188} INFO - [2026-04-23T05:11:57.019+0000] {dagbag.py:538} INFO - Filling up the DagBag from /home/airflow/.local/lib/python3.8/site-packages/airflow/example_dags/example_kubernetes_executor.py
[2026-04-23T05:11:57.028+0000] {processor.py:840} INFO - DAG(s) 'example_kubernetes_executor' retrieved from /home/airflow/.local/lib/python3.8/site-packages/airflow/example_dags/example_kubernetes_executor.py
[2026-04-23T05:11:57.052+0000] {logging_mixin.py:188} INFO - [2026-04-23T05:11:57.052+0000] {dag.py:3036} INFO - Sync 1 DAGs
[2026-04-23T05:11:57.061+0000] {logging_mixin.py:188} INFO - [2026-04-23T05:11:57.061+0000] {dag.py:3823} INFO - Setting next_dagrun for example_kubernetes_executor to None, run_after=None
[2026-04-23T05:11:57.073+0000] {processor.py:183} INFO - Processing /home/airflow/.local/lib/python3.8/site-packages/airflow/example_dags/example_kubernetes_executor.py took 0.057 seconds
[2026-04-23T05:12:27.728+0000] {processor.py:161} INFO - Started process (PID=7731) to work on /home/airflow/.local/lib/python3.8/site-packages/airflow/example_dags/example_kubernetes_executor.py
[2026-04-23T05:12:27.729+0000] {processor.py:830} INFO - Processing file /home/airflow/.local/lib/python3.8/site-packages/airflow/example_dags/example_kubernetes_executor.py for tasks to queue
[2026-04-23T05:12:27.730+0000] {logging_mixin.py:188} INFO - [2026-04-23T05:12:27.730+0000] {dagbag.py:538} INFO - Filling up the DagBag from /home/airflow/.local/lib/python3.8/site-packages/airflow/example_dags/example_kubernetes_executor.py
[2026-04-23T05:12:27.738+0000] {processor.py:840} INFO - DAG(s) 'example_kubernetes_executor' retrieved from /home/airflow/.local/lib/python3.8/site-packages/airflow/example_dags/example_kubernetes_executor.py
[2026-04-23T05:12:27.762+0000] {logging_mixin.py:188} INFO - [2026-04-23T05:12:27.762+0000] {dag.py:3036} INFO - Sync 1 DAGs
[2026-04-23T05:12:27.770+0000] {logging_mixin.py:188} INFO - [2026-04-23T05:12:27.770+0000] {dag.py:3823} INFO - Setting next_dagrun for example_kubernetes_executor to None, run_after=None
[2026-04-23T05:12:27.782+0000] {processor.py:183} INFO - Processing /home/airflow/.local/lib/python3.8/site-packages/airflow/example_dags/example_kubernetes_executor.py took 0.056 seconds
[2026-04-23T05:12:58.512+0000] {processor.py:161} INFO - Started process (PID=7786) to work on /home/airflow/.local/lib/python3.8/site-packages/airflow/example_dags/example_kubernetes_executor.py
[2026-04-23T05:12:58.513+0000] {processor.py:830} INFO - Processing file /home/airflow/.local/lib/python3.8/site-packages/airflow/example_dags/example_kubernetes_executor.py for tasks to queue
[2026-04-23T05:12:58.514+0000] {logging_mixin.py:188} INFO - [2026-04-23T05:12:58.514+0000] {dagbag.py:538} INFO - Filling up the DagBag from /home/airflow/.local/lib/python3.8/site-packages/airflow/example_dags/example_kubernetes_executor.py
[2026-04-23T05:12:58.523+0000] {processor.py:840} INFO - DAG(s) 'example_kubernetes_executor' retrieved from /home/airflow/.local/lib/python3.8/site-packages/airflow/example_dags/example_kubernetes_executor.py
[2026-04-23T05:12:58.548+0000] {logging_mixin.py:188} INFO - [2026-04-23T05:12:58.548+0000] {dag.py:3036} INFO - Sync 1 DAGs
[2026-04-23T05:12:58.556+0000] {logging_mixin.py:188} INFO - [2026-04-23T05:12:58.556+0000] {dag.py:3823} INFO - Setting next_dagrun for example_kubernetes_executor to None, run_after=None
[2026-04-23T05:12:58.566+0000] {processor.py:183} INFO - Processing /home/airflow/.local/lib/python3.8/site-packages/airflow/example_dags/example_kubernetes_executor.py took 0.056 seconds
[2026-04-23T05:13:29.210+0000] {processor.py:161} INFO - Started process (PID=7841) to work on /home/airflow/.local/lib/python3.8/site-packages/airflow/example_dags/example_kubernetes_executor.py
[2026-04-23T05:13:29.211+0000] {processor.py:830} INFO - Processing file /home/airflow/.local/lib/python3.8/site-packages/airflow/example_dags/example_kubernetes_executor.py for tasks to queue
[2026-04-23T05:13:29.212+0000] {logging_mixin.py:188} INFO - [2026-04-23T05:13:29.212+0000] {dagbag.py:538} INFO - Filling up the DagBag from /home/airflow/.local/lib/python3.8/site-packages/airflow/example_dags/example_kubernetes_executor.py
[2026-04-23T05:13:29.221+0000] {processor.py:840} INFO - DAG(s) 'example_kubernetes_executor' retrieved from /home/airflow/.local/lib/python3.8/site-packages/airflow/example_dags/example_kubernetes_executor.py
[2026-04-23T05:13:29.245+0000] {logging_mixin.py:188} INFO - [2026-04-23T05:13:29.245+0000] {dag.py:3036} INFO - Sync 1 DAGs
[2026-04-23T05:13:29.252+0000] {logging_mixin.py:188} INFO - [2026-04-23T05:13:29.252+0000] {dag.py:3823} INFO - Setting next_dagrun for example_kubernetes_executor to None, run_after=None
[2026-04-23T05:13:29.262+0000] {processor.py:183} INFO - Processing /home/airflow/.local/lib/python3.8/site-packages/airflow/example_dags/example_kubernetes_executor.py took 0.054 seconds
[2026-04-23T05:13:59.948+0000] {processor.py:161} INFO - Started process (PID=7896) to work on /home/airflow/.local/lib/python3.8/site-packages/airflow/example_dags/example_kubernetes_executor.py
[2026-04-23T05:13:59.949+0000] {processor.py:830} INFO - Processing file /home/airflow/.local/lib/python3.8/site-packages/airflow/example_dags/example_kubernetes_executor.py for tasks to queue
[2026-04-23T05:13:59.950+0000] {logging_mixin.py:188} INFO - [2026-04-23T05:13:59.950+0000] {dagbag.py:538} INFO - Filling up the DagBag from /home/airflow/.local/lib/python3.8/site-packages/airflow/example_dags/example_kubernetes_executor.py
[2026-04-23T05:13:59.959+0000] {processor.py:840} INFO - DAG(s) 'example_kubernetes_executor' retrieved from /home/airflow/.local/lib/python3.8/site-packages/airflow/example_dags/example_kubernetes_executor.py
[2026-04-23T05:13:59.982+0000] {logging_mixin.py:188} INFO - [2026-04-23T05:13:59.981+0000] {dag.py:3036} INFO - Sync 1 DAGs
[2026-04-23T05:13:59.989+0000] {logging_mixin.py:188} INFO - [2026-04-23T05:13:59.989+0000] {dag.py:3823} INFO - Setting next_dagrun for example_kubernetes_executor to None, run_after=None
[2026-04-23T05:13:59.999+0000] {processor.py:183} INFO - Processing /home/airflow/.local/lib/python3.8/site-packages/airflow/example_dags/example_kubernetes_executor.py took 0.053 seconds
[2026-04-23T05:14:30.676+0000] {processor.py:161} INFO - Started process (PID=7951) to work on /home/airflow/.local/lib/python3.8/site-packages/airflow/example_dags/example_kubernetes_executor.py
[2026-04-23T05:14:30.677+0000] {processor.py:830} INFO - Processing file /home/airflow/.local/lib/python3.8/site-packages/airflow/example_dags/example_kubernetes_executor.py for tasks to queue
[2026-04-23T05:14:30.678+0000] {logging_mixin.py:188} INFO - [2026-04-23T05:14:30.677+0000] {dagbag.py:538} INFO - Filling up the DagBag from /home/airflow/.local/lib/python3.8/site-packages/airflow/example_dags/example_kubernetes_executor.py
[2026-04-23T05:14:30.687+0000] {processor.py:840} INFO - DAG(s) 'example_kubernetes_executor' retrieved from /home/airflow/.local/lib/python3.8/site-packages/airflow/example_dags/example_kubernetes_executor.py
[2026-04-23T05:14:30.711+0000] {logging_mixin.py:188} INFO - [2026-04-23T05:14:30.711+0000] {dag.py:3036} INFO - Sync 1 DAGs
[2026-04-23T05:14:30.719+0000] {logging_mixin.py:188} INFO - [2026-04-23T05:14:30.719+0000] {dag.py:3823} INFO - Setting next_dagrun for example_kubernetes_executor to None, run_after=None
[2026-04-23T05:14:30.730+0000] {processor.py:183} INFO - Processing /home/airflow/.local/lib/python3.8/site-packages/airflow/example_dags/example_kubernetes_executor.py took 0.057 seconds
[2026-04-23T05:15:01.344+0000] {processor.py:161} INFO - Started process (PID=8006) to work on /home/airflow/.local/lib/python3.8/site-packages/airflow/example_dags/example_kubernetes_executor.py
[2026-04-23T05:15:01.344+0000] {processor.py:830} INFO - Processing file /home/airflow/.local/lib/python3.8/site-packages/airflow/example_dags/example_kubernetes_executor.py for tasks to queue
[2026-04-23T05:15:01.345+0000] {logging_mixin.py:188} INFO - [2026-04-23T05:15:01.345+0000] {dagbag.py:538} INFO - Filling up the DagBag from /home/airflow/.local/lib/python3.8/site-packages/airflow/example_dags/example_kubernetes_executor.py
[2026-04-23T05:15:01.354+0000] {processor.py:840} INFO - DAG(s) 'example_kubernetes_executor' retrieved from /home/airflow/.local/lib/python3.8/site-packages/airflow/example_dags/example_kubernetes_executor.py
[2026-04-23T05:15:01.378+0000] {logging_mixin.py:188} INFO - [2026-04-23T05:15:01.377+0000] {dag.py:3036} INFO - Sync 1 DAGs
[2026-04-23T05:15:01.385+0000] {logging_mixin.py:188} INFO - [2026-04-23T05:15:01.385+0000] {dag.py:3823} INFO - Setting next_dagrun for example_kubernetes_executor to None, run_after=None
[2026-04-23T05:15:01.395+0000] {processor.py:183} INFO - Processing /home/airflow/.local/lib/python3.8/site-packages/airflow/example_dags/example_kubernetes_executor.py took 0.054 seconds
[2026-04-23T05:15:32.004+0000] {processor.py:161} INFO - Started process (PID=8061) to work on /home/airflow/.local/lib/python3.8/site-packages/airflow/example_dags/example_kubernetes_executor.py
[2026-04-23T05:15:32.005+0000] {processor.py:830} INFO - Processing file /home/airflow/.local/lib/python3.8/site-packages/airflow/example_dags/example_kubernetes_executor.py for tasks to queue
[2026-04-23T05:15:32.006+0000] {logging_mixin.py:188} INFO - [2026-04-23T05:15:32.006+0000] {dagbag.py:538} INFO - Filling up the DagBag from /home/airflow/.local/lib/python3.8/site-packages/airflow/example_dags/example_kubernetes_executor.py
[2026-04-23T05:15:32.015+0000] {processor.py:840} INFO - DAG(s) 'example_kubernetes_executor' retrieved from /home/airflow/.local/lib/python3.8/site-packages/airflow/example_dags/example_kubernetes_executor.py
[2026-04-23T05:15:32.039+0000] {logging_mixin.py:188} INFO - [2026-04-23T05:15:32.038+0000] {dag.py:3036} INFO - Sync 1 DAGs
[2026-04-23T05:15:32.047+0000] {logging_mixin.py:188} INFO - [2026-04-23T05:15:32.047+0000] {dag.py:3823} INFO - Setting next_dagrun for example_kubernetes_executor to None, run_after=None
[2026-04-23T05:15:32.057+0000] {processor.py:183} INFO - Processing /home/airflow/.local/lib/python3.8/site-packages/airflow/example_dags/example_kubernetes_executor.py took 0.056 seconds
[2026-04-23T05:16:02.726+0000] {processor.py:161} INFO - Started process (PID=8116) to work on /home/airflow/.local/lib/python3.8/site-packages/airflow/example_dags/example_kubernetes_executor.py
[2026-04-23T05:16:02.727+0000] {processor.py:830} INFO - Processing file /home/airflow/.local/lib/python3.8/site-packages/airflow/example_dags/example_kubernetes_executor.py for tasks to queue
[2026-04-23T05:16:02.728+0000] {logging_mixin.py:188} INFO - [2026-04-23T05:16:02.728+0000] {dagbag.py:538} INFO - Filling up the DagBag from /home/airflow/.local/lib/python3.8/site-packages/airflow/example_dags/example_kubernetes_executor.py
[2026-04-23T05:16:02.737+0000] {processor.py:840} INFO - DAG(s) 'example_kubernetes_executor' retrieved from /home/airflow/.local/lib/python3.8/site-packages/airflow/example_dags/example_kubernetes_executor.py
[2026-04-23T05:16:02.760+0000] {logging_mixin.py:188} INFO - [2026-04-23T05:16:02.760+0000] {dag.py:3036} INFO - Sync 1 DAGs
[2026-04-23T05:16:02.768+0000] {logging_mixin.py:188} INFO - [2026-04-23T05:16:02.768+0000] {dag.py:3823} INFO - Setting next_dagrun for example_kubernetes_executor to None, run_after=None
[2026-04-23T05:16:02.778+0000] {processor.py:183} INFO - Processing /home/airflow/.local/lib/python3.8/site-packages/airflow/example_dags/example_kubernetes_executor.py took 0.054 seconds
[2026-04-23T05:16:33.448+0000] {processor.py:161} INFO - Started process (PID=8171) to work on /home/airflow/.local/lib/python3.8/site-packages/airflow/example_dags/example_kubernetes_executor.py
[2026-04-23T05:16:33.449+0000] {processor.py:830} INFO - Processing file /home/airflow/.local/lib/python3.8/site-packages/airflow/example_dags/example_kubernetes_executor.py for tasks to queue
[2026-04-23T05:16:33.450+0000] {logging_mixin.py:188} INFO - [2026-04-23T05:16:33.450+0000] {dagbag.py:538} INFO - Filling up the DagBag from /home/airflow/.local/lib/python3.8/site-packages/airflow/example_dags/example_kubernetes_executor.py
[2026-04-23T05:16:33.459+0000] {processor.py:840} INFO - DAG(s) 'example_kubernetes_executor' retrieved from /home/airflow/.local/lib/python3.8/site-packages/airflow/example_dags/example_kubernetes_executor.py
[2026-04-23T05:16:33.482+0000] {logging_mixin.py:188} INFO - [2026-04-23T05:16:33.482+0000] {dag.py:3036} INFO - Sync 1 DAGs
[2026-04-23T05:16:33.491+0000] {logging_mixin.py:188} INFO - [2026-04-23T05:16:33.491+0000] {dag.py:3823} INFO - Setting next_dagrun for example_kubernetes_executor to None, run_after=None
[2026-04-23T05:16:33.500+0000] {processor.py:183} INFO - Processing /home/airflow/.local/lib/python3.8/site-packages/airflow/example_dags/example_kubernetes_executor.py took 0.055 seconds
[2026-04-23T05:17:04.129+0000] {processor.py:161} INFO - Started process (PID=8226) to work on /home/airflow/.local/lib/python3.8/site-packages/airflow/example_dags/example_kubernetes_executor.py
[2026-04-23T05:17:04.129+0000] {processor.py:830} INFO - Processing file /home/airflow/.local/lib/python3.8/site-packages/airflow/example_dags/example_kubernetes_executor.py for tasks to queue
[2026-04-23T05:17:04.130+0000] {logging_mixin.py:188} INFO - [2026-04-23T05:17:04.130+0000] {dagbag.py:538} INFO - Filling up the DagBag from /home/airflow/.local/lib/python3.8/site-packages/airflow/example_dags/example_kubernetes_executor.py
[2026-04-23T05:17:04.139+0000] {processor.py:840} INFO - DAG(s) 'example_kubernetes_executor' retrieved from /home/airflow/.local/lib/python3.8/site-packages/airflow/example_dags/example_kubernetes_executor.py
[2026-04-23T05:17:04.163+0000] {logging_mixin.py:188} INFO - [2026-04-23T05:17:04.163+0000] {dag.py:3036} INFO - Sync 1 DAGs
[2026-04-23T05:17:04.172+0000] {logging_mixin.py:188} INFO - [2026-04-23T05:17:04.171+0000] {dag.py:3823} INFO - Setting next_dagrun for example_kubernetes_executor to None, run_after=None
[2026-04-23T05:17:04.182+0000] {processor.py:183} INFO - Processing /home/airflow/.local/lib/python3.8/site-packages/airflow/example_dags/example_kubernetes_executor.py took 0.055 seconds
[2026-04-23T05:17:34.846+0000] {processor.py:161} INFO - Started process (PID=8281) to work on /home/airflow/.local/lib/python3.8/site-packages/airflow/example_dags/example_kubernetes_executor.py
[2026-04-23T05:17:34.847+0000] {processor.py:830} INFO - Processing file /home/airflow/.local/lib/python3.8/site-packages/airflow/example_dags/example_kubernetes_executor.py for tasks to queue
[2026-04-23T05:17:34.848+0000] {logging_mixin.py:188} INFO - [2026-04-23T05:17:34.848+0000] {dagbag.py:538} INFO - Filling up the DagBag from /home/airflow/.local/lib/python3.8/site-packages/airflow/example_dags/example_kubernetes_executor.py
[2026-04-23T05:17:34.858+0000] {processor.py:840} INFO - DAG(s) 'example_kubernetes_executor' retrieved from /home/airflow/.local/lib/python3.8/site-packages/airflow/example_dags/example_kubernetes_executor.py
[2026-04-23T05:17:34.883+0000] {logging_mixin.py:188} INFO - [2026-04-23T05:17:34.883+0000] {dag.py:3036} INFO - Sync 1 DAGs
[2026-04-23T05:17:34.891+0000] {logging_mixin.py:188} INFO - [2026-04-23T05:17:34.891+0000] {dag.py:3823} INFO - Setting next_dagrun for example_kubernetes_executor to None, run_after=None
[2026-04-23T05:17:34.903+0000] {processor.py:183} INFO - Processing /home/airflow/.local/lib/python3.8/site-packages/airflow/example_dags/example_kubernetes_executor.py took 0.060 seconds
[2026-04-23T05:18:05.579+0000] {processor.py:161} INFO - Started process (PID=8336) to work on /home/airflow/.local/lib/python3.8/site-packages/airflow/example_dags/example_kubernetes_executor.py
[2026-04-23T05:18:05.580+0000] {processor.py:830} INFO - Processing file /home/airflow/.local/lib/python3.8/site-packages/airflow/example_dags/example_kubernetes_executor.py for tasks to queue
[2026-04-23T05:18:05.581+0000] {logging_mixin.py:188} INFO - [2026-04-23T05:18:05.581+0000] {dagbag.py:538} INFO - Filling up the DagBag from /home/airflow/.local/lib/python3.8/site-packages/airflow/example_dags/example_kubernetes_executor.py
[2026-04-23T05:18:05.589+0000] {processor.py:840} INFO - DAG(s) 'example_kubernetes_executor' retrieved from /home/airflow/.local/lib/python3.8/site-packages/airflow/example_dags/example_kubernetes_executor.py
[2026-04-23T05:18:05.612+0000] {logging_mixin.py:188} INFO - [2026-04-23T05:18:05.612+0000] {dag.py:3036} INFO - Sync 1 DAGs
[2026-04-23T05:18:05.620+0000] {logging_mixin.py:188} INFO - [2026-04-23T05:18:05.620+0000] {dag.py:3823} INFO - Setting next_dagrun for example_kubernetes_executor to None, run_after=None
[2026-04-23T05:18:05.630+0000] {processor.py:183} INFO - Processing /home/airflow/.local/lib/python3.8/site-packages/airflow/example_dags/example_kubernetes_executor.py took 0.053 seconds
[2026-04-23T05:18:36.180+0000] {processor.py:161} INFO - Started process (PID=8391) to work on /home/airflow/.local/lib/python3.8/site-packages/airflow/example_dags/example_kubernetes_executor.py
[2026-04-23T05:18:36.181+0000] {processor.py:830} INFO - Processing file /home/airflow/.local/lib/python3.8/site-packages/airflow/example_dags/example_kubernetes_executor.py for tasks to queue
[2026-04-23T05:18:36.182+0000] {logging_mixin.py:188} INFO - [2026-04-23T05:18:36.182+0000] {dagbag.py:538} INFO - Filling up the DagBag from /home/airflow/.local/lib/python3.8/site-packages/airflow/example_dags/example_kubernetes_executor.py
[2026-04-23T05:18:36.190+0000] {processor.py:840} INFO - DAG(s) 'example_kubernetes_executor' retrieved from /home/airflow/.local/lib/python3.8/site-packages/airflow/example_dags/example_kubernetes_executor.py
[2026-04-23T05:18:36.214+0000] {logging_mixin.py:188} INFO - [2026-04-23T05:18:36.214+0000] {dag.py:3036} INFO - Sync 1 DAGs
[2026-04-23T05:18:36.222+0000] {logging_mixin.py:188} INFO - [2026-04-23T05:18:36.222+0000] {dag.py:3823} INFO - Setting next_dagrun for example_kubernetes_executor to None, run_after=None
[2026-04-23T05:18:36.232+0000] {processor.py:183} INFO - Processing /home/airflow/.local/lib/python3.8/site-packages/airflow/example_dags/example_kubernetes_executor.py took 0.054 seconds
[2026-04-23T05:19:07.017+0000] {processor.py:161} INFO - Started process (PID=8446) to work on /home/airflow/.local/lib/python3.8/site-packages/airflow/example_dags/example_kubernetes_executor.py
[2026-04-23T05:19:07.018+0000] {processor.py:830} INFO - Processing file /home/airflow/.local/lib/python3.8/site-packages/airflow/example_dags/example_kubernetes_executor.py for tasks to queue
[2026-04-23T05:19:07.019+0000] {logging_mixin.py:188} INFO - [2026-04-23T05:19:07.019+0000] {dagbag.py:538} INFO - Filling up the DagBag from /home/airflow/.local/lib/python3.8/site-packages/airflow/example_dags/example_kubernetes_executor.py
[2026-04-23T05:19:07.028+0000] {processor.py:840} INFO - DAG(s) 'example_kubernetes_executor' retrieved from /home/airflow/.local/lib/python3.8/site-packages/airflow/example_dags/example_kubernetes_executor.py
[2026-04-23T05:19:07.051+0000] {logging_mixin.py:188} INFO - [2026-04-23T05:19:07.051+0000] {dag.py:3036} INFO - Sync 1 DAGs
[2026-04-23T05:19:07.059+0000] {logging_mixin.py:188} INFO - [2026-04-23T05:19:07.059+0000] {dag.py:3823} INFO - Setting next_dagrun for example_kubernetes_executor to None, run_after=None
[2026-04-23T05:19:07.069+0000] {processor.py:183} INFO - Processing /home/airflow/.local/lib/python3.8/site-packages/airflow/example_dags/example_kubernetes_executor.py took 0.053 seconds
[2026-04-23T05:19:37.658+0000] {processor.py:161} INFO - Started process (PID=8501) to work on /home/airflow/.local/lib/python3.8/site-packages/airflow/example_dags/example_kubernetes_executor.py
[2026-04-23T05:19:37.659+0000] {processor.py:830} INFO - Processing file /home/airflow/.local/lib/python3.8/site-packages/airflow/example_dags/example_kubernetes_executor.py for tasks to queue
[2026-04-23T05:19:37.660+0000] {logging_mixin.py:188} INFO - [2026-04-23T05:19:37.660+0000] {dagbag.py:538} INFO - Filling up the DagBag from /home/airflow/.local/lib/python3.8/site-packages/airflow/example_dags/example_kubernetes_executor.py
[2026-04-23T05:19:37.668+0000] {processor.py:840} INFO - DAG(s) 'example_kubernetes_executor' retrieved from /home/airflow/.local/lib/python3.8/site-packages/airflow/example_dags/example_kubernetes_executor.py
[2026-04-23T05:19:37.692+0000] {logging_mixin.py:188} INFO - [2026-04-23T05:19:37.691+0000] {dag.py:3036} INFO - Sync 1 DAGs
[2026-04-23T05:19:37.699+0000] {logging_mixin.py:188} INFO - [2026-04-23T05:19:37.699+0000] {dag.py:3823} INFO - Setting next_dagrun for example_kubernetes_executor to None, run_after=None
[2026-04-23T05:19:37.710+0000] {processor.py:183} INFO - Processing /home/airflow/.local/lib/python3.8/site-packages/airflow/example_dags/example_kubernetes_executor.py took 0.054 seconds
[2026-04-23T05:20:08.472+0000] {processor.py:161} INFO - Started process (PID=8556) to work on /home/airflow/.local/lib/python3.8/site-packages/airflow/example_dags/example_kubernetes_executor.py
[2026-04-23T05:20:08.473+0000] {processor.py:830} INFO - Processing file /home/airflow/.local/lib/python3.8/site-packages/airflow/example_dags/example_kubernetes_executor.py for tasks to queue
[2026-04-23T05:20:08.474+0000] {logging_mixin.py:188} INFO - [2026-04-23T05:20:08.473+0000] {dagbag.py:538} INFO - Filling up the DagBag from /home/airflow/.local/lib/python3.8/site-packages/airflow/example_dags/example_kubernetes_executor.py
[2026-04-23T05:20:08.482+0000] {processor.py:840} INFO - DAG(s) 'example_kubernetes_executor' retrieved from /home/airflow/.local/lib/python3.8/site-packages/airflow/example_dags/example_kubernetes_executor.py
[2026-04-23T05:20:08.506+0000] {logging_mixin.py:188} INFO - [2026-04-23T05:20:08.506+0000] {dag.py:3036} INFO - Sync 1 DAGs
[2026-04-23T05:20:08.513+0000] {logging_mixin.py:188} INFO - [2026-04-23T05:20:08.513+0000] {dag.py:3823} INFO - Setting next_dagrun for example_kubernetes_executor to None, run_after=None
[2026-04-23T05:20:08.523+0000] {processor.py:183} INFO - Processing /home/airflow/.local/lib/python3.8/site-packages/airflow/example_dags/example_kubernetes_executor.py took 0.053 seconds
[2026-04-23T05:20:39.137+0000] {processor.py:161} INFO - Started process (PID=8611) to work on /home/airflow/.local/lib/python3.8/site-packages/airflow/example_dags/example_kubernetes_executor.py
[2026-04-23T05:20:39.138+0000] {processor.py:830} INFO - Processing file /home/airflow/.local/lib/python3.8/site-packages/airflow/example_dags/example_kubernetes_executor.py for tasks to queue
[2026-04-23T05:20:39.139+0000] {logging_mixin.py:188} INFO - [2026-04-23T05:20:39.139+0000] {dagbag.py:538} INFO - Filling up the DagBag from /home/airflow/.local/lib/python3.8/site-packages/airflow/example_dags/example_kubernetes_executor.py
[2026-04-23T05:20:39.148+0000] {processor.py:840} INFO - DAG(s) 'example_kubernetes_executor' retrieved from /home/airflow/.local/lib/python3.8/site-packages/airflow/example_dags/example_kubernetes_executor.py
[2026-04-23T05:20:39.172+0000] {logging_mixin.py:188} INFO - [2026-04-23T05:20:39.172+0000] {dag.py:3036} INFO - Sync 1 DAGs
[2026-04-23T05:20:39.180+0000] {logging_mixin.py:188} INFO - [2026-04-23T05:20:39.180+0000] {dag.py:3823} INFO - Setting next_dagrun for example_kubernetes_executor to None, run_after=None
[2026-04-23T05:20:39.190+0000] {processor.py:183} INFO - Processing /home/airflow/.local/lib/python3.8/site-packages/airflow/example_dags/example_kubernetes_executor.py took 0.055 seconds
[2026-04-23T05:21:09.842+0000] {processor.py:161} INFO - Started process (PID=8666) to work on /home/airflow/.local/lib/python3.8/site-packages/airflow/example_dags/example_kubernetes_executor.py
[2026-04-23T05:21:09.843+0000] {processor.py:830} INFO - Processing file /home/airflow/.local/lib/python3.8/site-packages/airflow/example_dags/example_kubernetes_executor.py for tasks to queue
[2026-04-23T05:21:09.844+0000] {logging_mixin.py:188} INFO - [2026-04-23T05:21:09.844+0000] {dagbag.py:538} INFO - Filling up the DagBag from /home/airflow/.local/lib/python3.8/site-packages/airflow/example_dags/example_kubernetes_executor.py
[2026-04-23T05:21:09.852+0000] {processor.py:840} INFO - DAG(s) 'example_kubernetes_executor' retrieved from /home/airflow/.local/lib/python3.8/site-packages/airflow/example_dags/example_kubernetes_executor.py
[2026-04-23T05:21:09.876+0000] {logging_mixin.py:188} INFO - [2026-04-23T05:21:09.876+0000] {dag.py:3036} INFO - Sync 1 DAGs
[2026-04-23T05:21:09.883+0000] {logging_mixin.py:188} INFO - [2026-04-23T05:21:09.883+0000] {dag.py:3823} INFO - Setting next_dagrun for example_kubernetes_executor to None, run_after=None
[2026-04-23T05:21:09.893+0000] {processor.py:183} INFO - Processing /home/airflow/.local/lib/python3.8/site-packages/airflow/example_dags/example_kubernetes_executor.py took 0.053 seconds
[2026-04-23T05:21:40.618+0000] {processor.py:161} INFO - Started process (PID=8721) to work on /home/airflow/.local/lib/python3.8/site-packages/airflow/example_dags/example_kubernetes_executor.py
[2026-04-23T05:21:40.619+0000] {processor.py:830} INFO - Processing file /home/airflow/.local/lib/python3.8/site-packages/airflow/example_dags/example_kubernetes_executor.py for tasks to queue
[2026-04-23T05:21:40.620+0000] {logging_mixin.py:188} INFO - [2026-04-23T05:21:40.619+0000] {dagbag.py:538} INFO - Filling up the DagBag from /home/airflow/.local/lib/python3.8/site-packages/airflow/example_dags/example_kubernetes_executor.py
[2026-04-23T05:21:40.628+0000] {processor.py:840} INFO - DAG(s) 'example_kubernetes_executor' retrieved from /home/airflow/.local/lib/python3.8/site-packages/airflow/example_dags/example_kubernetes_executor.py
[2026-04-23T05:21:40.653+0000] {logging_mixin.py:188} INFO - [2026-04-23T05:21:40.652+0000] {dag.py:3036} INFO - Sync 1 DAGs
[2026-04-23T05:21:40.660+0000] {logging_mixin.py:188} INFO - [2026-04-23T05:21:40.660+0000] {dag.py:3823} INFO - Setting next_dagrun for example_kubernetes_executor to None, run_after=None
[2026-04-23T05:21:40.671+0000] {processor.py:183} INFO - Processing /home/airflow/.local/lib/python3.8/site-packages/airflow/example_dags/example_kubernetes_executor.py took 0.055 seconds
[2026-04-23T05:22:10.771+0000] {processor.py:161} INFO - Started process (PID=8776) to work on /home/airflow/.local/lib/python3.8/site-packages/airflow/example_dags/example_kubernetes_executor.py
[2026-04-23T05:22:10.772+0000] {processor.py:830} INFO - Processing file /home/airflow/.local/lib/python3.8/site-packages/airflow/example_dags/example_kubernetes_executor.py for tasks to queue
[2026-04-23T05:22:10.773+0000] {logging_mixin.py:188} INFO - [2026-04-23T05:22:10.773+0000] {dagbag.py:538} INFO - Filling up the DagBag from /home/airflow/.local/lib/python3.8/site-packages/airflow/example_dags/example_kubernetes_executor.py
[2026-04-23T05:22:10.783+0000] {processor.py:840} INFO - DAG(s) 'example_kubernetes_executor' retrieved from /home/airflow/.local/lib/python3.8/site-packages/airflow/example_dags/example_kubernetes_executor.py
[2026-04-23T05:22:10.811+0000] {logging_mixin.py:188} INFO - [2026-04-23T05:22:10.810+0000] {dag.py:3036} INFO - Sync 1 DAGs
[2026-04-23T05:22:10.820+0000] {logging_mixin.py:188} INFO - [2026-04-23T05:22:10.819+0000] {dag.py:3823} INFO - Setting next_dagrun for example_kubernetes_executor to None, run_after=None
[2026-04-23T05:22:10.830+0000] {processor.py:183} INFO - Processing /home/airflow/.local/lib/python3.8/site-packages/airflow/example_dags/example_kubernetes_executor.py took 0.062 seconds
[2026-04-23T05:22:41.054+0000] {processor.py:161} INFO - Started process (PID=8831) to work on /home/airflow/.local/lib/python3.8/site-packages/airflow/example_dags/example_kubernetes_executor.py
[2026-04-23T05:22:41.055+0000] {processor.py:830} INFO - Processing file /home/airflow/.local/lib/python3.8/site-packages/airflow/example_dags/example_kubernetes_executor.py for tasks to queue
[2026-04-23T05:22:41.056+0000] {logging_mixin.py:188} INFO - [2026-04-23T05:22:41.056+0000] {dagbag.py:538} INFO - Filling up the DagBag from /home/airflow/.local/lib/python3.8/site-packages/airflow/example_dags/example_kubernetes_executor.py
[2026-04-23T05:22:41.065+0000] {processor.py:840} INFO - DAG(s) 'example_kubernetes_executor' retrieved from /home/airflow/.local/lib/python3.8/site-packages/airflow/example_dags/example_kubernetes_executor.py
[2026-04-23T05:22:41.090+0000] {logging_mixin.py:188} INFO - [2026-04-23T05:22:41.090+0000] {dag.py:3036} INFO - Sync 1 DAGs
[2026-04-23T05:22:41.098+0000] {logging_mixin.py:188} INFO - [2026-04-23T05:22:41.098+0000] {dag.py:3823} INFO - Setting next_dagrun for example_kubernetes_executor to None, run_after=None
[2026-04-23T05:22:41.110+0000] {processor.py:183} INFO - Processing /home/airflow/.local/lib/python3.8/site-packages/airflow/example_dags/example_kubernetes_executor.py took 0.058 seconds
[2026-04-23T05:23:11.266+0000] {processor.py:161} INFO - Started process (PID=8887) to work on /home/airflow/.local/lib/python3.8/site-packages/airflow/example_dags/example_kubernetes_executor.py
[2026-04-23T05:23:11.266+0000] {processor.py:830} INFO - Processing file /home/airflow/.local/lib/python3.8/site-packages/airflow/example_dags/example_kubernetes_executor.py for tasks to queue
[2026-04-23T05:23:11.268+0000] {logging_mixin.py:188} INFO - [2026-04-23T05:23:11.267+0000] {dagbag.py:538} INFO - Filling up the DagBag from /home/airflow/.local/lib/python3.8/site-packages/airflow/example_dags/example_kubernetes_executor.py
[2026-04-23T05:23:11.277+0000] {processor.py:840} INFO - DAG(s) 'example_kubernetes_executor' retrieved from /home/airflow/.local/lib/python3.8/site-packages/airflow/example_dags/example_kubernetes_executor.py
[2026-04-23T05:23:11.301+0000] {logging_mixin.py:188} INFO - [2026-04-23T05:23:11.301+0000] {dag.py:3036} INFO - Sync 1 DAGs
[2026-04-23T05:23:11.309+0000] {logging_mixin.py:188} INFO - [2026-04-23T05:23:11.309+0000] {dag.py:3823} INFO - Setting next_dagrun for example_kubernetes_executor to None, run_after=None
[2026-04-23T05:23:11.319+0000] {processor.py:183} INFO - Processing /home/airflow/.local/lib/python3.8/site-packages/airflow/example_dags/example_kubernetes_executor.py took 0.056 seconds
[2026-04-23T05:23:41.406+0000] {processor.py:161} INFO - Started process (PID=8941) to work on /home/airflow/.local/lib/python3.8/site-packages/airflow/example_dags/example_kubernetes_executor.py
[2026-04-23T05:23:41.407+0000] {processor.py:830} INFO - Processing file /home/airflow/.local/lib/python3.8/site-packages/airflow/example_dags/example_kubernetes_executor.py for tasks to queue
[2026-04-23T05:23:41.408+0000] {logging_mixin.py:188} INFO - [2026-04-23T05:23:41.408+0000] {dagbag.py:538} INFO - Filling up the DagBag from /home/airflow/.local/lib/python3.8/site-packages/airflow/example_dags/example_kubernetes_executor.py
[2026-04-23T05:23:41.417+0000] {processor.py:840} INFO - DAG(s) 'example_kubernetes_executor' retrieved from /home/airflow/.local/lib/python3.8/site-packages/airflow/example_dags/example_kubernetes_executor.py
[2026-04-23T05:23:41.441+0000] {logging_mixin.py:188} INFO - [2026-04-23T05:23:41.441+0000] {dag.py:3036} INFO - Sync 1 DAGs
[2026-04-23T05:23:41.451+0000] {logging_mixin.py:188} INFO - [2026-04-23T05:23:41.450+0000] {dag.py:3823} INFO - Setting next_dagrun for example_kubernetes_executor to None, run_after=None
[2026-04-23T05:23:41.461+0000] {processor.py:183} INFO - Processing /home/airflow/.local/lib/python3.8/site-packages/airflow/example_dags/example_kubernetes_executor.py took 0.057 seconds
[2026-04-23T05:24:12.293+0000] {processor.py:161} INFO - Started process (PID=8996) to work on /home/airflow/.local/lib/python3.8/site-packages/airflow/example_dags/example_kubernetes_executor.py
[2026-04-23T05:24:12.294+0000] {processor.py:830} INFO - Processing file /home/airflow/.local/lib/python3.8/site-packages/airflow/example_dags/example_kubernetes_executor.py for tasks to queue
[2026-04-23T05:24:12.295+0000] {logging_mixin.py:188} INFO - [2026-04-23T05:24:12.295+0000] {dagbag.py:538} INFO - Filling up the DagBag from /home/airflow/.local/lib/python3.8/site-packages/airflow/example_dags/example_kubernetes_executor.py
[2026-04-23T05:24:12.304+0000] {processor.py:840} INFO - DAG(s) 'example_kubernetes_executor' retrieved from /home/airflow/.local/lib/python3.8/site-packages/airflow/example_dags/example_kubernetes_executor.py
[2026-04-23T05:24:12.328+0000] {logging_mixin.py:188} INFO - [2026-04-23T05:24:12.328+0000] {dag.py:3036} INFO - Sync 1 DAGs
[2026-04-23T05:24:12.337+0000] {logging_mixin.py:188} INFO - [2026-04-23T05:24:12.336+0000] {dag.py:3823} INFO - Setting next_dagrun for example_kubernetes_executor to None, run_after=None
[2026-04-23T05:24:12.347+0000] {processor.py:183} INFO - Processing /home/airflow/.local/lib/python3.8/site-packages/airflow/example_dags/example_kubernetes_executor.py took 0.055 seconds
[2026-04-23T05:24:42.685+0000] {processor.py:161} INFO - Started process (PID=9051) to work on /home/airflow/.local/lib/python3.8/site-packages/airflow/example_dags/example_kubernetes_executor.py
[2026-04-23T05:24:42.686+0000] {processor.py:830} INFO - Processing file /home/airflow/.local/lib/python3.8/site-packages/airflow/example_dags/example_kubernetes_executor.py for tasks to queue
[2026-04-23T05:24:42.687+0000] {logging_mixin.py:188} INFO - [2026-04-23T05:24:42.687+0000] {dagbag.py:538} INFO - Filling up the DagBag from /home/airflow/.local/lib/python3.8/site-packages/airflow/example_dags/example_kubernetes_executor.py
[2026-04-23T05:24:42.696+0000] {processor.py:840} INFO - DAG(s) 'example_kubernetes_executor' retrieved from /home/airflow/.local/lib/python3.8/site-packages/airflow/example_dags/example_kubernetes_executor.py
[2026-04-23T05:24:42.833+0000] {logging_mixin.py:188} INFO - [2026-04-23T05:24:42.833+0000] {dag.py:3036} INFO - Sync 1 DAGs
[2026-04-23T05:24:42.841+0000] {logging_mixin.py:188} INFO - [2026-04-23T05:24:42.841+0000] {dag.py:3823} INFO - Setting next_dagrun for example_kubernetes_executor to None, run_after=None
[2026-04-23T05:24:42.852+0000] {processor.py:183} INFO - Processing /home/airflow/.local/lib/python3.8/site-packages/airflow/example_dags/example_kubernetes_executor.py took 0.169 seconds
[2026-04-23T05:25:13.379+0000] {processor.py:161} INFO - Started process (PID=9106) to work on /home/airflow/.local/lib/python3.8/site-packages/airflow/example_dags/example_kubernetes_executor.py
[2026-04-23T05:25:13.380+0000] {processor.py:830} INFO - Processing file /home/airflow/.local/lib/python3.8/site-packages/airflow/example_dags/example_kubernetes_executor.py for tasks to queue
[2026-04-23T05:25:13.381+0000] {logging_mixin.py:188} INFO - [2026-04-23T05:25:13.381+0000] {dagbag.py:538} INFO - Filling up the DagBag from /home/airflow/.local/lib/python3.8/site-packages/airflow/example_dags/example_kubernetes_executor.py
[2026-04-23T05:25:13.390+0000] {processor.py:840} INFO - DAG(s) 'example_kubernetes_executor' retrieved from /home/airflow/.local/lib/python3.8/site-packages/airflow/example_dags/example_kubernetes_executor.py
[2026-04-23T05:25:13.414+0000] {logging_mixin.py:188} INFO - [2026-04-23T05:25:13.413+0000] {dag.py:3036} INFO - Sync 1 DAGs
[2026-04-23T05:25:13.532+0000] {logging_mixin.py:188} INFO - [2026-04-23T05:25:13.532+0000] {dag.py:3823} INFO - Setting next_dagrun for example_kubernetes_executor to None, run_after=None
[2026-04-23T05:25:13.543+0000] {processor.py:183} INFO - Processing /home/airflow/.local/lib/python3.8/site-packages/airflow/example_dags/example_kubernetes_executor.py took 0.166 seconds
[2026-04-23T05:25:43.796+0000] {processor.py:161} INFO - Started process (PID=9161) to work on /home/airflow/.local/lib/python3.8/site-packages/airflow/example_dags/example_kubernetes_executor.py
[2026-04-23T05:25:43.797+0000] {processor.py:830} INFO - Processing file /home/airflow/.local/lib/python3.8/site-packages/airflow/example_dags/example_kubernetes_executor.py for tasks to queue
[2026-04-23T05:25:43.798+0000] {logging_mixin.py:188} INFO - [2026-04-23T05:25:43.798+0000] {dagbag.py:538} INFO - Filling up the DagBag from /home/airflow/.local/lib/python3.8/site-packages/airflow/example_dags/example_kubernetes_executor.py
[2026-04-23T05:25:43.807+0000] {processor.py:840} INFO - DAG(s) 'example_kubernetes_executor' retrieved from /home/airflow/.local/lib/python3.8/site-packages/airflow/example_dags/example_kubernetes_executor.py
[2026-04-23T05:25:43.831+0000] {logging_mixin.py:188} INFO - [2026-04-23T05:25:43.831+0000] {dag.py:3036} INFO - Sync 1 DAGs
[2026-04-23T05:25:43.839+0000] {logging_mixin.py:188} INFO - [2026-04-23T05:25:43.839+0000] {dag.py:3823} INFO - Setting next_dagrun for example_kubernetes_executor to None, run_after=None
[2026-04-23T05:25:43.850+0000] {processor.py:183} INFO - Processing /home/airflow/.local/lib/python3.8/site-packages/airflow/example_dags/example_kubernetes_executor.py took 0.056 seconds
[2026-04-23T05:26:13.959+0000] {processor.py:161} INFO - Started process (PID=9216) to work on /home/airflow/.local/lib/python3.8/site-packages/airflow/example_dags/example_kubernetes_executor.py
[2026-04-23T05:26:13.960+0000] {processor.py:830} INFO - Processing file /home/airflow/.local/lib/python3.8/site-packages/airflow/example_dags/example_kubernetes_executor.py for tasks to queue
[2026-04-23T05:26:13.961+0000] {logging_mixin.py:188} INFO - [2026-04-23T05:26:13.960+0000] {dagbag.py:538} INFO - Filling up the DagBag from /home/airflow/.local/lib/python3.8/site-packages/airflow/example_dags/example_kubernetes_executor.py
[2026-04-23T05:26:13.970+0000] {processor.py:840} INFO - DAG(s) 'example_kubernetes_executor' retrieved from /home/airflow/.local/lib/python3.8/site-packages/airflow/example_dags/example_kubernetes_executor.py
[2026-04-23T05:26:13.994+0000] {logging_mixin.py:188} INFO - [2026-04-23T05:26:13.993+0000] {dag.py:3036} INFO - Sync 1 DAGs
[2026-04-23T05:26:14.002+0000] {logging_mixin.py:188} INFO - [2026-04-23T05:26:14.002+0000] {dag.py:3823} INFO - Setting next_dagrun for example_kubernetes_executor to None, run_after=None
[2026-04-23T05:26:14.012+0000] {processor.py:183} INFO - Processing /home/airflow/.local/lib/python3.8/site-packages/airflow/example_dags/example_kubernetes_executor.py took 0.056 seconds
[2026-04-23T05:26:44.664+0000] {processor.py:161} INFO - Started process (PID=9271) to work on /home/airflow/.local/lib/python3.8/site-packages/airflow/example_dags/example_kubernetes_executor.py
[2026-04-23T05:26:44.665+0000] {processor.py:830} INFO - Processing file /home/airflow/.local/lib/python3.8/site-packages/airflow/example_dags/example_kubernetes_executor.py for tasks to queue
[2026-04-23T05:26:44.666+0000] {logging_mixin.py:188} INFO - [2026-04-23T05:26:44.666+0000] {dagbag.py:538} INFO - Filling up the DagBag from /home/airflow/.local/lib/python3.8/site-packages/airflow/example_dags/example_kubernetes_executor.py
[2026-04-23T05:26:44.675+0000] {processor.py:840} INFO - DAG(s) 'example_kubernetes_executor' retrieved from /home/airflow/.local/lib/python3.8/site-packages/airflow/example_dags/example_kubernetes_executor.py
[2026-04-23T05:26:44.807+0000] {logging_mixin.py:188} INFO - [2026-04-23T05:26:44.807+0000] {dag.py:3036} INFO - Sync 1 DAGs
[2026-04-23T05:26:44.815+0000] {logging_mixin.py:188} INFO - [2026-04-23T05:26:44.815+0000] {dag.py:3823} INFO - Setting next_dagrun for example_kubernetes_executor to None, run_after=None
[2026-04-23T05:26:44.826+0000] {processor.py:183} INFO - Processing /home/airflow/.local/lib/python3.8/site-packages/airflow/example_dags/example_kubernetes_executor.py took 0.164 seconds
[2026-04-23T05:27:15.218+0000] {processor.py:161} INFO - Started process (PID=9326) to work on /home/airflow/.local/lib/python3.8/site-packages/airflow/example_dags/example_kubernetes_executor.py
[2026-04-23T05:27:15.219+0000] {processor.py:830} INFO - Processing file /home/airflow/.local/lib/python3.8/site-packages/airflow/example_dags/example_kubernetes_executor.py for tasks to queue
[2026-04-23T05:27:15.220+0000] {logging_mixin.py:188} INFO - [2026-04-23T05:27:15.220+0000] {dagbag.py:538} INFO - Filling up the DagBag from /home/airflow/.local/lib/python3.8/site-packages/airflow/example_dags/example_kubernetes_executor.py
[2026-04-23T05:27:15.229+0000] {processor.py:840} INFO - DAG(s) 'example_kubernetes_executor' retrieved from /home/airflow/.local/lib/python3.8/site-packages/airflow/example_dags/example_kubernetes_executor.py
[2026-04-23T05:27:15.369+0000] {logging_mixin.py:188} INFO - [2026-04-23T05:27:15.369+0000] {dag.py:3036} INFO - Sync 1 DAGs
[2026-04-23T05:27:15.377+0000] {logging_mixin.py:188} INFO - [2026-04-23T05:27:15.377+0000] {dag.py:3823} INFO - Setting next_dagrun for example_kubernetes_executor to None, run_after=None
[2026-04-23T05:27:15.388+0000] {processor.py:183} INFO - Processing /home/airflow/.local/lib/python3.8/site-packages/airflow/example_dags/example_kubernetes_executor.py took 0.173 seconds
[2026-04-23T06:30:22.372+0000] {processor.py:161} INFO - Started process (PID=9381) to work on /home/airflow/.local/lib/python3.8/site-packages/airflow/example_dags/example_kubernetes_executor.py
[2026-04-23T06:30:22.373+0000] {processor.py:830} INFO - Processing file /home/airflow/.local/lib/python3.8/site-packages/airflow/example_dags/example_kubernetes_executor.py for tasks to queue
[2026-04-23T06:30:22.376+0000] {logging_mixin.py:188} INFO - [2026-04-23T06:30:22.376+0000] {dagbag.py:538} INFO - Filling up the DagBag from /home/airflow/.local/lib/python3.8/site-packages/airflow/example_dags/example_kubernetes_executor.py
[2026-04-23T06:30:22.397+0000] {processor.py:840} INFO - DAG(s) 'example_kubernetes_executor' retrieved from /home/airflow/.local/lib/python3.8/site-packages/airflow/example_dags/example_kubernetes_executor.py
[2026-04-23T06:30:22.461+0000] {logging_mixin.py:188} INFO - [2026-04-23T06:30:22.460+0000] {dag.py:3036} INFO - Sync 1 DAGs
[2026-04-23T06:30:22.483+0000] {logging_mixin.py:188} INFO - [2026-04-23T06:30:22.483+0000] {dag.py:3823} INFO - Setting next_dagrun for example_kubernetes_executor to None, run_after=None
[2026-04-23T06:30:22.512+0000] {processor.py:183} INFO - Processing /home/airflow/.local/lib/python3.8/site-packages/airflow/example_dags/example_kubernetes_executor.py took 0.146 seconds
[2026-04-23T06:30:52.686+0000] {processor.py:161} INFO - Started process (PID=9436) to work on /home/airflow/.local/lib/python3.8/site-packages/airflow/example_dags/example_kubernetes_executor.py
[2026-04-23T06:30:52.688+0000] {processor.py:830} INFO - Processing file /home/airflow/.local/lib/python3.8/site-packages/airflow/example_dags/example_kubernetes_executor.py for tasks to queue
[2026-04-23T06:30:52.690+0000] {logging_mixin.py:188} INFO - [2026-04-23T06:30:52.689+0000] {dagbag.py:538} INFO - Filling up the DagBag from /home/airflow/.local/lib/python3.8/site-packages/airflow/example_dags/example_kubernetes_executor.py
[2026-04-23T06:30:52.707+0000] {processor.py:840} INFO - DAG(s) 'example_kubernetes_executor' retrieved from /home/airflow/.local/lib/python3.8/site-packages/airflow/example_dags/example_kubernetes_executor.py
[2026-04-23T06:30:52.756+0000] {logging_mixin.py:188} INFO - [2026-04-23T06:30:52.756+0000] {dag.py:3036} INFO - Sync 1 DAGs
[2026-04-23T06:30:52.772+0000] {logging_mixin.py:188} INFO - [2026-04-23T06:30:52.771+0000] {dag.py:3823} INFO - Setting next_dagrun for example_kubernetes_executor to None, run_after=None
[2026-04-23T06:30:52.797+0000] {processor.py:183} INFO - Processing /home/airflow/.local/lib/python3.8/site-packages/airflow/example_dags/example_kubernetes_executor.py took 0.116 seconds
[2026-04-23T06:31:23.451+0000] {processor.py:161} INFO - Started process (PID=9491) to work on /home/airflow/.local/lib/python3.8/site-packages/airflow/example_dags/example_kubernetes_executor.py
[2026-04-23T06:31:23.453+0000] {processor.py:830} INFO - Processing file /home/airflow/.local/lib/python3.8/site-packages/airflow/example_dags/example_kubernetes_executor.py for tasks to queue
[2026-04-23T06:31:23.455+0000] {logging_mixin.py:188} INFO - [2026-04-23T06:31:23.454+0000] {dagbag.py:538} INFO - Filling up the DagBag from /home/airflow/.local/lib/python3.8/site-packages/airflow/example_dags/example_kubernetes_executor.py
[2026-04-23T06:31:23.472+0000] {processor.py:840} INFO - DAG(s) 'example_kubernetes_executor' retrieved from /home/airflow/.local/lib/python3.8/site-packages/airflow/example_dags/example_kubernetes_executor.py
[2026-04-23T06:31:23.521+0000] {logging_mixin.py:188} INFO - [2026-04-23T06:31:23.520+0000] {dag.py:3036} INFO - Sync 1 DAGs
[2026-04-23T06:31:23.536+0000] {logging_mixin.py:188} INFO - [2026-04-23T06:31:23.536+0000] {dag.py:3823} INFO - Setting next_dagrun for example_kubernetes_executor to None, run_after=None
[2026-04-23T06:31:23.558+0000] {processor.py:183} INFO - Processing /home/airflow/.local/lib/python3.8/site-packages/airflow/example_dags/example_kubernetes_executor.py took 0.111 seconds
[2026-04-23T06:31:53.950+0000] {processor.py:161} INFO - Started process (PID=9546) to work on /home/airflow/.local/lib/python3.8/site-packages/airflow/example_dags/example_kubernetes_executor.py
[2026-04-23T06:31:53.951+0000] {processor.py:830} INFO - Processing file /home/airflow/.local/lib/python3.8/site-packages/airflow/example_dags/example_kubernetes_executor.py for tasks to queue
[2026-04-23T06:31:53.953+0000] {logging_mixin.py:188} INFO - [2026-04-23T06:31:53.953+0000] {dagbag.py:538} INFO - Filling up the DagBag from /home/airflow/.local/lib/python3.8/site-packages/airflow/example_dags/example_kubernetes_executor.py
[2026-04-23T06:31:53.970+0000] {processor.py:840} INFO - DAG(s) 'example_kubernetes_executor' retrieved from /home/airflow/.local/lib/python3.8/site-packages/airflow/example_dags/example_kubernetes_executor.py
[2026-04-23T06:31:54.018+0000] {logging_mixin.py:188} INFO - [2026-04-23T06:31:54.018+0000] {dag.py:3036} INFO - Sync 1 DAGs
[2026-04-23T06:31:54.033+0000] {logging_mixin.py:188} INFO - [2026-04-23T06:31:54.033+0000] {dag.py:3823} INFO - Setting next_dagrun for example_kubernetes_executor to None, run_after=None
[2026-04-23T06:31:54.055+0000] {processor.py:183} INFO - Processing /home/airflow/.local/lib/python3.8/site-packages/airflow/example_dags/example_kubernetes_executor.py took 0.109 seconds
[2026-04-23T06:32:24.463+0000] {processor.py:161} INFO - Started process (PID=9601) to work on /home/airflow/.local/lib/python3.8/site-packages/airflow/example_dags/example_kubernetes_executor.py
[2026-04-23T06:32:24.464+0000] {processor.py:830} INFO - Processing file /home/airflow/.local/lib/python3.8/site-packages/airflow/example_dags/example_kubernetes_executor.py for tasks to queue
[2026-04-23T06:32:24.466+0000] {logging_mixin.py:188} INFO - [2026-04-23T06:32:24.466+0000] {dagbag.py:538} INFO - Filling up the DagBag from /home/airflow/.local/lib/python3.8/site-packages/airflow/example_dags/example_kubernetes_executor.py
[2026-04-23T06:32:24.483+0000] {processor.py:840} INFO - DAG(s) 'example_kubernetes_executor' retrieved from /home/airflow/.local/lib/python3.8/site-packages/airflow/example_dags/example_kubernetes_executor.py
[2026-04-23T06:32:24.532+0000] {logging_mixin.py:188} INFO - [2026-04-23T06:32:24.531+0000] {dag.py:3036} INFO - Sync 1 DAGs
[2026-04-23T06:32:24.547+0000] {logging_mixin.py:188} INFO - [2026-04-23T06:32:24.547+0000] {dag.py:3823} INFO - Setting next_dagrun for example_kubernetes_executor to None, run_after=None
[2026-04-23T06:32:24.569+0000] {processor.py:183} INFO - Processing /home/airflow/.local/lib/python3.8/site-packages/airflow/example_dags/example_kubernetes_executor.py took 0.110 seconds
[2026-04-23T06:32:54.916+0000] {processor.py:161} INFO - Started process (PID=9656) to work on /home/airflow/.local/lib/python3.8/site-packages/airflow/example_dags/example_kubernetes_executor.py
[2026-04-23T06:32:54.917+0000] {processor.py:830} INFO - Processing file /home/airflow/.local/lib/python3.8/site-packages/airflow/example_dags/example_kubernetes_executor.py for tasks to queue
[2026-04-23T06:32:54.919+0000] {logging_mixin.py:188} INFO - [2026-04-23T06:32:54.919+0000] {dagbag.py:538} INFO - Filling up the DagBag from /home/airflow/.local/lib/python3.8/site-packages/airflow/example_dags/example_kubernetes_executor.py
[2026-04-23T06:32:54.937+0000] {processor.py:840} INFO - DAG(s) 'example_kubernetes_executor' retrieved from /home/airflow/.local/lib/python3.8/site-packages/airflow/example_dags/example_kubernetes_executor.py
[2026-04-23T06:32:54.986+0000] {logging_mixin.py:188} INFO - [2026-04-23T06:32:54.986+0000] {dag.py:3036} INFO - Sync 1 DAGs
[2026-04-23T06:32:55.002+0000] {logging_mixin.py:188} INFO - [2026-04-23T06:32:55.002+0000] {dag.py:3823} INFO - Setting next_dagrun for example_kubernetes_executor to None, run_after=None
[2026-04-23T06:32:55.026+0000] {processor.py:183} INFO - Processing /home/airflow/.local/lib/python3.8/site-packages/airflow/example_dags/example_kubernetes_executor.py took 0.115 seconds
[2026-04-23T06:33:25.431+0000] {processor.py:161} INFO - Started process (PID=9711) to work on /home/airflow/.local/lib/python3.8/site-packages/airflow/example_dags/example_kubernetes_executor.py
[2026-04-23T06:33:25.432+0000] {processor.py:830} INFO - Processing file /home/airflow/.local/lib/python3.8/site-packages/airflow/example_dags/example_kubernetes_executor.py for tasks to queue
[2026-04-23T06:33:25.434+0000] {logging_mixin.py:188} INFO - [2026-04-23T06:33:25.434+0000] {dagbag.py:538} INFO - Filling up the DagBag from /home/airflow/.local/lib/python3.8/site-packages/airflow/example_dags/example_kubernetes_executor.py
[2026-04-23T06:33:25.451+0000] {processor.py:840} INFO - DAG(s) 'example_kubernetes_executor' retrieved from /home/airflow/.local/lib/python3.8/site-packages/airflow/example_dags/example_kubernetes_executor.py
[2026-04-23T06:33:25.501+0000] {logging_mixin.py:188} INFO - [2026-04-23T06:33:25.501+0000] {dag.py:3036} INFO - Sync 1 DAGs
[2026-04-23T06:33:25.519+0000] {logging_mixin.py:188} INFO - [2026-04-23T06:33:25.518+0000] {dag.py:3823} INFO - Setting next_dagrun for example_kubernetes_executor to None, run_after=None
[2026-04-23T06:33:25.541+0000] {processor.py:183} INFO - Processing /home/airflow/.local/lib/python3.8/site-packages/airflow/example_dags/example_kubernetes_executor.py took 0.115 seconds
[2026-04-23T06:33:56.095+0000] {processor.py:161} INFO - Started process (PID=9766) to work on /home/airflow/.local/lib/python3.8/site-packages/airflow/example_dags/example_kubernetes_executor.py
[2026-04-23T06:33:56.096+0000] {processor.py:830} INFO - Processing file /home/airflow/.local/lib/python3.8/site-packages/airflow/example_dags/example_kubernetes_executor.py for tasks to queue
[2026-04-23T06:33:56.098+0000] {logging_mixin.py:188} INFO - [2026-04-23T06:33:56.098+0000] {dagbag.py:538} INFO - Filling up the DagBag from /home/airflow/.local/lib/python3.8/site-packages/airflow/example_dags/example_kubernetes_executor.py
[2026-04-23T06:33:56.115+0000] {processor.py:840} INFO - DAG(s) 'example_kubernetes_executor' retrieved from /home/airflow/.local/lib/python3.8/site-packages/airflow/example_dags/example_kubernetes_executor.py
[2026-04-23T06:33:56.163+0000] {logging_mixin.py:188} INFO - [2026-04-23T06:33:56.163+0000] {dag.py:3036} INFO - Sync 1 DAGs
[2026-04-23T06:33:56.178+0000] {logging_mixin.py:188} INFO - [2026-04-23T06:33:56.178+0000] {dag.py:3823} INFO - Setting next_dagrun for example_kubernetes_executor to None, run_after=None
[2026-04-23T06:33:56.203+0000] {processor.py:183} INFO - Processing /home/airflow/.local/lib/python3.8/site-packages/airflow/example_dags/example_kubernetes_executor.py took 0.113 seconds
[2026-04-23T06:34:26.689+0000] {processor.py:161} INFO - Started process (PID=9821) to work on /home/airflow/.local/lib/python3.8/site-packages/airflow/example_dags/example_kubernetes_executor.py
[2026-04-23T06:34:26.690+0000] {processor.py:830} INFO - Processing file /home/airflow/.local/lib/python3.8/site-packages/airflow/example_dags/example_kubernetes_executor.py for tasks to queue
[2026-04-23T06:34:26.692+0000] {logging_mixin.py:188} INFO - [2026-04-23T06:34:26.691+0000] {dagbag.py:538} INFO - Filling up the DagBag from /home/airflow/.local/lib/python3.8/site-packages/airflow/example_dags/example_kubernetes_executor.py
[2026-04-23T06:34:26.709+0000] {processor.py:840} INFO - DAG(s) 'example_kubernetes_executor' retrieved from /home/airflow/.local/lib/python3.8/site-packages/airflow/example_dags/example_kubernetes_executor.py
[2026-04-23T06:34:26.756+0000] {logging_mixin.py:188} INFO - [2026-04-23T06:34:26.756+0000] {dag.py:3036} INFO - Sync 1 DAGs
[2026-04-23T06:34:26.771+0000] {logging_mixin.py:188} INFO - [2026-04-23T06:34:26.771+0000] {dag.py:3823} INFO - Setting next_dagrun for example_kubernetes_executor to None, run_after=None
[2026-04-23T06:34:26.794+0000] {processor.py:183} INFO - Processing /home/airflow/.local/lib/python3.8/site-packages/airflow/example_dags/example_kubernetes_executor.py took 0.110 seconds
[2026-04-23T06:34:57.162+0000] {processor.py:161} INFO - Started process (PID=9876) to work on /home/airflow/.local/lib/python3.8/site-packages/airflow/example_dags/example_kubernetes_executor.py
[2026-04-23T06:34:57.163+0000] {processor.py:830} INFO - Processing file /home/airflow/.local/lib/python3.8/site-packages/airflow/example_dags/example_kubernetes_executor.py for tasks to queue
[2026-04-23T06:34:57.165+0000] {logging_mixin.py:188} INFO - [2026-04-23T06:34:57.165+0000] {dagbag.py:538} INFO - Filling up the DagBag from /home/airflow/.local/lib/python3.8/site-packages/airflow/example_dags/example_kubernetes_executor.py
[2026-04-23T06:34:57.182+0000] {processor.py:840} INFO - DAG(s) 'example_kubernetes_executor' retrieved from /home/airflow/.local/lib/python3.8/site-packages/airflow/example_dags/example_kubernetes_executor.py
[2026-04-23T06:34:57.232+0000] {logging_mixin.py:188} INFO - [2026-04-23T06:34:57.232+0000] {dag.py:3036} INFO - Sync 1 DAGs
[2026-04-23T06:34:57.248+0000] {logging_mixin.py:188} INFO - [2026-04-23T06:34:57.248+0000] {dag.py:3823} INFO - Setting next_dagrun for example_kubernetes_executor to None, run_after=None
[2026-04-23T06:34:57.271+0000] {processor.py:183} INFO - Processing /home/airflow/.local/lib/python3.8/site-packages/airflow/example_dags/example_kubernetes_executor.py took 0.113 seconds
[2026-04-23T06:35:27.714+0000] {processor.py:161} INFO - Started process (PID=9931) to work on /home/airflow/.local/lib/python3.8/site-packages/airflow/example_dags/example_kubernetes_executor.py
[2026-04-23T06:35:27.715+0000] {processor.py:830} INFO - Processing file /home/airflow/.local/lib/python3.8/site-packages/airflow/example_dags/example_kubernetes_executor.py for tasks to queue
[2026-04-23T06:35:27.717+0000] {logging_mixin.py:188} INFO - [2026-04-23T06:35:27.717+0000] {dagbag.py:538} INFO - Filling up the DagBag from /home/airflow/.local/lib/python3.8/site-packages/airflow/example_dags/example_kubernetes_executor.py
[2026-04-23T06:35:27.735+0000] {processor.py:840} INFO - DAG(s) 'example_kubernetes_executor' retrieved from /home/airflow/.local/lib/python3.8/site-packages/airflow/example_dags/example_kubernetes_executor.py
[2026-04-23T06:35:27.783+0000] {logging_mixin.py:188} INFO - [2026-04-23T06:35:27.783+0000] {dag.py:3036} INFO - Sync 1 DAGs
[2026-04-23T06:35:27.800+0000] {logging_mixin.py:188} INFO - [2026-04-23T06:35:27.799+0000] {dag.py:3823} INFO - Setting next_dagrun for example_kubernetes_executor to None, run_after=None
[2026-04-23T06:35:27.822+0000] {processor.py:183} INFO - Processing /home/airflow/.local/lib/python3.8/site-packages/airflow/example_dags/example_kubernetes_executor.py took 0.112 seconds
[2026-04-23T06:35:58.227+0000] {processor.py:161} INFO - Started process (PID=9986) to work on /home/airflow/.local/lib/python3.8/site-packages/airflow/example_dags/example_kubernetes_executor.py
[2026-04-23T06:35:58.228+0000] {processor.py:830} INFO - Processing file /home/airflow/.local/lib/python3.8/site-packages/airflow/example_dags/example_kubernetes_executor.py for tasks to queue
[2026-04-23T06:35:58.230+0000] {logging_mixin.py:188} INFO - [2026-04-23T06:35:58.230+0000] {dagbag.py:538} INFO - Filling up the DagBag from /home/airflow/.local/lib/python3.8/site-packages/airflow/example_dags/example_kubernetes_executor.py
[2026-04-23T06:35:58.248+0000] {processor.py:840} INFO - DAG(s) 'example_kubernetes_executor' retrieved from /home/airflow/.local/lib/python3.8/site-packages/airflow/example_dags/example_kubernetes_executor.py
[2026-04-23T06:35:58.296+0000] {logging_mixin.py:188} INFO - [2026-04-23T06:35:58.296+0000] {dag.py:3036} INFO - Sync 1 DAGs
[2026-04-23T06:35:58.312+0000] {logging_mixin.py:188} INFO - [2026-04-23T06:35:58.312+0000] {dag.py:3823} INFO - Setting next_dagrun for example_kubernetes_executor to None, run_after=None
[2026-04-23T06:35:58.332+0000] {processor.py:183} INFO - Processing /home/airflow/.local/lib/python3.8/site-packages/airflow/example_dags/example_kubernetes_executor.py took 0.110 seconds
[2026-04-23T06:36:28.728+0000] {processor.py:161} INFO - Started process (PID=10041) to work on /home/airflow/.local/lib/python3.8/site-packages/airflow/example_dags/example_kubernetes_executor.py
[2026-04-23T06:36:28.730+0000] {processor.py:830} INFO - Processing file /home/airflow/.local/lib/python3.8/site-packages/airflow/example_dags/example_kubernetes_executor.py for tasks to queue
[2026-04-23T06:36:28.732+0000] {logging_mixin.py:188} INFO - [2026-04-23T06:36:28.731+0000] {dagbag.py:538} INFO - Filling up the DagBag from /home/airflow/.local/lib/python3.8/site-packages/airflow/example_dags/example_kubernetes_executor.py
[2026-04-23T06:36:28.749+0000] {processor.py:840} INFO - DAG(s) 'example_kubernetes_executor' retrieved from /home/airflow/.local/lib/python3.8/site-packages/airflow/example_dags/example_kubernetes_executor.py
[2026-04-23T06:36:28.798+0000] {logging_mixin.py:188} INFO - [2026-04-23T06:36:28.798+0000] {dag.py:3036} INFO - Sync 1 DAGs
[2026-04-23T06:36:28.815+0000] {logging_mixin.py:188} INFO - [2026-04-23T06:36:28.815+0000] {dag.py:3823} INFO - Setting next_dagrun for example_kubernetes_executor to None, run_after=None
[2026-04-23T06:36:28.838+0000] {processor.py:183} INFO - Processing /home/airflow/.local/lib/python3.8/site-packages/airflow/example_dags/example_kubernetes_executor.py took 0.114 seconds
[2026-04-23T06:36:59.341+0000] {processor.py:161} INFO - Started process (PID=10096) to work on /home/airflow/.local/lib/python3.8/site-packages/airflow/example_dags/example_kubernetes_executor.py
[2026-04-23T06:36:59.342+0000] {processor.py:830} INFO - Processing file /home/airflow/.local/lib/python3.8/site-packages/airflow/example_dags/example_kubernetes_executor.py for tasks to queue
[2026-04-23T06:36:59.345+0000] {logging_mixin.py:188} INFO - [2026-04-23T06:36:59.344+0000] {dagbag.py:538} INFO - Filling up the DagBag from /home/airflow/.local/lib/python3.8/site-packages/airflow/example_dags/example_kubernetes_executor.py
[2026-04-23T06:36:59.365+0000] {processor.py:840} INFO - DAG(s) 'example_kubernetes_executor' retrieved from /home/airflow/.local/lib/python3.8/site-packages/airflow/example_dags/example_kubernetes_executor.py
[2026-04-23T06:36:59.415+0000] {logging_mixin.py:188} INFO - [2026-04-23T06:36:59.415+0000] {dag.py:3036} INFO - Sync 1 DAGs
[2026-04-23T06:36:59.436+0000] {logging_mixin.py:188} INFO - [2026-04-23T06:36:59.435+0000] {dag.py:3823} INFO - Setting next_dagrun for example_kubernetes_executor to None, run_after=None
[2026-04-23T06:36:59.458+0000] {processor.py:183} INFO - Processing /home/airflow/.local/lib/python3.8/site-packages/airflow/example_dags/example_kubernetes_executor.py took 0.122 seconds
[2026-04-23T06:37:30.148+0000] {processor.py:161} INFO - Started process (PID=10151) to work on /home/airflow/.local/lib/python3.8/site-packages/airflow/example_dags/example_kubernetes_executor.py
[2026-04-23T06:37:30.149+0000] {processor.py:830} INFO - Processing file /home/airflow/.local/lib/python3.8/site-packages/airflow/example_dags/example_kubernetes_executor.py for tasks to queue
[2026-04-23T06:37:30.152+0000] {logging_mixin.py:188} INFO - [2026-04-23T06:37:30.151+0000] {dagbag.py:538} INFO - Filling up the DagBag from /home/airflow/.local/lib/python3.8/site-packages/airflow/example_dags/example_kubernetes_executor.py
[2026-04-23T06:37:30.170+0000] {processor.py:840} INFO - DAG(s) 'example_kubernetes_executor' retrieved from /home/airflow/.local/lib/python3.8/site-packages/airflow/example_dags/example_kubernetes_executor.py
[2026-04-23T06:37:30.218+0000] {logging_mixin.py:188} INFO - [2026-04-23T06:37:30.218+0000] {dag.py:3036} INFO - Sync 1 DAGs
[2026-04-23T06:37:30.235+0000] {logging_mixin.py:188} INFO - [2026-04-23T06:37:30.235+0000] {dag.py:3823} INFO - Setting next_dagrun for example_kubernetes_executor to None, run_after=None
[2026-04-23T06:37:30.258+0000] {processor.py:183} INFO - Processing /home/airflow/.local/lib/python3.8/site-packages/airflow/example_dags/example_kubernetes_executor.py took 0.115 seconds
[2026-04-23T06:38:01.033+0000] {processor.py:161} INFO - Started process (PID=10206) to work on /home/airflow/.local/lib/python3.8/site-packages/airflow/example_dags/example_kubernetes_executor.py
[2026-04-23T06:38:01.034+0000] {processor.py:830} INFO - Processing file /home/airflow/.local/lib/python3.8/site-packages/airflow/example_dags/example_kubernetes_executor.py for tasks to queue
[2026-04-23T06:38:01.037+0000] {logging_mixin.py:188} INFO - [2026-04-23T06:38:01.037+0000] {dagbag.py:538} INFO - Filling up the DagBag from /home/airflow/.local/lib/python3.8/site-packages/airflow/example_dags/example_kubernetes_executor.py
[2026-04-23T06:38:01.059+0000] {processor.py:840} INFO - DAG(s) 'example_kubernetes_executor' retrieved from /home/airflow/.local/lib/python3.8/site-packages/airflow/example_dags/example_kubernetes_executor.py
[2026-04-23T06:38:01.115+0000] {logging_mixin.py:188} INFO - [2026-04-23T06:38:01.115+0000] {dag.py:3036} INFO - Sync 1 DAGs
[2026-04-23T06:38:01.134+0000] {logging_mixin.py:188} INFO - [2026-04-23T06:38:01.134+0000] {dag.py:3823} INFO - Setting next_dagrun for example_kubernetes_executor to None, run_after=None
[2026-04-23T06:38:01.163+0000] {processor.py:183} INFO - Processing /home/airflow/.local/lib/python3.8/site-packages/airflow/example_dags/example_kubernetes_executor.py took 0.135 seconds
[2026-04-23T06:38:31.212+0000] {processor.py:161} INFO - Started process (PID=10261) to work on /home/airflow/.local/lib/python3.8/site-packages/airflow/example_dags/example_kubernetes_executor.py
[2026-04-23T06:38:31.214+0000] {processor.py:830} INFO - Processing file /home/airflow/.local/lib/python3.8/site-packages/airflow/example_dags/example_kubernetes_executor.py for tasks to queue
[2026-04-23T06:38:31.217+0000] {logging_mixin.py:188} INFO - [2026-04-23T06:38:31.217+0000] {dagbag.py:538} INFO - Filling up the DagBag from /home/airflow/.local/lib/python3.8/site-packages/airflow/example_dags/example_kubernetes_executor.py
[2026-04-23T06:38:31.237+0000] {processor.py:840} INFO - DAG(s) 'example_kubernetes_executor' retrieved from /home/airflow/.local/lib/python3.8/site-packages/airflow/example_dags/example_kubernetes_executor.py
[2026-04-23T06:38:31.290+0000] {logging_mixin.py:188} INFO - [2026-04-23T06:38:31.290+0000] {dag.py:3036} INFO - Sync 1 DAGs
[2026-04-23T06:38:31.309+0000] {logging_mixin.py:188} INFO - [2026-04-23T06:38:31.309+0000] {dag.py:3823} INFO - Setting next_dagrun for example_kubernetes_executor to None, run_after=None
[2026-04-23T06:38:31.332+0000] {processor.py:183} INFO - Processing /home/airflow/.local/lib/python3.8/site-packages/airflow/example_dags/example_kubernetes_executor.py took 0.125 seconds
[2026-04-23T06:39:01.723+0000] {processor.py:161} INFO - Started process (PID=10316) to work on /home/airflow/.local/lib/python3.8/site-packages/airflow/example_dags/example_kubernetes_executor.py
[2026-04-23T06:39:01.725+0000] {processor.py:830} INFO - Processing file /home/airflow/.local/lib/python3.8/site-packages/airflow/example_dags/example_kubernetes_executor.py for tasks to queue
[2026-04-23T06:39:01.727+0000] {logging_mixin.py:188} INFO - [2026-04-23T06:39:01.727+0000] {dagbag.py:538} INFO - Filling up the DagBag from /home/airflow/.local/lib/python3.8/site-packages/airflow/example_dags/example_kubernetes_executor.py
[2026-04-23T06:39:01.748+0000] {processor.py:840} INFO - DAG(s) 'example_kubernetes_executor' retrieved from /home/airflow/.local/lib/python3.8/site-packages/airflow/example_dags/example_kubernetes_executor.py
[2026-04-23T06:39:01.804+0000] {logging_mixin.py:188} INFO - [2026-04-23T06:39:01.804+0000] {dag.py:3036} INFO - Sync 1 DAGs
[2026-04-23T06:39:01.824+0000] {logging_mixin.py:188} INFO - [2026-04-23T06:39:01.823+0000] {dag.py:3823} INFO - Setting next_dagrun for example_kubernetes_executor to None, run_after=None
[2026-04-23T06:39:01.852+0000] {processor.py:183} INFO - Processing /home/airflow/.local/lib/python3.8/site-packages/airflow/example_dags/example_kubernetes_executor.py took 0.133 seconds
[2026-04-23T06:39:31.992+0000] {processor.py:161} INFO - Started process (PID=10371) to work on /home/airflow/.local/lib/python3.8/site-packages/airflow/example_dags/example_kubernetes_executor.py
[2026-04-23T06:39:31.994+0000] {processor.py:830} INFO - Processing file /home/airflow/.local/lib/python3.8/site-packages/airflow/example_dags/example_kubernetes_executor.py for tasks to queue
[2026-04-23T06:39:31.996+0000] {logging_mixin.py:188} INFO - [2026-04-23T06:39:31.995+0000] {dagbag.py:538} INFO - Filling up the DagBag from /home/airflow/.local/lib/python3.8/site-packages/airflow/example_dags/example_kubernetes_executor.py
[2026-04-23T06:39:32.014+0000] {processor.py:840} INFO - DAG(s) 'example_kubernetes_executor' retrieved from /home/airflow/.local/lib/python3.8/site-packages/airflow/example_dags/example_kubernetes_executor.py
[2026-04-23T06:39:32.064+0000] {logging_mixin.py:188} INFO - [2026-04-23T06:39:32.064+0000] {dag.py:3036} INFO - Sync 1 DAGs
[2026-04-23T06:39:32.081+0000] {logging_mixin.py:188} INFO - [2026-04-23T06:39:32.080+0000] {dag.py:3823} INFO - Setting next_dagrun for example_kubernetes_executor to None, run_after=None
[2026-04-23T06:39:32.103+0000] {processor.py:183} INFO - Processing /home/airflow/.local/lib/python3.8/site-packages/airflow/example_dags/example_kubernetes_executor.py took 0.116 seconds
[2026-04-23T06:40:02.482+0000] {processor.py:161} INFO - Started process (PID=10426) to work on /home/airflow/.local/lib/python3.8/site-packages/airflow/example_dags/example_kubernetes_executor.py
[2026-04-23T06:40:02.484+0000] {processor.py:830} INFO - Processing file /home/airflow/.local/lib/python3.8/site-packages/airflow/example_dags/example_kubernetes_executor.py for tasks to queue
[2026-04-23T06:40:02.486+0000] {logging_mixin.py:188} INFO - [2026-04-23T06:40:02.486+0000] {dagbag.py:538} INFO - Filling up the DagBag from /home/airflow/.local/lib/python3.8/site-packages/airflow/example_dags/example_kubernetes_executor.py
[2026-04-23T06:40:02.510+0000] {processor.py:840} INFO - DAG(s) 'example_kubernetes_executor' retrieved from /home/airflow/.local/lib/python3.8/site-packages/airflow/example_dags/example_kubernetes_executor.py
[2026-04-23T06:40:02.564+0000] {logging_mixin.py:188} INFO - [2026-04-23T06:40:02.564+0000] {dag.py:3036} INFO - Sync 1 DAGs
[2026-04-23T06:40:02.584+0000] {logging_mixin.py:188} INFO - [2026-04-23T06:40:02.584+0000] {dag.py:3823} INFO - Setting next_dagrun for example_kubernetes_executor to None, run_after=None
[2026-04-23T06:40:02.612+0000] {processor.py:183} INFO - Processing /home/airflow/.local/lib/python3.8/site-packages/airflow/example_dags/example_kubernetes_executor.py took 0.135 seconds
[2026-04-23T06:40:32.832+0000] {processor.py:161} INFO - Started process (PID=10481) to work on /home/airflow/.local/lib/python3.8/site-packages/airflow/example_dags/example_kubernetes_executor.py
[2026-04-23T06:40:32.834+0000] {processor.py:830} INFO - Processing file /home/airflow/.local/lib/python3.8/site-packages/airflow/example_dags/example_kubernetes_executor.py for tasks to queue
[2026-04-23T06:40:32.837+0000] {logging_mixin.py:188} INFO - [2026-04-23T06:40:32.836+0000] {dagbag.py:538} INFO - Filling up the DagBag from /home/airflow/.local/lib/python3.8/site-packages/airflow/example_dags/example_kubernetes_executor.py
[2026-04-23T06:40:32.858+0000] {processor.py:840} INFO - DAG(s) 'example_kubernetes_executor' retrieved from /home/airflow/.local/lib/python3.8/site-packages/airflow/example_dags/example_kubernetes_executor.py
[2026-04-23T06:40:32.912+0000] {logging_mixin.py:188} INFO - [2026-04-23T06:40:32.911+0000] {dag.py:3036} INFO - Sync 1 DAGs
[2026-04-23T06:40:32.933+0000] {logging_mixin.py:188} INFO - [2026-04-23T06:40:32.933+0000] {dag.py:3823} INFO - Setting next_dagrun for example_kubernetes_executor to None, run_after=None
[2026-04-23T06:40:32.961+0000] {processor.py:183} INFO - Processing /home/airflow/.local/lib/python3.8/site-packages/airflow/example_dags/example_kubernetes_executor.py took 0.134 seconds
[2026-04-23T06:41:03.616+0000] {processor.py:161} INFO - Started process (PID=10536) to work on /home/airflow/.local/lib/python3.8/site-packages/airflow/example_dags/example_kubernetes_executor.py
[2026-04-23T06:41:03.618+0000] {processor.py:830} INFO - Processing file /home/airflow/.local/lib/python3.8/site-packages/airflow/example_dags/example_kubernetes_executor.py for tasks to queue
[2026-04-23T06:41:03.620+0000] {logging_mixin.py:188} INFO - [2026-04-23T06:41:03.619+0000] {dagbag.py:538} INFO - Filling up the DagBag from /home/airflow/.local/lib/python3.8/site-packages/airflow/example_dags/example_kubernetes_executor.py
[2026-04-23T06:41:03.637+0000] {processor.py:840} INFO - DAG(s) 'example_kubernetes_executor' retrieved from /home/airflow/.local/lib/python3.8/site-packages/airflow/example_dags/example_kubernetes_executor.py
[2026-04-23T06:41:03.686+0000] {logging_mixin.py:188} INFO - [2026-04-23T06:41:03.686+0000] {dag.py:3036} INFO - Sync 1 DAGs
[2026-04-23T06:41:03.704+0000] {logging_mixin.py:188} INFO - [2026-04-23T06:41:03.704+0000] {dag.py:3823} INFO - Setting next_dagrun for example_kubernetes_executor to None, run_after=None
[2026-04-23T06:41:03.729+0000] {processor.py:183} INFO - Processing /home/airflow/.local/lib/python3.8/site-packages/airflow/example_dags/example_kubernetes_executor.py took 0.117 seconds
[2026-04-23T06:41:34.505+0000] {processor.py:161} INFO - Started process (PID=10591) to work on /home/airflow/.local/lib/python3.8/site-packages/airflow/example_dags/example_kubernetes_executor.py
[2026-04-23T06:41:34.506+0000] {processor.py:830} INFO - Processing file /home/airflow/.local/lib/python3.8/site-packages/airflow/example_dags/example_kubernetes_executor.py for tasks to queue
[2026-04-23T06:41:34.508+0000] {logging_mixin.py:188} INFO - [2026-04-23T06:41:34.508+0000] {dagbag.py:538} INFO - Filling up the DagBag from /home/airflow/.local/lib/python3.8/site-packages/airflow/example_dags/example_kubernetes_executor.py
[2026-04-23T06:41:34.526+0000] {processor.py:840} INFO - DAG(s) 'example_kubernetes_executor' retrieved from /home/airflow/.local/lib/python3.8/site-packages/airflow/example_dags/example_kubernetes_executor.py
[2026-04-23T06:41:34.576+0000] {logging_mixin.py:188} INFO - [2026-04-23T06:41:34.576+0000] {dag.py:3036} INFO - Sync 1 DAGs
[2026-04-23T06:41:34.592+0000] {logging_mixin.py:188} INFO - [2026-04-23T06:41:34.592+0000] {dag.py:3823} INFO - Setting next_dagrun for example_kubernetes_executor to None, run_after=None
[2026-04-23T06:41:34.615+0000] {processor.py:183} INFO - Processing /home/airflow/.local/lib/python3.8/site-packages/airflow/example_dags/example_kubernetes_executor.py took 0.114 seconds
[2026-04-23T06:42:04.951+0000] {processor.py:161} INFO - Started process (PID=10646) to work on /home/airflow/.local/lib/python3.8/site-packages/airflow/example_dags/example_kubernetes_executor.py
[2026-04-23T06:42:04.952+0000] {processor.py:830} INFO - Processing file /home/airflow/.local/lib/python3.8/site-packages/airflow/example_dags/example_kubernetes_executor.py for tasks to queue
[2026-04-23T06:42:04.955+0000] {logging_mixin.py:188} INFO - [2026-04-23T06:42:04.954+0000] {dagbag.py:538} INFO - Filling up the DagBag from /home/airflow/.local/lib/python3.8/site-packages/airflow/example_dags/example_kubernetes_executor.py
[2026-04-23T06:42:04.972+0000] {processor.py:840} INFO - DAG(s) 'example_kubernetes_executor' retrieved from /home/airflow/.local/lib/python3.8/site-packages/airflow/example_dags/example_kubernetes_executor.py
[2026-04-23T06:42:05.021+0000] {logging_mixin.py:188} INFO - [2026-04-23T06:42:05.020+0000] {dag.py:3036} INFO - Sync 1 DAGs
[2026-04-23T06:42:05.037+0000] {logging_mixin.py:188} INFO - [2026-04-23T06:42:05.036+0000] {dag.py:3823} INFO - Setting next_dagrun for example_kubernetes_executor to None, run_after=None
[2026-04-23T06:42:05.058+0000] {processor.py:183} INFO - Processing /home/airflow/.local/lib/python3.8/site-packages/airflow/example_dags/example_kubernetes_executor.py took 0.111 seconds
[2026-04-23T06:42:35.563+0000] {processor.py:161} INFO - Started process (PID=10701) to work on /home/airflow/.local/lib/python3.8/site-packages/airflow/example_dags/example_kubernetes_executor.py
[2026-04-23T06:42:35.564+0000] {processor.py:830} INFO - Processing file /home/airflow/.local/lib/python3.8/site-packages/airflow/example_dags/example_kubernetes_executor.py for tasks to queue
[2026-04-23T06:42:35.567+0000] {logging_mixin.py:188} INFO - [2026-04-23T06:42:35.566+0000] {dagbag.py:538} INFO - Filling up the DagBag from /home/airflow/.local/lib/python3.8/site-packages/airflow/example_dags/example_kubernetes_executor.py
[2026-04-23T06:42:35.585+0000] {processor.py:840} INFO - DAG(s) 'example_kubernetes_executor' retrieved from /home/airflow/.local/lib/python3.8/site-packages/airflow/example_dags/example_kubernetes_executor.py
[2026-04-23T06:42:35.635+0000] {logging_mixin.py:188} INFO - [2026-04-23T06:42:35.634+0000] {dag.py:3036} INFO - Sync 1 DAGs
[2026-04-23T06:42:35.651+0000] {logging_mixin.py:188} INFO - [2026-04-23T06:42:35.650+0000] {dag.py:3823} INFO - Setting next_dagrun for example_kubernetes_executor to None, run_after=None
[2026-04-23T06:42:35.674+0000] {processor.py:183} INFO - Processing /home/airflow/.local/lib/python3.8/site-packages/airflow/example_dags/example_kubernetes_executor.py took 0.115 seconds
[2026-04-23T06:43:06.227+0000] {processor.py:161} INFO - Started process (PID=10756) to work on /home/airflow/.local/lib/python3.8/site-packages/airflow/example_dags/example_kubernetes_executor.py
[2026-04-23T06:43:06.228+0000] {processor.py:830} INFO - Processing file /home/airflow/.local/lib/python3.8/site-packages/airflow/example_dags/example_kubernetes_executor.py for tasks to queue
[2026-04-23T06:43:06.230+0000] {logging_mixin.py:188} INFO - [2026-04-23T06:43:06.230+0000] {dagbag.py:538} INFO - Filling up the DagBag from /home/airflow/.local/lib/python3.8/site-packages/airflow/example_dags/example_kubernetes_executor.py
[2026-04-23T06:43:06.248+0000] {processor.py:840} INFO - DAG(s) 'example_kubernetes_executor' retrieved from /home/airflow/.local/lib/python3.8/site-packages/airflow/example_dags/example_kubernetes_executor.py
[2026-04-23T06:43:06.299+0000] {logging_mixin.py:188} INFO - [2026-04-23T06:43:06.298+0000] {dag.py:3036} INFO - Sync 1 DAGs
[2026-04-23T06:43:06.316+0000] {logging_mixin.py:188} INFO - [2026-04-23T06:43:06.316+0000] {dag.py:3823} INFO - Setting next_dagrun for example_kubernetes_executor to None, run_after=None
[2026-04-23T06:43:06.340+0000] {processor.py:183} INFO - Processing /home/airflow/.local/lib/python3.8/site-packages/airflow/example_dags/example_kubernetes_executor.py took 0.118 seconds
[2026-04-23T06:43:36.650+0000] {processor.py:161} INFO - Started process (PID=10811) to work on /home/airflow/.local/lib/python3.8/site-packages/airflow/example_dags/example_kubernetes_executor.py
[2026-04-23T06:43:36.652+0000] {processor.py:830} INFO - Processing file /home/airflow/.local/lib/python3.8/site-packages/airflow/example_dags/example_kubernetes_executor.py for tasks to queue
[2026-04-23T06:43:36.654+0000] {logging_mixin.py:188} INFO - [2026-04-23T06:43:36.653+0000] {dagbag.py:538} INFO - Filling up the DagBag from /home/airflow/.local/lib/python3.8/site-packages/airflow/example_dags/example_kubernetes_executor.py
[2026-04-23T06:43:36.673+0000] {processor.py:840} INFO - DAG(s) 'example_kubernetes_executor' retrieved from /home/airflow/.local/lib/python3.8/site-packages/airflow/example_dags/example_kubernetes_executor.py
[2026-04-23T06:43:36.724+0000] {logging_mixin.py:188} INFO - [2026-04-23T06:43:36.723+0000] {dag.py:3036} INFO - Sync 1 DAGs
[2026-04-23T06:43:36.741+0000] {logging_mixin.py:188} INFO - [2026-04-23T06:43:36.741+0000] {dag.py:3823} INFO - Setting next_dagrun for example_kubernetes_executor to None, run_after=None
[2026-04-23T06:43:36.764+0000] {processor.py:183} INFO - Processing /home/airflow/.local/lib/python3.8/site-packages/airflow/example_dags/example_kubernetes_executor.py took 0.119 seconds
[2026-04-23T06:44:07.140+0000] {processor.py:161} INFO - Started process (PID=10866) to work on /home/airflow/.local/lib/python3.8/site-packages/airflow/example_dags/example_kubernetes_executor.py
[2026-04-23T06:44:07.141+0000] {processor.py:830} INFO - Processing file /home/airflow/.local/lib/python3.8/site-packages/airflow/example_dags/example_kubernetes_executor.py for tasks to queue
[2026-04-23T06:44:07.143+0000] {logging_mixin.py:188} INFO - [2026-04-23T06:44:07.143+0000] {dagbag.py:538} INFO - Filling up the DagBag from /home/airflow/.local/lib/python3.8/site-packages/airflow/example_dags/example_kubernetes_executor.py
[2026-04-23T06:44:07.162+0000] {processor.py:840} INFO - DAG(s) 'example_kubernetes_executor' retrieved from /home/airflow/.local/lib/python3.8/site-packages/airflow/example_dags/example_kubernetes_executor.py
[2026-04-23T06:44:07.212+0000] {logging_mixin.py:188} INFO - [2026-04-23T06:44:07.212+0000] {dag.py:3036} INFO - Sync 1 DAGs
[2026-04-23T06:44:07.229+0000] {logging_mixin.py:188} INFO - [2026-04-23T06:44:07.229+0000] {dag.py:3823} INFO - Setting next_dagrun for example_kubernetes_executor to None, run_after=None
[2026-04-23T06:44:07.254+0000] {processor.py:183} INFO - Processing /home/airflow/.local/lib/python3.8/site-packages/airflow/example_dags/example_kubernetes_executor.py took 0.119 seconds
[2026-04-23T06:44:38.157+0000] {processor.py:161} INFO - Started process (PID=10921) to work on /home/airflow/.local/lib/python3.8/site-packages/airflow/example_dags/example_kubernetes_executor.py
[2026-04-23T06:44:38.158+0000] {processor.py:830} INFO - Processing file /home/airflow/.local/lib/python3.8/site-packages/airflow/example_dags/example_kubernetes_executor.py for tasks to queue
[2026-04-23T06:44:38.161+0000] {logging_mixin.py:188} INFO - [2026-04-23T06:44:38.160+0000] {dagbag.py:538} INFO - Filling up the DagBag from /home/airflow/.local/lib/python3.8/site-packages/airflow/example_dags/example_kubernetes_executor.py
[2026-04-23T06:44:38.182+0000] {processor.py:840} INFO - DAG(s) 'example_kubernetes_executor' retrieved from /home/airflow/.local/lib/python3.8/site-packages/airflow/example_dags/example_kubernetes_executor.py
[2026-04-23T06:44:38.239+0000] {logging_mixin.py:188} INFO - [2026-04-23T06:44:38.239+0000] {dag.py:3036} INFO - Sync 1 DAGs
[2026-04-23T06:44:38.259+0000] {logging_mixin.py:188} INFO - [2026-04-23T06:44:38.258+0000] {dag.py:3823} INFO - Setting next_dagrun for example_kubernetes_executor to None, run_after=None
[2026-04-23T06:44:38.288+0000] {processor.py:183} INFO - Processing /home/airflow/.local/lib/python3.8/site-packages/airflow/example_dags/example_kubernetes_executor.py took 0.136 seconds
[2026-04-23T06:45:08.345+0000] {processor.py:161} INFO - Started process (PID=10976) to work on /home/airflow/.local/lib/python3.8/site-packages/airflow/example_dags/example_kubernetes_executor.py
[2026-04-23T06:45:08.346+0000] {processor.py:830} INFO - Processing file /home/airflow/.local/lib/python3.8/site-packages/airflow/example_dags/example_kubernetes_executor.py for tasks to queue
[2026-04-23T06:45:08.349+0000] {logging_mixin.py:188} INFO - [2026-04-23T06:45:08.348+0000] {dagbag.py:538} INFO - Filling up the DagBag from /home/airflow/.local/lib/python3.8/site-packages/airflow/example_dags/example_kubernetes_executor.py
[2026-04-23T06:45:08.369+0000] {processor.py:840} INFO - DAG(s) 'example_kubernetes_executor' retrieved from /home/airflow/.local/lib/python3.8/site-packages/airflow/example_dags/example_kubernetes_executor.py
[2026-04-23T06:45:08.428+0000] {logging_mixin.py:188} INFO - [2026-04-23T06:45:08.428+0000] {dag.py:3036} INFO - Sync 1 DAGs
[2026-04-23T06:45:08.446+0000] {logging_mixin.py:188} INFO - [2026-04-23T06:45:08.446+0000] {dag.py:3823} INFO - Setting next_dagrun for example_kubernetes_executor to None, run_after=None
[2026-04-23T06:45:08.476+0000] {processor.py:183} INFO - Processing /home/airflow/.local/lib/python3.8/site-packages/airflow/example_dags/example_kubernetes_executor.py took 0.136 seconds
[2026-04-23T06:45:38.607+0000] {processor.py:161} INFO - Started process (PID=11031) to work on /home/airflow/.local/lib/python3.8/site-packages/airflow/example_dags/example_kubernetes_executor.py
[2026-04-23T06:45:38.608+0000] {processor.py:830} INFO - Processing file /home/airflow/.local/lib/python3.8/site-packages/airflow/example_dags/example_kubernetes_executor.py for tasks to queue
[2026-04-23T06:45:38.611+0000] {logging_mixin.py:188} INFO - [2026-04-23T06:45:38.611+0000] {dagbag.py:538} INFO - Filling up the DagBag from /home/airflow/.local/lib/python3.8/site-packages/airflow/example_dags/example_kubernetes_executor.py
[2026-04-23T06:45:38.632+0000] {processor.py:840} INFO - DAG(s) 'example_kubernetes_executor' retrieved from /home/airflow/.local/lib/python3.8/site-packages/airflow/example_dags/example_kubernetes_executor.py
[2026-04-23T06:45:38.685+0000] {logging_mixin.py:188} INFO - [2026-04-23T06:45:38.685+0000] {dag.py:3036} INFO - Sync 1 DAGs
[2026-04-23T06:45:38.701+0000] {logging_mixin.py:188} INFO - [2026-04-23T06:45:38.701+0000] {dag.py:3823} INFO - Setting next_dagrun for example_kubernetes_executor to None, run_after=None
[2026-04-23T06:45:38.725+0000] {processor.py:183} INFO - Processing /home/airflow/.local/lib/python3.8/site-packages/airflow/example_dags/example_kubernetes_executor.py took 0.123 seconds
[2026-04-23T06:46:09.164+0000] {processor.py:161} INFO - Started process (PID=11086) to work on /home/airflow/.local/lib/python3.8/site-packages/airflow/example_dags/example_kubernetes_executor.py
[2026-04-23T06:46:09.165+0000] {processor.py:830} INFO - Processing file /home/airflow/.local/lib/python3.8/site-packages/airflow/example_dags/example_kubernetes_executor.py for tasks to queue
[2026-04-23T06:46:09.168+0000] {logging_mixin.py:188} INFO - [2026-04-23T06:46:09.167+0000] {dagbag.py:538} INFO - Filling up the DagBag from /home/airflow/.local/lib/python3.8/site-packages/airflow/example_dags/example_kubernetes_executor.py
[2026-04-23T06:46:09.186+0000] {processor.py:840} INFO - DAG(s) 'example_kubernetes_executor' retrieved from /home/airflow/.local/lib/python3.8/site-packages/airflow/example_dags/example_kubernetes_executor.py
[2026-04-23T06:46:09.237+0000] {logging_mixin.py:188} INFO - [2026-04-23T06:46:09.236+0000] {dag.py:3036} INFO - Sync 1 DAGs
[2026-04-23T06:46:09.253+0000] {logging_mixin.py:188} INFO - [2026-04-23T06:46:09.253+0000] {dag.py:3823} INFO - Setting next_dagrun for example_kubernetes_executor to None, run_after=None
[2026-04-23T06:46:09.276+0000] {processor.py:183} INFO - Processing /home/airflow/.local/lib/python3.8/site-packages/airflow/example_dags/example_kubernetes_executor.py took 0.116 seconds
[2026-04-23T06:46:39.726+0000] {processor.py:161} INFO - Started process (PID=11141) to work on /home/airflow/.local/lib/python3.8/site-packages/airflow/example_dags/example_kubernetes_executor.py
[2026-04-23T06:46:39.727+0000] {processor.py:830} INFO - Processing file /home/airflow/.local/lib/python3.8/site-packages/airflow/example_dags/example_kubernetes_executor.py for tasks to queue
[2026-04-23T06:46:39.729+0000] {logging_mixin.py:188} INFO - [2026-04-23T06:46:39.729+0000] {dagbag.py:538} INFO - Filling up the DagBag from /home/airflow/.local/lib/python3.8/site-packages/airflow/example_dags/example_kubernetes_executor.py
[2026-04-23T06:46:39.748+0000] {processor.py:840} INFO - DAG(s) 'example_kubernetes_executor' retrieved from /home/airflow/.local/lib/python3.8/site-packages/airflow/example_dags/example_kubernetes_executor.py
[2026-04-23T06:46:39.798+0000] {logging_mixin.py:188} INFO - [2026-04-23T06:46:39.798+0000] {dag.py:3036} INFO - Sync 1 DAGs
[2026-04-23T06:46:39.815+0000] {logging_mixin.py:188} INFO - [2026-04-23T06:46:39.814+0000] {dag.py:3823} INFO - Setting next_dagrun for example_kubernetes_executor to None, run_after=None
[2026-04-23T06:46:39.838+0000] {processor.py:183} INFO - Processing /home/airflow/.local/lib/python3.8/site-packages/airflow/example_dags/example_kubernetes_executor.py took 0.117 seconds
[2026-04-23T06:47:10.059+0000] {processor.py:161} INFO - Started process (PID=11196) to work on /home/airflow/.local/lib/python3.8/site-packages/airflow/example_dags/example_kubernetes_executor.py
[2026-04-23T06:47:10.060+0000] {processor.py:830} INFO - Processing file /home/airflow/.local/lib/python3.8/site-packages/airflow/example_dags/example_kubernetes_executor.py for tasks to queue
[2026-04-23T06:47:10.063+0000] {logging_mixin.py:188} INFO - [2026-04-23T06:47:10.062+0000] {dagbag.py:538} INFO - Filling up the DagBag from /home/airflow/.local/lib/python3.8/site-packages/airflow/example_dags/example_kubernetes_executor.py
[2026-04-23T06:47:10.085+0000] {processor.py:840} INFO - DAG(s) 'example_kubernetes_executor' retrieved from /home/airflow/.local/lib/python3.8/site-packages/airflow/example_dags/example_kubernetes_executor.py
[2026-04-23T06:47:10.142+0000] {logging_mixin.py:188} INFO - [2026-04-23T06:47:10.142+0000] {dag.py:3036} INFO - Sync 1 DAGs
[2026-04-23T06:47:10.159+0000] {logging_mixin.py:188} INFO - [2026-04-23T06:47:10.159+0000] {dag.py:3823} INFO - Setting next_dagrun for example_kubernetes_executor to None, run_after=None
[2026-04-23T06:47:10.183+0000] {processor.py:183} INFO - Processing /home/airflow/.local/lib/python3.8/site-packages/airflow/example_dags/example_kubernetes_executor.py took 0.129 seconds
[2026-04-23T06:47:40.791+0000] {processor.py:161} INFO - Started process (PID=11251) to work on /home/airflow/.local/lib/python3.8/site-packages/airflow/example_dags/example_kubernetes_executor.py
[2026-04-23T06:47:40.793+0000] {processor.py:830} INFO - Processing file /home/airflow/.local/lib/python3.8/site-packages/airflow/example_dags/example_kubernetes_executor.py for tasks to queue
[2026-04-23T06:47:40.795+0000] {logging_mixin.py:188} INFO - [2026-04-23T06:47:40.795+0000] {dagbag.py:538} INFO - Filling up the DagBag from /home/airflow/.local/lib/python3.8/site-packages/airflow/example_dags/example_kubernetes_executor.py
[2026-04-23T06:47:40.816+0000] {processor.py:840} INFO - DAG(s) 'example_kubernetes_executor' retrieved from /home/airflow/.local/lib/python3.8/site-packages/airflow/example_dags/example_kubernetes_executor.py
[2026-04-23T06:47:40.873+0000] {logging_mixin.py:188} INFO - [2026-04-23T06:47:40.872+0000] {dag.py:3036} INFO - Sync 1 DAGs
[2026-04-23T06:47:40.893+0000] {logging_mixin.py:188} INFO - [2026-04-23T06:47:40.893+0000] {dag.py:3823} INFO - Setting next_dagrun for example_kubernetes_executor to None, run_after=None
[2026-04-23T06:47:40.922+0000] {processor.py:183} INFO - Processing /home/airflow/.local/lib/python3.8/site-packages/airflow/example_dags/example_kubernetes_executor.py took 0.136 seconds
[2026-04-23T06:48:11.371+0000] {processor.py:161} INFO - Started process (PID=11306) to work on /home/airflow/.local/lib/python3.8/site-packages/airflow/example_dags/example_kubernetes_executor.py
[2026-04-23T06:48:11.373+0000] {processor.py:830} INFO - Processing file /home/airflow/.local/lib/python3.8/site-packages/airflow/example_dags/example_kubernetes_executor.py for tasks to queue
[2026-04-23T06:48:11.376+0000] {logging_mixin.py:188} INFO - [2026-04-23T06:48:11.376+0000] {dagbag.py:538} INFO - Filling up the DagBag from /home/airflow/.local/lib/python3.8/site-packages/airflow/example_dags/example_kubernetes_executor.py
[2026-04-23T06:48:11.397+0000] {processor.py:840} INFO - DAG(s) 'example_kubernetes_executor' retrieved from /home/airflow/.local/lib/python3.8/site-packages/airflow/example_dags/example_kubernetes_executor.py
[2026-04-23T06:48:11.456+0000] {logging_mixin.py:188} INFO - [2026-04-23T06:48:11.455+0000] {dag.py:3036} INFO - Sync 1 DAGs
[2026-04-23T06:48:11.474+0000] {logging_mixin.py:188} INFO - [2026-04-23T06:48:11.474+0000] {dag.py:3823} INFO - Setting next_dagrun for example_kubernetes_executor to None, run_after=None
[2026-04-23T06:48:11.504+0000] {processor.py:183} INFO - Processing /home/airflow/.local/lib/python3.8/site-packages/airflow/example_dags/example_kubernetes_executor.py took 0.138 seconds
[2026-04-23T06:48:42.445+0000] {processor.py:161} INFO - Started process (PID=11361) to work on /home/airflow/.local/lib/python3.8/site-packages/airflow/example_dags/example_kubernetes_executor.py
[2026-04-23T06:48:42.446+0000] {processor.py:830} INFO - Processing file /home/airflow/.local/lib/python3.8/site-packages/airflow/example_dags/example_kubernetes_executor.py for tasks to queue
[2026-04-23T06:48:42.448+0000] {logging_mixin.py:188} INFO - [2026-04-23T06:48:42.448+0000] {dagbag.py:538} INFO - Filling up the DagBag from /home/airflow/.local/lib/python3.8/site-packages/airflow/example_dags/example_kubernetes_executor.py
[2026-04-23T06:48:42.467+0000] {processor.py:840} INFO - DAG(s) 'example_kubernetes_executor' retrieved from /home/airflow/.local/lib/python3.8/site-packages/airflow/example_dags/example_kubernetes_executor.py
[2026-04-23T06:48:42.518+0000] {logging_mixin.py:188} INFO - [2026-04-23T06:48:42.517+0000] {dag.py:3036} INFO - Sync 1 DAGs
[2026-04-23T06:48:42.537+0000] {logging_mixin.py:188} INFO - [2026-04-23T06:48:42.536+0000] {dag.py:3823} INFO - Setting next_dagrun for example_kubernetes_executor to None, run_after=None
[2026-04-23T06:48:42.563+0000] {processor.py:183} INFO - Processing /home/airflow/.local/lib/python3.8/site-packages/airflow/example_dags/example_kubernetes_executor.py took 0.123 seconds
[2026-04-23T06:49:12.739+0000] {processor.py:161} INFO - Started process (PID=11416) to work on /home/airflow/.local/lib/python3.8/site-packages/airflow/example_dags/example_kubernetes_executor.py
[2026-04-23T06:49:12.740+0000] {processor.py:830} INFO - Processing file /home/airflow/.local/lib/python3.8/site-packages/airflow/example_dags/example_kubernetes_executor.py for tasks to queue
[2026-04-23T06:49:12.742+0000] {logging_mixin.py:188} INFO - [2026-04-23T06:49:12.742+0000] {dagbag.py:538} INFO - Filling up the DagBag from /home/airflow/.local/lib/python3.8/site-packages/airflow/example_dags/example_kubernetes_executor.py
[2026-04-23T06:49:12.762+0000] {processor.py:840} INFO - DAG(s) 'example_kubernetes_executor' retrieved from /home/airflow/.local/lib/python3.8/site-packages/airflow/example_dags/example_kubernetes_executor.py
[2026-04-23T06:49:12.813+0000] {logging_mixin.py:188} INFO - [2026-04-23T06:49:12.813+0000] {dag.py:3036} INFO - Sync 1 DAGs
[2026-04-23T06:49:12.831+0000] {logging_mixin.py:188} INFO - [2026-04-23T06:49:12.831+0000] {dag.py:3823} INFO - Setting next_dagrun for example_kubernetes_executor to None, run_after=None
[2026-04-23T06:49:12.854+0000] {processor.py:183} INFO - Processing /home/airflow/.local/lib/python3.8/site-packages/airflow/example_dags/example_kubernetes_executor.py took 0.120 seconds
[2026-04-23T06:49:43.017+0000] {processor.py:161} INFO - Started process (PID=11471) to work on /home/airflow/.local/lib/python3.8/site-packages/airflow/example_dags/example_kubernetes_executor.py
[2026-04-23T06:49:43.019+0000] {processor.py:830} INFO - Processing file /home/airflow/.local/lib/python3.8/site-packages/airflow/example_dags/example_kubernetes_executor.py for tasks to queue
[2026-04-23T06:49:43.021+0000] {logging_mixin.py:188} INFO - [2026-04-23T06:49:43.021+0000] {dagbag.py:538} INFO - Filling up the DagBag from /home/airflow/.local/lib/python3.8/site-packages/airflow/example_dags/example_kubernetes_executor.py
[2026-04-23T06:49:43.039+0000] {processor.py:840} INFO - DAG(s) 'example_kubernetes_executor' retrieved from /home/airflow/.local/lib/python3.8/site-packages/airflow/example_dags/example_kubernetes_executor.py
[2026-04-23T06:49:43.090+0000] {logging_mixin.py:188} INFO - [2026-04-23T06:49:43.089+0000] {dag.py:3036} INFO - Sync 1 DAGs
[2026-04-23T06:49:43.108+0000] {logging_mixin.py:188} INFO - [2026-04-23T06:49:43.107+0000] {dag.py:3823} INFO - Setting next_dagrun for example_kubernetes_executor to None, run_after=None
[2026-04-23T06:49:43.130+0000] {processor.py:183} INFO - Processing /home/airflow/.local/lib/python3.8/site-packages/airflow/example_dags/example_kubernetes_executor.py took 0.118 seconds
[2026-04-23T06:50:13.782+0000] {processor.py:161} INFO - Started process (PID=11526) to work on /home/airflow/.local/lib/python3.8/site-packages/airflow/example_dags/example_kubernetes_executor.py
[2026-04-23T06:50:13.783+0000] {processor.py:830} INFO - Processing file /home/airflow/.local/lib/python3.8/site-packages/airflow/example_dags/example_kubernetes_executor.py for tasks to queue
[2026-04-23T06:50:13.786+0000] {logging_mixin.py:188} INFO - [2026-04-23T06:50:13.785+0000] {dagbag.py:538} INFO - Filling up the DagBag from /home/airflow/.local/lib/python3.8/site-packages/airflow/example_dags/example_kubernetes_executor.py
[2026-04-23T06:50:13.803+0000] {processor.py:840} INFO - DAG(s) 'example_kubernetes_executor' retrieved from /home/airflow/.local/lib/python3.8/site-packages/airflow/example_dags/example_kubernetes_executor.py
[2026-04-23T06:50:13.851+0000] {logging_mixin.py:188} INFO - [2026-04-23T06:50:13.851+0000] {dag.py:3036} INFO - Sync 1 DAGs
[2026-04-23T06:50:13.867+0000] {logging_mixin.py:188} INFO - [2026-04-23T06:50:13.866+0000] {dag.py:3823} INFO - Setting next_dagrun for example_kubernetes_executor to None, run_after=None
[2026-04-23T06:50:13.890+0000] {processor.py:183} INFO - Processing /home/airflow/.local/lib/python3.8/site-packages/airflow/example_dags/example_kubernetes_executor.py took 0.112 seconds
[2026-04-23T06:50:44.570+0000] {processor.py:161} INFO - Started process (PID=11581) to work on /home/airflow/.local/lib/python3.8/site-packages/airflow/example_dags/example_kubernetes_executor.py
[2026-04-23T06:50:44.572+0000] {processor.py:830} INFO - Processing file /home/airflow/.local/lib/python3.8/site-packages/airflow/example_dags/example_kubernetes_executor.py for tasks to queue
[2026-04-23T06:50:44.575+0000] {logging_mixin.py:188} INFO - [2026-04-23T06:50:44.574+0000] {dagbag.py:538} INFO - Filling up the DagBag from /home/airflow/.local/lib/python3.8/site-packages/airflow/example_dags/example_kubernetes_executor.py
[2026-04-23T06:50:44.594+0000] {processor.py:840} INFO - DAG(s) 'example_kubernetes_executor' retrieved from /home/airflow/.local/lib/python3.8/site-packages/airflow/example_dags/example_kubernetes_executor.py
[2026-04-23T06:50:44.648+0000] {logging_mixin.py:188} INFO - [2026-04-23T06:50:44.648+0000] {dag.py:3036} INFO - Sync 1 DAGs
[2026-04-23T06:50:44.665+0000] {logging_mixin.py:188} INFO - [2026-04-23T06:50:44.665+0000] {dag.py:3823} INFO - Setting next_dagrun for example_kubernetes_executor to None, run_after=None
[2026-04-23T06:50:44.690+0000] {processor.py:183} INFO - Processing /home/airflow/.local/lib/python3.8/site-packages/airflow/example_dags/example_kubernetes_executor.py took 0.125 seconds
[2026-04-23T06:51:15.207+0000] {processor.py:161} INFO - Started process (PID=11636) to work on /home/airflow/.local/lib/python3.8/site-packages/airflow/example_dags/example_kubernetes_executor.py
[2026-04-23T06:51:15.208+0000] {processor.py:830} INFO - Processing file /home/airflow/.local/lib/python3.8/site-packages/airflow/example_dags/example_kubernetes_executor.py for tasks to queue
[2026-04-23T06:51:15.211+0000] {logging_mixin.py:188} INFO - [2026-04-23T06:51:15.210+0000] {dagbag.py:538} INFO - Filling up the DagBag from /home/airflow/.local/lib/python3.8/site-packages/airflow/example_dags/example_kubernetes_executor.py
[2026-04-23T06:51:15.228+0000] {processor.py:840} INFO - DAG(s) 'example_kubernetes_executor' retrieved from /home/airflow/.local/lib/python3.8/site-packages/airflow/example_dags/example_kubernetes_executor.py
[2026-04-23T06:51:15.278+0000] {logging_mixin.py:188} INFO - [2026-04-23T06:51:15.278+0000] {dag.py:3036} INFO - Sync 1 DAGs
[2026-04-23T06:51:15.294+0000] {logging_mixin.py:188} INFO - [2026-04-23T06:51:15.294+0000] {dag.py:3823} INFO - Setting next_dagrun for example_kubernetes_executor to None, run_after=None
[2026-04-23T06:51:15.318+0000] {processor.py:183} INFO - Processing /home/airflow/.local/lib/python3.8/site-packages/airflow/example_dags/example_kubernetes_executor.py took 0.115 seconds
[2026-04-23T06:51:45.811+0000] {processor.py:161} INFO - Started process (PID=11691) to work on /home/airflow/.local/lib/python3.8/site-packages/airflow/example_dags/example_kubernetes_executor.py
[2026-04-23T06:51:45.812+0000] {processor.py:830} INFO - Processing file /home/airflow/.local/lib/python3.8/site-packages/airflow/example_dags/example_kubernetes_executor.py for tasks to queue
[2026-04-23T06:51:45.815+0000] {logging_mixin.py:188} INFO - [2026-04-23T06:51:45.814+0000] {dagbag.py:538} INFO - Filling up the DagBag from /home/airflow/.local/lib/python3.8/site-packages/airflow/example_dags/example_kubernetes_executor.py
[2026-04-23T06:51:45.838+0000] {processor.py:840} INFO - DAG(s) 'example_kubernetes_executor' retrieved from /home/airflow/.local/lib/python3.8/site-packages/airflow/example_dags/example_kubernetes_executor.py
[2026-04-23T06:51:45.894+0000] {logging_mixin.py:188} INFO - [2026-04-23T06:51:45.894+0000] {dag.py:3036} INFO - Sync 1 DAGs
[2026-04-23T06:51:45.914+0000] {logging_mixin.py:188} INFO - [2026-04-23T06:51:45.913+0000] {dag.py:3823} INFO - Setting next_dagrun for example_kubernetes_executor to None, run_after=None
[2026-04-23T06:51:45.949+0000] {processor.py:183} INFO - Processing /home/airflow/.local/lib/python3.8/site-packages/airflow/example_dags/example_kubernetes_executor.py took 0.143 seconds
[2026-04-23T06:52:16.023+0000] {processor.py:161} INFO - Started process (PID=11746) to work on /home/airflow/.local/lib/python3.8/site-packages/airflow/example_dags/example_kubernetes_executor.py
[2026-04-23T06:52:16.025+0000] {processor.py:830} INFO - Processing file /home/airflow/.local/lib/python3.8/site-packages/airflow/example_dags/example_kubernetes_executor.py for tasks to queue
[2026-04-23T06:52:16.027+0000] {logging_mixin.py:188} INFO - [2026-04-23T06:52:16.027+0000] {dagbag.py:538} INFO - Filling up the DagBag from /home/airflow/.local/lib/python3.8/site-packages/airflow/example_dags/example_kubernetes_executor.py
[2026-04-23T06:52:16.045+0000] {processor.py:840} INFO - DAG(s) 'example_kubernetes_executor' retrieved from /home/airflow/.local/lib/python3.8/site-packages/airflow/example_dags/example_kubernetes_executor.py
[2026-04-23T06:52:16.096+0000] {logging_mixin.py:188} INFO - [2026-04-23T06:52:16.095+0000] {dag.py:3036} INFO - Sync 1 DAGs
[2026-04-23T06:52:16.112+0000] {logging_mixin.py:188} INFO - [2026-04-23T06:52:16.112+0000] {dag.py:3823} INFO - Setting next_dagrun for example_kubernetes_executor to None, run_after=None
[2026-04-23T06:52:16.135+0000] {processor.py:183} INFO - Processing /home/airflow/.local/lib/python3.8/site-packages/airflow/example_dags/example_kubernetes_executor.py took 0.117 seconds
[2026-04-23T06:52:46.606+0000] {processor.py:161} INFO - Started process (PID=11801) to work on /home/airflow/.local/lib/python3.8/site-packages/airflow/example_dags/example_kubernetes_executor.py
[2026-04-23T06:52:46.607+0000] {processor.py:830} INFO - Processing file /home/airflow/.local/lib/python3.8/site-packages/airflow/example_dags/example_kubernetes_executor.py for tasks to queue
[2026-04-23T06:52:46.610+0000] {logging_mixin.py:188} INFO - [2026-04-23T06:52:46.609+0000] {dagbag.py:538} INFO - Filling up the DagBag from /home/airflow/.local/lib/python3.8/site-packages/airflow/example_dags/example_kubernetes_executor.py
[2026-04-23T06:52:46.629+0000] {processor.py:840} INFO - DAG(s) 'example_kubernetes_executor' retrieved from /home/airflow/.local/lib/python3.8/site-packages/airflow/example_dags/example_kubernetes_executor.py
[2026-04-23T06:52:46.689+0000] {logging_mixin.py:188} INFO - [2026-04-23T06:52:46.689+0000] {dag.py:3036} INFO - Sync 1 DAGs
[2026-04-23T06:52:46.712+0000] {logging_mixin.py:188} INFO - [2026-04-23T06:52:46.711+0000] {dag.py:3823} INFO - Setting next_dagrun for example_kubernetes_executor to None, run_after=None
[2026-04-23T06:52:46.747+0000] {processor.py:183} INFO - Processing /home/airflow/.local/lib/python3.8/site-packages/airflow/example_dags/example_kubernetes_executor.py took 0.146 seconds
[2026-04-23T06:53:17.023+0000] {processor.py:161} INFO - Started process (PID=11856) to work on /home/airflow/.local/lib/python3.8/site-packages/airflow/example_dags/example_kubernetes_executor.py
[2026-04-23T06:53:17.025+0000] {processor.py:830} INFO - Processing file /home/airflow/.local/lib/python3.8/site-packages/airflow/example_dags/example_kubernetes_executor.py for tasks to queue
[2026-04-23T06:53:17.027+0000] {logging_mixin.py:188} INFO - [2026-04-23T06:53:17.026+0000] {dagbag.py:538} INFO - Filling up the DagBag from /home/airflow/.local/lib/python3.8/site-packages/airflow/example_dags/example_kubernetes_executor.py
[2026-04-23T06:53:17.045+0000] {processor.py:840} INFO - DAG(s) 'example_kubernetes_executor' retrieved from /home/airflow/.local/lib/python3.8/site-packages/airflow/example_dags/example_kubernetes_executor.py
[2026-04-23T06:53:17.097+0000] {logging_mixin.py:188} INFO - [2026-04-23T06:53:17.096+0000] {dag.py:3036} INFO - Sync 1 DAGs
[2026-04-23T06:53:17.116+0000] {logging_mixin.py:188} INFO - [2026-04-23T06:53:17.115+0000] {dag.py:3823} INFO - Setting next_dagrun for example_kubernetes_executor to None, run_after=None
[2026-04-23T06:53:17.140+0000] {processor.py:183} INFO - Processing /home/airflow/.local/lib/python3.8/site-packages/airflow/example_dags/example_kubernetes_executor.py took 0.121 seconds
[2026-04-23T06:53:47.750+0000] {processor.py:161} INFO - Started process (PID=11911) to work on /home/airflow/.local/lib/python3.8/site-packages/airflow/example_dags/example_kubernetes_executor.py
[2026-04-23T06:53:47.751+0000] {processor.py:830} INFO - Processing file /home/airflow/.local/lib/python3.8/site-packages/airflow/example_dags/example_kubernetes_executor.py for tasks to queue
[2026-04-23T06:53:47.753+0000] {logging_mixin.py:188} INFO - [2026-04-23T06:53:47.753+0000] {dagbag.py:538} INFO - Filling up the DagBag from /home/airflow/.local/lib/python3.8/site-packages/airflow/example_dags/example_kubernetes_executor.py
[2026-04-23T06:53:47.771+0000] {processor.py:840} INFO - DAG(s) 'example_kubernetes_executor' retrieved from /home/airflow/.local/lib/python3.8/site-packages/airflow/example_dags/example_kubernetes_executor.py
[2026-04-23T06:53:47.820+0000] {logging_mixin.py:188} INFO - [2026-04-23T06:53:47.819+0000] {dag.py:3036} INFO - Sync 1 DAGs
[2026-04-23T06:53:47.836+0000] {logging_mixin.py:188} INFO - [2026-04-23T06:53:47.835+0000] {dag.py:3823} INFO - Setting next_dagrun for example_kubernetes_executor to None, run_after=None
[2026-04-23T06:53:47.858+0000] {processor.py:183} INFO - Processing /home/airflow/.local/lib/python3.8/site-packages/airflow/example_dags/example_kubernetes_executor.py took 0.113 seconds
[2026-04-23T06:54:18.171+0000] {processor.py:161} INFO - Started process (PID=11966) to work on /home/airflow/.local/lib/python3.8/site-packages/airflow/example_dags/example_kubernetes_executor.py
[2026-04-23T06:54:18.172+0000] {processor.py:830} INFO - Processing file /home/airflow/.local/lib/python3.8/site-packages/airflow/example_dags/example_kubernetes_executor.py for tasks to queue
[2026-04-23T06:54:18.175+0000] {logging_mixin.py:188} INFO - [2026-04-23T06:54:18.174+0000] {dagbag.py:538} INFO - Filling up the DagBag from /home/airflow/.local/lib/python3.8/site-packages/airflow/example_dags/example_kubernetes_executor.py
[2026-04-23T06:54:18.192+0000] {processor.py:840} INFO - DAG(s) 'example_kubernetes_executor' retrieved from /home/airflow/.local/lib/python3.8/site-packages/airflow/example_dags/example_kubernetes_executor.py
[2026-04-23T06:54:18.243+0000] {logging_mixin.py:188} INFO - [2026-04-23T06:54:18.243+0000] {dag.py:3036} INFO - Sync 1 DAGs
[2026-04-23T06:54:18.259+0000] {logging_mixin.py:188} INFO - [2026-04-23T06:54:18.259+0000] {dag.py:3823} INFO - Setting next_dagrun for example_kubernetes_executor to None, run_after=None
[2026-04-23T06:54:18.282+0000] {processor.py:183} INFO - Processing /home/airflow/.local/lib/python3.8/site-packages/airflow/example_dags/example_kubernetes_executor.py took 0.115 seconds
[2026-04-23T06:54:49.026+0000] {processor.py:161} INFO - Started process (PID=12027) to work on /home/airflow/.local/lib/python3.8/site-packages/airflow/example_dags/example_kubernetes_executor.py
[2026-04-23T06:54:49.027+0000] {processor.py:830} INFO - Processing file /home/airflow/.local/lib/python3.8/site-packages/airflow/example_dags/example_kubernetes_executor.py for tasks to queue
[2026-04-23T06:54:49.029+0000] {logging_mixin.py:188} INFO - [2026-04-23T06:54:49.029+0000] {dagbag.py:538} INFO - Filling up the DagBag from /home/airflow/.local/lib/python3.8/site-packages/airflow/example_dags/example_kubernetes_executor.py
[2026-04-23T06:54:49.047+0000] {processor.py:840} INFO - DAG(s) 'example_kubernetes_executor' retrieved from /home/airflow/.local/lib/python3.8/site-packages/airflow/example_dags/example_kubernetes_executor.py
[2026-04-23T06:54:49.095+0000] {logging_mixin.py:188} INFO - [2026-04-23T06:54:49.095+0000] {dag.py:3036} INFO - Sync 1 DAGs
[2026-04-23T06:54:49.113+0000] {logging_mixin.py:188} INFO - [2026-04-23T06:54:49.113+0000] {dag.py:3823} INFO - Setting next_dagrun for example_kubernetes_executor to None, run_after=None
[2026-04-23T06:54:49.138+0000] {processor.py:183} INFO - Processing /home/airflow/.local/lib/python3.8/site-packages/airflow/example_dags/example_kubernetes_executor.py took 0.117 seconds
[2026-04-23T06:55:19.373+0000] {processor.py:161} INFO - Started process (PID=12082) to work on /home/airflow/.local/lib/python3.8/site-packages/airflow/example_dags/example_kubernetes_executor.py
[2026-04-23T06:55:19.374+0000] {processor.py:830} INFO - Processing file /home/airflow/.local/lib/python3.8/site-packages/airflow/example_dags/example_kubernetes_executor.py for tasks to queue
[2026-04-23T06:55:19.376+0000] {logging_mixin.py:188} INFO - [2026-04-23T06:55:19.376+0000] {dagbag.py:538} INFO - Filling up the DagBag from /home/airflow/.local/lib/python3.8/site-packages/airflow/example_dags/example_kubernetes_executor.py
[2026-04-23T06:55:19.395+0000] {processor.py:840} INFO - DAG(s) 'example_kubernetes_executor' retrieved from /home/airflow/.local/lib/python3.8/site-packages/airflow/example_dags/example_kubernetes_executor.py
[2026-04-23T06:55:19.446+0000] {logging_mixin.py:188} INFO - [2026-04-23T06:55:19.445+0000] {dag.py:3036} INFO - Sync 1 DAGs
[2026-04-23T06:55:19.463+0000] {logging_mixin.py:188} INFO - [2026-04-23T06:55:19.462+0000] {dag.py:3823} INFO - Setting next_dagrun for example_kubernetes_executor to None, run_after=None
[2026-04-23T06:55:19.486+0000] {processor.py:183} INFO - Processing /home/airflow/.local/lib/python3.8/site-packages/airflow/example_dags/example_kubernetes_executor.py took 0.117 seconds
[2026-04-23T06:55:49.726+0000] {processor.py:161} INFO - Started process (PID=12137) to work on /home/airflow/.local/lib/python3.8/site-packages/airflow/example_dags/example_kubernetes_executor.py
[2026-04-23T06:55:49.727+0000] {processor.py:830} INFO - Processing file /home/airflow/.local/lib/python3.8/site-packages/airflow/example_dags/example_kubernetes_executor.py for tasks to queue
[2026-04-23T06:55:49.729+0000] {logging_mixin.py:188} INFO - [2026-04-23T06:55:49.729+0000] {dagbag.py:538} INFO - Filling up the DagBag from /home/airflow/.local/lib/python3.8/site-packages/airflow/example_dags/example_kubernetes_executor.py
[2026-04-23T06:55:49.749+0000] {processor.py:840} INFO - DAG(s) 'example_kubernetes_executor' retrieved from /home/airflow/.local/lib/python3.8/site-packages/airflow/example_dags/example_kubernetes_executor.py
[2026-04-23T06:55:49.800+0000] {logging_mixin.py:188} INFO - [2026-04-23T06:55:49.800+0000] {dag.py:3036} INFO - Sync 1 DAGs
[2026-04-23T06:55:49.817+0000] {logging_mixin.py:188} INFO - [2026-04-23T06:55:49.817+0000] {dag.py:3823} INFO - Setting next_dagrun for example_kubernetes_executor to None, run_after=None
[2026-04-23T06:55:49.839+0000] {processor.py:183} INFO - Processing /home/airflow/.local/lib/python3.8/site-packages/airflow/example_dags/example_kubernetes_executor.py took 0.119 seconds
[2026-04-23T06:56:20.109+0000] {processor.py:161} INFO - Started process (PID=12192) to work on /home/airflow/.local/lib/python3.8/site-packages/airflow/example_dags/example_kubernetes_executor.py
[2026-04-23T06:56:20.111+0000] {processor.py:830} INFO - Processing file /home/airflow/.local/lib/python3.8/site-packages/airflow/example_dags/example_kubernetes_executor.py for tasks to queue
[2026-04-23T06:56:20.114+0000] {logging_mixin.py:188} INFO - [2026-04-23T06:56:20.113+0000] {dagbag.py:538} INFO - Filling up the DagBag from /home/airflow/.local/lib/python3.8/site-packages/airflow/example_dags/example_kubernetes_executor.py
[2026-04-23T06:56:20.137+0000] {processor.py:840} INFO - DAG(s) 'example_kubernetes_executor' retrieved from /home/airflow/.local/lib/python3.8/site-packages/airflow/example_dags/example_kubernetes_executor.py
[2026-04-23T06:56:20.194+0000] {logging_mixin.py:188} INFO - [2026-04-23T06:56:20.194+0000] {dag.py:3036} INFO - Sync 1 DAGs
[2026-04-23T06:56:20.216+0000] {logging_mixin.py:188} INFO - [2026-04-23T06:56:20.215+0000] {dag.py:3823} INFO - Setting next_dagrun for example_kubernetes_executor to None, run_after=None
[2026-04-23T06:56:20.244+0000] {processor.py:183} INFO - Processing /home/airflow/.local/lib/python3.8/site-packages/airflow/example_dags/example_kubernetes_executor.py took 0.140 seconds
[2026-04-23T06:56:50.735+0000] {processor.py:161} INFO - Started process (PID=12248) to work on /home/airflow/.local/lib/python3.8/site-packages/airflow/example_dags/example_kubernetes_executor.py
[2026-04-23T06:56:50.736+0000] {processor.py:830} INFO - Processing file /home/airflow/.local/lib/python3.8/site-packages/airflow/example_dags/example_kubernetes_executor.py for tasks to queue
[2026-04-23T06:56:50.739+0000] {logging_mixin.py:188} INFO - [2026-04-23T06:56:50.739+0000] {dagbag.py:538} INFO - Filling up the DagBag from /home/airflow/.local/lib/python3.8/site-packages/airflow/example_dags/example_kubernetes_executor.py
[2026-04-23T06:56:50.759+0000] {processor.py:840} INFO - DAG(s) 'example_kubernetes_executor' retrieved from /home/airflow/.local/lib/python3.8/site-packages/airflow/example_dags/example_kubernetes_executor.py
[2026-04-23T06:56:50.814+0000] {logging_mixin.py:188} INFO - [2026-04-23T06:56:50.814+0000] {dag.py:3036} INFO - Sync 1 DAGs
[2026-04-23T06:56:50.833+0000] {logging_mixin.py:188} INFO - [2026-04-23T06:56:50.832+0000] {dag.py:3823} INFO - Setting next_dagrun for example_kubernetes_executor to None, run_after=None
[2026-04-23T06:56:50.858+0000] {processor.py:183} INFO - Processing /home/airflow/.local/lib/python3.8/site-packages/airflow/example_dags/example_kubernetes_executor.py took 0.128 seconds
[2026-04-23T06:57:21.201+0000] {processor.py:161} INFO - Started process (PID=12303) to work on /home/airflow/.local/lib/python3.8/site-packages/airflow/example_dags/example_kubernetes_executor.py
[2026-04-23T06:57:21.202+0000] {processor.py:830} INFO - Processing file /home/airflow/.local/lib/python3.8/site-packages/airflow/example_dags/example_kubernetes_executor.py for tasks to queue
[2026-04-23T06:57:21.205+0000] {logging_mixin.py:188} INFO - [2026-04-23T06:57:21.204+0000] {dagbag.py:538} INFO - Filling up the DagBag from /home/airflow/.local/lib/python3.8/site-packages/airflow/example_dags/example_kubernetes_executor.py
[2026-04-23T06:57:21.230+0000] {processor.py:840} INFO - DAG(s) 'example_kubernetes_executor' retrieved from /home/airflow/.local/lib/python3.8/site-packages/airflow/example_dags/example_kubernetes_executor.py
[2026-04-23T06:57:21.283+0000] {logging_mixin.py:188} INFO - [2026-04-23T06:57:21.282+0000] {dag.py:3036} INFO - Sync 1 DAGs
[2026-04-23T06:57:21.300+0000] {logging_mixin.py:188} INFO - [2026-04-23T06:57:21.300+0000] {dag.py:3823} INFO - Setting next_dagrun for example_kubernetes_executor to None, run_after=None
[2026-04-23T06:57:21.325+0000] {processor.py:183} INFO - Processing /home/airflow/.local/lib/python3.8/site-packages/airflow/example_dags/example_kubernetes_executor.py took 0.129 seconds
[2026-04-23T06:57:51.663+0000] {processor.py:161} INFO - Started process (PID=12358) to work on /home/airflow/.local/lib/python3.8/site-packages/airflow/example_dags/example_kubernetes_executor.py
[2026-04-23T06:57:51.664+0000] {processor.py:830} INFO - Processing file /home/airflow/.local/lib/python3.8/site-packages/airflow/example_dags/example_kubernetes_executor.py for tasks to queue
[2026-04-23T06:57:51.666+0000] {logging_mixin.py:188} INFO - [2026-04-23T06:57:51.666+0000] {dagbag.py:538} INFO - Filling up the DagBag from /home/airflow/.local/lib/python3.8/site-packages/airflow/example_dags/example_kubernetes_executor.py
[2026-04-23T06:57:51.684+0000] {processor.py:840} INFO - DAG(s) 'example_kubernetes_executor' retrieved from /home/airflow/.local/lib/python3.8/site-packages/airflow/example_dags/example_kubernetes_executor.py
[2026-04-23T06:57:51.738+0000] {logging_mixin.py:188} INFO - [2026-04-23T06:57:51.738+0000] {dag.py:3036} INFO - Sync 1 DAGs
[2026-04-23T06:57:51.755+0000] {logging_mixin.py:188} INFO - [2026-04-23T06:57:51.755+0000] {dag.py:3823} INFO - Setting next_dagrun for example_kubernetes_executor to None, run_after=None
[2026-04-23T06:57:51.782+0000] {processor.py:183} INFO - Processing /home/airflow/.local/lib/python3.8/site-packages/airflow/example_dags/example_kubernetes_executor.py took 0.124 seconds
[2026-04-23T06:58:22.017+0000] {processor.py:161} INFO - Started process (PID=12413) to work on /home/airflow/.local/lib/python3.8/site-packages/airflow/example_dags/example_kubernetes_executor.py
[2026-04-23T06:58:22.018+0000] {processor.py:830} INFO - Processing file /home/airflow/.local/lib/python3.8/site-packages/airflow/example_dags/example_kubernetes_executor.py for tasks to queue
[2026-04-23T06:58:22.020+0000] {logging_mixin.py:188} INFO - [2026-04-23T06:58:22.020+0000] {dagbag.py:538} INFO - Filling up the DagBag from /home/airflow/.local/lib/python3.8/site-packages/airflow/example_dags/example_kubernetes_executor.py
[2026-04-23T06:58:22.042+0000] {processor.py:840} INFO - DAG(s) 'example_kubernetes_executor' retrieved from /home/airflow/.local/lib/python3.8/site-packages/airflow/example_dags/example_kubernetes_executor.py
[2026-04-23T06:58:22.103+0000] {logging_mixin.py:188} INFO - [2026-04-23T06:58:22.102+0000] {dag.py:3036} INFO - Sync 1 DAGs
[2026-04-23T06:58:22.125+0000] {logging_mixin.py:188} INFO - [2026-04-23T06:58:22.124+0000] {dag.py:3823} INFO - Setting next_dagrun for example_kubernetes_executor to None, run_after=None
[2026-04-23T06:58:22.154+0000] {processor.py:183} INFO - Processing /home/airflow/.local/lib/python3.8/site-packages/airflow/example_dags/example_kubernetes_executor.py took 0.143 seconds
[2026-04-23T06:58:52.479+0000] {processor.py:161} INFO - Started process (PID=12468) to work on /home/airflow/.local/lib/python3.8/site-packages/airflow/example_dags/example_kubernetes_executor.py
[2026-04-23T06:58:52.480+0000] {processor.py:830} INFO - Processing file /home/airflow/.local/lib/python3.8/site-packages/airflow/example_dags/example_kubernetes_executor.py for tasks to queue
[2026-04-23T06:58:52.483+0000] {logging_mixin.py:188} INFO - [2026-04-23T06:58:52.482+0000] {dagbag.py:538} INFO - Filling up the DagBag from /home/airflow/.local/lib/python3.8/site-packages/airflow/example_dags/example_kubernetes_executor.py
[2026-04-23T06:58:52.504+0000] {processor.py:840} INFO - DAG(s) 'example_kubernetes_executor' retrieved from /home/airflow/.local/lib/python3.8/site-packages/airflow/example_dags/example_kubernetes_executor.py
[2026-04-23T06:58:52.554+0000] {logging_mixin.py:188} INFO - [2026-04-23T06:58:52.553+0000] {dag.py:3036} INFO - Sync 1 DAGs
[2026-04-23T06:58:52.572+0000] {logging_mixin.py:188} INFO - [2026-04-23T06:58:52.572+0000] {dag.py:3823} INFO - Setting next_dagrun for example_kubernetes_executor to None, run_after=None
[2026-04-23T06:58:52.595+0000] {processor.py:183} INFO - Processing /home/airflow/.local/lib/python3.8/site-packages/airflow/example_dags/example_kubernetes_executor.py took 0.121 seconds
[2026-04-23T06:59:23.200+0000] {processor.py:161} INFO - Started process (PID=12523) to work on /home/airflow/.local/lib/python3.8/site-packages/airflow/example_dags/example_kubernetes_executor.py
[2026-04-23T06:59:23.201+0000] {processor.py:830} INFO - Processing file /home/airflow/.local/lib/python3.8/site-packages/airflow/example_dags/example_kubernetes_executor.py for tasks to queue
[2026-04-23T06:59:23.203+0000] {logging_mixin.py:188} INFO - [2026-04-23T06:59:23.203+0000] {dagbag.py:538} INFO - Filling up the DagBag from /home/airflow/.local/lib/python3.8/site-packages/airflow/example_dags/example_kubernetes_executor.py
[2026-04-23T06:59:23.223+0000] {processor.py:840} INFO - DAG(s) 'example_kubernetes_executor' retrieved from /home/airflow/.local/lib/python3.8/site-packages/airflow/example_dags/example_kubernetes_executor.py
[2026-04-23T06:59:23.272+0000] {logging_mixin.py:188} INFO - [2026-04-23T06:59:23.272+0000] {dag.py:3036} INFO - Sync 1 DAGs
[2026-04-23T06:59:23.288+0000] {logging_mixin.py:188} INFO - [2026-04-23T06:59:23.288+0000] {dag.py:3823} INFO - Setting next_dagrun for example_kubernetes_executor to None, run_after=None
[2026-04-23T06:59:23.311+0000] {processor.py:183} INFO - Processing /home/airflow/.local/lib/python3.8/site-packages/airflow/example_dags/example_kubernetes_executor.py took 0.116 seconds
[2026-04-23T06:59:53.610+0000] {processor.py:161} INFO - Started process (PID=12578) to work on /home/airflow/.local/lib/python3.8/site-packages/airflow/example_dags/example_kubernetes_executor.py
[2026-04-23T06:59:53.611+0000] {processor.py:830} INFO - Processing file /home/airflow/.local/lib/python3.8/site-packages/airflow/example_dags/example_kubernetes_executor.py for tasks to queue
[2026-04-23T06:59:53.613+0000] {logging_mixin.py:188} INFO - [2026-04-23T06:59:53.613+0000] {dagbag.py:538} INFO - Filling up the DagBag from /home/airflow/.local/lib/python3.8/site-packages/airflow/example_dags/example_kubernetes_executor.py
[2026-04-23T06:59:53.632+0000] {processor.py:840} INFO - DAG(s) 'example_kubernetes_executor' retrieved from /home/airflow/.local/lib/python3.8/site-packages/airflow/example_dags/example_kubernetes_executor.py
[2026-04-23T06:59:53.684+0000] {logging_mixin.py:188} INFO - [2026-04-23T06:59:53.684+0000] {dag.py:3036} INFO - Sync 1 DAGs
[2026-04-23T06:59:53.702+0000] {logging_mixin.py:188} INFO - [2026-04-23T06:59:53.701+0000] {dag.py:3823} INFO - Setting next_dagrun for example_kubernetes_executor to None, run_after=None
[2026-04-23T06:59:53.723+0000] {processor.py:183} INFO - Processing /home/airflow/.local/lib/python3.8/site-packages/airflow/example_dags/example_kubernetes_executor.py took 0.119 seconds
[2026-04-23T07:00:23.942+0000] {processor.py:161} INFO - Started process (PID=12632) to work on /home/airflow/.local/lib/python3.8/site-packages/airflow/example_dags/example_kubernetes_executor.py
[2026-04-23T07:00:23.951+0000] {processor.py:830} INFO - Processing file /home/airflow/.local/lib/python3.8/site-packages/airflow/example_dags/example_kubernetes_executor.py for tasks to queue
[2026-04-23T07:00:23.954+0000] {logging_mixin.py:188} INFO - [2026-04-23T07:00:23.954+0000] {dagbag.py:538} INFO - Filling up the DagBag from /home/airflow/.local/lib/python3.8/site-packages/airflow/example_dags/example_kubernetes_executor.py
[2026-04-23T07:00:23.974+0000] {processor.py:840} INFO - DAG(s) 'example_kubernetes_executor' retrieved from /home/airflow/.local/lib/python3.8/site-packages/airflow/example_dags/example_kubernetes_executor.py
[2026-04-23T07:00:24.029+0000] {logging_mixin.py:188} INFO - [2026-04-23T07:00:24.029+0000] {dag.py:3036} INFO - Sync 1 DAGs
[2026-04-23T07:00:24.047+0000] {logging_mixin.py:188} INFO - [2026-04-23T07:00:24.047+0000] {dag.py:3823} INFO - Setting next_dagrun for example_kubernetes_executor to None, run_after=None
[2026-04-23T07:00:24.071+0000] {processor.py:183} INFO - Processing /home/airflow/.local/lib/python3.8/site-packages/airflow/example_dags/example_kubernetes_executor.py took 0.134 seconds
[2026-04-23T07:00:54.503+0000] {processor.py:161} INFO - Started process (PID=12688) to work on /home/airflow/.local/lib/python3.8/site-packages/airflow/example_dags/example_kubernetes_executor.py
[2026-04-23T07:00:54.504+0000] {processor.py:830} INFO - Processing file /home/airflow/.local/lib/python3.8/site-packages/airflow/example_dags/example_kubernetes_executor.py for tasks to queue
[2026-04-23T07:00:54.506+0000] {logging_mixin.py:188} INFO - [2026-04-23T07:00:54.506+0000] {dagbag.py:538} INFO - Filling up the DagBag from /home/airflow/.local/lib/python3.8/site-packages/airflow/example_dags/example_kubernetes_executor.py
[2026-04-23T07:00:54.526+0000] {processor.py:840} INFO - DAG(s) 'example_kubernetes_executor' retrieved from /home/airflow/.local/lib/python3.8/site-packages/airflow/example_dags/example_kubernetes_executor.py
[2026-04-23T07:00:54.576+0000] {logging_mixin.py:188} INFO - [2026-04-23T07:00:54.576+0000] {dag.py:3036} INFO - Sync 1 DAGs
[2026-04-23T07:00:54.593+0000] {logging_mixin.py:188} INFO - [2026-04-23T07:00:54.592+0000] {dag.py:3823} INFO - Setting next_dagrun for example_kubernetes_executor to None, run_after=None
[2026-04-23T07:00:54.616+0000] {processor.py:183} INFO - Processing /home/airflow/.local/lib/python3.8/site-packages/airflow/example_dags/example_kubernetes_executor.py took 0.118 seconds
[2026-04-23T07:01:24.872+0000] {processor.py:161} INFO - Started process (PID=12743) to work on /home/airflow/.local/lib/python3.8/site-packages/airflow/example_dags/example_kubernetes_executor.py
[2026-04-23T07:01:24.873+0000] {processor.py:830} INFO - Processing file /home/airflow/.local/lib/python3.8/site-packages/airflow/example_dags/example_kubernetes_executor.py for tasks to queue
[2026-04-23T07:01:24.875+0000] {logging_mixin.py:188} INFO - [2026-04-23T07:01:24.875+0000] {dagbag.py:538} INFO - Filling up the DagBag from /home/airflow/.local/lib/python3.8/site-packages/airflow/example_dags/example_kubernetes_executor.py
[2026-04-23T07:01:24.893+0000] {processor.py:840} INFO - DAG(s) 'example_kubernetes_executor' retrieved from /home/airflow/.local/lib/python3.8/site-packages/airflow/example_dags/example_kubernetes_executor.py
[2026-04-23T07:01:24.943+0000] {logging_mixin.py:188} INFO - [2026-04-23T07:01:24.943+0000] {dag.py:3036} INFO - Sync 1 DAGs
[2026-04-23T07:01:24.961+0000] {logging_mixin.py:188} INFO - [2026-04-23T07:01:24.961+0000] {dag.py:3823} INFO - Setting next_dagrun for example_kubernetes_executor to None, run_after=None
[2026-04-23T07:01:24.984+0000] {processor.py:183} INFO - Processing /home/airflow/.local/lib/python3.8/site-packages/airflow/example_dags/example_kubernetes_executor.py took 0.116 seconds
[2026-04-23T07:01:55.250+0000] {processor.py:161} INFO - Started process (PID=12798) to work on /home/airflow/.local/lib/python3.8/site-packages/airflow/example_dags/example_kubernetes_executor.py
[2026-04-23T07:01:55.251+0000] {processor.py:830} INFO - Processing file /home/airflow/.local/lib/python3.8/site-packages/airflow/example_dags/example_kubernetes_executor.py for tasks to queue
[2026-04-23T07:01:55.254+0000] {logging_mixin.py:188} INFO - [2026-04-23T07:01:55.253+0000] {dagbag.py:538} INFO - Filling up the DagBag from /home/airflow/.local/lib/python3.8/site-packages/airflow/example_dags/example_kubernetes_executor.py
[2026-04-23T07:01:55.280+0000] {processor.py:840} INFO - DAG(s) 'example_kubernetes_executor' retrieved from /home/airflow/.local/lib/python3.8/site-packages/airflow/example_dags/example_kubernetes_executor.py
[2026-04-23T07:01:55.335+0000] {logging_mixin.py:188} INFO - [2026-04-23T07:01:55.334+0000] {dag.py:3036} INFO - Sync 1 DAGs
[2026-04-23T07:01:55.352+0000] {logging_mixin.py:188} INFO - [2026-04-23T07:01:55.352+0000] {dag.py:3823} INFO - Setting next_dagrun for example_kubernetes_executor to None, run_after=None
[2026-04-23T07:01:55.376+0000] {processor.py:183} INFO - Processing /home/airflow/.local/lib/python3.8/site-packages/airflow/example_dags/example_kubernetes_executor.py took 0.132 seconds
[2026-04-23T07:02:25.790+0000] {processor.py:161} INFO - Started process (PID=12853) to work on /home/airflow/.local/lib/python3.8/site-packages/airflow/example_dags/example_kubernetes_executor.py
[2026-04-23T07:02:25.791+0000] {processor.py:830} INFO - Processing file /home/airflow/.local/lib/python3.8/site-packages/airflow/example_dags/example_kubernetes_executor.py for tasks to queue
[2026-04-23T07:02:25.794+0000] {logging_mixin.py:188} INFO - [2026-04-23T07:02:25.793+0000] {dagbag.py:538} INFO - Filling up the DagBag from /home/airflow/.local/lib/python3.8/site-packages/airflow/example_dags/example_kubernetes_executor.py
[2026-04-23T07:02:25.815+0000] {processor.py:840} INFO - DAG(s) 'example_kubernetes_executor' retrieved from /home/airflow/.local/lib/python3.8/site-packages/airflow/example_dags/example_kubernetes_executor.py
[2026-04-23T07:02:25.870+0000] {logging_mixin.py:188} INFO - [2026-04-23T07:02:25.870+0000] {dag.py:3036} INFO - Sync 1 DAGs
[2026-04-23T07:02:25.889+0000] {logging_mixin.py:188} INFO - [2026-04-23T07:02:25.889+0000] {dag.py:3823} INFO - Setting next_dagrun for example_kubernetes_executor to None, run_after=None
[2026-04-23T07:02:25.915+0000] {processor.py:183} INFO - Processing /home/airflow/.local/lib/python3.8/site-packages/airflow/example_dags/example_kubernetes_executor.py took 0.130 seconds
[2026-04-23T07:02:56.203+0000] {processor.py:161} INFO - Started process (PID=12908) to work on /home/airflow/.local/lib/python3.8/site-packages/airflow/example_dags/example_kubernetes_executor.py
[2026-04-23T07:02:56.205+0000] {processor.py:830} INFO - Processing file /home/airflow/.local/lib/python3.8/site-packages/airflow/example_dags/example_kubernetes_executor.py for tasks to queue
[2026-04-23T07:02:56.207+0000] {logging_mixin.py:188} INFO - [2026-04-23T07:02:56.207+0000] {dagbag.py:538} INFO - Filling up the DagBag from /home/airflow/.local/lib/python3.8/site-packages/airflow/example_dags/example_kubernetes_executor.py
[2026-04-23T07:02:56.227+0000] {processor.py:840} INFO - DAG(s) 'example_kubernetes_executor' retrieved from /home/airflow/.local/lib/python3.8/site-packages/airflow/example_dags/example_kubernetes_executor.py
[2026-04-23T07:02:56.284+0000] {logging_mixin.py:188} INFO - [2026-04-23T07:02:56.283+0000] {dag.py:3036} INFO - Sync 1 DAGs
[2026-04-23T07:02:56.301+0000] {logging_mixin.py:188} INFO - [2026-04-23T07:02:56.301+0000] {dag.py:3823} INFO - Setting next_dagrun for example_kubernetes_executor to None, run_after=None
[2026-04-23T07:02:56.326+0000] {processor.py:183} INFO - Processing /home/airflow/.local/lib/python3.8/site-packages/airflow/example_dags/example_kubernetes_executor.py took 0.128 seconds
[2026-04-23T07:03:26.757+0000] {processor.py:161} INFO - Started process (PID=12963) to work on /home/airflow/.local/lib/python3.8/site-packages/airflow/example_dags/example_kubernetes_executor.py
[2026-04-23T07:03:26.758+0000] {processor.py:830} INFO - Processing file /home/airflow/.local/lib/python3.8/site-packages/airflow/example_dags/example_kubernetes_executor.py for tasks to queue
[2026-04-23T07:03:26.761+0000] {logging_mixin.py:188} INFO - [2026-04-23T07:03:26.760+0000] {dagbag.py:538} INFO - Filling up the DagBag from /home/airflow/.local/lib/python3.8/site-packages/airflow/example_dags/example_kubernetes_executor.py
[2026-04-23T07:03:26.779+0000] {processor.py:840} INFO - DAG(s) 'example_kubernetes_executor' retrieved from /home/airflow/.local/lib/python3.8/site-packages/airflow/example_dags/example_kubernetes_executor.py
[2026-04-23T07:03:26.834+0000] {logging_mixin.py:188} INFO - [2026-04-23T07:03:26.834+0000] {dag.py:3036} INFO - Sync 1 DAGs
[2026-04-23T07:03:26.852+0000] {logging_mixin.py:188} INFO - [2026-04-23T07:03:26.852+0000] {dag.py:3823} INFO - Setting next_dagrun for example_kubernetes_executor to None, run_after=None
[2026-04-23T07:03:26.876+0000] {processor.py:183} INFO - Processing /home/airflow/.local/lib/python3.8/site-packages/airflow/example_dags/example_kubernetes_executor.py took 0.124 seconds
[2026-04-23T07:03:57.117+0000] {processor.py:161} INFO - Started process (PID=13018) to work on /home/airflow/.local/lib/python3.8/site-packages/airflow/example_dags/example_kubernetes_executor.py
[2026-04-23T07:03:57.118+0000] {processor.py:830} INFO - Processing file /home/airflow/.local/lib/python3.8/site-packages/airflow/example_dags/example_kubernetes_executor.py for tasks to queue
[2026-04-23T07:03:57.120+0000] {logging_mixin.py:188} INFO - [2026-04-23T07:03:57.120+0000] {dagbag.py:538} INFO - Filling up the DagBag from /home/airflow/.local/lib/python3.8/site-packages/airflow/example_dags/example_kubernetes_executor.py
[2026-04-23T07:03:57.137+0000] {processor.py:840} INFO - DAG(s) 'example_kubernetes_executor' retrieved from /home/airflow/.local/lib/python3.8/site-packages/airflow/example_dags/example_kubernetes_executor.py
[2026-04-23T07:03:57.187+0000] {logging_mixin.py:188} INFO - [2026-04-23T07:03:57.187+0000] {dag.py:3036} INFO - Sync 1 DAGs
[2026-04-23T07:03:57.204+0000] {logging_mixin.py:188} INFO - [2026-04-23T07:03:57.204+0000] {dag.py:3823} INFO - Setting next_dagrun for example_kubernetes_executor to None, run_after=None
[2026-04-23T07:03:57.227+0000] {processor.py:183} INFO - Processing /home/airflow/.local/lib/python3.8/site-packages/airflow/example_dags/example_kubernetes_executor.py took 0.114 seconds
[2026-04-23T07:04:27.595+0000] {processor.py:161} INFO - Started process (PID=13073) to work on /home/airflow/.local/lib/python3.8/site-packages/airflow/example_dags/example_kubernetes_executor.py
[2026-04-23T07:04:27.596+0000] {processor.py:830} INFO - Processing file /home/airflow/.local/lib/python3.8/site-packages/airflow/example_dags/example_kubernetes_executor.py for tasks to queue
[2026-04-23T07:04:27.599+0000] {logging_mixin.py:188} INFO - [2026-04-23T07:04:27.599+0000] {dagbag.py:538} INFO - Filling up the DagBag from /home/airflow/.local/lib/python3.8/site-packages/airflow/example_dags/example_kubernetes_executor.py
[2026-04-23T07:04:27.620+0000] {processor.py:840} INFO - DAG(s) 'example_kubernetes_executor' retrieved from /home/airflow/.local/lib/python3.8/site-packages/airflow/example_dags/example_kubernetes_executor.py
[2026-04-23T07:04:27.679+0000] {logging_mixin.py:188} INFO - [2026-04-23T07:04:27.679+0000] {dag.py:3036} INFO - Sync 1 DAGs
[2026-04-23T07:04:27.699+0000] {logging_mixin.py:188} INFO - [2026-04-23T07:04:27.699+0000] {dag.py:3823} INFO - Setting next_dagrun for example_kubernetes_executor to None, run_after=None
[2026-04-23T07:04:27.730+0000] {processor.py:183} INFO - Processing /home/airflow/.local/lib/python3.8/site-packages/airflow/example_dags/example_kubernetes_executor.py took 0.141 seconds
[2026-04-23T07:04:58.346+0000] {processor.py:161} INFO - Started process (PID=13128) to work on /home/airflow/.local/lib/python3.8/site-packages/airflow/example_dags/example_kubernetes_executor.py
[2026-04-23T07:04:58.347+0000] {processor.py:830} INFO - Processing file /home/airflow/.local/lib/python3.8/site-packages/airflow/example_dags/example_kubernetes_executor.py for tasks to queue
[2026-04-23T07:04:58.350+0000] {logging_mixin.py:188} INFO - [2026-04-23T07:04:58.349+0000] {dagbag.py:538} INFO - Filling up the DagBag from /home/airflow/.local/lib/python3.8/site-packages/airflow/example_dags/example_kubernetes_executor.py
[2026-04-23T07:04:58.370+0000] {processor.py:840} INFO - DAG(s) 'example_kubernetes_executor' retrieved from /home/airflow/.local/lib/python3.8/site-packages/airflow/example_dags/example_kubernetes_executor.py
[2026-04-23T07:04:58.427+0000] {logging_mixin.py:188} INFO - [2026-04-23T07:04:58.427+0000] {dag.py:3036} INFO - Sync 1 DAGs
[2026-04-23T07:04:58.447+0000] {logging_mixin.py:188} INFO - [2026-04-23T07:04:58.446+0000] {dag.py:3823} INFO - Setting next_dagrun for example_kubernetes_executor to None, run_after=None
[2026-04-23T07:04:58.474+0000] {processor.py:183} INFO - Processing /home/airflow/.local/lib/python3.8/site-packages/airflow/example_dags/example_kubernetes_executor.py took 0.134 seconds
[2026-04-23T07:05:28.664+0000] {processor.py:161} INFO - Started process (PID=13182) to work on /home/airflow/.local/lib/python3.8/site-packages/airflow/example_dags/example_kubernetes_executor.py
[2026-04-23T07:05:28.673+0000] {processor.py:830} INFO - Processing file /home/airflow/.local/lib/python3.8/site-packages/airflow/example_dags/example_kubernetes_executor.py for tasks to queue
[2026-04-23T07:05:28.676+0000] {logging_mixin.py:188} INFO - [2026-04-23T07:05:28.675+0000] {dagbag.py:538} INFO - Filling up the DagBag from /home/airflow/.local/lib/python3.8/site-packages/airflow/example_dags/example_kubernetes_executor.py
[2026-04-23T07:05:28.693+0000] {processor.py:840} INFO - DAG(s) 'example_kubernetes_executor' retrieved from /home/airflow/.local/lib/python3.8/site-packages/airflow/example_dags/example_kubernetes_executor.py
[2026-04-23T07:05:28.745+0000] {logging_mixin.py:188} INFO - [2026-04-23T07:05:28.745+0000] {dag.py:3036} INFO - Sync 1 DAGs
[2026-04-23T07:05:28.762+0000] {logging_mixin.py:188} INFO - [2026-04-23T07:05:28.761+0000] {dag.py:3823} INFO - Setting next_dagrun for example_kubernetes_executor to None, run_after=None
[2026-04-23T07:05:28.784+0000] {processor.py:183} INFO - Processing /home/airflow/.local/lib/python3.8/site-packages/airflow/example_dags/example_kubernetes_executor.py took 0.125 seconds
[2026-04-23T07:05:59.316+0000] {processor.py:161} INFO - Started process (PID=13238) to work on /home/airflow/.local/lib/python3.8/site-packages/airflow/example_dags/example_kubernetes_executor.py
[2026-04-23T07:05:59.317+0000] {processor.py:830} INFO - Processing file /home/airflow/.local/lib/python3.8/site-packages/airflow/example_dags/example_kubernetes_executor.py for tasks to queue
[2026-04-23T07:05:59.319+0000] {logging_mixin.py:188} INFO - [2026-04-23T07:05:59.319+0000] {dagbag.py:538} INFO - Filling up the DagBag from /home/airflow/.local/lib/python3.8/site-packages/airflow/example_dags/example_kubernetes_executor.py
[2026-04-23T07:05:59.339+0000] {processor.py:840} INFO - DAG(s) 'example_kubernetes_executor' retrieved from /home/airflow/.local/lib/python3.8/site-packages/airflow/example_dags/example_kubernetes_executor.py
[2026-04-23T07:05:59.393+0000] {logging_mixin.py:188} INFO - [2026-04-23T07:05:59.393+0000] {dag.py:3036} INFO - Sync 1 DAGs
[2026-04-23T07:05:59.413+0000] {logging_mixin.py:188} INFO - [2026-04-23T07:05:59.412+0000] {dag.py:3823} INFO - Setting next_dagrun for example_kubernetes_executor to None, run_after=None
[2026-04-23T07:05:59.440+0000] {processor.py:183} INFO - Processing /home/airflow/.local/lib/python3.8/site-packages/airflow/example_dags/example_kubernetes_executor.py took 0.129 seconds
[2026-04-23T07:06:29.956+0000] {processor.py:161} INFO - Started process (PID=13293) to work on /home/airflow/.local/lib/python3.8/site-packages/airflow/example_dags/example_kubernetes_executor.py
[2026-04-23T07:06:29.957+0000] {processor.py:830} INFO - Processing file /home/airflow/.local/lib/python3.8/site-packages/airflow/example_dags/example_kubernetes_executor.py for tasks to queue
[2026-04-23T07:06:29.959+0000] {logging_mixin.py:188} INFO - [2026-04-23T07:06:29.959+0000] {dagbag.py:538} INFO - Filling up the DagBag from /home/airflow/.local/lib/python3.8/site-packages/airflow/example_dags/example_kubernetes_executor.py
[2026-04-23T07:06:29.980+0000] {processor.py:840} INFO - DAG(s) 'example_kubernetes_executor' retrieved from /home/airflow/.local/lib/python3.8/site-packages/airflow/example_dags/example_kubernetes_executor.py
[2026-04-23T07:06:30.037+0000] {logging_mixin.py:188} INFO - [2026-04-23T07:06:30.037+0000] {dag.py:3036} INFO - Sync 1 DAGs
[2026-04-23T07:06:30.056+0000] {logging_mixin.py:188} INFO - [2026-04-23T07:06:30.055+0000] {dag.py:3823} INFO - Setting next_dagrun for example_kubernetes_executor to None, run_after=None
[2026-04-23T07:06:30.092+0000] {processor.py:183} INFO - Processing /home/airflow/.local/lib/python3.8/site-packages/airflow/example_dags/example_kubernetes_executor.py took 0.141 seconds
[2026-04-23T07:07:00.462+0000] {processor.py:161} INFO - Started process (PID=13348) to work on /home/airflow/.local/lib/python3.8/site-packages/airflow/example_dags/example_kubernetes_executor.py
[2026-04-23T07:07:00.463+0000] {processor.py:830} INFO - Processing file /home/airflow/.local/lib/python3.8/site-packages/airflow/example_dags/example_kubernetes_executor.py for tasks to queue
[2026-04-23T07:07:00.465+0000] {logging_mixin.py:188} INFO - [2026-04-23T07:07:00.465+0000] {dagbag.py:538} INFO - Filling up the DagBag from /home/airflow/.local/lib/python3.8/site-packages/airflow/example_dags/example_kubernetes_executor.py
[2026-04-23T07:07:00.487+0000] {processor.py:840} INFO - DAG(s) 'example_kubernetes_executor' retrieved from /home/airflow/.local/lib/python3.8/site-packages/airflow/example_dags/example_kubernetes_executor.py
[2026-04-23T07:07:00.543+0000] {logging_mixin.py:188} INFO - [2026-04-23T07:07:00.543+0000] {dag.py:3036} INFO - Sync 1 DAGs
[2026-04-23T07:07:00.561+0000] {logging_mixin.py:188} INFO - [2026-04-23T07:07:00.561+0000] {dag.py:3823} INFO - Setting next_dagrun for example_kubernetes_executor to None, run_after=None
[2026-04-23T07:07:00.588+0000] {processor.py:183} INFO - Processing /home/airflow/.local/lib/python3.8/site-packages/airflow/example_dags/example_kubernetes_executor.py took 0.131 seconds
[2026-04-23T07:07:30.666+0000] {processor.py:161} INFO - Started process (PID=13402) to work on /home/airflow/.local/lib/python3.8/site-packages/airflow/example_dags/example_kubernetes_executor.py
[2026-04-23T07:07:30.679+0000] {processor.py:830} INFO - Processing file /home/airflow/.local/lib/python3.8/site-packages/airflow/example_dags/example_kubernetes_executor.py for tasks to queue
[2026-04-23T07:07:30.682+0000] {logging_mixin.py:188} INFO - [2026-04-23T07:07:30.681+0000] {dagbag.py:538} INFO - Filling up the DagBag from /home/airflow/.local/lib/python3.8/site-packages/airflow/example_dags/example_kubernetes_executor.py
[2026-04-23T07:07:30.719+0000] {processor.py:840} INFO - DAG(s) 'example_kubernetes_executor' retrieved from /home/airflow/.local/lib/python3.8/site-packages/airflow/example_dags/example_kubernetes_executor.py
[2026-04-23T07:07:30.810+0000] {logging_mixin.py:188} INFO - [2026-04-23T07:07:30.809+0000] {dag.py:3036} INFO - Sync 1 DAGs
[2026-04-23T07:07:30.841+0000] {logging_mixin.py:188} INFO - [2026-04-23T07:07:30.840+0000] {dag.py:3823} INFO - Setting next_dagrun for example_kubernetes_executor to None, run_after=None
[2026-04-23T07:07:30.879+0000] {processor.py:183} INFO - Processing /home/airflow/.local/lib/python3.8/site-packages/airflow/example_dags/example_kubernetes_executor.py took 0.218 seconds
[2026-04-23T07:08:01.439+0000] {processor.py:161} INFO - Started process (PID=13458) to work on /home/airflow/.local/lib/python3.8/site-packages/airflow/example_dags/example_kubernetes_executor.py
[2026-04-23T07:08:01.441+0000] {processor.py:830} INFO - Processing file /home/airflow/.local/lib/python3.8/site-packages/airflow/example_dags/example_kubernetes_executor.py for tasks to queue
[2026-04-23T07:08:01.443+0000] {logging_mixin.py:188} INFO - [2026-04-23T07:08:01.442+0000] {dagbag.py:538} INFO - Filling up the DagBag from /home/airflow/.local/lib/python3.8/site-packages/airflow/example_dags/example_kubernetes_executor.py
[2026-04-23T07:08:01.460+0000] {processor.py:840} INFO - DAG(s) 'example_kubernetes_executor' retrieved from /home/airflow/.local/lib/python3.8/site-packages/airflow/example_dags/example_kubernetes_executor.py
[2026-04-23T07:08:01.508+0000] {logging_mixin.py:188} INFO - [2026-04-23T07:08:01.508+0000] {dag.py:3036} INFO - Sync 1 DAGs
[2026-04-23T07:08:01.525+0000] {logging_mixin.py:188} INFO - [2026-04-23T07:08:01.525+0000] {dag.py:3823} INFO - Setting next_dagrun for example_kubernetes_executor to None, run_after=None
[2026-04-23T07:08:01.549+0000] {processor.py:183} INFO - Processing /home/airflow/.local/lib/python3.8/site-packages/airflow/example_dags/example_kubernetes_executor.py took 0.114 seconds
[2026-04-23T07:08:31.618+0000] {processor.py:161} INFO - Started process (PID=13510) to work on /home/airflow/.local/lib/python3.8/site-packages/airflow/example_dags/example_kubernetes_executor.py
[2026-04-23T07:08:31.619+0000] {processor.py:830} INFO - Processing file /home/airflow/.local/lib/python3.8/site-packages/airflow/example_dags/example_kubernetes_executor.py for tasks to queue
[2026-04-23T07:08:31.622+0000] {logging_mixin.py:188} INFO - [2026-04-23T07:08:31.621+0000] {dagbag.py:538} INFO - Filling up the DagBag from /home/airflow/.local/lib/python3.8/site-packages/airflow/example_dags/example_kubernetes_executor.py
[2026-04-23T07:08:31.642+0000] {processor.py:840} INFO - DAG(s) 'example_kubernetes_executor' retrieved from /home/airflow/.local/lib/python3.8/site-packages/airflow/example_dags/example_kubernetes_executor.py
[2026-04-23T07:08:31.696+0000] {logging_mixin.py:188} INFO - [2026-04-23T07:08:31.696+0000] {dag.py:3036} INFO - Sync 1 DAGs
[2026-04-23T07:08:31.715+0000] {logging_mixin.py:188} INFO - [2026-04-23T07:08:31.714+0000] {dag.py:3823} INFO - Setting next_dagrun for example_kubernetes_executor to None, run_after=None
[2026-04-23T07:08:31.741+0000] {processor.py:183} INFO - Processing /home/airflow/.local/lib/python3.8/site-packages/airflow/example_dags/example_kubernetes_executor.py took 0.129 seconds
[2026-04-23T07:09:02.304+0000] {processor.py:161} INFO - Started process (PID=13565) to work on /home/airflow/.local/lib/python3.8/site-packages/airflow/example_dags/example_kubernetes_executor.py
[2026-04-23T07:09:02.305+0000] {processor.py:830} INFO - Processing file /home/airflow/.local/lib/python3.8/site-packages/airflow/example_dags/example_kubernetes_executor.py for tasks to queue
[2026-04-23T07:09:02.307+0000] {logging_mixin.py:188} INFO - [2026-04-23T07:09:02.307+0000] {dagbag.py:538} INFO - Filling up the DagBag from /home/airflow/.local/lib/python3.8/site-packages/airflow/example_dags/example_kubernetes_executor.py
[2026-04-23T07:09:02.325+0000] {processor.py:840} INFO - DAG(s) 'example_kubernetes_executor' retrieved from /home/airflow/.local/lib/python3.8/site-packages/airflow/example_dags/example_kubernetes_executor.py
[2026-04-23T07:09:02.378+0000] {logging_mixin.py:188} INFO - [2026-04-23T07:09:02.378+0000] {dag.py:3036} INFO - Sync 1 DAGs
[2026-04-23T07:09:02.398+0000] {logging_mixin.py:188} INFO - [2026-04-23T07:09:02.398+0000] {dag.py:3823} INFO - Setting next_dagrun for example_kubernetes_executor to None, run_after=None
[2026-04-23T07:09:02.422+0000] {processor.py:183} INFO - Processing /home/airflow/.local/lib/python3.8/site-packages/airflow/example_dags/example_kubernetes_executor.py took 0.122 seconds
[2026-04-23T07:09:32.521+0000] {processor.py:161} INFO - Started process (PID=13620) to work on /home/airflow/.local/lib/python3.8/site-packages/airflow/example_dags/example_kubernetes_executor.py
[2026-04-23T07:09:32.531+0000] {processor.py:830} INFO - Processing file /home/airflow/.local/lib/python3.8/site-packages/airflow/example_dags/example_kubernetes_executor.py for tasks to queue
[2026-04-23T07:09:32.533+0000] {logging_mixin.py:188} INFO - [2026-04-23T07:09:32.533+0000] {dagbag.py:538} INFO - Filling up the DagBag from /home/airflow/.local/lib/python3.8/site-packages/airflow/example_dags/example_kubernetes_executor.py
[2026-04-23T07:09:32.551+0000] {processor.py:840} INFO - DAG(s) 'example_kubernetes_executor' retrieved from /home/airflow/.local/lib/python3.8/site-packages/airflow/example_dags/example_kubernetes_executor.py
[2026-04-23T07:09:32.609+0000] {logging_mixin.py:188} INFO - [2026-04-23T07:09:32.609+0000] {dag.py:3036} INFO - Sync 1 DAGs
[2026-04-23T07:09:32.625+0000] {logging_mixin.py:188} INFO - [2026-04-23T07:09:32.625+0000] {dag.py:3823} INFO - Setting next_dagrun for example_kubernetes_executor to None, run_after=None
[2026-04-23T07:09:32.655+0000] {processor.py:183} INFO - Processing /home/airflow/.local/lib/python3.8/site-packages/airflow/example_dags/example_kubernetes_executor.py took 0.138 seconds
[2026-04-23T07:10:03.511+0000] {processor.py:161} INFO - Started process (PID=13675) to work on /home/airflow/.local/lib/python3.8/site-packages/airflow/example_dags/example_kubernetes_executor.py
[2026-04-23T07:10:03.520+0000] {processor.py:830} INFO - Processing file /home/airflow/.local/lib/python3.8/site-packages/airflow/example_dags/example_kubernetes_executor.py for tasks to queue
[2026-04-23T07:10:03.523+0000] {logging_mixin.py:188} INFO - [2026-04-23T07:10:03.522+0000] {dagbag.py:538} INFO - Filling up the DagBag from /home/airflow/.local/lib/python3.8/site-packages/airflow/example_dags/example_kubernetes_executor.py
[2026-04-23T07:10:03.540+0000] {processor.py:840} INFO - DAG(s) 'example_kubernetes_executor' retrieved from /home/airflow/.local/lib/python3.8/site-packages/airflow/example_dags/example_kubernetes_executor.py
[2026-04-23T07:10:03.588+0000] {logging_mixin.py:188} INFO - [2026-04-23T07:10:03.587+0000] {dag.py:3036} INFO - Sync 1 DAGs
[2026-04-23T07:10:03.605+0000] {logging_mixin.py:188} INFO - [2026-04-23T07:10:03.604+0000] {dag.py:3823} INFO - Setting next_dagrun for example_kubernetes_executor to None, run_after=None
[2026-04-23T07:10:03.628+0000] {processor.py:183} INFO - Processing /home/airflow/.local/lib/python3.8/site-packages/airflow/example_dags/example_kubernetes_executor.py took 0.122 seconds
[2026-04-23T07:10:34.334+0000] {processor.py:161} INFO - Started process (PID=13730) to work on /home/airflow/.local/lib/python3.8/site-packages/airflow/example_dags/example_kubernetes_executor.py
[2026-04-23T07:10:34.335+0000] {processor.py:830} INFO - Processing file /home/airflow/.local/lib/python3.8/site-packages/airflow/example_dags/example_kubernetes_executor.py for tasks to queue
[2026-04-23T07:10:34.337+0000] {logging_mixin.py:188} INFO - [2026-04-23T07:10:34.337+0000] {dagbag.py:538} INFO - Filling up the DagBag from /home/airflow/.local/lib/python3.8/site-packages/airflow/example_dags/example_kubernetes_executor.py
[2026-04-23T07:10:34.357+0000] {processor.py:840} INFO - DAG(s) 'example_kubernetes_executor' retrieved from /home/airflow/.local/lib/python3.8/site-packages/airflow/example_dags/example_kubernetes_executor.py
[2026-04-23T07:10:34.405+0000] {logging_mixin.py:188} INFO - [2026-04-23T07:10:34.405+0000] {dag.py:3036} INFO - Sync 1 DAGs
[2026-04-23T07:10:34.423+0000] {logging_mixin.py:188} INFO - [2026-04-23T07:10:34.423+0000] {dag.py:3823} INFO - Setting next_dagrun for example_kubernetes_executor to None, run_after=None
[2026-04-23T07:10:34.445+0000] {processor.py:183} INFO - Processing /home/airflow/.local/lib/python3.8/site-packages/airflow/example_dags/example_kubernetes_executor.py took 0.116 seconds
[2026-04-23T07:11:05.151+0000] {processor.py:161} INFO - Started process (PID=13785) to work on /home/airflow/.local/lib/python3.8/site-packages/airflow/example_dags/example_kubernetes_executor.py
[2026-04-23T07:11:05.160+0000] {processor.py:830} INFO - Processing file /home/airflow/.local/lib/python3.8/site-packages/airflow/example_dags/example_kubernetes_executor.py for tasks to queue
[2026-04-23T07:11:05.163+0000] {logging_mixin.py:188} INFO - [2026-04-23T07:11:05.162+0000] {dagbag.py:538} INFO - Filling up the DagBag from /home/airflow/.local/lib/python3.8/site-packages/airflow/example_dags/example_kubernetes_executor.py
[2026-04-23T07:11:05.182+0000] {processor.py:840} INFO - DAG(s) 'example_kubernetes_executor' retrieved from /home/airflow/.local/lib/python3.8/site-packages/airflow/example_dags/example_kubernetes_executor.py
[2026-04-23T07:11:05.237+0000] {logging_mixin.py:188} INFO - [2026-04-23T07:11:05.237+0000] {dag.py:3036} INFO - Sync 1 DAGs
[2026-04-23T07:11:05.258+0000] {logging_mixin.py:188} INFO - [2026-04-23T07:11:05.257+0000] {dag.py:3823} INFO - Setting next_dagrun for example_kubernetes_executor to None, run_after=None
[2026-04-23T07:11:05.287+0000] {processor.py:183} INFO - Processing /home/airflow/.local/lib/python3.8/site-packages/airflow/example_dags/example_kubernetes_executor.py took 0.141 seconds
[2026-04-23T07:11:35.323+0000] {processor.py:161} INFO - Started process (PID=13840) to work on /home/airflow/.local/lib/python3.8/site-packages/airflow/example_dags/example_kubernetes_executor.py
[2026-04-23T07:11:35.325+0000] {processor.py:830} INFO - Processing file /home/airflow/.local/lib/python3.8/site-packages/airflow/example_dags/example_kubernetes_executor.py for tasks to queue
[2026-04-23T07:11:35.327+0000] {logging_mixin.py:188} INFO - [2026-04-23T07:11:35.327+0000] {dagbag.py:538} INFO - Filling up the DagBag from /home/airflow/.local/lib/python3.8/site-packages/airflow/example_dags/example_kubernetes_executor.py
[2026-04-23T07:11:35.346+0000] {processor.py:840} INFO - DAG(s) 'example_kubernetes_executor' retrieved from /home/airflow/.local/lib/python3.8/site-packages/airflow/example_dags/example_kubernetes_executor.py
[2026-04-23T07:11:35.400+0000] {logging_mixin.py:188} INFO - [2026-04-23T07:11:35.400+0000] {dag.py:3036} INFO - Sync 1 DAGs
[2026-04-23T07:11:35.419+0000] {logging_mixin.py:188} INFO - [2026-04-23T07:11:35.418+0000] {dag.py:3823} INFO - Setting next_dagrun for example_kubernetes_executor to None, run_after=None
[2026-04-23T07:11:35.443+0000] {processor.py:183} INFO - Processing /home/airflow/.local/lib/python3.8/site-packages/airflow/example_dags/example_kubernetes_executor.py took 0.125 seconds
[2026-04-23T07:12:05.749+0000] {processor.py:161} INFO - Started process (PID=13895) to work on /home/airflow/.local/lib/python3.8/site-packages/airflow/example_dags/example_kubernetes_executor.py
[2026-04-23T07:12:05.750+0000] {processor.py:830} INFO - Processing file /home/airflow/.local/lib/python3.8/site-packages/airflow/example_dags/example_kubernetes_executor.py for tasks to queue
[2026-04-23T07:12:05.752+0000] {logging_mixin.py:188} INFO - [2026-04-23T07:12:05.752+0000] {dagbag.py:538} INFO - Filling up the DagBag from /home/airflow/.local/lib/python3.8/site-packages/airflow/example_dags/example_kubernetes_executor.py
[2026-04-23T07:12:05.769+0000] {processor.py:840} INFO - DAG(s) 'example_kubernetes_executor' retrieved from /home/airflow/.local/lib/python3.8/site-packages/airflow/example_dags/example_kubernetes_executor.py
[2026-04-23T07:12:05.818+0000] {logging_mixin.py:188} INFO - [2026-04-23T07:12:05.817+0000] {dag.py:3036} INFO - Sync 1 DAGs
[2026-04-23T07:12:05.835+0000] {logging_mixin.py:188} INFO - [2026-04-23T07:12:05.835+0000] {dag.py:3823} INFO - Setting next_dagrun for example_kubernetes_executor to None, run_after=None
[2026-04-23T07:12:05.859+0000] {processor.py:183} INFO - Processing /home/airflow/.local/lib/python3.8/site-packages/airflow/example_dags/example_kubernetes_executor.py took 0.114 seconds
[2026-04-23T07:12:36.029+0000] {processor.py:161} INFO - Started process (PID=13950) to work on /home/airflow/.local/lib/python3.8/site-packages/airflow/example_dags/example_kubernetes_executor.py
[2026-04-23T07:12:36.031+0000] {processor.py:830} INFO - Processing file /home/airflow/.local/lib/python3.8/site-packages/airflow/example_dags/example_kubernetes_executor.py for tasks to queue
[2026-04-23T07:12:36.034+0000] {logging_mixin.py:188} INFO - [2026-04-23T07:12:36.033+0000] {dagbag.py:538} INFO - Filling up the DagBag from /home/airflow/.local/lib/python3.8/site-packages/airflow/example_dags/example_kubernetes_executor.py
[2026-04-23T07:12:36.055+0000] {processor.py:840} INFO - DAG(s) 'example_kubernetes_executor' retrieved from /home/airflow/.local/lib/python3.8/site-packages/airflow/example_dags/example_kubernetes_executor.py
[2026-04-23T07:12:36.116+0000] {logging_mixin.py:188} INFO - [2026-04-23T07:12:36.116+0000] {dag.py:3036} INFO - Sync 1 DAGs
[2026-04-23T07:12:36.136+0000] {logging_mixin.py:188} INFO - [2026-04-23T07:12:36.136+0000] {dag.py:3823} INFO - Setting next_dagrun for example_kubernetes_executor to None, run_after=None
[2026-04-23T07:12:36.168+0000] {processor.py:183} INFO - Processing /home/airflow/.local/lib/python3.8/site-packages/airflow/example_dags/example_kubernetes_executor.py took 0.144 seconds
[2026-04-23T07:13:06.209+0000] {processor.py:161} INFO - Started process (PID=14005) to work on /home/airflow/.local/lib/python3.8/site-packages/airflow/example_dags/example_kubernetes_executor.py
[2026-04-23T07:13:06.219+0000] {processor.py:830} INFO - Processing file /home/airflow/.local/lib/python3.8/site-packages/airflow/example_dags/example_kubernetes_executor.py for tasks to queue
[2026-04-23T07:13:06.221+0000] {logging_mixin.py:188} INFO - [2026-04-23T07:13:06.221+0000] {dagbag.py:538} INFO - Filling up the DagBag from /home/airflow/.local/lib/python3.8/site-packages/airflow/example_dags/example_kubernetes_executor.py
[2026-04-23T07:13:06.239+0000] {processor.py:840} INFO - DAG(s) 'example_kubernetes_executor' retrieved from /home/airflow/.local/lib/python3.8/site-packages/airflow/example_dags/example_kubernetes_executor.py
[2026-04-23T07:13:06.286+0000] {logging_mixin.py:188} INFO - [2026-04-23T07:13:06.286+0000] {dag.py:3036} INFO - Sync 1 DAGs
[2026-04-23T07:13:06.302+0000] {logging_mixin.py:188} INFO - [2026-04-23T07:13:06.302+0000] {dag.py:3823} INFO - Setting next_dagrun for example_kubernetes_executor to None, run_after=None
[2026-04-23T07:13:06.325+0000] {processor.py:183} INFO - Processing /home/airflow/.local/lib/python3.8/site-packages/airflow/example_dags/example_kubernetes_executor.py took 0.120 seconds
[2026-04-23T07:13:36.447+0000] {processor.py:161} INFO - Started process (PID=14060) to work on /home/airflow/.local/lib/python3.8/site-packages/airflow/example_dags/example_kubernetes_executor.py
[2026-04-23T07:13:36.457+0000] {processor.py:830} INFO - Processing file /home/airflow/.local/lib/python3.8/site-packages/airflow/example_dags/example_kubernetes_executor.py for tasks to queue
[2026-04-23T07:13:36.459+0000] {logging_mixin.py:188} INFO - [2026-04-23T07:13:36.459+0000] {dagbag.py:538} INFO - Filling up the DagBag from /home/airflow/.local/lib/python3.8/site-packages/airflow/example_dags/example_kubernetes_executor.py
[2026-04-23T07:13:36.476+0000] {processor.py:840} INFO - DAG(s) 'example_kubernetes_executor' retrieved from /home/airflow/.local/lib/python3.8/site-packages/airflow/example_dags/example_kubernetes_executor.py
[2026-04-23T07:13:36.526+0000] {logging_mixin.py:188} INFO - [2026-04-23T07:13:36.526+0000] {dag.py:3036} INFO - Sync 1 DAGs
[2026-04-23T07:13:36.542+0000] {logging_mixin.py:188} INFO - [2026-04-23T07:13:36.542+0000] {dag.py:3823} INFO - Setting next_dagrun for example_kubernetes_executor to None, run_after=None
[2026-04-23T07:13:36.565+0000] {processor.py:183} INFO - Processing /home/airflow/.local/lib/python3.8/site-packages/airflow/example_dags/example_kubernetes_executor.py took 0.123 seconds
[2026-04-23T07:14:06.735+0000] {processor.py:161} INFO - Started process (PID=14115) to work on /home/airflow/.local/lib/python3.8/site-packages/airflow/example_dags/example_kubernetes_executor.py
[2026-04-23T07:14:06.745+0000] {processor.py:830} INFO - Processing file /home/airflow/.local/lib/python3.8/site-packages/airflow/example_dags/example_kubernetes_executor.py for tasks to queue
[2026-04-23T07:14:06.747+0000] {logging_mixin.py:188} INFO - [2026-04-23T07:14:06.747+0000] {dagbag.py:538} INFO - Filling up the DagBag from /home/airflow/.local/lib/python3.8/site-packages/airflow/example_dags/example_kubernetes_executor.py
[2026-04-23T07:14:06.768+0000] {processor.py:840} INFO - DAG(s) 'example_kubernetes_executor' retrieved from /home/airflow/.local/lib/python3.8/site-packages/airflow/example_dags/example_kubernetes_executor.py
[2026-04-23T07:14:06.816+0000] {logging_mixin.py:188} INFO - [2026-04-23T07:14:06.816+0000] {dag.py:3036} INFO - Sync 1 DAGs
[2026-04-23T07:14:06.834+0000] {logging_mixin.py:188} INFO - [2026-04-23T07:14:06.834+0000] {dag.py:3823} INFO - Setting next_dagrun for example_kubernetes_executor to None, run_after=None
[2026-04-23T07:14:06.856+0000] {processor.py:183} INFO - Processing /home/airflow/.local/lib/python3.8/site-packages/airflow/example_dags/example_kubernetes_executor.py took 0.125 seconds
[2026-04-23T07:14:37.084+0000] {processor.py:161} INFO - Started process (PID=14170) to work on /home/airflow/.local/lib/python3.8/site-packages/airflow/example_dags/example_kubernetes_executor.py
[2026-04-23T07:14:37.094+0000] {processor.py:830} INFO - Processing file /home/airflow/.local/lib/python3.8/site-packages/airflow/example_dags/example_kubernetes_executor.py for tasks to queue
[2026-04-23T07:14:37.096+0000] {logging_mixin.py:188} INFO - [2026-04-23T07:14:37.096+0000] {dagbag.py:538} INFO - Filling up the DagBag from /home/airflow/.local/lib/python3.8/site-packages/airflow/example_dags/example_kubernetes_executor.py
[2026-04-23T07:14:37.113+0000] {processor.py:840} INFO - DAG(s) 'example_kubernetes_executor' retrieved from /home/airflow/.local/lib/python3.8/site-packages/airflow/example_dags/example_kubernetes_executor.py
[2026-04-23T07:14:37.161+0000] {logging_mixin.py:188} INFO - [2026-04-23T07:14:37.160+0000] {dag.py:3036} INFO - Sync 1 DAGs
[2026-04-23T07:14:37.179+0000] {logging_mixin.py:188} INFO - [2026-04-23T07:14:37.179+0000] {dag.py:3823} INFO - Setting next_dagrun for example_kubernetes_executor to None, run_after=None
[2026-04-23T07:14:37.204+0000] {processor.py:183} INFO - Processing /home/airflow/.local/lib/python3.8/site-packages/airflow/example_dags/example_kubernetes_executor.py took 0.124 seconds
[2026-04-23T07:15:07.252+0000] {processor.py:161} INFO - Started process (PID=14225) to work on /home/airflow/.local/lib/python3.8/site-packages/airflow/example_dags/example_kubernetes_executor.py
[2026-04-23T07:15:07.262+0000] {processor.py:830} INFO - Processing file /home/airflow/.local/lib/python3.8/site-packages/airflow/example_dags/example_kubernetes_executor.py for tasks to queue
[2026-04-23T07:15:07.264+0000] {logging_mixin.py:188} INFO - [2026-04-23T07:15:07.264+0000] {dagbag.py:538} INFO - Filling up the DagBag from /home/airflow/.local/lib/python3.8/site-packages/airflow/example_dags/example_kubernetes_executor.py
[2026-04-23T07:15:07.284+0000] {processor.py:840} INFO - DAG(s) 'example_kubernetes_executor' retrieved from /home/airflow/.local/lib/python3.8/site-packages/airflow/example_dags/example_kubernetes_executor.py
[2026-04-23T07:15:07.334+0000] {logging_mixin.py:188} INFO - [2026-04-23T07:15:07.334+0000] {dag.py:3036} INFO - Sync 1 DAGs
[2026-04-23T07:15:07.350+0000] {logging_mixin.py:188} INFO - [2026-04-23T07:15:07.350+0000] {dag.py:3823} INFO - Setting next_dagrun for example_kubernetes_executor to None, run_after=None
[2026-04-23T07:15:07.373+0000] {processor.py:183} INFO - Processing /home/airflow/.local/lib/python3.8/site-packages/airflow/example_dags/example_kubernetes_executor.py took 0.125 seconds
[2026-04-23T07:15:37.629+0000] {processor.py:161} INFO - Started process (PID=14280) to work on /home/airflow/.local/lib/python3.8/site-packages/airflow/example_dags/example_kubernetes_executor.py
[2026-04-23T07:15:37.638+0000] {processor.py:830} INFO - Processing file /home/airflow/.local/lib/python3.8/site-packages/airflow/example_dags/example_kubernetes_executor.py for tasks to queue
[2026-04-23T07:15:37.641+0000] {logging_mixin.py:188} INFO - [2026-04-23T07:15:37.640+0000] {dagbag.py:538} INFO - Filling up the DagBag from /home/airflow/.local/lib/python3.8/site-packages/airflow/example_dags/example_kubernetes_executor.py
[2026-04-23T07:15:37.660+0000] {processor.py:840} INFO - DAG(s) 'example_kubernetes_executor' retrieved from /home/airflow/.local/lib/python3.8/site-packages/airflow/example_dags/example_kubernetes_executor.py
[2026-04-23T07:15:37.713+0000] {logging_mixin.py:188} INFO - [2026-04-23T07:15:37.712+0000] {dag.py:3036} INFO - Sync 1 DAGs
[2026-04-23T07:15:37.733+0000] {logging_mixin.py:188} INFO - [2026-04-23T07:15:37.732+0000] {dag.py:3823} INFO - Setting next_dagrun for example_kubernetes_executor to None, run_after=None
[2026-04-23T07:15:37.760+0000] {processor.py:183} INFO - Processing /home/airflow/.local/lib/python3.8/site-packages/airflow/example_dags/example_kubernetes_executor.py took 0.137 seconds
[2026-04-23T07:16:07.818+0000] {processor.py:161} INFO - Started process (PID=14335) to work on /home/airflow/.local/lib/python3.8/site-packages/airflow/example_dags/example_kubernetes_executor.py
[2026-04-23T07:16:07.827+0000] {processor.py:830} INFO - Processing file /home/airflow/.local/lib/python3.8/site-packages/airflow/example_dags/example_kubernetes_executor.py for tasks to queue
[2026-04-23T07:16:07.829+0000] {logging_mixin.py:188} INFO - [2026-04-23T07:16:07.829+0000] {dagbag.py:538} INFO - Filling up the DagBag from /home/airflow/.local/lib/python3.8/site-packages/airflow/example_dags/example_kubernetes_executor.py
[2026-04-23T07:16:07.847+0000] {processor.py:840} INFO - DAG(s) 'example_kubernetes_executor' retrieved from /home/airflow/.local/lib/python3.8/site-packages/airflow/example_dags/example_kubernetes_executor.py
[2026-04-23T07:16:07.894+0000] {logging_mixin.py:188} INFO - [2026-04-23T07:16:07.894+0000] {dag.py:3036} INFO - Sync 1 DAGs
[2026-04-23T07:16:07.910+0000] {logging_mixin.py:188} INFO - [2026-04-23T07:16:07.910+0000] {dag.py:3823} INFO - Setting next_dagrun for example_kubernetes_executor to None, run_after=None
[2026-04-23T07:16:07.932+0000] {processor.py:183} INFO - Processing /home/airflow/.local/lib/python3.8/site-packages/airflow/example_dags/example_kubernetes_executor.py took 0.119 seconds
[2026-04-23T07:16:38.101+0000] {processor.py:161} INFO - Started process (PID=14390) to work on /home/airflow/.local/lib/python3.8/site-packages/airflow/example_dags/example_kubernetes_executor.py
[2026-04-23T07:16:38.102+0000] {processor.py:830} INFO - Processing file /home/airflow/.local/lib/python3.8/site-packages/airflow/example_dags/example_kubernetes_executor.py for tasks to queue
[2026-04-23T07:16:38.104+0000] {logging_mixin.py:188} INFO - [2026-04-23T07:16:38.104+0000] {dagbag.py:538} INFO - Filling up the DagBag from /home/airflow/.local/lib/python3.8/site-packages/airflow/example_dags/example_kubernetes_executor.py
[2026-04-23T07:16:38.123+0000] {processor.py:840} INFO - DAG(s) 'example_kubernetes_executor' retrieved from /home/airflow/.local/lib/python3.8/site-packages/airflow/example_dags/example_kubernetes_executor.py
[2026-04-23T07:16:38.174+0000] {logging_mixin.py:188} INFO - [2026-04-23T07:16:38.174+0000] {dag.py:3036} INFO - Sync 1 DAGs
[2026-04-23T07:16:38.191+0000] {logging_mixin.py:188} INFO - [2026-04-23T07:16:38.190+0000] {dag.py:3823} INFO - Setting next_dagrun for example_kubernetes_executor to None, run_after=None
[2026-04-23T07:16:38.215+0000] {processor.py:183} INFO - Processing /home/airflow/.local/lib/python3.8/site-packages/airflow/example_dags/example_kubernetes_executor.py took 0.119 seconds
[2026-04-23T07:17:08.356+0000] {processor.py:161} INFO - Started process (PID=14445) to work on /home/airflow/.local/lib/python3.8/site-packages/airflow/example_dags/example_kubernetes_executor.py
[2026-04-23T07:17:08.357+0000] {processor.py:830} INFO - Processing file /home/airflow/.local/lib/python3.8/site-packages/airflow/example_dags/example_kubernetes_executor.py for tasks to queue
[2026-04-23T07:17:08.359+0000] {logging_mixin.py:188} INFO - [2026-04-23T07:17:08.359+0000] {dagbag.py:538} INFO - Filling up the DagBag from /home/airflow/.local/lib/python3.8/site-packages/airflow/example_dags/example_kubernetes_executor.py
[2026-04-23T07:17:08.377+0000] {processor.py:840} INFO - DAG(s) 'example_kubernetes_executor' retrieved from /home/airflow/.local/lib/python3.8/site-packages/airflow/example_dags/example_kubernetes_executor.py
[2026-04-23T07:17:08.425+0000] {logging_mixin.py:188} INFO - [2026-04-23T07:17:08.425+0000] {dag.py:3036} INFO - Sync 1 DAGs
[2026-04-23T07:17:08.442+0000] {logging_mixin.py:188} INFO - [2026-04-23T07:17:08.442+0000] {dag.py:3823} INFO - Setting next_dagrun for example_kubernetes_executor to None, run_after=None
[2026-04-23T07:17:08.466+0000] {processor.py:183} INFO - Processing /home/airflow/.local/lib/python3.8/site-packages/airflow/example_dags/example_kubernetes_executor.py took 0.115 seconds
[2026-04-23T07:17:38.544+0000] {processor.py:161} INFO - Started process (PID=14500) to work on /home/airflow/.local/lib/python3.8/site-packages/airflow/example_dags/example_kubernetes_executor.py
[2026-04-23T07:17:38.554+0000] {processor.py:830} INFO - Processing file /home/airflow/.local/lib/python3.8/site-packages/airflow/example_dags/example_kubernetes_executor.py for tasks to queue
[2026-04-23T07:17:38.557+0000] {logging_mixin.py:188} INFO - [2026-04-23T07:17:38.556+0000] {dagbag.py:538} INFO - Filling up the DagBag from /home/airflow/.local/lib/python3.8/site-packages/airflow/example_dags/example_kubernetes_executor.py
[2026-04-23T07:17:38.577+0000] {processor.py:840} INFO - DAG(s) 'example_kubernetes_executor' retrieved from /home/airflow/.local/lib/python3.8/site-packages/airflow/example_dags/example_kubernetes_executor.py
[2026-04-23T07:17:38.632+0000] {logging_mixin.py:188} INFO - [2026-04-23T07:17:38.632+0000] {dag.py:3036} INFO - Sync 1 DAGs
[2026-04-23T07:17:38.650+0000] {logging_mixin.py:188} INFO - [2026-04-23T07:17:38.650+0000] {dag.py:3823} INFO - Setting next_dagrun for example_kubernetes_executor to None, run_after=None
[2026-04-23T07:17:38.679+0000] {processor.py:183} INFO - Processing /home/airflow/.local/lib/python3.8/site-packages/airflow/example_dags/example_kubernetes_executor.py took 0.140 seconds
[2026-04-23T07:18:08.741+0000] {processor.py:161} INFO - Started process (PID=14555) to work on /home/airflow/.local/lib/python3.8/site-packages/airflow/example_dags/example_kubernetes_executor.py
[2026-04-23T07:18:08.751+0000] {processor.py:830} INFO - Processing file /home/airflow/.local/lib/python3.8/site-packages/airflow/example_dags/example_kubernetes_executor.py for tasks to queue
[2026-04-23T07:18:08.754+0000] {logging_mixin.py:188} INFO - [2026-04-23T07:18:08.754+0000] {dagbag.py:538} INFO - Filling up the DagBag from /home/airflow/.local/lib/python3.8/site-packages/airflow/example_dags/example_kubernetes_executor.py
[2026-04-23T07:18:08.774+0000] {processor.py:840} INFO - DAG(s) 'example_kubernetes_executor' retrieved from /home/airflow/.local/lib/python3.8/site-packages/airflow/example_dags/example_kubernetes_executor.py
[2026-04-23T07:18:08.826+0000] {logging_mixin.py:188} INFO - [2026-04-23T07:18:08.825+0000] {dag.py:3036} INFO - Sync 1 DAGs
[2026-04-23T07:18:08.844+0000] {logging_mixin.py:188} INFO - [2026-04-23T07:18:08.844+0000] {dag.py:3823} INFO - Setting next_dagrun for example_kubernetes_executor to None, run_after=None
[2026-04-23T07:18:08.871+0000] {processor.py:183} INFO - Processing /home/airflow/.local/lib/python3.8/site-packages/airflow/example_dags/example_kubernetes_executor.py took 0.135 seconds
[2026-04-23T07:18:38.970+0000] {processor.py:161} INFO - Started process (PID=14610) to work on /home/airflow/.local/lib/python3.8/site-packages/airflow/example_dags/example_kubernetes_executor.py
[2026-04-23T07:18:38.972+0000] {processor.py:830} INFO - Processing file /home/airflow/.local/lib/python3.8/site-packages/airflow/example_dags/example_kubernetes_executor.py for tasks to queue
[2026-04-23T07:18:38.974+0000] {logging_mixin.py:188} INFO - [2026-04-23T07:18:38.973+0000] {dagbag.py:538} INFO - Filling up the DagBag from /home/airflow/.local/lib/python3.8/site-packages/airflow/example_dags/example_kubernetes_executor.py
[2026-04-23T07:18:38.991+0000] {processor.py:840} INFO - DAG(s) 'example_kubernetes_executor' retrieved from /home/airflow/.local/lib/python3.8/site-packages/airflow/example_dags/example_kubernetes_executor.py
[2026-04-23T07:18:39.043+0000] {logging_mixin.py:188} INFO - [2026-04-23T07:18:39.042+0000] {dag.py:3036} INFO - Sync 1 DAGs
[2026-04-23T07:18:39.060+0000] {logging_mixin.py:188} INFO - [2026-04-23T07:18:39.059+0000] {dag.py:3823} INFO - Setting next_dagrun for example_kubernetes_executor to None, run_after=None
[2026-04-23T07:18:39.083+0000] {processor.py:183} INFO - Processing /home/airflow/.local/lib/python3.8/site-packages/airflow/example_dags/example_kubernetes_executor.py took 0.117 seconds
[2026-04-23T07:19:09.416+0000] {processor.py:161} INFO - Started process (PID=14665) to work on /home/airflow/.local/lib/python3.8/site-packages/airflow/example_dags/example_kubernetes_executor.py
[2026-04-23T07:19:09.425+0000] {processor.py:830} INFO - Processing file /home/airflow/.local/lib/python3.8/site-packages/airflow/example_dags/example_kubernetes_executor.py for tasks to queue
[2026-04-23T07:19:09.428+0000] {logging_mixin.py:188} INFO - [2026-04-23T07:19:09.427+0000] {dagbag.py:538} INFO - Filling up the DagBag from /home/airflow/.local/lib/python3.8/site-packages/airflow/example_dags/example_kubernetes_executor.py
[2026-04-23T07:19:09.445+0000] {processor.py:840} INFO - DAG(s) 'example_kubernetes_executor' retrieved from /home/airflow/.local/lib/python3.8/site-packages/airflow/example_dags/example_kubernetes_executor.py
[2026-04-23T07:19:09.495+0000] {logging_mixin.py:188} INFO - [2026-04-23T07:19:09.495+0000] {dag.py:3036} INFO - Sync 1 DAGs
[2026-04-23T07:19:09.512+0000] {logging_mixin.py:188} INFO - [2026-04-23T07:19:09.512+0000] {dag.py:3823} INFO - Setting next_dagrun for example_kubernetes_executor to None, run_after=None
[2026-04-23T07:19:09.537+0000] {processor.py:183} INFO - Processing /home/airflow/.local/lib/python3.8/site-packages/airflow/example_dags/example_kubernetes_executor.py took 0.125 seconds
